openTime,open,high,low,close,volume,closeTime
1731916800000,0.060933,0.0665,0.059738,0.0627,3.92001074816143E7,1731945599999
1731945600000,0.063049,0.0645,0.05966,0.061107,1.550144067241999E7,1731974399999
1731974400000,0.0615,0.068797,0.0615,0.064566,9450839.33936176,1732003199999
1732003200000,0.06433,0.06454,0.06,0.060408,5054048.37289366,1732031999999
1732032000000,0.060408,0.062168,0.058986,0.060288,4296165.18265895,1732060799999
1732060800000,0.060285,0.061273,0.056141,0.057316,2568114.95959385,1732089599999
1732089600000,0.057131,0.058154,0.056014,0.057121,2394719.73161258,1732118399999
1732118400000,0.057328,0.057349,0.054791,0.056095,2846392.68756055,1732147199999
1732147200000,0.056039,0.059176,0.0546,0.055856,1633842.98520857,1732175999999
1732176000000,0.056166,0.058128,0.054628,0.056876,1658992.75156014,1732204799999
1732204800000,0.056937,0.058136,0.056204,0.057267,2409325.3736474,1732233599999
1732233600000,0.057206,0.057206,0.055445,0.055445,927403.07851457,1732262399999
1732262400000,0.055446,0.056103,0.053769,0.05549,3880342.25936027,1732291199999
1732291200000,0.055393,0.056557,0.054773,0.056557,1815437.25530504,1732319999999
1732320000000,0.056564,0.056564,0.05527,0.056356,1845933.33302,1732348799999
1732348800000,0.056298,0.059879,0.056269,0.05889,2388858.65648779,1732377599999
1732377600000,0.058804,0.059124,0.055545,0.056398,1502905.36035303,1732406399999
1732406400000,0.05655,0.058889,0.05655,0.05849,674236.46330146,1732435199999
1732435200000,0.058441,0.058691,0.053195,0.054,4483338.87674545,1732463999999
1732464000000,0.054004,0.058326,0.053807,0.058174,1204948.51643814,1732492799999
1732492800000,0.058003,0.058311,0.056181,0.057123,770114.54782639,1732521599999
1732521600000,0.057156,0.058343,0.054872,0.057552,1461043.48741329,1732550399999
1732550400000,0.057438,0.058083,0.054767,0.056442,859871.70506831,1732579199999
1732579200000,0.056396,0.057911,0.05593,0.056674,805646.01866616,1732607999999
1732608000000,0.05646,0.05646,0.052512,0.054296,4317110.09810071,1732636799999
1732636800000,0.054535,0.055854,0.053497,0.055674,1729878.68900679,1732665599999
1732665600000,0.055531,0.056894,0.054663,0.056894,481887.74431937,1732694399999
1732694400000,0.056891,0.057775,0.055768,0.057686,1262073.59528825,1732723199999
1732723200000,0.057795,0.058042,0.056617,0.057727,1514997.63568789,1732751999999
1732752000000,0.057754,0.063934,0.057287,0.061429,2873598.44411491,1732780799999
1732780800000,0.061308,0.065091,0.060318,0.065032,2433384.04199916,1732809599999
1732809600000,0.064835,0.068924,0.063278,0.063506,7215474.48064604,1732838399999
1732838400000,0.062641,0.06519,0.060923,0.061267,1258269.20321431,1732867199999
1732867200000,0.061332,0.062633,0.061183,0.061836,1295239.99849969,1732895999999
1732896000000,0.06225,0.062741,0.061664,0.062412,1861010.73260788,1732924799999
1732924800000,0.062414,0.0635,0.061238,0.062043,655113.99053253,1732953599999
1732953600000,0.062108,0.066601,0.061302,0.066572,2647477.83363033,1732982399999
1732982400000,0.066615,0.073927,0.065699,0.072084,4753726.90591327,1733011199999
1733011200000,0.071579,0.078779,0.067903,0.074153,9291689.31130309,1733039999999
1733040000000,0.074019,0.075249,0.071849,0.072748,3366000.49232466,1733068799999
1733068800000,0.072741,0.07323,0.070734,0.071978,2669747.2662938,1733097599999
1733097600000,0.072293,0.072293,0.067551,0.068392,2223166.80634191,1733126399999
1733126400000,0.068401,0.07013,0.065017,0.069687,3967994.33121102,1733155199999
1733155200000,0.069483,0.070899,0.066389,0.070757,1786564.43701141,1733183999999
1733184000000,0.070617,0.071306,0.067477,0.068676,1176575.09287488,1733212799999
1733212800000,0.068813,0.069764,0.062,0.06462,1.099804147684885E7,1733241599999
1733241600000,0.065627,0.068859,0.064054,0.068377,3043970.01853958,1733270399999
1733270400000,0.067977,0.069045,0.067,0.068923,1368545.80870267,1733299199999
1733299200000,0.068767,0.071349,0.068385,0.070283,2292548.81615542,1733327999999
1733328000000,0.069689,0.071749,0.067269,0.069159,2423623.23282382,1733356799999
1733356800000,0.069146,0.069352,0.06499,0.068876,1216010.33407058,1733385599999
1733385600000,0.068523,0.076523,0.068448,0.072954,2378645.37843865,1733414399999
1733414400000,0.072982,0.076398,0.068259,0.071484,2051156.35599932,1733443199999
1733443200000,0.071032,0.077933,0.070639,0.075186,946920.79892812,1733471999999
1733472000000,0.075519,0.076195,0.069257,0.073091,1999017.1547865,1733500799999
1733500800000,0.073663,0.079293,0.073285,0.077254,4941646.70579588,1733529599999
1733529600000,0.076974,0.076974,0.073866,0.07512,593593.14069403,1733558399999
1733558400000,0.074767,0.0766,0.074213,0.075707,1685410.10314593,1733587199999
1733587200000,0.076058,0.078511,0.074563,0.076891,1773538.92421332,1733615999999
1733616000000,0.077136,0.081859,0.076378,0.078228,1420853.71177398,1733644799999
1733644800000,0.078148,0.082267,0.075637,0.082267,1972391.70113133,1733673599999
1733673600000,0.082132,0.08584,0.078924,0.084762,2636298.86069144,1733702399999
1733702400000,0.084514,0.084514,0.076176,0.076987,1725862.7201536,1733731199999
1733731200000,0.077108,0.079495,0.073519,0.075975,2612107.17230643,1733759999999
1733760000000,0.075576,0.076548,0.06142,0.072544,3530266.00291747,1733788799999
1733788800000,0.071004,0.07521,0.06629,0.074748,895177.35119067,1733817599999
1733817600000,0.07436,0.07436,0.066542,0.066778,972258.13572937,1733846399999
1733846400000,0.066541,0.073815,0.065775,0.07159,1636162.65032369,1733875199999
1733875200000,0.071743,0.072118,0.068241,0.069728,275496.9569469,1733903999999
1733904000000,0.069899,0.078216,0.069899,0.077535,774928.43931148,1733932799999
1733932800000,0.077541,0.078791,0.076047,0.077723,1075376.54354774,1733961599999
1733961600000,0.078611,0.087368,0.078611,0.085476,1198274.51355532,1733990399999
1733990400000,0.085837,0.088776,0.079676,0.080808,1685773.82073728,1734019199999
1734019200000,0.08115,0.081464,0.077185,0.078684,1145617.58319385,1734047999999
1734048000000,0.078178,0.078829,0.075301,0.076393,406385.57520829,1734076799999
1734076800000,0.076018,0.078508,0.075458,0.076056,691469.18259757,1734105599999
1734105600000,0.076189,0.078039,0.075711,0.077123,2137805.96329257,1734134399999
1734134400000,0.07747,0.080494,0.077235,0.077253,620875.53779692,1734163199999
1734163200000,0.077748,0.077748,0.073579,0.07558,764055.08041898,1734191999999
1734192000000,0.075006,0.07539,0.073329,0.074561,553881.83706559,1734220799999
1734220800000,0.074267,0.074267,0.072407,0.072407,130876.91099478,1734249599999
1734249600000,0.072723,0.07762,0.07252,0.077219,545511.83043042,1734278399999
1734278400000,0.077006,0.079564,0.075694,0.078736,752409.65572953,1734307199999
1734307200000,0.078631,0.079969,0.075798,0.076096,586579.60001123,1734335999999
1734336000000,0.076085,0.076085,0.073079,0.074676,682948.2027953,1734364799999
1734364800000,0.075043,0.076813,0.071788,0.074775,1467001.47357417,1734393599999
1734393600000,0.074846,0.074846,0.073133,0.073617,312793.68248831,1734422399999
1734422400000,0.073769,0.075007,0.072256,0.072256,688237.11954664,1734451199999
1734451200000,0.072032,0.075617,0.071255,0.071768,888590.46373697,1734479999999
1734480000000,0.07289,0.07289,0.068777,0.069694,166940.24513333,1734508799999
1734508800000,0.069914,0.072567,0.068753,0.072119,556609.50427719,1734537599999
1734537600000,0.072324,0.07476,0.068095,0.068443,1296233.37886667,1734566399999
1734566400000,0.068382,0.072432,0.065523,0.071002,1147757.63257287,1734595199999
1734595200000,0.070879,0.07342,0.067259,0.068259,611606.65276636,1734623999999
1734624000000,0.067502,0.071031,0.065513,0.068224,2375494.7877683,1734652799999
1734652800000,0.068354,0.070138,0.066,0.068565,645914.39958936,1734681599999
1734681600000,0.068558,0.069697,0.06267,0.069486,2939521.4357515,1734710399999
1734710400000,0.069352,0.071766,0.06812,0.071729,1205008.46260077,1734739199999
1734739200000,0.071669,0.074596,0.070505,0.07418,844589.10809471,1734767999999
1734768000000,0.074186,0.074186,0.066576,0.069468,688366.84994132,1734796799999
1734796800000,0.069456,0.069457,0.0646,0.065284,300994.84460374,1734825599999
1734825600000,0.065492,0.066302,0.063621,0.064239,327654.84930614,1734854399999
1734854400000,0.06421,0.066546,0.063636,0.065044,364036.66158793,1734883199999
1734883200000,0.064762,0.065661,0.062788,0.064125,310196.20541387,1734911999999
1734912000000,0.063892,0.066598,0.062292,0.066487,3218835.37877664,1734940799999
1734940800000,0.066216,0.069854,0.065845,0.06916,1514063.64476067,1734969599999
1734969600000,0.069658,0.072606,0.068299,0.070874,1480379.39762218,1734998399999
1734998400000,0.071081,0.078849,0.069912,0.077616,2617896.12529887,1735027199999
1735027200000,0.07743,0.07743,0.074218,0.075733,1240007.70178238,1735055999999
1735056000000,0.075471,0.075946,0.072233,0.072233,1872594.43619878,1735084799999
1735084800000,0.072083,0.079994,0.071642,0.074735,939934.23759109,1735113599999
1735113600000,0.07503,0.076535,0.072907,0.073158,784019.68325774,1735142399999
1735142400000,0.072956,0.073556,0.071764,0.072945,315910.62365211,1735171199999
1735171200000,0.072359,0.072359,0.067819,0.068471,283389.03306007,1735199999999
1735200000000,0.068344,0.068344,0.065743,0.066779,571153.81875321,1735228799999
1735228800000,0.066712,0.067094,0.064975,0.065648,1108829.96341443,1735257599999
1735257600000,0.065648,0.065857,0.063811,0.063926,286460.26640957,1735286399999
1735286400000,0.064583,0.066949,0.06366,0.063771,842353.45775708,1735315199999
1735315200000,0.064034,0.064625,0.062702,0.063517,701898.15126579,1735343999999
1735344000000,0.062972,0.063802,0.06189,0.062259,336761.00787019,1735372799999
1735372800000,0.062478,0.064826,0.062478,0.063673,757932.80628279,1735401599999
1735401600000,0.064034,0.064918,0.063477,0.0641,1681761.00196785,1735430399999
1735430400000,0.064025,0.064066,0.062935,0.063462,233196.33410254,1735459199999
1735459200000,0.063181,0.063275,0.061911,0.062044,897552.57304413,1735487999999
1735488000000,0.061889,0.061889,0.060746,0.061369,629991.0031661,1735516799999
1735516800000,0.06102,0.062496,0.060754,0.060848,790221.38301007,1735545599999
1735545600000,0.061295,0.061507,0.05815,0.0588,823746.12472735,1735574399999
1735574400000,0.05883,0.061722,0.058337,0.060208,1546804.65542002,1735603199999
1735603200000,0.060504,0.060504,0.057602,0.05772,730671.51353281,1735631999999
1735632000000,0.058057,0.0614,0.058057,0.060528,1579749.38807661,1735660799999
1735660800000,0.06063,0.060869,0.05911,0.059114,399262.1453247,1735689599999
1735689600000,0.059559,0.061108,0.058803,0.058803,267208.84112502,1735718399999
1735718400000,0.05936,0.060306,0.058053,0.060288,214067.06836101,1735747199999
1735747200000,0.06027,0.061528,0.059582,0.061066,343348.83240238,1735775999999
1735776000000,0.0609,0.062933,0.060671,0.062769,468920.30915008,1735804799999
1735804800000,0.062833,0.068355,0.062833,0.067766,3045538.99096403,1735833599999
1735833600000,0.068027,0.06895,0.065321,0.066764,2088877.98985876,1735862399999
1735862400000,0.066346,0.067503,0.065414,0.065414,306419.49972416,1735891199999
1735891200000,0.065414,0.069367,0.065251,0.069093,846536.2005453,1735919999999
1735920000000,0.069106,0.070364,0.068644,0.069098,1962825.8421508,1735948799999
1735948800000,0.069133,0.06979,0.068564,0.06959,154234.17849124,1735977599999
1735977600000,0.069414,0.071806,0.068791,0.070195,897473.69025864,1736006399999
1736006400000,0.07022,0.072661,0.069858,0.071912,479121.52090209,1736035199999
1736035200000,0.071434,0.071726,0.069763,0.070403,419793.15284056,1736063999999
1736064000000,0.069969,0.070084,0.068682,0.069811,743066.03289635,1736092799999
1736092800000,0.069985,0.071037,0.068713,0.07086,826466.34522774,1736121599999
1736121600000,0.070286,0.071179,0.06862,0.070263,901985.54859283,1736150399999
1736150400000,0.070401,0.073714,0.069362,0.073714,436463.16677342,1736179199999
1736179200000,0.073744,0.075023,0.071838,0.072784,2582375.86184615,1736207999999
1736208000000,0.072087,0.075398,0.071806,0.072229,452517.15332812,1736236799999
1736236800000,0.072226,0.073598,0.067636,0.069548,1996646.19792796,1736265599999
1736265600000,0.068927,0.070436,0.066001,0.067019,1320472.14415577,1736294399999
1736294400000,0.06615,0.067469,0.062318,0.064442,949258.78514117,1736323199999
1736323200000,0.064496,0.065376,0.063171,0.063779,701935.70898129,1736351999999
1736352000000,0.063779,0.065395,0.060581,0.064921,1859123.23955252,1736380799999
1736380800000,0.064763,0.064878,0.061848,0.061867,438851.9358197,1736409599999
1736409600000,0.061906,0.063421,0.059429,0.062875,1259779.9366206,1736438399999
1736438400000,0.063234,0.063234,0.060134,0.061381,690337.88310877,1736467199999
1736467200000,0.062,0.064184,0.061836,0.063892,233997.2022399,1736495999999
1736496000000,0.063999,0.064358,0.061816,0.062761,540908.02753062,1736524799999
1736524800000,0.062414,0.06439,0.061865,0.06359,499388.93844637,1736553599999
1736553600000,0.063452,0.063452,0.062646,0.062646,147072.49983301,1736582399999
1736582400000,0.062964,0.063321,0.062162,0.062429,441310.98294856,1736611199999
1736611200000,0.062702,0.063993,0.061792,0.062796,344415.60405318,1736639999999
1736640000000,0.062303,0.062772,0.061993,0.062155,246257.67937758,1736668799999
1736668800000,0.062211,0.062211,0.060971,0.061663,575758.07546124,1736697599999
1736697600000,0.061589,0.06182,0.059725,0.060237,666674.49075925,1736726399999
1736726400000,0.0621,0.0621,0.058281,0.059032,218185.60532745,1736755199999
1736755200000,0.0585,0.059331,0.05544,0.059331,1569945.41461975,1736783999999
1736784000000,0.059531,0.06107,0.058193,0.060614,662915.69809193,1736812799999
1736812800000,0.0607,0.062124,0.060409,0.061995,339098.56204135,1736841599999
1736841600000,0.062051,0.063204,0.06144,0.062518,1346525.42566222,1736870399999
1736870400000,0.061605,0.062594,0.061605,0.062268,366994.63768377,1736899199999
1736899200000,0.062194,0.062512,0.061452,0.062072,306275.10079517,1736927999999
1736928000000,0.062194,0.064402,0.060166,0.06418,1143571.46144051,1736956799999
1736956800000,0.064265,0.065041,0.063318,0.064993,587960.23835776,1736985599999
1736985600000,0.064802,0.064802,0.063437,0.063903,359838.65918053,1737014399999
1737014400000,0.063812,0.064218,0.061367,0.0627,987759.88341129,1737043199999
1737043200000,0.063082,0.06368,0.062205,0.062457,899962.6868957,1737071999999
1737072000000,0.062852,0.064488,0.062847,0.06418,308833.88549243,1737100799999
1737100800000,0.064173,0.065937,0.063935,0.065105,536054.43784526,1737129599999
1737129600000,0.065145,0.066816,0.064562,0.066303,2573900.98554632,1737158399999
1737158400000,0.066196,0.066504,0.061488,0.061647,812674.90977786,1737187199999
1737187200000,0.061016,0.062244,0.060656,0.061708,1490097.69750608,1737215999999
1737216000000,0.06108,0.061298,0.059538,0.061298,778542.16811836,1737244799999
1737244800000,0.061015,0.06169,0.058914,0.05939,147005.10500505,1737273599999
1737273600000,0.058826,0.060733,0.056319,0.059833,1907367.05836025,1737302399999
1737302400000,0.059766,0.061169,0.055382,0.056052,1305341.1828094,1737331199999
1737331200000,0.055636,0.061216,0.053834,0.059951,793737.20341915,1737359999999
1737360000000,0.060111,0.060789,0.057336,0.057336,780542.39059987,1737388799999
1737388800000,0.057447,0.058269,0.055413,0.057939,696185.36872895,1737417599999
1737417600000,0.057523,0.059265,0.056702,0.058902,384121.9783997,1737446399999
1737446400000,0.058786,0.059274,0.056893,0.056893,387245.36609814,1737475199999
1737475200000,0.057174,0.05966,0.057174,0.059426,757954.21273888,1737503999999
1737504000000,0.058969,0.059671,0.058508,0.058809,410758.57195176,1737532799999
1737532800000,0.058865,0.059227,0.057373,0.057807,513012.24772991,1737561599999
1737561600000,0.057212,0.058455,0.057212,0.057611,987907.2869527,1737590399999
1737590400000,0.05755,0.058278,0.055269,0.056122,341235.11175613,1737619199999
1737619200000,0.056294,0.056359,0.054402,0.055818,372664.39397264,1737647999999
1737648000000,0.056509,0.056696,0.054238,0.056292,401444.57508621,1737676799999
1737676800000,0.056398,0.056659,0.053701,0.056659,169163.95672178,1737705599999
1737705600000,0.05644,0.057353,0.055734,0.055734,221474.83556919,1737734399999
1737734400000,0.055872,0.056472,0.054516,0.054608,273926.46639961,1737763199999
1737763200000,0.054459,0.055319,0.053406,0.053596,145034.16811214,1737791999999
1737792000000,0.05384,0.054212,0.053567,0.053827,318046.7736517,1737820799999
1737820800000,0.054062,0.054501,0.053682,0.054032,339221.28375745,1737849599999
1737849600000,0.05382,0.054819,0.05382,0.054617,136839.73835601,1737878399999
1737878400000,0.054771,0.054771,0.053904,0.054167,671937.11028581,1737907199999
1737907200000,0.053874,0.054448,0.052551,0.052551,536348.17096848,1737935999999
1737936000000,0.052555,0.052802,0.048,0.049601,498250.61385062,1737964799999
1737964800000,0.049597,0.051069,0.048531,0.050474,609308.63253368,1737993599999
1737993600000,0.050603,0.051257,0.048782,0.051257,477661.0586275,1738022399999
1738022400000,0.051306,0.051561,0.050572,0.050776,294493.83928193,1738051199999
1738051200000,0.050624,0.050964,0.049704,0.050964,503601.21521451,1738079999999
1738080000000,0.050169,0.050954,0.047563,0.047563,524179.34888562,1738108799999
1738108800000,0.04835,0.050467,0.048264,0.050294,18490.54830367,1738137599999
1738137600000,0.050441,0.05084,0.049088,0.0494,246393.28010447,1738166399999
1738166400000,0.049441,0.051217,0.048528,0.050383,865226.2442104,1738195199999
1738195200000,0.049912,0.051612,0.049912,0.051027,94695.51558486,1738223999999
1738224000000,0.051107,0.052446,0.050817,0.052149,323989.17129215,1738252799999
1738252800000,0.052102,0.052528,0.051568,0.051898,398326.09652448,1738281599999
1738281600000,0.05196,0.052307,0.051202,0.051846,144331.12295783,1738310399999
1738310400000,0.051724,0.054182,0.051341,0.054182,211856.20570611,1738339199999
1738339200000,0.054234,0.054234,0.051401,0.051647,344048.64871889,1738367999999
1738368000000,0.052237,0.052237,0.05106,0.05106,65471.98061801,1738396799999
1738396800000,0.051096,0.051096,0.049457,0.050001,320790.37654952,1738425599999
1738425600000,0.050432,0.050433,0.046628,0.047378,463163.91705133,1738454399999
1738454400000,0.047867,0.048289,0.044839,0.045344,215743.57782127,1738483199999
1738483200000,0.045307,0.046112,0.044282,0.044766,580839.7522067,1738511999999
1738512000000,0.0445,0.0445,0.03934,0.040909,1348295.44764776,1738540799999
1738540800000,0.040337,0.040337,0.028602,0.036412,1941832.93517869,1738569599999
1738569600000,0.036341,0.039064,0.034833,0.039064,980087.72573907,1738598399999
1738598400000,0.0389,0.041996,0.038397,0.040794,403522.40618303,1738627199999
1738627200000,0.040309,0.040309,0.036786,0.036786,517146.99901651,1738655999999
1738656000000,0.036386,0.03866,0.03582,0.037665,373885.8235657,1738684799999
1738684800000,0.037806,0.038878,0.03586,0.036847,399506.39837272,1738713599999
1738713600000,0.03709,0.037454,0.03643,0.03686,94142.32350287,1738742399999
1738742400000,0.036834,0.037251,0.036318,0.036545,213012.47305957,1738771199999
1738771200000,0.035911,0.036148,0.034314,0.034605,310635.97349857,1738799999999
1738800000000,0.034858,0.035545,0.034612,0.035438,16498.07266861,1738828799999
1738828800000,0.035164,0.035573,0.03321,0.033413,369328.48926838,1738857599999
1738857600000,0.033459,0.033769,0.033,0.033256,322936.41095864,1738886399999
1738886400000,0.033458,0.034141,0.033135,0.034053,75012.75359514,1738915199999
1738915200000,0.034011,0.042071,0.034011,0.038944,2188712.2943227,1738943999999
1738944000000,0.038686,0.03904,0.035389,0.037362,1485054.49636035,1738972799999
1738972800000,0.038,0.041488,0.038,0.039889,2257141.15721536,1739001599999
1739001600000,0.040233,0.040292,0.037818,0.03818,392656.69849144,1739030399999
1739030400000,0.03792,0.039539,0.03769,0.039539,276548.65480925,1739059199999
1739059200000,0.039153,0.039153,0.037554,0.038045,134104.63844188,1739087999999
1739088000000,0.038091,0.038194,0.036728,0.037292,874382.30879265,1739116799999
1739116800000,0.03725,0.03742,0.036044,0.036859,897016.97655436,1739145599999
1739145600000,0.037559,0.037559,0.0355,0.036215,248740.40336305,1739174399999
1739174400000,0.036287,0.037419,0.036104,0.036804,837013.10158367,1739203199999
1739203200000,0.037275,0.037682,0.036344,0.036344,335783.22657121,1739231999999
1739232000000,0.03673,0.038649,0.03673,0.038411,506048.0166352,1739260799999
1739260800000,0.038129,0.038244,0.037064,0.037727,172854.79501156,1739289599999
1739289600000,0.037755,0.037755,0.036059,0.036839,362537.26317998,1739318399999
1739318400000,0.036493,0.036728,0.035878,0.036577,240694.20539458,1739347199999
1739347200000,0.036398,0.037,0.035019,0.035702,843871.28515134,1739375999999
1739376000000,0.035732,0.038422,0.035718,0.037977,334944.05143294,1739404799999
1739404800000,0.037566,0.037566,0.036266,0.036305,65493.18524786,1739433599999
1739433600000,0.03609,0.036781,0.035955,0.035955,144620.1035158,1739462399999
1739462400000,0.036369,0.036861,0.036227,0.03656,126000.90419686,1739491199999
1739491200000,0.036221,0.037043,0.036221,0.0364,27956.06194353,1739519999999
1739520000000,0.036672,0.037292,0.036161,0.036771,287522.51739681,1739548799999
1739548800000,0.036788,0.037826,0.036588,0.036796,369226.91566008,1739577599999
1739577600000,0.036855,0.037565,0.036718,0.036718,159697.3557528,1739606399999
1739606400000,0.036772,0.03685,0.036059,0.036059,134655.01436949,1739635199999
1739635200000,0.035967,0.036251,0.035651,0.03583,234149.11564482,1739663999999
1739664000000,0.035881,0.036336,0.035421,0.035421,83802.50271768,1739692799999
1739692800000,0.035678,0.036269,0.03536,0.035562,173267.59402875,1739721599999
1739721600000,0.035562,0.036202,0.03548,0.035872,367121.95981452,1739750399999
1739750400000,0.035721,0.035918,0.034588,0.03516,195953.44055289,1739779199999
1739779200000,0.035045,0.036632,0.035045,0.035418,210501.70599633,1739807999999
1739808000000,0.035585,0.035585,0.034761,0.035337,266795.1448332,1739836799999
1739836800000,0.035475,0.035475,0.033574,0.033869,198191.08436808,1739865599999
1739865600000,0.034014,0.034692,0.033497,0.033497,539918.97172801,1739894399999
1739894400000,0.03358,0.033893,0.033,0.033893,502794.95162102,1739923199999
1739923200000,0.033994,0.034134,0.03327,0.034134,231595.66285385,1739951999999
1739952000000,0.03389,0.034199,0.033323,0.033618,333812.74827656,1739980799999
1739980800000,0.0341,0.0341,0.033596,0.034068,120708.3737549,1740009599999
1740009600000,0.034199,0.034937,0.034132,0.034622,77155.51582517,1740038399999
1740038400000,0.034518,0.035212,0.034503,0.034535,354917.56568693,1740067199999
1740067200000,0.034536,0.035262,0.034536,0.035236,315218.95892495,1740095999999
1740096000000,0.03499,0.035676,0.034689,0.035339,1252706.08901642,1740124799999
1740124800000,0.035433,0.037118,0.035282,0.035485,309083.78966937,1740153599999
1740153600000,0.035354,0.036715,0.034007,0.035673,867571.08077658,1740182399999
1740182400000,0.035612,0.036348,0.035541,0.035995,129496.47658535,1740211199999
1740211200000,0.036101,0.038755,0.035868,0.038541,979600.44615785,1740239999999
1740240000000,0.038818,0.038946,0.03718,0.037217,692865.52184018,1740268799999
1740268800000,0.037658,0.039112,0.036634,0.037065,406445.37421788,1740297599999
1740297600000,0.036984,0.036988,0.035564,0.035663,160909.89984933,1740326399999
1740326400000,0.035605,0.036155,0.035605,0.036155,255112.48120567,1740355199999
1740355200000,0.036162,0.036162,0.034043,0.034091,285555.76269601,1740383999999
1740384000000,0.033983,0.034637,0.033139,0.03349,359642.45132001,1740412799999
1740412800000,0.033716,0.033747,0.031197,0.031614,711251.65282571,1740441599999
1740441600000,0.031074,0.031925,0.029241,0.030022,558175.02555915,1740470399999
1740470400000,0.029938,0.030628,0.029248,0.030306,490982.49532078,1740499199999
1740499200000,0.030303,0.031232,0.029699,0.030888,408128.48012775,1740527999999
1740528000000,0.03066,0.031517,0.03066,0.031163,104701.36778115,1740556799999
1740556800000,0.031217,0.031608,0.03,0.031016,170669.10585191,1740585599999
1740585600000,0.030864,0.031325,0.02949,0.031207,743456.66430132,1740614399999
1740614400000,0.031184,0.038403,0.031184,0.03724,1.015650059995084E7,1740643199999
1740643200000,0.037037,0.037167,0.033748,0.034311,1436420.43215003,1740671999999
1740672000000,0.03427,0.03451,0.033225,0.034218,448887.47442278,1740700799999
1740700800000,0.034102,0.035702,0.030723,0.031656,542924.27323078,1740729599999
1740729600000,0.03171,0.035519,0.031626,0.035146,1155336.63741699,1740758399999
1740758400000,0.035285,0.038449,0.034945,0.037893,1852174.27737965,1740787199999
1740787200000,0.037997,0.047,0.037997,0.0392,6554298.76593395,1740815999999
1740816000000,0.03942,0.039998,0.037706,0.038001,1806213.40638164,1740844799999
1740844800000,0.037779,0.039447,0.037375,0.038951,833923.57034078,1740873599999
1740873600000,0.038856,0.038933,0.03763,0.037902,99019.09247205,1740902399999
1740902400000,0.037654,0.038147,0.036846,0.037406,588563.77861577,1740931199999
1740931200000,0.037318,0.03954,0.036992,0.039113,1135748.89807598,1740959999999
1740960000000,0.038842,0.041283,0.0356,0.036003,561599.65844375,1740988799999
1740988800000,0.036393,0.036591,0.034441,0.03461,278874.78876689,1741017599999
1741017600000,0.034173,0.035028,0.031355,0.031786,877363.51141342,1741046399999
1741046400000,0.032018,0.033824,0.030053,0.03099,296926.5769334,1741075199999
1741075200000,0.030896,0.033164,0.030691,0.032663,376724.15307133,1741103999999
1741104000000,0.032271,0.034765,0.031443,0.034515,2012231.2021458,1741132799999
1741132800000,0.033721,0.034087,0.033091,0.033388,44839.46591051,1741161599999
1741161600000,0.033368,0.034368,0.033345,0.033478,218703.89761506,1741190399999
1741190400000,0.033089,0.034237,0.033089,0.034085,242774.73403485,1741219199999
1741219200000,0.033635,0.033635,0.033046,0.033092,216042.81779327,1741247999999
1741248000000,0.033291,0.033381,0.031209,0.032426,837948.34188127,1741276799999
1741276800000,0.032186,0.032187,0.031072,0.031288,330215.99354099,1741305599999
1741305600000,0.031448,0.031448,0.029424,0.030523,221695.92339325,1741334399999
1741334400000,0.030545,0.031169,0.030269,0.030812,417211.28573552,1741363199999
1741363200000,0.0307,0.033113,0.030063,0.031366,657599.57362245,1741391999999
1741392000000,0.031421,0.03878,0.031421,0.035003,6698326.43567251,1741420799999
1741420800000,0.034657,0.035222,0.033536,0.034209,4644352.53909099,1741449599999
1741449600000,0.034397,0.035087,0.033977,0.034173,3737070.66520396,1741478399999
1741478400000,0.03358,0.034099,0.032398,0.032826,872618.23795369,1741507199999
1741507200000,0.032638,0.032638,0.030789,0.030976,682450.17503061,1741535999999
1741536000000,0.031037,0.031164,0.029297,0.029297,932886.67868612,1741564799999
1741564800000,0.029275,0.034684,0.02899,0.033943,7450392.99722158,1741593599999
1741593600000,0.033674,0.033787,0.03014,0.031495,3144837.96611403,1741622399999
1741622400000,0.031412,0.031412,0.029714,0.030173,2568031.96423878,1741651199999
1741651200000,0.030183,0.032143,0.0288,0.030609,6493034.45501434,1741679999999
1741680000000,0.030607,0.031642,0.029833,0.03095,1829666.14801174,1741708799999
1741708800000,0.030752,0.031742,0.030598,0.031255,697181.67051419,1741737599999
1741737600000,0.032165,0.03358,0.031487,0.033481,2405790.06375057,1741766399999
1741766400000,0.033516,0.033516,0.031234,0.031928,812438.76047238,1741795199999
1741795200000,0.031755,0.035773,0.031269,0.03554,4925671.10163328,1741823999999
1741824000000,0.03611,0.037601,0.034061,0.035276,2384989.26634597,1741852799999
1741852800000,0.035793,0.037414,0.034662,0.036585,4454954.09455092,1741881599999
1741881600000,0.036617,0.036617,0.03256,0.033418,4692784.42750111,1741910399999
1741910400000,0.03391,0.033985,0.032463,0.033151,2494721.82598276,1741939199999
1741939200000,0.033075,0.034412,0.032775,0.034109,888723.31546872,1741967999999
1741968000000,0.03416,0.034426,0.033247,0.033684,2824227.63358611,1741996799999
1741996800000,0.033728,0.034139,0.032179,0.033171,1397041.33914035,1742025599999
1742025600000,0.032954,0.034615,0.032954,0.034289,1153702.73930589,1742054399999
1742054400000,0.034344,0.034866,0.033671,0.034249,222447.51499626,1742083199999
1742083200000,0.033832,0.033838,0.03318,0.033409,107144.49824095,1742111999999
1742112000000,0.0332,0.033593,0.031988,0.032267,1342045.81934899,1742140799999
1742140800000,0.03259,0.032711,0.031393,0.031524,752745.57048289,1742169599999
1742169600000,0.031522,0.032393,0.031485,0.032393,150409.66798745,1742198399999
1742198400000,0.032428,0.032831,0.031722,0.032024,290930.32306497,1742227199999
1742227200000,0.03216,0.032407,0.031832,0.032289,271167.64953695,1742255999999
1742256000000,0.031958,0.031958,0.030277,0.030781,572897.71644875,1742284799999
1742284800000,0.030699,0.031227,0.03044,0.03044,518347.35334361,1742313599999
1742313600000,0.030484,0.030624,0.029959,0.030395,870919.76708431,1742342399999
1742342400000,0.030883,0.031293,0.030029,0.030473,412365.10390579,1742371199999
1742371200000,0.030449,0.031134,0.030419,0.031082,781038.51779302,1742399999999
1742400000000,0.031095,0.031225,0.030695,0.031137,224736.11390343,1742428799999
1742428800000,0.031045,0.031045,0.030675,0.030916,325757.17973906,1742457599999
1742457600000,0.030931,0.031122,0.030528,0.030528,344602.84861247,1742486399999
1742486400000,0.030567,0.030567,0.030224,0.030378,114905.57633155,1742515199999
1742515200000,0.030539,0.030705,0.029946,0.0301,202227.469962,1742543999999
1742544000000,0.030082,0.03016,0.029617,0.029873,211957.58946454,1742572799999
1742572800000,0.02986,0.030737,0.029843,0.030535,109811.7397844,1742601599999
1742601600000,0.030571,0.031503,0.030571,0.031186,414733.29640897,1742630399999
1742630400000,0.031123,0.031464,0.030664,0.030877,175189.70187855,1742659199999
1742659200000,0.030958,0.031378,0.03062,0.03076,125296.89276339,1742687999999
1742688000000,0.032,0.032848,0.031508,0.032128,447588.83191919,1742716799999
1742716800000,0.032124,0.032573,0.031561,0.031941,187565.38158789,1742745599999
1742745600000,0.03203,0.0321,0.031552,0.031935,160194.60983087,1742774399999
1742774400000,0.031947,0.032735,0.031,0.032502,45199.62859363,1742803199999
1742803200000,0.03242,0.032553,0.031969,0.032416,138068.64415287,1742831999999
1742832000000,0.032477,0.032585,0.032104,0.032239,573622.6660155,1742860799999
1742860800000,0.032322,0.03263,0.031554,0.031825,146683.58793082,1742889599999
1742889600000,0.031897,0.033,0.031897,0.032962,555477.93509793,1742918399999
1742918400000,0.032934,0.033271,0.03263,0.033219,159636.40097539,1742947199999
1742947200000,0.033215,0.03417,0.032826,0.033417,100495.24710321,1742975999999
1742976000000,0.033312,0.033325,0.031634,0.031989,423574.65415929,1743004799999
1743004800000,0.03199,0.032417,0.031561,0.031928,428684.49053093,1743033599999
1743033600000,0.032207,0.032973,0.032095,0.032618,425996.43820603,1743062399999
1743062400000,0.032559,0.034072,0.031765,0.032694,2415055.03240133,1743091199999
1743091200000,0.032809,0.032865,0.032489,0.032557,300396.86771005,1743119999999
1743120000000,0.032722,0.034097,0.030595,0.030645,4518180.2915579,1743148799999
1743148800000,0.030497,0.030995,0.029905,0.029939,646560.46851458,1743177599999
1743177600000,0.029889,0.030126,0.029427,0.03005,374401.61181711,1743206399999
1743206400000,0.030384,0.030389,0.028873,0.028971,595874.16678253,1743235199999
1743235200000,0.029027,0.029127,0.028371,0.029019,484385.487021,1743263999999
1743264000000,0.028894,0.028894,0.028311,0.028726,267390.95702859,1743292799999
1743292800000,0.02867,0.028885,0.0284,0.028885,229247.46337429,1743321599999
1743321600000,0.028797,0.029367,0.027918,0.028002,255620.35845242,1743350399999
1743350400000,0.028094,0.028425,0.027822,0.028024,258694.93477414,1743379199999
1743379200000,0.027721,0.027754,0.027012,0.027067,691451.83124559,1743407999999
1743408000000,0.027254,0.027695,0.02656,0.027596,288528.05849129,1743436799999
1743436800000,0.027655,0.027693,0.027216,0.027574,208211.70728469,1743465599999
1743465600000,0.027405,0.028171,0.027405,0.027783,246478.53857894,1743494399999
1743494400000,0.027951,0.028489,0.027207,0.028489,774611.98413722,1743523199999
1743523200000,0.028313,0.028354,0.027522,0.028232,286343.23582919,1743551999999
1743552000000,0.028033,0.028033,0.027136,0.027479,202071.3979526,1743580799999
1743580800000,0.027177,0.030512,0.027177,0.028642,7061153.2578156,1743609599999
1743609600000,0.028667,0.028937,0.025457,0.026068,3355954.81419298,1743638399999
1743638400000,0.025933,0.028533,0.025799,0.026643,1611417.05131194,1743667199999
1743667200000,0.026647,0.027111,0.025046,0.025804,1468190.50019245,1743695999999
1743696000000,0.025733,0.02789,0.025727,0.027652,2088688.52726749,1743724799999
1743724800000,0.027348,0.028075,0.026676,0.027545,2004759.06494308,1743753599999
1743753600000,0.027729,0.028095,0.026,0.027,1603690.17042399,1743782399999
1743782400000,0.026883,0.02775,0.026854,0.027308,794879.40304277,1743811199999
1743811200000,0.027293,0.028003,0.027149,0.028003,304896.52930557,1743839999999
1743840000000,0.02779,0.028286,0.027084,0.027146,3744610.16967155,1743868799999
1743868800000,0.027343,0.027955,0.027177,0.027853,1064350.43093627,1743897599999
1743897600000,0.027724,0.028811,0.027654,0.028082,619186.11904841,1743926399999
1743926400000,0.028283,0.028361,0.026307,0.026759,1147851.44587728,1743955199999
1743955200000,0.026633,0.026633,0.02407,0.024564,3230003.24194962,1743983999999
1743984000000,0.024644,0.02518,0.021966,0.022755,1953512.78449398,1744012799999
1744012800000,0.02272,0.026236,0.022658,0.024848,2619562.30828201,1744041599999
1744041600000,0.024755,0.025301,0.024411,0.025122,961169.88235823,1744070399999
1744070400000,0.025073,0.026083,0.024886,0.025134,413306.59891333,1744099199999
1744099200000,0.024937,0.025599,0.024759,0.025144,873315.96506883,1744127999999
1744128000000,0.025334,0.025814,0.024416,0.024609,1377469.69409619,1744156799999
1744156800000,0.024372,0.025129,0.023044,0.025129,1461658.36293903,1744185599999
1744185600000,0.024944,0.025235,0.024227,0.024827,587419.54283184,1744214399999
1744214400000,0.025295,0.027819,0.025191,0.027682,1038770.87336475,1744243199999
1744243200000,0.027515,0.028088,0.026797,0.027671,511827.62297238,1744271999999
1744272000000,0.027479,0.028164,0.026313,0.026399,614217.96273169,1744300799999
1744300800000,0.026484,0.028361,0.026395,0.028214,762410.38845246,1744329599999
1744329600000,0.02801,0.028273,0.027073,0.027883,829215.45974926,1744358399999
1744358400000,0.027858,0.027916,0.025148,0.026034,1515234.81316786,1744387199999
1744387200000,0.025993,0.02661,0.02587,0.026369,679780.75596688,1744415999999
1744416000000,0.026262,0.026262,0.025065,0.02557,650638.58782366,1744444799999
1744444800000,0.025505,0.026485,0.025193,0.026287,1098332.24521867,1744473599999
1744473600000,0.026474,0.026474,0.025928,0.026399,370284.31671672,1744502399999
1744502400000,0.026536,0.027295,0.025306,0.025648,1570579.66412017,1744531199999
1744531200000,0.025607,0.025853,0.024956,0.02516,635076.44061252,1744559999999
1744560000000,0.025315,0.025979,0.024224,0.024761,984790.80186148,1744588799999
1744588800000,0.024981,0.025483,0.024229,0.024536,679893.59573724,1744617599999
1744617600000,0.024551,0.025364,0.024283,0.024541,1433095.02919287,1744646399999
1744646400000,0.024462,0.025014,0.024379,0.024919,518349.87693978,1744675199999
1744675200000,0.024719,0.025135,0.024642,0.02496,245129.31941001,1744703999999
1744704000000,0.024932,0.025043,0.024466,0.024621,581934.80721282,1744732799999
1744732800000,0.024668,0.024668,0.024266,0.024266,98869.41928555,1744761599999
1744761600000,0.024038,0.024621,0.02379,0.023791,589957.62181502,1744790399999
1744790400000,0.023775,0.024115,0.023334,0.023926,394319.8441205,1744819199999
1744819200000,0.02381,0.024157,0.023044,0.023926,346962.72013238,1744847999999
1744848000000,0.023704,0.023863,0.023426,0.0237,12352.88810202,1744876799999
1744876800000,0.02375,0.02375,0.022994,0.02333,181552.0654046,1744905599999
1744905600000,0.023404,0.023786,0.02327,0.02337,189212.88796085,1744934399999
1744934400000,0.023503,0.024436,0.023503,0.024069,438698.45886367,1744963199999
1744963200000,0.024228,0.024334,0.023848,0.023886,146128.18443552,1744991999999
1744992000000,0.023925,0.024263,0.023654,0.023654,142738.98874776,1745020799999
1745020800000,0.024,0.024375,0.023724,0.024214,48162.23283475,1745049599999
1745049600000,0.024201,0.024345,0.023973,0.024166,173509.29661012,1745078399999
1745078400000,0.02413,0.024436,0.024102,0.024328,210952.64285803,1745107199999
1745107200000,0.024289,0.024587,0.02411,0.024155,75283.5678992,1745135999999
1745136000000,0.023812,0.024208,0.023514,0.023649,151152.83521725,1745164799999
1745164800000,0.023589,0.024148,0.023589,0.023896,253570.25624603,1745193599999
1745193600000,0.024208,0.024765,0.024207,0.024262,40055.07395452,1745222399999
1745222400000,0.024594,0.024765,0.024155,0.024482,50737.65385846,1745251199999
1745251200000,0.024597,0.024597,0.024,0.024185,279236.81050494,1745279999999
1745280000000,0.024094,0.0243,0.023883,0.023883,21945.63830043,1745308799999
1745308800000,0.024261,0.024861,0.02411,0.024675,446220.80706917,1745337599999
1745337600000,0.024858,0.025612,0.024721,0.025548,705965.73961204,1745366399999
1745366400000,0.026136,0.026147,0.025423,0.026147,57617.55669835,1745395199999
1745395200000,0.025837,0.026454,0.025414,0.025809,648471.34963899,1745423999999
1745424000000,0.02569,0.026568,0.02569,0.026355,368662.64076166,1745452799999
1745452800000,0.025849,0.025849,0.02517,0.025192,94289.48265136,1745481599999
1745481600000,0.025169,0.026196,0.024795,0.025848,277082.07152875,1745510399999
1745510400000,0.025845,0.026206,0.025445,0.026073,165370.54232959,1745539199999
1745539200000,0.026035,0.026241,0.025727,0.026241,229735.59965831,1745567999999
1745568000000,0.026249,0.026446,0.025926,0.026079,715422.20332798,1745596799999
1745596800000,0.026084,0.026218,0.025604,0.025994,437716.44708124,1745625599999
1745625600000,0.02599,0.02723,0.02599,0.026601,1255056.10870747,1745654399999
1745654400000,0.026668,0.026969,0.0259,0.026476,875192.56821159,1745683199999
1745683200000,0.026474,0.026658,0.026268,0.026658,392130.94058659,1745711999999
1745712000000,0.026472,0.026614,0.025449,0.02566,241801.66458664,1745740799999
1745740800000,0.025781,0.0259,0.025276,0.02547,1230263.56001041,1745769599999
1745769600000,0.025469,0.025474,0.025079,0.025079,220523.78262291,1745798399999
1745798400000,0.025172,0.025676,0.024518,0.025517,500616.66829773,1745827199999
1745827200000,0.025652,0.027097,0.024527,0.024653,630394.49599402,1745855999999
1745856000000,0.024639,0.025498,0.024576,0.02549,661097.78829917,1745884799999
1745884800000,0.025597,0.027511,0.025597,0.02675,572077.99500178,1745913599999
1745913600000,0.02707,0.02707,0.025987,0.026538,672281.07125855,1745942399999
1745942400000,0.02658,0.027023,0.02597,0.02597,408416.40805145,1745971199999
1745971200000,0.027219,0.0281,0.026822,0.02694,716341.99991809,1745999999999
1746000000000,0.027005,0.027757,0.026376,0.026726,491134.50823805,1746028799999
1746028800000,0.026689,0.027983,0.026689,0.027983,227915.97337925,1746057599999
1746057600000,0.027931,0.027931,0.027373,0.027766,480152.01398867,1746086399999
1746086400000,0.027837,0.028181,0.027458,0.027796,238705.72007618,1746115199999
1746115200000,0.027794,0.027872,0.027276,0.027536,750767.68353768,1746143999999
1746144000000,0.029829,0.032201,0.028971,0.029353,2097285.43469034,1746172799999
1746172800000,0.029375,0.030065,0.0292,0.030016,1360492.07961269,1746201599999
1746201600000,0.029808,0.031164,0.029462,0.030117,1616892.99865491,1746230399999
1746230400000,0.029549,0.02955,0.028244,0.028244,895604.15837431,1746259199999
1746259200000,0.028333,0.028616,0.028175,0.028269,173394.28239822,1746287999999
1746288000000,0.02809,0.02809,0.027427,0.027517,882712.40038858,1746316799999
1746316800000,0.027473,0.02798,0.026327,0.026408,1189861.59627013,1746345599999
1746345600000,0.026288,0.026695,0.026,0.026416,1223775.10203413,1746374399999
1746374400000,0.026296,0.026347,0.025742,0.025855,863875.48910065,1746403199999
1746403200000,0.025857,0.026207,0.025256,0.026138,1037892.36098172,1746431999999
1746432000000,0.026116,0.026677,0.025787,0.026537,888687.37741581,1746460799999
1746460800000,0.026691,0.027443,0.02668,0.027298,1438596.93692556,1746489599999
1746489600000,0.027349,0.027473,0.02677,0.026842,899922.70226518,1746518399999
1746518400000,0.02679,0.026847,0.025241,0.025683,1071607.20140909,1746547199999
1746547200000,0.025689,0.026276,0.025366,0.026229,601606.26540796,1746575999999
1746576000000,0.026486,0.027402,0.026486,0.027217,440523.75838432,1746604799999
1746604800000,0.027012,0.027909,0.026933,0.027755,1007499.48380367,1746633599999
1746633600000,0.0277,0.028397,0.027431,0.028123,1998939.53879066,1746662399999
1746662400000,0.028166,0.029027,0.027754,0.028903,1219541.29383264,1746691199999
1746691200000,0.02896,0.030582,0.028907,0.030209,4133124.33730823,1746719999999
1746720000000,0.030262,0.031531,0.030174,0.031326,1284746.97440963,1746748799999
1746748800000,0.031411,0.033331,0.030526,0.031529,1283880.49357564,1746777599999
1746777600000,0.031662,0.032092,0.03089,0.03119,1668715.73879435,1746806399999
1746806400000,0.031029,0.031777,0.030733,0.031777,557812.761324,1746835199999
1746835200000,0.031741,0.032145,0.031138,0.03211,595566.58215872,1746863999999
1746864000000,0.032132,0.032258,0.031056,0.031495,906263.41500367,1746892799999
1746892800000,0.031351,0.034358,0.031351,0.034054,1898745.02834461,1746921599999
1746921600000,0.034054,0.034054,0.032031,0.032155,1439819.72038603,1746950399999
1746950400000,0.032201,0.034038,0.031938,0.033452,1738473.56322273,1746979199999
1746979200000,0.033819,0.034559,0.033287,0.034308,1536226.87982292,1747007999999
1747008000000,0.033739,0.035071,0.033044,0.034218,623661.81858261,1747036799999
1747036800000,0.034594,0.03634,0.034218,0.036012,2560847.8021067,1747065599999
1747065600000,0.036183,0.04169,0.036183,0.0395,8454818.75642732,1747094399999
1747094400000,0.039544,0.041125,0.036969,0.037932,6585466.97951864,1747123199999
1747123200000,0.038083,0.041783,0.037569,0.041251,4753881.41070925,1747151999999
1747152000000,0.041057,0.046519,0.040278,0.043286,4820888.10355804,1747180799999
1747180800000,0.043632,0.045184,0.040305,0.040359,1278429.72593097,1747209599999
1747209600000,0.04049,0.043608,0.039542,0.042313,3066564.84110407,1747238399999
1747238400000,0.042107,0.046376,0.041671,0.04565,1904031.86755319,1747267199999
1747267200000,0.045358,0.05037,0.045138,0.046797,5389569.1393042,1747295999999
1747296000000,0.046201,0.050935,0.045768,0.050627,7404858.62265233,1747324799999
1747324800000,0.049604,0.050999,0.040363,0.043456,6964171.55827996,1747353599999
1747353600000,0.043172,0.045,0.042114,0.043842,2135559.05660773,1747382399999
1747382400000,0.044007,0.045856,0.043254,0.044718,1685694.66786113,1747411199999
1747411200000,0.044955,0.04527,0.042252,0.042726,946538.12660437,1747439999999
1747440000000,0.043126,0.044609,0.041606,0.042084,921806.9572074,1747468799999
1747468800000,0.042396,0.044217,0.041868,0.043162,1059178.86222955,1747497599999
1747497600000,0.042779,0.043,0.041725,0.042451,368422.91283322,1747526399999
1747526400000,0.042783,0.046156,0.042456,0.046,781318.18655126,1747555199999
1747555200000,0.046125,0.048907,0.043869,0.045637,3003630.96478897,1747583999999
1747584000000,0.045659,0.04609,0.042884,0.045357,1339664.41920425,1747612799999
1747612800000,0.045253,0.0454,0.042301,0.043059,610601.00073629,1747641599999
1747641600000,0.043055,0.043575,0.041314,0.043575,1399523.14352556,1747670399999
1747670400000,0.043647,0.045319,0.043321,0.044409,1365130.52932453,1747699199999
1747699200000,0.044,0.04517,0.043477,0.043738,524626.07951452,1747727999999
1747728000000,0.043763,0.043949,0.042729,0.043227,470771.18315769,1747756799999
1747756800000,0.043253,0.044085,0.042595,0.043861,1138391.18103067,1747785599999
1747785600000,0.04419,0.044349,0.043391,0.043666,349306.95150908,1747814399999
1747814400000,0.04381,0.045487,0.042898,0.045145,1113436.9449539,1747843199999
1747843200000,0.045114,0.045632,0.0435,0.044923,618302.67227826,1747871999999
1747872000000,0.0455,0.047148,0.04451,0.045832,484254.08223882,1747900799999
1747900800000,0.045711,0.04663,0.044345,0.04517,1521982.04998494,1747929599999
1747929600000,0.045199,0.045834,0.045,0.045452,1672796.53085643,1747958399999
1747958400000,0.045499,0.045877,0.043984,0.044313,1745108.76009137,1747987199999
1747987200000,0.044385,0.045615,0.041347,0.044985,3603348.1241312,1748015999999
1748016000000,0.045262,0.046261,0.04466,0.044702,2125543.15038251,1748044799999
1748044800000,0.044698,0.0455,0.043986,0.043986,501172.11760377,1748073599999
1748073600000,0.044152,0.044538,0.04384,0.044129,285464.45257649,1748102399999
1748102400000,0.044175,0.044336,0.0435,0.0435,341029.17485763,1748131199999
1748131200000,0.043603,0.043603,0.041394,0.041521,1653932.55698331,1748159999999
1748160000000,0.041541,0.041759,0.04027,0.041009,1577411.51981875,1748188799999
1748188800000,0.040805,0.043533,0.040591,0.043233,965316.66570868,1748217599999
1748217600000,0.043209,0.045703,0.042457,0.045546,2249174.41717373,1748246399999
1748246400000,0.045553,0.046285,0.044462,0.045524,2429162.58334067,1748275199999
1748275200000,0.045958,0.046861,0.045576,0.046601,1860728.83234381,1748303999999
1748304000000,0.046613,0.047664,0.045349,0.046547,3568469.79240433,1748332799999
1748332800000,0.046609,0.047658,0.046477,0.047,1128629.93896645,1748361599999
1748361600000,0.04699,0.048639,0.046767,0.046904,1703892.40655912,1748390399999
1748390400000,0.046504,0.046608,0.045815,0.045906,574463.2114761,1748419199999
1748419200000,0.045833,0.0465,0.044765,0.04501,932072.73463673,1748447999999
1748448000000,0.044922,0.045265,0.043835,0.045265,1823757.37898443,1748476799999
1748476800000,0.045457,0.046342,0.044939,0.045543,599981.8242129,1748505599999
1748505600000,0.045321,0.046892,0.044398,0.04457,885042.66941334,1748534399999
1748534400000,0.044552,0.04486,0.043366,0.043435,283715.48425434,1748563199999
1748563200000,0.043717,0.0464,0.042,0.046005,1881696.3858812,1748591999999
1748592000000,0.046294,0.049211,0.045259,0.047562,4566491.60864938,1748620799999
1748620800000,0.047451,0.047747,0.043902,0.044406,3349466.13130773,1748649599999
1748649600000,0.043868,0.045852,0.041743,0.04329,2385319.04970406,1748678399999
1748678400000,0.043354,0.044299,0.041751,0.042088,2554659.60713489,1748707199999
1748707200000,0.041908,0.043111,0.041621,0.041621,691113.64746822,1748735999999
1748736000000,0.041527,0.042822,0.040392,0.041339,960828.1144352,1748764799999
1748764800000,0.041628,0.042247,0.040274,0.041858,1310446.79802764,1748793599999
1748793600000,0.042202,0.042433,0.04118,0.042133,1092195.35467143,1748822399999
1748822400000,0.041785,0.041785,0.04027,0.04027,435653.81914796,1748851199999
1748851200000,0.040331,0.040331,0.039112,0.040262,619997.52193449,1748879999999
1748880000000,0.040472,0.040915,0.039483,0.040584,1055447.40518392,1748908799999
1748908800000,0.040541,0.041221,0.039525,0.039579,573484.27289364,1748937599999
1748937600000,0.039537,0.043635,0.039178,0.043253,1702160.13540868,1748966399999
1748966400000,0.043184,0.045227,0.043033,0.043996,1816701.64383585,1748995199999
1748995200000,0.043908,0.045696,0.043506,0.044288,1075162.01739915,1749023999999
1749024000000,0.044163,0.044416,0.043,0.04351,1408043.69042754,1749052799999
1749052800000,0.043578,0.044503,0.043117,0.044286,816484.45783563,1749081599999
1749081600000,0.044294,0.044401,0.042702,0.043311,499638.62999023,1749110399999
1749110400000,0.043602,0.044387,0.043117,0.044295,632784.83208534,1749139199999
1749139200000,0.044147,0.044212,0.041307,0.043449,1885212.27025459,1749167999999
1749168000000,0.04321,0.044203,0.042871,0.043699,1066498.56322207,1749196799999
1749196800000,0.044151,0.045172,0.043056,0.044093,1490600.55745214,1749225599999
1749225600000,0.044101,0.044209,0.042256,0.042854,529580.36929879,1749254399999
1749254400000,0.042785,0.044294,0.042784,0.044259,138210.04112525,1749283199999
1749283200000,0.044187,0.044851,0.044163,0.044445,600996.9635619,1749311999999
1749312000000,0.044478,0.044987,0.044379,0.044917,226464.57092558,1749340799999
1749340800000,0.044893,0.044893,0.04299,0.043024,334956.46064001,1749369599999
1749369600000,0.043028,0.043123,0.042424,0.04264,1341277.76285201,1749398399999
1749398400000,0.042834,0.042843,0.042303,0.04246,2015556.33616513,1749427199999
1749427200000,0.042587,0.042609,0.041436,0.042323,968528.34879728,1749455999999
1749456000000,0.041931,0.042782,0.041894,0.042485,537523.8985135,1749484799999
1749484800000,0.042476,0.044274,0.042476,0.043631,1344226.17678972,1749513599999
1749513600000,0.043611,0.044668,0.042746,0.043362,1108040.93667611,1749542399999
1749542400000,0.043435,0.044176,0.042492,0.043009,2562943.55867551,1749571199999
1749571200000,0.042958,0.043697,0.042566,0.043618,725257.61629709,1749599999999
1749600000000,0.043632,0.043632,0.042601,0.043152,587832.15975442,1749628799999
1749628800000,0.043066,0.043334,0.042146,0.043208,669838.64034667,1749657599999
1749657600000,0.043291,0.043893,0.041831,0.042105,1269970.29470837,1749686399999
1749686400000,0.042179,0.042636,0.040896,0.041558,1272860.96457736,1749715199999
1749715200000,0.041273,0.041321,0.039611,0.039657,748678.09684308,1749743999999
1749744000000,0.039615,0.040222,0.038674,0.038738,2258565.85700126,1749772799999
1749772800000,0.038493,0.038493,0.03551,0.035881,2250503.19543891,1749801599999
1749801600000,0.035929,0.036341,0.034958,0.035921,1165792.68719029,1749830399999
1749830400000,0.035984,0.036986,0.0357,0.036907,560725.58447751,1749859199999
1749859200000,0.036939,0.03694,0.036078,0.036225,328905.48043322,1749887999999
1749888000000,0.035983,0.035983,0.034407,0.034577,1299944.59347483,1749916799999
1749916800000,0.034661,0.034712,0.033911,0.034287,855221.90669968,1749945599999
1749945600000,0.034296,0.03444,0.033519,0.033573,303184.22808593,1749974399999
1749974400000,0.033633,0.034162,0.033258,0.033802,2703749.95551594,1750003199999
1750003200000,0.033864,0.034043,0.032683,0.03334,1096756.68400181,1750031999999
1750032000000,0.03341,0.035954,0.0329,0.034742,1629377.62081608,1750060799999
1750060800000,0.034671,0.034884,0.033818,0.033857,756021.89480403,1750089599999
1750089600000,0.033788,0.034029,0.031357,0.031357,2576013.70354768,1750118399999
1750118400000,0.031306,0.032234,0.031093,0.032065,707979.28171995,1750147199999
1750147200000,0.032052,0.032052,0.030993,0.031432,830302.0379858,1750175999999
1750176000000,0.031364,0.031412,0.030179,0.030179,1135630.41546605,1750204799999
1750204800000,0.030739,0.030824,0.029669,0.029713,488148.29572171,1750233599999
1750233600000,0.030128,0.030268,0.028994,0.029443,1032102.51486977,1750262399999
1750262400000,0.029487,0.030457,0.029486,0.030219,1110291.18642525,1750291199999
1750291200000,0.030228,0.03034,0.029503,0.029608,856139.12494543,1750319999999
1750320000000,0.029619,0.029639,0.027791,0.0279,1977862.95017598,1750348799999
1750348800000,0.028078,0.028425,0.027047,0.028171,2729670.65254588,1750377599999
1750377600000,0.028284,0.028807,0.027335,0.028727,703954.15544371,1750406399999
1750406400000,0.028629,0.029194,0.028291,0.028339,867194.22176287,1750435199999
1750435200000,0.028271,0.029488,0.027639,0.029487,3526724.98062544,1750463999999
1750464000000,0.02944,0.031029,0.028777,0.030977,2955256.56687824,1750492799999
1750492800000,0.030859,0.03125,0.029018,0.0291,2633093.27610223,1750521599999
1750521600000,0.029286,0.029366,0.027835,0.028287,1193311.36064485,1750550399999
1750550400000,0.02834,0.028503,0.027518,0.027687,2330481.31186262,1750579199999
1750579200000,0.027743,0.02786,0.02666,0.026998,2078158.28958777,1750607999999
1750608000000,0.027093,0.02716,0.02617,0.026933,4113236.3949711,1750636799999
1750636800000,0.026838,0.026941,0.025478,0.025769,1251708.07284035,1750665599999
1750665600000,0.025774,0.0276,0.025705,0.026016,6024390.84184174,1750694399999
1750694400000,0.025583,0.027719,0.0249,0.027366,8682188.67872567,1750723199999
1750723200000,0.02751,0.027574,0.026321,0.02706,2161062.18222089,1750751999999
1750752000000,0.026866,0.027578,0.026587,0.026844,2784871.07706011,1750780799999
1750780800000,0.026757,0.027003,0.025852,0.026253,3860345.50083625,1750809599999
1750809600000,0.026276,0.026477,0.025335,0.025998,1316795.2816845,1750838399999
1750838400000,0.026038,0.026092,0.024664,0.024751,3964099.46473392,1750867199999
1750867200000,0.024771,0.025129,0.024558,0.024863,2120765.2517582,1750895999999
1750896000000,0.024569,0.025002,0.024305,0.024771,552437.31534045,1750924799999
1750924800000,0.024809,0.024865,0.023624,0.023766,1893789.47507064,1750953599999
1750953600000,0.023701,0.024062,0.023491,0.023754,1027204.5841607,1750982399999
1750982400000,0.02364,0.024735,0.023611,0.023987,1047115.47300457,1751011199999
1751011200000,0.024034,0.024741,0.023981,0.024533,393194.89732528,1751039999999
1751040000000,0.024447,0.02476,0.023985,0.024309,307067.5788378,1751068799999
1751068800000,0.024453,0.024527,0.024141,0.024302,155413.15878085,1751097599999
1751097600000,0.024219,0.024402,0.024052,0.024402,362912.44009353,1751126399999
1751126400000,0.024621,0.024821,0.024414,0.024817,294587.80505187,1751155199999
1751155200000,0.024663,0.025111,0.024607,0.024879,624856.50290708,1751183999999
1751184000000,0.024922,0.025388,0.024907,0.024947,1307646.37932039,1751212799999
1751212800000,0.02498,0.025798,0.02488,0.025705,1699627.5948259,1751241599999
1751241600000,0.025822,0.02599,0.025132,0.025317,674498.70461997,1751270399999
1751270400000,0.025332,0.025997,0.024772,0.024772,307400.82061195,1751299199999
1751299200000,0.024719,0.025997,0.024203,0.025997,186723.83478782,1751327999999
1751328000000,0.02407,0.02407,0.023442,0.023642,122773.99056429,1751356799999
1751356800000,0.023459,0.024498,0.023,0.023133,301328.76961909,1751385599999
1751385600000,0.023124,0.023589,0.022466,0.022466,568201.56396835,1751414399999
1751414400000,0.022397,0.02306,0.022042,0.02306,354799.82675585,1751443199999
1751443200000,0.022966,0.023661,0.02274,0.023493,1994849.03897319,1751471999999
1751472000000,0.02343,0.024349,0.02343,0.023619,2276966.16277476,1751500799999
1751500800000,0.024165,0.02443,0.023587,0.02422,1408512.46359873,1751529599999
1751529600000,0.024211,0.026,0.023816,0.023817,926870.2177431,1751558399999
1751558400000,0.024653,0.024653,0.023032,0.023428,100487.18813349,1751587199999
1751587200000,0.024022,0.024022,0.023,0.023,241296.53056648,1751615999999
1751616000000,0.023005,0.024613,0.022295,0.023,298605.12928647,1751644799999
1751644800000,0.023,0.023,0.021493,0.021765,385579.21632108,1751673599999
1751673600000,0.02172,0.022648,0.021596,0.022417,699683.31038453,1751702399999
1751702400000,0.022464,0.02257,0.022026,0.022108,442564.4095982,1751731199999
1751731200000,0.022248,0.022407,0.022117,0.022282,629412.84512971,1751759999999
1751760000000,0.021935,0.022086,0.021935,0.022036,4657.82924568,1751788799999
1751788800000,0.022024,0.022727,0.022024,0.022651,108764.67908106,1751817599999
1751817600000,0.022732,0.022886,0.022592,0.022662,754224.87333623,1751846399999
1751846400000,0.022373,0.022875,0.022373,0.0228,507778.40244008,1751875199999
1751875200000,0.023061,0.023061,0.022585,0.022681,562013.36881516,1751903999999
1751904000000,0.022721,0.022882,0.022384,0.022564,568878.453889,1751932799999
1751932800000,0.022554,0.022574,0.022125,0.022287,1057126.64601083,1751961599999
1751961600000,0.022387,0.022744,0.022217,0.022552,325059.1268624,1751990399999
1751990400000,0.022589,0.022929,0.022517,0.022744,680600.1007545,1752019199999
1752019200000,0.02278,0.022992,0.022714,0.022896,290464.47590161,1752047999999
1752048000000,0.022914,0.023157,0.022848,0.023102,279006.59497095,1752076799999
1752076800000,0.023233,0.023455,0.023035,0.023382,469544.4897766,1752105599999
1752105600000,0.023196,0.023527,0.023144,0.023513,303074.28254235,1752134399999
1752134400000,0.02354,0.023663,0.023307,0.023561,445854.33555411,1752163199999
1752163200000,0.023495,0.025628,0.023495,0.024817,7392548.98610404,1752191999999
1752192000000,0.025029,0.025956,0.02455,0.025386,2464846.11561154,1752220799999
1752220800000,0.025276,0.026612,0.02526,0.025391,2719991.85968142,1752249599999
1752249600000,0.025465,0.026162,0.024721,0.025347,1130329.59139833,1752278399999
1752278400000,0.025261,0.025261,0.024417,0.025182,579441.08350425,1752307199999
1752307200000,0.025346,0.025417,0.023379,0.023404,273037.44808037,1752335999999
1752336000000,0.023785,0.024239,0.023485,0.024239,363263.22429265,1752364799999
1752364800000,0.024353,0.02492,0.024094,0.02492,111079.05523644,1752393599999
1752393600000,0.025035,0.02566,0.024753,0.025171,620100.68937761,1752422399999
1752422400000,0.025194,0.025431,0.024608,0.025142,1588131.71208309,1752451199999
1752451200000,0.025339,0.026612,0.025144,0.025638,725888.40467237,1752479999999
1752480000000,0.025498,0.026,0.025107,0.025183,919224.17903985,1752508799999
1752508800000,0.024816,0.0274,0.024816,0.02628,3767937.58004049,1752537599999
1752537600000,0.025973,0.026303,0.025358,0.025769,967985.71941452,1752566399999
1752566400000,0.025887,0.028873,0.025698,0.02776,9964854.04400267,1752595199999
1752595200000,0.027812,0.029,0.027764,0.02882,4391825.13065845,1752623999999
1752624000000,0.028635,0.029006,0.027673,0.028573,1963638.51884713,1752652799999
1752652800000,0.028574,0.028812,0.028132,0.028395,2620296.24971766,1752681599999
1752681600000,0.028473,0.029125,0.028473,0.028512,2185799.32214665,1752710399999
1752710400000,0.02849,0.028863,0.027925,0.028383,2012782.91897158,1752739199999
1752739200000,0.02848,0.028809,0.028236,0.028621,1842537.5118919,1752767999999
1752768000000,0.028402,0.02865,0.0275,0.028399,3207641.11377805,1752796799999
1752796800000,0.028227,0.029516,0.028227,0.028561,4149510.6991951,1752825599999
1752825600000,0.028528,0.028891,0.027332,0.027584,3027608.38584377,1752854399999
1752854400000,0.027693,0.028165,0.027068,0.027267,1088235.8025498,1752883199999
1752883200000,0.027708,0.028109,0.027,0.027595,320424.20648911,1752911999999
1752912000000,0.027483,0.027484,0.027096,0.027315,394480.91500166,1752940799999
1752940800000,0.027353,0.02875,0.027353,0.028357,627763.81806483,1752969599999
1752969600000,0.028321,0.02871,0.027994,0.028531,1300593.66153369,1752998399999
1752998400000,0.028573,0.029251,0.028471,0.029179,2144777.30743765,1753027199999
1753027200000,0.029209,0.029801,0.028838,0.029335,1835118.44967286,1753055999999
1753056000000,0.029305,0.029612,0.028761,0.029423,631210.74827573,1753084799999
1753084800000,0.029576,0.030311,0.029456,0.029996,1766103.10204772,1753113599999
1753113600000,0.029936,0.029938,0.02921,0.029812,1341565.9798986,1753142399999
1753142400000,0.0296,0.029663,0.028039,0.028775,1500916.63641443,1753171199999
1753171200000,0.0282,0.028831,0.02781,0.028693,1577096.74480295,1753199999999
1753200000000,0.028877,0.029944,0.028877,0.029909,2759006.49492869,1753228799999
1753228800000,0.029891,0.029891,0.02914,0.029327,978447.21264608,1753257599999
1753257600000,0.029227,0.029404,0.02726,0.028391,1599516.67004305,1753286399999
1753286400000,0.028333,0.028333,0.027077,0.02823,845481.75813757,1753315199999
1753315200000,0.028015,0.028627,0.026136,0.026924,966052.61751973,1753343999999
1753344000000,0.026856,0.028785,0.026844,0.028432,1032715.3643698,1753372799999
1753372800000,0.028556,0.028994,0.027881,0.02861,1629500.816357,1753401599999
1753401600000,0.028511,0.028511,0.027167,0.028018,691862.34416635,1753430399999
1753430400000,0.028132,0.028696,0.0275,0.0275,974055.35440795,1753459199999
1753459200000,0.027686,0.029003,0.027686,0.028819,793854.08822409,1753487999999
1753488000000,0.029,0.029794,0.028999,0.029696,113657.67047869,1753516799999
1753516800000,0.029581,0.029629,0.029002,0.029002,319514.25085346,1753545599999
1753545600000,0.029254,0.029563,0.02905,0.029111,898097.065423,1753574399999
1753574400000,0.029538,0.030319,0.029218,0.029241,1586738.45762944,1753603199999
1753603200000,0.029032,0.02926,0.028846,0.029101,698469.60177852,1753631999999
1753632000000,0.029329,0.029577,0.029163,0.029402,841878.5157377,1753660799999
1753660800000,0.029481,0.030057,0.028963,0.029737,1602844.84706006,1753689599999
1753689600000,0.029812,0.029951,0.0285,0.02853,756624.26111888,1753718399999
1753718400000,0.029145,0.0303,0.029141,0.029805,1245428.76289365,1753747199999
1753747200000,0.029935,0.030576,0.029066,0.030549,1295920.00184283,1753775999999
1753776000000,0.030538,0.031775,0.029913,0.030323,7235099.22670657,1753804799999
1753804800000,0.03028,0.031803,0.03022,0.031725,3115168.1352518,1753833599999
1753833600000,0.031165,0.031646,0.029701,0.029701,1159549.33260653,1753862399999
1753862400000,0.0297,0.029975,0.029109,0.029907,1820354.7542445,1753891199999
1753891200000,0.029788,0.030477,0.028775,0.029995,2277622.35278412,1753919999999
1753920000000,0.030016,0.030493,0.029846,0.030386,477372.48752644,1753948799999
1753948800000,0.030337,0.03102,0.0293,0.029607,2226725.97396384,1753977599999
1753977600000,0.029814,0.030954,0.028472,0.028683,1611689.16167787,1754006399999
1754006400000,0.028541,0.028978,0.027915,0.028397,507158.11986344,1754035199999
1754035200000,0.028234,0.028251,0.026771,0.027338,1450953.04379493,1754063999999
1754064000000,0.027258,0.027799,0.02594,0.0266,1600528.25546573,1754092799999
1754092800000,0.026399,0.026663,0.025758,0.026198,834779.47405587,1754121599999
1754121600000,0.026215,0.026215,0.024961,0.024961,1328941.79790707,1754150399999
1754150400000,0.024938,0.025281,0.0246,0.0246,917243.67428022,1754179199999
1754179200000,0.024653,0.027095,0.024222,0.026128,1109157.8892561,1754207999999
1754208000000,0.026101,0.027508,0.026078,0.026227,2226975.17045913,1754236799999
1754236800000,0.026421,0.027124,0.026285,0.026856,562187.19134555,1754265599999
1754265600000,0.02653,0.027457,0.02639,0.027329,559527.01459878,1754294399999
1754294400000,0.027134,0.027784,0.026224,0.027655,320463.63817322,1754323199999
1754323200000,0.027695,0.03,0.027603,0.03,2491224.8274422,1754351999999
1754352000000,0.029925,0.030774,0.029219,0.0294,1882641.08901629,1754380799999
1754380800000,0.0292,0.030154,0.028402,0.02846,2636477.96442504,1754409599999
1754409600000,0.028597,0.028783,0.028343,0.028498,825127.90717336,1754438399999
1754438400000,0.028507,0.028915,0.027529,0.028915,279009.46069516,1754467199999
1754467200000,0.028899,0.030095,0.028689,0.029637,927374.36974632,1754495999999
1754496000000,0.029644,0.030494,0.02954,0.030494,932182.97467084,1754524799999
1754524800000,0.030456,0.031145,0.029951,0.03027,2098473.91408326,1754553599999
1754553600000,0.030419,0.031483,0.030251,0.030987,1301951.60337558,1754582399999
1754582400000,0.030996,0.031158,0.030684,0.031085,916655.9766595,1754611199999
1754611200000,0.031078,0.031293,0.030493,0.030799,751397.55179644,1754639999999
1754640000000,0.030922,0.031439,0.030412,0.030752,1930623.99132545,1754668799999
1754668800000,0.030739,0.031416,0.030739,0.030985,1264558.0796164,1754697599999
1754697600000,0.031015,0.0315,0.03065,0.031464,834660.16128704,1754726399999
1754726400000,0.031424,0.03235,0.031288,0.03224,1132914.84426858,1754755199999
1754755200000,0.032252,0.032327,0.031641,0.03188,560711.89296614,1754783999999
1754784000000,0.031222,0.032311,0.031222,0.031246,274312.85057789,1754812799999
1754812800000,0.031118,0.03255,0.030658,0.031082,532445.91378633,1754841599999
1754841600000,0.031449,0.031803,0.031344,0.031803,205839.94883998,1754870399999
1754870400000,0.03146,0.032234,0.031407,0.031407,221528.27330059,1754899199999
1754899200000,0.031345,0.031345,0.029961,0.030254,1513830.84826279,1754927999999
1754928000000,0.030442,0.030519,0.029265,0.029588,727410.0080854,1754956799999
1754956800000,0.029473,0.029927,0.029189,0.029449,185954.72500494,1754985599999
1754985600000,0.029476,0.029669,0.028503,0.029192,2791526.07407054,1755014399999
1755014400000,0.028991,0.030115,0.028884,0.029523,1680295.018555,1755043199999
1755043200000,0.029608,0.029805,0.02875,0.029134,913790.39513012,1755071999999
1755072000000,0.029124,0.029862,0.029113,0.029511,1631085.22679489,1755100799999
1755100800000,0.029468,0.029801,0.0292,0.029733,1516341.44232743,1755129599999
1755129600000,0.029618,0.030076,0.029035,0.029216,561059.65805996,1755158399999
1755158400000,0.029196,0.029196,0.027276,0.027785,2223670.43200765,1755187199999
1755187200000,0.027649,0.02921,0.027477,0.0292,607947.20499299,1755215999999
1755216000000,0.029143,0.029781,0.029143,0.029484,578167.68463688,1755244799999
1755244800000,0.029434,0.029781,0.02804,0.028336,1785099.16626786,1755273599999
1755273600000,0.028233,0.028668,0.028066,0.028409,122217.21558863,1755302399999
1755302400000,0.028817,0.028956,0.0284,0.028549,378608.64045059,1755331199999
1755331200000,0.028543,0.028766,0.028391,0.028656,686844.89229244,1755359999999
1755360000000,0.028539,0.028805,0.028442,0.028642,176801.09530256,1755388799999
1755388800000,0.028916,0.029154,0.028808,0.028933,130564.00998305,1755417599999
1755417600000,0.028861,0.029326,0.028827,0.029222,1502714.03530738,1755446399999
1755446400000,0.029295,0.029308,0.028561,0.028994,450140.73013947,1755475199999
1755475200000,0.02857,0.028603,0.027555,0.027739,787095.35134295,1755503999999
1755504000000,0.027742,0.028119,0.027514,0.027909,515270.72851868,1755532799999
1755532800000,0.02795,0.028736,0.027726,0.028082,740388.25625346,1755561599999
1755561600000,0.02816,0.028288,0.027402,0.027636,617433.04758063,1755590399999
1755590400000,0.027445,0.028185,0.027444,0.027748,650313.4379096,1755619199999
1755619200000,0.027364,0.027364,0.026961,0.02708,729066.93712957,1755647999999
1755648000000,0.027154,0.028167,0.02701,0.028167,1063763.75117905,1755676799999
1755676800000,0.028185,0.028903,0.027657,0.028466,2026007.99308407,1755705599999
1755705600000,0.028465,0.029687,0.028465,0.029453,1703716.90119118,1755734399999
1755734400000,0.029519,0.029519,0.028901,0.029004,213794.92689344,1755763199999
1755763200000,0.028907,0.029003,0.02852,0.02862,666508.48105292,1755791999999
1755792000000,0.02858,0.028677,0.02816,0.028163,254576.9413514,1755820799999
1755820800000,0.028168,0.028741,0.028168,0.028741,91104.06498805,1755849599999
1755849600000,0.028661,0.029667,0.02758,0.02951,2367408.79072727,1755878399999
1755878400000,0.029736,0.030606,0.029695,0.030445,1791466.41809183,1755907199999
1755907200000,0.030445,0.030445,0.029735,0.029855,246302.39174916,1755935999999
1755936000000,0.029942,0.03001,0.029174,0.029323,449448.14462766,1755964799999
1755964800000,0.029352,0.029544,0.029273,0.029442,142128.86445955,1755993599999
1755993600000,0.029513,0.029734,0.029181,0.029241,244394.30369915,1756022399999
1756022400000,0.029,0.02934,0.028733,0.02922,131974.9083497,1756051199999
1756051200000,0.029178,0.030334,0.029,0.029435,1161414.9365865,1756079999999
1756080000000,0.028835,0.029428,0.028,0.028,225598.20937417,1756108799999
1756108800000,0.028,0.028421,0.027301,0.027995,580159.47534861,1756137599999
1756137600000,0.028097,0.028152,0.026561,0.026953,1308029.10127129,1756166399999
1756166400000,0.026748,0.027283,0.026558,0.027283,230071.46129672,1756195199999
1756195200000,0.027133,0.027446,0.026842,0.027178,635376.63698159,1756223999999
1756224000000,0.02725,0.027889,0.027127,0.027441,1609812.3006547,1756252799999
1756252800000,0.027413,0.027812,0.027208,0.027356,278426.57660923,1756281599999
1756281600000,0.027517,0.02765,0.027257,0.027567,652836.67773418,1756310399999
1756310400000,0.027547,0.02765,0.027,0.027,309128.75696174,1756339199999
1756339200000,0.027311,0.028154,0.027311,0.027556,1450331.55610399,1756367999999
1756368000000,0.027774,0.028212,0.027641,0.028,793445.41796993,1756396799999
1756396800000,0.027899,0.027963,0.027401,0.027901,221608.61586985,1756425599999
1756425600000,0.027841,0.027845,0.02693,0.02693,618010.64328837,1756454399999
1756454400000,0.026615,0.027131,0.0263,0.0264,851130.63847191,1756483199999
1756483200000,0.026222,0.026638,0.0261,0.026526,319203.89828776,1756511999999
1756512000000,0.02652,0.026912,0.026269,0.026836,84950.92583657,1756540799999
1756540800000,0.026906,0.026961,0.026364,0.026502,1401146.32851251,1756569599999
1756569600000,0.02672,0.02672,0.02644,0.026562,196244.74911725,1756598399999
1756598400000,0.027329,0.027333,0.026911,0.026911,13555.65647757,1756627199999
1756627200000,0.027012,0.027141,0.026844,0.026987,58661.91719107,1756655999999
1756656000000,0.027032,0.02723,0.026826,0.026826,521673.10085754,1756684799999
1756684800000,0.0265,0.0265,0.026072,0.026147,214106.05567192,1756713599999
1756713600000,0.026841,0.026841,0.026191,0.026209,326538.14495382,1756742399999
1756742400000,0.026116,0.02616,0.02536,0.02561,400200.98653432,1756771199999
1756771200000,0.0264,0.026486,0.026319,0.026319,99324.51526975,1756799999999
1756800000000,0.02642,0.026672,0.026185,0.0263,362360.10972673,1756828799999
1756828800000,0.026398,0.026577,0.026176,0.026521,83986.218879,1756857599999
1756857600000,0.026373,0.0264,0.026274,0.026348,341137.20819153,1756886399999
1756886400000,0.026365,0.026983,0.026272,0.026924,93516.41587405,1756915199999
1756915200000,0.026878,0.027005,0.026788,0.026837,174596.89565448,1756943999999
1756944000000,0.026262,0.026327,0.02601,0.026011,40100.89334854,1756972799999
1756972800000,0.026,0.026238,0.02574,0.025784,876912.33967043,1757001599999
1757001600000,0.025801,0.025838,0.025543,0.025734,105534.31485695,1757030399999
1757030400000,0.025855,0.026193,0.025817,0.026193,402200.17312142,1757059199999
1757059200000,0.026455,0.026651,0.025543,0.025669,642984.76819883,1757087999999
1757088000000,0.025639,0.0261,0.025639,0.025902,229770.68483032,1757116799999
1757116800000,0.025807,0.025807,0.025576,0.025576,17888.90611074,1757145599999
1757145600000,0.025644,0.02568,0.025533,0.0256,803475.49125738,1757174399999
1757174400000,0.0255,0.025553,0.025493,0.025534,32396.62401308,1757203199999
1757203200000,0.025761,0.025817,0.025659,0.025745,5936.00986123,1757231999999
1757232000000,0.025834,0.025834,0.02564,0.025788,160799.17347855,1757260799999
1757260800000,0.025721,0.025964,0.025437,0.025904,346384.04330512,1757289599999
1757289600000,0.02589,0.026063,0.025835,0.026022,44504.54715126,1757318399999
1757318400000,0.026423,0.0338,0.026259,0.031654,1.633828984033579E7,1757347199999
1757347200000,0.03181,0.046699,0.030974,0.038612,9.587963636860551E7,1757375999999
1757376000000,0.038648,0.039369,0.034677,0.036304,1.776687594798407E7,1757404799999
1757404800000,0.036337,0.037398,0.034336,0.036707,1.508840614373476E7,1757433599999
1757433600000,0.036817,0.039621,0.035597,0.03957,1.649325494777324E7,1757462399999
1757462400000,0.038738,0.040284,0.036728,0.036907,6269692.25722578,1757491199999
1757491200000,0.036817,0.038312,0.036813,0.037537,4711023.11632473,1757519999999
1757520000000,0.037517,0.039758,0.03626,0.039045,8440122.43065218,1757548799999
1757548800000,0.0385,0.045828,0.038369,0.041172,7168094.98018751,1757577599999
1757577600000,0.041261,0.045257,0.039718,0.039815,5657549.61324454,1757606399999
1757606400000,0.03975,0.042835,0.039134,0.042056,3504252.73269204,1757635199999
1757635200000,0.042233,0.053309,0.042189,0.051383,2.006335762223712E7,1757663999999
1757664000000,0.051309,0.051309,0.045431,0.048477,1.360083182136702E7,1757692799999
1757692800000,0.048572,0.049091,0.044242,0.045766,7919529.38255893,1757721599999
1757721600000,0.045946,0.048148,0.043857,0.045121,2777720.36628359,1757750399999
1757750400000,0.045213,0.04691,0.044627,0.045683,3580999.26440268,1757779199999
1757779200000,0.045664,0.046722,0.045241,0.046134,895491.00017185,1757807999999
1757808000000,0.0457,0.053295,0.043843,0.050942,6032163.77995784,1757836799999
1757836800000,0.0512,0.051575,0.047952,0.048516,5817116.52568076,1757865599999
1757865600000,0.048558,0.0531,0.048539,0.051861,7643209.48993414,1757894399999
1757894400000,0.05194,0.057,0.0487,0.049007,1.025981496765201E7,1757923199999
1757923200000,0.049101,0.050146,0.047679,0.049777,3934396.48301372,1757951999999
1757952000000,0.0498,0.055255,0.049685,0.054512,9906452.68214315,1757980799999
1757980800000,0.054596,0.055223,0.051633,0.052169,2402687.30702322,1758009599999
1758009600000,0.052076,0.053223,0.050135,0.05229,3223947.0976092,1758038399999
1758038400000,0.0518,0.055785,0.0515,0.05391,4345264.45560865,1758067199999
1758067200000,0.053848,0.056878,0.052836,0.055836,3128078.75106386,1758095999999
1758096000000,0.055702,0.056565,0.052609,0.05371,2900016.51662577,1758124799999
1758124800000,0.053442,0.055381,0.052082,0.054675,4832285.50329564,1758153599999
1758153600000,0.054468,0.055978,0.053583,0.053735,946990.60250131,1758182399999
1758182400000,0.054,0.054457,0.05255,0.053531,2160637.80357417,1758211199999
1758211200000,0.0535,0.055013,0.053347,0.053555,1871215.605739,1758239999999
1758240000000,0.053458,0.055219,0.051541,0.053498,1668509.56285661,1758268799999
1758268800000,0.053465,0.055,0.052161,0.05294,2616775.30589836,1758297599999
1758297600000,0.053484,0.053761,0.050992,0.052855,2415057.31262294,1758326399999
1758326400000,0.052564,0.05454,0.052112,0.052895,739710.66975586,1758355199999
1758355200000,0.052693,0.052944,0.051638,0.052674,1125923.06945075,1758383999999
1758384000000,0.052601,0.052601,0.051735,0.052589,330053.79142878,1758412799999
1758412800000,0.052037,0.052037,0.051001,0.051321,742044.478793,1758441599999
1758441600000,0.051379,0.051593,0.050592,0.051086,653034.78535782,1758470399999
1758470400000,0.050907,0.051487,0.050133,0.050223,1003254.75886951,1758499199999
1758499200000,0.050086,0.053199,0.048077,0.05018,2652226.84920062,1758527999999
1758528000000,0.05019,0.050552,0.049,0.049511,814598.55859427,1758556799999
1758556800000,0.0494,0.054631,0.04845,0.051735,1.145640209901592E7,1758585599999
1758585600000,0.052241,0.052668,0.049156,0.050064,1032210.07211838,1758614399999
1758614400000,0.050054,0.052322,0.049624,0.049722,606404.44143603,1758643199999
1758643200000,0.04961,0.04961,0.046543,0.046543,1776508.35966663,1758671999999
1758672000000,0.046705,0.051352,0.045579,0.050699,1337282.11195291,1758700799999
1758700800000,0.0507,0.054463,0.049839,0.053178,3507598.38860806,1758729599999
1758729600000,0.053122,0.054539,0.052601,0.053056,1481172.11194614,1758758399999
1758758400000,0.05307,0.055316,0.050152,0.050461,1985863.20400751,1758787199999
1758787200000,0.050599,0.051334,0.04754,0.0489,2272090.50137552,1758815999999
1758816000000,0.0489,0.050422,0.04662,0.049334,2235387.24790387,1758844799999
1758844800000,0.050079,0.051809,0.046728,0.050103,3638325.54624624,1758873599999
1758873600000,0.050454,0.05301,0.049554,0.052142,3000368.37914913,1758902399999
1758902400000,0.052068,0.053488,0.051307,0.051935,3375965.89167705,1758931199999
1758931200000,0.051866,0.053472,0.05115,0.052608,897202.84061867,1758959999999
1758960000000,0.052374,0.052539,0.05105,0.05209,705124.21666863,1758988799999
1758988800000,0.051854,0.052147,0.049711,0.050055,1502466.38332272,1759017599999
1759017600000,0.050075,0.050075,0.048943,0.049588,504463.92889753,1759046399999
1759046400000,0.049601,0.058499,0.049511,0.058375,4701108.47625296,1759075199999
1759075200000,0.058433,0.058865,0.053527,0.05566,6361352.79620918,1759103999999
1759104000000,0.055653,0.056598,0.053448,0.054779,5408255.69771737,1759132799999
1759132800000,0.054656,0.056893,0.04429,0.045041,1.308021007397874E7,1759161599999
1759161600000,0.044749,0.049668,0.044638,0.046846,3099856.33794288,1759190399999
1759190400000,0.046946,0.048572,0.044717,0.04501,1077000.45046127,1759219199999
1759219200000,0.04494,0.04507,0.039563,0.040024,5016259.19903865,1759247999999
1759248000000,0.039966,0.041325,0.039744,0.040214,2043109.69581513,1759276799999
1759276800000,0.040667,0.041445,0.039,0.039828,1642638.02689003,1759305599999
1759305600000,0.039893,0.045454,0.039739,0.044754,4263860.14183505,1759334399999
1759334400000,0.044867,0.046499,0.04372,0.043966,1387015.97663165,1759363199999
1759363200000,0.044109,0.046541,0.044015,0.045878,638664.63058702,1759391999999
1759392000000,0.045862,0.046221,0.043154,0.043572,1164489.13318781,1759420799999
1759420800000,0.043595,0.044455,0.042376,0.043851,1286215.57354479,1759449599999
1759449600000,0.043895,0.043925,0.042956,0.043289,312059.48139493,1759478399999
1759478400000,0.043426,0.045142,0.043018,0.044951,1832320.72641067,1759507199999
1759507200000,0.044888,0.045875,0.043753,0.045165,3096722.11978952,1759535999999
1759536000000,0.045061,0.045093,0.044068,0.044301,472992.6829178,1759564799999
1759564800000,0.044313,0.04573,0.043978,0.04427,1809186.05598557,1759593599999
1759593600000,0.044466,0.04506,0.044013,0.044557,626628.55590603,1759622399999
1759622400000,0.045016,0.047618,0.044789,0.047495,1497838.78167553,1759651199999
1759651200000,0.047514,0.048301,0.045765,0.045907,1315363.22897654,1759679999999
1759680000000,0.046009,0.046114,0.0449,0.045001,760686.83438614,1759708799999
1759708800000,0.04475,0.04698,0.04475,0.04647,59101.56424332,1759737599999
1759737600000,0.04671,0.048082,0.04671,0.048045,502323.31976312,1759766399999
1759766400000,0.048001,0.048708,0.047991,0.048177,2569079.78831602,1759795199999
1759795200000,0.0485,0.049153,0.04719,0.047443,607433.46206726,1759823999999
1759824000000,0.047191,0.048846,0.045872,0.046217,915632.60958281,1759852799999
1759852800000,0.045924,0.047757,0.045689,0.046569,782222.94814329,1759881599999
1759881600000,0.046568,0.04657,0.044849,0.045452,168167.94316669,1759910399999
1759910400000,0.04556,0.0462,0.045321,0.045662,1327301.27270583,1759939199999
1759939200000,0.04558,0.046431,0.044725,0.044725,514678.84079961,1759967999999
1759968000000,0.04444,0.04444,0.042437,0.04275,499965.09821117,1759996799999
1759996800000,0.042911,0.046,0.042564,0.044871,2167040.1255936,1760025599999
1760025600000,0.044883,0.046915,0.044452,0.046693,3604122.45196608,1760054399999
1760054400000,0.046231,0.047064,0.045992,0.046153,266165.41646618,1760083199999
1760083200000,0.046338,0.047152,0.04415,0.045828,1206321.52336951,1760111999999
1760112000000,0.046145,0.050261,0.021526,0.036359,1.893696182773152E7,1760140799999
1760140800000,0.035964,0.04,0.03594,0.039003,8149120.28793632,1760169599999
1760169600000,0.03896,0.040522,0.038123,0.038828,4.721402156691895E7,1760198399999
1760198400000,0.039169,0.039415,0.035856,0.037146,1.034589841135761E7,1760227199999
1760227200000,0.036744,0.036744,0.035968,0.036415,723953.97859713,1760255999999
1760256000000,0.036453,0.038212,0.034382,0.038015,4017267.50697962,1760284799999
1760284800000,0.038397,0.040897,0.038147,0.039358,2138724.00375064,1760313599999
1760313600000,0.038949,0.040329,0.038723,0.039408,518582.69954189,1760342399999
1760342400000,0.039685,0.041451,0.038455,0.040987,1343186.84291673,1760371199999
1760371200000,0.040923,0.043111,0.04067,0.042881,791814.90528815,1760399999999
1760400000000,0.042614,0.042614,0.037392,0.038771,1083590.76833457,1760428799999
1760428800000,0.039014,0.039595,0.0375,0.038193,903628.17302747,1760457599999
1760457600000,0.038972,0.039318,0.037518,0.037574,1202543.24101865,1760486399999
1760486400000,0.037185,0.037677,0.033481,0.03428,2509693.4285483,1760515199999
1760515200000,0.034267,0.034991,0.032524,0.032719,5416356.17507825,1760543999999
1760544000000,0.03275,0.032882,0.030287,0.030847,4362636.95833823,1760572799999
1760572800000,0.030763,0.030763,0.029086,0.029625,1975477.35679032,1760601599999
1760601600000,0.029369,0.03006,0.027822,0.027822,3692274.3855325,1760630399999
1760630400000,0.027741,0.028509,0.026683,0.027378,5770023.38506554,1760659199999
1760659200000,0.027383,0.0274,0.025081,0.025081,5296342.61457399,1760687999999
1760688000000,0.025185,0.026204,0.024288,0.024881,4099445.03383101,1760716799999
1760716800000,0.025209,0.026021,0.024812,0.025085,5291261.55687808,1760745599999
1760745600000,0.025,0.025664,0.02459,0.025297,1789802.62215349,1760774399999
1760774400000,0.025019,0.025253,0.024274,0.024373,1980418.2108409,1760803199999
1760803200000,0.024356,0.0248,0.023939,0.024644,1341372.22062486,1760831999999
1760832000000,0.024577,0.024577,0.023608,0.023678,1405736.51733755,1760860799999
1760860800000,0.023615,0.026542,0.02319,0.026187,6217206.88245869,1760889599999
1760889600000,0.026314,0.026852,0.025159,0.025159,5525977.39267372,1760918399999
1760918400000,0.025192,0.025822,0.024513,0.02545,2273235.99998545,1760947199999
1760947200000,0.025269,0.025793,0.024817,0.024817,2204227.86991287,1760975999999
1760976000000,0.024766,0.024881,0.024153,0.024863,2741110.99493263,1761004799999
1761004800000,0.024636,0.024636,0.0235,0.023735,1217903.58150178,1761033599999
1761033600000,0.023604,0.028416,0.023465,0.027515,1.939953753415445E7,1761062399999
1761062400000,0.02761,0.02875,0.026409,0.026475,6149210.7833506,1761091199999
1761091200000,0.026283,0.026906,0.025642,0.025891,1546254.17682189,1761119999999
1761120000000,0.025872,0.026047,0.025237,0.025708,2960792.41571758,1761148799999
1761148800000,0.02544,0.025553,0.023822,0.024372,1331447.35590409,1761177599999
1761177600000,0.02432,0.025444,0.02408,0.025309,825880.55287743,1761206399999
1761206400000,0.025322,0.026071,0.024967,0.025114,1906198.15556054,1761235199999
1761235200000,0.025031,0.025857,0.024919,0.025122,1145953.41178934,1761263999999
1761264000000,0.025529,0.025731,0.024955,0.025332,771549.19529429,1761292799999
1761292800000,0.025222,0.025703,0.024353,0.024353,1289564.06955583,1761321599999
1761321600000,0.024415,0.025552,0.024235,0.025523,1359980.9657424,1761350399999
1761350400000,0.025057,0.025215,0.024691,0.024968,1034170.31905402,1761379199999
1761379200000,0.024905,0.025259,0.024519,0.024519,1634475.23630096,1761407999999
1761408000000,0.02454,0.024583,0.024037,0.024547,1263588.31736358,1761436799999
1761436800000,0.024989,0.027298,0.02498,0.026225,3885981.74664436,1761465599999
1761465600000,0.026401,0.027092,0.026068,0.026781,2020192.85818776,1761494399999
1761494400000,0.026433,0.027014,0.026223,0.026714,2767637.79755832,1761523199999
1761523200000,0.026865,0.027919,0.026422,0.026422,1103884.86236396,1761551999999
1761552000000,0.02635,0.026424,0.025343,0.02562,1871491.7931029,1761580799999
1761580800000,0.025827,0.026393,0.025554,0.025815,934449.19300325,1761609599999
1761609600000,0.025718,0.025764,0.025,0.025569,533876.15917537,1761638399999
1761638400000,0.025698,0.026042,0.025302,0.02562,1172845.5529253,1761667199999
1761667200000,0.025486,0.025611,0.024373,0.024927,1173329.05158539,1761695999999
1761696000000,0.024831,0.024867,0.024353,0.02436,1357369.84949612,1761724799999
1761724800000,0.02441,0.02476,0.024,0.024,1948371.73060901,1761753599999
1761753600000,0.023913,0.024821,0.02375,0.024169,1103391.36862351,1761782399999
1761782400000,0.024386,0.024386,0.023453,0.023941,236386.90858305,1761811199999
1761811200000,0.023828,0.023828,0.02245,0.022499,1591291.69764316,1761839999999
1761840000000,0.02244,0.022719,0.021234,0.021468,3453519.60863027,1761868799999
1761868800000,0.022311,0.022887,0.021752,0.022783,1132104.43818328,1761897599999
1761897600000,0.023027,0.023534,0.02255,0.023345,2063808.24683706,1761926399999
1761926400000,0.023091,0.02398,0.022505,0.023755,3589337.93400909,1761955199999
1761955200000,0.023575,0.02476,0.023477,0.024249,1695362.73720254,1761983999999
1761984000000,0.024546,0.024546,0.023795,0.024178,2004929.17976385,1762012799999
1762012800000,0.02419,0.024455,0.02389,0.024155,372992.88897435,1762041599999
1762041600000,0.024283,0.024672,0.023566,0.024578,141625.18105059,1762070399999
1762070400000,0.0248,0.025668,0.024105,0.024779,1103124.73997573,1762099199999
1762099200000,0.024616,0.025203,0.024255,0.025203,397791.71095012,1762127999999
1762128000000,0.024898,0.024898,0.022269,0.022679,1173972.12921808,1762156799999
1762156800000,0.02253,0.022679,0.020394,0.020937,4156883.00026647,1762185599999
1762185600000,0.02084,0.021675,0.020383,0.021003,4142254.81511395,1762214399999
1762214400000,0.020977,0.021245,0.019606,0.019664,1846308.4325958,1762243199999
1762243200000,0.019716,0.021373,0.0197,0.021037,815821.55024784,1762271999999
1762272000000,0.021268,0.02145,0.0195,0.020706,3695830.9275691,1762300799999
1762300800000,0.020527,0.021177,0.019712,0.021162,857983.076987,1762329599999
1762329600000,0.020993,0.021083,0.020571,0.020943,1130953.54175754,1762358399999
1762358400000,0.02098,0.022045,0.020839,0.021751,1306881.37799217,1762387199999
1762387200000,0.021494,0.021494,0.020734,0.021018,836967.56813705,1762415999999
1762416000000,0.021023,0.021508,0.020289,0.020383,2132638.48440975,1762444799999
1762444800000,0.020258,0.020344,0.019626,0.020081,4780793.60445417,1762473599999
1762473600000,0.020444,0.021396,0.020158,0.021382,1172572.6710336,1762502399999
1762502400000,0.021378,0.021514,0.02013,0.021427,2865625.12931341,1762531199999
1762531200000,0.021425,0.022768,0.021323,0.022201,5185038.57770851,1762559999999
1762560000000,0.022226,0.02256,0.021506,0.021708,1375282.11358665,1762588799999
1762588800000,0.021928,0.023506,0.021811,0.02188,4527875.01000564,1762617599999
1762617600000,0.02178,0.022318,0.021707,0.022306,1392454.45361864,1762646399999
1762646400000,0.02219,0.02219,0.021,0.021504,590385.38898587,1762675199999
1762675200000,0.021731,0.022327,0.021189,0.022303,1229182.83160771,1762703999999
1762704000000,0.02222,0.022431,0.021887,0.022275,873161.74485323,1762732799999
1762732800000,0.022324,0.022789,0.022321,0.02257,579387.49678946,1762761599999
1762761600000,0.022555,0.022999,0.02209,0.022363,2885925.12032075,1762790399999
1762790400000,0.022287,0.023333,0.022044,0.022868,1010829.21207617,1762819199999
1762819200000,0.022972,0.02309,0.022,0.022042,512190.12860499,1762847999999
1762848000000,0.022196,0.022498,0.021798,0.02222,875249.08978059,1762876799999
1762876800000,0.022151,0.022271,0.021338,0.021605,648305.39735422,1762905599999
1762905600000,0.021179,0.0222,0.021179,0.021818,539238.38076439,1762934399999
1762934400000,0.02196,0.022403,0.021307,0.021317,452398.68152563,1762963199999
1762963200000,0.021328,0.02153,0.020965,0.021278,698052.36111638,1762991999999
1762992000000,0.02158,0.022032,0.021497,0.021497,621640.53628571,1763020799999
1763020800000,0.021511,0.021662,0.02065,0.020716,1800339.55147572,1763049599999
1763049600000,0.020747,0.020747,0.019,0.019355,2332064.88113436,1763078399999
1763078400000,0.019325,0.019363,0.018,0.018675,1836471.55234086,1763107199999
1763107200000,0.018676,0.019307,0.018105,0.0192,1034075.08103194,1763135999999
1763136000000,0.019132,0.019489,0.018575,0.0187,790600.66247623,1763164799999
1763164800000,0.018679,0.019686,0.018679,0.019682,304279.76602737,1763193599999
1763193600000,0.019293,0.019467,0.019111,0.019142,1015401.614739,1763222399999
1763222400000,0.019134,0.019354,0.018966,0.019236,292567.68800142,1763251199999
1763251200000,0.019025,0.019243,0.018975,0.019217,201719.21581962,1763279999999
1763280000000,0.019278,0.019394,0.018447,0.018447,322734.62047434,1763308799999
1763308800000,0.018399,0.018622,0.017845,0.018579,2266375.89662055,1763337599999
1763337600000,0.018385,0.018864,0.018385,0.018772,504512.15536788,1763366399999
1763366400000,0.018991,0.019168,0.018346,0.018812,1310532.20004819,1763395199999
1763395200000,0.018228,0.018562,0.01739,0.017498,2550455.76852336,1763423999999
1763424000000,0.017631,0.017773,0.0172,0.017482,1440697.82147453,1763452799999
1763452800000,0.017531,0.018144,0.01727,0.018135,1338711.21463774,1763481599999
1763481600000,0.018243,0.019327,0.018243,0.018717,1248804.52409749,1763510399999
1763510400000,0.018698,0.018698,0.017628,0.018188,374522.44012029,1763539199999
1763539200000,0.018203,0.018427,0.017221,0.017221,2002254.86323304,1763567999999
1763568000000,0.017246,0.017446,0.016379,0.017439,1202409.72886098,1763596799999
1763596800000,0.017327,0.017763,0.0172,0.017732,398861.43857821,1763625599999
1763625600000,0.017992,0.018162,0.017339,0.017339,1831484.71863412,1763654399999
1763654400000,0.0172,0.017245,0.0159,0.016238,1112313.38454474,1763683199999
1763683200000,0.016255,0.016504,0.014561,0.01485,1365560.38465141,1763711999999
1763712000000,0.014891,0.015,0.013881,0.014463,3638302.47068465,1763740799999
1763740800000,0.014463,0.015131,0.013456,0.013539,2325653.45412502,1763769599999
1763769600000,0.013934,0.013943,0.01296,0.013054,1221791.93655061,1763798399999
1763798400000,0.013007,0.01338,0.012657,0.013138,1818965.97880865,1763827199999
1763827200000,0.013248,0.01371,0.013248,0.013672,2359233.41832446,1763855999999
1763856000000,0.013818,0.014026,0.013818,0.013821,480727.14521292,1763884799999
1763884800000,0.013871,0.01428,0.013774,0.013956,889113.99362016,1763913599999
1763913600000,0.013954,0.014135,0.0138,0.013874,962257.8275981,1763942399999
1763942400000,0.01354,0.013943,0.01352,0.013821,736360.29238732,1763971199999
1763971200000,0.013731,0.013957,0.013287,0.013957,947487.16987803,1763999999999
1764000000000,0.013899,0.0143,0.013862,0.01417,2674333.50901044,1764028799999
1764028800000,0.013929,0.014847,0.013929,0.014647,314423.25489276,1764057599999
1764057600000,0.014591,0.014646,0.013933,0.013933,916701.33931929,1764086399999
1764086400000,0.01433,0.014499,0.013977,0.014499,1060755.52569467,1764115199999
1764115200000,0.014124,0.01424,0.014116,0.01424,173355.5213733,1764143999999
1764144000000,0.014218,0.014218,0.013685,0.0139,485081.87784732,1764172799999
1764172800000,0.013949,0.014429,0.013918,0.014319,453837.49558777,1764201599999
1764201600000,0.014331,0.014435,0.014299,0.014388,220808.33367818,1764230399999
1764230400000,0.014289,0.014289,0.013978,0.014148,504952.99585116,1764259199999
1764259200000,0.014189,0.014189,0.013842,0.013939,1119196.84868051,1764287999999
1764288000000,0.014122,0.014154,0.013389,0.013495,507982.64489585,1764316799999
1764316800000,0.013441,0.013822,0.013441,0.013682,355775.44733257,1764345599999
1764345600000,0.013525,0.013525,0.013116,0.013378,408254.34341433,1764374399999
1764374400000,0.013337,0.013394,0.013236,0.013249,193445.51992531,1764403199999
1764403200000,0.01322,0.013263,0.013136,0.01322,287028.02521162,1764431999999
1764432000000,0.013,0.013238,0.012896,0.013225,291616.52122434,1764460799999
1764460800000,0.013245,0.01358,0.013215,0.013456,725197.09712763,1764489599999
1764489600000,0.013462,0.0136,0.01328,0.01328,393521.92390806,1764518399999
1764518400000,0.013201,0.013325,0.012645,0.012645,1297968.68406706,1764547199999
1764547200000,0.012526,0.01253,0.011634,0.011854,1200027.18392115,1764575999999
1764576000000,0.011867,0.011958,0.01135,0.011559,1248555.82918506,1764604799999
1764604800000,0.011368,0.011804,0.011317,0.011804,1154930.13512255,1764633599999
1764633600000,0.011592,0.011741,0.0115,0.01174,172192.55644532,1764662399999
1764662400000,0.011821,0.012543,0.01154,0.012543,402009.29849558,1764691199999
1764691200000,0.012805,0.012805,0.01239,0.01249,789232.10991666,1764719999999
1764720000000,0.012445,0.013161,0.01237,0.012795,621800.65143987,1764748799999
1764748800000,0.012766,0.012766,0.012392,0.012482,487405.25565976,1764777599999
1764777600000,0.0123,0.012661,0.0123,0.012661,2165986.53184381,1764806399999
1764806400000,0.012607,0.01262,0.012389,0.012425,484876.07087208,1764835199999
1764835200000,0.012458,0.012512,0.012217,0.012399,717288.55041314,1764863999999
1764864000000,0.012429,0.012429,0.011936,0.012097,360085.34168822,1764892799999
1764892800000,0.012032,0.012124,0.01183,0.01183,259150.99249841,1764921599999
1764921600000,0.012013,0.012013,0.01162,0.011882,379614.40247144,1764950399999
1764950400000,0.011645,0.011735,0.011359,0.011735,1446527.85581737,1764979199999
1764979200000,0.011637,0.011738,0.011637,0.01172,43555.21225197,1765007999999
1765008000000,0.011704,0.011781,0.011607,0.011781,1701369.40427726,1765036799999
1765036800000,0.011803,0.012213,0.011803,0.012103,344319.62726768,1765065599999
1765065600000,0.012095,0.012191,0.012018,0.012172,132964.52338685,1765094399999
1765094400000,0.011878,0.012267,0.011305,0.01166,1130544.1394919,1765123199999
1765123200000,0.011652,0.011982,0.011411,0.011537,2255485.54936858,1765151999999
1765152000000,0.011747,0.011791,0.01168,0.011768,522128.28515517,1765180799999
1765180800000,0.01178,0.011949,0.011766,0.011795,576231.54849271,1765209599999
1765209600000,0.011533,0.011701,0.0115,0.011658,320319.35490145,1765238399999
1765238400000,0.011809,0.011931,0.011459,0.01155,1701446.76937205,1765267199999
1765267200000,0.011561,0.011906,0.011401,0.011906,261841.69159864,1765295999999
1765296000000,0.011992,0.01214,0.011748,0.011826,1352172.78971842,1765324799999
1765324800000,0.011595,0.011716,0.011592,0.011636,251290.004164,1765353599999
1765353600000,0.011525,0.011592,0.011305,0.011447,485514.81923729,1765382399999
1765382400000,0.011478,0.012026,0.01146,0.011549,1122129.15506532,1765411199999
1765411200000,0.011337,0.011337,0.010862,0.010884,980752.25079227,1765439999999
1765440000000,0.010923,0.010995,0.010666,0.010681,649977.22143261,1765468799999
1765468800000,0.010595,0.011087,0.010528,0.010891,1540193.62286884,1765497599999
1765497600000,0.010722,0.011016,0.010677,0.010931,387230.91809371,1765526399999
1765526400000,0.010902,0.010902,0.010306,0.010306,841644.56114146,1765555199999
1765555200000,0.010228,0.010228,0.009999,0.010128,1181641.6961106,1765583999999
1765584000000,0.010107,0.010107,0.00985,0.009916,1932285.48200326,1765612799999
1765612800000,0.009954,0.010007,0.009847,0.009906,1961522.65877449,1765641599999
1765641600000,0.009943,0.01001,0.009896,0.009964,241685.90450974,1765670399999
1765670400000,0.010002,0.010002,0.009771,0.009844,82382.83368416,1765699199999
1765699200000,0.009845,0.00987,0.0095,0.009553,779400.29751421,1765727999999
1765728000000,0.009595,0.009655,0.0094,0.009512,2376408.63689159,1765756799999
1765756800000,0.009514,0.009914,0.009514,0.00957,1139706.28390712,1765785599999
1765785600000,0.009546,0.009564,0.0089,0.0089,703521.73969747,1765814399999
1765814400000,0.008913,0.008913,0.008463,0.008578,1647838.78168461,1765843199999
1765843200000,0.008566,0.008566,0.008208,0.008236,1569572.8373803,1765871999999
1765872000000,0.008262,0.008458,0.008238,0.00825,1187944.06624249,1765900799999
1765900800000,0.008307,0.008406,0.008193,0.008374,1814177.55416686,1765929599999
1765929600000,0.008281,0.008318,0.008095,0.008095,224782.40642476,1765958399999
1765958400000,0.00818,0.008455,0.00812,0.008123,438290.00389755,1765987199999
1765987200000,0.008122,0.008122,0.007687,0.007687,1899633.51860148,1766015999999
1766016000000,0.007672,0.007737,0.00764,0.007646,537998.49215812,1766044799999
1766044800000,0.007676,0.00809,0.007638,0.007848,659456.94351615,1766073599999
1766073600000,0.007855,0.007872,0.007341,0.007483,1457333.06259814,1766102399999
1766102400000,0.007474,0.008197,0.007449,0.007999,2593496.82607033,1766131199999
1766131200000,0.007913,0.008194,0.007893,0.008189,797220.02263803,1766159999999
1766160000000,0.00818,0.008416,0.008106,0.008272,987308.00474175,1766188799999
1766188800000,0.008255,0.008347,0.008212,0.008248,598469.27997197,1766217599999
1766217600000,0.008299,0.008469,0.008154,0.008432,1177724.41008253,1766246399999
1766246400000,0.008303,0.009042,0.008282,0.008616,4368281.91708146,1766275199999
1766275200000,0.00853,0.008589,0.008349,0.00844,840760.69641163,1766303999999
1766304000000,0.008417,0.008496,0.008072,0.008126,1833427.19861503,1766332799999
1766332800000,0.008102,0.008225,0.008027,0.008211,707872.59335029,1766361599999
1766361600000,0.008186,0.0082,0.007987,0.008109,164508.15197234,1766390399999
1766390400000,0.008106,0.008142,0.008009,0.008009,323155.32380246,1766419199999
1766419200000,0.008136,0.008136,0.007858,0.007937,617614.75199826,1766447999999
1766448000000,0.007937,0.007937,0.007542,0.007609,1689299.45811362,1766476799999
1766476800000,0.007574,0.007754,0.007547,0.007754,920333.2253725,1766505599999
1766505600000,0.007697,0.007801,0.007676,0.007677,452756.15289545,1766534399999
1766534400000,0.007694,0.007723,0.007583,0.007647,289410.39807367,1766563199999
1766563200000,0.007639,0.008024,0.007576,0.008024,1404297.37257826,1766591999999
1766592000000,0.007909,0.008307,0.007909,0.0081,1713238.40862405,1766620799999
1766620800000,0.008071,0.0084,0.00806,0.008316,886220.80405622,1766649599999
1766649600000,0.008383,0.008606,0.008157,0.008212,4637760.70100963,1766678399999
1766678400000,0.008238,0.008253,0.007805,0.007816,466759.14078728,1766707199999
1766707200000,0.007759,0.008432,0.007759,0.008045,409456.65573876,1766735999999
1766736000000,0.008058,0.008108,0.007875,0.007875,789633.23329545,1766764799999
1766764800000,0.007878,0.007989,0.007859,0.007912,600476.78750023,1766793599999
1766793600000,0.008128,0.00844,0.008003,0.008317,1134764.9921151,1766822399999
1766822400000,0.008197,0.008198,0.007956,0.007996,1014600.49947913,1766851199999
1766851200000,0.008039,0.008102,0.007985,0.008047,1206127.55671011,1766879999999
1766880000000,0.008106,0.008128,0.008065,0.008091,1138426.62127035,1766908799999
1766908800000,0.0081,0.008175,0.008046,0.008113,1364023.08217243,1766937599999
1766937600000,0.008093,0.008094,0.007836,0.007959,1407387.7201119,1766966399999
1766966400000,0.00797,0.008453,0.00797,0.0083,1215688.44033289,1766995199999
1766995200000,0.008284,0.008286,0.007947,0.008036,3633878.83150748,1767023999999
1767024000000,0.008096,0.008167,0.00786,0.007883,566463.18479745,1767052799999
1767052800000,0.007893,0.007893,0.007578,0.007768,1248459.89343518,1767081599999
1767081600000,0.007826,0.007879,0.007641,0.007849,1205702.52868991,1767110399999
1767110400000,0.007896,0.007921,0.007832,0.007837,264500.33355818,1767139199999
1767139200000,0.007764,0.00786,0.007688,0.007745,110884.7282242,1767167999999
1767168000000,0.007742,0.007827,0.007635,0.007638,4431187.46630299,1767196799999
1767196800000,0.007621,0.007622,0.007186,0.007344,3027525.55204673,1767225599999
1767225600000,0.007344,0.007375,0.007276,0.007334,1913054.95113118,1767254399999
1767254400000,0.007354,0.007528,0.007312,0.00746,1297720.73447138,1767283199999
1767283200000,0.007529,0.007738,0.007461,0.007737,1090440.07613756,1767311999999
1767312000000,0.007824,0.007943,0.0078,0.007831,628432.9721444,1767340799999
1767340800000,0.007864,0.008292,0.007864,0.008251,4205765.69451306,1767369599999
1767369600000,0.008252,0.008508,0.008252,0.00845,5101187.60640865,1767398399999
1767398400000,0.008437,0.00861,0.00815,0.00826,3661280.09389515,1767427199999
1767427200000,0.008158,0.008411,0.008158,0.00827,627884.93402999,1767455999999
1767456000000,0.008353,0.008525,0.008353,0.008522,250863.18811456,1767484799999
1767484800000,0.008634,0.009616,0.008529,0.008937,5055595.30338421,1767513599999
1767513600000,0.0089,0.009114,0.00885,0.009084,1117743.29265777,1767542399999
1767542400000,0.008964,0.009013,0.008757,0.00884,1743570.6233184,1767571199999
1767571200000,0.008909,0.009749,0.008909,0.009528,1199291.6493863,1767599999999
1767600000000,0.009478,0.009869,0.009295,0.009778,2436680.71091665,1767628799999
1767628800000,0.0099,0.010969,0.009459,0.010314,2.224450506828598E7,1767657599999
1767657600000,0.010166,0.010192,0.0098,0.0098,1698562.43347683,1767686399999
1767686400000,0.009876,0.01035,0.009783,0.010031,3810820.27274505,1767715199999
1767715200000,0.010061,0.010062,0.009422,0.009993,1.135268966507357E7,1767743999999
1767744000000,0.009991,0.009991,0.00949,0.009617,1235865.05081683,1767772799999
1767772800000,0.009673,0.00971,0.009131,0.009185,1100122.89844921,1767801599999
1767801600000,0.009111,0.009249,0.008938,0.009137,2080399.20249011,1767830399999
1767830400000,0.009133,0.009138,0.008664,0.008754,1314403.12458446,1767859199999
1767859200000,0.008785,0.009109,0.008656,0.009085,993035.12637439,1767887999999
1767888000000,0.009144,0.009374,0.008961,0.009116,1286320.50739387,1767916799999
1767916800000,0.009067,0.009105,0.008846,0.009012,682621.38814473,1767945599999
1767945600000,0.008987,0.00919,0.008815,0.009112,1275530.42746456,1767974399999
1767974400000,0.009142,0.009181,0.00881,0.008955,300543.17608433,1768003199999
1768003200000,0.008818,0.008853,0.008727,0.008776,719187.02136823,1768031999999
1768032000000,0.008827,0.009114,0.008827,0.008915,1639406.25934292,1768060799999
1768060800000,0.008903,0.008957,0.008777,0.008918,540035.63105765,1768089599999
1768089600000,0.008938,0.008938,0.008839,0.008856,127940.71330826,1768118399999
1768118400000,0.008893,0.008962,0.00878,0.008842,448473.59077077,1768147199999
1768147200000,0.008898,0.008921,0.00864,0.00864,1666295.25252545,1768175999999
1768176000000,0.008607,0.009027,0.00859,0.008728,2969443.82478265,1768204799999
1768204800000,0.0087,0.0087,0.008361,0.008601,5281926.93011542,1768233599999
1768233600000,0.008711,0.008788,0.008429,0.008429,832493.39199883,1768262399999
1768262400000,0.008466,0.008507,0.008249,0.008435,142513.82438068,1768291199999
1768291200000,0.008526,0.008847,0.008526,0.008847,1524602.21518237,1768319999999
1768320000000,0.008889,0.009183,0.008799,0.009024,1368453.11233964,1768348799999
1768348800000,0.009078,0.009085,0.008881,0.008981,884818.92085124,1768377599999
1768377600000,0.008955,0.009385,0.008955,0.009313,2277998.36391799,1768406399999
1768406400000,0.009372,0.00943,0.009046,0.009117,4306363.17592986,1768435199999
1768435200000,0.009117,0.009117,0.008745,0.008982,890051.06422456,1768463999999
1768464000000,0.008941,0.008979,0.008599,0.0086,1015807.28240679,1768492799999
1768492800000,0.008672,0.008728,0.008446,0.00867,1881363.34947636,1768521599999
1768521600000,0.008667,0.008702,0.008658,0.008658,37917.75065717,1768550399999
1768550400000,0.008665,0.008665,0.00827,0.00827,300947.55828475,1768579199999
1768579200000,0.00833,0.008691,0.00833,0.008682,1206459.04465523,1768607999999
1768608000000,0.008656,0.008697,0.00862,0.008674,60044.84027978,1768636799999
1768636800000,0.008682,0.008966,0.008619,0.008893,3704943.64065682,1768665599999
1768665600000,0.008795,0.008822,0.00875,0.00875,117113.71381636,1768694399999
1768694400000,0.008522,0.008688,0.008522,0.008637,581745.52778151,1768723199999
1768723200000,0.008602,0.008766,0.00844,0.008625,3411495.78681346,1768751999999
1768752000000,0.008668,0.008723,0.00823,0.008246,1427900.71651883,1768780799999
1768780800000,0.008049,0.008049,0.00726,0.0077,2490805.97657355,1768809599999
1768809600000,0.007711,0.007744,0.007612,0.007675,3148106.64998001,1768838399999
1768838400000,0.007713,0.007913,0.007709,0.007709,1060913.20784198,1768867199999
1768867200000,0.007695,0.007695,0.007412,0.007417,718881.58535526,1768895999999
1768896000000,0.007388,0.007496,0.007295,0.00734,579852.10945414,1768924799999
1768924800000,0.007388,0.007484,0.007053,0.007053,2127490.20898843,1768953599999
1768953600000,0.007086,0.007294,0.007086,0.007211,967306.05979895,1768982399999
1768982400000,0.007208,0.00745,0.007053,0.007394,1877244.77779405,1769011199999
1769011200000,0.00715,0.007504,0.006967,0.007458,3331944.93594935,1769039999999
1769040000000,0.007516,0.007774,0.007515,0.007564,991148.37451352,1769068799999
1769068800000,0.00758,0.00818,0.007287,0.00738,1.132047619352881E7,1769097599999
1769097600000,0.007336,0.007474,0.00732,0.007349,1756863.15466243,1769126399999
1769126400000,0.007387,0.007663,0.007377,0.007612,499468.89542899,1769155199999
1769155200000,0.007609,0.007609,0.007412,0.007522,2433916.59808863,1769183999999
1769184000000,0.007556,0.007625,0.007378,0.007431,3322947.48439691,1769212799999
1769212800000,0.007392,0.007561,0.007392,0.007467,1209828.48132051,1769241599999
1769241600000,0.007474,0.007513,0.007309,0.007335,3635453.30662623,1769270399999
1769270400000,0.00733,0.007467,0.007258,0.007467,286340.92140901,1769299199999
1769299200000,0.007424,0.007759,0.007424,0.007706,1559297.96351632,1769327999999
1769328000000,0.0077,0.007999,0.00766,0.007875,5870574.04680749,1769356799999
1769356800000,0.0079,0.0079,0.00694,0.007009,2769779.93659626,1769385599999
1769385600000,0.007189,0.007521,0.0071,0.007455,1737879.95320524,1769414399999
1769414400000,0.007432,0.007522,0.00731,0.007476,3590707.60726013,1769443199999
1769443200000,0.007444,0.007691,0.007443,0.007555,1615563.24532252,1769471999999
1769472000000,0.00748,0.00748,0.007448,0.007448,51602.06868292,1769500799999
1769500800000,0.007544,0.007544,0.007219,0.007222,916582.87534538,1769529599999
1769529600000,0.007379,0.007649,0.007268,0.007645,763690.02102407,1769558399999
1769558400000,0.007544,0.007589,0.007497,0.007557,149236.78286595,1769587199999
1769587200000,0.00758,0.007843,0.00757,0.007591,2110650.72479277,1769615999999
1769616000000,0.007578,0.007926,0.007486,0.007839,926213.0639625,1769644799999
1769644800000,0.007789,0.007789,0.007369,0.007415,2011817.02066765,1769673599999
1769673600000,0.007341,0.007609,0.007007,0.007078,2191468.66985212,1769702399999
1769702400000,0.006991,0.007181,0.006871,0.007039,2372104.00836616,1769731199999
1769731200000,0.006856,0.006858,0.006674,0.00682,3630040.38273183,1769759999999
1769760000000,0.006851,0.006946,0.006746,0.006946,3128244.25355257,1769788799999
1769788800000,0.006969,0.007092,0.006764,0.006959,498473.59530407,1769817599999
1769817600000,0.006945,0.006945,0.006701,0.006701,287872.91642542,1769846399999
1769846400000,0.006691,0.006691,0.006075,0.006132,2928431.41050303,1769875199999
1769875200000,0.006088,0.006123,0.0055,0.006113,5645541.58939799,1769903999999
1769904000000,0.006118,0.006359,0.006082,0.006319,624154.99010478,1769932799999
1769932800000,0.00631,0.006329,0.005811,0.005883,2358950.44053315,1769961599999
1769961600000,0.005913,0.005939,0.005675,0.005777,910337.59670793,1769990399999
1769990400000,0.005787,0.005932,0.005536,0.005707,3593489.60891295,1770019199999
1770019200000,0.005731,0.006169,0.005714,0.006122,3125624.47676272,1770047999999
1770048000000,0.00616,0.006161,0.005989,0.005989,1102149.98523332,1770076799999
1770076800000,0.005997,0.006037,0.005798,0.005931,3040110.6887267,1770105599999
1770105600000,0.005914,0.00598,0.005782,0.00589,2219482.07395184,1770134399999
1770134400000,0.005797,0.006021,0.005477,0.005703,3031570.54769164,1770163199999
1770163200000,0.005702,0.005743,0.005656,0.005714,1790292.0479715,1770191999999
1770192000000,0.005726,0.005741,0.005427,0.005427,556627.89599016,1770220799999
1770220800000,0.0055,0.005616,0.005368,0.005517,2226860.02421612,1770249599999
1770249600000,0.005543,0.005611,0.005404,0.00547,4073118.48962664,1770278399999
1770278400000,0.005604,0.005604,0.004951,0.005057,2093013.00256081,1770307199999
1770307200000,0.004999,0.005951,0.004511,0.004573,9410963.00891879,1770335999999
1770336000000,0.0045,0.00486,0.004091,0.004788,1.037968661658389E7,1770364799999
1770364800000,0.004777,0.00549,0.004727,0.005362,1.098275626888377E7,1770393599999
1770393600000,0.005343,0.005505,0.005249,0.005395,5851379.5681482,1770422399999
1770422400000,0.005379,0.005379,0.004984,0.00502,4609873.25227634,1770451199999
1770451200000,0.005026,0.005146,0.004986,0.005068,5071738.66450538,1770479999999
1770480000000,0.00512,0.005195,0.005118,0.005156,155772.61742964,1770508799999
1770508800000,0.005082,0.005082,0.004991,0.004993,1341682.18028051,1770537599999
1770537600000,0.005156,0.005156,0.005072,0.005115,574556.54037575,1770566399999
1770566400000,0.005055,0.005055,0.004957,0.005013,1828397.72571589,1770595199999
1770595200000,0.004973,0.005001,0.004899,0.004899,1655558.1235794,1770623999999
1770624000000,0.004872,0.004872,0.004689,0.004802,2718877.68676455,1770652799999
1770652800000,0.00478,0.004926,0.00478,0.004833,2473895.53581586,1770681599999
1770681600000,0.004831,0.004874,0.004816,0.004871,1047136.66764984,1770710399999
1770710400000,0.004853,0.004853,0.004782,0.004802,301754.52030608,1770739199999
1770739200000,0.004792,0.004799,0.004692,0.004727,349607.05742582,1770767999999
1770768000000,0.004726,0.004726,0.004557,0.004557,138025.77160799,1770796799999
1770796800000,0.004572,0.004855,0.004522,0.004788,1811056.89172889,1770825599999
1770825600000,0.004776,0.004894,0.004734,0.00478,3314394.63659595,1770854399999
1770854400000,0.004818,0.005041,0.004818,0.005041,2882760.53017397,1770883199999
1770883200000,0.005027,0.00522,0.004961,0.00522,4030273.00929483,1770911999999
1770912000000,0.005091,0.005091,0.004899,0.005044,1500632.21390928,1770940799999
1770940800000,0.004948,0.005,0.004861,0.00489,864146.14857859,1770969599999
1770969600000,0.004938,0.005144,0.004933,0.005144,725131.69169277,1770998399999
1770998400000,0.00515,0.005173,0.005121,0.005128,457163.37317203,1771027199999
1771027200000,0.005162,0.006178,0.005162,0.00565,1.201540133654917E7,1771055999999
1771056000000,0.005669,0.005711,0.00545,0.005562,1.632263422407079E7,1771084799999
1771084800000,0.005556,0.005609,0.005449,0.005529,1437370.71250473,1771113599999
1771113600000,0.005431,0.005458,0.005334,0.00541,1089902.60346528,1771142399999
1771142400000,0.005428,0.005431,0.005127,0.005184,3848944.8283927,1771171199999
1771171200000,0.005155,0.005168,0.005068,0.005123,1973613.30483878,1771199999999
1771200000000,0.005198,0.005198,0.005091,0.005093,145773.69225249,1771228799999
1771228800000,0.005065,0.00514,0.005,0.00506,1474806.30181499,1771257599999
1771257600000,0.005101,0.005253,0.00507,0.005146,2905417.74141827,1771286399999
1771286400000,0.005116,0.005117,0.004972,0.005017,2507144.19853756,1771315199999
1771315200000,0.005023,0.005127,0.004982,0.005096,2416706.84810239,1771343999999
1771344000000,0.005134,0.005174,0.005041,0.005051,4724774.39023476,1771372799999
1771372800000,0.005052,0.005189,0.005041,0.005138,3401759.43479429,1771401599999
1771401600000,0.005143,0.005144,0.005016,0.00502,1024294.99233003,1771430399999
1771430400000,0.004973,0.004984,0.004824,0.004824,948629.0411789,1771459199999
1771459200000,0.004826,0.004902,0.004826,0.004875,596740.48820614,1771487999999
1771488000000,0.004755,0.00479,0.0046251,0.0046377,3636256.73490317,1771516799999
1771516800000,0.0046087,0.0046945,0.0046,0.0046434,3388951.24859054,1771545599999
1771545600000,0.004787,0.0048007,0.0047331,0.0047359,1887512.96966632,1771574399999
1771574400000,0.0047286,0.0047577,0.0045971,0.0046977,1307989.93317066,1771603199999
1771603200000,0.0047571,0.004818,0.0047291,0.004818,489538.11905495,1771631999999
1771632000000,0.0048035,0.0048035,0.0048035,0.0048035,530862.91245966,1771660799999
1771660800000,0.0047797,0.0048523,0.0047427,0.0047662,2672448.68694692,1771689599999
1771689600000,0.0047325,0.0047372,0.00471,0.0047203,765667.00805502,1771718399999
1771718400000,0.0046892,0.0046892,0.0046142,0.0046279,130672.96232845,1771747199999
1771747200000,0.0045848,0.0046181,0.0045149,0.0045502,3605903.63191625,1771775999999
1771776000000,0.0045,0.0045349,0.0044774,0.0045134,963350.31659885,1771804799999
1771804800000,0.0044668,0.0044668,0.0042333,0.0043476,1.44205694137241E7,1771833599999
1771833600000,0.0043397,0.0044386,0.0043164,0.0043718,1910631.7714313,1771862399999
1771862400000,0.0042905,0.0043067,0.0042035,0.0042404,1743582.88523199,1771891199999
1771891200000,0.004274,0.0042781,0.0041494,0.0041556,4515650.00387507,1771919999999
1771920000000,0.004172,0.0042768,0.0041383,0.0042672,544988.99148,1771948799999
1771948800000,0.0042732,0.004304,0.0042491,0.0042655,1116034.9033875,1771977599999
1771977600000,0.0044237,0.0044237,0.0043037,0.0043152,3488742.51422046,1772006399999
1772006400000,0.0043525,0.0045331,0.0043525,0.0045042,752000.36022719,1772035199999
1772035200000,0.0045137,0.0046256,0.0045122,0.0046256,1759257.44643841,1772063999999
1772064000000,0.0044605,0.0044648,0.0044605,0.0044648,26829.03428728,1772092799999
1772092800000,0.0044127,0.0044608,0.0043091,0.0043266,1212351.95529001,1772121599999
1772121600000,0.0043,0.0043337,0.0041854,0.0043099,1644754.21674683,1772150399999
1772150400000,0.0043051,0.0043757,0.0042943,0.0043548,140927.1920424,1772179199999
1772179200000,0.0044283,0.0057441,0.0044043,0.0052719,7.821248870298687E7,1772207999999
1772208000000,0.0052018,0.0052378,0.0047543,0.0050263,2.179803045832659E7,1772236799999
1772236800000,0.0049677,0.00617,0.0048673,0.0050722,3.366762855980724E7,1772265599999
1772265600000,0.0050151,0.0050151,0.0045711,0.004743,1.840355920108917E7,1772294399999
1772294400000,0.0047398,0.0052234,0.0047087,0.0051364,6142053.05213564,1772323199999
1772323200000,0.0051097,0.0055831,0.0049299,0.0053045,5780287.88959914,1772351999999
1772352000000,0.005308,0.005799,0.0052329,0.0054447,1.837208227470035E7,1772380799999
1772380800000,0.0053905,0.0054941,0.0051193,0.0053428,9205179.66332694,1772409599999
1772409600000,0.0053628,0.0055287,0.005091,0.0051559,8732385.81090917,1772438399999
1772438400000,0.0051386,0.0054759,0.0050569,0.0054594,1.595421976856925E7,1772467199999
1772467200000,0.0054821,0.0055515,0.0053851,0.0054077,4918313.44785564,1772495999999
1772496000000,0.0053815,0.0055922,0.005299,0.0053557,5206479.50683254,1772524799999
1772524800000,0.0053602,0.0053932,0.0052538,0.0052735,4937657.41498589,1772553599999
1772553600000,0.0054141,0.0054484,0.005333,0.0054424,1875288.95456153,1772582399999
1772582400000,0.0053011,0.0053461,0.0051401,0.005208,3647230.47681616,1772611199999
1772611200000,0.0051985,0.0055542,0.0051846,0.0055486,7453074.87361179,1772639999999
1772640000000,0.0055362,0.0057085,0.0054974,0.0055926,7524348.91206779,1772668799999
1772668800000,0.0055395,0.00605,0.0054977,0.0059198,1.314057627418995E7,1772697599999
1772697600000,0.0058799,0.0058943,0.0056563,0.0057924,1.96319909824292E7,1772726399999
1772726400000,0.0057666,0.0059083,0.0056854,0.0057727,6873679.52872248,1772755199999
1772755200000,0.0057662,0.0060822,0.0056518,0.0060822,6513102.635238,1772783999999
1772784000000,0.0060446,0.0061402,0.0056025,0.005632,1.848888460622044E7,1772812799999
1772812800000,0.0056203,0.0056376,0.0055095,0.0055884,3155013.21076702,1772841599999
1772841600000,0.0055764,0.0055764,0.005153,0.0052086,1.498857401287958E7,1772870399999
1772870400000,0.0052188,0.0052678,0.0050972,0.0051256,1681947.06901775,1772899199999
1772899200000,0.0051205,0.0051373,0.0049982,0.0050259,6316436.07557404,1772927999999
1772928000000,0.0049966,0.0052021,0.0048265,0.0051245,6661739.16899426,1772956799999
1772956800000,0.0051359,0.0053227,0.0049863,0.0049863,1793645.42413872,1772985599999
1772985600000,0.0049896,0.00515,0.004961,0.0050085,1871487.47135231,1773014399999
1773014400000,0.0050817,0.0052437,0.0050817,0.0052131,1037388.34242747,1773043199999
1773043200000,0.0051726,0.0052372,0.0051308,0.0051593,1014874.79436129,1773071999999
1773072000000,0.0051853,0.0051882,0.0050311,0.0050311,384911.90631602,1773100799999
1773100800000,0.0050328,0.0051459,0.0049828,0.0051258,873456.89765741,1773129599999
1773129600000,0.0051227,0.0053189,0.0050664,0.0052726,3466385.65738586,1773158399999
1773158400000,0.0052938,0.005298,0.0051166,0.0051926,2040869.01000806,1773187199999
1773187200000,0.0051769,0.0052139,0.0050038,0.0050164,1911222.4121117,1773215999999
1773216000000,0.0049728,0.0051659,0.004918,0.0051593,2355537.54167077,1773244799999
1773244800000,0.0051517,0.0052837,0.0051199,0.005165,3207433.03929833,1773273599999
1773273600000,0.0051375,0.0051675,0.0050614,0.0050771,749486.5242077,1773302399999
1773302400000,0.0050949,0.0051411,0.0050001,0.0051005,597707.83653697,1773331199999
1773331200000,0.0050893,0.0051438,0.0050614,0.0051438,1046517.7075862,1773359999999
1773360000000,0.0051633,0.0052361,0.0051633,0.005203,1265457.95835149,1773388799999
1773388800000,0.005196,0.0054663,0.0051672,0.005353,4045407.01014226,1773417599999
1773417600000,0.0053559,0.0053602,0.0051904,0.0051904,683881.59950189,1773446399999
1773446400000,0.0052409,0.0053143,0.0051436,0.0051436,737315.65913522,1773475199999
1773475200000,0.0051772,0.0051772,0.0050626,0.0050626,2390838.54602941,1773503999999
1773504000000,0.0051164,0.0051441,0.005043,0.0051332,1209486.68063168,1773532799999
1773532800000,0.0050901,0.0061965,0.005065,0.0056405,1.078980350918737E7,1773561599999
1773561600000,0.0056043,0.0057153,0.0050001,0.0054919,9050146.22773441,1773590399999
1773590400000,0.0055205,0.0056169,0.0054764,0.0055826,1768824.98121032,1773619199999
1773619200000,0.0056437,0.0059834,0.0054678,0.0056477,7978718.81838377,1773647999999
1773648000000,0.0055955,0.0056226,0.0055322,0.0055914,2725780.42738032,1773676799999
1773676800000,0.005581,0.005771,0.005581,0.0057108,3791973.9935498,1773705599999
1773705600000,0.0056972,0.0058187,0.0056103,0.0056982,1179211.30005629,1773734399999
1773734400000,0.0056888,0.0057163,0.0055255,0.0055867,1033225.22918476,1773763199999
1773763200000,0.0056076,0.0056694,0.0055729,0.0055794,553277.60574316,1773791999999
1773792000000,0.0055728,0.0058246,0.0055461,0.0058246,236828.47767023,1773820799999
1773820800000,0.0058378,0.006497,0.0055402,0.0056747,3.011362834800744E7,1773849599999
1773849600000,0.0055692,0.0057448,0.0054598,0.0056602,6266784.51883572,1773878399999
1773878400000,0.0055582,0.005988,0.0055496,0.0058505,2126078.69139745,1773907199999
1773907200000,0.0059424,0.0061573,0.0057495,0.0058367,2484457.30078661,1773935999999
1773936000000,0.0057786,0.0060808,0.0057726,0.0059686,3995359.98570497,1773964799999
1773964800000,0.0059649,0.00636,0.0058666,0.0063103,6867137.19266681,1773993599999
1773993600000,0.0063297,0.0068881,0.0063297,0.0068838,1.678067104246734E7,1774022399999
1774022400000,0.0068867,0.0071607,0.0064239,0.0065477,1.260022288785586E7,1774051199999
1774051200000,0.0065221,0.0070001,0.0064,0.006885,3008286.28647393,1774079999999
1774080000000,0.00687,0.0071999,0.0066395,0.0070458,6961508.17399543,1774108799999
1774108800000,0.0070392,0.007396,0.0068505,0.0068505,3330316.72358496,1774137599999
1774137600000,0.0068505,0.0069986,0.006706,0.0068535,3006579.65414073,1774166399999
1774166400000,0.006851,0.006851,0.0066,0.0066937,1085899.68220862,1774195199999
1774195200000,0.0066857,0.0066857,0.0063229,0.0064143,1901988.70481117,1774223999999
1774224000000,0.0063458,0.0063458,0.0060271,0.0060518,805417.69150718,1774252799999
1774252800000,0.0060538,0.0068158,0.0058,0.0063785,9227533.90570849,1774281599999
1774281600000,0.0063765,0.0063765,0.0061482,0.0061482,2290018.00893455,1774310399999
1774310400000,0.0061125,0.0063695,0.0060309,0.0062295,2880122.24272975,1774339199999
1774339200000,0.0062882,0.0062882,0.00592,0.0059318,5578903.63623876,1774367999999
1774368000000,0.005913,0.0059181,0.0058181,0.0058182,1345600.14376124,1774396799999
1774396800000,0.006008,0.0064002,0.0058713,0.0063908,747663.86726909,1774425599999
1774425600000,0.0063857,0.006884,0.0062742,0.0067078,2.097350603684982E7,1774454399999
1774454400000,0.0068127,0.007041,0.0063803,0.0065642,1.843316256640463E7,1774483199999
1774483200000,0.0065642,0.0069418,0.00645,0.0065918,5653969.73762984,1774511999999
1774512000000,0.0066194,0.0067469,0.006296,0.0065259,6309505.25482991,1774540799999
1774540800000,0.00656,0.0066193,0.0063676,0.0063676,2965502.11756376,1774569599999
1774569600000,0.0065516,0.0068309,0.0065322,0.0066585,4312559.57617437,1774598399999
1774598400000,0.0066327,0.0066496,0.0062354,0.0063877,4353091.84016596,1774627199999
1774627200000,0.0063265,0.0063314,0.0059832,0.0060514,402236.15382722,1774655999999
1774656000000,0.0059595,0.0065,0.00582,0.006144,4507567.97137764,1774684799999
1774684800000,0.0061657,0.0063493,0.0060699,0.0061329,1049521.41134686,1774713599999
1774713600000,0.0061869,0.0062074,0.0059525,0.0059672,1255026.63574346,1774742399999
1774742400000,0.0059,0.0061855,0.005842,0.0060424,569754.45190293,1774771199999
1774771200000,0.0059539,0.0060708,0.0059303,0.0059581,2401461.98767779,1774799999999
1774800000000,0.0059541,0.0060469,0.0058363,0.0059472,241915.62760649,1774828799999
1774828800000,0.0060574,0.00615,0.0060176,0.0061021,453040.02029845,1774857599999
1774857600000,0.0061097,0.0061562,0.0060004,0.0060341,777875.49937998,1774886399999
1774886400000,0.0060312,0.0060312,0.0059057,0.0059951,268827.96830359,1774915199999
1774915200000,0.0059511,0.0060576,0.0059,0.0059,472222.697202,1774943999999
1774944000000,0.0059145,0.0059145,0.00575,0.0058569,169581.20250899,1774972799999
1774972800000,0.0059315,0.00625,0.0059315,0.0061729,557373.57708071,1775001599999
1775001600000,0.00605,0.0062205,0.00605,0.0062116,364336.92232571,1775030399999
1775030400000,0.0061942,0.0063,0.0060775,0.0061118,3195736.16834073,1775059199999
1775059200000,0.0061005,0.0061615,0.0059735,0.0061272,2688356.31347445,1775087999999
1775088000000,0.0062205,0.0063584,0.0057002,0.0058697,1.508367454273953E7,1775116799999
1775116800000,0.0058519,0.0058609,0.00558,0.0056201,1045152.35285675,1775145599999
1775145600000,0.0056225,0.005623,0.0054794,0.00553,1216618.37252802,1775174399999
1775174400000,0.005465,0.0058802,0.005429,0.0058742,1444224.01312106,1775203199999
1775203200000,0.005875,0.0059,0.0056699,0.0056699,795712.44945591,1775231999999
1775232000000,0.0056957,0.0057079,0.0056709,0.0056735,259993.70902582,1775260799999
1775260800000,0.0056062,0.0056662,0.0056052,0.0056331,714056.56067995,1775289599999
1775289600000,0.0056529,0.0059142,0.0056282,0.0059142,1183473.81939056,1775318399999
1775318400000,0.0059003,0.0059507,0.0058426,0.0059507,1010334.04613713,1775347199999
1775347200000,0.0058192,0.0058192,0.0056839,0.0056861,2469849.75290305,1775375999999
1775376000000,0.0057051,0.0057133,0.0055992,0.0056594,718568.5944419,1775404799999
1775404800000,0.00577,0.005891,0.0057196,0.005891,154378.57458998,1775433599999
1775433600000,0.0058878,0.0058958,0.0058443,0.0058663,950428.53228979,1775462399999
1775462400000,0.0058677,0.0061498,0.0058582,0.0059228,1.12044316795131E7,1775491199999
1775491200000,0.0058793,0.0058793,0.0056353,0.005668,860831.30422697,1775519999999
1775520000000,0.0056922,0.0057391,0.0056728,0.005733,871306.78872922,1775548799999
1775548800000,0.0057248,0.0057248,0.0055219,0.0055219,538097.0157615,1775577599999
1775577600000,0.0055309,0.0058917,0.0054659,0.0058581,1491698.81849214,1775606399999
1775606400000,0.005907,0.00592,0.005763,0.0058299,1057880.95157041,1775635199999
1775635200000,0.0057982,0.0058139,0.0055816,0.0056386,922481.48724972,1775663999999
1775664000000,0.0056396,0.0056679,0.0055396,0.0055396,619105.06797454,1775692799999
1775692800000,0.00547,0.00547,0.0050706,0.005184,2208622.2637232,1775721599999
1775721600000,0.0051339,0.005204,0.0050202,0.0051463,5861764.56956327,1775750399999
1775750400000,0.0051452,0.0052332,0.005122,0.0051794,563207.83735549,1775779199999
1775779200000,0.0051409,0.0053,0.0051409,0.0052454,237076.32037035,1775807999999
1775808000000,0.0052666,0.0052666,0.0050373,0.0051083,900251.79103707,1775836799999
1775836800000,0.0051513,0.0052538,0.0051175,0.0051799,819131.74953748,1775865599999
1775865600000,0.0051699,0.0051763,0.0050957,0.0051037,807543.27753389,1775894399999
1775894400000,0.0051498,0.0052526,0.004992,0.0050025,1275096.54491368,1775923199999
1775923200000,0.005023,0.0052298,0.005023,0.0052093,1493246.3179683,1775951999999
1775952000000,0.005072,0.005072,0.0048855,0.0049211,1109224.01062538,1775980799999
1775980800000,0.0049354,0.0050281,0.0048958,0.0049143,856905.97719982,1776009599999
1776009600000,0.0048929,0.004945,0.0048254,0.0048349,282084.43659838,1776038399999
1776038400000,0.0048765,0.0052,0.0048765,0.0050536,980910.52511705,1776067199999
1776067200000,0.005097,0.00595,0.005097,0.0054474,1.758637916395492E7,1776095999999
1776096000000,0.005443,0.00565,0.0054382,0.0055325,3811514.92686531,1776124799999
1776124800000,0.0055326,0.0055568,0.0052467,0.0052467,2568879.50655647,1776153599999
1776153600000,0.0052523,0.0052885,0.0051813,0.0052264,1079752.89332054,1776182399999
1776182400000,0.0052254,0.0052254,0.0051,0.0051659,388078.45098977,1776211199999
1776211200000,0.0052046,0.0052748,0.0051709,0.0051897,192323.84205107,1776239999999
1776240000000,0.0051982,0.005213,0.005152,0.0051675,692900.94380539,1776268799999
1776268800000,0.0051906,0.0053067,0.0051906,0.00526,2172432.84544499,1776297599999
1776297600000,0.0052435,0.0052586,0.0052068,0.0052333,742805.21387008,1776326399999
1776326400000,0.0052406,0.0052741,0.0051452,0.0052741,665448.10863931,1776355199999
1776355200000,0.0052691,0.0053796,0.0052691,0.0053249,1312715.31447234,1776383999999
1776384000000,0.0053148,0.0054562,0.005292,0.0053912,450628.91834299,1776412799999
1776412800000,0.00537,0.0054838,0.005277,0.0054606,2762762.40816781,1776441599999
1776441600000,0.005469,0.005562,0.0054162,0.0055191,992337.84600836,1776470399999
1776470400000,0.005451,0.0054899,0.0054,0.0054279,337569.53929663,1776499199999
1776499200000,0.0054226,0.0054226,0.0052,0.0052252,1109284.66155325,1776527999999
1776528000000,0.0052136,0.0052821,0.0050769,0.0050898,3687175.37961737,1776556799999
1776556800000,0.0050724,0.0050724,0.0049843,0.0050041,712480.32187589,1776585599999
1776585600000,0.0050573,0.0051391,0.0050053,0.00507,811089.45572472,1776614399999
1776614400000,0.0050601,0.0050601,0.0048996,0.0048996,599851.79952627,1776643199999
1776643200000,0.0048931,0.0049714,0.0048877,0.0049501,524242.71053411,1776671999999
1776672000000,0.0050218,0.0050819,0.0049745,0.0050046,877600.28491395,1776700799999
1776700800000,0.0049991,0.0050497,0.0049932,0.0050473,1068690.91329136,1776729599999
1776729600000,0.005,0.0050546,0.0049744,0.0049896,554495.41059498,1776758399999
1776758400000,0.0050129,0.0050544,0.0049881,0.005,288390.21855106,1776787199999
1776787200000,0.005,0.0050134,0.0049626,0.0049867,595943.1823784,1776815999999
1776816000000,0.0050333,0.005204,0.0050282,0.0051927,477761.98574491,1776844799999
1776844800000,0.0051921,0.005204,0.0051322,0.0051964,715373.94250355,1776873599999
1776873600000,0.0051785,0.0052343,0.0051312,0.0051313,4397765.64903917,1776902399999
1776902400000,0.0050719,0.0050719,0.0049767,0.0050168,1077192.91373606,1776931199999
1776931200000,0.0050064,0.0051312,0.0049639,0.0051264,1462895.60122502,1776959999999
1776960000000,0.0051558,0.00519,0.0050512,0.00519,1098653.39562208,1776988799999
1776988800000,0.0051996,0.0051996,0.0051143,0.0051787,264770.78248426,1777017599999
1777017600000,0.0051831,0.005258,0.005169,0.0052096,1196350.86312168,1777046399999
1777046400000,0.005181,0.0052066,0.0051735,0.0052066,701518.10528399,1777075199999
1777075200000,0.0052023,0.0052068,0.0051944,0.0052068,93386.8963179,1777103999999
1777104000000,0.0051851,0.005229,0.0051545,0.0052273,57824.23689498,1777132799999
1777132800000,0.0051337,0.0051393,0.0051019,0.0051366,293717.85844297,1777161599999
1777161600000,0.0051,0.0051511,0.005063,0.0051511,45927.99868648,1777190399999
1777190400000,0.0051936,0.005219,0.0051512,0.0051764,528081.55563344,1777219199999
1777219200000,0.0051512,0.0051512,0.0051038,0.0051475,661060.35374546,1777247999999
1777248000000,0.0053,0.0054229,0.005,0.0050192,2430551.13790439,1777276799999
1777276800000,0.00495,0.0049916,0.0048769,0.004877,877465.05191756,1777305599999
1777305600000,0.004885,0.0050461,0.0048713,0.0049563,809795.91313442,1777334399999
1777334400000,0.004979,0.0051408,0.004979,0.0049956,375760.37694632,1777363199999
1777363200000,0.0050332,0.0050332,0.004969,0.0049836,39316.79551248,1777391999999
1777392000000,0.0050059,0.005112,0.0049938,0.005035,840581.56712821,1777420799999
1777420800000,0.0050845,0.0051267,0.0050794,0.0051093,504941.00964757,1777449599999
1777449600000,0.0050683,0.0050968,0.0049474,0.0049474,859943.47881049,1777478399999
1777478400000,0.0049413,0.0049733,0.004827,0.0049152,609916.70481824,1777507199999
1777507200000,0.00495,0.0050312,0.0049361,0.0050312,14379.94159769,1777535999999
1777536000000,0.0050104,0.005094,0.0049832,0.0050595,1376543.79459329,1777564799999
1777564800000,0.0050439,0.0050439,0.0049425,0.0049532,351752.43599245,1777593599999
1777593600000,0.0049508,0.0050138,0.0049466,0.0049525,331652.80510171,1777622399999
1777622400000,0.0049583,0.0050055,0.0049173,0.0049732,2716358.38183533,1777651199999
1777651200000,0.005001,0.0050075,0.0049684,0.0049897,990344.71133163,1777679999999
1777680000000,0.0049505,0.0049505,0.004925,0.0049295,298735.82912614,1777708799999
1777708800000,0.004935,0.0049697,0.004927,0.0049674,479887.37321558,1777737599999
1777737600000,0.0049925,0.0050102,0.0049909,0.0050102,630530.10845666,1777766399999
1777766400000,0.004975,0.0050238,0.0049192,0.0049885,781673.50797091,1777795199999
1777795200000,0.0050012,0.0050482,0.0049656,0.0050482,290835.49679988,1777823999999
1777824000000,0.005087,0.005087,0.0050232,0.005068,208383.18165754,1777852799999
1777852800000,0.0051276,0.00515,0.0051048,0.0051115,570828.31993273,1777881599999
1777881600000,0.0051299,0.0053599,0.0051,0.0051659,1.1172901739489E7,1777910399999
1777910400000,0.0051606,0.0052144,0.0051352,0.0051945,1140997.33340143,1777939199999
1777939200000,0.00523,0.00544,0.00523,0.0053359,1.2360270399552E7,1777967999999
1777968000000,0.0053106,0.0053382,0.0052664,0.0052727,2259844.23553858,1777996799999
1777996800000,0.0052787,0.0053582,0.0052638,0.005273,2234667.48627057,1778025599999
1778025600000,0.0052698,0.0057943,0.0052562,0.0057889,1.324447262754872E7,1778054399999
1778054400000,0.0057812,0.0059505,0.0055355,0.0055764,1.600942063815951E7,1778083199999
1778083200000,0.00563,0.0056541,0.0055722,0.0056509,4087553.95511197,1778111999999
1778112000000,0.0056578,0.0056578,0.0054273,0.0056567,3432395.74258038,1778140799999
1778140800000,0.0056746,0.0057889,0.0055914,0.0055914,4495284.38413503,1778169599999
1778169600000,0.0056345,0.0057948,0.0056345,0.0057354,1690492.20002893,1778198399999
1778198400000,0.0057009,0.0058923,0.005669,0.0057786,3484044.79043992,1778227199999
1778227200000,0.0057973,0.0058942,0.0057973,0.0058942,7840381.13354546,1778255999999
1778256000000,0.0058681,0.0060619,0.0058524,0.0059781,3947546.66444674,1778284799999
1778284800000,0.0059736,0.0061139,0.0058028,0.0058222,4815787.14629816,1778313599999
1778313600000,0.0058095,0.005848,0.0057085,0.0057204,2141506.88914041,1778342399999
1778342400000,0.0057678,0.0057943,0.0057449,0.0057504,4786605.88387642,1778371199999
1778371200000,0.0057334,0.0057334,0.0056,0.0056462,2910701.93742286,1778399999999
1778400000000,0.0056654,0.0059386,0.0056654,0.0059235,1.45206747390923E7,1778428799999
1778428800000,0.0058951,0.0060952,0.0058627,0.0059809,2526436.24144272,1778457599999
1778457600000,0.0060306,0.0062139,0.0058434,0.0062139,1.087578114280623E7,1778486399999
1778486400000,0.006201,0.0063174,0.0060425,0.0063174,9341285.29718205,1778515199999
1778515200000,0.0063079,0.0063604,0.0062161,0.0062696,7916450.8401313,1778543999999
1778544000000,0.0062457,0.006295,0.0060795,0.006105,3028900.99280227,1778572799999
1778572800000,0.0060453,0.0060789,0.00575,0.0057715,8706048.61321998,1778601599999
1778601600000,0.0057734,0.0059264,0.0057455,0.0059246,1375261.04622524,1778630399999
1778630400000,0.0058418,0.0061906,0.0058418,0.0060507,2884554.41604455,1778659199999
1778659200000,0.0060484,0.0061172,0.00565,0.00565,5389676.39981835,1778687999999
1778688000000,0.005635,0.0057433,0.0055395,0.0055395,2792605.01499905,1778716799999
1778716800000,0.0055,0.0055859,0.0053894,0.0055516,1036044.01009621,1778745599999
1778745600000,0.0055688,0.0057551,0.0055041,0.005703,2033417.35923018,1778774399999
1778774400000,0.0057391,0.0058267,0.0056802,0.0057059,8734870.91049077,1778803199999
1778803200000,0.0057301,0.0057509,0.0055,0.0055896,2108059.70893233,1778831999999
1778832000000,0.0055588,0.0055588,0.0051,0.0052429,4513020.8134423,1778860799999
1778860800000,0.0052328,0.0053335,0.0052328,0.0052804,2524702.19228497,1778889599999
1778889600000,0.0052367,0.0052441,0.0050069,0.0050526,426520.88443092,1778918399999
1778918400000,0.0050504,0.0050919,0.00495,0.0050919,1387702.06127395,1778947199999
1778947200000,0.0050729,0.005113,0.0050524,0.0050575,559087.94631933,1778975999999
1778976000000,0.0051,0.0051582,0.0050938,0.0051582,788300.61717453,1779004799999
1779004800000,0.0051066,0.0051525,0.005044,0.0050516,208484.80211554,1779033599999
1779033600000,0.0050379,0.0050979,0.0048744,0.0049083,1398543.46028219,1779062399999
1779062400000,0.00495,0.0049826,0.0048688,0.0048688,271973.12994848,1779091199999
1779091200000,0.0048651,0.0049503,0.0048451,0.0049304,733159.47101453,1779119999999
1779120000000,0.0048835,0.0050366,0.0048212,0.0050366,500559.53692373,1779148799999
1779148800000,0.0050635,0.005141,0.0050065,0.005112,525503.09194943,1779177599999
1779177600000,0.0050985,0.0051008,0.0049852,0.005006,737805.48802543,1779206399999
1779206400000,0.0050359,0.00506,0.0049758,0.0049758,56448.19108854,1779235199999
1779235200000,0.0050095,0.0050835,0.0049833,0.0050575,276149.64606656,1779263999999
1779264000000,0.0050462,0.0053104,0.0050462,0.0053104,516056.13093147,1779292799999
1779292800000,0.0052713,0.005277,0.0052129,0.0052129,155864.87755312,1779321599999
1779321600000,0.0052469,0.0052615,0.0051932,0.00526,807818.04600045,1779350399999
1779350400000,0.0052937,0.0052937,0.0051223,0.0052572,477949.40169344,1779379199999
1779379200000,0.0052055,0.00543,0.005198,0.005343,882029.37015863,1779407999999
1779408000000,0.0054962,0.0056954,0.0054315,0.0056954,1014064.80406907,1779436799999
1779436800000,0.0057,0.0058316,0.0056053,0.0056274,2245592.39944444,1779465599999
1779465600000,0.0056034,0.0056737,0.0053084,0.0053693,988890.11345014,1779494399999
1779494400000,0.0053,0.0053406,0.0050197,0.0050197,1683796.28729553,1779523199999
1779523200000,0.0050444,0.0054499,0.0050229,0.0053584,2279199.55647317,1779551999999
1779552000000,0.005383,0.0055767,0.005335,0.0054636,1912318.38481616,1779580799999
1779580800000,0.0054998,0.0055377,0.0054503,0.0054503,112488.29838165,1779609599999
1779609600000,0.0054852,0.0055341,0.0052958,0.0053734,1413024.72307358,1779638399999
1779638400000,0.005365,0.005365,0.0051523,0.0052404,1127582.76994016,1779667199999
1779667200000,0.0052422,0.0053633,0.0052422,0.005337,107086.06663018,1779695999999
1779696000000,0.0053387,0.0053784,0.0052557,0.0053436,1854400.21669663,1779724799999
1779724800000,0.0053526,0.0054442,0.0052753,0.0052753,1405721.67516812,1779753599999
1779753600000,0.0052539,0.0052587,0.005155,0.0051649,1067841.72503491,1779782399999
1779782400000,0.0052043,0.0057582,0.0052043,0.00569,4745864.19007681,1779811199999
1779811200000,0.0056898,0.0057696,0.0055742,0.0057227,3308621.19502648,1779839999999
1779840000000,0.0057212,0.0058,0.0054686,0.005513,1286822.88404617,1779868799999
1779868800000,0.0055781,0.005957,0.0055469,0.005681,9052121.60852827,1779897599999
1779897600000,0.0056754,0.0057595,0.0052844,0.0053639,3445050.06735989,1779926399999
1779926400000,0.0053664,0.0053664,0.0049881,0.0050331,3327717.31415837,1779955199999
1779955200000,0.0050046,0.0050647,0.0048785,0.0050428,4366153.03934889,1779983999999
1779984000000,0.0050537,0.0051638,0.0050258,0.00508,732845.86432731,1780012799999
1780012800000,0.0051377,0.0051816,0.0050457,0.0050723,1417135.7201325,1780041599999
1780041600000,0.0051235,0.0052302,0.0049406,0.0051363,1867936.75051283,1780070399999
1780070400000,0.0051649,0.0052274,0.0050544,0.0050713,923652.8829417,1780099199999
1780099200000,0.0051083,0.0051649,0.0050141,0.0051122,246150.76333869,1780127999999
1780128000000,0.0051113,0.0052075,0.005077,0.0052075,375963.84320482,1780156799999
1780156800000,0.0051477,0.0051574,0.0050543,0.0050815,299890.41389435,1780185599999
1780185600000,0.0051158,0.0051534,0.0050401,0.0050401,4314192.25306289,1780214399999
1780214400000,0.0050641,0.0050653,0.0049374,0.0049657,1428043.93172,1780243199999
1780243200000,0.0049133,0.005122,0.0049113,0.005122,980105.6267994,1780271999999
1780272000000,0.0051309,0.0052,0.00495,0.00495,461948.62015926,1780300799999
1780300800000,0.0049161,0.0050395,0.0049,0.0049928,2233219.51935104,1780329599999
1780329600000,0.0049505,0.0051809,0.0049312,0.0051451,3040967.74758457,1780358399999
1780358400000,0.0050821,0.0051541,0.0049488,0.005004,1181904.4156676,1780387199999
1780387200000,0.0049706,0.0050701,0.0046291,0.0046395,1.02983550026224E7,1780415999999
1780416000000,0.0046609,0.0048228,0.0045,0.0045549,1865887.46198414,1780444799999
1780444800000,0.004617,0.0047999,0.004485,0.004795,3425214.1425399,1780473599999
1780473600000,0.0047568,0.0048537,0.0047271,0.0047428,3812624.88069576,1780502399999
1780502400000,0.0047089,0.0047089,0.004433,0.00449,3256673.91839394,1780531199999
1780531200000,0.0044868,0.0044868,0.004,0.0041858,1.135111016687929E7,1780559999999
1780560000000,0.0041773,0.00424,0.0040291,0.0042089,3962099.39836208,1780588799999
1780588800000,0.0041968,0.0042528,0.0040376,0.0040876,4956662.23413806,1780617599999
1780617600000,0.0040221,0.0040788,0.0037123,0.0038731,3042127.67167658,1780646399999
1780646400000,0.003846,0.0038943,0.0036728,0.0036797,6758551.33232046,1780675199999
1780675200000,0.0036893,0.0038274,0.0035802,0.0036748,3347804.35910299,1780703999999
1780704000000,0.0037594,0.0037594,0.0034827,0.0036509,2208788.81585381,1780732799999
1780732800000,0.0037253,0.003755,0.0036278,0.0037158,1081515.98670848,1780761599999
1780761600000,0.0037003,0.0037135,0.0036608,0.0037111,1030646.39566879,1780790399999
1780790400000,0.0037246,0.003843,0.0037246,0.003843,356449.38467151,1780819199999
1780819200000,0.0038762,0.0038978,0.0037438,0.0038624,2924817.27605406,1780847999999
1780848000000,0.0038271,0.0039902,0.0037323,0.0038819,2027401.0773419,1780876799999
1780876800000,0.003864,0.0040608,0.0037902,0.003895,4597967.44547322,1780905599999
1780905600000,0.0038852,0.0040305,0.0038852,0.0039987,3201300.67664948,1780934399999
1780934400000,0.0039987,0.0040653,0.003958,0.003958,2493657.39445,1780963199999
1780963200000,0.0038608,0.0039439,0.0038326,0.0039378,537515.27566861,1780991999999
1780992000000,0.0039131,0.0039196,0.0038,0.0038135,1016565.72481058,1781020799999
1781020800000,0.0037667,0.0038915,0.0037528,0.0038407,468566.44973662,1781049599999
1781049600000,0.0037791,0.0037959,0.0037688,0.003792,102451.86654905,1781078399999
1781078400000,0.0038093,0.0038469,0.003725,0.0038469,1412289.96534749,1781107199999
1781107200000,0.0037624,0.0037722,0.0036898,0.0036898,205137.70505139,1781135999999
1781136000000,0.0037906,0.0038903,0.003786,0.0038546,501304.54368588,1781164799999
1781164800000,0.0038594,0.0038856,0.0037747,0.0038154,1141286.54708445,1781193599999
1781193600000,0.0038428,0.0038922,0.0037845,0.0038654,1592782.03835051,1781222399999
1781222400000,0.0038632,0.0039524,0.0037858,0.0037965,775189.60028278,1781251199999
1781251200000,0.0038322,0.0038937,0.0037857,0.0038321,1762906.03514148,1781279999999
1781280000000,0.0037981,0.0038243,0.0037729,0.0037998,668890.8531194,1781308799999
1781308800000,0.0038325,0.0038863,0.0037762,0.0038863,945975.77461325,1781337599999
1781337600000,0.0039032,0.0040364,0.003894,0.0040364,2480933.5919558,1781366399999
1781366400000,0.0039907,0.0040527,0.0039856,0.0040354,355458.10017015,1781395199999
1781395200000,0.003996,0.0040109,0.0039491,0.0039671,508080.68986502,1781423999999
1781424000000,0.0039827,0.0040206,0.0038948,0.0039073,1952589.54872076,1781452799999
1781452800000,0.0039295,0.0040912,0.003913,0.0040585,2378469.75867503,1781481599999
1781481600000,0.0041764,0.0042662,0.0041737,0.0042188,1198243.74008332,1781510399999
1781510400000,0.0042662,0.004472,0.004221,0.0044595,8913445.7125632,1781539199999
1781539200000,0.0044527,0.0044527,0.0042555,0.0042555,3354789.02552057,1781567999999
1781568000000,0.0042942,0.0042966,0.0041825,0.0042724,362915.01076175,1781596799999
1781596800000,0.0042508,0.0043095,0.0041343,0.0041388,852189.39166834,1781625599999
1781625600000,0.0041556,0.0042546,0.0041544,0.0042488,264547.95368957,1781654399999
1781654400000,0.00428,0.0043682,0.00428,0.004308,130149.54839567,1781683199999
1781683200000,0.0043034,0.0043502,0.0042544,0.0043502,1906116.18633805,1781711999999
1781712000000,0.0043743,0.0044,0.0040415,0.0041511,5021439.3756211,1781740799999
1781740800000,0.0041656,0.0041676,0.0040232,0.0041132,325578.1637146,1781769599999
1781769600000,0.0040959,0.0041409,0.003957,0.0039631,848599.67184487,1781798399999
1781798400000,0.0039631,0.0040509,0.003925,0.0040509,731893.37954141,1781827199999
1781827200000,0.00423,0.0043151,0.0040694,0.0041161,953013.18376817,1781855999999
1781856000000,0.0040897,0.0042371,0.004049,0.0042099,272448.21912697,1781884799999
1781884800000,0.0042405,0.0042405,0.004122,0.0041702,884515.12982247,1781913599999
1781913600000,0.0041023,0.0041146,0.0040866,0.004102,246574.10567827,1781942399999
1781942400000,0.0040869,0.0041485,0.0040085,0.004132,1968292.80151071,1781971199999
1781971200000,0.0041024,0.0041441,0.0040927,0.0041441,255292.57616845,1781999999999
1782000000000,0.0041112,0.0041112,0.0040761,0.0041057,47739.93551304,1782028799999
1782028800000,0.0040849,0.0041796,0.0040849,0.0041519,1093666.61608432,1782057599999
1782057600000,0.0041919,0.0042026,0.0040682,0.0040704,401974.76757909,1782086399999
1782086400000,0.0041769,0.00422,0.0041562,0.0042004,1172106.28491142,1782115199999
1782115200000,0.0041934,0.004264,0.004167,0.004173,1215455.61189613,1782143999999
1782144000000,0.0041812,0.0041812,0.0041078,0.0041392,2976506.75380058,1782172799999
1782172800000,0.0041914,0.0041914,0.0039393,0.0039701,1649102.85150003,1782201599999
1782201600000,0.0039822,0.0039952,0.0038687,0.0039952,767681.37795856,1782230399999
1782230400000,0.0039271,0.0039464,0.0038583,0.0039333,1714615.12201452,1782259199999
1782259200000,0.0039335,0.0039335,0.0038595,0.0038708,473936.972151,1782287999999
1782288000000,0.003864,0.0038873,0.00366,0.0036652,1672960.68220628,1782316799999
1782316800000,0.0036416,0.0037064,0.0035326,0.003701,2245566.19202031,1782345599999
1782345600000,0.0036847,0.0037067,0.0036167,0.0036815,859438.65813925,1782374399999
1782374400000,0.00368,0.00368,0.0033952,0.0035259,2305506.57261479,1782403199999
1782403200000,0.0035738,0.0037169,0.0035204,0.0036579,1631638.82983233,1782431999999
1782432000000,0.0036543,0.003716,0.0035543,0.0037099,544824.60029222,1782460799999
1782460800000,0.003703,0.0037082,0.0035894,0.0036833,2124993.81935306,1782489599999
1782489600000,0.0037052,0.0037556,0.0036795,0.0036989,1108947.58891686,1782518399999
1782518400000,0.0036897,0.003807,0.0036819,0.003807,55224.34411515,1782547199999
1782547200000,0.0038143,0.0038217,0.003764,0.0038179,571512.3745239,1782575999999
1782576000000,0.0037998,0.0037998,0.0036796,0.0036994,115513.33477726,1782604799999
1782604800000,0.0036879,0.0036903,0.0036879,0.0036903,102684.63964055,1782633599999
1782633600000,0.003693,0.003693,0.0036547,0.0036732,1416429.02830651,1782662399999
1782662400000,0.0036977,0.0036977,0.00359,0.0036399,532189.63101422,1782691199999
1782691200000,0.0036053,0.003699,0.0036053,0.0036788,1624233.47804307,1782719999999
1782720000000,0.0036879,0.0037621,0.0036259,0.003693,1148082.06648027,1782748799999
1782748800000,0.0036978,0.003854,0.0036978,0.0037416,1774992.08676175,1782777599999
1782777600000,0.0037139,0.0037779,0.0036993,0.0037163,274343.18603282,1782806399999
1782806400000,0.0036847,0.0037099,0.003608,0.0036539,1772089.42047938,1782835199999
1782835200000,0.0036592,0.0036592,0.0035995,0.0036208,403460.10104843,1782863999999
1782864000000,0.0036398,0.0038224,0.003568,0.0037158,506061.39872471,1782892799999
1782892800000,0.0036699,0.0038641,0.0036699,0.0038488,562268.38958646,1782921599999
1782921600000,0.0038363,0.0038363,0.0037348,0.0037667,808965.51336261,1782950399999
1782950400000,0.0037238,0.0038745,0.003718,0.0038389,632449.57833736,1782979199999
1782979200000,0.0038325,0.0039527,0.0038263,0.003902,1783220.18039705,1783007999999
1783008000000,0.0038812,0.0038966,0.0038391,0.0038391,1855033.92933634,1783036799999
1783036800000,0.0038644,0.0039897,0.0038598,0.0039481,1092373.84083578,1783065599999
1783065600000,0.0039686,0.0041319,0.0039024,0.0041319,1581718.64826937,1783094399999
1783094400000,0.004148,0.004148,0.0040356,0.0040501,1003295.31262981,1783123199999
1783123200000,0.0040434,0.0040434,0.0039559,0.0039595,259960.01093554,1783151999999
1783152000000,0.0039468,0.0040229,0.0039127,0.0040202,753090.51909042,1783180799999
1783180800000,0.0040431,0.0041094,0.0040078,0.0040247,1144979.26190498,1783209599999
1783209600000,0.0040242,0.0040242,0.0039,0.0039336,398506.86649913,1783238399999
1783238400000,0.0039197,0.0039254,0.0038162,0.0039254,1113783.91381076,1783267199999
1783267200000,0.0039334,0.0041225,0.00393,0.0040549,2271772.44171463,1783295999999
1783296000000,0.0040427,0.0040683,0.0039803,0.0039812,1239100.7894964,1783324799999
1783324800000,0.0039862,0.0042522,0.0039322,0.0039716,7159026.15181776,1783353599999
1783353600000,0.0040292,0.0041598,0.0040292,0.0040915,4064856.08876676,1783382399999
1783382400000,0.0040934,0.0040934,0.0039396,0.0039656,428614.4620722,1783411199999
1783411200000,0.003964,0.0040587,0.0039393,0.0040587,7118470.99806304,1783439999999
1783440000000,0.0040349,0.0040349,0.0038629,0.003889,6823658.53572384,1783468799999
1783468800000,0.0038131,0.0038131,0.0036657,0.0037417,967436.92486565,1783497599999
1783497600000,0.003717,0.003723,0.0036277,0.003656,773395.12581074,1783526399999
1783526400000,0.0036763,0.0037071,0.00363,0.0036988,2560557.30502399,1783555199999
1783555200000,0.0037018,0.0038218,0.0036825,0.0037805,1351282.11129436,1783583999999
1783584000000,0.0037786,0.0037924,0.0037311,0.003782,769609.10950077,1783612799999
1783612800000,0.003739,0.0037473,0.0036878,0.0037384,1156856.48217587,1783641599999
1783641600000,0.0037353,0.0038,0.0037295,0.00375,2379190.72554628,1783670399999
1783670400000,0.0037704,0.0039,0.0037704,0.003859,4087309.48528408,1783699199999
1783699200000,0.0038558,0.0039267,0.0038312,0.003858,3662684.32469066,1783727999999
1783728000000,0.0038596,0.0039374,0.0038273,0.0038333,963433.12830146,1783756799999
1783756800000,0.0038544,0.0039906,0.0038544,0.0039348,1054645.45151995,1783785599999
1783785600000,0.0039265,0.003935,0.0038376,0.0038376,485244.64729829,1783814399999
1783814400000,0.0038332,0.0039051,0.0038007,0.0038724,1642003.1816523,1783843199999
1783843200000,0.0038611,0.0041281,0.0038535,0.0039603,1.056038862550383E7,1783871999999
1783872000000,0.0039043,0.0039133,0.0038376,0.0038774,1884274.08676835,1783900799999
1783900800000,0.0039438,0.0039438,0.0037315,0.0037532,336309.89951713,1783929599999
1783929600000,0.0037618,0.0037882,0.0037327,0.0037651,1966764.97762185,1783958399999
1783958400000,0.0037591,0.0037898,0.0036552,0.0037182,1823340.27572371,1783987199999
1783987200000,0.0037252,0.0037461,0.0036435,0.0037081,631811.91482007,1784015999999
1784016000000,0.0036948,0.0038058,0.0036519,0.0037895,1888922.07937325,1784044799999
1784044800000,0.003813,0.0038342,0.0037627,0.0038177,3840403.03584117,1784073599999
1784073600000,0.0038031,0.0040337,0.0038031,0.003977,5365350.19130813,1784102399999
1784102400000,0.003925,0.0039648,0.0038567,0.0039311,5248624.55362204,1784131199999
1784131200000,0.0039168,0.0039168,0.0038369,0.0038563,2269826.16651427,1784159999999
1784160000000,0.0038766,0.0038979,0.0037962,0.0037963,839299.89651246,1784188799999
1784188800000,0.0037833,0.0039275,0.0037833,0.0039275,2865941.741944,1784217599999
1784217600000,0.0039147,0.0039147,0.0037826,0.0037826,1588995.75399722,1784246399999
1784246400000,0.003761,0.0038921,0.00375,0.0037618,590809.50083953,1784275199999
1784275200000,0.0037569,0.0038474,0.00375,0.0038166,3030369.05666052,1784303999999
1784304000000,0.0038027,0.00395,0.0038027,0.0039414,3369393.50215264,1784332799999
1784332800000,0.0039288,0.0039288,0.003819,0.0038386,270947.41256519,1784361599999
1784361600000,0.0038559,0.0038612,0.0037916,0.0038291,611656.20362395,1784390399999
1784390400000,0.0038173,0.0038457,0.00378,0.0038326,5825990.34905423,1784419199999
1784419200000,0.0038334,0.004106,0.00382,0.0040472,3380669.91825836,1784447999999
1784448000000,0.0040401,0.0042261,0.0039552,0.0040864,5040331.88042013,1784476799999
1784476800000,0.0041562,0.0042175,0.0040517,0.0040842,3996929.63746164,1784505599999
1784505600000,0.0040716,0.0043275,0.0040716,0.0042439,2028173.72688195,1784534399999
1784534400000,0.0042164,0.0042785,0.004052,0.0041033,4262148.86196092,1784563199999
1784563200000,0.0041059,0.0041059,0.0040056,0.0040389,3285463.04980404,1784591999999
1784592000000,0.0040271,0.004148,0.0039699,0.00397,8441351.94448866,1784620799999
1784620800000,0.00397,0.0041018,0.0039682,0.0040282,4205127.86463886,1784649599999
1784649600000,0.0040276,0.0040779,0.0039952,0.0040627,3088977.10738266,1784678399999
1784678400000,0.0040514,0.0040939,0.0039271,0.0039659,2534844.26382167,1784707199999
1784707200000,0.0040069,0.0041109,0.0039996,0.0040725,3926270.42704838,1784735999999
1784736000000,0.0040823,0.0041867,0.0040754,0.0041126,5408664.89745506,1784764799999
1784764800000,0.0041436,0.0041796,0.004025,0.0040552,342623.18448041,1784793599999
1784793600000,0.0040343,0.0041187,0.0040319,0.0040319,1544841.27602507,1784822399999
1784822400000,0.004014,0.0040465,0.0039802,0.0040377,875505.54999684,1784851199999
1784851200000,0.0040124,0.004049,0.0039204,0.0039646,2283765.45450084,1784879999999
1784880000000,0.0039764,0.003981,0.0038524,0.0038865,1127366.1997646,1784908799999
1784908800000,0.0039014,0.0039014,0.0038545,0.0038678,1498415.52922792,1784937599999
1784937600000,0.0038671,0.0038671,0.0037804,0.0037958,731750.46183594,1784966399999
1784966400000,0.0037804,0.0038898,0.0037777,0.0038487,3430264.92124581,1784995199999
1784995200000,0.0038554,0.0038876,0.0038544,0.0038876,1667305.13068664,1785023999999
1785024000000,0.0038723,0.0038814,0.0038407,0.0038449,1663398.16887329,1785052799999
1785052800000,0.00385,0.0038505,0.0038065,0.003828,1141668.54103521,1785081599999
1785081600000,0.0038264,0.0038503,0.0037556,0.0038503,1089004.55789402,1785110399999
1785110400000,0.0038572,0.0038572,0.0037754,0.0037754,460983.33527842,1785139199999
1785139200000,0.0037708,0.0038072,0.0036797,0.00368,1078143.1485338,1785167999999
1785168000000,0.0036772,0.0037147,0.0035224,0.0035397,1305392.30105071,1785196799999
1785196800000,0.003577,0.003577,0.0034842,0.0034842,954168.05404054,1785225599999
1785225600000,0.003495,0.0035506,0.0034659,0.0035506,1951020.92259244,1785254399999
1785254400000,0.0035407,0.0036058,0.0035208,0.0035688,612608.71269962,1785283199999
1785283200000,0.0035745,0.0035746,0.0033779,0.0034302,908679.13928438,1785311999999
1785312000000,0.0034324,0.0034615,0.0033633,0.0033704,863084.08404289,1785340799999
1785340800000,0.0033858,0.0034196,0.0032877,0.0033392,1845963.17359224,1785369599999
1785369600000,0.0033537,0.0034087,0.0033479,0.0034087,2084954.27559348,1785398399999
1785398400000,0.0033881,0.0033963,0.003345,0.0033649,2775372.65528856,1785427199999
1785427200000,0.0033279,0.0033607,0.0033279,0.0033607,557117.74741561,1785455999999
1785456000000,0.0033715,0.0034155,0.0033491,0.0033946,1006280.69226058,1785484799999
1785484800000,0.0034289,0.0034289,0.0033319,0.003346,2352766.31431575,1785513599999
1785513600000,0.0033458,0.0033679,0.0033336,0.0033356,407817.91458717,1785542399999
1785542400000,0.0033426,0.0033722,0.0033426,0.0033443,223883.51117828,1785571199999
1785571200000,0.0033527,0.0034326,0.0033397,0.0034326,233363.80760033,1785599999999
1785600000000,0.0034181,0.0034319,0.0033565,0.003395,471900.22064105,1785628799999
1785628800000,0.0033841,0.0034049,0.0033752,0.0034011,587604.72630539,1785657599999
1785657600000,0.0033767,0.0033767,0.0033108,0.0033127,1898566.15393103,1785686399999
1785686400000,0.0033321,0.0033792,0.0033155,0.0033792,835684.35287327,1785715199999
1785715200000,0.0033362,0.0033371,0.0032554,0.0032651,1897609.09977601,1785743999999
1785744000000,0.0032604,0.0033655,0.0032604,0.0033655,1102421.02709918,1785772799999
1785772800000,0.0033729,0.0034016,0.0033729,0.0034007,675417.85220982,1785801599999
1785801600000,0.0033717,0.0034083,0.0033717,0.0034003,38285.04978969,1785830399999
1785830400000,0.0034005,0.0034071,0.0033429,0.0033694,889523.44674574,1785859199999
1785859200000,0.0034194,0.0034619,0.003405,0.0034199,313951.51557742,1785887999999
1785888000000,0.0033927,0.0034667,0.0033878,0.0034537,288105.5917571,1785916799999
1785916800000,0.0034368,0.0034491,0.0034034,0.0034354,948758.79750483,1785945599999
1785945600000,0.0034223,0.0034749,0.0034223,0.0034746,1024700.20685663,1785974399999
1785974400000,0.0034885,0.0035022,0.0034395,0.0034975,509783.31578167,1786003199999
1786003200000,0.0034984,0.0035506,0.0034579,0.0035113,1730966.37363581,1786031999999
1786032000000,0.0035251,0.0035453,0.0035146,0.0035398,590070.89206449,1786060799999
1786060800000,0.0035405,0.0035563,0.0035275,0.0035318,306180.49654608,1786089599999
1786089600000,0.0035321,0.003533,0.0034658,0.0034739,1657644.02718095,1786118399999
1786118400000,0.0034652,0.0034818,0.0034505,0.0034707,1953701.84662579,1786147199999
1786147200000,0.0034786,0.0036703,0.0034728,0.0036524,5033223.80826329,1786175999999
1786176000000,0.0036391,0.0037396,0.0035452,0.0035701,5900539.92935465,1786204799999
1786204800000,0.0035506,0.0035687,0.0035193,0.0035634,3332960.35986616,1786233599999
1786233600000,0.0035566,0.0036257,0.0035418,0.0035809,1991568.65026918,1786262399999
1786262400000,0.0035946,0.0035946,0.0035072,0.0035355,2444635.15490263,1786291199999
1786291200000,0.0035583,0.0035669,0.0034668,0.0034668,2215933.9623461,1786319999999
1786320000000,0.003505,0.0036054,0.0034934,0.0035909,7229552.42594213,1786348799999
1786348800000,0.0035805,0.0036062,0.0035098,0.0035307,2716636.30820907,1786377599999
1786377600000,0.0035337,0.0035729,0.0034666,0.0034793,598651.38390993,1786406399999
