openTime,open,high,low,close,volume,closeTime
1754157600000,0.20837,0.20837,0.20835,0.20835,5939.81381276,1754179199999
1754200800000,0.21685,0.22384,0.21636,0.21636,1856.08870409,1754222399999
1754222400000,0.21741,0.21741,0.21741,0.21741,23.06086877,1754243999999
1754244000000,0.21797,0.22258,0.21643,0.21643,2870.33473947,1754265599999
1754265600000,0.22263,0.22263,0.22263,0.22263,35.68852111,1754287199999
1754308800000,0.21696,0.22592,0.21696,0.22592,27943.90975595,1754330399999
1754330400000,0.22584,0.22584,0.21935,0.21935,79.330451,1754351999999
1754352000000,0.2201,0.2201,0.2201,0.2201,5000.0,1754373599999
1754373600000,0.21935,0.22692,0.21665,0.22692,47681.73665628,1754395199999
1754395200000,0.23062,0.23833,0.21538,0.21538,130540.95264082,1754416799999
1754416800000,0.21476,0.22306,0.20876,0.2123,13932.97943013,1754438399999
1754438400000,0.21504,0.21504,0.21504,0.21504,837.53587989,1754459999999
1754460000000,0.21371,0.2191,0.21371,0.21843,28813.23835063,1754481599999
1754481600000,0.21409,0.22766,0.21409,0.22584,73892.54970956,1754503199999
1754503200000,0.22316,0.22316,0.22316,0.22316,22.3158272,1754524799999
1754524800000,0.21855,0.21855,0.21855,0.21855,756.93409194,1754546399999
1754546400000,0.22057,0.22238,0.22057,0.22238,71.90461078,1754567999999
1754568000000,0.22236,0.23166,0.22236,0.23166,34105.76680674,1754589599999
1754589600000,0.23105,0.23106,0.22824,0.22824,3637.89218886,1754611199999
1754632800000,0.22463,0.23283,0.22463,0.22932,2876.06798208,1754654399999
1754654400000,0.22822,0.235,0.22822,0.235,8529.04995905,1754675999999
1754676000000,0.23718,0.23721,0.23191,0.23718,8783.2039807,1754697599999
1754697600000,0.23723,0.23723,0.23723,0.23723,22.37397789,1754719199999
1754740800000,0.24316,0.24316,0.23401,0.23401,247.92134445,1754762399999
1754762400000,0.23286,0.24322,0.23286,0.24322,1495.922956,1754783999999
1754784000000,0.24066,0.24066,0.24066,0.24066,56.5609,1754805599999
1754805600000,0.2405,0.2405,0.23033,0.23033,4992.96491377,1754827199999
1754827200000,0.23015,0.23015,0.228,0.228,10409.89646738,1754848799999
1754848800000,0.2331,0.23566,0.22638,0.23566,4389.20077674,1754870399999
1754870400000,0.24,0.24192,0.23925,0.23925,11538.47056174,1754891999999
1754892000000,0.24027,0.2425,0.22626,0.22626,6594.83855425,1754913599999
1754913600000,0.22317,0.22384,0.222,0.22384,6935.50487023,1754935199999
1754935200000,0.22375,0.22765,0.22032,0.22032,82964.12349774,1754956799999
1754956800000,0.22193,0.22193,0.2219,0.2219,462.98,1754978399999
1754978400000,0.219,0.21975,0.219,0.21975,6261.0,1754999999999
1755000000000,0.2257,0.228,0.22523,0.228,3530.95893954,1755021599999
1755021600000,0.22726,0.23517,0.22726,0.23206,40753.06980119,1755043199999
1755043200000,0.23648,0.23648,0.23648,0.23648,210.8846414,1755064799999
1755064800000,0.23009,0.23589,0.22826,0.23584,16939.30129988,1755086399999
1755086400000,0.23725,0.23994,0.23208,0.23994,4661.28700284,1755107999999
1755108000000,0.23994,0.24,0.23123,0.2385,82629.48448942,1755129599999
1755129600000,0.23994,0.24019,0.23994,0.24019,3523.60680403,1755151199999
1755151200000,0.24012,0.24012,0.23122,0.23122,22132.4157446,1755172799999
1755172800000,0.225,0.225,0.21921,0.21922,10437.67026775,1755194399999
1755194400000,0.21981,0.22474,0.21539,0.21945,50891.01674062,1755215999999
1755237600000,0.22403,0.22403,0.21608,0.22198,2663.22678151,1755259199999
1755259200000,0.20981,0.21397,0.20976,0.21381,2939.15999993,1755280799999
1755280800000,0.21615,0.22139,0.21602,0.21602,56202.67812046,1755302399999
1755324000000,0.21234,0.22097,0.21234,0.22097,65.28314252,1755345599999
1755345600000,0.22071,0.22559,0.22071,0.22559,13723.24805268,1755367199999
1755367200000,0.22523,0.22578,0.22226,0.22226,49589.34200411,1755388799999
1755388800000,0.22226,0.22796,0.22226,0.22795,7324.73825793,1755410399999
1755410400000,0.23,0.23046,0.22961,0.23029,78385.32777523,1755431999999
1755432000000,0.23208,0.23208,0.22927,0.22936,724.01030067,1755453599999
1755453600000,0.22923,0.22923,0.22889,0.22889,60.0,1755475199999
1755475200000,0.22023,0.22023,0.21901,0.21919,73758.63821287,1755496799999
1755496800000,0.21619,0.22422,0.21399,0.22422,35103.00101683,1755518399999
1755540000000,0.2195,0.22027,0.2195,0.22027,72206.53090077,1755561599999
1755583200000,0.22312,0.22312,0.21735,0.21735,4407.06295734,1755604799999
1755626400000,0.21256,0.21387,0.21082,0.21082,6248.73922379,1755647999999
1755648000000,0.21085,0.22159,0.21085,0.22159,4705.9403747,1755669599999
1755691200000,0.21595,0.2206,0.21595,0.2206,256.82242991,1755712799999
1755712800000,0.22422,0.22422,0.22422,0.22422,197.19070556,1755734399999
1755734400000,0.22262,0.22262,0.22262,0.22262,214.17662384,1755755999999
1755756000000,0.21852,0.22363,0.21388,0.21431,5088.75672498,1755777599999
1755777600000,0.21452,0.21452,0.21452,0.21452,23.35446579,1755799199999
1755842400000,0.21603,0.21603,0.21452,0.21452,953.75277835,1755863999999
1755864000000,0.2125,0.22641,0.2,0.22605,26266.32934341,1755885599999
1755885600000,0.22557,0.231,0.22557,0.231,10691.28862129,1755907199999
1755907200000,0.22843,0.22843,0.22562,0.22562,266.27494545,1755928799999
1755928800000,0.22342,0.22342,0.22342,0.22342,329.3879823,1755950399999
1755950400000,0.22727,0.22732,0.22298,0.22298,879.1009398,1755971999999
1756015200000,0.22484,0.22484,0.21823,0.21823,6662.03438575,1756036799999
1756036800000,0.21933,0.21933,0.21801,0.21801,421.93876639,1756058399999
1756058400000,0.22718,0.22838,0.22718,0.22838,505.33283944,1756079999999
1756080000000,0.2177,0.2177,0.2177,0.2177,221.77308222,1756101599999
1756101600000,0.21917,0.21917,0.21376,0.21376,6392.93401032,1756123199999
1756123200000,0.21032,0.2134,0.21031,0.21175,27077.33267108,1756144799999
1756144800000,0.20903,0.20903,0.19956,0.19956,21241.25600056,1756166399999
1756166400000,0.20359,0.20643,0.20359,0.20643,1373.77381188,1756187999999
1756188000000,0.2089,0.2089,0.2089,0.2089,23.83915749,1756209599999
1756209600000,0.21069,0.21069,0.20701,0.20701,619.24519778,1756231199999
1756231200000,0.21147,0.219,0.21041,0.21579,22402.2052962,1756252799999
1756252800000,0.21608,0.21636,0.21607,0.21636,5237.87313398,1756274399999
1756274400000,0.2089,0.21528,0.2089,0.21353,18123.08421961,1756295999999
1756317600000,0.21336,0.21336,0.21336,0.21336,177.486,1756339199999
1756339200000,0.21331,0.21331,0.21331,0.21331,1000.0,1756360799999
1756404000000,0.21999,0.21999,0.21999,0.21999,453.42970135,1756425599999
1756425600000,0.21855,0.21855,0.21855,0.21855,178.0,1756447199999
1756447200000,0.21054,0.21054,0.21054,0.21054,427.4722143,1756468799999
1756468800000,0.2045,0.2045,0.20448,0.20448,1263.97521984,1756490399999
1756490400000,0.20535,0.20535,0.20508,0.20535,2594.26264625,1756511999999
1756555200000,0.21164,0.21164,0.21162,0.21162,631.68343046,1756576799999
1756598400000,0.21725,0.21751,0.21725,0.21751,1271.2372082,1756619999999
1756684800000,0.20535,0.20535,0.20349,0.20349,717.62843842,1756706399999
1756706400000,0.204,0.20942,0.204,0.20418,9236.24792869,1756727999999
1756728000000,0.20395,0.20395,0.20382,0.20382,416.90954545,1756749599999
1756749600000,0.203,0.2053,0.20168,0.20168,23857.04578229,1756771199999
1756771200000,0.20244,0.20562,0.20244,0.205,13639.84510251,1756792799999
1756792800000,0.205,0.20681,0.20212,0.20398,18707.00509304,1756814399999
1756814400000,0.20628,0.20628,0.20471,0.20472,10543.1437601,1756835999999
1756836000000,0.20459,0.2147,0.20459,0.2147,29.51025198,1756857599999
1756857600000,0.20502,0.20502,0.20502,0.20502,1067.99130506,1756879199999
1756879200000,0.20372,0.20543,0.20372,0.20543,3664.50534143,1756900799999
1756900800000,0.20257,0.20932,0.2025,0.20922,9038.83505586,1756922399999
1756922400000,0.20683,0.20683,0.20683,0.20683,61.38640191,1756943999999
1756944000000,0.20156,0.20156,0.20156,0.20156,1373.86061185,1756965599999
1756965600000,0.20203,0.20203,0.20002,0.20002,226.58753775,1756987199999
1756987200000,0.20534,0.20534,0.20106,0.20392,7098.35426187,1757008799999
1757008800000,0.20315,0.20315,0.19679,0.20272,7893.3647304,1757030399999
1757030400000,0.20744,0.20744,0.19985,0.19985,1720.20825298,1757051999999
1757073600000,0.20328,0.20625,0.19604,0.20625,9819.42075301,1757095199999
1757116800000,0.20265,0.20265,0.20265,0.20265,197.38465334,1757138399999
1757138400000,0.20614,0.20614,0.20213,0.2022,5428.83047127,1757159999999
1757160000000,0.20646,0.20646,0.20459,0.20459,63542.45907198,1757181599999
1757181600000,0.20514,0.20514,0.20206,0.20346,13272.88987041,1757203199999
1757203200000,0.20605,0.20735,0.20605,0.20735,27398.79227003,1757224799999
1757224800000,0.20699,0.20932,0.20601,0.20601,74.96885515,1757246399999
1757246400000,0.20602,0.2073,0.20602,0.2073,1753.01221558,1757267999999
1757268000000,0.20403,0.20403,0.20334,0.20334,867.79007272,1757289599999
1757289600000,0.21,0.21,0.21,0.21,5998.34243532,1757311199999
1757311200000,0.2083,0.2083,0.2083,0.2083,0.62559674,1757332799999
1757332800000,0.21101,0.21101,0.21101,0.21101,834.77546557,1757354399999
1757354400000,0.20897,0.20897,0.20617,0.20617,951.02673587,1757375999999
1757397600000,0.20993,0.22014,0.20993,0.2177,371.29784229,1757419199999
1757419200000,0.21522,0.21522,0.2098,0.2098,10384.08384325,1757440799999
1757440800000,0.21147,0.2115,0.21147,0.2115,2433.0,1757462399999
1757462400000,0.21348,0.2154,0.21169,0.2153,12339.0463073,1757483999999
1757484000000,0.21659,0.21659,0.21508,0.21508,1299.86408927,1757505599999
1757505600000,0.2139,0.21946,0.2139,0.21593,1157.51321229,1757527199999
1757527200000,0.21681,0.21738,0.21681,0.21717,4687.55788177,1757548799999
1757548800000,0.21964,0.21964,0.21898,0.21898,27520.28802204,1757570399999
1757570400000,0.22097,0.22168,0.22097,0.22168,33908.05344719,1757591999999
1757592000000,0.2172,0.21843,0.21602,0.21843,2541.27006307,1757613599999
1757613600000,0.21855,0.21918,0.21855,0.21918,14352.9336954,1757635199999
1757656800000,0.22255,0.22255,0.21823,0.21823,32592.0591606,1757678399999
1757678400000,0.21954,0.22375,0.21954,0.22375,2434.04797376,1757699999999
1757700000000,0.2221,0.2243,0.2221,0.2243,7818.52141623,1757721599999
1757721600000,0.22364,0.22598,0.22364,0.22598,3614.96560075,1757743199999
1757743200000,0.22647,0.23023,0.22647,0.2288,26668.36054605,1757764799999
1757764800000,0.22973,0.23057,0.22345,0.22612,35842.69354917,1757786399999
1757786400000,0.22625,0.2302,0.22553,0.229,114873.22587316,1757807999999
1757808000000,0.22743,0.22743,0.22743,0.22743,2198.47865277,1757829599999
1757829600000,0.22591,0.22754,0.22591,0.22754,4188.12449871,1757851199999
1757851200000,0.22,0.221,0.21756,0.21756,30495.50504193,1757872799999
1757872800000,0.2204,0.2204,0.2204,0.2204,45.23593466,1757894399999
1757916000000,0.21462,0.21496,0.21205,0.21205,5861.11224627,1757937599999
1757937600000,0.21115,0.21115,0.20794,0.20934,1378.09598437,1757959199999
1757959200000,0.20939,0.21076,0.20939,0.21,75320.15134871,1757980799999
1757980800000,0.21057,0.21125,0.20865,0.20865,64756.89058351,1758002399999
1758002400000,0.21056,0.21056,0.21027,0.21027,1301.84259679,1758023999999
1758024000000,0.21005,0.21321,0.21005,0.21321,306.23973891,1758045599999
1758045600000,0.21508,0.21536,0.21433,0.215,116.11839901,1758067199999
1758088800000,0.21326,0.23185,0.20983,0.21114,151217.34173525,1758110399999
1758110400000,0.21132,0.21285,0.20847,0.20847,150151.28403136,1758131999999
1758132000000,0.2092,0.21831,0.20903,0.21831,2588.04508146,1758153599999
1758153600000,0.21932,0.22042,0.21932,0.22042,547.78457805,1758175199999
1758175200000,0.21893,0.21893,0.21893,0.21893,41.58355154,1758196799999
1758196800000,0.22212,0.22249,0.22212,0.22249,93.79297539,1758218399999
1758218400000,0.22663,0.22663,0.22246,0.22246,913.18670398,1758239999999
1758240000000,0.22484,0.22484,0.22087,0.22087,28449.20713931,1758261599999
1758261600000,0.22046,0.22046,0.2192,0.2192,185.28865207,1758283199999
1758283200000,0.21805,0.21805,0.21675,0.21693,3828.93804987,1758304799999
1758304800000,0.21661,0.21773,0.21661,0.21773,140.14874988,1758326399999
1758369600000,0.21993,0.21993,0.21993,0.21993,21.10878594,1758391199999
1758391200000,0.2216,0.2216,0.2216,0.2216,1351.08303249,1758412799999
1758412800000,0.2233,0.2233,0.2233,0.2233,44.87236901,1758434399999
1758434400000,0.22695,0.23547,0.225,0.22644,94608.54037232,1758455999999
1758456000000,0.22583,0.22727,0.22422,0.22422,5157.22752681,1758477599999
1758477600000,0.22429,0.22631,0.22429,0.22631,1839.7060786,1758499199999
1758499200000,0.22,0.22,0.21,0.21,12114.41626477,1758520799999
1758520800000,0.20212,0.20444,0.19426,0.20092,52628.65582434,1758542399999
1758542400000,0.20199,0.20352,0.20046,0.20127,8916.75424279,1758563999999
1758564000000,0.20177,0.20177,0.19852,0.19852,74955.65448165,1758585599999
1758585600000,0.19906,0.19933,0.19906,0.19933,1462.95135143,1758607199999
1758607200000,0.19987,0.20131,0.19987,0.20078,65603.18738251,1758628799999
1758628800000,0.20101,0.20555,0.1996,0.20096,118909.98768557,1758650399999
1758650400000,0.20111,0.20232,0.19898,0.20103,16493.3672503,1758671999999
1758672000000,0.19779,0.19935,0.19779,0.19933,2667.3386886,1758693599999
1758693600000,0.2008,0.20214,0.2008,0.20196,2438.79049265,1758715199999
1758715200000,0.2041,0.2041,0.20249,0.20336,1936.978612,1758736799999
1758736800000,0.20234,0.20342,0.20234,0.20322,4060.89197127,1758758399999
1758758400000,0.1968,0.1968,0.19652,0.19652,29513.26516623,1758779999999
1758780000000,0.19549,0.19727,0.19548,0.19645,15331.32363009,1758801599999
1758801600000,0.19647,0.19808,0.1885,0.1885,15025.11082878,1758823199999
1758823200000,0.18963,0.19065,0.18963,0.19065,142.97082228,1758844799999
1758844800000,0.19261,0.19261,0.19261,0.19261,259.5919215,1758866399999
1758866400000,0.19227,0.19227,0.19205,0.19205,98.75324676,1758887999999
1758888000000,0.19366,0.20324,0.19366,0.20168,88581.92242049,1758909599999
1758909600000,0.20241,0.20321,0.20168,0.20212,57815.35276363,1758931199999
1758931200000,0.2011,0.2011,0.19995,0.19995,36712.85451474,1758952799999
1758952800000,0.20139,0.20254,0.199,0.20175,118641.29228239,1758974399999
1758996000000,0.20223,0.20555,0.20164,0.20347,149189.24456906,1759017599999
1759017600000,0.20325,0.20325,0.20325,0.20325,492.00492,1759039199999
1759039200000,0.2,0.2,0.19744,0.19943,6431.50883408,1759060799999
1759060800000,0.20018,0.20319,0.20018,0.2031,2976.82927995,1759082399999
1759082400000,0.2034,0.20571,0.2034,0.20555,3418.61941425,1759103999999
1759104000000,0.20541,0.20541,0.20541,0.20541,6.14693946,1759125599999
1759125600000,0.20105,0.207,0.20105,0.20365,3852.04413667,1759147199999
1759147200000,0.19841,0.20176,0.19798,0.20165,7876.62376212,1759168799999
1759168800000,0.20149,0.20559,0.20149,0.20526,32057.4475668,1759190399999
1759190400000,0.2005,0.2005,0.1999,0.20008,24662.91105773,1759211999999
1759212000000,0.19952,0.19952,0.19733,0.19847,82723.78012933,1759233599999
1759233600000,0.19789,0.19789,0.19789,0.19789,164.99065138,1759255199999
1759255200000,0.20015,0.20105,0.20015,0.20105,41494.66248459,1759276799999
1759298400000,0.20376,0.20435,0.20339,0.20389,39365.85840461,1759319999999
1759320000000,0.20334,0.20392,0.20305,0.20392,811.05037984,1759341599999
1759341600000,0.20629,0.2071,0.20578,0.2071,30824.12789167,1759363199999
1759363200000,0.20826,0.21,0.20826,0.20982,2718.56664268,1759384799999
1759384800000,0.21141,0.21141,0.20591,0.2107,3585.97912845,1759406399999
1759406400000,0.21163,0.21163,0.21122,0.21122,2595.09858384,1759427999999
1759428000000,0.21263,0.21351,0.21263,0.21304,3287.01319225,1759449599999
1759449600000,0.20941,0.21347,0.20939,0.21268,41685.35348407,1759471199999
1759471200000,0.21229,0.21392,0.20846,0.21036,8884.2580951,1759492799999
1759492800000,0.20935,0.21202,0.20731,0.20857,37089.14061088,1759514399999
1759514400000,0.21263,0.21263,0.21193,0.21193,26948.10337689,1759535999999
1759536000000,0.2093,0.20934,0.2093,0.20934,48992.17947893,1759557599999
1759557600000,0.21015,0.21015,0.20838,0.20855,83718.85749097,1759579199999
1759579200000,0.20656,0.20656,0.20656,0.20656,24690.1626646,1759600799999
1759600800000,0.20297,0.20297,0.20297,0.20297,29.6595556,1759622399999
1759622400000,0.20683,0.20683,0.20683,0.20683,1393.0880909,1759643999999
1759644000000,0.20714,0.20714,0.20714,0.20714,57.11113256,1759665599999
1759687200000,0.20392,0.20392,0.20392,0.20392,12.18020838,1759708799999
1759708800000,0.20446,0.20559,0.20446,0.20559,107.29286293,1759730399999
1759752000000,0.2081,0.20986,0.2081,0.20986,6466.72595201,1759773599999
1759773600000,0.21112,0.21258,0.21103,0.21108,6065.26073672,1759795199999
1759795200000,0.21143,0.21224,0.21143,0.21224,12265.49997134,1759816799999
1759816800000,0.21047,0.21219,0.21047,0.21219,1534.85194984,1759838399999
1759838400000,0.20603,0.20603,0.20474,0.20474,754.11273472,1759859999999
1759860000000,0.20678,0.20678,0.20459,0.20466,5335.49176741,1759881599999
1759903200000,0.20309,0.20471,0.20279,0.20306,31752.3323449,1759924799999
1759924800000,0.20616,0.20616,0.20616,0.20616,1305.28582269,1759946399999
1759968000000,0.20401,0.20429,0.19988,0.20092,35540.01981306,1759989599999
1759989600000,0.1901,0.19776,0.1901,0.19776,1823.38049669,1760011199999
1760011200000,0.19845,0.19845,0.19769,0.19829,8241.09538709,1760032799999
1760032800000,0.20103,0.20103,0.20006,0.20006,2048.47452602,1760054399999
1760054400000,0.20052,0.20212,0.20052,0.20212,26166.53102017,1760075999999
1760076000000,0.20081,0.20081,0.20012,0.20012,279.32385458,1760097599999
1760097600000,0.20369,0.20464,0.19,0.19,3284.53816801,1760119199999
1760119200000,0.1902,0.1902,0.12,0.12103,101695.68537061,1760140799999
1760140800000,0.13133,0.13818,0.13128,0.13818,4117.65862513,1760162399999
1760162400000,0.1384,0.15904,0.13637,0.15832,296415.05935686,1760183999999
1760184000000,0.1513,0.28,0.15093,0.22119,2392878.02031921,1760205599999
1760205600000,0.21971,0.252,0.18429,0.18889,3498448.88929881,1760227199999
1760227200000,0.18648,0.20069,0.16919,0.18173,1977480.89389296,1760248799999
1760248800000,0.1823,0.2044,0.17005,0.179,2390844.57941669,1760270399999
1760270400000,0.1795,0.19569,0.175,0.19549,1852274.82006245,1760291999999
1760292000000,0.19549,0.20101,0.18209,0.18367,1469493.33787871,1760313599999
1760313600000,0.18297,0.19546,0.1782,0.19526,253969.65497166,1760335199999
1760335200000,0.19689,0.24484,0.19494,0.23018,2709014.43165492,1760356799999
1760356800000,0.22936,0.25836,0.222,0.23491,3844899.59475667,1760378399999
1760378400000,0.23911,0.296,0.23178,0.24238,2989226.19630753,1760399999999
1760400000000,0.23985,0.278,0.21979,0.21979,1574636.53065122,1760421599999
1760421600000,0.2205,0.23506,0.21425,0.22294,1395377.98271784,1760443199999
1760443200000,0.22432,0.2355,0.21673,0.22411,786618.06102278,1760464799999
1760464800000,0.2241,0.23102,0.21831,0.22063,220890.21866856,1760486399999
1760486400000,0.22645,0.22699,0.21562,0.22244,314361.92170358,1760507999999
1760508000000,0.22229,0.27127,0.21676,0.2592,1865713.73236948,1760529599999
1760529600000,0.26003,0.29176,0.24249,0.28122,2327782.40828014,1760551199999
1760551200000,0.28034,0.34,0.2666,0.27542,1879900.11267952,1760572799999
1760572800000,0.27387,0.41943,0.27313,0.395,2000540.2061212,1760594399999
1760594400000,0.395,0.42595,0.37438,0.40549,2392633.81597011,1760615999999
1760616000000,0.40841,0.59499,0.25,0.29503,6618472.46018872,1760637599999
1760637600000,0.29201,0.352,0.265,0.2803,1308541.78207476,1760659199999
1760659200000,0.28087,0.28445,0.22893,0.2467,998904.26295547,1760680799999
1760680800000,0.24666,0.2692,0.22525,0.25563,2995496.69234928,1760702399999
1760702400000,0.25401,0.28453,0.23684,0.23916,3429723.68138099,1760723999999
1760724000000,0.23938,0.25282,0.23338,0.24097,1134102.9335727,1760745599999
1760745600000,0.23938,0.24892,0.23298,0.24416,909131.54978451,1760767199999
1760767200000,0.24332,0.25204,0.23851,0.24273,1325046.04584973,1760788799999
1760788800000,0.24257,0.24721,0.22972,0.23567,1900113.78937712,1760810399999
1760810400000,0.23587,0.24417,0.23053,0.23189,562003.99964997,1760831999999
1760832000000,0.23126,0.23719,0.228,0.23091,446498.74170084,1760853599999
1760853600000,0.23012,0.23014,0.2203,0.22577,651158.39033675,1760875199999
1760875200000,0.22562,0.22793,0.22098,0.22301,557707.02804832,1760896799999
1760896800000,0.22269,0.22796,0.22041,0.22047,181539.70199743,1760918399999
1760918400000,0.22,0.22,0.21196,0.21498,344104.18023168,1760939999999
1760940000000,0.21538,0.22244,0.21358,0.21445,699894.4886662,1760961599999
1760961600000,0.21377,0.21548,0.20882,0.21057,332587.33588318,1760983199999
1760983200000,0.21006,0.21773,0.20587,0.21425,320371.83286032,1761004799999
1761004800000,0.21296,0.21363,0.19862,0.1993,335207.82656128,1761026399999
1761026400000,0.19933,0.20122,0.19642,0.20035,258493.18600057,1761047999999
1761048000000,0.20056,0.20715,0.19798,0.20314,252404.99728795,1761069599999
1761069600000,0.20385,0.20385,0.18973,0.19,228798.44231808,1761091199999
1761091200000,0.18963,0.1905,0.18491,0.18804,174331.3766218,1761112799999
1761112800000,0.18729,0.19366,0.18599,0.18908,250910.72583111,1761134399999
1761134400000,0.19027,0.19102,0.1839,0.18452,146056.4354751,1761155999999
1761156000000,0.18326,0.18538,0.17752,0.1824,85608.44153701,1761177599999
1761177600000,0.18296,0.18346,0.18165,0.18194,96541.4933699,1761199199999
1761199200000,0.18146,0.204,0.18124,0.20171,667389.52694156,1761220799999
1761220800000,0.20121,0.24902,0.1997,0.22538,4493433.47509404,1761242399999
1761242400000,0.22387,0.23718,0.222,0.23186,806626.31802268,1761263999999
1761264000000,0.2278,0.238,0.22069,0.23413,760303.71342045,1761285599999
1761285600000,0.23418,0.24159,0.22,0.23638,1732048.64355145,1761307199999
1761307200000,0.23489,0.265,0.22579,0.22662,2597234.69826178,1761328799999
1761328800000,0.2278,0.23011,0.21,0.22484,1081132.59572576,1761350399999
1761350400000,0.22528,0.22528,0.21788,0.21916,223022.27460899,1761371999999
1761372000000,0.21885,0.2203,0.21421,0.21519,289313.13298827,1761393599999
1761393600000,0.21421,0.21669,0.2098,0.21092,614069.91614466,1761415199999
1761415200000,0.21096,0.21152,0.20486,0.20593,430753.11407999,1761436799999
1761436800000,0.20501,0.20667,0.20133,0.20424,178162.68959843,1761458399999
1761458400000,0.20405,0.20876,0.204,0.20636,477128.83869011,1761479999999
1761480000000,0.2065,0.20816,0.20451,0.20487,370471.32914501,1761501599999
1761501600000,0.20524,0.2062,0.20238,0.2043,322251.83186772,1761523199999
1761523200000,0.20444,0.20788,0.20428,0.20455,192545.28858519,1761544799999
1761544800000,0.20412,0.20605,0.2002,0.2026,327378.28715091,1761566399999
1761566400000,0.20285,0.20488,0.2,0.20172,193520.51116487,1761587999999
1761588000000,0.20215,0.2022,0.19657,0.19721,88991.29095084,1761609599999
1761609600000,0.19793,0.19892,0.19089,0.19089,135731.24740996,1761631199999
1761631200000,0.19129,0.19481,0.19129,0.19481,29082.03243009,1761652799999
1761652800000,0.19417,0.19648,0.18879,0.19079,69362.65590139,1761674399999
1761674400000,0.19132,0.19161,0.18736,0.1902,155664.75634855,1761695999999
1761696000000,0.1904,0.19128,0.18908,0.19013,31046.50318512,1761717599999
1761717600000,0.18966,0.18966,0.1873,0.1873,42925.8626326,1761739199999
1761739200000,0.1875,0.18924,0.18109,0.18547,106686.62055893,1761760799999
1761760800000,0.18724,0.18737,0.18061,0.18438,145600.70373318,1761782399999
1761782400000,0.18337,0.18483,0.17596,0.18015,65681.02531093,1761803999999
1761804000000,0.18126,0.18257,0.17795,0.17815,49499.04922903,1761825599999
1761825600000,0.1795,0.21089,0.1756,0.1794,1669937.33755934,1761847199999
1761847200000,0.1794,0.18107,0.17381,0.17899,248646.65531118,1761868799999
1761868800000,0.18119,0.195,0.17793,0.19265,188499.6639018,1761890399999
1761890400000,0.19363,0.2,0.18638,0.18905,881117.45277774,1761911999999
1761912000000,0.1875,0.189,0.17754,0.18143,281155.82103446,1761933599999
1761933600000,0.18096,0.18574,0.18096,0.1847,41102.64559676,1761955199999
1761955200000,0.18311,0.18883,0.18245,0.18474,43324.26100677,1761976799999
1761976800000,0.18524,0.19257,0.1852,0.18949,130619.79872367,1761998399999
1761998400000,0.18859,0.19593,0.18853,0.19262,320192.50870372,1762019999999
1762020000000,0.19218,0.19325,0.18876,0.18942,71773.90781531,1762041599999
1762041600000,0.18939,0.18939,0.18665,0.18864,155791.82103738,1762063199999
1762063200000,0.18824,0.18849,0.1852,0.18541,144931.11560134,1762084799999
1762084800000,0.18409,0.18452,0.18,0.18266,58520.07094044,1762106399999
1762106400000,0.18369,0.18616,0.18306,0.18616,172242.58469809,1762127999999
1762128000000,0.18686,0.18686,0.17328,0.17328,87534.15175087,1762149599999
1762149600000,0.17267,0.17469,0.17154,0.17468,184436.15920384,1762171199999
1762171200000,0.17425,0.1754,0.15842,0.16474,216269.67474369,1762192799999
1762192800000,0.16549,0.1661,0.1605,0.16536,82495.97901931,1762214399999
1762214400000,0.16661,0.17512,0.16554,0.16554,115832.4626162,1762235999999
1762236000000,0.16928,0.16928,0.1629,0.16667,189487.26731893,1762257599999
1762257600000,0.16638,0.16901,0.1594,0.16263,250574.5871508,1762279199999
1762279200000,0.16024,0.2016,0.15049,0.16882,653278.14791803,1762300799999
1762300800000,0.16646,0.16646,0.15667,0.16333,325641.92544287,1762322399999
1762322400000,0.16214,0.16257,0.15801,0.15817,169442.61630561,1762343999999
1762344000000,0.15999,0.16418,0.15853,0.16377,80829.09927355,1762365599999
1762365600000,0.1622,0.16598,0.16203,0.16586,111986.90040736,1762387199999
1762387200000,0.15883,0.16203,0.15853,0.15853,9638.4587595,1762408799999
1762408800000,0.1597,0.16136,0.15715,0.15901,116294.53361078,1762430399999
1762430400000,0.15881,0.15958,0.15362,0.1556,121720.47226429,1762451999999
1762452000000,0.15618,0.15902,0.15506,0.15751,15832.32141405,1762473599999
1762473600000,0.16004,0.16121,0.16004,0.16087,1683.59235542,1762495199999
1762495200000,0.16125,0.16125,0.1556,0.1556,21385.77732627,1762516799999
1762516800000,0.15512,0.17,0.15293,0.16938,71697.36766451,1762538399999
1762538400000,0.17097,0.1729,0.16949,0.17047,62611.46063448,1762559999999
1762560000000,0.1698,0.1699,0.16799,0.16924,10673.29174784,1762581599999
1762581600000,0.16307,0.16645,0.16292,0.16451,23865.8549275,1762603199999
1762603200000,0.16578,0.16578,0.16335,0.16509,41811.3880788,1762624799999
1762624800000,0.16467,0.1716,0.16395,0.1685,115210.11071837,1762646399999
1762646400000,0.16235,0.16235,0.1605,0.16058,16858.39565416,1762667999999
1762668000000,0.16203,0.16311,0.16081,0.16087,51189.35920243,1762689599999
1762689600000,0.16449,0.17632,0.16449,0.16655,182542.45560743,1762711199999
1762711200000,0.16671,0.16745,0.1658,0.16666,38844.57764674,1762732799999
1762732800000,0.16801,0.16852,0.16691,0.16691,3512.72464129,1762754399999
1762754400000,0.16776,0.16857,0.16645,0.16705,15202.1594936,1762775999999
1762776000000,0.168,0.17074,0.16669,0.17071,43612.06259614,1762797599999
1762797600000,0.17034,0.17034,0.16664,0.16931,78809.44520989,1762819199999
1762819200000,0.16798,0.16969,0.16501,0.16589,29711.86803911,1762840799999
1762840800000,0.16574,0.16574,0.16268,0.16537,8347.87380232,1762862399999
1762862400000,0.16577,0.16642,0.163,0.16405,31938.67624538,1762883999999
1762884000000,0.16368,0.16368,0.15875,0.15875,33971.1438475,1762905599999
1762905600000,0.1587,0.16147,0.1587,0.16147,2817.04120653,1762927199999
1762927200000,0.16456,0.16456,0.16456,0.16456,1797.16215678,1762948799999
1762948800000,0.16172,0.16172,0.15525,0.15702,19059.62663461,1762970399999
1762970400000,0.15656,0.15781,0.15378,0.15705,27011.17943998,1762991999999
1762992000000,0.15671,0.16083,0.15671,0.15909,104375.69237819,1763013599999
1763013600000,0.15995,0.15995,0.1571,0.15763,48711.82344709,1763035199999
1763035200000,0.15835,0.15856,0.15077,0.15077,48264.4828781,1763056799999
1763056800000,0.15,0.15263,0.14615,0.15094,33328.36778517,1763078399999
1763078400000,0.15014,0.15084,0.14428,0.14448,25223.35431892,1763099999999
1763100000000,0.1466,0.14958,0.1466,0.14705,39116.78781894,1763121599999
1763121600000,0.14461,0.14765,0.14444,0.14765,40068.50126066,1763143199999
1763143200000,0.14868,0.14976,0.1444,0.14744,18861.468486,1763164799999
1763186400000,0.14868,0.15004,0.14865,0.15003,35119.71327665,1763207999999
1763208000000,0.15181,0.15181,0.14986,0.1516,81459.79345011,1763229599999
1763229600000,0.15571,0.15675,0.15,0.15,155737.89375177,1763251199999
1763251200000,0.15246,0.1525,0.15246,0.1525,7060.0313948,1763272799999
1763272800000,0.15238,0.15263,0.14998,0.14998,81186.51378149,1763294399999
1763294400000,0.14921,0.14921,0.14389,0.14389,640.75122534,1763315999999
1763316000000,0.1457,0.1506,0.1457,0.1506,101784.794372,1763337599999
1763337600000,0.15116,0.15144,0.14989,0.15128,46681.27253806,1763359199999
1763359200000,0.15046,0.15166,0.15041,0.1512,7779.84828007,1763380799999
1763380800000,0.15083,0.152,0.1464,0.14655,188006.66532125,1763402399999
1763402400000,0.14389,0.14577,0.14285,0.14374,159522.78324915,1763423999999
1763424000000,0.14493,0.14655,0.1439,0.14614,89233.32735154,1763445599999
1763445600000,0.14357,0.146,0.14357,0.14462,113622.56040204,1763467199999
1763467200000,0.14485,0.14766,0.14485,0.14766,4362.47000395,1763488799999
1763488800000,0.14759,0.14805,0.14707,0.14772,19085.03051585,1763510399999
1763510400000,0.14679,0.14679,0.1445,0.1445,341.36061624,1763531999999
1763532000000,0.14386,0.1462,0.14386,0.14581,11107.40842256,1763553599999
1763553600000,0.1455,0.1455,0.14,0.14,45132.24297283,1763575199999
1763575200000,0.14234,0.14492,0.14028,0.1446,105234.23512696,1763596799999
1763596800000,0.147,0.147,0.14692,0.14692,1496.26844542,1763618399999
1763618400000,0.14799,0.14799,0.14723,0.14758,678.81633905,1763639999999
1763640000000,0.14998,0.15302,0.13998,0.13998,111290.72105319,1763661599999
1763661600000,0.14217,0.14635,0.13998,0.14589,160767.96872645,1763683199999
1763683200000,0.147,0.147,0.1424,0.14241,8491.05974279,1763704799999
1763704800000,0.14221,0.14221,0.13,0.13252,270463.34455383,1763726399999
1763726400000,0.13227,0.13898,0.1315,0.13898,220200.27081137,1763747999999
1763748000000,0.13601,0.13705,0.13259,0.13551,106921.27090677,1763769599999
1763769600000,0.13635,0.13688,0.1325,0.1325,57529.77353509,1763791199999
1763791200000,0.13263,0.1342,0.13091,0.13285,208369.48903999,1763812799999
1763812800000,0.1318,0.13442,0.1318,0.13348,95688.58718378,1763834399999
1763834400000,0.13206,0.14,0.13206,0.1365,114045.19859972,1763855999999
1763856000000,0.14,0.14071,0.13875,0.13894,13511.88729655,1763877599999
1763877600000,0.13771,0.13776,0.13654,0.13669,52778.26700889,1763899199999
1763899200000,0.13769,0.13769,0.13638,0.13638,3334.15643836,1763920799999
1763920800000,0.13667,0.13709,0.13667,0.13709,270.78346629,1763942399999
1763942400000,0.13427,0.13473,0.13427,0.13473,994.40957377,1763963999999
1763964000000,0.13561,0.13561,0.13336,0.13336,20114.34531774,1763985599999
1763985600000,0.13493,0.139,0.13301,0.139,134344.15629575,1764007199999
1764007200000,0.1394,0.1394,0.13751,0.13751,1402.34076887,1764028799999
1764050400000,0.13836,0.1389,0.13801,0.13858,43756.30865285,1764071999999
1764072000000,0.13776,0.13915,0.135,0.13909,3789.20470874,1764093599999
1764093600000,0.13841,0.14254,0.13626,0.14254,2787.07196121,1764115199999
1764115200000,0.13798,0.13803,0.13678,0.13683,1489.19958893,1764136799999
1764136800000,0.13603,0.13603,0.13576,0.13576,1172.043831,1764158399999
1764158400000,0.13551,0.13633,0.13329,0.13633,14706.44217803,1764179999999
1764180000000,0.1378,0.13829,0.13726,0.13726,7272.09789584,1764201599999
1764201600000,0.13707,0.13715,0.13707,0.13715,73.17429051,1764223199999
1764223200000,0.13617,0.13617,0.13351,0.13495,679456.70260861,1764244799999
1764244800000,0.134,0.13528,0.12858,0.1342,313400.73295164,1764266399999
1764266400000,0.13503,0.13565,0.13087,0.13303,40635.38863926,1764287999999
1764288000000,0.13249,0.1328,0.13,0.13068,54071.60941034,1764309599999
1764309600000,0.13,0.13246,0.12881,0.13112,66097.93021105,1764331199999
1764331200000,0.13074,0.13248,0.12825,0.12825,66367.30412405,1764352799999
1764352800000,0.12795,0.12989,0.12795,0.12956,1360.35389819,1764374399999
1764374400000,0.13056,0.13145,0.13056,0.13145,11647.84020256,1764395999999
1764396000000,0.13013,0.13025,0.12994,0.13025,4958.93705609,1764417599999
1764417600000,0.1288,0.12986,0.12768,0.12768,57344.64696398,1764439199999
1764439200000,0.12707,0.12707,0.12648,0.12666,134.74028828,1764460799999
1764460800000,0.12681,0.1272,0.12568,0.12568,2480.79195011,1764482399999
1764482400000,0.12642,0.12646,0.12599,0.12638,8307.57042219,1764503999999
1764504000000,0.12701,0.12786,0.12701,0.12777,3243.35128801,1764525599999
1764525600000,0.12877,0.12935,0.12877,0.12935,940.70786565,1764547199999
1764547200000,0.1236,0.1236,0.11581,0.11581,11019.99137753,1764568799999
1764568800000,0.11694,0.11976,0.11685,0.1187,64046.27647506,1764590399999
1764590400000,0.11672,0.11828,0.1163,0.11633,5949.89916531,1764611999999
1764612000000,0.11696,0.11868,0.11692,0.11868,11210.53632193,1764633599999
1764633600000,0.11705,0.11705,0.11704,0.11704,12754.23004614,1764655199999
1764655200000,0.11728,0.12008,0.11703,0.12008,24386.10047878,1764676799999
1764676800000,0.1217,0.12767,0.12111,0.12615,97304.97733596,1764698399999
1764698400000,0.12601,0.12601,0.1254,0.12576,8374.66046436,1764719999999
1764720000000,0.12641,0.12641,0.12641,0.12641,87.54109635,1764741599999
1764741600000,0.12791,0.12869,0.12722,0.12723,67950.63447914,1764763199999
1764763200000,0.12625,0.12693,0.12273,0.12608,24835.53985127,1764784799999
1764784800000,0.1274,0.12825,0.12658,0.12803,3854.00154591,1764806399999
1764828000000,0.12836,0.12836,0.12836,0.12836,233.09442193,1764849599999
1764849600000,0.12489,0.12552,0.12489,0.12552,744.98669338,1764871199999
1764871200000,0.12393,0.12393,0.12393,0.12393,385.05608005,1764892799999
1764892800000,0.12453,0.12453,0.12453,0.12453,384.42272348,1764914399999
1764914400000,0.12568,0.12568,0.12254,0.12273,34385.45052062,1764935999999
1764936000000,0.12281,0.12318,0.11925,0.11925,13413.1582601,1764957599999
1764957600000,0.11961,0.1208,0.11902,0.1208,76146.64480887,1764979199999
1765000800000,0.12155,0.12155,0.12155,0.12155,41.2998766,1765022399999
1765022400000,0.12259,0.12738,0.12259,0.12729,52334.66361048,1765043999999
1765044000000,0.1266,0.1266,0.12529,0.12615,37613.30312557,1765065599999
1765065600000,0.12668,0.12668,0.12643,0.12663,475.11088843,1765087199999
1765087200000,0.12541,0.12541,0.12363,0.12363,28205.7184714,1765108799999
1765108800000,0.12248,0.12253,0.1197,0.12231,2953.12849038,1765130399999
1765130400000,0.12477,0.12477,0.12052,0.12052,212264.7317861,1765151999999
1765152000000,0.1226,0.12319,0.1223,0.12319,103873.82842621,1765173599999
1765173600000,0.12428,0.12428,0.12428,0.12428,161.32925652,1765195199999
1765195200000,0.1252,0.12668,0.12214,0.123,233846.77024758,1765216799999
1765216800000,0.12292,0.12386,0.12287,0.12339,8453.58544333,1765238399999
1765238400000,0.12178,0.12178,0.12178,0.12178,39819.18213171,1765259999999
1765260000000,0.12228,0.12228,0.12172,0.12172,6411.06317595,1765281599999
1765281600000,0.12201,0.12912,0.12197,0.12878,51091.98766314,1765303199999
1765303200000,0.12855,0.12855,0.12624,0.12624,2767.30592429,1765324799999
1765324800000,0.12542,0.12542,0.12542,0.12542,159.06553978,1765346399999
1765346400000,0.12597,0.12597,0.12447,0.12447,39.62978965,1765367999999
1765368000000,0.12369,0.12369,0.12342,0.12342,41887.97500781,1765389599999
1765389600000,0.1246,0.12554,0.1232,0.12324,85981.60645029,1765411199999
1765411200000,0.1183,0.1183,0.11614,0.11789,117076.01137848,1765432799999
1765432800000,0.11666,0.11757,0.11666,0.11757,586.20474177,1765454399999
1765476000000,0.11748,0.11796,0.11748,0.11796,2478.07332344,1765497599999
1765519200000,0.11702,0.11702,0.11659,0.11659,298.3965726,1765540799999
1765540800000,0.11811,0.11837,0.11324,0.11324,97853.65099393,1765562399999
1765562400000,0.11484,0.11595,0.11446,0.11595,4877.68989735,1765583999999
1765584000000,0.11674,0.11674,0.11674,0.11674,85.9853385,1765605599999
1765605600000,0.11713,0.11757,0.11713,0.11757,127.40278118,1765627199999
1765627200000,0.11747,0.11747,0.11706,0.11706,5959.68814785,1765648799999
1765648800000,0.11722,0.11722,0.11686,0.11686,12550.06934823,1765670399999
1765670400000,0.11625,0.11625,0.11623,0.11623,1140.15668631,1765691999999
1765692000000,0.11497,0.11497,0.1138,0.11412,15733.04955214,1765713599999
1765713600000,0.1145,0.11477,0.11296,0.11296,8306.44869403,1765735199999
1765735200000,0.11237,0.11237,0.11143,0.11143,6346.29166621,1765756799999
1765778400000,0.11318,0.11322,0.11193,0.11193,14490.65628206,1765799999999
1765800000000,0.11,0.11,0.1062,0.1062,5817.25498319,1765821599999
1765821600000,0.10603,0.10862,0.10526,0.10862,81089.35774859,1765843199999
1765843200000,0.10855,0.10855,0.10789,0.10789,53279.29109396,1765864799999
1765864800000,0.10934,0.10934,0.10934,0.10934,912.29193341,1765886399999
1765886400000,0.10881,0.10881,0.1078,0.1078,15208.63896639,1765907999999
1765908000000,0.1083,0.1083,0.10803,0.10803,5016.0378436,1765929599999
1765929600000,0.10965,0.10965,0.10965,0.10965,45.78203375,1765951199999
1765951200000,0.11217,0.11217,0.10953,0.10953,4975.81193245,1765972799999
1765972800000,0.11105,0.11105,0.10512,0.10513,4948.62987498,1765994399999
1766016000000,0.10383,0.10383,0.10216,0.10216,4949.73556195,1766037599999
1766037600000,0.10206,0.10435,0.10206,0.10398,6924.72979888,1766059199999
1766059200000,0.10408,0.10408,0.0994,0.10114,30045.44080952,1766080799999
1766080800000,0.10157,0.10157,0.098,0.09982,11892.38769329,1766102399999
1766102400000,0.10016,0.1026,0.09991,0.1026,161095.06104604,1766123999999
1766124000000,0.10358,0.10373,0.10358,0.10373,19251.15259353,1766145599999
1766145600000,0.10355,0.10597,0.10348,0.10577,50648.05504864,1766167199999
1766167200000,0.10514,0.10691,0.10514,0.10685,3864.41640662,1766188799999
1766210400000,0.10706,0.10858,0.10697,0.10697,2962.81715314,1766231999999
1766232000000,0.10754,0.10812,0.10754,0.10812,2783.11752934,1766253599999
1766253600000,0.109,0.11396,0.109,0.11171,443610.22189727,1766275199999
1766275200000,0.10966,0.10966,0.10966,0.10966,2836.93958012,1766296799999
1766296800000,0.10947,0.10997,0.10846,0.10846,9539.47118077,1766318399999
1766340000000,0.10519,0.10663,0.10477,0.10558,233890.84507939,1766361599999
1766361600000,0.10611,0.10692,0.10605,0.10692,46538.58588057,1766383199999
1766383200000,0.10724,0.1086,0.10724,0.1086,28529.72057198,1766404799999
1766404800000,0.1072,0.10731,0.1072,0.10731,11910.00000089,1766426399999
1766426400000,0.10764,0.10764,0.10499,0.10499,3114.00938973,1766447999999
1766448000000,0.10565,0.10566,0.10565,0.10566,188.81053414,1766469599999
1766491200000,0.10682,0.10691,0.10677,0.10691,49163.28458029,1766512799999
1766512800000,0.10697,0.1075,0.10697,0.1075,710.5712248,1766534399999
1766534400000,0.10704,0.10704,0.10704,0.10704,111.82735426,1766555999999
1766556000000,0.10531,0.10531,0.10281,0.10281,3095.99049224,1766577599999
1766577600000,0.10286,0.10286,0.10286,0.10286,521.7350659,1766599199999
1766620800000,0.10593,0.10593,0.10593,0.10593,378.55187388,1766642399999
1766664000000,0.10794,0.10876,0.10762,0.10839,4533.88034204,1766685599999
1766685600000,0.10974,0.11179,0.10763,0.10763,84277.10363394,1766707199999
1766707200000,0.10699,0.10818,0.10697,0.10818,13680.93278919,1766728799999
1766728800000,0.1072,0.1072,0.1072,0.1072,93.00373134,1766750399999
1766750400000,0.10705,0.10705,0.10641,0.10641,1120.7846976,1766771999999
1766815200000,0.1087,0.1131,0.1087,0.1131,114145.53291097,1766836799999
1766836800000,0.11293,0.11293,0.11015,0.11015,39562.41284856,1766858399999
1766858400000,0.10995,0.10995,0.10995,0.10995,4.6096E-4,1766879999999
1766880000000,0.11037,0.11037,0.11037,0.11037,45.12095678,1766901599999
1766901600000,0.11037,0.11037,0.10963,0.10977,67633.47564336,1766923199999
1766923200000,0.10945,0.1098,0.1092,0.1098,19348.77854836,1766944799999
1766944800000,0.109,0.109,0.1085,0.1085,4694.01406637,1766966399999
1766966400000,0.10749,0.11579,0.10749,0.11543,150453.2446668,1766987999999
1766988000000,0.11445,0.11445,0.1093,0.11009,26599.23313825,1767009599999
1767009600000,0.10854,0.10862,0.108,0.10842,108082.00288267,1767031199999
1767031200000,0.10891,0.10893,0.10734,0.10837,135919.4265671,1767052799999
1767052800000,0.10963,0.11394,0.10963,0.11249,183651.19688575,1767074399999
1767074400000,0.11268,0.11638,0.1105,0.1144,571743.22334034,1767095999999
1767096000000,0.11525,0.121,0.11001,0.11113,665305.98014999,1767117599999
1767117600000,0.11214,0.11235,0.11063,0.11235,23374.9658754,1767139199999
1767139200000,0.11043,0.11043,0.11043,0.11043,9179.5,1767160799999
1767160800000,0.11,0.11028,0.11,0.11028,24854.88858984,1767182399999
1767182400000,0.10946,0.10946,0.10472,0.10498,82620.8085551,1767203999999
1767204000000,0.10537,0.10979,0.10537,0.10715,92428.91200748,1767225599999
1767225600000,0.10837,0.11024,0.10837,0.11024,2632.09319206,1767247199999
1767247200000,0.10939,0.11833,0.10939,0.11483,283373.37301154,1767268799999
1767268800000,0.11485,0.11691,0.11374,0.1143,17714.58656956,1767290399999
1767290400000,0.1147,0.1148,0.11448,0.11448,38729.59260312,1767311999999
1767312000000,0.1135,0.11357,0.11313,0.11313,905.91415674,1767333599999
1767333600000,0.1125,0.1147,0.1125,0.11419,1010.92984709,1767355199999
1767355200000,0.11428,0.11904,0.11407,0.11822,55355.67620065,1767376799999
1767376800000,0.11513,0.11733,0.11513,0.11611,1454.91161183,1767398399999
1767398400000,0.11713,0.11714,0.11564,0.11564,112270.94683357,1767419999999
1767420000000,0.11617,0.11617,0.11582,0.11582,387.73772038,1767441599999
1767441600000,0.11596,0.11613,0.11596,0.11613,1766.58983853,1767463199999
1767463200000,0.11683,0.11683,0.11683,0.11683,56.06436702,1767484799999
1767484800000,0.11721,0.11782,0.11683,0.11782,20556.28810968,1767506399999
1767506400000,0.11756,0.11756,0.11671,0.11722,33642.79092946,1767527999999
1767528000000,0.11854,0.12074,0.11854,0.12074,21165.96139625,1767549599999
1767549600000,0.12077,0.12077,0.11859,0.11859,29838.4961822,1767571199999
1767571200000,0.11947,0.1197,0.11818,0.11818,1269.32224375,1767592799999
1767592800000,0.11942,0.11942,0.11709,0.11776,2599.26559534,1767614399999
1767614400000,0.11955,0.12127,0.11955,0.12113,1942.05842946,1767635999999
1767636000000,0.12118,0.126,0.12118,0.1233,86651.3725838,1767657599999
1767657600000,0.12213,0.12426,0.12213,0.12426,6773.05649454,1767679199999
1767679200000,0.12278,0.12317,0.12278,0.12317,7006.50695949,1767700799999
1767700800000,0.12548,0.12669,0.12084,0.12084,11385.45253317,1767722399999
1767722400000,0.12289,0.12617,0.12283,0.12475,3203.52033936,1767743999999
1767744000000,0.12548,0.12548,0.12243,0.12388,4185.8888228,1767765599999
1767765600000,0.1247,0.12549,0.12412,0.12447,24989.29257377,1767787199999
1767787200000,0.12347,0.12347,0.11995,0.11995,12362.5941605,1767808799999
1767830400000,0.12172,0.12347,0.12172,0.12347,35029.38543999,1767851999999
1767852000000,0.11825,0.12017,0.11801,0.12017,72292.34272759,1767873599999
1767873600000,0.11898,0.11986,0.11707,0.11986,22683.58227002,1767895199999
1767895200000,0.12107,0.12248,0.12107,0.12152,99408.47785637,1767916799999
1767916800000,0.12018,0.121,0.11962,0.1201,20135.43051779,1767938399999
1767938400000,0.12027,0.12028,0.11989,0.11989,29895.45792516,1767959999999
1767960000000,0.12134,0.12394,0.12021,0.12268,384414.22182534,1767981599999
1767981600000,0.12201,0.12367,0.122,0.1233,109676.20863051,1768003199999
1768003200000,0.12229,0.12229,0.12096,0.12096,81754.84147003,1768024799999
1768024800000,0.12162,0.14837,0.12162,0.12945,2676031.77993279,1768046399999
1768046400000,0.13016,0.13187,0.12376,0.12377,543566.82715547,1768067999999
1768068000000,0.12343,0.1237,0.12027,0.12125,152122.24569122,1768089599999
1768089600000,0.12117,0.12142,0.11789,0.11829,105378.12976788,1768111199999
1768111200000,0.11717,0.12138,0.11682,0.12008,297302.84013028,1768132799999
1768132800000,0.11877,0.12081,0.11871,0.11938,61698.54037711,1768154399999
1768154400000,0.11946,0.11946,0.11747,0.11778,2433.63866855,1768175999999
1768176000000,0.11757,0.11968,0.11757,0.11929,15057.26719614,1768197599999
1768197600000,0.12042,0.126,0.11727,0.11875,216853.4505097,1768219199999
1768219200000,0.1188,0.12306,0.11679,0.12016,77532.92650272,1768240799999
1768240800000,0.11948,0.1213,0.11811,0.11811,43895.49556124,1768262399999
1768262400000,0.12043,0.12065,0.12043,0.12065,4681.31993646,1768283999999
1768284000000,0.12021,0.12057,0.11978,0.12057,24421.85119665,1768305599999
1768305600000,0.12084,0.12349,0.12084,0.12349,13065.28725914,1768327199999
1768327200000,0.12244,0.12591,0.12244,0.12459,94506.10157359,1768348799999
1768348800000,0.12527,0.12527,0.12527,0.12527,12772.41159096,1768370399999
1768370400000,0.1242,0.12422,0.12294,0.12317,43660.61972592,1768391999999
1768392000000,0.12392,0.12392,0.12285,0.12311,37140.10138659,1768413599999
1768413600000,0.12283,0.12316,0.12159,0.12266,20297.93884198,1768435199999
1768435200000,0.12052,0.12052,0.11824,0.11871,45832.44005515,1768456799999
1768456800000,0.11918,0.12131,0.11918,0.12131,43095.77916923,1768478399999
1768478400000,0.12208,0.12253,0.12093,0.12093,953.39660872,1768499999999
1768521600000,0.11787,0.11787,0.11787,0.11787,423.09323831,1768543199999
1768543200000,0.12009,0.12009,0.11943,0.11943,501.00212666,1768564799999
1768586400000,0.11979,0.11979,0.11979,0.11979,251.10610235,1768607999999
1768608000000,0.1223,0.12258,0.12204,0.12204,3426.32521862,1768629599999
1768629600000,0.12139,0.12254,0.12121,0.12254,37404.18979237,1768651199999
1768672800000,0.122,0.12225,0.12162,0.12224,106409.33887973,1768694399999
1768759200000,0.12188,0.12189,0.11537,0.11537,20983.61769442,1768780799999
1768780800000,0.10991,0.11211,0.1037,0.10979,118359.2034736,1768802399999
1768802400000,0.11208,0.11974,0.11208,0.11626,60257.31023479,1768823999999
1768824000000,0.11774,0.14219,0.11767,0.12418,2923333.90307208,1768845599999
1768845600000,0.12503,0.1325,0.12383,0.12771,822997.7952882,1768867199999
1768867200000,0.1268,0.1268,0.11863,0.119,287822.82617886,1768888799999
1768888800000,0.1164,0.11755,0.11367,0.11367,106187.55888175,1768910399999
1768910400000,0.11574,0.11611,0.11394,0.115,12755.83970843,1768931999999
1768932000000,0.1122,0.1122,0.1122,0.1122,402.16261191,1768953599999
1768953600000,0.11914,0.12171,0.11895,0.12067,513653.7449219,1768975199999
1768975200000,0.12074,0.1247,0.11901,0.12395,342381.49895794,1768996799999
1768996800000,0.12304,0.12304,0.11667,0.12005,458888.88342973,1769018399999
1769018400000,0.11961,0.12115,0.11671,0.11995,201322.44666462,1769039999999
1769040000000,0.12008,0.12008,0.12008,0.12008,12775.79752916,1769061599999
1769061600000,0.11974,0.12047,0.11929,0.12047,42698.45866069,1769083199999
1769083200000,0.1172,0.11892,0.1172,0.11881,29637.20411041,1769104799999
1769104800000,0.11832,0.11832,0.11664,0.11664,20392.83499986,1769126399999
1769169600000,0.11637,0.11671,0.11561,0.11595,21101.85141114,1769191199999
1769191200000,0.11503,0.11548,0.11489,0.11548,13488.15653911,1769212799999
1769234400000,0.11723,0.11723,0.11686,0.11686,29313.73966672,1769255999999
1769256000000,0.11637,0.11691,0.11534,0.11565,32707.11202349,1769277599999
1769277600000,0.11548,0.11548,0.11548,0.11548,215.88153792,1769299199999
1769299200000,0.11668,0.11668,0.11534,0.11534,63512.78588369,1769320799999
1769320800000,0.11598,0.11663,0.11477,0.11477,31205.51737782,1769342399999
1769342400000,0.11404,0.11538,0.11132,0.11166,110196.08494045,1769363999999
1769364000000,0.1092,0.1092,0.10597,0.10726,9031.80804273,1769385599999
1769385600000,0.10832,0.1115,0.10832,0.11125,51859.74129404,1769407199999
1769407200000,0.11066,0.11066,0.10983,0.10983,46026.32777167,1769428799999
1769428800000,0.11006,0.1108,0.11006,0.1106,110000.49896627,1769450399999
1769450400000,0.11158,0.11158,0.11072,0.11072,17674.38874861,1769471999999
1769472000000,0.11211,0.11211,0.11211,0.11211,89.198109,1769493599999
1769493600000,0.11109,0.11109,0.11109,0.11109,13602.66612256,1769515199999
1769515200000,0.1091,0.1091,0.10736,0.10736,28390.69917084,1769536799999
1769536800000,0.10892,0.11018,0.10892,0.11017,51018.97757638,1769558399999
1769558400000,0.11033,0.11033,0.10892,0.10892,3313.33455421,1769579999999
1769580000000,0.10915,0.10915,0.10915,0.10915,2056.27036523,1769601599999
1769601600000,0.11029,0.11029,0.10852,0.10909,32710.17566722,1769623199999
1769623200000,0.10931,0.10988,0.10931,0.10972,49759.43295399,1769644799999
1769666400000,0.10768,0.11276,0.10755,0.10855,1941524.1836291,1769687999999
1769688000000,0.10877,0.10901,0.10156,0.1046,350920.790132,1769709599999
1769709600000,0.10477,0.10544,0.10349,0.10451,23394.28932157,1769731199999
1769731200000,0.10309,0.10453,0.10287,0.10416,87644.6121949,1769752799999
1769752800000,0.10325,0.1044,0.10318,0.10318,22272.4717885,1769774399999
1769774400000,0.10356,0.1061,0.10347,0.10582,70862.90328584,1769795999999
1769796000000,0.10421,0.10675,0.10421,0.10602,28968.75117626,1769817599999
1769839200000,0.10589,0.10772,0.10188,0.10262,495071.78860613,1769860799999
1769860800000,0.10271,0.10271,0.09244,0.09333,211207.18575925,1769882399999
1769882400000,0.09202,0.0947,0.08825,0.09437,275058.82429399,1769903999999
1769904000000,0.0969,0.0969,0.09689,0.09689,13618.63781704,1769925599999
1769925600000,0.09762,0.09762,0.096,0.096,26353.2085503,1769947199999
1769947200000,0.09634,0.09634,0.09416,0.09431,8573.19105536,1769968799999
1769968800000,0.0935,0.0935,0.0935,0.0935,10695.18716578,1769990399999
1769990400000,0.09313,0.09476,0.09099,0.09273,99894.22017232,1770011999999
1770012000000,0.09272,0.09415,0.09262,0.0941,159352.43286816,1770033599999
1770033600000,0.0953,0.09698,0.09529,0.0962,78888.17071946,1770055199999
1770098400000,0.09576,0.09576,0.09571,0.09571,31236.88749672,1770119999999
1770120000000,0.09605,0.09634,0.09419,0.09419,30236.97769714,1770141599999
1770163200000,0.09648,0.09648,0.09648,0.09648,34967.32740345,1770184799999
1770184800000,0.09695,0.09695,0.09456,0.09456,73544.26170012,1770206399999
1770206400000,0.09339,0.09339,0.09255,0.09255,12013.31466573,1770227999999
1770228000000,0.09422,0.09591,0.09305,0.09591,192004.45744032,1770249599999
1770249600000,0.09434,0.09434,0.09264,0.09264,64950.61884123,1770271199999
1770271200000,0.0919,0.09291,0.08869,0.08869,269691.2110726,1770292799999
1770292800000,0.08917,0.08943,0.08453,0.0859,133042.07015373,1770314399999
1770314400000,0.08497,0.08503,0.07846,0.08076,346178.96256374,1770335999999
1770336000000,0.08047,0.08156,0.07981,0.08054,55202.67366187,1770357599999
1770357600000,0.08249,0.08429,0.08121,0.08427,152518.8269273,1770379199999
1770379200000,0.08496,0.08865,0.08491,0.08865,220714.27048023,1770400799999
1770400800000,0.08811,0.08856,0.088,0.08856,10423.30389323,1770422399999
1770465600000,0.08847,0.08847,0.08706,0.08761,59281.26042712,1770487199999
1770487200000,0.08869,0.08869,0.08692,0.08693,178208.2131747,1770508799999
1770508800000,0.08668,0.08668,0.08608,0.08608,4863.8822219,1770530399999
1770530400000,0.08502,0.0861,0.08502,0.0861,16853.91488263,1770551999999
1770552000000,0.08564,0.08612,0.08359,0.08359,44551.48424885,1770573599999
1770616800000,0.08252,0.08252,0.08129,0.08129,4787.26959371,1770638399999
1770638400000,0.08206,0.08432,0.08197,0.08432,51352.93552508,1770659999999
1770660000000,0.08401,0.08401,0.08401,0.08401,1190.33448399,1770681599999
1770681600000,0.08357,0.08371,0.08357,0.08371,11519.6210926,1770703199999
1770746400000,0.08306,0.08306,0.08209,0.08209,11845.34066626,1770767999999
1770768000000,0.08207,0.08247,0.08207,0.08247,17016.82526185,1770789599999
1770789600000,0.08029,0.0809,0.08028,0.08054,11252.48874307,1770811199999
1770811200000,0.08364,0.08364,0.08083,0.08243,115806.91625588,1770832799999
1770832800000,0.08197,0.08314,0.08197,0.08314,19080.47276133,1770854399999
1770876000000,0.0839,0.08572,0.0833,0.08555,60638.88047612,1770897599999
1770897600000,0.08415,0.08415,0.08332,0.08332,3701.75639153,1770919199999
1770919200000,0.08345,0.08345,0.08273,0.08273,718.47273816,1770940799999
1770962400000,0.08358,0.08358,0.08358,0.08358,3541.45795735,1770983999999
1770984000000,0.08382,0.08467,0.08382,0.08467,2115.68593713,1771005599999
1771005600000,0.08568,0.08568,0.08568,0.08568,116.36321195,1771027199999
1771048800000,0.086,0.0863,0.08582,0.08582,20381.74356273,1771070399999
1771070400000,0.08633,0.08872,0.08604,0.08872,26525.73187915,1771091999999
1771092000000,0.08884,0.08884,0.08778,0.08846,58267.44224701,1771113599999
1771113600000,0.08735,0.08735,0.08683,0.08699,77833.32032676,1771135199999
1771135200000,0.08707,0.08707,0.08649,0.08649,3533.56209357,1771156799999
1771156800000,0.08355,0.08355,0.08298,0.08298,19508.47297983,1771178399999
1771221600000,0.08318,0.08318,0.0825,0.0831,3028.8769283,1771243199999
1771243200000,0.08365,0.08365,0.08365,0.08365,834.6682606,1771264799999
1771264800000,0.08377,0.08831,0.08377,0.0861,353132.60284265,1771286399999
1771308000000,0.08498,0.08498,0.08346,0.08436,55717.68064911,1771329599999
1771329600000,0.08458,0.08498,0.08452,0.08498,40108.56601413,1771351199999
1771372800000,0.08403,0.08403,0.08403,0.08403,593.47851957,1771394399999
1771394400000,0.08333,0.08333,0.0831,0.08325,53017.20918568,1771415999999
1771416000000,0.08242,0.08242,0.08184,0.08184,53739.29420539,1771437599999
1771437600000,0.0814,0.0814,0.07952,0.07952,23821.50553256,1771459199999
1771459200000,0.08137,0.08137,0.08137,0.08137,20358.62500978,1771480799999
1771480800000,0.08095,0.08095,0.08004,0.08004,39650.50000973,1771502399999
1771502400000,0.079127,0.079349,0.079026,0.079349,3395.618455,1771523999999
1771524000000,0.081185,0.082155,0.081026,0.082154,10290.21635708,1771545599999
1771545600000,0.082058,0.082058,0.079786,0.079945,187173.18284396,1771567199999
1771567200000,0.080698,0.080991,0.079941,0.079941,46638.25451701,1771588799999
1771588800000,0.078742,0.080459,0.078742,0.080459,20926.97589069,1771610399999
1771610400000,0.08123,0.08123,0.080534,0.080768,4048.8743907,1771631999999
1771632000000,0.081228,0.081228,0.080995,0.080995,19045.16483988,1771653599999
1771653600000,0.080711,0.081087,0.080711,0.0808,19187.2496213,1771675199999
1771675200000,0.080653,0.080653,0.079556,0.080209,79029.12601454,1771696799999
1771696800000,0.080216,0.080216,0.080216,0.080216,124.66340879,1771718399999
1771718400000,0.078521,0.078521,0.078521,0.078521,127.35446568,1771739999999
1771740000000,0.078824,0.1044,0.078824,0.095352,2931931.64004062,1771761599999
1771761600000,0.093591,0.110313,0.092271,0.10035,5288760.48871325,1771783199999
1771783200000,0.101048,0.103897,0.095439,0.096477,1794771.00839827,1771804799999
1771804800000,0.095691,0.096864,0.087887,0.089099,949012.71773969,1771826399999
1771826400000,0.088914,0.096194,0.088913,0.089357,1555409.91954867,1771847999999
1771848000000,0.08926,0.089641,0.084087,0.084378,1445898.91225537,1771869599999
1771869600000,0.084923,0.086974,0.084624,0.086203,501732.40973589,1771891199999
1771891200000,0.085767,0.087243,0.08321,0.083804,286420.27296538,1771912799999
1771912800000,0.082824,0.082974,0.080769,0.081038,231421.27990601,1771934399999
1771934400000,0.08157,0.082134,0.079892,0.081441,133463.13784368,1771955999999
1771956000000,0.080681,0.080681,0.079864,0.080066,117773.65724896,1771977599999
1771977600000,0.082569,0.083457,0.082569,0.083457,63985.84203829,1771999199999
1771999200000,0.083544,0.0851,0.083544,0.083901,97464.26074439,1772020799999
1772020800000,0.084205,0.086074,0.083581,0.085748,145356.83842828,1772042399999
1772042400000,0.086144,0.088119,0.086144,0.086253,103983.43461944,1772063999999
1772064000000,0.085652,0.085808,0.084218,0.08432,126201.39324173,1772085599999
1772085600000,0.083044,0.083885,0.082965,0.082965,66465.64811565,1772107199999
1772107200000,0.0829,0.086676,0.081179,0.081474,146433.35333288,1772128799999
1772128800000,0.082563,0.084669,0.082563,0.083356,62337.76576111,1772150399999
1772150400000,0.08392,0.085921,0.083472,0.085107,30187.15832408,1772171999999
1772172000000,0.085258,0.085258,0.082371,0.082371,111236.05105015,1772193599999
1772193600000,0.083067,0.083067,0.082217,0.082217,20456.41184277,1772215199999
1772215200000,0.081249,0.082541,0.081249,0.082541,21761.16542116,1772236799999
1772236800000,0.083317,0.083317,0.08254,0.08254,46552.49730021,1772258399999
1772258400000,0.081,0.089098,0.075792,0.076677,459452.20523831,1772279999999
1772280000000,0.076138,0.077376,0.075569,0.076729,95335.48385745,1772301599999
1772301600000,0.078075,0.081,0.077915,0.081,121256.82043856,1772323199999
1772323200000,0.080524,0.083401,0.0801,0.082602,233332.39885134,1772344799999
1772344800000,0.080894,0.081659,0.078744,0.079561,333954.27363133,1772366399999
1772366400000,0.078612,0.079676,0.078379,0.078467,9679.61090718,1772387999999
1772388000000,0.078378,0.079653,0.077256,0.078239,168337.42110925,1772409599999
1772409600000,0.079154,0.079154,0.078097,0.078097,14457.22750748,1772431199999
1772431200000,0.078442,0.0792,0.077651,0.0792,23320.90897137,1772452799999
1772452800000,0.078861,0.082327,0.07872,0.08211,20103.29626759,1772474399999
1772474400000,0.081783,0.083086,0.080229,0.080229,248312.44548576,1772495999999
1772517600000,0.0803,0.080897,0.079683,0.080897,28889.02100817,1772539199999
1772539200000,0.080581,0.0821,0.079926,0.0821,86442.35211076,1772560799999
1772560800000,0.082015,0.082069,0.081123,0.081123,26721.66506266,1772582399999
1772582400000,0.079177,0.079177,0.079177,0.079177,8384.30312615,1772603999999
1772604000000,0.080156,0.080338,0.080156,0.080338,42156.68909156,1772625599999
1772625600000,0.082281,0.090426,0.082281,0.084021,1429102.15908208,1772647199999
1772647200000,0.084548,0.085255,0.083479,0.083479,42987.87967923,1772668799999
1772668800000,0.08356,0.08356,0.08356,0.08356,1193.75299186,1772690399999
1772690400000,0.082826,0.087579,0.082826,0.085306,378454.87915186,1772711999999
1772712000000,0.085111,0.085111,0.084,0.084,84902.95660813,1772733599999
1772733600000,0.08446,0.087324,0.084458,0.085917,131703.11962893,1772755199999
1772755200000,0.085417,0.086095,0.085038,0.085337,62720.1077782,1772776799999
1772776800000,0.08631,0.087138,0.085473,0.085473,53147.76940544,1772798399999
1772798400000,0.084865,0.085342,0.082519,0.082923,259866.3292942,1772819999999
1772820000000,0.083179,0.083241,0.082984,0.083241,23341.71501765,1772841599999
1772863200000,0.0821,0.082148,0.0821,0.082148,3195.33150898,1772884799999
1772884800000,0.081741,0.082327,0.081708,0.081708,18878.34483566,1772906399999
1772906400000,0.081673,0.081673,0.080355,0.080355,46848.29329454,1772927999999
1772928000000,0.081005,0.081009,0.081005,0.081009,1436.19768132,1772949599999
1772949600000,0.081495,0.082558,0.081495,0.082005,42406.72298585,1772971199999
1772971200000,0.082915,0.082915,0.079078,0.079281,309515.6483238,1772992799999
1772992800000,0.080112,0.081543,0.080112,0.081543,74565.01911327,1773014399999
1773014400000,0.081895,0.08278,0.081895,0.08243,3230.93776124,1773035999999
1773036000000,0.083227,0.083227,0.082621,0.082621,1931.14480064,1773057599999
1773057600000,0.083127,0.083127,0.082861,0.082861,2906.34053223,1773079199999
1773079200000,0.082498,0.082498,0.081813,0.081813,490.14739606,1773100799999
1773100800000,0.081949,0.083141,0.081949,0.083141,27326.8408872,1773122399999
1773122400000,0.083458,0.083905,0.083065,0.083065,43455.01268444,1773143999999
1773144000000,0.08262,0.083718,0.08262,0.083718,5900.7696734,1773165599999
1773165600000,0.083796,0.084013,0.083202,0.083202,13226.2610032,1773187199999
1773187200000,0.082746,0.083579,0.082681,0.082681,21173.24744706,1773208799999
1773208800000,0.083675,0.084498,0.083675,0.08439,18630.33609083,1773230399999
1773230400000,0.084724,0.085976,0.084665,0.085976,32578.24429683,1773251999999
1773252000000,0.085445,0.087538,0.085151,0.085588,35743.22610062,1773273599999
1773273600000,0.08593,0.08593,0.085301,0.085301,6171.71137302,1773295199999
1773295200000,0.08834,0.08984,0.086973,0.08857,76350.66591658,1773316799999
1773316800000,0.088935,0.088935,0.086992,0.088342,74446.9855951,1773338399999
1773338400000,0.088155,0.088309,0.087962,0.087962,24077.56574556,1773359999999
1773360000000,0.089218,0.089436,0.088657,0.089011,26538.78693217,1773381599999
1773381600000,0.088318,0.088394,0.088176,0.088293,4494.44002702,1773403199999
1773403200000,0.088177,0.088962,0.088177,0.088353,1529.32932273,1773424799999
1773424800000,0.087876,0.088681,0.087876,0.088681,12279.76478843,1773446399999
1773446400000,0.087592,0.087592,0.087151,0.087151,1917.91015639,1773467999999
1773489600000,0.08845,0.08845,0.087925,0.088143,10180.78666335,1773511199999
1773511200000,0.087706,0.087856,0.087187,0.087187,39340.83954747,1773532799999
1773532800000,0.087582,0.088145,0.087572,0.088145,797.09245548,1773554399999
1773554400000,0.088579,0.088916,0.088579,0.088721,227.29739939,1773575999999
1773576000000,0.089603,0.0899,0.088382,0.088382,28591.59676882,1773597599999
1773597600000,0.087724,0.088034,0.087724,0.088034,4754.04539003,1773619199999
1773619200000,0.088509,0.088509,0.088509,0.088509,19409.40560059,1773640799999
1773640800000,0.089719,0.091112,0.089719,0.090738,31986.76572455,1773662399999
1773662400000,0.090307,0.09114,0.090307,0.09114,38962.77231777,1773683999999
1773684000000,0.090722,0.090798,0.090722,0.090798,8575.88627656,1773705599999
1773705600000,0.091425,0.091425,0.089731,0.090085,55206.24933021,1773727199999
1773727200000,0.090387,0.091955,0.090387,0.091955,51254.06693351,1773748799999
1773748800000,0.092149,0.092181,0.090516,0.090516,43929.2029753,1773770399999
1773770400000,0.090855,0.090855,0.090337,0.090337,2199.49830615,1773791999999
1773792000000,0.089017,0.08933,0.089017,0.08933,19097.36912594,1773813599999
1773813600000,0.090327,0.090573,0.088061,0.088061,23601.16205415,1773835199999
1773835200000,0.086942,0.086942,0.086,0.086,3399.27157502,1773856799999
1773856800000,0.086732,0.086732,0.086732,0.086732,114.95180556,1773878399999
1773900000000,0.085297,0.085297,0.084446,0.084446,87121.37414663,1773921599999
1773921600000,0.083164,0.083164,0.083164,0.083164,0.2750638,1773943199999
1774008000000,0.084795,0.084854,0.084127,0.084127,63190.83205311,1774029599999
1774029600000,0.083911,0.083911,0.083911,0.083911,20055.53841406,1774051199999
1774051200000,0.084137,0.084138,0.08405,0.08405,4284.60451534,1774072799999
1774072800000,0.084187,0.084187,0.084187,0.084187,1184.86227089,1774094399999
1774116000000,0.083163,0.083163,0.0821,0.0821,23394.88856898,1774137599999
1774180800000,0.08127,0.081465,0.081104,0.081465,21606.14334067,1774202399999
1774202400000,0.08077,0.08077,0.079194,0.079194,42259.7350687,1774223999999
1774224000000,0.080739,0.080739,0.080739,0.080739,98.96278838,1774245599999
1774245600000,0.080709,0.080902,0.079661,0.080902,35302.38757013,1774267199999
1774267200000,0.082494,0.082494,0.081441,0.081441,8532.49007862,1774288799999
1774288800000,0.082081,0.082143,0.081925,0.082025,41344.82753238,1774310399999
1774310400000,0.081496,0.081549,0.081496,0.081549,257.96151255,1774331999999
1774332000000,0.08296,0.083464,0.08296,0.083464,7175.81290036,1774353599999
1774353600000,0.083523,0.083523,0.082753,0.082753,20873.22798855,1774375199999
1774375200000,0.084895,0.08645,0.084034,0.085032,45794.08198591,1774396799999
1774396800000,0.085503,0.085503,0.084836,0.084836,39934.13761181,1774418399999
1774418400000,0.08407,0.084897,0.08407,0.084897,20454.92214167,1774439999999
1774440000000,0.08491,0.08491,0.08441,0.08476,40996.50007939,1774461599999
1774483200000,0.084292,0.084292,0.083519,0.083519,47703.56275875,1774504799999
1774504800000,0.082418,0.082418,0.081422,0.081422,9464.19961641,1774526399999
1774526400000,0.080978,0.080978,0.080978,0.080978,20805.54814617,1774547999999
1774548000000,0.080724,0.082161,0.080724,0.082161,24794.32764246,1774569599999
1774569600000,0.081291,0.081815,0.080734,0.081444,148626.82320765,1774591199999
1774591200000,0.082084,0.082417,0.08054,0.08054,41674.14782771,1774612799999
1774612800000,0.080167,0.080167,0.080167,0.080167,180.41946552,1774634399999
1774634400000,0.080704,0.080704,0.080704,0.080704,621.15880254,1774655999999
1774656000000,0.079642,0.079642,0.078321,0.078321,122957.7305156,1774677599999
1774677600000,0.079249,0.079516,0.079249,0.079344,27598.40909542,1774699199999
1774720800000,0.079013,0.079013,0.079013,0.079013,21326.62547164,1774742399999
1774742400000,0.0782,0.079028,0.0782,0.078434,26969.61347795,1774763999999
1774764000000,0.079106,0.079106,0.078334,0.078692,25317.32301799,1774785599999
1774785600000,0.078179,0.078277,0.077667,0.077667,21928.55214819,1774807199999
1774807200000,0.077321,0.077579,0.075838,0.075838,7381.89035322,1774828799999
1774872000000,0.080731,0.081898,0.080731,0.081898,2149.6205444,1774893599999
1774893600000,0.080274,0.081636,0.080223,0.081494,86608.70609326,1774915199999
1774915200000,0.082163,0.082163,0.082162,0.082162,12185.01293323,1774936799999
1774936800000,0.082599,0.082599,0.081379,0.081803,9819.68613448,1774958399999
1774980000000,0.081705,0.081705,0.081447,0.081447,20718.08227828,1775001599999
1775001600000,0.082058,0.082353,0.082058,0.082353,23128.58731054,1775023199999
1775023200000,0.082884,0.082884,0.08217,0.08217,40458.94964321,1775044799999
1775044800000,0.082623,0.086542,0.082623,0.086259,335122.35028406,1775066399999
1775066400000,0.085987,0.088262,0.085749,0.087966,452754.03831827,1775087999999
1775088000000,0.088552,0.088598,0.084,0.084,19759.71804837,1775109599999
1775109600000,0.0848,0.087611,0.0848,0.086476,178096.38541582,1775131199999
1775131200000,0.087222,0.089453,0.085786,0.087674,552015.62242102,1775152799999
1775152800000,0.087084,0.087084,0.0843,0.0843,73796.34860415,1775174399999
1775174400000,0.086467,0.086467,0.086467,0.086467,115.41975551,1775195999999
1775196000000,0.086468,0.087112,0.086331,0.086373,62619.67966044,1775217599999
1775217600000,0.086069,0.086129,0.08415,0.08415,99724.0634948,1775239199999
1775239200000,0.085257,0.086007,0.085247,0.085458,69854.6999888,1775260799999
1775260800000,0.08493,0.085043,0.08493,0.085043,3520.98747873,1775282399999
1775282400000,0.084651,0.084651,0.083552,0.08448,25097.67397266,1775303999999
1775304000000,0.083541,0.083853,0.0829,0.083729,29634.49263773,1775325599999
1775325600000,0.084072,0.084072,0.083364,0.083364,73776.70790539,1775347199999
1775347200000,0.082483,0.082483,0.082483,0.082483,121.2371034,1775368799999
1775368800000,0.080989,0.081129,0.080716,0.081129,21828.93148163,1775390399999
1775390400000,0.082319,0.082999,0.08217,0.082999,72818.39818132,1775411999999
1775412000000,0.084574,0.089027,0.083652,0.084757,930729.59628407,1775433599999
1775433600000,0.085284,0.091083,0.085102,0.091083,124703.61769024,1775455199999
1775455200000,0.090479,0.1236,0.086555,0.102072,5824993.40227425,1775476799999
1775476800000,0.102235,0.116434,0.095049,0.097695,2739708.05704505,1775498399999
1775498400000,0.098186,0.099863,0.091714,0.092486,997855.46105532,1775519999999
1775520000000,0.091652,0.092184,0.088082,0.088134,324005.53726584,1775541599999
1775541600000,0.087825,0.090362,0.086954,0.087898,69655.85746526,1775563199999
1775563200000,0.088366,0.089261,0.086629,0.088046,74188.35140393,1775584799999
1775584800000,0.087492,0.089324,0.087235,0.088425,98845.30631517,1775606399999
1775606400000,0.089408,0.092473,0.088985,0.088985,162521.27311335,1775627999999
1775628000000,0.089489,0.090006,0.087673,0.088252,68864.23934973,1775649599999
1775649600000,0.088681,0.088681,0.0865,0.087923,82554.1419476,1775671199999
1775671200000,0.088161,0.089266,0.087535,0.087535,38247.57298431,1775692799999
1775692800000,0.086582,0.088114,0.086538,0.086693,55723.63210065,1775714399999
1775714400000,0.086711,0.088277,0.08559,0.086366,193627.64606842,1775735999999
1775736000000,0.08664,0.087121,0.084463,0.085872,199117.74979932,1775757599999
1775757600000,0.086464,0.087084,0.086326,0.086326,760.56232615,1775779199999
1775779200000,0.085817,0.085866,0.085266,0.085266,11291.4751095,1775800799999
1775800800000,0.08554,0.085939,0.08554,0.085858,16162.61246994,1775822399999
1775822400000,0.086424,0.086482,0.085634,0.085634,17170.62095427,1775843999999
1775844000000,0.085543,0.086055,0.085457,0.085457,46704.45963752,1775865599999
1775865600000,0.085261,0.08535,0.085206,0.08535,6420.61107119,1775887199999
1775887200000,0.085202,0.085248,0.085202,0.085248,20382.11311551,1775908799999
1775908800000,0.084918,0.085964,0.084618,0.085529,209719.44453489,1775930399999
1775930400000,0.085674,0.087628,0.085674,0.086892,322163.37568315,1775951999999
1775952000000,0.085025,0.085025,0.084936,0.084936,20368.13026833,1775973599999
1775973600000,0.086469,0.087548,0.085317,0.085576,447675.26836609,1775995199999
1775995200000,0.087203,0.087497,0.084446,0.084446,364156.73516737,1776016799999
1776016800000,0.085038,0.085038,0.083612,0.083612,50716.37195616,1776038399999
1776038400000,0.084194,0.085328,0.084194,0.084198,59921.39922094,1776059999999
1776060000000,0.085132,0.086027,0.084051,0.085495,137164.64076371,1776081599999
1776081600000,0.084442,0.084889,0.084283,0.084738,25217.28421666,1776103199999
1776103200000,0.084811,0.084811,0.084811,0.084811,117.90923347,1776124799999
1776124800000,0.086493,0.096204,0.085842,0.089667,1304713.31828344,1776146399999
1776146400000,0.089244,0.09159,0.088232,0.088629,55500.9171013,1776167999999
1776168000000,0.0902,0.092202,0.088548,0.091491,512413.49908099,1776189599999
1776189600000,0.090224,0.091187,0.08829,0.090541,100818.84115045,1776211199999
1776211200000,0.091291,0.091291,0.089391,0.090926,171948.76569833,1776232799999
1776232800000,0.090398,0.092057,0.090332,0.092057,46509.4091789,1776254399999
1776254400000,0.091336,0.092965,0.091247,0.091247,12943.75576676,1776275999999
1776276000000,0.092599,0.092889,0.09215,0.092889,29202.39126571,1776297599999
1776297600000,0.093051,0.099104,0.093051,0.096628,350795.35102742,1776319199999
1776319200000,0.097606,0.102042,0.096807,0.101222,260753.47390374,1776340799999
1776340800000,0.100973,0.101655,0.09,0.097554,737410.9708571,1776362399999
1776362400000,0.097348,0.098522,0.096468,0.098522,22477.69135197,1776383999999
1776384000000,0.098907,0.10049,0.098907,0.099681,39950.28905226,1776405599999
1776405600000,0.099988,0.108091,0.097429,0.100893,707632.09553353,1776427199999
1776427200000,0.099989,0.103294,0.099902,0.10271,51218.97690653,1776448799999
1776448800000,0.104262,0.1106,0.103139,0.106695,475112.26700197,1776470399999
1776470400000,0.108462,0.110109,0.106497,0.108291,186593.52625566,1776491999999
1776492000000,0.108351,0.143082,0.098656,0.102005,3180552.26723986,1776513599999
1776513600000,0.102261,0.102595,0.097424,0.098064,340937.42605911,1776535199999
1776535200000,0.096967,0.096967,0.093713,0.096047,107548.0561791,1776556799999
1776556800000,0.095262,0.095262,0.093573,0.093573,28337.41486947,1776578399999
1776578400000,0.093118,0.095017,0.093117,0.094618,54343.04427823,1776599999999
1776600000000,0.094132,0.094335,0.093498,0.094335,50728.91381695,1776621599999
1776621600000,0.090981,0.090981,0.089134,0.089134,27592.89325808,1776643199999
1776643200000,0.089864,0.090254,0.089864,0.090254,23355.00178636,1776664799999
1776664800000,0.090123,0.091536,0.090123,0.091536,21629.96113997,1776686399999
1776686400000,0.092382,0.093186,0.091508,0.091508,55243.32215935,1776707999999
1776708000000,0.093162,0.095302,0.093162,0.093881,49955.78097379,1776729599999
1776729600000,0.095056,0.095391,0.094365,0.094365,76525.43977139,1776751199999
1776751200000,0.093296,0.093296,0.093296,0.093296,0.07063573,1776772799999
1776794400000,0.09227,0.092362,0.092262,0.092362,5565.00178167,1776815999999
1776816000000,0.094383,0.094533,0.094214,0.094533,23082.56319816,1776837599999
1776837600000,0.094461,0.094461,0.09446,0.09446,5407.13001646,1776859199999
1776859200000,0.093413,0.093953,0.093413,0.093949,7683.32403808,1776880799999
1776880800000,0.094925,0.094925,0.094218,0.094218,1414.96626257,1776902399999
1776902400000,0.09232,0.09232,0.09187,0.091928,20894.24765587,1776923999999
1776924000000,0.092291,0.092291,0.091705,0.09173,57538.73657034,1776945599999
1776945600000,0.092903,0.09378,0.092656,0.092656,73459.65517412,1776967199999
1776967200000,0.092112,0.092112,0.092112,0.092112,108.56348792,1776988799999
1777010400000,0.093535,0.093832,0.093535,0.093831,14322.27307928,1777031999999
1777032000000,0.094002,0.094524,0.093991,0.094317,53317.03818585,1777053599999
1777053600000,0.094396,0.0952,0.094396,0.095077,1520.26295968,1777075199999
1777075200000,0.095604,0.096557,0.095101,0.095186,64448.3531157,1777096799999
1777096800000,0.096148,0.096217,0.096015,0.096217,1732.74736015,1777118399999
1777118400000,0.094088,0.095179,0.093327,0.093455,53777.12976802,1777139999999
1777140000000,0.093333,0.093333,0.092987,0.092987,128.75626499,1777161599999
1777161600000,0.092794,0.094854,0.092794,0.094854,5920.13141944,1777183199999
1777183200000,0.094569,0.094569,0.094569,0.094569,56.14644688,1777204799999
1777248000000,0.096885,0.096886,0.093974,0.093974,27709.64115778,1777269599999
1777269600000,0.093853,0.093853,0.092382,0.092382,267.90333673,1777291199999
1777291200000,0.0924,0.092682,0.090977,0.091573,16319.87763473,1777312799999
1777312800000,0.091649,0.091777,0.091649,0.091777,764.1775655,1777334399999
1777356000000,0.092295,0.092786,0.092272,0.092534,153.36813404,1777377599999
1777377600000,0.092418,0.092438,0.091888,0.091888,6550.1824217,1777399199999
1777420800000,0.092973,0.093042,0.092973,0.093042,21451.18638061,1777442399999
1777442400000,0.093,0.093,0.093,0.093,898.70967742,1777463999999
1777464000000,0.09317,0.09332,0.091046,0.091046,214.48890753,1777485599999
1777485600000,0.089612,0.089612,0.089612,0.089612,5565.77244119,1777507199999
1777550400000,0.089922,0.089993,0.089648,0.089993,32214.60475158,1777571999999
1777593600000,0.089757,0.090873,0.089757,0.090873,73229.83965925,1777615199999
1777615200000,0.090186,0.090792,0.089772,0.090732,35906.49675829,1777636799999
1777658400000,0.09066,0.091082,0.09066,0.091082,13105.83133682,1777679999999
1777701600000,0.0892,0.0892,0.088975,0.088975,12867.76300227,1777723199999
1777723200000,0.089104,0.089104,0.089104,0.089104,560.53811659,1777744799999
1777744800000,0.090204,0.090204,0.090204,0.090204,110.85982883,1777766399999
1777788000000,0.089003,0.089608,0.089003,0.089346,15240.24897193,1777809599999
1777831200000,0.090419,0.090419,0.08934,0.089806,95351.38404308,1777852799999
1777852800000,0.088551,0.089733,0.088551,0.089733,224.37099394,1777874399999
1777874400000,0.090903,0.09176,0.090525,0.09079,111865.66390496,1777895999999
1777896000000,0.090891,0.0985,0.090752,0.095929,515650.08290537,1777917599999
1777917600000,0.095884,0.097527,0.09494,0.096068,220383.23349942,1777939199999
1777939200000,0.095849,0.097742,0.094103,0.096335,252911.09975345,1777960799999
1777960800000,0.095349,0.095952,0.093644,0.0938,66916.92412792,1777982399999
1777982400000,0.093812,0.093812,0.092531,0.092531,468.10185514,1778003999999
1778004000000,0.093874,0.094115,0.093328,0.093879,49211.14210444,1778025599999
1778025600000,0.09574,0.09574,0.09473,0.09473,64825.74852196,1778047199999
1778047200000,0.094375,0.096513,0.09437,0.096513,13204.86080864,1778068799999
1778068800000,0.095753,0.095753,0.095753,0.095753,100.55663117,1778090399999
1778090400000,0.095911,0.095911,0.095911,0.095911,104.26332745,1778111999999
1778112000000,0.094362,0.095169,0.094362,0.095169,129711.40083071,1778133599999
1778133600000,0.096348,0.097725,0.096348,0.096601,45482.98436966,1778155199999
1778155200000,0.096416,0.097224,0.095748,0.097224,20883.09379791,1778176799999
1778176800000,0.098785,0.1005,0.098785,0.100464,11881.92845379,1778198399999
1778198400000,0.100417,0.100417,0.098402,0.098402,33389.27973944,1778219999999
1778220000000,0.098175,0.098175,0.097601,0.097601,482.82745728,1778241599999
1778241600000,0.097493,0.098597,0.097038,0.098597,19374.89231841,1778263199999
1778263200000,0.09878,0.099012,0.09878,0.098848,1251.99617091,1778284799999
1778284800000,0.099422,0.099886,0.099227,0.099805,13354.76681974,1778306399999
1778306400000,0.099951,0.100643,0.099405,0.100517,18900.62529785,1778327999999
1778328000000,0.099808,0.099808,0.098996,0.098996,349.03193063,1778349599999
1778349600000,0.099918,0.099918,0.099041,0.099041,1861.26597043,1778371199999
1778371200000,0.100289,0.100289,0.100245,0.100245,16535.6433076,1778392799999
1778392800000,0.10063,0.10063,0.099682,0.099682,149.80723864,1778414399999
1778414400000,0.1007,0.1007,0.100529,0.100529,16464.02564672,1778435999999
1778436000000,0.100988,0.101051,0.098955,0.101051,4591.33661019,1778457599999
1778479200000,0.100191,0.100191,0.100191,0.100191,49.70506332,1778500799999
1778500800000,0.09998,0.10694,0.099967,0.104146,93518.19838442,1778522399999
1778522400000,0.102367,0.10627,0.102358,0.105644,62407.12279263,1778543999999
1778544000000,0.106984,0.108406,0.103984,0.104396,229534.77134983,1778565599999
1778565600000,0.10405,0.104138,0.103316,0.104138,52983.79128492,1778587199999
1778587200000,0.103622,0.10548,0.103622,0.104569,72629.33927295,1778608799999
1778608800000,0.104603,0.105658,0.103839,0.103893,135858.41226067,1778630399999
1778630400000,0.103147,0.104892,0.103147,0.104892,48103.30835451,1778651999999
1778652000000,0.104423,0.104916,0.102954,0.102954,9994.86710998,1778673599999
1778673600000,0.102557,0.102584,0.098176,0.09916,54854.27820736,1778695199999
1778695200000,0.098709,0.098722,0.098709,0.098722,5000.0,1778716799999
1778738400000,0.098099,0.098099,0.098099,0.098099,101.9378383,1778759999999
1778760000000,0.098686,0.101741,0.098686,0.100326,19674.63055024,1778781599999
1778781600000,0.100349,0.100349,0.099947,0.099947,500.00060901,1778803199999
1778803200000,0.099502,0.099687,0.098037,0.098037,1090.85088922,1778824799999
1778846400000,0.099187,0.099187,0.092053,0.095152,12628.86363852,1778867999999
1778868000000,0.095171,0.095416,0.095171,0.095416,1045.44404483,1778889599999
1778911200000,0.093764,0.093764,0.091696,0.091725,10841.16357499,1778932799999
1778932800000,0.091261,0.091261,0.091261,0.091261,18308.99957748,1778954399999
1778954400000,0.091842,0.091842,0.091842,0.091842,82.0,1778975999999
1778997600000,0.092684,0.092684,0.092684,0.092684,2152.4750766,1779019199999
1779040800000,0.090152,0.090152,0.088104,0.088104,11760.22628362,1779062399999
1779062400000,0.088826,0.088826,0.088826,0.088826,253.07905344,1779083999999
1779105600000,0.08889,0.08889,0.087975,0.088444,6767.17280857,1779127199999
1779127200000,0.090308,0.090308,0.090308,0.090308,5522.76653231,1779148799999
1779148800000,0.089536,0.089554,0.089536,0.089554,18895.0772722,1779170399999
1779170400000,0.090083,0.090191,0.089275,0.089275,18904.07754009,1779191999999
1779192000000,0.088404,0.088404,0.088256,0.088256,22757.38746348,1779213599999
1779235200000,0.087674,0.087975,0.087674,0.087975,114.05890006,1779256799999
1779256800000,0.08877,0.08877,0.088171,0.088172,6324.16432808,1779278399999
1779278400000,0.089364,0.089432,0.089364,0.089432,223.71868377,1779299999999
1779321600000,0.09062,0.09062,0.09062,0.09062,110.35091591,1779343199999
1779343200000,0.090863,0.090863,0.090863,0.090863,0.00157724,1779364799999
1779408000000,0.093259,0.094084,0.093259,0.093729,1901.41814888,1779429599999
1779429600000,0.092979,0.092979,0.092636,0.092731,2906.59483439,1779451199999
1779451200000,0.093302,0.093302,0.09274,0.09274,376.07575472,1779472799999
1779472800000,0.091048,0.091048,0.090302,0.090537,18630.01479001,1779494399999
1779516000000,0.087817,0.087817,0.087375,0.087536,66256.04734493,1779537599999
1779537600000,0.087048,0.08906,0.087048,0.088681,6166.6191497,1779559199999
1779559200000,0.088938,0.091269,0.088938,0.091269,12757.49690385,1779580799999
1779580800000,0.089785,0.089785,0.089785,0.089785,111.37717881,1779602399999
1779602400000,0.090172,0.090172,0.089826,0.089826,222.2255125,1779623999999
1779624000000,0.088677,0.088677,0.087355,0.08846,8228.74351736,1779645599999
1779645600000,0.086107,0.086107,0.086107,0.086107,913.63071527,1779667199999
1779667200000,0.086781,0.086963,0.086781,0.086871,537.10318688,1779688799999
1779710400000,0.088466,0.089573,0.088466,0.089219,4280.31027937,1779731999999
1779732000000,0.089154,0.089155,0.088056,0.088056,3853.18963303,1779753599999
1779753600000,0.086628,0.086629,0.086628,0.086629,1671.62444863,1779775199999
1779775200000,0.087029,0.088654,0.087029,0.088654,24927.49169621,1779796799999
1779796800000,0.087861,0.087999,0.087861,0.087999,7339.31398905,1779818399999
1779818400000,0.086467,0.086467,0.086246,0.086246,19389.87212092,1779839999999
1779840000000,0.085035,0.08507,0.085035,0.08507,19161.1750267,1779861599999
1779883200000,0.084874,0.087739,0.084872,0.086361,11275.05383314,1779904799999
1779904800000,0.085584,0.085584,0.084715,0.084716,57594.36819298,1779926399999
1779926400000,0.084343,0.084343,0.081,0.081126,91801.26809656,1779947999999
1779948000000,0.081665,0.081665,0.081168,0.081168,184.18209792,1779969599999
1779969600000,0.080351,0.081783,0.080136,0.081783,19743.48698688,1779991199999
1780012800000,0.082208,0.082208,0.0816,0.0816,366.42612777,1780034399999
1780034400000,0.082655,0.082902,0.082294,0.082374,968.6258968,1780055999999
1780056000000,0.082725,0.089706,0.082721,0.085958,391709.38018601,1780077599999
1780077600000,0.086239,0.086239,0.084162,0.084162,40912.99253994,1780099199999
1780099200000,0.087535,0.093592,0.087535,0.093592,70588.5939825,1780120799999
1780120800000,0.094257,0.095978,0.087768,0.087967,273423.48865221,1780142399999
1780142400000,0.088243,0.089501,0.087988,0.089501,4195.54024473,1780163999999
1780164000000,0.088699,0.088826,0.088699,0.088727,1460.86963201,1780185599999
1780185600000,0.089067,0.091099,0.089067,0.089554,25416.01335424,1780207199999
1780207200000,0.089857,0.089857,0.089121,0.089495,8904.55308776,1780228799999
1780228800000,0.088359,0.088418,0.087552,0.088168,2300.63812656,1780250399999
1780250400000,0.088168,0.090508,0.088168,0.090508,2691.71883751,1780271999999
1780272000000,0.090345,0.090826,0.090339,0.090826,909.43723439,1780293599999
1780293600000,0.090086,0.090086,0.087905,0.089368,9804.84867579,1780315199999
1780315200000,0.088344,0.088839,0.08773,0.08853,17250.23259077,1780336799999
1780336800000,0.08856,0.089328,0.0885,0.089328,16647.76020333,1780358399999
1780358400000,0.087864,0.087948,0.086657,0.087739,1916.31472055,1780379999999
1780380000000,0.087223,0.087225,0.086767,0.087051,459.42106762,1780401599999
1780401600000,0.08682,0.086887,0.082851,0.084838,213145.30023504,1780423199999
1780423200000,0.084773,0.084773,0.081,0.081,32189.21765323,1780444799999
1780444800000,0.082614,0.084722,0.08163,0.084722,20349.69966951,1780466399999
1780466400000,0.084767,0.0897,0.084767,0.088777,113264.46675841,1780487999999
1780488000000,0.088963,0.089247,0.085172,0.086815,41460.753507,1780509599999
1780509600000,0.086859,0.087188,0.085838,0.085838,578.0492791,1780531199999
1780531200000,0.084514,0.084802,0.078738,0.082227,259772.22384412,1780552799999
1780552800000,0.082544,0.082987,0.077639,0.077639,13172.07511821,1780574399999
1780574400000,0.0792,0.081821,0.0792,0.081777,56739.01219721,1780595999999
1780596000000,0.081019,0.081019,0.078218,0.078824,22865.09616671,1780617599999
1780617600000,0.078844,0.078862,0.075649,0.075649,15200.38340551,1780639199999
1780639200000,0.075681,0.075682,0.072537,0.074002,50495.39868153,1780660799999
1780660800000,0.074869,0.074869,0.071799,0.073811,33841.29149729,1780682399999
1780682400000,0.073522,0.073616,0.07071,0.073334,78935.48103237,1780703999999
1780704000000,0.073281,0.073361,0.06868,0.070421,57015.05386547,1780725599999
1780725600000,0.070804,0.072187,0.070761,0.071099,10524.69250224,1780747199999
1780747200000,0.071647,0.072228,0.07153,0.072016,59722.11067578,1780768799999
1780768800000,0.071246,0.071527,0.070914,0.071296,12245.07492425,1780790399999
1780790400000,0.071572,0.07281,0.071572,0.07281,6989.74004514,1780811999999
1780812000000,0.0739,0.075594,0.0739,0.074672,26820.10028976,1780833599999
1780833600000,0.074119,0.07423,0.073221,0.073908,22861.34542483,1780855199999
1780855200000,0.072415,0.075123,0.071847,0.07398,79000.56840511,1780876799999
1780876800000,0.073954,0.073955,0.073954,0.073955,405.6539141,1780898399999
1780898400000,0.073712,0.074102,0.073712,0.073832,10506.96920014,1780919999999
1780920000000,0.074612,0.074999,0.074162,0.07442,31048.14579029,1780941599999
1780941600000,0.074153,0.074153,0.073958,0.073958,1267.44201416,1780963199999
1780963200000,0.071818,0.072855,0.071818,0.072855,24223.12642098,1780984799999
1780984800000,0.072682,0.072705,0.071341,0.071341,20864.38220985,1781006399999
1781006400000,0.072208,0.072208,0.06998,0.071402,19464.20402831,1781027999999
1781028000000,0.071076,0.072026,0.071076,0.071222,30948.82502498,1781049599999
1781049600000,0.071442,0.071503,0.070084,0.070699,9759.01827839,1781071199999
1781071200000,0.071139,0.071139,0.069689,0.069689,10065.9963717,1781092799999
1781092800000,0.069712,0.0718,0.069712,0.07043,55672.50771201,1781114399999
1781114400000,0.070756,0.070872,0.068121,0.069039,40742.86347529,1781135999999
1781136000000,0.070281,0.072123,0.070281,0.072123,24291.56893828,1781157599999
1781157600000,0.071176,0.07175,0.070627,0.07175,40989.29735719,1781179199999
1781179200000,0.071625,0.073254,0.070698,0.073101,132189.38104836,1781200799999
1781200800000,0.073388,0.073388,0.071601,0.072754,84878.6976366,1781222399999
1781222400000,0.073187,0.073187,0.07138,0.07138,141525.49930377,1781243999999
1781244000000,0.072265,0.072265,0.071998,0.07209,693.75402174,1781265599999
1781265600000,0.072008,0.073419,0.071024,0.072658,88778.89179854,1781287199999
1781287200000,0.072188,0.072188,0.072108,0.072125,1662.44733692,1781308799999
1781330400000,0.07097,0.072317,0.07097,0.072317,8711.15953775,1781351999999
1781352000000,0.072881,0.072887,0.072881,0.072887,24654.19623726,1781373599999
1781373600000,0.074662,0.074678,0.074298,0.074298,29678.78413614,1781395199999
1781395200000,0.074957,0.074957,0.073418,0.073572,30557.63114912,1781416799999
1781438400000,0.073173,0.073173,0.073102,0.073102,136.80862941,1781459999999
1781460000000,0.072131,0.075103,0.072131,0.074753,2537.96916368,1781481599999
1781481600000,0.074848,0.074848,0.074837,0.074837,267.22784657,1781503199999
1781503200000,0.075248,0.075289,0.074929,0.074997,5904.63817451,1781524799999
1781524800000,0.07703,0.07703,0.076119,0.076973,2590.67149366,1781546399999
1781546400000,0.076636,0.076686,0.075579,0.076137,98822.15352261,1781567999999
1781568000000,0.076008,0.076008,0.074445,0.075059,10052.19092221,1781589599999
1781589600000,0.075229,0.075682,0.075179,0.07545,7259.79171618,1781611199999
1781611200000,0.074724,0.074724,0.070145,0.073212,43895.57620673,1781632799999
1781632800000,0.073844,0.07605,0.073844,0.07605,31049.56100887,1781654399999
1781654400000,0.074807,0.075495,0.074109,0.074478,22138.77133157,1781675999999
1781676000000,0.074639,0.079685,0.074381,0.075728,383137.95461417,1781697599999
1781697600000,0.075408,0.087213,0.075047,0.083529,293164.73951339,1781719199999
1781719200000,0.082038,0.091016,0.080125,0.081353,759907.95798155,1781740799999
1781740800000,0.081157,0.0886,0.080363,0.086107,740285.58557587,1781762399999
1781762400000,0.086618,0.086984,0.080129,0.081698,270951.01967712,1781783999999
1781784000000,0.081466,0.08149,0.079014,0.081322,158464.74686397,1781805599999
1781805600000,0.081563,0.089654,0.081563,0.089654,387921.41986252,1781827199999
1781827200000,0.087821,0.093018,0.086216,0.093018,458442.21387369,1781848799999
1781848800000,0.0931,0.10949,0.08927,0.099828,2198459.13343104,1781870399999
1781870400000,0.099382,0.108183,0.096068,0.10626,2013328.72154979,1781891999999
1781892000000,0.10644,0.107991,0.099441,0.100189,931508.51275748,1781913599999
1781913600000,0.099743,0.1111,0.097828,0.110172,718862.44259424,1781935199999
1781935200000,0.112534,0.16006,0.109852,0.149585,4950895.73499761,1781956799999
1781956800000,0.149677,0.160816,0.135775,0.140162,2288256.43690948,1781978399999
1781978400000,0.140296,0.149562,0.131042,0.131042,1564867.27290615,1781999999999
1782000000000,0.130905,0.140842,0.127339,0.132048,1240523.36555625,1782021599999
1782021600000,0.13124,0.133326,0.120517,0.124124,650232.95709937,1782043199999
1782043200000,0.123507,0.133363,0.121407,0.131192,384979.67303179,1782064799999
1782064800000,0.131326,0.16079,0.131326,0.144408,912487.44035901,1782086399999
1782086400000,0.146623,0.167631,0.145692,0.152337,1166008.01226306,1782107999999
1782108000000,0.153,0.15366,0.141633,0.144016,602908.7738867,1782129599999
1782129600000,0.14725,0.2,0.146638,0.177799,4040773.13633994,1782151199999
1782151200000,0.17671,0.178749,0.15511,0.157424,1089633.9694917,1782172799999
1782172800000,0.157,0.160235,0.142932,0.146013,328509.62210473,1782194399999
1782194400000,0.14397,0.167715,0.140308,0.14776,2275426.51994106,1782215999999
1782216000000,0.148127,0.154304,0.137123,0.139685,676209.12109682,1782237599999
1782237600000,0.137243,0.138148,0.123605,0.124089,963757.02645648,1782259199999
1782259200000,0.124,0.136637,0.123398,0.132281,349880.63547462,1782280799999
1782280800000,0.131612,0.14426,0.12976,0.130759,813988.77475714,1782302399999
1782302400000,0.130669,0.131014,0.122762,0.122763,521414.14832724,1782323999999
1782324000000,0.121263,0.126089,0.118386,0.123934,112876.41831827,1782345599999
1782345600000,0.124414,0.124414,0.117891,0.122493,99980.36008406,1782367199999
1782367200000,0.122149,0.139359,0.12205,0.135177,816519.84012326,1782388799999
1782388800000,0.135131,0.15888,0.132227,0.138685,1589163.81784866,1782410399999
1782410400000,0.136759,0.138379,0.132294,0.13788,246209.24389963,1782431999999
1782432000000,0.133636,0.144721,0.130907,0.137267,286070.90537773,1782453599999
1782453600000,0.13868,0.14662,0.1349,0.145092,391354.92712077,1782475199999
1782475200000,0.145856,0.171017,0.143546,0.161427,1128699.62509815,1782496799999
1782496800000,0.16307,0.171035,0.16,0.170178,643209.37304025,1782518399999
1782518400000,0.170641,0.18046,0.146379,0.146492,521713.85654656,1782539999999
1782540000000,0.146929,0.147493,0.11343,0.11351,742287.18786349,1782561599999
1782561600000,0.113308,0.1259,0.109352,0.1115,2062334.62801467,1782583199999
1782583200000,0.111797,0.114583,0.107622,0.111615,989454.63367039,1782604799999
1782604800000,0.111614,0.113478,0.109749,0.112889,224652.36614641,1782626399999
1782626400000,0.111292,0.113135,0.103775,0.105856,834458.53428483,1782647999999
1782648000000,0.105635,0.105636,0.094318,0.094664,663817.45665257,1782669599999
1782669600000,0.095422,0.103,0.094484,0.095719,561105.29413916,1782691199999
1782691200000,0.095031,0.098428,0.094229,0.097715,228368.89628089,1782712799999
1782712800000,0.097841,0.103982,0.095976,0.097822,703088.8331186,1782734399999
1782734400000,0.097276,0.098615,0.096225,0.096693,756447.16608321,1782755999999
1782756000000,0.096716,0.097271,0.094693,0.0948,208899.74464131,1782777599999
1782777600000,0.096558,0.09899,0.095621,0.096547,244885.95882421,1782799199999
1782799200000,0.09595,0.095969,0.091123,0.093535,423233.9176427,1782820799999
1782820800000,0.0934,0.101607,0.090267,0.1,771528.81116288,1782842399999
1782842400000,0.099037,0.099146,0.089993,0.089993,283723.61372544,1782863999999
1782864000000,0.090456,0.091275,0.089506,0.09048,27978.89058201,1782885599999
1782885600000,0.08908,0.08908,0.085176,0.085655,85329.55811111,1782907199999
1782907200000,0.085548,0.086702,0.08464,0.08464,271929.63928903,1782928799999
1782928800000,0.084595,0.084637,0.081838,0.08199,411004.02159954,1782950399999
1782950400000,0.083273,0.083946,0.082815,0.083584,34674.58349124,1782971999999
1782972000000,0.082876,0.083346,0.081193,0.08201,285620.87774251,1782993599999
1782993600000,0.08201,0.082873,0.081532,0.082873,67615.24824736,1783015199999
1783015200000,0.084508,0.087482,0.082487,0.083135,474050.56903429,1783036799999
1783036800000,0.083214,0.083214,0.080426,0.081548,136210.96018832,1783058399999
1783058400000,0.081548,0.086903,0.081541,0.086288,525025.15422511,1783079999999
1783080000000,0.086151,0.086242,0.083297,0.083643,69668.78254917,1783101599999
1783101600000,0.083643,0.084669,0.082156,0.084296,212053.53853065,1783123199999
1783123200000,0.084973,0.087153,0.084917,0.085454,96785.94471164,1783144799999
1783144800000,0.085355,0.108526,0.085101,0.091828,2879031.51852459,1783166399999
1783166400000,0.092094,0.096812,0.089448,0.092435,1101289.54236687,1783187999999
1783188000000,0.093193,0.094252,0.084404,0.085169,413890.95683507,1783209599999
1783209600000,0.08475,0.086588,0.082721,0.086588,155924.62587324,1783231199999
1783231200000,0.085602,0.09308,0.085454,0.092958,631505.42198952,1783252799999
1783252800000,0.095,0.102341,0.093066,0.09456,1354320.91645196,1783274399999
1783274400000,0.09456,0.096,0.090814,0.091557,241306.63428329,1783295999999
1783296000000,0.091889,0.10214,0.0903,0.099347,1011953.0146061,1783317599999
1783317600000,0.097551,0.13,0.097551,0.121746,2920799.63456076,1783339199999
1783339200000,0.121746,0.124879,0.110883,0.112925,1075086.82074377,1783360799999
1783360800000,0.114722,0.11644,0.10946,0.111021,185601.10284856,1783382399999
1783382400000,0.110415,0.112495,0.102838,0.103458,340540.66028287,1783403999999
1783404000000,0.1035,0.1035,0.09754,0.1019,878329.51214228,1783425599999
1783425600000,0.101105,0.106095,0.094027,0.094083,767674.51418166,1783447199999
1783447200000,0.093903,0.096123,0.092914,0.096123,280264.8659084,1783468799999
1783468800000,0.096269,0.103147,0.096269,0.0995,403224.2599978,1783490399999
1783490400000,0.0995,0.099528,0.094068,0.096742,461600.77252237,1783511999999
1783512000000,0.096543,0.099064,0.092297,0.095681,149566.76881194,1783533599999
1783533600000,0.095457,0.098242,0.093047,0.095058,1087541.49434467,1783555199999
1783555200000,0.096281,0.096281,0.093,0.093,127613.31940704,1783576799999
1783576800000,0.092244,0.093895,0.090859,0.092203,618327.87543477,1783598399999
1783598400000,0.091593,0.092507,0.090016,0.090779,54865.10093513,1783619999999
1783620000000,0.090683,0.093107,0.089059,0.089431,134736.50164605,1783641599999
1783641600000,0.089263,0.090513,0.088581,0.089004,65993.10208344,1783663199999
1783663200000,0.089735,0.092607,0.089621,0.091346,298033.40099475,1783684799999
1783684800000,0.090762,0.092064,0.090068,0.090864,11482.81539535,1783706399999
1783706400000,0.091176,0.0965,0.091176,0.096,25686.6831822,1783727999999
1783728000000,0.095607,0.103,0.094122,0.102488,807324.40392944,1783749599999
1783749600000,0.10215,0.10215,0.094968,0.095747,366924.03688807,1783771199999
1783771200000,0.095205,0.095205,0.0934,0.093777,71523.49166789,1783792799999
1783792800000,0.093195,0.093195,0.090357,0.090465,124091.918042,1783814399999
1783814400000,0.09073,0.092455,0.090352,0.090352,40983.52655866,1783835999999
1783836000000,0.091506,0.094308,0.091506,0.094308,37978.75957491,1783857599999
1783857600000,0.09414,0.097767,0.093906,0.096702,290610.81075187,1783879199999
1783879200000,0.096702,0.096702,0.093431,0.09633,140923.52978454,1783900799999
1783900800000,0.095978,0.096151,0.09344,0.09344,111703.41831711,1783922399999
1783922400000,0.092642,0.093221,0.091327,0.091692,36790.33781461,1783943999999
1783944000000,0.09212,0.092642,0.090715,0.090715,35332.47963155,1783965599999
1783965600000,0.090718,0.094222,0.086149,0.092806,169734.86681315,1783987199999
1783987200000,0.092999,0.093346,0.092682,0.093346,474.98402357,1784008799999
1784008800000,0.094443,0.098333,0.094443,0.0971,809050.79038983,1784030399999
1784030400000,0.09762,0.09762,0.095022,0.095022,194067.79399469,1784051999999
1784052000000,0.096469,0.099063,0.0957,0.0973,251595.13545108,1784073599999
1784073600000,0.097044,0.098871,0.096026,0.096965,73915.27443577,1784095199999
1784095200000,0.096665,0.097323,0.094613,0.095485,308866.15569885,1784116799999
1784116800000,0.095886,0.097551,0.09497,0.097082,175456.90453798,1784138399999
1784138400000,0.095716,0.096863,0.095716,0.096519,45572.96230488,1784159999999
1784160000000,0.096564,0.098,0.095365,0.096584,148748.4933029,1784181599999
1784181600000,0.0969,0.098732,0.095229,0.09773,470985.59132564,1784203199999
1784203200000,0.097512,0.097512,0.095817,0.096005,142069.52991444,1784224799999
1784224800000,0.096033,0.096987,0.096033,0.096987,19457.13762196,1784246399999
1784246400000,0.096537,0.097018,0.094258,0.094654,65533.88490802,1784267999999
1784268000000,0.094395,0.094573,0.092011,0.092011,142713.16930497,1784289599999
1784289600000,0.091879,0.093888,0.089812,0.09371,211199.57522829,1784311199999
1784311200000,0.093616,0.09462,0.093271,0.093271,5781.47401606,1784332799999
1784332800000,0.093471,0.093561,0.09079,0.092001,23547.49411803,1784354399999
1784354400000,0.091825,0.091825,0.090122,0.090391,82173.69206475,1784375999999
1784376000000,0.09045,0.093053,0.090414,0.090863,86467.92497725,1784397599999
1784397600000,0.090776,0.091954,0.090769,0.091954,2185.94174638,1784419199999
1784419200000,0.091005,0.091475,0.091005,0.09144,541.94478375,1784440799999
1784440800000,0.091326,0.091491,0.090652,0.090864,46269.69104866,1784462399999
1784462400000,0.090072,0.090124,0.0894,0.0897,59742.47215643,1784483999999
1784484000000,0.089766,0.090035,0.088499,0.088499,25744.12253857,1784505599999
1784505600000,0.089047,0.08913,0.087874,0.088207,71635.2427293,1784527199999
1784527200000,0.087769,0.093704,0.087754,0.092315,399474.07056428,1784548799999
1784548800000,0.093055,0.094956,0.090079,0.090769,104381.65388825,1784570399999
1784570400000,0.091126,0.091602,0.089253,0.089253,16238.86013057,1784591999999
1784592000000,0.089315,0.090947,0.088645,0.088671,71931.84177028,1784613599999
1784613600000,0.089098,0.089672,0.088918,0.089188,21053.57609122,1784635199999
1784635200000,0.089281,0.089431,0.088441,0.088989,19533.74708928,1784656799999
1784656800000,0.091146,0.091146,0.091146,0.091146,595.64822192,1784678399999
1784678400000,0.090655,0.091257,0.090409,0.090465,32055.2746082,1784699999999
1784700000000,0.090563,0.092,0.088089,0.088301,107129.05800675,1784721599999
1784721600000,0.089315,0.090573,0.089156,0.090573,23457.67870421,1784743199999
1784743200000,0.088921,0.089418,0.088921,0.089418,904.08808167,1784764799999
1784764800000,0.089206,0.089206,0.089206,0.089206,3363.00248862,1784786399999
1784786400000,0.088458,0.088667,0.088458,0.088667,12402.30550006,1784807999999
1784808000000,0.089458,0.089458,0.088659,0.08881,13438.49818552,1784829599999
1784829600000,0.088585,0.090307,0.088585,0.090004,4662.58459498,1784851199999
1784851200000,0.090592,0.091167,0.089385,0.090034,169114.53869035,1784872799999
1784872800000,0.090264,0.090264,0.08865,0.08865,5459.23845935,1784894399999
1784894400000,0.08751,0.089495,0.08751,0.088083,65284.00278365,1784915999999
1784916000000,0.088101,0.088557,0.088101,0.088557,1380.02464999,1784937599999
1784937600000,0.089225,0.089225,0.089225,0.089225,25.36932049,1784959199999
1784959200000,0.087509,0.087509,0.087213,0.087213,8110.6294242,1784980799999
1785002400000,0.088808,0.090548,0.088362,0.089388,77318.64559894,1785023999999
1785024000000,0.08949,0.089848,0.088147,0.088147,10175.85665947,1785045599999
1785045600000,0.08843,0.089005,0.08843,0.089005,16712.82105241,1785067199999
1785067200000,0.088327,0.088327,0.088066,0.088095,533.53982439,1785088799999
1785110400000,0.088669,0.088699,0.088123,0.08861,3587.10927436,1785131999999
1785132000000,0.087896,0.087909,0.087256,0.087256,3400.40591247,1785153599999
1785153600000,0.087484,0.087835,0.084998,0.08689,4041.40693285,1785175199999
1785175200000,0.087009,0.08721,0.083968,0.084198,29957.63008412,1785196799999
1785196800000,0.085026,0.085026,0.083497,0.084978,17231.99532885,1785218399999
1785218400000,0.084395,0.085407,0.084395,0.085265,1886.02869423,1785239999999
1785240000000,0.084939,0.084952,0.08393,0.08393,22918.43961259,1785261599999
1785261600000,0.083844,0.083844,0.083344,0.083344,417.32255522,1785283199999
1785283200000,0.082618,0.084543,0.082336,0.084543,1196.61826847,1785304799999
1785304800000,0.084994,0.085141,0.083452,0.083452,11476.62157646,1785326399999
1785326400000,0.081537,0.082166,0.081447,0.082166,5982.27379336,1785347999999
1785348000000,0.082483,0.082483,0.080716,0.081519,23853.04729646,1785369599999
1785369600000,0.082428,0.08298,0.08235,0.08298,363.26187353,1785391199999
1785391200000,0.083481,0.083883,0.082437,0.083196,21188.13895714,1785412799999
1785412800000,0.083701,0.084098,0.08347,0.083885,39062.39870049,1785434399999
1785434400000,0.083427,0.083427,0.083091,0.083091,19345.9073077,1785455999999
1785456000000,0.082907,0.085,0.082907,0.085,47056.24409465,1785477599999
1785477600000,0.084485,0.085609,0.083694,0.083694,60362.48507659,1785499199999
1785499200000,0.084063,0.084335,0.083499,0.084327,7963.55161704,1785520799999
1785520800000,0.083932,0.084325,0.083932,0.084325,1428.69110735,1785542399999
1785542400000,0.085042,0.087012,0.083742,0.084759,330511.2805312,1785563999999
1785564000000,0.08462,0.08462,0.083991,0.084323,26949.63465279,1785585599999
1785585600000,0.084086,0.084086,0.083168,0.083168,1288.87813413,1785607199999
1785607200000,0.083627,0.083627,0.082923,0.083432,52256.35643242,1785628799999
1785628800000,0.084137,0.084137,0.084136,0.084136,2377.08135973,1785650399999
1785650400000,0.083516,0.083516,0.082552,0.0827,88731.51793662,1785671999999
1785672000000,0.082796,0.082796,0.081975,0.081975,3633.83302378,1785693599999
1785715200000,0.082397,0.082842,0.082057,0.082327,15525.60719598,1785736799999
1785736800000,0.082493,0.084059,0.081951,0.082023,132128.22586274,1785758399999
1785758400000,0.082165,0.083768,0.082115,0.08273,291939.11419981,1785779999999
1785780000000,0.083113,0.083118,0.082554,0.082705,100514.06924976,1785801599999
1785801600000,0.082427,0.085709,0.081204,0.084704,221162.87856665,1785823199999
1785823200000,0.085275,0.08528,0.083223,0.083223,70653.89439263,1785844799999
1785844800000,0.083871,0.086017,0.083854,0.084625,7011.0588927,1785866399999
1785866400000,0.085523,0.086408,0.084137,0.0857,183281.91256171,1785887999999
1785888000000,0.086656,0.086656,0.085021,0.085391,71694.38273296,1785909599999
1785909600000,0.085592,0.085592,0.084826,0.08539,70234.46700768,1785931199999
1785931200000,0.084265,0.08514,0.084265,0.085122,108244.26555277,1785952799999
1785952800000,0.085127,0.086567,0.085127,0.086252,13752.98473108,1785974399999
1785974400000,0.086715,0.0883,0.086715,0.087545,97359.93869897,1785995999999
1785996000000,0.087451,0.087642,0.085896,0.086198,154039.98394364,1786017599999
1786017600000,0.086433,0.095157,0.086309,0.088629,603198.67830941,1786039199999
1786039200000,0.088171,0.090203,0.086574,0.088882,327350.7280366,1786060799999
1786060800000,0.088546,0.089304,0.087818,0.088527,32012.17577377,1786082399999
1786082400000,0.087612,0.087612,0.086271,0.0865,69561.57728749,1786103999999
1786104000000,0.087127,0.088119,0.087127,0.087396,111213.02078449,1786125599999
1786125600000,0.088274,0.088274,0.087032,0.087643,7274.4808731,1786147199999
1786147200000,0.08768,0.089078,0.087531,0.087826,77743.5981594,1786168799999
1786168800000,0.088349,0.09087,0.087761,0.090246,96930.86162813,1786190399999
1786190400000,0.090796,0.09606,0.089865,0.093559,1021015.97036244,1786211999999
1786212000000,0.093596,0.094266,0.09203,0.093899,16454.24010842,1786233599999
1786233600000,0.093803,0.093803,0.091124,0.092861,157036.27144658,1786255199999
1786255200000,0.092773,0.095993,0.091498,0.095131,360666.76748989,1786276799999
1786276800000,0.09567,0.0972,0.094465,0.096437,147926.9694301,1786298399999
1786298400000,0.096354,0.09938,0.096043,0.097852,226883.62314484,1786319999999
1786320000000,0.09817,0.09817,0.095498,0.096541,88762.96121905,1786341599999
1786341600000,0.095125,0.096068,0.092063,0.09285,109980.29428756,1786363199999
1786363200000,0.09272,0.093535,0.092227,0.093111,26476.58453116,1786384799999
1786384800000,0.093179,0.093179,0.091096,0.09218,142568.40699288,1786406399999
1786406400000,0.09222,0.094387,0.092135,0.093599,104153.19683969,1786427999999
1786428000000,0.094064,0.094064,0.090266,0.090266,59975.85188796,1786449599999
1786449600000,0.090593,0.090746,0.0891,0.089859,54962.19499326,1786471199999
1786471200000,0.089242,0.089974,0.088864,0.088864,7455.44891947,1786492799999
1786492800000,0.0888,0.09314,0.0888,0.091165,334538.2318386,1786514399999
1786514400000,0.091182,0.091182,0.08937,0.08937,42953.32567183,1786535999999
1786536000000,0.090663,0.091267,0.089581,0.089581,110043.71115107,1786557599999
1786557600000,0.090012,0.090245,0.089415,0.089415,483.89707661,1786579199999
1786579200000,0.091188,0.091589,0.089875,0.09031,79699.99102224,1786600799999
1786600800000,0.090094,0.092249,0.089392,0.092249,3848.52589603,1786622399999
1786622400000,0.091607,0.092808,0.089357,0.08946,313623.96574582,1786643999999
1786644000000,0.090078,0.090661,0.089958,0.090088,27940.54618771,1786665599999
1786665600000,0.090802,0.090802,0.089782,0.089782,37489.38027695,1786687199999
1786687200000,0.090244,0.090387,0.086481,0.087836,120959.93670759,1786708799999
1786708800000,0.08787,0.092073,0.08775,0.091807,182285.20434875,1786730399999
1786730400000,0.09286,0.09479,0.09114,0.093529,145251.14251659,1786751999999
1786752000000,0.093868,0.094581,0.08976,0.08976,28748.28674901,1786773599999
1786773600000,0.09126,0.092696,0.090213,0.09155,228129.56417275,1786795199999
1786795200000,0.09168,0.093033,0.091032,0.091513,165882.61784937,1786816799999
1786816800000,0.091775,0.092084,0.091568,0.091852,31052.47278917,1786838399999
1786838400000,0.091876,0.091876,0.090746,0.090746,1411.26037058,1786859999999
1786860000000,0.090663,0.094627,0.090663,0.092617,191562.66832593,1786881599999
1786881600000,0.092235,0.102352,0.092235,0.095741,1862644.35395647,1786903199999
1786903200000,0.09635,0.111241,0.095667,0.095802,2576224.64167036,1786924799999
1786924800000,0.095482,0.095969,0.091876,0.092162,505255.86730266,1786946399999
1786946400000,0.092343,0.095399,0.091716,0.093775,638678.01877848,1786967999999
1786968000000,0.094761,0.09519,0.093017,0.093105,206388.61393185,1786989599999
1786989600000,0.093253,0.094785,0.09098,0.092193,150789.11827676,1787011199999
1787011200000,0.092301,0.093859,0.091926,0.092383,52466.60610671,1787032799999
1787032800000,0.092448,0.092448,0.090775,0.090775,23685.57266835,1787054399999
1787054400000,0.091397,0.091765,0.090817,0.090817,66415.30708195,1787075999999
1787076000000,0.090904,0.091524,0.090629,0.090629,3288.97208032,1787097599999
1787097600000,0.091111,0.091111,0.091111,0.091111,916.63069335,1787119199999
1787119200000,0.090961,0.090961,0.090685,0.090685,1419.59468516,1787140799999
1787140800000,0.091082,0.094092,0.091082,0.092595,4039.6286823,1787162399999
1787162400000,0.093535,0.094341,0.093535,0.093888,25631.7001959,1787183999999
1787184000000,0.093188,0.093339,0.093188,0.093338,3034.38127668,1787205599999
1787205600000,0.093685,0.09528,0.093424,0.095049,65340.04212853,1787227199999
1787227200000,0.094522,0.09556,0.094111,0.09556,75308.80664163,1787248799999
1787248800000,0.094496,0.097725,0.09445,0.097365,78756.59664053,1787270399999
1787270400000,0.097796,0.098015,0.096934,0.097016,17414.69093647,1787291999999
1787292000000,0.0982,0.100169,0.0982,0.100074,146047.65778423,1787313599999
1787313600000,0.101,0.1035,0.101,0.101681,144844.61140111,1787335199999
1787335200000,0.100638,0.10319,0.100265,0.102613,68300.8067077,1787356799999
1787356800000,0.102852,0.106581,0.092989,0.100373,119317.03974749,1787378399999
1787378400000,0.100379,0.101528,0.096806,0.097148,168790.6015875,1787399999999
1787400000000,0.097796,0.09901,0.097305,0.098232,143996.5655614,1787421599999
1787421600000,0.098197,0.098297,0.095989,0.097279,52886.10958821,1787443199999
1787443200000,0.097122,0.098137,0.09405,0.094051,52377.45996986,1787464799999
1787464800000,0.096321,0.09862,0.096321,0.098504,27057.69277176,1787486399999
