openTime,open,high,low,close,volume,closeTime
1763640000000,0.014001,0.018245,0.013733,0.015039,5.87452737735E7,1763654399999
1763654400000,0.01503,0.019196,0.014267,0.019062,1.1981759401060005E8,1763668799999
1763668800000,0.019123,0.019882,0.014242,0.01505,8.138653994970001E7,1763683199999
1763683200000,0.0151,0.01964,0.014246,0.017788,3.44627354018E7,1763697599999
1763697600000,0.018646,0.019269,0.015752,0.0162,6.41806975441E7,1763711999999
1763712000000,0.015946,0.0225,0.01555,0.018849,6.23813247018E7,1763726399999
1763726400000,0.018102,0.024345,0.016,0.02153,6.449105194250001E7,1763740799999
1763740800000,0.021235,0.024,0.019113,0.019243,3.041326746420001E7,1763755199999
1763755200000,0.019223,0.019965,0.01675,0.017234,1.39698807412E7,1763769599999
1763769600000,0.017152,0.019591,0.016818,0.017522,7729318.7353,1763783999999
1763784000000,0.017628,0.017872,0.014798,0.016679,8481124.5327,1763798399999
1763798400000,0.016644,0.016652,0.014932,0.015456,9755117.4479,1763812799999
1763812800000,0.015101,0.015668,0.01302,0.014254,1.00759865985E7,1763827199999
1763827200000,0.014001,0.014289,0.012055,0.012902,9505126.6665,1763841599999
1763841600000,0.012829,0.014099,0.011835,0.013078,8665053.4985,1763855999999
1763856000000,0.013281,0.0135,0.0118,0.013462,2380716.5501,1763870399999
1763870400000,0.013445,0.014099,0.012484,0.014037,2284429.8383,1763884799999
1763884800000,0.014107,0.015852,0.013225,0.013652,9403078.5516,1763899199999
1763899200000,0.013887,0.014011,0.012505,0.013156,6696826.1394,1763913599999
1763913600000,0.013369,0.018313,0.012481,0.015834,2.979650847489999E7,1763927999999
1763928000000,0.01584,0.019025,0.015284,0.016831,3.07628498205E7,1763942399999
1763942400000,0.016908,0.018088,0.014758,0.015486,1.67029359196E7,1763956799999
1763956800000,0.015518,0.017576,0.015192,0.016741,1.19499223089E7,1763971199999
1763971200000,0.01674,0.017337,0.015492,0.017165,1.53110326594E7,1763985599999
1763985600000,0.017212,0.021658,0.016394,0.018675,3.847522847710001E7,1763999999999
1764000000000,0.018693,0.020475,0.017075,0.017395,2.70679083183E7,1764014399999
1764014400000,0.017433,0.019604,0.01633,0.017642,1.25694562825E7,1764028799999
1764028800000,0.01767,0.018604,0.017195,0.017909,2991275.7701,1764043199999
1764043200000,0.0179,0.018723,0.016603,0.016746,4619700.986,1764057599999
1764057600000,0.016697,0.016697,0.0148,0.015537,9536353.9487,1764071999999
1764072000000,0.01573,0.016331,0.015159,0.016095,9014347.5487,1764086399999
1764086400000,0.015836,0.016342,0.014693,0.0148,1.0902017905E7,1764100799999
1764100800000,0.014858,0.015461,0.01445,0.014925,4371824.8737,1764115199999
1764115200000,0.014897,0.015325,0.014149,0.014187,2738493.0343,1764129599999
1764129600000,0.014305,0.014821,0.013779,0.014057,6249969.9102,1764143999999
1764144000000,0.014069,0.01427,0.013084,0.013553,8912750.869,1764158399999
1764158400000,0.013545,0.014042,0.013087,0.013789,4812534.9907,1764172799999
1764172800000,0.013709,0.015,0.013606,0.014164,6943496.1359,1764187199999
1764187200000,0.014219,0.014234,0.013838,0.013929,3448406.4768,1764201599999
1764201600000,0.01382,0.014262,0.013501,0.013647,1270407.7959,1764215999999
1764216000000,0.013625,0.013955,0.013322,0.013635,2170276.6447,1764230399999
1764230400000,0.013539,0.013652,0.013078,0.013601,5907698.9892,1764244799999
1764244800000,0.013602,0.014258,0.01324,0.014047,9364070.8184,1764259199999
1764259200000,0.014047,0.014193,0.013565,0.014113,3911723.995,1764273599999
1764273600000,0.014102,0.014642,0.013774,0.013858,2701028.5318,1764287999999
1764288000000,0.013872,0.014073,0.01308,0.013203,1926870.2819,1764302399999
1764302400000,0.013363,0.014339,0.013231,0.013651,1100815.8342,1764316799999
1764316800000,0.013677,0.014127,0.013275,0.013298,2109883.7497,1764331199999
1764331200000,0.013359,0.01369,0.013,0.013022,4119988.3462,1764345599999
1764345600000,0.013131,0.01352,0.012966,0.013141,3115956.3854,1764359999999
1764360000000,0.013008,0.013256,0.012596,0.012644,1568789.5873,1764374399999
1764374400000,0.012646,0.01286,0.012479,0.01281,988549.0259,1764388799999
1764388800000,0.012734,0.012747,0.012148,0.012224,1588126.2049,1764403199999
1764403200000,0.012172,0.01219,0.011694,0.011957,4080523.015,1764417599999
1764417600000,0.011887,0.012042,0.011594,0.011796,2699507.2305,1764431999999
1764432000000,0.011782,0.012087,0.0113,0.011849,2724408.7376,1764446399999
1764446400000,0.011817,0.012082,0.011624,0.011677,1807396.153,1764460799999
1764460800000,0.01168,0.011912,0.011522,0.011912,749425.8609,1764475199999
1764475200000,0.01191,0.012023,0.011446,0.011543,310305.8729,1764489599999
1764489600000,0.011587,0.011652,0.010726,0.010837,5047957.1614,1764503999999
1764504000000,0.010839,0.011144,0.010687,0.011128,2541141.3853,1764518399999
1764518400000,0.011142,0.011354,0.011,0.011016,1377421.3297,1764532799999
1764532800000,0.011011,0.011344,0.010988,0.011106,1483425.939,1764547199999
1764547200000,0.011078,0.011078,0.008733,0.009403,7756874.547,1764561599999
1764561600000,0.009492,0.0099,0.009198,0.009512,3008907.9127,1764575999999
1764576000000,0.009479,0.009771,0.009223,0.009223,1831655.9875,1764590399999
1764590400000,0.00921,0.009759,0.008927,0.009392,5601885.614,1764604799999
1764604800000,0.009433,0.009662,0.009234,0.009481,2185466.6203,1764619199999
1764619200000,0.009591,0.00974,0.009428,0.009481,1790852.378,1764633599999
1764633600000,0.009535,0.010426,0.009376,0.009821,6020977.3349,1764647999999
1764648000000,0.009835,0.010154,0.009525,0.009703,2652674.1444,1764662399999
1764662400000,0.009656,0.009656,0.00908,0.00908,2366199.3691,1764676799999
1764676800000,0.009112,0.010041,0.009097,0.009952,2230196.2595,1764691199999
1764691200000,0.009982,0.010142,0.00947,0.009712,1222699.1348,1764705599999
1764705600000,0.009729,0.009916,0.009432,0.009899,2583040.4915,1764719999999
1764720000000,0.009894,0.016523,0.009568,0.016466,4.98597135137E7,1764734399999
1764734400000,0.016467,0.022401,0.014826,0.020059,5.861988655170001E7,1764748799999
1764748800000,0.01987,0.020025,0.016547,0.017199,7.00311032205E7,1764763199999
1764763200000,0.017274,0.024,0.01696,0.021594,5.997982558210001E7,1764777599999
1764777600000,0.021515,0.026355,0.018834,0.022373,4.200329790520001E7,1764791999999
1764792000000,0.022292,0.025016,0.021212,0.023698,4.28789618039E7,1764806399999
1764806400000,0.023796,0.025292,0.022148,0.024874,2.46569935504E7,1764820799999
1764820800000,0.024871,0.025123,0.0213,0.0218,1.28216820926E7,1764835199999
1764835200000,0.021734,0.022472,0.020531,0.020974,2.440841305369999E7,1764849599999
1764849600000,0.020908,0.02145,0.01935,0.019898,1.23960368911E7,1764863999999
1764864000000,0.019843,0.01986,0.017257,0.019017,1.29149850221E7,1764878399999
1764878400000,0.01897,0.01972,0.018053,0.019297,1.14344789112E7,1764892799999
1764892800000,0.019144,0.0211,0.0182,0.020268,7531278.461,1764907199999
1764907200000,0.020067,0.020067,0.01789,0.018473,6090006.3141,1764921599999
1764921600000,0.0184,0.018511,0.017215,0.01812,6618410.4863,1764935999999
1764936000000,0.018011,0.019,0.0177,0.018258,4678054.0678,1764950399999
1764950400000,0.018229,0.018328,0.016858,0.017082,7194775.1912,1764964799999
1764964800000,0.01709,0.017411,0.016645,0.017175,4996337.6846,1764979199999
1764979200000,0.017022,0.017524,0.016661,0.016957,1527546.4794,1764993599999
1764993600000,0.016793,0.017049,0.016078,0.016424,2400791.7219,1765007999999
1765008000000,0.016392,0.018631,0.016253,0.017342,7238352.9217,1765022399999
1765022400000,0.017322,0.018,0.016394,0.017633,2827392.7093,1765036799999
1765036800000,0.017626,0.018195,0.01678,0.017693,2739309.4339,1765051199999
1765051200000,0.017725,0.017999,0.016721,0.017036,2668101.0557,1765065599999
1765065600000,0.01698,0.01698,0.015518,0.015899,2244764.2264,1765079999999
1765080000000,0.015517,0.015901,0.0153,0.015821,1638139.2893,1765094399999
1765094400000,0.01576,0.015961,0.015502,0.015517,2055168.6407,1765108799999
1765108800000,0.015658,0.016291,0.01528,0.015639,4929956.6793,1765123199999
1765123200000,0.015716,0.01597,0.015162,0.015688,2231595.4428,1765137599999
1765137600000,0.015653,0.015715,0.014584,0.014956,1435247.1702,1765151999999
1765152000000,0.01485,0.016274,0.014814,0.015411,1163197.8839,1765166399999
1765166400000,0.015385,0.01573,0.015258,0.015478,1660345.6181,1765180799999
1765180800000,0.015467,0.015569,0.015139,0.0152,1452003.0991,1765195199999
1765195200000,0.015228,0.015384,0.014607,0.01495,2262005.2338,1765209599999
1765209600000,0.014863,0.01513,0.013755,0.013794,3284179.4964,1765223999999
1765224000000,0.013839,0.014483,0.013706,0.014206,5296131.8478,1765238399999
1765238400000,0.014183,0.014371,0.013961,0.014204,480642.76,1765252799999
1765252800000,0.014152,0.014184,0.013577,0.013641,2449940.3266,1765267199999
1765267200000,0.013619,0.014461,0.013455,0.014249,4729188.1668,1765281599999
1765281600000,0.014217,0.014334,0.013724,0.014218,2391133.7405,1765295999999
1765296000000,0.014371,0.017609,0.014284,0.016982,2.68664869174E7,1765310399999
1765310400000,0.016963,0.017645,0.015001,0.015223,1.72972648309E7,1765324799999
1765324800000,0.015123,0.015645,0.01474,0.01542,2509910.8154,1765339199999
1765339200000,0.015371,0.015476,0.014411,0.014618,4813671.3251,1765353599999
1765353600000,0.014561,0.014573,0.013959,0.014077,4496615.9241,1765367999999
1765368000000,0.014101,0.016999,0.013778,0.01672,1.23508258778E7,1765382399999
1765382400000,0.016673,0.01675,0.01432,0.014837,2.03965989143E7,1765396799999
1765396800000,0.014901,0.015204,0.014665,0.014712,4194382.529,1765411199999
1765411200000,0.014638,0.014775,0.01393,0.013999,781454.0712,1765425599999
1765425600000,0.014088,0.014241,0.013878,0.014175,942770.0621,1765439999999
1765440000000,0.014152,0.014625,0.013715,0.014431,3523033.2397,1765454399999
1765454400000,0.014412,0.014908,0.014074,0.01437,4327624.3979,1765468799999
1765468800000,0.01436,0.01436,0.013827,0.013972,1852694.107,1765483199999
1765483200000,0.013877,0.014065,0.013698,0.013892,1398525.1206,1765497599999
1765497600000,0.014066,0.014152,0.01387,0.013904,464057.0593,1765511999999
1765512000000,0.013818,0.014056,0.013818,0.013946,800583.0555,1765526399999
1765526400000,0.013943,0.013989,0.013533,0.013533,1840661.3164,1765540799999
1765540800000,0.013443,0.01379,0.013117,0.013146,2322239.7274,1765555199999
1765555200000,0.013159,0.013272,0.012831,0.012915,2940476.0449,1765569599999
1765569600000,0.012896,0.013531,0.012501,0.013348,3355696.9335,1765583999999
1765584000000,0.013392,0.013416,0.013154,0.013154,164940.3096,1765598399999
1765598400000,0.013211,0.013717,0.013202,0.013541,403140.7156,1765612799999
1765612800000,0.0135,0.014074,0.0135,0.013868,1902116.7664,1765627199999
1765627200000,0.013879,0.013879,0.013543,0.013543,1070821.1826,1765641599999
1765641600000,0.013584,0.013673,0.013389,0.013618,1645418.1087,1765655999999
1765656000000,0.013662,0.013665,0.013221,0.013279,385302.098,1765670399999
1765670400000,0.013203,0.013642,0.013203,0.013642,331892.3467,1765684799999
1765684800000,0.01363,0.013707,0.01347,0.013619,1120037.2259,1765699199999
1765699200000,0.013669,0.013987,0.013398,0.01349,757430.6914,1765713599999
1765713600000,0.01347,0.013505,0.012915,0.013067,394097.4266,1765727999999
1765728000000,0.013123,0.013347,0.013107,0.013183,533962.0138,1765742399999
1765742400000,0.013202,0.013437,0.013202,0.01342,667249.1643,1765756799999
1765756800000,0.013455,0.013717,0.013237,0.013237,887405.3698,1765771199999
1765771200000,0.013305,0.013347,0.013243,0.013292,104518.7896,1765785599999
1765785600000,0.013242,0.013341,0.013098,0.013159,487382.6742,1765799999999
1765800000000,0.013104,0.013111,0.012191,0.012316,1515853.1756,1765814399999
1765814400000,0.012325,0.012667,0.011838,0.012169,6189888.5047,1765828799999
1765828800000,0.012288,0.012562,0.012117,0.012412,3963382.973,1765843199999
1765843200000,0.012389,0.012452,0.011687,0.011755,2080063.0845,1765857599999
1765857600000,0.011742,0.011849,0.011413,0.011413,2264890.9431,1765871999999
1765872000000,0.011468,0.011537,0.010961,0.011004,2312048.7876,1765886399999
1765886400000,0.011003,0.011271,0.010683,0.010983,6615940.8407,1765900799999
1765900800000,0.011029,0.011192,0.010684,0.010904,5120004.5508,1765915199999
1765915200000,0.010936,0.011049,0.010705,0.010977,1926173.7834,1765929599999
1765929600000,0.010928,0.011014,0.010485,0.010656,1980596.9831,1765943999999
1765944000000,0.010634,0.010713,0.010392,0.010485,1693242.9821,1765958399999
1765958400000,0.01043,0.010466,0.010113,0.010273,2088199.1083,1765972799999
1765972800000,0.010282,0.01175,0.010151,0.011188,9826565.0454,1765987199999
1765987200000,0.011149,0.011149,0.010208,0.010392,5696644.3751,1766001599999
1766001600000,0.010381,0.0106,0.01032,0.010496,1603632.781,1766015999999
1766016000000,0.010489,0.011155,0.010489,0.01073,2274973.2337,1766030399999
1766030400000,0.010719,0.010809,0.010278,0.010795,898063.2472,1766044799999
1766044800000,0.010832,0.011455,0.010611,0.011079,5535704.2214,1766059199999
1766059200000,0.011108,0.011366,0.010808,0.011123,9669752.7199,1766073599999
1766073600000,0.011124,0.011124,0.010369,0.010644,7270946.1686,1766087999999
1766088000000,0.010651,0.011216,0.010572,0.011125,4082568.1074,1766102399999
1766102400000,0.011145,0.011315,0.010814,0.011209,1449583.8023,1766116799999
1766116800000,0.01121,0.012128,0.01121,0.01151,6011590.2822,1766131199999
1766131200000,0.011522,0.012045,0.011369,0.011516,5623423.7943,1766145599999
1766145600000,0.011477,0.011593,0.010822,0.010874,2762864.5347,1766159999999
1766160000000,0.010941,0.011571,0.010824,0.011485,2627956.8518,1766174399999
1766174400000,0.01143,0.01152,0.01115,0.011335,2265195.4254,1766188799999
1766188800000,0.01135,0.01135,0.010934,0.010934,575956.7595,1766203199999
1766203200000,0.010936,0.010946,0.010587,0.010713,832692.175,1766217599999
1766217600000,0.010726,0.010998,0.010666,0.010857,1846469.1443,1766231999999
1766232000000,0.010847,0.010965,0.010749,0.010813,1104552.4615,1766246399999
1766246400000,0.010843,0.010995,0.010752,0.01096,625686.1532,1766260799999
1766260800000,0.01089,0.011,0.010752,0.010754,1185306.0604,1766275199999
1766275200000,0.010724,0.010729,0.010303,0.010508,812379.8964,1766289599999
1766289600000,0.010507,0.011401,0.010507,0.010833,2144842.8699,1766303999999
1766304000000,0.010964,0.011118,0.01074,0.01074,790152.6738,1766318399999
1766318400000,0.010764,0.010808,0.010267,0.010343,975979.6078,1766332799999
1766332800000,0.010371,0.01103,0.010371,0.010748,6393821.2402,1766347199999
1766347200000,0.010821,0.010977,0.0105,0.010721,1292608.0989,1766361599999
1766361600000,0.010906,0.011034,0.010684,0.010693,328580.4386,1766375999999
1766376000000,0.010635,0.01078,0.010508,0.010674,1826561.758,1766390399999
1766390400000,0.010727,0.010764,0.010412,0.010563,1164659.411,1766404799999
1766404800000,0.010631,0.0107,0.01031,0.010479,1201192.3688,1766419199999
1766419200000,0.010455,0.01064,0.010109,0.010158,1344260.683,1766433599999
1766433600000,0.010171,0.010442,0.010124,0.010382,3995786.5393,1766447999999
1766448000000,0.010399,0.010433,0.010164,0.010274,421768.2964,1766462399999
1766462400000,0.010222,0.010222,0.009792,0.009954,1621160.2309,1766476799999
1766476800000,0.009964,0.010014,0.009849,0.009951,2097879.7753,1766491199999
1766491200000,0.009907,0.0101,0.009787,0.009965,3094160.6828,1766505599999
1766505600000,0.010045,0.010045,0.009587,0.009884,1437472.4991,1766519999999
1766520000000,0.0099,0.0099,0.009737,0.009737,1226175.0036,1766534399999
1766534400000,0.009747,0.009973,0.009494,0.009577,820038.3142,1766548799999
1766548800000,0.00957,0.009649,0.009273,0.009577,2206003.8207,1766563199999
1766563200000,0.009568,0.009617,0.009261,0.009371,1330703.1952,1766577599999
1766577600000,0.00936,0.0097,0.00936,0.009668,643323.185,1766591999999
1766592000000,0.009732,0.009802,0.009553,0.009697,2760167.6891,1766606399999
1766606400000,0.009794,0.01005,0.009755,0.009951,1480958.9349,1766620799999
1766620800000,0.009993,0.010326,0.009854,0.00993,1058728.3564,1766635199999
1766635200000,0.009915,0.010194,0.009876,0.009943,1370302.7792,1766649599999
1766649600000,0.010016,0.010074,0.009644,0.009847,4507462.1379,1766663999999
1766664000000,0.009851,0.010045,0.009769,0.009893,1733684.5321,1766678399999
1766678400000,0.009894,0.01012,0.009836,0.009929,3539461.1231,1766692799999
1766692800000,0.009955,0.010203,0.009652,0.009701,2108935.9758,1766707199999
1766707200000,0.009703,0.01,0.009605,0.009811,2117875.1306,1766721599999
1766721600000,0.009722,0.009874,0.009648,0.009725,1376725.6784,1766735999999
1766736000000,0.009716,0.009932,0.009645,0.009811,1775901.6347,1766750399999
1766750400000,0.009835,0.009967,0.00957,0.009773,2157402.7906,1766764799999
1766764800000,0.009772,0.01025,0.009727,0.009794,1559491.8629,1766779199999
1766779200000,0.009795,0.009839,0.009648,0.009788,1136725.9921,1766793599999
1766793600000,0.009806,0.009806,0.009628,0.009709,973963.0989,1766807999999
1766808000000,0.009722,0.009791,0.009652,0.009766,1019677.3807,1766822399999
1766822400000,0.009775,0.010193,0.009745,0.00993,5256456.6543,1766836799999
1766836800000,0.009971,0.010185,0.00984,0.010145,769585.7885,1766851199999
1766851200000,0.010133,0.01025,0.00995,0.009978,1921562.4325,1766865599999
1766865600000,0.009982,0.010055,0.00986,0.009965,1374545.9891,1766879999999
1766880000000,0.00999,0.01016,0.009938,0.009968,903678.0489,1766894399999
1766894400000,0.009945,0.01025,0.009945,0.010193,814682.645,1766908799999
1766908800000,0.010171,0.012085,0.010149,0.010549,2.94502211831E7,1766923199999
1766923200000,0.010557,0.010557,0.010207,0.010418,5448428.5875,1766937599999
1766937600000,0.010387,0.010398,0.009958,0.010001,3784591.3391,1766951999999
1766952000000,0.009999,0.010001,0.009723,0.009803,2506343.5528,1766966399999
1766966400000,0.009759,0.009926,0.009757,0.009899,730109.1225,1766980799999
1766980800000,0.009879,0.010002,0.009751,0.009818,1894951.6331,1766995199999
1766995200000,0.009773,0.009808,0.009626,0.009736,2984114.7426,1767009599999
1767009600000,0.009711,0.009771,0.009462,0.009609,4374602.1968,1767023999999
1767024000000,0.00969,0.009763,0.009596,0.009699,1962162.441,1767038399999
1767038400000,0.009687,0.009742,0.009607,0.009633,1317009.1396,1767052799999
1767052800000,0.009628,0.00967,0.009495,0.009612,873137.6956,1767067199999
1767067200000,0.009657,0.009847,0.0095,0.009768,2891001.7698,1767081599999
1767081600000,0.009826,0.010011,0.009668,0.009745,3211944.3356,1767095999999
1767096000000,0.009746,0.009867,0.009689,0.009801,1121229.718,1767110399999
1767110400000,0.009795,0.009899,0.009733,0.009736,1018990.0105,1767124799999
1767124800000,0.009763,0.009767,0.009636,0.009637,300650.2594,1767139199999
1767139200000,0.009619,0.009787,0.009558,0.009645,593139.3831,1767153599999
1767153600000,0.00965,0.009756,0.00963,0.009683,1104924.019,1767167999999
1767168000000,0.009674,0.00972,0.00946,0.009668,2271579.5025,1767182399999
1767182400000,0.009666,0.00977,0.00945,0.009508,1011449.4571,1767196799999
1767196800000,0.009548,0.009562,0.009123,0.009405,1932086.6715,1767211199999
1767211200000,0.009339,0.009339,0.009154,0.009154,677647.5263,1767225599999
1767225600000,0.009146,0.009183,0.008992,0.009007,945382.7772,1767239999999
1767240000000,0.008985,0.009297,0.008951,0.009229,2659008.0934,1767254399999
1767254400000,0.009211,0.009601,0.009199,0.009454,2695520.913,1767268799999
1767268800000,0.009449,0.009544,0.009339,0.009498,604890.7932,1767283199999
1767283200000,0.00953,0.009805,0.009479,0.009653,617965.7248,1767297599999
1767297600000,0.009622,0.009709,0.009622,0.009709,615165.1253,1767311999999
1767312000000,0.00968,0.009906,0.009656,0.009865,843864.3671,1767326399999
1767326400000,0.009899,0.009977,0.009662,0.009767,1101964.5609,1767340799999
1767340800000,0.009733,0.009771,0.009649,0.009692,1379328.54,1767355199999
1767355200000,0.009682,0.009767,0.009636,0.009734,3303629.2418,1767369599999
1767369600000,0.009745,0.010056,0.0097,0.009962,3246822.9791,1767383999999
1767384000000,0.010021,0.011185,0.010021,0.01048,1.48011616507E7,1767398399999
1767398400000,0.01056,0.01056,0.010165,0.010403,1.19699147724E7,1767412799999
1767412800000,0.010426,0.010461,0.009923,0.009983,1785576.9327,1767427199999
1767427200000,0.010022,0.010309,0.009973,0.010155,2573184.1261,1767441599999
1767441600000,0.010167,0.010431,0.010167,0.010323,1718652.5269,1767455999999
1767456000000,0.010365,0.010955,0.010365,0.010928,4153926.4353,1767470399999
1767470400000,0.010942,0.011161,0.010572,0.010614,7225576.6312,1767484799999
1767484800000,0.01061,0.010668,0.01009,0.010271,1547786.8454,1767499199999
1767499200000,0.010243,0.010249,0.009937,0.010048,1466976.7731,1767513599999
1767513600000,0.010043,0.010166,0.00985,0.010103,4116353.5058,1767527999999
1767528000000,0.010149,0.010398,0.010068,0.010321,1597601.4289,1767542399999
1767542400000,0.010358,0.010455,0.0101,0.010214,2489100.8488,1767556799999
1767556800000,0.010184,0.010646,0.010117,0.010176,3099852.8089,1767571199999
1767571200000,0.010198,0.010392,0.010074,0.010174,1479875.7081,1767585599999
1767585600000,0.010216,0.010216,0.009971,0.010098,563164.6187,1767599999999
1767600000000,0.010085,0.010406,0.010026,0.010341,1532962.6267,1767614399999
1767614400000,0.0103,0.010681,0.010169,0.010561,6820586.8281,1767628799999
1767628800000,0.010578,0.011073,0.010559,0.010589,4576719.1523,1767643199999
1767643200000,0.0106,0.010655,0.010374,0.010474,2648337.6057,1767657599999
1767657600000,0.010464,0.010464,0.01014,0.010307,1354389.9878,1767671999999
1767672000000,0.010307,0.010456,0.010247,0.010286,2234644.9596,1767686399999
1767686400000,0.010282,0.010354,0.01015,0.010306,868106.442,1767700799999
1767700800000,0.010309,0.010447,0.010179,0.01021,2704635.5143,1767715199999
1767715200000,0.010211,0.010217,0.009865,0.010066,2301001.2372,1767729599999
1767729600000,0.010047,0.010373,0.010047,0.010337,6063931.1376,1767743999999
1767744000000,0.010338,0.010338,0.010092,0.010104,143008.3715,1767758399999
1767758400000,0.010109,0.010153,0.010019,0.010153,77850.7663,1767772799999
1767772800000,0.010154,0.010165,0.009944,0.010028,478413.497,1767787199999
1767787200000,0.010032,0.010032,0.009723,0.009743,518404.5803,1767801599999
1767801600000,0.009731,0.009777,0.0095,0.009558,8079125.2265,1767815999999
1767816000000,0.009538,0.009622,0.00948,0.009534,1258350.1636,1767830399999
1767830400000,0.009619,0.009765,0.00948,0.009564,909216.6869,1767844799999
1767844800000,0.009559,0.009685,0.009421,0.009592,910914.7658,1767859199999
1767859200000,0.009619,0.009619,0.009373,0.00951,829594.1553,1767873599999
1767873600000,0.009508,0.009718,0.009431,0.009716,554963.1126,1767887999999
1767888000000,0.009723,0.009872,0.009634,0.009865,1276269.3883,1767902399999
1767902400000,0.009789,0.009999,0.009693,0.009872,1155243.2083,1767916799999
1767916800000,0.009902,0.009905,0.009778,0.0099,58618.4242,1767931199999
1767931200000,0.009895,0.009954,0.009762,0.009919,1662757.7401,1767945599999
1767945600000,0.009903,0.01014,0.009722,0.009831,3089768.0135,1767959999999
1767960000000,0.009901,0.009998,0.009808,0.009915,781637.6029,1767974399999
1767974400000,0.009982,0.00999,0.009654,0.009716,586392.0072,1767988799999
1767988800000,0.0098,0.00994,0.009786,0.009906,1822077.219,1768003199999
1768003200000,0.009871,0.009871,0.009684,0.009715,190906.1259,1768017599999
1768017600000,0.009644,0.009662,0.009525,0.009626,144868.8652,1768031999999
1768032000000,0.009617,0.009705,0.009587,0.009705,440144.1017,1768046399999
1768046400000,0.009818,0.009822,0.0097,0.00978,211483.8995,1768060799999
1768060800000,0.009792,0.009825,0.009692,0.009748,204472.7627,1768075199999
1768075200000,0.009748,0.009749,0.009628,0.00966,192108.1216,1768089599999
1768089600000,0.009759,0.009842,0.009742,0.009766,59006.703,1768103999999
1768104000000,0.009696,0.009718,0.009602,0.00969,439235.6101,1768118399999
1768118400000,0.009664,0.009674,0.009579,0.009662,107577.4705,1768132799999
1768132800000,0.009666,0.00995,0.009552,0.009675,1353023.6323,1768147199999
1768147200000,0.009692,0.009744,0.009643,0.009649,399438.5248,1768161599999
1768161600000,0.009629,0.009629,0.00939,0.009526,1197217.7956,1768175999999
1768176000000,0.009519,0.009697,0.009359,0.009646,576381.1198,1768190399999
1768190400000,0.009696,0.009696,0.00944,0.009485,854341.3114,1768204799999
1768204800000,0.009381,0.009385,0.009246,0.009247,1655155.3118,1768219199999
1768219200000,0.009329,0.00935,0.009147,0.009299,523671.1749,1768233599999
1768233600000,0.009364,0.009476,0.009255,0.009476,403024.6369,1768247999999
1768248000000,0.009427,0.009427,0.00925,0.00928,64110.8059,1768262399999
1768262400000,0.009312,0.00942,0.00924,0.009274,869033.0093,1768276799999
1768276800000,0.009273,0.00945,0.00922,0.00934,735957.8642,1768291199999
1768291200000,0.009404,0.00948,0.009311,0.00948,1506401.7545,1768305599999
1768305600000,0.009425,0.009789,0.009348,0.009513,3481933.621,1768319999999
1768320000000,0.009566,0.009645,0.009492,0.00962,232078.5615,1768334399999
1768334400000,0.009634,0.009973,0.009539,0.009878,425618.6485,1768348799999
1768348800000,0.009911,0.009941,0.009729,0.009787,13532.2456,1768363199999
1768363200000,0.00977,0.009803,0.009724,0.009798,8348.5786,1768377599999
1768377600000,0.009772,0.00986,0.009708,0.009752,186954.0349,1768391999999
1768392000000,0.009796,0.0099,0.009662,0.00975,339856.8184,1768406399999
1768406400000,0.009839,0.00984,0.009489,0.009542,2617507.0662,1768420799999
1768420800000,0.00963,0.009651,0.009468,0.009503,599337.6255,1768435199999
1768435200000,0.009502,0.00956,0.009334,0.009334,387576.5329,1768449599999
1768449600000,0.009363,0.009456,0.009303,0.009417,521607.7143,1768463999999
1768464000000,0.009398,0.009483,0.009346,0.009419,316740.944,1768478399999
1768478400000,0.00942,0.009446,0.00915,0.00915,584557.4668,1768492799999
1768492800000,0.009247,0.009284,0.009004,0.009038,1666478.6937,1768507199999
1768507200000,0.009034,0.009039,0.008865,0.009024,1435671.2039,1768521599999
1768521600000,0.008958,0.009083,0.008958,0.009083,60395.7624,1768535999999
1768536000000,0.009044,0.009095,0.008946,0.009043,1035831.0183,1768550399999
1768550400000,0.009041,0.009134,0.008993,0.009096,984887.9076,1768564799999
1768564800000,0.009056,0.009056,0.008875,0.008996,1006395.3954,1768579199999
1768579200000,0.008974,0.009118,0.008908,0.009078,1178775.7345,1768593599999
1768593600000,0.00917,0.009258,0.009108,0.009258,376891.0822,1768607999999
1768608000000,0.009207,0.009216,0.009104,0.009145,173113.1768,1768622399999
1768622400000,0.009188,0.009239,0.009111,0.009194,174659.2751,1768636799999
1768636800000,0.009198,0.009279,0.009104,0.009161,1895142.1147,1768651199999
1768651200000,0.009196,0.00924,0.009179,0.00924,746924.8318,1768665599999
1768665600000,0.009237,0.009521,0.009229,0.00942,803192.5827,1768679999999
1768680000000,0.009498,0.009592,0.009345,0.009507,1159150.9182,1768694399999
1768694400000,0.009574,0.009912,0.00952,0.00952,902487.9143,1768708799999
1768708800000,0.009467,0.009467,0.00926,0.009364,443247.5393,1768723199999
1768723200000,0.009402,0.009435,0.009236,0.009377,566284.4953,1768737599999
1768737600000,0.009329,0.00939,0.009248,0.009267,141763.3547,1768751999999
1768752000000,0.009362,0.009446,0.009255,0.009349,518409.7371,1768766399999
1768766400000,0.009312,0.009397,0.008915,0.008934,838560.3125,1768780799999
1768780800000,0.008924,0.008924,0.008,0.008462,2939740.8095,1768795199999
1768795200000,0.00844,0.00844,0.008156,0.008212,1756758.1534,1768809599999
1768809600000,0.008208,0.008236,0.008087,0.008123,2956976.9536,1768823999999
1768824000000,0.008105,0.008266,0.008055,0.008245,1922060.2773,1768838399999
1768838400000,0.008285,0.008474,0.008284,0.008399,789280.852,1768852799999
1768852800000,0.008376,0.00851,0.008264,0.008291,2241631.9014,1768867199999
1768867200000,0.008298,0.008298,0.008111,0.008143,446747.8002,1768881599999
1768881600000,0.008154,0.00816,0.007926,0.008028,1340974.9124,1768895999999
1768896000000,0.007999,0.008042,0.007793,0.007809,868736.0004,1768910399999
1768910400000,0.007796,0.007841,0.007637,0.007769,2221238.9108,1768924799999
1768924800000,0.00777,0.00777,0.007411,0.00743,524118.1381,1768939199999
1768939200000,0.007428,0.007506,0.007194,0.007209,1559603.89,1768953599999
1768953600000,0.007214,0.007577,0.007192,0.00752,905143.6136,1768967999999
1768968000000,0.007544,0.007661,0.007483,0.007483,550245.2571,1768982399999
1768982400000,0.007514,0.007531,0.007415,0.007436,908505.0144,1768996799999
1768996800000,0.007502,0.008051,0.007457,0.007733,2089880.3419,1769011199999
1769011200000,0.007703,0.007704,0.007332,0.007646,1670104.3679,1769025599999
1769025600000,0.007662,0.007706,0.007562,0.007577,496436.017,1769039999999
1769040000000,0.007652,0.00769,0.007635,0.007651,49744.4614,1769054399999
1769054400000,0.007635,0.007939,0.007553,0.007574,1980896.3004,1769068799999
1769068800000,0.007564,0.007617,0.007347,0.007354,1626411.7294,1769083199999
1769083200000,0.007388,0.007435,0.007107,0.007178,2486846.3707,1769097599999
1769097600000,0.007203,0.007291,0.00715,0.007193,1249824.6182,1769111999999
1769112000000,0.007138,0.007138,0.006842,0.006896,373674.9036,1769126399999
1769126400000,0.006912,0.007477,0.006912,0.007476,1231427.8125,1769140799999
1769140800000,0.00757,0.007703,0.00757,0.007576,105194.8862,1769155199999
1769155200000,0.007625,0.007727,0.007555,0.007675,1951477.3939,1769169599999
1769169600000,0.007646,0.008273,0.007598,0.007669,7095004.0293,1769183999999
1769184000000,0.007882,0.008035,0.007452,0.007502,3973607.4755,1769198399999
1769198400000,0.007543,0.007693,0.007527,0.007679,2307998.5702,1769212799999
1769212800000,0.007759,0.008262,0.007704,0.008025,6099507.6297,1769227199999
1769227200000,0.007829,0.007829,0.007696,0.007702,278297.5236,1769241599999
1769241600000,0.007738,0.007738,0.007624,0.007675,561566.7136,1769255999999
1769256000000,0.007652,0.007695,0.007608,0.007637,33147.7494,1769270399999
1769270400000,0.007597,0.007648,0.007574,0.007644,30230.1429,1769284799999
1769284800000,0.007652,0.007653,0.007531,0.007536,434499.8813,1769299199999
1769299200000,0.007559,0.00757,0.007412,0.007412,245613.3276,1769313599999
1769313600000,0.007471,0.007693,0.007419,0.007526,79770.6642,1769327999999
1769328000000,0.007574,0.007714,0.007519,0.00761,556877.8447,1769342399999
1769342400000,0.007616,0.007701,0.007521,0.007701,120749.2158,1769356799999
1769356800000,0.007823,0.00918,0.007764,0.008724,5.235525031650001E7,1769371199999
1769371200000,0.008643,0.0095,0.008249,0.008257,4.055199000219999E7,1769385599999
1769385600000,0.008292,0.009242,0.008214,0.008367,8781154.9276,1769399999999
1769400000000,0.008415,0.009118,0.00837,0.008465,1.0432265267E7,1769414399999
1769414400000,0.008461,0.010114,0.008301,0.009774,1.94964577223E7,1769428799999
1769428800000,0.009784,0.009834,0.008392,0.00852,2.91059334249E7,1769443199999
1769443200000,0.008541,0.008779,0.008438,0.008661,1.10307241954E7,1769457599999
1769457600000,0.008644,0.00904,0.008644,0.008783,5015017.421,1769471999999
1769472000000,0.00879,0.00879,0.008465,0.00861,6798926.2939,1769486399999
1769486400000,0.00854,0.008905,0.008297,0.00833,5439220.0465,1769500799999
1769500800000,0.008302,0.008475,0.008194,0.008449,2020629.893,1769515199999
1769515200000,0.008483,0.008483,0.007934,0.00794,1760818.8939,1769529599999
1769529600000,0.007977,0.008013,0.007798,0.007936,1228502.7843,1769543999999
1769544000000,0.007936,0.008005,0.007847,0.007961,729565.3761,1769558399999
1769558400000,0.007948,0.008107,0.007875,0.007928,1559713.9402,1769572799999
1769572800000,0.007901,0.007923,0.007796,0.007821,1722765.0842,1769587199999
1769587200000,0.007767,0.007822,0.007702,0.007767,1002449.1587,1769601599999
1769601600000,0.007803,0.008048,0.007776,0.007972,1396780.3016,1769615999999
1769616000000,0.007972,0.008044,0.007801,0.008027,550548.7246,1769630399999
1769630400000,0.008011,0.00815,0.007841,0.007898,1328318.7731,1769644799999
1769644800000,0.007828,0.007974,0.007771,0.007845,756033.272,1769659199999
1769659200000,0.007845,0.007901,0.007714,0.007842,359584.5397,1769673599999
1769673600000,0.00786,0.007926,0.007504,0.007519,2466022.7037,1769687999999
1769688000000,0.007524,0.007546,0.007255,0.007371,2116015.4963,1769702399999
1769702400000,0.007366,0.007823,0.007336,0.007637,5649504.3402,1769716799999
1769716800000,0.007631,0.007679,0.0076,0.007622,138024.1613,1769731199999
1769731200000,0.007598,0.007649,0.007254,0.007393,1628755.9154,1769745599999
1769745600000,0.007411,0.007446,0.007368,0.007425,573409.2541,1769759999999
1769760000000,0.007422,0.007422,0.007156,0.007375,2879398.6447,1769774399999
1769774400000,0.007374,0.007436,0.00727,0.007436,872243.9972,1769788799999
1769788800000,0.007435,0.00763,0.007387,0.00757,9218158.9526,1769803199999
1769803200000,0.007546,0.007646,0.007479,0.007505,682548.8434,1769817599999
1769817600000,0.007484,0.007484,0.007354,0.007371,358856.0199,1769831999999
1769832000000,0.007396,0.007432,0.007276,0.007276,914624.0372,1769846399999
1769846400000,0.007283,0.007461,0.007152,0.007399,1183445.0221,1769860799999
1769860800000,0.007366,0.007386,0.00702,0.007214,5848224.2796,1769875199999
1769875200000,0.007199,0.007199,0.006469,0.006852,1.46203059311E7,1769889599999
1769889600000,0.006874,0.007032,0.006817,0.007011,916466.4548,1769903999999
1769904000000,0.006978,0.007015,0.006907,0.006918,389475.9607,1769918399999
1769918400000,0.006955,0.006955,0.006768,0.006807,1128552.5104,1769932799999
1769932800000,0.006826,0.006862,0.006755,0.006765,2227699.0825,1769947199999
1769947200000,0.006759,0.006782,0.006516,0.006607,2431454.0682,1769961599999
1769961600000,0.006584,0.006646,0.006524,0.006529,1147634.8687,1769975999999
1769976000000,0.006524,0.006558,0.006289,0.006415,4185232.4084,1769990399999
1769990400000,0.006416,0.00647,0.006175,0.006338,4103613.4538,1770004799999
1770004800000,0.006332,0.006401,0.006183,0.006334,3316513.762,1770019199999
1770019200000,0.006352,0.006603,0.006352,0.006568,9854149.7528,1770033599999
1770033600000,0.006572,0.007285,0.006571,0.007234,1.14947328842E7,1770047999999
1770048000000,0.00722,0.007258,0.007055,0.00709,1671024.4236,1770062399999
1770062400000,0.007071,0.007097,0.006935,0.006967,1509632.3758,1770076799999
1770076800000,0.006923,0.006938,0.006785,0.006844,1771054.3076,1770091199999
1770091200000,0.00683,0.006931,0.006797,0.0069,2364887.762,1770105599999
1770105600000,0.006874,0.006874,0.006654,0.006688,3090091.923,1770119999999
1770120000000,0.006681,0.006686,0.006506,0.006567,3511774.6089,1770134399999
1770134400000,0.006565,0.006565,0.006245,0.006402,5769355.3458,1770148799999
1770148800000,0.006417,0.006693,0.006389,0.006418,1858900.13,1770163199999
1770163200000,0.006402,0.006456,0.006344,0.006386,1979282.0023,1770177599999
1770177600000,0.006396,0.006409,0.006316,0.006354,1147114.4111,1770191999999
1770192000000,0.006364,0.006364,0.006142,0.006212,1163316.0516,1770206399999
1770206400000,0.006182,0.006206,0.005933,0.005957,1910419.3465,1770220799999
1770220800000,0.005943,0.006145,0.00579,0.006136,1233761.3816,1770235199999
1770235200000,0.00613,0.006436,0.00613,0.00642,3023671.8512,1770249599999
1770249600000,0.006387,0.006429,0.006209,0.006234,4927065.0394,1770263999999
1770264000000,0.006242,0.006269,0.006106,0.006106,634081.9329,1770278399999
1770278400000,0.006137,0.006243,0.00611,0.006134,1940395.3623,1770292799999
1770292800000,0.006177,0.006382,0.005989,0.006126,7312836.9853,1770307199999
1770307200000,0.006101,0.006182,0.005856,0.005877,6428167.7222,1770321599999
1770321600000,0.005873,0.005873,0.005556,0.005563,9699568.0765,1770335999999
1770336000000,0.005561,0.005679,0.005375,0.005567,1.328550487110001E7,1770350399999
1770350400000,0.005614,0.006052,0.005566,0.005951,620064.4934,1770364799999
1770364800000,0.005967,0.006143,0.005885,0.006006,5920182.4346,1770379199999
1770379200000,0.006018,0.006018,0.005886,0.005951,4916822.4519,1770393599999
1770393600000,0.005955,0.005989,0.005762,0.005868,2261815.8389,1770407999999
1770408000000,0.005853,0.005903,0.005755,0.005845,1577532.2755,1770422399999
1770422400000,0.005858,0.005982,0.00582,0.005948,1099643.9719,1770436799999
1770436800000,0.005911,0.005911,0.005759,0.005812,1443706.6629,1770451199999
1770451200000,0.005792,0.006088,0.005683,0.005725,6523622.7727,1770465599999
1770465600000,0.005711,0.005831,0.005616,0.005648,729725.6958,1770479999999
1770480000000,0.005646,0.005683,0.0056,0.005624,273781.2458,1770494399999
1770494400000,0.005619,0.005668,0.005525,0.005603,1362560.1174,1770508799999
1770508800000,0.005611,0.00565,0.005515,0.005604,691560.2429,1770523199999
1770523200000,0.00557,0.005631,0.005517,0.005622,809144.4147,1770537599999
1770537600000,0.005646,0.005797,0.005537,0.005704,1.01628137428E7,1770551999999
1770552000000,0.005695,0.005782,0.005689,0.005778,621563.6548,1770566399999
1770566400000,0.005803,0.00584,0.005735,0.005782,456405.7425,1770580799999
1770580800000,0.005819,0.005855,0.005774,0.005841,644996.3776,1770595199999
1770595200000,0.00584,0.005911,0.005788,0.00585,1140427.5577,1770609599999
1770609600000,0.005874,0.006131,0.005874,0.005951,2712767.0465,1770623999999
1770624000000,0.005936,0.00596,0.005809,0.005815,1240740.5588,1770638399999
1770638400000,0.00579,0.005849,0.005679,0.005771,2338087.2326,1770652799999
1770652800000,0.005753,0.005831,0.005655,0.005815,1860275.9693,1770667199999
1770667200000,0.005831,0.005869,0.005752,0.005851,387455.6015,1770681599999
1770681600000,0.005815,0.005882,0.005752,0.005754,1425656.7316,1770695999999
1770696000000,0.005755,0.005763,0.005668,0.0057,179167.5098,1770710399999
1770710400000,0.005655,0.005711,0.005617,0.005627,478639.0452,1770724799999
1770724800000,0.005625,0.00578,0.005612,0.005742,1641913.1213,1770739199999
1770739200000,0.005734,0.005887,0.005716,0.005873,423805.8029,1770753599999
1770753600000,0.005889,0.006456,0.005888,0.006139,1.52378747764E7,1770767999999
1770768000000,0.00616,0.006222,0.006039,0.006039,2572677.7733,1770782399999
1770782400000,0.006061,0.006067,0.00576,0.005768,6055424.5698,1770796799999
1770796800000,0.005771,0.00601,0.005706,0.005971,5718264.7575,1770811199999
1770811200000,0.005967,0.006015,0.0058,0.005943,5018287.9816,1770825599999
1770825600000,0.005956,0.006013,0.005897,0.005919,1793074.1396,1770839999999
1770840000000,0.005912,0.005975,0.005872,0.00592,702677.4773,1770854399999
1770854400000,0.005915,0.005999,0.005867,0.005981,486612.6043,1770868799999
1770868800000,0.005967,0.006144,0.005939,0.006122,637246.6422,1770883199999
1770883200000,0.006097,0.006269,0.006088,0.00612,408774.6816,1770897599999
1770897600000,0.00608,0.00609,0.005904,0.00594,2034685.1879,1770911999999
1770912000000,0.005922,0.005922,0.00563,0.005725,2414244.0356,1770926399999
1770926400000,0.0057,0.00575,0.005558,0.005717,2872341.4219,1770940799999
1770940800000,0.005747,0.0058,0.005676,0.005777,2478957.9338,1770955199999
1770955200000,0.005765,0.005765,0.005648,0.005694,963840.2661,1770969599999
1770969600000,0.005705,0.005764,0.005697,0.005762,1622805.2846,1770983999999
1770984000000,0.005756,0.005892,0.005752,0.005848,3257934.3081,1770998399999
1770998400000,0.005847,0.00587,0.005819,0.005851,1249711.5077,1771012799999
1771012800000,0.005835,0.005866,0.005743,0.005743,1476914.2839,1771027199999
1771027200000,0.005716,0.005761,0.005635,0.005686,1368824.183,1771041599999
1771041600000,0.005658,0.00568,0.005565,0.005597,589892.084,1771055999999
1771056000000,0.005608,0.005697,0.0056,0.005697,1323409.5377,1771070399999
1771070400000,0.005663,0.00574,0.005612,0.005727,642783.2182,1771084799999
1771084800000,0.005719,0.005737,0.005685,0.005727,1714648.471,1771099199999
1771099200000,0.005732,0.005771,0.005673,0.00569,1737658.1195,1771113599999
1771113600000,0.005679,0.005694,0.005555,0.005575,1812683.1516,1771127999999
1771128000000,0.005594,0.0056,0.005528,0.005589,3350291.9322,1771142399999
1771142400000,0.005571,0.005597,0.005466,0.005497,5026670.3075,1771156799999
1771156800000,0.005497,0.005511,0.005348,0.005405,5030315.3581,1771171199999
1771171200000,0.005397,0.005447,0.005346,0.005376,1395403.0736,1771185599999
1771185600000,0.00535,0.005424,0.005302,0.005422,1545812.7131,1771199999999
1771200000000,0.005426,0.005456,0.005393,0.005439,483293.7219,1771214399999
1771214400000,0.005461,0.005475,0.005422,0.005438,213185.4449,1771228799999
1771228800000,0.005443,0.005466,0.00542,0.005466,1310323.519,1771243199999
1771243200000,0.005462,0.00554,0.005362,0.005382,1781691.4957,1771257599999
1771257600000,0.005392,0.005392,0.005325,0.005339,568693.4602,1771271999999
1771272000000,0.005366,0.005396,0.005342,0.00539,306517.5715,1771286399999
1771286400000,0.005395,0.005395,0.005351,0.005351,39745.4369,1771300799999
1771300800000,0.005349,0.005378,0.005314,0.00534,322936.2767,1771315199999
1771315200000,0.00535,0.005378,0.005197,0.005228,2075518.9461,1771329599999
1771329600000,0.005219,0.005278,0.005164,0.005262,2454442.4695,1771343999999
1771344000000,0.005266,0.005339,0.005205,0.005313,2106699.9378,1771358399999
1771358400000,0.005301,0.005319,0.00525,0.005302,1037243.7927,1771372799999
1771372800000,0.005316,0.005662,0.005312,0.00548,4738458.6908,1771387199999
1771387200000,0.005479,0.005587,0.005402,0.005544,1987193.4892,1771401599999
1771401600000,0.005544,0.005582,0.005379,0.005454,3121856.7458,1771415999999
1771416000000,0.005447,0.005522,0.005374,0.00547,1871302.6833,1771430399999
1771430400000,0.005488,0.005859,0.005457,0.005553,2.36118458893E7,1771444799999
1771444800000,0.005551,0.0056,0.005451,0.005455,1364110.5858,1771459199999
1771459200000,0.005467,0.005477,0.005323,0.005339,4536047.8615,1771473599999
1771473600000,0.00536,0.005376,0.005279,0.005288,991346.2305,1771487999999
1771488000000,0.005282,0.005289,0.005201,0.005212,1326191.9503,1771502399999
1771502400000,0.005214,0.005214,0.0046083,0.004718,2.257346301999999E7,1771516799999
1771516800000,0.0047171,0.004793,0.004645,0.004724,6959295.2834,1771531199999
1771531200000,0.004729,0.004729,0.004623,0.0046367,4782315.3135,1771545599999
1771545600000,0.004657,0.004657,0.0044658,0.004512,3863680.7997,1771559999999
1771560000000,0.004496,0.004686,0.004472,0.004614,5688517.428,1771574399999
1771574400000,0.004618,0.0046999,0.004515,0.004515,6066583.834,1771588799999
1771588800000,0.00452,0.004553,0.004448,0.004509,5071833.8203,1771603199999
1771603200000,0.004528,0.004643,0.004513,0.004612,1696812.8011,1771617599999
1771617600000,0.004633,0.0046359,0.00454,0.004552,1915878.4694,1771631999999
1771632000000,0.00455,0.004581,0.004548,0.004563,36372.5469,1771646399999
1771646400000,0.004536,0.004544,0.004536,0.004544,101550.8307,1771660799999
1771660800000,0.004595,0.0046669,0.004574,0.004574,1590695.1695,1771675199999
1771675200000,0.00457,0.004589,0.00455,0.004553,83482.2418,1771689599999
1771689600000,0.004555,0.004555,0.004492,0.004509,1339531.7467,1771703999999
1771704000000,0.004509,0.0045399,0.004501,0.004522,393849.5834,1771718399999
1771718400000,0.004496,0.004504,0.004356,0.004356,2583255.3959,1771732799999
1771732800000,0.004329,0.004415,0.004329,0.004397,379494.8578,1771747199999
1771747200000,0.004398,0.004403,0.004331,0.004381,876680.5065,1771761599999
1771761600000,0.004356,0.004402,0.004356,0.0043716,2957328.2541,1771775999999
1771776000000,0.0043704,0.004545,0.0043649,0.0044939,4620953.7039,1771790399999
1771790400000,0.004499,0.00508,0.004499,0.0048835,2.43468481534E7,1771804799999
1771804800000,0.004906,0.0049085,0.0044812,0.00455,1.53083424227E7,1771819199999
1771819200000,0.004547,0.004553,0.0044445,0.00454,1601958.9099,1771833599999
1771833600000,0.0045512,0.004729,0.0044973,0.0046549,6894513.6856,1771847999999
1771848000000,0.004692,0.0047117,0.004433,0.004441,5229752.6164,1771862399999
1771862400000,0.004427,0.0045468,0.004394,0.004494,4023332.2306,1771876799999
1771876800000,0.0044773,0.004647,0.0044709,0.00463,2043627.6559,1771891199999
1771891200000,0.0046371,0.004773,0.0045936,0.0046085,4333414.5213,1771905599999
1771905600000,0.0046171,0.004663,0.0044449,0.00446,1903736.0566,1771919999999
1771920000000,0.0044462,0.0046991,0.0044418,0.0046743,7132431.9279,1771934399999
1771934400000,0.004681,0.0049523,0.004681,0.0048627,1.25952539196E7,1771948799999
1771948800000,0.0048533,0.0051039,0.0048533,0.0050543,2.60888886992E7,1771963199999
1771963200000,0.0050629,0.00514,0.0048745,0.004891,3758783.8589,1771977599999
1771977600000,0.0048939,0.0050175,0.0048939,0.0050175,1898297.0185,1771991999999
1771992000000,0.00503,0.005129,0.004964,0.00506,1898556.4995,1772006399999
1772006400000,0.005057,0.0062906,0.005057,0.005766,8.138219531120001E7,1772020799999
1772020800000,0.005781,0.005792,0.0052337,0.005277,2.06117336424E7,1772035199999
1772035200000,0.005284,0.0053813,0.0052276,0.0053143,5213356.3295,1772049599999
1772049600000,0.0053039,0.0053379,0.005051,0.0051001,3950811.3013,1772063999999
1772064000000,0.0051072,0.0051072,0.004947,0.004997,2701319.1885,1772078399999
1772078400000,0.004969,0.005172,0.004955,0.0051299,3140258.475,1772092799999
1772092800000,0.005149,0.0051738,0.004918,0.004935,1525864.1659,1772107199999
1772107200000,0.0049275,0.0056315,0.0048371,0.005592,1.02138330512E7,1772121599999
1772121600000,0.005594,0.0056891,0.005007,0.005055,3060582.2903,1772135999999
1772136000000,0.005056,0.005073,0.004937,0.004951,1724905.4552,1772150399999
1772150400000,0.004944,0.004944,0.004634,0.0047292,1644098.8252,1772164799999
1772164800000,0.0047043,0.0047649,0.004702,0.0047649,2518648.9832,1772179199999
1772179200000,0.00478,0.00478,0.004633,0.004633,3399302.2014,1772193599999
1772193600000,0.00464,0.005006,0.004618,0.004744,5263049.7548,1772207999999
1772208000000,0.004773,0.004773,0.004679,0.004728,450174.7358,1772222399999
1772222400000,0.004741,0.0047737,0.0046378,0.0046988,1236766.0189,1772236799999
1772236800000,0.0046786,0.004679,0.004607,0.004624,648124.6103,1772251199999
1772251200000,0.004608,0.004608,0.004442,0.004457,1022746.5106,1772265599999
1772265600000,0.004451,0.004482,0.004389,0.004461,2608735.1219,1772279999999
1772280000000,0.0044757,0.0049576,0.0044414,0.004836,1.11387264202E7,1772294399999
1772294400000,0.0048443,0.0048863,0.004555,0.0046887,7981215.4021,1772308799999
1772308800000,0.004683,0.004687,0.004634,0.004634,1553512.1451,1772323199999
1772323200000,0.004652,0.0046835,0.004584,0.00467,2142430.5595,1772337599999
1772337600000,0.004688,0.0047077,0.0045949,0.004619,965250.5843,1772351999999
1772352000000,0.004607,0.0046136,0.0045063,0.0045428,651254.1554,1772366399999
1772366400000,0.004549,0.0050206,0.004549,0.004944,1.37352301036E7,1772380799999
1772380800000,0.004921,0.004982,0.004811,0.00489,7856288.2098,1772395199999
1772395200000,0.00488,0.004895,0.004751,0.004789,3041877.7104,1772409599999
1772409600000,0.004802,0.00531,0.004799,0.004892,1.3639617031E7,1772423999999
1772424000000,0.0049353,0.0049383,0.0048034,0.0048645,1150075.1486,1772438399999
1772438400000,0.0048645,0.0051051,0.004857,0.0050459,1.233147082E7,1772452799999
1772452800000,0.005042,0.0052883,0.005017,0.005047,6828417.976,1772467199999
1772467200000,0.0050457,0.0050641,0.00497,0.0049858,3246326.2408,1772481599999
1772481600000,0.004989,0.0049981,0.004878,0.004878,2449729.1228,1772495999999
1772496000000,0.004876,0.0049371,0.0048211,0.00491,2701627.6556,1772510399999
1772510400000,0.00492,0.005092,0.0049183,0.005074,1941806.0666,1772524799999
1772524800000,0.0050909,0.0051109,0.0048905,0.0049138,6330660.5131,1772539199999
1772539200000,0.00496,0.0053591,0.004951,0.005058,2.22491386341E7,1772553599999
1772553600000,0.0050695,0.0051112,0.0050361,0.0051109,1821380.6042,1772567999999
1772568000000,0.005062,0.0050736,0.005014,0.0050227,677033.3389,1772582399999
1772582400000,0.0050057,0.005013,0.004942,0.00497,679729.5341,1772596799999
1772596800000,0.004971,0.005099,0.004962,0.005099,400534.7531,1772611199999
1772611200000,0.005155,0.0054189,0.00512,0.005389,2991360.5478,1772625599999
1772625600000,0.005414,0.0054874,0.0051208,0.005168,5870985.1573,1772639999999
1772640000000,0.005173,0.005258,0.005124,0.005207,573615.6561,1772654399999
1772654400000,0.005203,0.005216,0.00506,0.005079,670888.9983,1772668799999
1772668800000,0.0050709,0.0051198,0.0050109,0.005064,2028949.7012,1772683199999
1772683200000,0.005062,0.005082,0.005039,0.005066,253082.868,1772697599999
1772697600000,0.005057,0.005086,0.0050363,0.005062,364960.6211,1772711999999
1772712000000,0.005061,0.005198,0.0050274,0.005043,1198328.407,1772726399999
1772726400000,0.005044,0.00505,0.0049405,0.0049919,1387088.4113,1772740799999
1772740800000,0.005017,0.0050172,0.0049574,0.0049917,343633.5381,1772755199999
1772755200000,0.004972,0.0050126,0.0049189,0.0050049,854356.9826,1772769599999
1772769600000,0.00499,0.00499,0.0048961,0.004911,616069.6402,1772783999999
1772784000000,0.0049919,0.0050483,0.0049647,0.0049739,2377286.4187,1772798399999
1772798400000,0.0049539,0.0049721,0.0048725,0.0048752,799339.0185,1772812799999
1772812800000,0.0048809,0.0048828,0.004775,0.0048397,797511.8532,1772827199999
1772827200000,0.0048082,0.0048082,0.0047478,0.004763,664868.9426,1772841599999
1772841600000,0.004758,0.0048181,0.004701,0.0047784,1947853.2792,1772855999999
1772856000000,0.004793,0.004815,0.0047463,0.0047804,590890.4703,1772870399999
1772870400000,0.00479,0.0050189,0.004788,0.0050078,7363769.568,1772884799999
1772884800000,0.0050054,0.0053125,0.00491,0.0050459,7431950.4216,1772899199999
1772899200000,0.005043,0.005201,0.0049337,0.005107,4762314.8501,1772913599999
1772913600000,0.0051111,0.0051999,0.005088,0.0051249,4059980.382,1772927999999
1772928000000,0.005126,0.005126,0.0049751,0.005002,2516115.1219,1772942399999
1772942400000,0.0050019,0.0051782,0.0049982,0.0051782,2692741.2778,1772956799999
1772956800000,0.005119,0.005186,0.0050341,0.0051,8933706.05520001,1772971199999
1772971200000,0.005133,0.005154,0.005056,0.0051054,2420235.7926,1772985599999
1772985600000,0.005115,0.005222,0.0051056,0.005222,3035414.6735,1772999999999
1773000000000,0.005202,0.005218,0.0051066,0.0051757,2787074.4774,1773014399999
1773014400000,0.0052,0.00525,0.00517,0.005238,2570524.4605,1773028799999
1773028800000,0.005251,0.0062751,0.005246,0.0058141,4.609129718940003E7,1773043199999
1773043200000,0.005811,0.005852,0.005391,0.0054451,1.01641082444E7,1773057599999
1773057600000,0.0054345,0.0055061,0.005341,0.0053795,4454556.6779,1773071999999
1773072000000,0.005365,0.005464,0.005365,0.005373,1791777.1417,1773086399999
1773086400000,0.005378,0.0053837,0.0052751,0.005301,4191561.0354,1773100799999
1773100800000,0.005298,0.0053118,0.0052193,0.0052422,1378967.6763,1773115199999
1773115200000,0.005249,0.0055711,0.005249,0.005428,3499972.8927,1773129599999
1773129600000,0.0054377,0.005471,0.0053701,0.0054131,1466485.2168,1773143999999
1773144000000,0.005418,0.005418,0.005274,0.005277,1926666.586,1773158399999
1773158400000,0.005301,0.005372,0.0052789,0.005343,1107944.087,1773172799999
1773172800000,0.0053396,0.005434,0.005298,0.0054271,188847.5472,1773187199999
1773187200000,0.00539,0.00564,0.005382,0.005521,6130944.523,1773201599999
1773201600000,0.0055191,0.005641,0.0054795,0.0055903,1331680.9238,1773215999999
1773216000000,0.0055941,0.005789,0.0055809,0.0055987,6398842.9956,1773230399999
1773230400000,0.005621,0.005846,0.005564,0.005653,2387784.5877,1773244799999
1773244800000,0.0056401,0.005784,0.005628,0.005716,969733.8417,1773259199999
1773259200000,0.005762,0.006018,0.0057464,0.005851,1.08856320672E7,1773273599999
1773273600000,0.0058598,0.0060372,0.0057986,0.005916,1301844.7211,1773287999999
1773288000000,0.005925,0.0060661,0.0058662,0.0060502,4982968.5155,1773302399999
1773302400000,0.0061,0.0061423,0.005686,0.005711,7564751.0241,1773316799999
1773316800000,0.005739,0.005974,0.005658,0.0057324,8887773.4276,1773331199999
1773331200000,0.0057,0.005715,0.0055954,0.005633,1525326.7273,1773345599999
1773345600000,0.005607,0.0057306,0.005539,0.005712,3290472.8206,1773359999999
1773360000000,0.005679,0.0057431,0.0056022,0.0056404,552230.0891,1773374399999
1773374400000,0.0056565,0.0056637,0.005569,0.005597,1734015.3064,1773388799999
1773388800000,0.0056069,0.005649,0.0055858,0.0055858,654933.7929,1773403199999
1773403200000,0.005598,0.0056165,0.005466,0.0054799,5564841.0488,1773417599999
1773417600000,0.005467,0.005505,0.005436,0.005445,859893.9726,1773431999999
1773432000000,0.0054541,0.0054721,0.00538,0.0054166,686485.0148,1773446399999
1773446400000,0.00539,0.005406,0.0053434,0.0053905,662968.919,1773460799999
1773460800000,0.005372,0.0054289,0.0053152,0.0054289,1256849.4956,1773475199999
1773475200000,0.005363,0.0054415,0.0053554,0.0054415,394093.506,1773489599999
1773489600000,0.005436,0.0055365,0.0054193,0.0054508,583546.2589,1773503999999
1773504000000,0.005436,0.0054856,0.0054025,0.0054521,3950564.262,1773518399999
1773518400000,0.0054428,0.005498,0.0054428,0.005469,307244.4778,1773532799999
1773532800000,0.0054727,0.005487,0.005418,0.005435,1299021.2886,1773547199999
1773547200000,0.0054702,0.0055189,0.0054702,0.005497,104794.5018,1773561599999
1773561600000,0.005433,0.005446,0.005433,0.005446,28839.2419,1773575999999
1773576000000,0.005467,0.00554,0.005416,0.005429,1806229.1105,1773590399999
1773590400000,0.005425,0.005447,0.0053823,0.0053823,364860.8747,1773604799999
1773604800000,0.0053829,0.0054199,0.00535,0.00535,1149880.1306,1773619199999
1773619200000,0.005362,0.0053718,0.005328,0.0053457,2407952.5665,1773633599999
1773633600000,0.0053603,0.0055429,0.0053603,0.0055429,785769.8332,1773647999999
1773648000000,0.005527,0.005629,0.005527,0.005555,139828.3286,1773662399999
1773662400000,0.00554,0.005631,0.0055,0.005517,328721.5894,1773676799999
1773676800000,0.0055151,0.0055289,0.005471,0.0054756,378791.0453,1773691199999
1773691200000,0.005461,0.005461,0.0053936,0.005432,2729935.7314,1773705599999
1773705600000,0.0054291,0.0054291,0.005319,0.005321,887645.4784,1773719999999
1773720000000,0.005326,0.005326,0.005147,0.00519,1615951.1046,1773734399999
1773734400000,0.005199,0.005249,0.005184,0.0052471,521471.9745,1773748799999
1773748800000,0.0052582,0.0054401,0.0052222,0.005297,5157884.9245,1773763199999
1773763200000,0.0052775,0.0052865,0.0052504,0.0052504,278190.9903,1773777599999
1773777600000,0.005252,0.005258,0.0051,0.0051045,1554982.7224,1773791999999
1773792000000,0.0051189,0.0051229,0.0050301,0.0050301,1343967.4841,1773806399999
1773806400000,0.005038,0.0051289,0.004969,0.0050964,9871008.60729997,1773820799999
1773820800000,0.0050364,0.0051002,0.004971,0.005005,9005077.4529,1773835199999
1773835200000,0.0049988,0.005002,0.0048338,0.004844,1045096.648,1773849599999
1773849600000,0.004841,0.004847,0.004783,0.0048,406800.5502,1773863999999
1773864000000,0.004803,0.0048208,0.0047781,0.0048208,36073.4371,1773878399999
1773878400000,0.004836,0.0050431,0.004824,0.0050125,2333785.3624,1773892799999
1773892800000,0.004988,0.0050082,0.004875,0.0049173,822303.4931,1773907199999
1773907200000,0.004945,0.004971,0.0048505,0.00489,750424.8928,1773921599999
1773921600000,0.004853,0.004869,0.004524,0.004524,4754228.3857,1773935999999
1773936000000,0.00455,0.004701,0.00455,0.004624,5430113.8833,1773950399999
1773950400000,0.004635,0.004645,0.0046153,0.0046153,69313.4904,1773964799999
1773964800000,0.004632,0.004673,0.0045749,0.0046138,3524620.1557,1773979199999
1773979200000,0.004615,0.0046699,0.004515,0.0045592,3164334.1261,1773993599999
1773993600000,0.0045705,0.0046241,0.004559,0.0045612,1423736.8756,1774007999999
1774008000000,0.004546,0.0047205,0.004546,0.004648,3866994.7051,1774022399999
1774022400000,0.0046198,0.0046198,0.0045741,0.0045938,2102515.0576,1774036799999
1774036800000,0.004598,0.004604,0.004459,0.004515,1310133.4045,1774051199999
1774051200000,0.0045207,0.0045575,0.0045004,0.0045575,250660.3141,1774065599999
1774065600000,0.004567,0.0045812,0.004567,0.0045812,281179.8209,1774079999999
1774080000000,0.0045354,0.0045379,0.004516,0.004516,215102.6758,1774094399999
1774094400000,0.004512,0.004648,0.0045076,0.004648,1430295.511,1774108799999
1774108800000,0.004611,0.0047417,0.004608,0.0047417,387015.9525,1774123199999
1774123200000,0.0047478,0.0056483,0.0047104,0.00528,3.385494840809999E7,1774137599999
1774137600000,0.0052606,0.0055027,0.0051124,0.005226,1.93772409066E7,1774151999999
1774152000000,0.0052041,0.005403,0.0051215,0.0052786,5933750.7128,1774166399999
1774166400000,0.0052172,0.0053271,0.0049193,0.0049549,1.09463196478E7,1774180799999
1774180800000,0.004932,0.0051999,0.004932,0.0049472,5109873.3493,1774195199999
1774195200000,0.004917,0.0049902,0.0048399,0.0048966,6101957.358,1774209599999
1774209600000,0.004842,0.0048906,0.0048232,0.0048638,1807804.2324,1774223999999
1774224000000,0.004828,0.0049171,0.0047581,0.0049171,2345522.1105,1774238399999
1774238400000,0.0049197,0.005043,0.0048998,0.00503,2281300.9675,1774252799999
1774252800000,0.005043,0.0051628,0.0049481,0.0051628,1648140.6212,1774267199999
1774267200000,0.0051261,0.005172,0.0048447,0.004869,1295756.9224,1774281599999
1774281600000,0.004875,0.0049124,0.004778,0.004778,1413521.4469,1774295999999
1774296000000,0.0047276,0.004775,0.0047,0.004745,306655.2229,1774310399999
1774310400000,0.004755,0.0047612,0.0046993,0.00471,466386.4763,1774324799999
1774324800000,0.004704,0.0048444,0.004704,0.0047881,993762.7072,1774339199999
1774339200000,0.0048378,0.004873,0.004801,0.0048249,1091878.4409,1774353599999
1774353600000,0.004872,0.004906,0.0048622,0.004878,570002.8185,1774367999999
1774368000000,0.0048671,0.004868,0.0048484,0.004866,225453.8322,1774382399999
1774382400000,0.004886,0.0048939,0.0048543,0.0048593,353596.0444,1774396799999
1774396800000,0.0048818,0.0048818,0.0048543,0.0048774,64633.7353,1774411199999
1774411200000,0.004919,0.004919,0.004903,0.004903,2628.1729,1774425599999
1774425600000,0.0048382,0.0048382,0.00465,0.0046803,242567.8347,1774439999999
1774440000000,0.004725,0.004796,0.004671,0.0047063,330429.3927,1774454399999
1774454400000,0.0047489,0.0047489,0.0047236,0.0047268,109080.4466,1774468799999
1774468800000,0.0047009,0.004748,0.0046699,0.004715,753483.7665,1774483199999
1774483200000,0.004683,0.0047126,0.004683,0.0047087,85833.4687,1774497599999
1774497600000,0.004696,0.004696,0.00458,0.004618,431991.3838,1774511999999
1774512000000,0.004604,0.0048046,0.004548,0.0046509,1.48422131168E7,1774526399999
1774526400000,0.004657,0.0052109,0.004569,0.004938,2.93580392617E7,1774540799999
1774540800000,0.0049331,0.0051942,0.0048418,0.0050162,1.42621121127E7,1774555199999
1774555200000,0.0050223,0.0050557,0.0049777,0.004999,5641657.1823,1774569599999
1774569600000,0.005046,0.0052932,0.0050064,0.0050874,6262375.0266,1774583999999
1774584000000,0.005102,0.0053302,0.005034,0.0051468,7291834.7109,1774598399999
1774598400000,0.00514,0.0053416,0.0050634,0.0051682,1.05121148495E7,1774612799999
1774612800000,0.005198,0.00521,0.0048462,0.004978,6198640.6309,1774627199999
1774627200000,0.00501,0.0050839,0.0049941,0.005033,1921448.8457,1774641599999
1774641600000,0.0050533,0.0051101,0.0050533,0.005102,381495.7855,1774655999999
1774656000000,0.0051253,0.005287,0.0050261,0.005087,1715585.5343,1774670399999
1774670400000,0.005095,0.005114,0.0049268,0.0049785,1319901.6612,1774684799999
1774684800000,0.005005,0.0050649,0.0049444,0.005044,2972494.761,1774699199999
1774699200000,0.005051,0.0050592,0.0050002,0.0050547,1064493.3516,1774713599999
1774713600000,0.005063,0.005063,0.0050068,0.005031,139984.6829,1774727999999
1774728000000,0.005019,0.0050259,0.0048645,0.0048645,3322632.3119,1774742399999
1774742400000,0.00489,0.0049451,0.004779,0.004889,2296711.2439,1774756799999
1774756800000,0.004876,0.004876,0.004835,0.0048375,559726.0115,1774771199999
1774771200000,0.004867,0.004867,0.0047749,0.0047894,1305949.5242,1774785599999
1774785600000,0.004795,0.0048074,0.0047378,0.0047666,1068482.9635,1774799999999
1774800000000,0.0047731,0.0047989,0.0047527,0.00476,302146.579,1774814399999
1774814400000,0.0047711,0.0047912,0.0047331,0.0047752,2213561.9817,1774828799999
1774828800000,0.0047575,0.0047888,0.0047,0.0047329,1769871.2114,1774843199999
1774843200000,0.0047,0.0047012,0.0046464,0.0047012,1245288.4141,1774857599999
1774857600000,0.004683,0.004701,0.0045984,0.0046936,1988167.0268,1774871999999
1774872000000,0.004667,0.0047916,0.004667,0.0047916,796112.9904,1774886399999
1774886400000,0.0047989,0.0047989,0.0046876,0.0047138,1068104.1895,1774900799999
1774900800000,0.004722,0.004754,0.0046814,0.0046814,1508787.6668,1774915199999
1774915200000,0.0046653,0.004738,0.0046259,0.004709,2268634.0534,1774929599999
1774929600000,0.004704,0.0047535,0.0046878,0.004752,68169.2016,1774943999999
1774944000000,0.004742,0.0049643,0.0046881,0.0046881,1594719.1026,1774958399999
1774958400000,0.0046825,0.0046854,0.004607,0.004607,352189.5735,1774972799999
1774972800000,0.0046052,0.0046387,0.0045864,0.004633,1297911.4181,1774987199999
1774987200000,0.004615,0.004638,0.0046026,0.0046026,194978.7397,1775001599999
1775001600000,0.004585,0.004603,0.0045589,0.0045589,176481.8217,1775015999999
1775016000000,0.0045305,0.0045717,0.0044905,0.0045267,4236915.9668,1775030399999
1775030400000,0.0045257,0.0045335,0.0044695,0.004471,678130.4365,1775044799999
1775044800000,0.0044969,0.0045214,0.0044825,0.0045208,231292.0491,1775059199999
1775059200000,0.0045285,0.0045643,0.00452,0.0045336,1049274.9687,1775073599999
1775073600000,0.0045317,0.004542,0.0044851,0.0044956,540377.7457,1775087999999
1775088000000,0.004511,0.0045726,0.0044959,0.0045017,1313987.4893,1775102399999
1775102400000,0.004467,0.004525,0.0044449,0.004525,762842.5935,1775116799999
1775116800000,0.004522,0.0046214,0.0045012,0.004594,693130.6394,1775131199999
1775131200000,0.004585,0.0048412,0.004585,0.0047409,1750484.8855,1775145599999
1775145600000,0.004779,0.0047971,0.0046136,0.00462,848489.0672,1775159999999
1775160000000,0.004643,0.0046607,0.004626,0.004651,333611.4578,1775174399999
1775174400000,0.004674,0.004736,0.004674,0.004736,154094.4193,1775188799999
1775188800000,0.004717,0.004817,0.0047061,0.0047374,903636.2957,1775203199999
1775203200000,0.004713,0.0047536,0.0046848,0.0047431,603117.5027,1775217599999
1775217600000,0.004753,0.0047883,0.0047234,0.0047514,829064.0874,1775231999999
1775232000000,0.004747,0.0047911,0.004747,0.004776,266053.0284,1775246399999
1775246400000,0.004815,0.00483,0.0047905,0.0047905,558906.0986,1775260799999
1775260800000,0.004791,0.0048233,0.0047808,0.004785,572578.5103,1775275199999
1775275200000,0.0048272,0.0048423,0.0047924,0.004803,751235.2921,1775289599999
1775289600000,0.004812,0.0048798,0.0047923,0.0048633,1022499.9175,1775303999999
1775304000000,0.0048171,0.0048308,0.004755,0.0047714,2042091.2938,1775318399999
1775318400000,0.0047789,0.0049053,0.0047789,0.0048611,1889183.1477,1775332799999
1775332800000,0.004894,0.004956,0.004858,0.0048868,3509582.7308,1775347199999
1775347200000,0.0049112,0.004952,0.0048562,0.004947,445895.0045,1775361599999
1775361600000,0.004958,0.0052116,0.00495,0.005105,3887143.698,1775375999999
1775376000000,0.005186,0.0053648,0.005072,0.0050873,6925791.6504,1775390399999
1775390400000,0.0050718,0.0051048,0.0049253,0.00501,3278797.3103,1775404799999
1775404800000,0.004987,0.0051761,0.004966,0.005114,1811779.5263,1775419199999
1775419200000,0.0050953,0.0053295,0.0050801,0.0052874,2094119.4366,1775433599999
1775433600000,0.005297,0.0058293,0.0052574,0.005366,2.02131626479E7,1775447999999
1775448000000,0.0053891,0.0054029,0.0049731,0.005034,6262038.3831,1775462399999
1775462400000,0.005056,0.005066,0.0049348,0.00498,1659713.6801,1775476799999
1775476800000,0.004956,0.0064915,0.004951,0.005894,3.53238130852E7,1775491199999
1775491200000,0.005874,0.0077999,0.005754,0.00641,7.179000553599998E7,1775505599999
1775505600000,0.0064084,0.006725,0.0062401,0.006561,8627037.8224,1775519999999
1775520000000,0.006512,0.0069197,0.0063318,0.0066305,7560861.2551,1775534399999
1775534400000,0.0066841,0.006844,0.006133,0.0064163,1.73478023866E7,1775548799999
1775548800000,0.006405,0.0066483,0.006181,0.0063475,1.83778170462E7,1775563199999
1775563200000,0.006269,0.0066719,0.005941,0.00602,1.93862883659E7,1775577599999
1775577600000,0.0060204,0.006094,0.005875,0.005959,3938918.8392,1775591999999
1775592000000,0.0059296,0.00602,0.0058931,0.00595,3547321.4391,1775606399999
1775606400000,0.005959,0.006163,0.005959,0.006163,934516.6923,1775620799999
1775620800000,0.0061731,0.006213,0.0060684,0.006153,1622448.1469,1775635199999
1775635200000,0.0061651,0.0065606,0.0061183,0.0061798,1287201.1195,1775649599999
1775649600000,0.006256,0.006256,0.0060939,0.006137,1818888.3146,1775663999999
1775664000000,0.006138,0.0062811,0.0060901,0.0062404,2334961.201,1775678399999
1775678400000,0.006289,0.006318,0.006143,0.006153,1745341.3884,1775692799999
1775692800000,0.0061746,0.006406,0.0061421,0.00623,2665698.7724,1775707199999
1775707200000,0.006256,0.006279,0.005748,0.005783,5009919.8805,1775721599999
1775721600000,0.0058516,0.0060013,0.005799,0.005956,1000820.5512,1775735999999
1775736000000,0.005988,0.0071065,0.005988,0.006808,2.224002331409998E7,1775750399999
1775750400000,0.0069028,0.0070997,0.0065421,0.006728,1.074743551040001E7,1775764799999
1775764800000,0.006729,0.006729,0.006419,0.006566,5508453.0449,1775779199999
1775779200000,0.0065696,0.006676,0.0064569,0.0066075,9294505.13269999,1775793599999
1775793600000,0.0065898,0.006605,0.006133,0.006264,4400489.7862,1775807999999
1775808000000,0.006323,0.0063911,0.0060502,0.006058,1373158.8125,1775822399999
1775822400000,0.0060188,0.006464,0.0058337,0.0062776,8612831.51489999,1775836799999
1775836800000,0.006276,0.00631,0.005996,0.0060151,956013.5533,1775851199999
1775851200000,0.006033,0.006033,0.005826,0.00585,4853266.4391,1775865599999
1775865600000,0.005821,0.005828,0.00563,0.0056951,368322.9613,1775879999999
1775880000000,0.005727,0.0058315,0.005712,0.0057926,549443.4274,1775894399999
1775894400000,0.005774,0.005846,0.0057083,0.0057313,1218814.3998,1775908799999
1775908800000,0.005747,0.0060554,0.0057213,0.0058737,3683753.0121,1775923199999
1775923200000,0.005836,0.006178,0.005799,0.0061484,1014646.8741,1775937599999
1775937600000,0.0060934,0.0060934,0.0059,0.0059,1031367.4589,1775951999999
1775952000000,0.005928,0.006178,0.0058688,0.005904,8130120.1079,1775966399999
1775966400000,0.0059033,0.005918,0.005828,0.005862,206130.4878,1775980799999
1775980800000,0.005858,0.0062881,0.005858,0.00612,1419655.7404,1775995199999
1775995200000,0.006055,0.006368,0.005973,0.006043,5468076.2226,1776009599999
1776009600000,0.006064,0.006296,0.006025,0.00624,1456264.871,1776023999999
1776024000000,0.00622,0.0065293,0.006213,0.006277,2081992.1181,1776038399999
1776038400000,0.006254,0.006633,0.0060916,0.006157,1.209976978600001E7,1776052799999
1776052800000,0.006162,0.0070736,0.006162,0.007044,5149581.5624,1776067199999
1776067200000,0.007053,0.0072979,0.0062465,0.0064769,2.15696556796E7,1776081599999
1776081600000,0.00647,0.0078799,0.006255,0.0073219,3.605392494490001E7,1776095999999
1776096000000,0.007269,0.0072992,0.0067521,0.0068976,2.06900921359E7,1776110399999
1776110400000,0.0068845,0.0071464,0.0068715,0.006956,5726080.6156,1776124799999
1776124800000,0.006958,0.007353,0.0068,0.0068,6339621.2456,1776139199999
1776139200000,0.006765,0.0067677,0.006523,0.006523,802390.4971,1776153599999
1776153600000,0.0065,0.00668,0.006486,0.006614,712788.6525,1776167999999
1776168000000,0.006644,0.006866,0.0064771,0.0064771,6112375.8685,1776182399999
1776182400000,0.006482,0.006797,0.00634,0.0065815,5566949.8303,1776196799999
1776196800000,0.006557,0.0067244,0.006493,0.006493,1790305.1674,1776211199999
1776211200000,0.006529,0.0071,0.00651,0.006692,7114634.8055,1776225599999
1776225600000,0.0066672,0.006945,0.006373,0.006514,9274124.5851,1776239999999
1776240000000,0.006501,0.006706,0.0064732,0.006587,1412195.7886,1776254399999
1776254400000,0.006552,0.006719,0.006546,0.006606,237173.8347,1776268799999
1776268800000,0.006617,0.006941,0.006617,0.006771,3996163.5408,1776283199999
1776283200000,0.006736,0.0067572,0.0066652,0.0067572,186148.3708,1776297599999
1776297600000,0.006705,0.006905,0.006678,0.006869,824822.5917,1776311999999
1776312000000,0.0068755,0.007206,0.0067815,0.0069788,5737616.39519999,1776326399999
1776326400000,0.0069841,0.007348,0.0069,0.007294,3988620.9384,1776340799999
1776340800000,0.007305,0.007742,0.007047,0.007113,7800304.7534,1776355199999
1776355200000,0.0071299,0.0074721,0.0071172,0.0073026,3591122.1059,1776369599999
1776369600000,0.0073065,0.0073065,0.007035,0.0070705,843569.3146,1776383999999
1776384000000,0.007047,0.007065,0.006857,0.0069452,383229.2201,1776398399999
1776398400000,0.006988,0.007345,0.006912,0.0073436,1115438.5994,1776412799999
1776412800000,0.0073884,0.007414,0.007017,0.007204,537953.4673,1776427199999
1776427200000,0.007175,0.0072399,0.006819,0.00689,5281709.185,1776441599999
1776441600000,0.006915,0.0070043,0.006689,0.0069269,2714211.3,1776455999999
1776456000000,0.006925,0.006974,0.0068,0.0069051,462928.5708,1776470399999
1776470400000,0.0069113,0.00693,0.006788,0.0068239,335698.4901,1776484799999
1776484800000,0.006855,0.0069555,0.006836,0.0068585,367739.6907,1776499199999
1776499200000,0.006795,0.006815,0.006479,0.0065179,1789039.734,1776513599999
1776513600000,0.0065231,0.006536,0.0061519,0.0061669,2909440.1214,1776527999999
1776528000000,0.0062403,0.0062515,0.0060252,0.006075,624685.7895,1776542399999
1776542400000,0.006052,0.0061083,0.0060333,0.0060518,420964.3949,1776556799999
1776556800000,0.0060207,0.0060207,0.0057449,0.005797,2120300.715,1776571199999
1776571200000,0.005797,0.005797,0.00571,0.005713,397946.3199,1776585599999
1776585600000,0.005721,0.0057377,0.0056653,0.0057,580170.896,1776599999999
1776600000000,0.0057392,0.006407,0.005736,0.0058827,1.21631627058E7,1776614399999
1776614400000,0.005883,0.005984,0.00584,0.0059803,582092.5144,1776628799999
1776628800000,0.005969,0.0060364,0.0057664,0.005771,1100399.4798,1776643199999
1776643200000,0.005809,0.005837,0.0057621,0.005794,233725.6453,1776657599999
1776657600000,0.005799,0.0058488,0.005644,0.0056924,1122688.1567,1776671999999
1776672000000,0.005643,0.005792,0.0056221,0.005709,610519.7121,1776686399999
1776686400000,0.005742,0.0060048,0.005739,0.005851,2343109.0426,1776700799999
1776700800000,0.005859,0.0059373,0.0058368,0.0058884,712760.7356,1776715199999
1776715200000,0.0059555,0.005958,0.0057938,0.00582,1060141.0517,1776729599999
1776729600000,0.005854,0.0058893,0.005734,0.0057761,1103142.1467,1776743999999
1776744000000,0.005764,0.0058193,0.005764,0.0058193,620900.7557,1776758399999
1776758400000,0.0058293,0.005913,0.005823,0.005849,1249516.3593,1776772799999
1776772800000,0.005831,0.006028,0.005766,0.005853,995041.4706,1776787199999
1776787200000,0.00584,0.005862,0.0058104,0.0058467,488685.3703,1776801599999
1776801600000,0.0058545,0.005903,0.0057951,0.005903,3256489.005,1776815999999
1776816000000,0.005892,0.005919,0.0058532,0.005919,391680.8152,1776830399999
1776830400000,0.005937,0.005981,0.005937,0.0059429,307055.719,1776844799999
1776844800000,0.005958,0.005958,0.0058599,0.00588,448858.7958,1776859199999
1776859200000,0.0058548,0.005923,0.0058439,0.0058589,896326.6687,1776873599999
1776873600000,0.0058521,0.005854,0.005734,0.005817,438892.4375,1776887999999
1776888000000,0.005814,0.0059008,0.0057,0.0057,2832793.1147,1776902399999
1776902400000,0.0057079,0.0057079,0.0056082,0.005622,905019.9072,1776916799999
1776916800000,0.0056059,0.0056493,0.0056059,0.0056428,405416.2928,1776931199999
1776931200000,0.005625,0.0056503,0.0055794,0.005624,704937.5192,1776945599999
1776945600000,0.0056662,0.005697,0.0051442,0.0051591,3.049239794950027E7,1776959999999
1776960000000,0.0051268,0.005142,0.0049149,0.0051296,4720124.0617,1776974399999
1776974400000,0.005137,0.0051762,0.005103,0.00515,1089169.6454,1776988799999
1776988800000,0.005155,0.0052509,0.0050112,0.0050632,9645803.0748,1777003199999
1777003200000,0.0050562,0.0053233,0.0049701,0.0052467,1.72254766851E7,1777017599999
1777017600000,0.0052761,0.0052854,0.0051216,0.0052184,3276600.2336,1777031999999
1777032000000,0.0052508,0.005274,0.0051768,0.0051769,4490723.6254,1777046399999
1777046400000,0.0051715,0.00526,0.00515,0.005244,1826323.0206,1777060799999
1777060800000,0.0052249,0.0052261,0.0049998,0.0050453,3264990.4894,1777075199999
1777075200000,0.0050497,0.0051902,0.0050175,0.0051485,1671520.7501,1777089599999
1777089600000,0.0051465,0.0051466,0.0050175,0.0050265,743220.7519,1777103999999
1777104000000,0.0050336,0.0050607,0.005,0.0050132,1608379.7303,1777118399999
1777118400000,0.0050249,0.0050249,0.00495,0.0049597,1883438.23,1777132799999
1777132800000,0.004933,0.0049777,0.0047627,0.0049777,3709365.7064,1777147199999
1777147200000,0.0049804,0.0051979,0.0049798,0.0050742,4774880.3964,1777161599999
1777161600000,0.0050696,0.0051143,0.0050584,0.0050682,979686.5253,1777175999999
1777176000000,0.0051358,0.0051358,0.0050864,0.0050872,830929.4703,1777190399999
1777190400000,0.0050804,0.0053294,0.0050804,0.0051811,1.00762365351E7,1777204799999
1777204800000,0.0051648,0.0051672,0.0049765,0.0049866,3321793.0607,1777219199999
1777219200000,0.0049787,0.0050162,0.0049499,0.0049608,775639.4388,1777233599999
1777233600000,0.0049613,0.0049674,0.0049164,0.0049654,1600914.8306,1777247999999
1777248000000,0.0049442,0.0049541,0.0049276,0.0049541,355806.8527,1777262399999
1777262400000,0.00485,0.0048507,0.0046285,0.0047867,7238155.7332,1777276799999
1777276800000,0.0048728,0.0053945,0.0048615,0.0053945,4358162.201,1777291199999
1777291200000,0.0053137,0.00542,0.0050914,0.0050914,1.25664202675E7,1777305599999
1777305600000,0.0050657,0.0052802,0.0049578,0.005006,6530486.8776,1777319999999
1777320000000,0.0050321,0.0050324,0.0049016,0.0049388,1556911.0085,1777334399999
1777334400000,0.0049143,0.0049145,0.0047696,0.0048307,2948754.5965,1777348799999
1777348800000,0.004915,0.0049151,0.0047984,0.0047984,864178.4635,1777363199999
1777363200000,0.0047152,0.0055019,0.0044485,0.0048002,7597652.7353,1777377599999
1777377600000,0.0047945,0.00581,0.0047625,0.0053454,2340405.194,1777391999999
1777392000000,0.005472,0.0056541,0.0048311,0.0049137,1227862.8781,1777406399999
1777406400000,0.0049001,0.0055771,0.004851,0.0049721,5133924.7499,1777420799999
1777420800000,0.0049617,0.0049617,0.00485,0.00485,563358.8934,1777435199999
1777435200000,0.0048404,0.0053138,0.00475,0.0053138,2915851.1898,1777449599999
1777449600000,0.0052413,0.005357,0.0048454,0.0051267,4469737.3057,1777463999999
1777464000000,0.0051704,0.0055,0.00475,0.0049041,6681771.2886,1777478399999
1777478400000,0.004855,0.00497,0.0048164,0.00488,250669.4011,1777492799999
1777492800000,0.0047853,0.0048223,0.0046567,0.0048223,79043.8388,1777507199999
1777507200000,0.0048362,0.0048362,0.0048321,0.0048321,4137.2326,1777521599999
1777521600000,0.00475,0.00475,0.0047,0.0047,44534.4085,1777535999999
1777536000000,0.0047699,0.0048471,0.0047,0.004717,545467.7833,1777550399999
1777550400000,0.0047215,0.0047609,0.0046607,0.0047577,367173.9001,1777564799999
1777564800000,0.0046567,0.0047424,0.0046566,0.0047408,1910495.9427,1777579199999
1777579200000,0.0047315,0.0047604,0.0046251,0.00468,943386.4019,1777593599999
1777593600000,0.0047424,0.0051184,0.0045859,0.0045859,4380818.5888,1777607999999
1777608000000,0.0045792,0.0045792,0.0045,0.0045001,1028392.829,1777622399999
1777622400000,0.0045504,0.0045504,0.0045,0.0045267,85106.3137,1777636799999
1777636800000,0.004559,0.0052109,0.0045474,0.0049973,5713032.0847,1777651199999
1777651200000,0.0050333,0.0051832,0.0048001,0.0048537,837333.5995,1777665599999
1777665600000,0.00483,0.0048773,0.00483,0.00483,611570.711,1777679999999
1777680000000,0.0047961,0.0051755,0.004784,0.0049032,2518158.5172,1777694399999
1777694400000,0.0048527,0.0048539,0.0048473,0.0048473,52257.242,1777708799999
1777708800000,0.004841,0.0048601,0.0048158,0.0048513,139317.6315,1777723199999
1777723200000,0.0048352,0.004857,0.0048106,0.0048106,32441.9412,1777737599999
1777737600000,0.0048001,0.0050499,0.0045511,0.0046641,749226.918,1777751999999
1777752000000,0.0046223,0.0047708,0.0046223,0.0047538,126207.6066,1777766399999
1777780800000,0.0047637,0.0047637,0.0047076,0.0047583,172010.3653,1777795199999
1777795200000,0.0047508,0.0047812,0.0045852,0.0045852,146105.7418,1777809599999
1777809600000,0.0047752,0.0048893,0.0047659,0.0047675,1824447.8024,1777823999999
1777824000000,0.0047077,0.0047077,0.0046893,0.004698,190150.2561,1777838399999
1777838400000,0.0045883,0.004744,0.004525,0.0047189,1387348.0601,1777852799999
1777867200000,0.0046898,0.0049628,0.0046898,0.0049628,326969.6429,1777881599999
1777881600000,0.0046789,0.0048585,0.0046763,0.0048585,476409.8339,1777895999999
1777896000000,0.0047478,0.0052817,0.0047227,0.005214,2387556.2343,1777910399999
1777910400000,0.0051327,0.0051888,0.0049266,0.0050926,2162287.0719,1777924799999
1777924800000,0.005141,0.00547,0.0048632,0.0048632,2213715.4277,1777939199999
1777939200000,0.0048319,0.005251,0.0047026,0.0047026,316559.5851,1777953599999
1777953600000,0.0048461,0.0048973,0.00476,0.0048973,1474789.86,1777967999999
1777968000000,0.004887,0.0049463,0.0048436,0.0048544,2494237.0288,1777982399999
1777982400000,0.0048946,0.00505,0.00485,0.0049803,1660397.3496,1777996799999
1777996800000,0.0049708,0.004971,0.0048501,0.0048502,73464.5855,1778011199999
1778011200000,0.0049244,0.0050048,0.0048077,0.0048502,3506163.675,1778025599999
1778025600000,0.0049137,0.0049137,0.0049137,0.0049137,1813.0,1778039999999
1778040000000,0.0048582,0.0049556,0.0048582,0.0049005,1751914.3103,1778054399999
1778054400000,0.0048991,0.0050529,0.0048722,0.0050281,172643.9227,1778068799999
1778068800000,0.0049506,0.0053123,0.0049214,0.0051277,2558141.1234,1778083199999
1778083200000,0.0051124,0.0051124,0.0049583,0.0049935,474184.1188,1778097599999
1778097600000,0.0049905,0.0050271,0.0049197,0.0049197,206128.2128,1778111999999
1778112000000,0.0049197,0.0049197,0.0049046,0.0049167,73834.4558,1778126399999
1778126400000,0.0049314,0.00515,0.0049314,0.0051114,176425.3062,1778140799999
1778140800000,0.0050263,0.0050286,0.0050091,0.0050091,26297.107,1778155199999
1778155200000,0.0050272,0.0050464,0.0049807,0.0050292,1443852.4009,1778169599999
1778169600000,0.0049739,0.0050455,0.0049739,0.0050455,12475.016,1778183999999
1778184000000,0.0049844,0.0049844,0.0049844,0.0049844,1366.6762,1778198399999
1778198400000,0.0050085,0.00511,0.0048915,0.00511,2825545.9976,1778212799999
1778212800000,0.00494,0.0050112,0.00494,0.0050111,256659.2658,1778227199999
1778227200000,0.0050845,0.0050862,0.0048921,0.0050057,5298652.3339,1778241599999
1778241600000,0.0050241,0.0050409,0.0050132,0.0050132,48308.9598,1778255999999
1778256000000,0.0049315,0.0049878,0.0049046,0.0049534,386623.1045,1778270399999
1778270400000,0.0050093,0.0050317,0.0049462,0.0050297,44085.3415,1778284799999
1778284800000,0.0049726,0.0049726,0.0049043,0.0049043,59219.1347,1778299199999
1778299200000,0.005006,0.0050654,0.0049572,0.00504,2500042.4416,1778313599999
1778328000000,0.0050241,0.0051895,0.005,0.0050565,528102.7002,1778342399999
1778342400000,0.0050528,0.0050667,0.0050423,0.0050423,20855.9085,1778356799999
1778356800000,0.0050706,0.00508,0.0050433,0.00508,81422.5528,1778371199999
1778371200000,0.0050596,0.0050596,0.0050036,0.0050036,52545.3344,1778385599999
1778385600000,0.005016,0.0051779,0.0049316,0.0050555,194745.8926,1778399999999
1778400000000,0.00503,0.00503,0.00498,0.004995,61034.9392,1778414399999
1778414400000,0.005,0.0051715,0.005,0.00509,2161600.4403,1778428799999
1778428800000,0.00509,0.0051348,0.0050433,0.0050756,760333.5144,1778443199999
1778443200000,0.0050771,0.0050852,0.0050441,0.0050828,377244.7864,1778457599999
1778457600000,0.0050532,0.0050532,0.0049288,0.0049643,199069.7792,1778471999999
1778472000000,0.0049692,0.0049692,0.0049454,0.0049454,4035.3647,1778486399999
1778500800000,0.0049653,0.0049844,0.0049,0.0049844,71706.434,1778515199999
1778515200000,0.0049749,0.0049749,0.0049063,0.0049619,109641.3032,1778529599999
1778529600000,0.0049418,0.0049418,0.0049139,0.0049139,101177.7102,1778543999999
1778544000000,0.0049481,0.0049481,0.0049257,0.0049284,492204.1087,1778558399999
1778558400000,0.0050014,0.0050366,0.0049545,0.0050366,30104.6235,1778572799999
1778572800000,0.0050366,0.0052423,0.0049234,0.0049723,1935994.3909,1778587199999
1778587200000,0.0050484,0.0051742,0.0049769,0.00509,803632.8481,1778601599999
1778601600000,0.0050661,0.0050924,0.0050062,0.00504,113764.596,1778615999999
1778616000000,0.0050054,0.0050594,0.0049839,0.0049839,422878.7132,1778630399999
1778630400000,0.0050425,0.0050425,0.0050141,0.0050141,987.8625,1778644799999
1778644800000,0.00504,0.0051063,0.0049807,0.0050612,403947.3214,1778659199999
1778659200000,0.0051409,0.0051409,0.0050805,0.0050805,43037.2471,1778673599999
1778673600000,0.0051155,0.005141,0.0049599,0.0049599,2828691.9519,1778687999999
1778688000000,0.004968,0.0049748,0.0048857,0.0049247,130199.522,1778702399999
1778702400000,0.0050003,0.005141,0.0048129,0.004921,1338133.249,1778716799999
1778716800000,0.0049,0.0049234,0.0048304,0.0048304,65933.2047,1778731199999
1778731200000,0.0049766,0.0050164,0.0049374,0.0050164,90160.5185,1778745599999
1778745600000,0.0049748,0.0050033,0.0049205,0.0049582,473881.3132,1778759999999
1778760000000,0.0049903,0.0050148,0.0049491,0.004967,43213.7791,1778774399999
1778774400000,0.0049615,0.0050155,0.0049602,0.0050155,44711.9975,1778788799999
1778788800000,0.0049602,0.0049602,0.0049602,0.0049602,8677.9812,1778803199999
1778803200000,0.0048897,0.0049224,0.0048897,0.0049224,202773.0937,1778817599999
1778817600000,0.0048759,0.0048759,0.0048759,0.0048759,1023.4008,1778831999999
1778832000000,0.0048734,0.0048734,0.0048734,0.0048734,1231.1733,1778846399999
1778846400000,0.0048125,0.0048502,0.0048125,0.0048394,5173.1173,1778860799999
1778860800000,0.0047966,0.0047966,0.0047457,0.0047457,39032.3322,1778875199999
1778875200000,0.004793,0.004946,0.004793,0.004946,11438.754,1778889599999
1778904000000,0.0049,0.0049,0.0049,0.0049,14254.0,1778918399999
1778918400000,0.0047457,0.0049811,0.0047457,0.0048194,906110.3612,1778932799999
1778932800000,0.00483,0.004965,0.00483,0.004965,59525.6864,1778947199999
1778961600000,0.0051,0.0073412,0.005,0.00606,2.70264059009E7,1778975999999
1778976000000,0.005874,0.0066,0.0051138,0.0051893,8243629.2024,1778990399999
1778990400000,0.0050564,0.0051336,0.0049,0.00497,2897837.0528,1779004799999
1779004800000,0.0049,0.0050599,0.0049,0.0050599,1507431.917,1779019199999
1779019200000,0.0050649,0.0069,0.0049002,0.0065,9887497.1605,1779033599999
1779033600000,0.0063827,0.0078609,0.0059001,0.0062082,2.38321719514E7,1779047999999
1779048000000,0.0062206,0.0081326,0.0062205,0.0064856,2.14590947859E7,1779062399999
1779062400000,0.0063,0.0072065,0.0060001,0.0060331,1645137.8646,1779076799999
1779076800000,0.0060805,0.0064089,0.0055922,0.0058371,6933903.4999,1779091199999
1779091200000,0.0058086,0.0063125,0.0054225,0.0055302,9954000.8569,1779105599999
1779105600000,0.0057423,0.0063712,0.0055118,0.00584,7850104.6301,1779119999999
1779120000000,0.0057554,0.0058559,0.0052821,0.0054234,5186325.3085,1779134399999
1779134400000,0.0053459,0.0056378,0.0052084,0.0053359,2470831.3726,1779148799999
1779148800000,0.00529,0.0053653,0.0051627,0.0051627,552563.3297,1779163199999
1779163200000,0.005178,0.0052668,0.00515,0.0052628,3160530.3847,1779177599999
1779177600000,0.0052925,0.0053467,0.0051349,0.0052,1498272.0447,1779191999999
1779192000000,0.0052121,0.0055132,0.0052,0.0052296,505616.8349,1779206399999
1779206400000,0.0053634,0.0054799,0.0051456,0.0051456,1538626.0144,1779220799999
1779220800000,0.0051663,0.0052933,0.0050343,0.0051426,1371184.9044,1779235199999
1779235200000,0.005123,0.0051297,0.0050977,0.0051297,83026.9032,1779249599999
1779249600000,0.0051334,0.0051854,0.005099,0.0051275,624395.3874,1779263999999
1779264000000,0.0051314,0.0051954,0.0050959,0.0051334,453356.2424,1779278399999
1779278400000,0.0050736,0.0052616,0.0050087,0.0051411,2017767.2601,1779292799999
1779292800000,0.0051066,0.0051305,0.0049854,0.0049854,1767930.4885,1779307199999
1779307200000,0.0050181,0.0050191,0.00495,0.00495,638742.5259,1779321599999
1779321600000,0.0050196,0.0052568,0.0050099,0.0050407,218235.2426,1779335999999
1779336000000,0.0051224,0.0054358,0.0051224,0.00536,1882622.4411,1779350399999
1779350400000,0.0053036,0.00532,0.0052287,0.0052525,795113.1189,1779364799999
1779364800000,0.0052363,0.0063778,0.0051196,0.0059578,1.35946078243E7,1779379199999
1779379200000,0.0057242,0.0059364,0.0053115,0.0058155,7777005.5499,1779393599999
1779393600000,0.0057522,0.0064,0.005614,0.0064,1.20596415024E7,1779407999999
1779408000000,0.00638,0.00966,0.0061875,0.0091468,2.31586373193E7,1779422399999
1779422400000,0.0091,0.0117347,0.0085663,0.0091286,3.875677207320003E7,1779436799999
1779436800000,0.0089768,0.0097999,0.008,0.0082286,2.91202021559E7,1779451199999
1779451200000,0.0083673,0.011457,0.0082724,0.0089908,5.739433906529997E7,1779465599999
1779465600000,0.0089285,0.0104999,0.0082289,0.0090319,5.545051379699998E7,1779479999999
1779480000000,0.0090363,0.009696,0.0080476,0.0084213,2.54206567254E7,1779494399999
1779494400000,0.0085065,0.00877,0.0072956,0.0072956,1.03184025622E7,1779508799999
1779508800000,0.0073225,0.0073696,0.0066691,0.0068136,8975968.5177,1779523199999
1779523200000,0.006818,0.0072335,0.0067057,0.0069223,4538432.4715,1779537599999
1779537600000,0.0069835,0.0084531,0.0068083,0.0084307,1.58723470136E7,1779551999999
1779552000000,0.008353,0.008353,0.0073434,0.0074719,6532200.8897,1779566399999
1779566400000,0.0075024,0.0079226,0.0072001,0.007279,9385909.0975,1779580799999
1779580800000,0.0072756,0.0074421,0.0069687,0.0069687,1156018.5752,1779595199999
1779595200000,0.0069743,0.0072278,0.0069325,0.0070255,2057793.0579,1779609599999
1779609600000,0.0069997,0.0071121,0.0068945,0.0069899,1664196.294,1779623999999
1779624000000,0.0069931,0.0078772,0.0067774,0.0069185,1.21059361593E7,1779638399999
1779638400000,0.0068901,0.0071123,0.0068003,0.0069589,5161632.3363,1779652799999
1779652800000,0.0069612,0.0070284,0.0068,0.0070284,4972462.5943,1779667199999
1779667200000,0.006967,0.006967,0.0064866,0.0065201,2829006.0872,1779681599999
1779681600000,0.0065434,0.0067394,0.0064544,0.0066078,2618898.4124,1779695999999
1779696000000,0.00657,0.00668,0.0064897,0.0065513,1437373.7824,1779710399999
1779710400000,0.0065513,0.0074879,0.0064938,0.0072985,1.25264502202E7,1779724799999
1779724800000,0.0073579,0.0076999,0.0067,0.0068021,1.74404756042E7,1779739199999
1779739200000,0.0068541,0.0072863,0.0068541,0.0068716,1653005.7438,1779753599999
1779753600000,0.0069132,0.006942,0.0065023,0.0066018,1508397.2198,1779767999999
1779768000000,0.0065852,0.0068494,0.00655,0.0066,4457836.4196,1779782399999
1779782400000,0.006643,0.006681,0.0064804,0.0065443,291887.6792,1779796799999
1779796800000,0.0065501,0.0066594,0.0062591,0.0063357,3905120.3716,1779811199999
1779811200000,0.0063564,0.0065446,0.0061977,0.0062348,2542044.7861,1779825599999
1779825600000,0.0062233,0.00629,0.0061873,0.0062523,385241.8604,1779839999999
1779840000000,0.0062519,0.0063423,0.0060325,0.006125,425035.1961,1779854399999
1779854400000,0.0060776,0.0062181,0.0060204,0.0062181,1382963.2274,1779868799999
1779868800000,0.0061653,0.0062547,0.0061,0.0062547,951853.1623,1779883199999
1779883200000,0.006237,0.00755,0.0061098,0.0075499,1.23677447906E7,1779897599999
1779897600000,0.007521,0.0082,0.0072096,0.0076512,3.06261166318E7,1779911999999
1779912000000,0.0076716,0.0097999,0.0076003,0.0085119,3.420548178000001E7,1779926399999
1779926400000,0.0084688,0.0087311,0.0075872,0.0080318,1.03621091497E7,1779940799999
1779940800000,0.0079289,0.0082323,0.0070217,0.0071891,1.52254331369E7,1779955199999
1779955200000,0.0072568,0.0075914,0.0070635,0.0071882,8576112.4671,1779969599999
1779969600000,0.0072645,0.0074082,0.0066,0.0069999,1.18926046142E7,1779983999999
1779984000000,0.0069999,0.007002,0.0067281,0.0067916,2980109.5173,1779998399999
1779998400000,0.0067889,0.0076518,0.006762,0.0073006,3848395.1695,1780012799999
1780012800000,0.0071522,0.0071689,0.0067001,0.006767,4342175.8573,1780027199999
1780027200000,0.0067677,0.0067872,0.0065795,0.0066018,2187417.6678,1780041599999
1780041600000,0.006613,0.0067,0.0064601,0.0065177,1770528.2489,1780055999999
1780056000000,0.0065255,0.0066516,0.0064169,0.0066394,4199077.7627,1780070399999
1780070400000,0.0066068,0.0066602,0.0064229,0.0065008,5874858.4578,1780084799999
1780084800000,0.0065296,0.0065971,0.0063325,0.0063595,1139607.0608,1780099199999
1780099200000,0.0063,0.0064196,0.006225,0.0063713,581425.7721,1780113599999
1780113600000,0.0063449,0.00644,0.006251,0.0063891,943299.5213,1780127999999
1780128000000,0.0063625,0.0066152,0.0062703,0.0065745,4402530.91,1780142399999
1780142400000,0.0065655,0.0067229,0.0063208,0.0064402,2326825.6002,1780156799999
1780156800000,0.0064164,0.0064164,0.006184,0.0062,4061116.911,1780171199999
1780171200000,0.006256,0.00649,0.006256,0.0063458,2629831.6378,1780185599999
1780185600000,0.006313,0.0065554,0.006313,0.0064722,208684.3063,1780199999999
1780200000000,0.0063592,0.0064483,0.0063165,0.0064215,498074.6115,1780214399999
1780214400000,0.0064279,0.0064537,0.006244,0.0062795,3231988.3388,1780228799999
1780228800000,0.0062637,0.0063649,0.00624,0.00624,1062445.0413,1780243199999
1780243200000,0.0062552,0.0062617,0.0061807,0.0061948,390464.6805,1780257599999
1780257600000,0.006216,0.0063608,0.0061953,0.0062236,612237.8146,1780271999999
1780272000000,0.006199,0.0062704,0.0060995,0.0061933,1410364.8421,1780286399999
1780286400000,0.0061838,0.0061838,0.0059533,0.0059533,1938345.9482,1780300799999
1780300800000,0.0059804,0.0060379,0.005829,0.0058829,2300294.5069,1780315199999
1780315200000,0.0058906,0.00744,0.0058593,0.0068201,2.010250568970001E7,1780329599999
1780329600000,0.0068624,0.0072349,0.0060968,0.006295,6792285.2725,1780343999999
1780344000000,0.0062028,0.0063721,0.0059,0.0059,2137917.2198,1780358399999
1780358400000,0.0059001,0.005989,0.0058887,0.005989,1115276.2708,1780372799999
1780372800000,0.0059567,0.006078,0.0057505,0.0057984,1451428.1707,1780387199999
1780387200000,0.0057699,0.006,0.0057575,0.0059577,1533450.2638,1780401599999
1780401600000,0.00588,0.006191,0.0058153,0.0058584,2859964.6262,1780415999999
1780416000000,0.0058463,0.0059424,0.0055756,0.0056327,5268317.5117,1780430399999
1780430400000,0.0057,0.0057687,0.0056187,0.0057017,389637.634,1780444799999
1780444800000,0.0057104,0.0058189,0.0057102,0.0058,61050.991,1780459199999
1780459200000,0.0057087,0.0058001,0.0056996,0.0058001,59415.0968,1780473599999
1780473600000,0.0058005,0.0058478,0.0056205,0.0057319,1258579.6544,1780487999999
1780488000000,0.0057373,0.0065,0.0056786,0.0059964,9089034.2841,1780502399999
1780502400000,0.0058169,0.0058534,0.00575,0.00575,1812577.9426,1780516799999
1780516800000,0.00575,0.00575,0.0056479,0.0056701,1608582.423,1780531199999
1780531200000,0.0056501,0.0056501,0.0054768,0.0056324,1840496.8966,1780545599999
1780545600000,0.0055795,0.0055795,0.005478,0.0055,2471157.0248,1780559999999
1780560000000,0.0055126,0.0055545,0.0053619,0.0054,2556779.8416,1780574399999
1780574400000,0.0054079,0.0055756,0.0054079,0.0055,675342.5036,1780588799999
1780588800000,0.0055016,0.00562,0.005493,0.0055174,469735.4804,1780603199999
1780603200000,0.0055001,0.0055009,0.0053837,0.0054282,476548.7918,1780617599999
1780617600000,0.0054056,0.0054056,0.005175,0.005175,294267.6357,1780631999999
1780632000000,0.0051818,0.005281,0.00502,0.0050938,1638033.3709,1780646399999
1780646400000,0.0051942,0.0054688,0.0050791,0.0050791,223516.358,1780660799999
1780660800000,0.0051781,0.0053746,0.0050144,0.0050374,586013.6241,1780675199999
1780675200000,0.005097,0.0051377,0.0048551,0.0048958,3270966.7568,1780689599999
1780689600000,0.0049883,0.0050702,0.0048919,0.0048919,140307.1953,1780703999999
1780718400000,0.0048318,0.0049216,0.0047418,0.0048847,755779.0021,1780732799999
1780732800000,0.0048856,0.0048989,0.0048095,0.0048611,824961.6216,1780747199999
1780747200000,0.0048989,0.0051202,0.0048989,0.0050743,924329.4251,1780761599999
1780761600000,0.005109,0.0054,0.0050253,0.005201,6249908.3272,1780775999999
1780776000000,0.0051953,0.0055819,0.0051613,0.005204,1805291.6895,1780790399999
1780790400000,0.0052201,0.0053506,0.0052201,0.0053407,27610.4915,1780804799999
1780804800000,0.0053176,0.0053891,0.0052445,0.0053891,574722.9683,1780819199999
1780819200000,0.0054132,0.0055051,0.0053692,0.00545,1146133.5841,1780833599999
1780833600000,0.0054445,0.0055124,0.0052821,0.0052821,2071951.7281,1780847999999
1780848000000,0.0053203,0.0055571,0.0052191,0.0052191,1277088.5732,1780862399999
1780862400000,0.0052825,0.0053723,0.005235,0.005358,100460.9794,1780876799999
1780876800000,0.005425,0.005425,0.0052951,0.0052951,23812.7141,1780891199999
1780891200000,0.0052754,0.0052754,0.0050674,0.0052009,169507.3222,1780905599999
1780905600000,0.0052161,0.0053215,0.0051509,0.005269,545217.1933,1780919999999
1780920000000,0.0052131,0.0053049,0.0051991,0.0052315,129272.2443,1780934399999
1780934400000,0.0052337,0.0052337,0.0050731,0.0051466,356728.4085,1780948799999
1780948800000,0.0051299,0.0052108,0.0050183,0.0050222,171647.6907,1780963199999
1780963200000,0.00498,0.00498,0.0049,0.0049,25205.9923,1780977599999
1780977600000,0.004944,0.0049792,0.0049176,0.0049176,103841.0228,1780991999999
1780992000000,0.00493,0.004951,0.0048768,0.004951,428458.3858,1781006399999
1781006400000,0.00493,0.005274,0.0048,0.0049747,1224530.0435,1781020799999
1781020800000,0.004841,0.0049126,0.0048,0.0049126,390495.2941,1781035199999
1781035200000,0.004893,0.00495,0.0048895,0.00495,57402.1885,1781049599999
1781049600000,0.0048888,0.0048888,0.0047566,0.0047566,171486.9441,1781063999999
1781064000000,0.0047757,0.0048194,0.0047281,0.0048194,217158.837,1781078399999
1781078400000,0.0048276,0.0048504,0.0047893,0.0048391,629155.2953,1781092799999
1781092800000,0.00484,0.0052042,0.00484,0.005049,807736.8297,1781107199999
1781107200000,0.0048265,0.0048546,0.0046944,0.0047524,419456.8063,1781121599999
1781121600000,0.0047975,0.0048088,0.0046869,0.0047121,81543.7496,1781135999999
1781136000000,0.0047975,0.0047975,0.0047975,0.0047975,1038.0406,1781150399999
1781150400000,0.0048003,0.004857,0.0047494,0.0047907,265933.3209,1781164799999
1781164800000,0.0048958,0.0049152,0.0048578,0.0048841,81876.9019,1781179199999
1781179200000,0.0048568,0.0048904,0.0048568,0.0048802,155776.0716,1781193599999
1781193600000,0.004874,0.004874,0.004865,0.004865,53640.2312,1781207999999
1781208000000,0.0048146,0.0051197,0.00478,0.0048349,2956507.0161,1781222399999
1781222400000,0.0048638,0.0048638,0.0048638,0.0048638,2056.0055,1781236799999
1781236800000,0.0048806,0.0048806,0.0048404,0.0048404,34291.6739,1781251199999
1781251200000,0.00484,0.004918,0.0048035,0.0048035,252475.6788,1781265599999
1781265600000,0.00481,0.0048513,0.0047689,0.0048512,118477.9373,1781279999999
1781280000000,0.0048162,0.0048614,0.0047692,0.0047692,194681.336,1781294399999
1781294400000,0.0047927,0.0048375,0.0047165,0.0047165,60304.8047,1781308799999
1781308800000,0.0047424,0.0047763,0.0047078,0.0047509,182042.9823,1781323199999
1781323200000,0.0047663,0.0047663,0.0047102,0.0047102,388329.0195,1781337599999
1781337600000,0.0047158,0.0047986,0.0047138,0.0047986,74748.1683,1781351999999
1781352000000,0.004786,0.0054747,0.0047804,0.0051256,5991103.1856,1781366399999
1781366400000,0.0050544,0.0051552,0.0048662,0.0049237,2575816.0985,1781380799999
1781380800000,0.005016,0.0050695,0.0049813,0.004991,673950.3141,1781395199999
1781395200000,0.0049813,0.0049857,0.0049261,0.0049691,243295.8073,1781409599999
1781409600000,0.0049519,0.0052122,0.0049143,0.0051301,419764.0468,1781423999999
1781424000000,0.0050998,0.0052619,0.0050698,0.0051896,1084619.6042,1781438399999
1781438400000,0.0051655,0.0051655,0.0049613,0.0050366,701196.7979,1781452799999
1781452800000,0.0049789,0.0049791,0.0049256,0.0049282,212105.443,1781467199999
1781467200000,0.0049534,0.0050299,0.0049445,0.0049798,30823.1084,1781481599999
1781481600000,0.005,0.005014,0.004957,0.0049647,276279.6843,1781495999999
1781496000000,0.0049802,0.0050556,0.0049802,0.0050556,74198.2353,1781510399999
1781510400000,0.0050978,0.0051426,0.0050978,0.0051426,96705.9736,1781524799999
1781524800000,0.0051065,0.0051203,0.0049319,0.0049319,277737.7982,1781539199999
1781539200000,0.0049637,0.0049981,0.0048111,0.0048111,129632.126,1781553599999
1781553600000,0.00491,0.0049217,0.0048757,0.0048963,19088.0013,1781567999999
1781568000000,0.004872,0.004872,0.0048468,0.0048505,42193.4716,1781582399999
1781582400000,0.0048769,0.0048769,0.0048745,0.0048745,3080.8349,1781596799999
1781596800000,0.0048721,0.0050327,0.0048263,0.00496,177526.3378,1781611199999
1781611200000,0.00492,0.0051248,0.0048532,0.004884,403460.2368,1781625599999
1781625600000,0.0048942,0.0049283,0.0048707,0.0048707,58251.4501,1781639999999
1781640000000,0.0049,0.0050041,0.0048937,0.0048937,143728.2357,1781654399999
1781654400000,0.0049014,0.0049026,0.004869,0.004869,46359.1004,1781668799999
1781668800000,0.004897,0.0049265,0.0048659,0.0049265,45580.261,1781683199999
1781683200000,0.0048971,0.0049354,0.0048687,0.0049322,197481.2772,1781697599999
1781697600000,0.0049359,0.0049945,0.0048704,0.0048704,433576.4864,1781711999999
1781712000000,0.0049543,0.0049662,0.0049002,0.0049002,533942.8312,1781726399999
1781726400000,0.0049405,0.0049462,0.0048777,0.0048777,496508.4568,1781740799999
1781740800000,0.0048576,0.004951,0.0048564,0.0048636,379787.4406,1781755199999
1781755200000,0.0048635,0.0048724,0.0048091,0.0048724,110812.7254,1781769599999
1781769600000,0.0048652,0.0048652,0.004803,0.0048061,653912.0461,1781783999999
1781784000000,0.0048768,0.0048792,0.00471,0.00471,319639.269,1781798399999
1781798400000,0.0047211,0.0047481,0.0046346,0.0046756,893902.8298,1781812799999
1781812800000,0.0047083,0.0047083,0.0046966,0.0046966,8934.0565,1781827199999
1781827200000,0.0047444,0.0047444,0.004682,0.0046874,72346.34,1781841599999
1781841600000,0.004666,0.0046731,0.0045981,0.0046731,476128.3357,1781855999999
1781856000000,0.0047163,0.0047317,0.0047008,0.0047008,60409.0837,1781870399999
1781870400000,0.0047069,0.0047805,0.0046694,0.0047805,435440.1186,1781884799999
1781884800000,0.0047272,0.0047272,0.0046725,0.0046967,21351.2514,1781899199999
1781899200000,0.0047088,0.0047088,0.0046785,0.0046785,3456.8966,1781913599999
1781913600000,0.00472,0.004725,0.00472,0.004725,121884.0991,1781927999999
1781928000000,0.004725,0.0047278,0.0046894,0.0046894,953722.5705,1781942399999
1781942400000,0.004726,0.004726,0.0047,0.0047106,362857.2311,1781956799999
1781956800000,0.0047249,0.0047249,0.0047249,0.0047249,4232.8938,1781971199999
1781971200000,0.0047192,0.0048153,0.0046926,0.004772,543807.3506,1781985599999
1781985600000,0.0047313,0.0047612,0.0046525,0.0046982,979180.9775,1781999999999
1782000000000,0.0046883,0.0047117,0.0046787,0.0047006,227697.466,1782014399999
1782014400000,0.0046769,0.0047125,0.0046769,0.0046998,1067826.5327,1782028799999
1782028800000,0.00467,0.00467,0.00463,0.00463,36589.8456,1782043199999
1782043200000,0.0046269,0.0046269,0.0046261,0.0046261,0.2804,1782057599999
1782072000000,0.0046632,0.0046633,0.0046632,0.0046632,87708.0065,1782086399999
1782100800000,0.0046633,0.0047008,0.0046633,0.0047008,42782.5372,1782115199999
1782129600000,0.0047492,0.0047729,0.0046209,0.0046907,1120464.7448,1782143999999
1782144000000,0.0047045,0.0048,0.0047045,0.0047999,1248333.5502,1782158399999
1782158400000,0.0047797,0.0047898,0.0047103,0.0047111,187862.1514,1782172799999
1782172800000,0.0047244,0.0047244,0.004675,0.004675,14146.0714,1782187199999
1782187200000,0.0046576,0.0046581,0.0046,0.0046,873367.7441,1782201599999
1782201600000,0.0045996,0.0045996,0.0045226,0.0045226,30159.1774,1782215999999
1782216000000,0.004545,0.0046501,0.004545,0.004545,262293.3302,1782230399999
1782230400000,0.004545,0.0045821,0.0044676,0.0044892,2891442.0594,1782244799999
1782244800000,0.0044829,0.0045248,0.0044646,0.0045176,615072.5374,1782259199999
1782273600000,0.0045199,0.0045199,0.0044346,0.0044346,820239.0146,1782287999999
1782302400000,0.0044533,0.0044926,0.00444,0.004467,284927.7605,1782316799999
1782316800000,0.004467,0.0044857,0.0042956,0.0044679,418944.0221,1782331199999
1782331200000,0.0044356,0.0044588,0.0044334,0.0044588,190006.1632,1782345599999
1782345600000,0.0044419,0.0044419,0.0044208,0.0044208,187751.6768,1782359999999
1782360000000,0.0044697,0.0044697,0.0044697,0.0044697,1123.1179,1782374399999
1782374400000,0.0044954,0.0045236,0.0044954,0.0045236,20114.4106,1782388799999
1782388800000,0.0044718,0.0045191,0.00433,0.0043924,987610.7545,1782403199999
1782403200000,0.0044706,0.0044706,0.0043187,0.0043239,163223.2667,1782417599999
1782417600000,0.00435,0.0043568,0.0043373,0.0043568,31361.645,1782431999999
1782432000000,0.0043662,0.0043912,0.0043329,0.0043329,51782.1651,1782446399999
1782446400000,0.0043524,0.0044529,0.0043514,0.0044345,2907353.8967,1782460799999
1782460800000,0.0044362,0.0044374,0.0043868,0.0043868,44906.5603,1782475199999
1782475200000,0.0043877,0.0044306,0.004301,0.0044306,119802.6168,1782489599999
1782489600000,0.00443,0.00443,0.0044105,0.0044105,30842.8311,1782503999999
1782504000000,0.004423,0.0044291,0.0044068,0.0044291,104740.8998,1782518399999
1782518400000,0.0044274,0.0044423,0.0044274,0.0044423,90593.3333,1782532799999
1782532800000,0.0043769,0.0043769,0.0043319,0.0043585,66648.5997,1782547199999
1782547200000,0.0043567,0.0043656,0.0043567,0.0043656,17945.3684,1782561599999
1782576000000,0.0043435,0.0043759,0.0042874,0.0042874,196547.6465,1782590399999
1782590400000,0.0043046,0.0043322,0.0043,0.0043,133426.8271,1782604799999
1782604800000,0.0042731,0.0042731,0.004255,0.004255,13599.1437,1782619199999
1782633600000,0.004288,0.00432,0.0042381,0.0042536,395020.225,1782647999999
1782648000000,0.00425,0.004299,0.0042098,0.004248,2968957.9825,1782662399999
1782662400000,0.004226,0.0042267,0.00412,0.0041416,1547227.9618,1782676799999
1782676800000,0.00412,0.0041385,0.0040852,0.0041132,209789.2744,1782691199999
1782691200000,0.0041362,0.0041531,0.0041269,0.0041269,26451.4718,1782705599999
1782705600000,0.0041289,0.0042293,0.0040872,0.004216,332388.4257,1782719999999
1782720000000,0.0041684,0.0041802,0.0041132,0.0041146,174916.1681,1782734399999
1782734400000,0.0041678,0.0042062,0.0041134,0.0041664,225385.0124,1782748799999
1782748800000,0.0041546,0.0042511,0.0041207,0.0041741,979594.6999,1782763199999
1782763200000,0.0041948,0.004228,0.0041632,0.0042063,90250.3213,1782777599999
1782777600000,0.0041803,0.0041803,0.0041498,0.0041498,33546.299,1782791999999
1782792000000,0.004124,0.0041633,0.004124,0.0041632,38579.8041,1782806399999
1782806400000,0.00408,0.0041306,0.00408,0.0041306,262217.0943,1782820799999
1782820800000,0.0040617,0.0040617,0.004022,0.0040415,15017.0676,1782835199999
1782849600000,0.0040424,0.0040441,0.0039794,0.0039819,56831.2341,1782863999999
1782878400000,0.0039968,0.0040274,0.0039744,0.0040274,156555.8156,1782892799999
1782892800000,0.0040208,0.0040208,0.0039561,0.0039561,75932.7951,1782907199999
1782907200000,0.0040134,0.0041104,0.0040134,0.0040665,179169.9871,1782921599999
1782921600000,0.0041,0.0041122,0.0040597,0.004112,235493.5735,1782935999999
1782936000000,0.004063,0.0041779,0.0040394,0.0041001,166475.5745,1782950399999
1782950400000,0.0040348,0.0040348,0.0040348,0.0040348,2238.0292,1782964799999
1782964800000,0.004085,0.004085,0.004085,0.004085,1708.6903,1782979199999
1782979200000,0.0040451,0.0040513,0.0040244,0.0040244,43019.017,1782993599999
1782993600000,0.0040464,0.0040788,0.0040464,0.004047,71912.8901,1783007999999
1783008000000,0.004068,0.0040729,0.004068,0.0040729,14743.1059,1783022399999
1783022400000,0.0040857,0.0044413,0.0040857,0.0043363,80043.6358,1783036799999
1783036800000,0.0041769,0.0041789,0.0041388,0.0041554,169840.557,1783051199999
1783065600000,0.0041584,0.0042039,0.0041469,0.0041841,68222.3815,1783079999999
1783080000000,0.0042001,0.0042034,0.0041625,0.0041882,110195.9745,1783094399999
1783094400000,0.0042081,0.0042593,0.0041728,0.0041752,59995.361,1783108799999
1783108800000,0.0041881,0.0042216,0.0041881,0.0042216,1671226.6787,1783123199999
1783123200000,0.0042484,0.0042484,0.0042094,0.0042328,8196.2241,1783137599999
1783137600000,0.0042008,0.0042867,0.0041597,0.004249,92900.8783,1783151999999
1783152000000,0.0042942,0.004322,0.0042629,0.004322,5778.4337,1783166399999
1783166400000,0.0042886,0.0043233,0.0042435,0.0043233,652427.6674,1783180799999
1783180800000,0.004323,0.0043424,0.0042699,0.0043224,1097026.4353,1783195199999
1783195200000,0.0042799,0.0042799,0.0042272,0.0042509,901688.343,1783209599999
1783224000000,0.0041834,0.0042048,0.0041582,0.0042048,40119.7513,1783238399999
1783238400000,0.0041907,0.0041912,0.0041907,0.0041912,7312.1374,1783252799999
1783252800000,0.0041825,0.0042074,0.0041503,0.0041503,110337.5187,1783267199999
1783267200000,0.004174,0.0042157,0.0041503,0.0042157,273807.2965,1783281599999
1783281600000,0.0041561,0.0041561,0.004128,0.0041358,25637.9919,1783295999999
1783310400000,0.004105,0.004105,0.004058,0.0040581,43634.4622,1783324799999
1783324800000,0.0040553,0.0041312,0.00405,0.0040608,87454.3162,1783339199999
1783339200000,0.0040367,0.0040367,0.0040214,0.0040214,208000.0,1783353599999
1783368000000,0.0040613,0.0041016,0.0040512,0.0040836,238030.1386,1783382399999
1783382400000,0.0040629,0.0040629,0.0040629,0.0040629,1841.0494,1783396799999
1783396800000,0.0040626,0.004094,0.0040626,0.004094,55837.5481,1783411199999
1783411200000,0.0040535,0.0040886,0.004053,0.0040886,202544.0356,1783425599999
1783425600000,0.0040659,0.0040923,0.0040353,0.0040789,2028116.469,1783439999999
1783440000000,0.0040642,0.004089,0.00395,0.0039955,215059.7,1783454399999
1783454400000,0.0039516,0.0039841,0.0039209,0.0039379,233553.5448,1783468799999
1783468800000,0.0039061,0.0039067,0.0038709,0.0038709,43489.8974,1783483199999
1783483200000,0.0038964,0.0038964,0.0037774,0.0038,215092.3773,1783497599999
1783497600000,0.0038101,0.0038101,0.0037081,0.0037227,448263.1491,1783511999999
1783512000000,0.0037874,0.0038023,0.0035679,0.0035679,104547.8488,1783526399999
1783526400000,0.0036367,0.0036367,0.0035599,0.0036221,363941.2639,1783540799999
1783540800000,0.0035812,0.0035812,0.0035258,0.0035765,2040317.2879,1783555199999
1783555200000,0.0035954,0.0036221,0.0034108,0.0034437,43252.5509,1783569599999
1783569600000,0.0034614,0.0036712,0.0034614,0.0036712,1604968.1014,1783583999999
1783584000000,0.003663,0.003716,0.003563,0.0037013,1491014.0877,1783598399999
1783598400000,0.0036892,0.0038441,0.0036892,0.0036971,389859.7879,1783612799999
1783612800000,0.0037229,0.0037904,0.0036949,0.0037543,214594.52,1783627199999
1783627200000,0.0037474,0.0037612,0.0037161,0.0037161,204683.9033,1783641599999
1783641600000,0.0037098,0.0037098,0.0036487,0.0036723,30432.1642,1783655999999
1783656000000,0.0036723,0.00369,0.0036245,0.0036245,196040.7931,1783670399999
1783670400000,0.0036266,0.0038273,0.0036134,0.0037717,276496.1448,1783684799999
1783684800000,0.0037672,0.0037672,0.0037183,0.0037183,11242.3,1783699199999
1783699200000,0.0037568,0.0037866,0.0037568,0.0037866,4224.749,1783713599999
1783713600000,0.0037774,0.0037866,0.0037436,0.0037436,88490.0,1783727999999
1783742400000,0.0037548,0.004512,0.0037331,0.0041379,6712016.4928,1783756799999
1783756800000,0.0041986,0.0043016,0.0037222,0.0037222,5334742.8057,1783771199999
1783771200000,0.0037371,0.0037371,0.0036534,0.00372,363159.2786,1783785599999
1783785600000,0.0037082,0.0037269,0.0036795,0.003717,878511.9831,1783799999999
1783800000000,0.0037024,0.0042239,0.0036367,0.0036845,999081.572,1783814399999
1783814400000,0.0036976,0.0036976,0.0036845,0.0036845,2705.4185,1783828799999
1783828800000,0.0037546,0.0037918,0.0037361,0.003765,76060.5949,1783843199999
1783843200000,0.0037518,0.003765,0.0037016,0.0037385,286319.0277,1783857599999
1783857600000,0.0038065,0.0038886,0.0038065,0.0038415,167158.6186,1783871999999
1783872000000,0.0038677,0.0042319,0.0037968,0.0039645,4809967.9884,1783886399999
1783886400000,0.0039524,0.0044717,0.0038312,0.0040646,1.0797157461E7,1783900799999
1783900800000,0.0041515,0.0041981,0.0037739,0.0038234,4605484.5111,1783915199999
1783915200000,0.0038198,0.0039052,0.0038105,0.003899,1166516.2661,1783929599999
1783929600000,0.0039023,0.0039261,0.0038,0.0038002,1469164.4964,1783943999999
1783944000000,0.0038028,0.0039343,0.0037709,0.003783,585885.7086,1783958399999
1783958400000,0.0037782,0.0037945,0.0037527,0.0037527,157131.9442,1783972799999
1783972800000,0.0037372,0.0037372,0.0036667,0.0036667,961667.0775,1783987199999
1783987200000,0.003632,0.003632,0.0035479,0.0035479,91958.2294,1784001599999
1784001600000,0.0035521,0.0036175,0.0035503,0.0036015,2034029.8099,1784015999999
1784016000000,0.0036006,0.003614,0.0035277,0.0035351,196319.0481,1784030399999
1784030400000,0.0035681,0.0035966,0.0035465,0.003589,452477.5191,1784044799999
1784044800000,0.0035701,0.0035701,0.0035301,0.0035645,658637.1798,1784059199999
1784059200000,0.0035645,0.0035895,0.0035553,0.0035831,90992.5734,1784073599999
1784073600000,0.0035,0.0035,0.003458,0.003458,33939.5393,1784087999999
1784088000000,0.0034464,0.0034464,0.0034278,0.0034423,748695.0278,1784102399999
1784102400000,0.0034244,0.0034366,0.0034171,0.0034366,1664490.2685,1784116799999
1784116800000,0.003441,0.0034695,0.003441,0.0034622,375701.5349,1784131199999
1784131200000,0.0034471,0.0034564,0.003436,0.0034564,82119.6331,1784145599999
1784145600000,0.0034061,0.003413,0.0033958,0.003413,233783.2055,1784159999999
1784160000000,0.0034,0.0034,0.0034,0.0034,293144.1176,1784174399999
1784174400000,0.0034031,0.0034346,0.0034031,0.0034309,133595.2092,1784188799999
1784188800000,0.0034037,0.0034064,0.0034037,0.0034037,594062.4093,1784203199999
1784203200000,0.0034037,0.0046836,0.00335,0.0041,3.3982083042E7,1784217599999
1784217600000,0.00412,0.00475,0.0036711,0.0043197,2.35156067233E7,1784231999999
1784232000000,0.0042801,0.0047005,0.0040048,0.0045499,2.09573599911E7,1784246399999
1784246400000,0.0045087,0.0045999,0.0038125,0.0038281,4796529.6338,1784260799999
1784260800000,0.0038138,0.0038397,0.0035654,0.0035654,5080707.1875,1784275199999
1784275200000,0.003576,0.0036317,0.0035176,0.0035199,4498442.1201,1784289599999
1784289600000,0.0035402,0.0037842,0.0035088,0.0037473,8328750.1579,1784303999999
1784304000000,0.0037223,0.0037727,0.0035865,0.0035865,452890.2892,1784318399999
1784318400000,0.0035682,0.0035682,0.0034574,0.0034977,553009.6257,1784332799999
1784332800000,0.0034948,0.0035748,0.0034866,0.003501,283133.8991,1784347199999
1784347200000,0.0034948,0.0035654,0.003483,0.0034924,1257424.4398,1784361599999
1784361600000,0.0035347,0.0035348,0.003482,0.0035276,894467.2,1784375999999
1784376000000,0.0035264,0.0036247,0.0035264,0.0036235,22177.8531,1784390399999
1784390400000,0.0035337,0.0036324,0.0034484,0.0034868,1049385.2631,1784404799999
1784404800000,0.003463,0.0038531,0.003411,0.0036355,5870108.0143,1784419199999
1784419200000,0.0036248,0.0036248,0.0035608,0.0035733,106492.542,1784433599999
1784433600000,0.0035377,0.0035909,0.003518,0.0035641,573451.2754,1784447999999
1784448000000,0.0035648,0.0035747,0.0034698,0.0034801,502699.5536,1784462399999
1784462400000,0.0035182,0.0035471,0.0034834,0.0034853,206767.038,1784476799999
1784476800000,0.0035027,0.0035271,0.0034825,0.0034865,110554.239,1784491199999
1784491200000,0.0035258,0.0035406,0.0034785,0.0034836,253713.221,1784505599999
1784505600000,0.0034955,0.0034955,0.0034585,0.0034589,599900.1674,1784519999999
1784520000000,0.0034469,0.0035,0.0034469,0.0034589,242993.4719,1784534399999
1784534400000,0.0034902,0.0034999,0.0034469,0.0034469,496909.43,1784548799999
1784548800000,0.0034469,0.0034903,0.0034469,0.0034845,667463.5595,1784563199999
1784563200000,0.0034724,0.0034724,0.0034469,0.0034702,587561.1781,1784577599999
1784577600000,0.0034713,0.0034983,0.0034629,0.0034834,141267.1206,1784591999999
1784592000000,0.0034661,0.0034661,0.0034469,0.0034469,60594.7569,1784606399999
1784606400000,0.0034841,0.0034998,0.00347,0.00347,117191.9763,1784620799999
1784620800000,0.0034961,0.0035,0.00347,0.0034701,1086052.1765,1784635199999
1784635200000,0.0034501,0.0038217,0.00344,0.00345,1.4905588036E7,1784649599999
1784649600000,0.00344,0.0035499,0.0034241,0.0034652,350427.2457,1784663999999
1784664000000,0.0034863,0.0034863,0.0034863,0.0034863,2874.7397,1784678399999
1784678400000,0.0034926,0.0035459,0.0034801,0.0034848,790506.2494,1784692799999
1784692800000,0.00348,0.0035011,0.00345,0.0035011,13462.4244,1784707199999
1784707200000,0.0034835,0.0035157,0.003449,0.00346,1537878.3554,1784721599999
1784721600000,0.00346,0.0035393,0.00346,0.0035009,2309267.1021,1784735999999
1784736000000,0.0035001,0.003599,0.00348,0.0034921,329475.3657,1784750399999
1784750400000,0.0035027,0.0035027,0.00349,0.0034925,122878.7216,1784764799999
1784779200000,0.0035182,0.00352,0.0035182,0.00352,539595.0287,1784793599999
1784793600000,0.00353,0.003565,0.00352,0.00352,1023844.5596,1784807999999
1784808000000,0.0035146,0.0035335,0.00348,0.00348,66651.2593,1784822399999
1784822400000,0.00348,0.00348,0.003405,0.0034347,1839176.8691,1784836799999
1784836800000,0.0034489,0.003477,0.0034401,0.0034401,124076.4063,1784851199999
1784851200000,0.00344,0.00344,0.00344,0.00344,400232.5581,1784865599999
1784865600000,0.0034466,0.0034466,0.0034372,0.0034372,4833.2946,1784879999999
1784880000000,0.00344,0.00344,0.00344,0.00344,2598508.7209,1784894399999
1784894400000,0.0034255,0.0034444,0.0033465,0.0033725,5398663.4797,1784908799999
1784908800000,0.003345,0.003345,0.00332,0.0033405,164539.4416,1784923199999
1784923200000,0.0033224,0.0033848,0.0032952,0.0032952,271606.1525,1784937599999
1784937600000,0.0033023,0.0033069,0.0033022,0.0033069,21177.6513,1784951999999
1784952000000,0.0032727,0.00332,0.0032283,0.00332,930957.6994,1784966399999
1784966400000,0.0032988,0.0033228,0.0032688,0.0032693,281043.6853,1784980799999
1784980800000,0.0032892,0.0032973,0.0032835,0.0032973,42826.2836,1784995199999
1784995200000,0.0033577,0.0033845,0.0033577,0.0033844,125915.814,1785009599999
1785024000000,0.0034,0.0037,0.0033386,0.0033606,742226.1876,1785038399999
1785038400000,0.0033185,0.0033537,0.00323,0.00323,95994.455,1785052799999
1785052800000,0.003285,0.0033022,0.0029857,0.0032533,6498850.03400001,1785067199999
1785067200000,0.0032442,0.0033541,0.0032233,0.0033541,1457127.6628,1785081599999
1785081600000,0.0032598,0.0032676,0.0032,0.0032226,162185.4872,1785095999999
1785096000000,0.0032658,0.0032886,0.0032226,0.003254,101492.5957,1785110399999
1785110400000,0.0032468,0.0032885,0.0032403,0.0032768,872640.8305,1785124799999
1785124800000,0.0032735,0.0033178,0.0032241,0.0032618,407250.283,1785139199999
1785139200000,0.0032327,0.0033835,0.0031496,0.0032867,1557657.0882,1785153599999
1785153600000,0.0032971,0.0052093,0.0032778,0.0046,4.80655081393E7,1785167999999
1785168000000,0.0046,0.0048727,0.004026,0.0041117,3.26825580619E7,1785182399999
1785182400000,0.0041471,0.0051239,0.003942,0.0049845,1.70206652981E7,1785196799999
1785196800000,0.0049256,0.0049275,0.0042173,0.0045432,7707676.9828,1785211199999
1785211200000,0.0045311,0.0045311,0.0036258,0.0036726,5597448.6359,1785225599999
1785225600000,0.0036626,0.0037759,0.0035103,0.0035507,3583944.8792,1785239999999
1785240000000,0.0035822,0.0038958,0.0034635,0.0034684,5263684.4455,1785254399999
1785254400000,0.0034838,0.0035748,0.0033487,0.0035023,1723925.5502,1785268799999
1785268800000,0.0035135,0.0036626,0.0034169,0.0035262,1594065.0661,1785283199999
1785283200000,0.0035103,0.0036958,0.00337,0.0035571,946791.8884,1785297599999
1785297600000,0.0034919,0.0035739,0.0033811,0.0033811,1527801.6276,1785311999999
1785312000000,0.0033808,0.0034008,0.003311,0.0033707,1426242.9572,1785326399999
1785326400000,0.0033707,0.004455,0.003365,0.0036674,1.51967233638E7,1785340799999
1785340800000,0.0037083,0.0039594,0.0034457,0.0035,4348925.1746,1785355199999
1785355200000,0.0034969,0.0034969,0.0033001,0.0033671,4040285.3239,1785369599999
1785369600000,0.0033671,0.0033921,0.0033301,0.0033921,618830.3143,1785383999999
1785384000000,0.0033784,0.0034065,0.00337,0.0034036,651060.8395,1785398399999
1785398400000,0.0033816,0.0034576,0.0033701,0.0033988,642607.1872,1785412799999
1785412800000,0.0033989,0.0035206,0.00337,0.0034265,4684889.0425,1785427199999
1785427200000,0.0033785,0.0035189,0.00337,0.003436,1313197.1722,1785441599999
1785441600000,0.0034424,0.0034675,0.0034,0.0034,440714.7588,1785455999999
1785456000000,0.0034125,0.0034566,0.00337,0.00337,1119389.645,1785470399999
1785470400000,0.00337,0.0034132,0.00335,0.0034076,527226.4819,1785484799999
1785484800000,0.0033786,0.003449,0.00335,0.003449,1823116.0397,1785499199999
1785499200000,0.0033596,0.0033622,0.00335,0.00335,209498.6756,1785513599999
1785513600000,0.00335,0.00335,0.00333,0.0033394,489432.6286,1785527999999
1785528000000,0.003313,0.0033551,0.0033124,0.0033501,245450.631,1785542399999
1785542400000,0.0033561,0.0033707,0.0033561,0.0033667,83513.9512,1785556799999
1785556800000,0.0033657,0.0033853,0.0033079,0.003308,253451.7221,1785571199999
1785571200000,0.0033136,0.003346,0.0033084,0.0033179,252020.165,1785585599999
1785585600000,0.0033842,0.0037659,0.0033371,0.00334,8081726.5731,1785599999999
1785600000000,0.003335,0.0033654,0.00331,0.00331,906940.4603,1785614399999
1785614400000,0.00331,0.0033152,0.00331,0.00331,252893.19,1785628799999
1785628800000,0.0033327,0.0035188,0.00333,0.0034196,1045110.6518,1785643199999
1785643200000,0.0033445,0.0033749,0.0033301,0.0033749,420979.2244,1785657599999
1785657600000,0.00337,0.003618,0.0033322,0.0034046,922069.0897,1785671999999
1785672000000,0.0034128,0.00351,0.003367,0.0033782,4809303.2273,1785686399999
1785686400000,0.003386,0.003386,0.0033336,0.0033336,869776.5767,1785700799999
1785700800000,0.003349,0.0034411,0.00332,0.00332,1430629.7775,1785715199999
1785715200000,0.0033504,0.0035605,0.00332,0.00341,1208428.3208,1785729599999
1785729600000,0.0034171,0.0034433,0.0033847,0.003397,963488.4005,1785743999999
1785744000000,0.0033652,0.0034326,0.00332,0.00332,2369743.8787,1785758399999
1785758400000,0.00332,0.0035041,0.0033143,0.0033653,4336940.3223,1785772799999
1785772800000,0.0033736,0.0034898,0.0032725,0.0034117,6278671.4342,1785787199999
1785787200000,0.0034144,0.0034231,0.0033001,0.0033798,870484.5446,1785801599999
1785801600000,0.0033867,0.0033948,0.0033516,0.0033885,153862.685,1785815999999
1785816000000,0.0033431,0.003393,0.0033431,0.003366,123962.662,1785830399999
1785830400000,0.00336,0.0033858,0.00335,0.0033522,789432.3507,1785844799999
1785844800000,0.0033544,0.0033868,0.0033211,0.0033211,576063.3072,1785859199999
1785859200000,0.0033498,0.0033909,0.0033498,0.0033909,139842.8996,1785873599999
1785873600000,0.0033649,0.0033777,0.0033151,0.0033151,207768.8586,1785887999999
1785888000000,0.0033152,0.0034011,0.0033151,0.0033655,589255.5372,1785902399999
1785902400000,0.0033742,0.0033899,0.0033151,0.0033151,600572.2909,1785916799999
1785916800000,0.003311,0.00345,0.0032712,0.0033241,4966163.565,1785931199999
1785931200000,0.0033188,0.0038714,0.0033186,0.0037798,1.15726054811E7,1785945599999
1785945600000,0.0038129,0.0038514,0.0034099,0.0034784,8680236.904,1785959999999
1785960000000,0.0035003,0.0035064,0.0033973,0.0033973,52636.8938,1785974399999
1785974400000,0.0034269,0.0035617,0.00338,0.0034691,685534.8169,1785988799999
1785988800000,0.003476,0.0036642,0.0033545,0.003445,2684308.4719,1786003199999
1786003200000,0.0034514,0.003516,0.00338,0.0034709,416999.371,1786017599999
1786017600000,0.0033908,0.0034482,0.00338,0.0034437,167375.6947,1786031999999
1786032000000,0.0034254,0.0034405,0.0034254,0.0034405,733559.4305,1786046399999
1786046400000,0.00343,0.00343,0.00343,0.00343,41447.8489,1786060799999
1786060800000,0.0034116,0.0034116,0.0034116,0.0034116,1500.0,1786075199999
1786075200000,0.003448,0.0035456,0.003394,0.0034451,208271.6273,1786089599999
1786089600000,0.0034542,0.0034939,0.0034458,0.0034699,109583.7956,1786103999999
1786104000000,0.0034488,0.0036512,0.0034438,0.0034661,322517.8177,1786118399999
1786118400000,0.0034634,0.0037405,0.0034375,0.0034734,1278887.5726,1786132799999
1786132800000,0.0035106,0.0035481,0.0034936,0.0035021,249579.0019,1786147199999
1786147200000,0.0035133,0.0035133,0.0034609,0.0034609,26660.7057,1786161599999
1786161600000,0.0034613,0.0034613,0.0034372,0.0034372,12873.1012,1786175999999
1786176000000,0.0034504,0.0034504,0.0034206,0.0034252,32939.2548,1786190399999
1786190400000,0.0034518,0.0035177,0.00344,0.0035092,669588.6562,1786204799999
1786204800000,0.003488,0.0035187,0.0034819,0.003488,40614.5849,1786219199999
1786219200000,0.0035026,0.0035231,0.00344,0.00344,225886.0731,1786233599999
1786233600000,0.00344,0.00344,0.00344,0.00344,16262.3,1786247999999
1786248000000,0.0034624,0.003493,0.0034624,0.0034624,185731.3244,1786262399999
1786262400000,0.0034419,0.0034729,0.0034116,0.0034708,237882.6406,1786276799999
1786276800000,0.0034389,0.0034389,0.0034389,0.0034389,16188.0,1786291199999
1786291200000,0.0034591,0.0035,0.0034365,0.0034366,800238.8234,1786305599999
1786334400000,0.0034141,0.0034805,0.0034,0.0034,1123668.5587,1786348799999
1786348800000,0.0034054,0.00345,0.0034054,0.00345,1126168.4307,1786363199999
1786363200000,0.0034456,0.0034613,0.0034294,0.0034294,64194.0612,1786377599999
1786377600000,0.0034558,0.0034831,0.0034337,0.0034831,393605.2726,1786391999999
