openTime,open,high,low,close,volume,closeTime
1723478400000,59899.0,59899.0,59288.0,59288.0,1.0040855,1723485599999
1723485600000,58833.0,58987.0,58767.0,58962.0,0.36046388,1723492799999
1723492800000,59041.0,59070.0,58613.0,59070.0,0.53093249,1723499999999
1723500000000,59096.0,59289.0,59095.0,59289.0,0.039646,1723507199999
1723507200000,59769.0,59769.0,59610.0,59610.0,0.034228,1723514399999
1723514400000,59471.0,59515.0,59103.0,59103.0,0.07182646,1723521599999
1723521600000,59024.0,59237.0,59024.0,59237.0,0.02440203,1723528799999
1723528800000,59164.0,59432.0,59164.0,59171.0,0.19935993,1723535999999
1723536000000,59121.0,59121.0,59121.0,59121.0,0.002,1723543199999
1723543200000,58709.0,58797.0,58556.0,58782.0,1.00921563,1723550399999
1723550400000,58979.0,59413.0,58978.0,59413.0,0.30757833,1723557599999
1723557600000,59434.0,59711.0,59234.0,59387.0,0.044627,1723564799999
1723564800000,59719.0,61403.0,59719.0,61005.0,1.42408564,1723571999999
1723572000000,61125.0,61125.0,60290.0,60561.0,0.19562771,1723579199999
1723579200000,61000.0,61000.0,61000.0,61000.0,0.068886,1723586399999
1723586400000,60666.0,60666.0,60628.0,60628.0,0.09631527,1723593599999
1723600800000,61228.0,61228.0,61228.0,61228.0,0.03,1723607999999
1723608000000,60892.0,60894.0,60892.0,60892.0,0.077,1723615199999
1723615200000,60790.0,60790.0,60733.0,60733.0,0.02107843,1723622399999
1723629600000,60965.0,61306.0,60965.0,61167.0,0.0114213,1723636799999
1723636800000,61426.0,61714.0,59700.0,59700.0,3.9645596,1723643999999
1723644000000,59500.0,59748.0,58947.0,59448.0,0.81075514,1723651199999
1723651200000,59449.0,59449.0,58723.0,59136.0,1.03362562,1723658399999
1723658400000,59456.0,59456.0,58819.0,58994.0,0.32127129,1723665599999
1723665600000,59010.0,59010.0,59010.0,59010.0,0.018,1723672799999
1723672800000,58700.0,58976.0,58557.0,58906.0,0.2012324,1723679999999
1723680000000,58200.0,58300.0,58015.0,58300.0,0.32131172,1723687199999
1723687200000,58395.0,58395.0,58395.0,58395.0,0.02398041,1723694399999
1723694400000,58300.0,58300.0,58300.0,58300.0,0.072,1723701599999
1723701600000,58269.0,58269.0,57912.0,57912.0,0.02243198,1723708799999
1723708800000,58234.0,58534.0,58234.0,58534.0,0.01136334,1723715999999
1723716000000,58500.0,58588.0,58334.0,58588.0,0.0235,1723723199999
1723723200000,58751.0,59355.0,58557.0,59355.0,1.40031277,1723730399999
1723730400000,59470.0,59649.0,59328.0,59614.0,0.54853361,1723737599999
1723737600000,59734.0,59857.0,59220.0,59220.0,0.25418765,1723744799999
1723744800000,58624.0,58624.0,56767.0,57175.0,2.81473642,1723751999999
1723752000000,56922.0,57267.0,56173.0,57261.0,2.24586546,1723759199999
1723759200000,57591.0,57591.0,57591.0,57591.0,0.072928,1723766399999
1723773600000,58033.0,58280.0,58011.0,58011.0,0.46018584,1723780799999
1723780800000,57927.0,57927.0,57927.0,57927.0,0.011524,1723787999999
1723788000000,58397.0,58397.0,58389.0,58389.0,0.08327838,1723795199999
1723795200000,58459.0,58572.0,58343.0,58561.0,0.02195241,1723802399999
1723802400000,58348.0,58458.0,58348.0,58406.0,0.02943459,1723809599999
1723809600000,57935.0,58823.0,57856.0,58182.0,0.3825721,1723816799999
1723824000000,58364.0,59000.0,58364.0,59000.0,1.46309554,1723831199999
1723831200000,59173.0,59800.0,59173.0,59780.0,0.43745319,1723838399999
1723838400000,59121.0,59143.0,59121.0,59143.0,0.05454896,1723845599999
1723845600000,59042.0,59042.0,59042.0,59042.0,0.071036,1723852799999
1723852800000,59364.0,59364.0,59364.0,59364.0,0.070692,1723859999999
1723860000000,59089.0,59089.0,59082.0,59082.0,0.071036,1723867199999
1723867200000,59225.0,59225.0,59225.0,59225.0,0.00126699,1723874399999
1723881600000,59243.0,59243.0,59243.0,59243.0,0.00108378,1723888799999
1723896000000,59212.0,59418.0,59212.0,59418.0,0.06663919,1723903199999
1723903200000,59595.0,59597.0,59595.0,59597.0,0.06715602,1723910399999
1723924800000,59276.0,59276.0,59276.0,59276.0,0.06326234,1723931999999
1723946400000,59900.0,60200.0,59900.0,60200.0,0.11170841,1723953599999
1723953600000,59481.0,59597.0,59481.0,59597.0,0.0755999,1723960799999
1723968000000,59497.0,60018.0,59470.0,60018.0,1.02680622,1723975199999
1723982400000,60180.0,60205.0,60054.0,60054.0,0.00360966,1723989599999
1723989600000,59773.0,59773.0,59773.0,59773.0,0.002,1723996799999
1723996800000,59930.0,59930.0,59511.0,59511.0,0.23623051,1724003999999
1724011200000,59845.0,59845.0,59576.0,59606.0,0.19031188,1724018399999
1724018400000,59194.0,59194.0,58568.0,58568.0,0.16703721,1724025599999
1724025600000,58399.0,58519.0,58333.0,58333.0,0.32734154,1724032799999
1724032800000,58622.0,58670.0,58622.0,58670.0,0.04423622,1724039999999
1724040000000,58478.0,58498.0,58470.0,58498.0,0.15337386,1724047199999
1724054400000,58560.0,58643.0,58000.0,58000.0,1.54996178,1724061599999
1724061600000,58000.0,58340.0,57877.0,58340.0,0.31581841,1724068799999
1724068800000,58478.0,58876.0,58314.0,58314.0,0.08384648,1724075999999
1724076000000,58387.0,58387.0,58387.0,58387.0,0.019952,1724083199999
1724083200000,58620.0,59250.0,58600.0,58899.0,0.97657705,1724090399999
1724090400000,59109.0,59223.0,59109.0,59223.0,0.1217368,1724097599999
1724104800000,59471.0,59566.0,59471.0,59565.0,0.1378222,1724111999999
1724112000000,60133.0,60811.0,60124.0,60811.0,0.61594437,1724119199999
1724119200000,60650.0,60650.0,60650.0,60650.0,8.2646E-4,1724126399999
1724126400000,60688.0,61380.0,60688.0,61380.0,1.17668586,1724133599999
1724133600000,61004.0,61134.0,60922.0,60927.0,0.10503977,1724140799999
1724140800000,60887.0,60887.0,60868.0,60868.0,0.31544111,1724147999999
1724148000000,60668.0,60668.0,60659.0,60659.0,0.15,1724155199999
1724155200000,60636.0,60774.0,60617.0,60774.0,0.14059654,1724162399999
1724162400000,60788.0,60788.0,58758.0,58800.0,2.65231556,1724169599999
1724169600000,58923.0,58950.0,58630.0,58932.0,0.32561523,1724176799999
1724176800000,59122.0,59477.0,59122.0,59477.0,0.15037225,1724183999999
1724184000000,59455.0,59719.0,58911.0,59276.0,1.03475509,1724191199999
1724198400000,58800.0,58800.0,58800.0,58800.0,0.00135986,1724205599999
1724220000000,59595.0,59595.0,59595.0,59595.0,0.002,1724227199999
1724227200000,59769.0,59818.0,59388.0,59408.0,0.10736881,1724234399999
1724234400000,59387.0,59387.0,59387.0,59387.0,0.001,1724241599999
1724241600000,59605.0,59619.0,58915.0,59609.0,0.11938148,1724248799999
1724248800000,59950.0,60089.0,59312.0,59312.0,3.72112294,1724255999999
1724256000000,59534.0,59972.0,59534.0,59972.0,0.99494734,1724263199999
1724263200000,60219.0,61564.0,60219.0,61564.0,5.0099141,1724270399999
1724270400000,61700.0,61843.0,61035.0,61271.0,2.98508353,1724277599999
1724277600000,61296.0,61296.0,61158.0,61171.0,0.205712,1724284799999
1724284800000,60825.0,60825.0,60825.0,60825.0,0.04909998,1724291999999
1724292000000,60422.0,60422.0,59843.0,60049.0,0.18973177,1724299199999
1724299200000,60700.0,60813.0,60700.0,60813.0,0.73592379,1724306399999
1724306400000,60730.0,61086.0,60730.0,61038.0,0.18173175,1724313599999
1724313600000,60943.0,61057.0,60834.0,60858.0,0.085972,1724320799999
1724320800000,60904.0,61296.0,60904.0,61296.0,0.03897413,1724327999999
1724328000000,61122.0,61125.0,60498.0,60844.0,1.09625202,1724335199999
1724335200000,60554.0,60654.0,60291.0,60291.0,0.26520376,1724342399999
1724342400000,60494.0,60494.0,60494.0,60494.0,0.012986,1724349599999
1724349600000,60315.0,60344.0,60315.0,60344.0,0.36082417,1724356799999
1724356800000,60440.0,60634.0,60309.0,60634.0,1.02245767,1724363999999
1724371200000,60913.0,60949.0,60913.0,60949.0,0.00263278,1724378399999
1724392800000,60941.0,61264.0,60920.0,60993.0,0.08335426,1724399999999
1724400000000,61311.0,61311.0,61019.0,61034.0,0.14676722,1724407199999
1724407200000,61022.0,61022.0,60723.0,60723.0,0.028091,1724414399999
1724414400000,60990.0,61231.0,60990.0,61021.0,0.00766979,1724421599999
1724421600000,61244.0,62300.0,60880.0,61573.0,0.54659062,1724428799999
1724428800000,61672.0,63026.0,61672.0,63026.0,0.31651458,1724435999999
1724436000000,63064.0,63809.0,63027.0,63700.0,3.36284129,1724443199999
1724443200000,63760.0,64762.0,63568.0,64430.0,2.52545878,1724450399999
1724450400000,64430.0,64999.0,64043.0,64043.0,1.24506693,1724457599999
1724457600000,64070.0,64070.0,64013.0,64014.0,0.026488,1724464799999
1724472000000,63990.0,64033.0,63936.0,63936.0,0.01487138,1724479199999
1724479200000,64004.0,64319.0,64004.0,64319.0,0.22087916,1724486399999
1724486400000,64265.0,64465.0,64265.0,64390.0,0.81118026,1724493599999
1724493600000,64308.0,64308.0,63989.0,63989.0,0.15625452,1724500799999
1724500800000,63988.0,64063.0,63988.0,64046.0,0.137113,1724507999999
1724508000000,64126.0,64183.0,63921.0,63921.0,0.17393794,1724515199999
1724515200000,64090.0,64444.0,64023.0,64023.0,0.17319395,1724522399999
1724522400000,64099.0,64376.0,64099.0,64229.0,0.42275724,1724529599999
1724529600000,64229.0,64229.0,63652.0,63652.0,0.34114348,1724536799999
1724536800000,63620.0,63972.0,63620.0,63972.0,0.169714,1724543999999
1724544000000,64211.0,64578.0,64211.0,64336.0,3.31337115,1724551199999
1724558400000,64197.0,64197.0,64197.0,64197.0,0.07788588,1724565599999
1724580000000,63871.0,63900.0,63871.0,63900.0,0.06735644,1724587199999
1724587200000,63915.0,63915.0,63915.0,63915.0,0.0730379,1724594399999
1724594400000,64180.0,64180.0,64175.0,64175.0,0.12924889,1724601599999
1724601600000,64060.0,64060.0,64060.0,64060.0,8.7374E-4,1724608799999
1724608800000,64119.0,64273.0,64119.0,64192.0,0.92863829,1724615999999
1724616000000,64379.0,64432.0,64379.0,64432.0,0.067188,1724623199999
1724623200000,64511.0,65100.0,64282.0,64282.0,0.62136216,1724630399999
1724630400000,64152.0,64152.0,63954.0,63954.0,0.09940364,1724637599999
1724637600000,64126.0,64147.0,64126.0,64147.0,2.9492E-4,1724644799999
1724644800000,64195.0,64195.0,64078.0,64078.0,0.01616895,1724651999999
1724652000000,64010.0,64010.0,63643.0,63643.0,0.32845917,1724659199999
1724659200000,63800.0,63881.0,63321.0,63881.0,0.59754255,1724666399999
1724666400000,63870.0,63997.0,63750.0,63762.0,0.071318,1724673599999
1724673600000,63948.0,63948.0,63594.0,63662.0,0.13415045,1724680799999
1724680800000,63245.0,63617.0,63225.0,63617.0,0.16486919,1724687999999
1724688000000,63795.0,63838.0,63254.0,63254.0,0.13655703,1724695199999
1724695200000,63489.0,63669.0,63263.0,63639.0,0.23704636,1724702399999
1724702400000,63536.0,63536.0,62969.0,63068.0,0.26908461,1724709599999
1724709600000,62850.0,62850.0,62850.0,62850.0,0.01583933,1724716799999
1724716800000,62920.0,62920.0,62698.0,62907.0,0.26761756,1724723999999
1724738400000,63073.0,63073.0,62768.0,62864.0,0.12177969,1724745599999
1724745600000,62931.0,62931.0,62641.0,62707.0,0.07184124,1724752799999
1724752800000,62365.0,62459.0,62350.0,62394.0,0.18249801,1724759999999
1724760000000,62407.0,62415.0,62214.0,62344.0,0.17171186,1724767199999
1724767200000,62000.0,62038.0,61535.0,61593.0,0.76358009,1724774399999
1724774400000,61662.0,61900.0,61600.0,61862.0,0.13661345,1724781599999
1724788800000,61966.0,61966.0,59894.0,60330.0,1.9488333,1724795999999
1724796000000,60307.0,60307.0,58136.0,59631.0,3.21039707,1724803199999
1724803200000,59250.0,59259.0,59250.0,59259.0,0.10459326,1724810399999
1724810400000,59302.0,59333.0,59302.0,59333.0,0.08421396,1724817599999
1724817600000,59517.0,59517.0,59322.0,59322.0,0.06738286,1724824799999
1724824800000,59196.0,59196.0,58666.0,58675.0,1.13536552,1724831999999
1724832000000,58784.0,59948.0,58784.0,59948.0,1.27661071,1724839199999
1724839200000,59770.0,59784.0,59680.0,59760.0,0.00570015,1724846399999
1724846400000,59914.0,59914.0,59550.0,59550.0,0.042017,1724853599999
1724853600000,59315.0,59315.0,58692.0,58692.0,0.14681676,1724860799999
1724860800000,58900.0,58924.0,57884.0,58766.0,0.56722188,1724867999999
1724868000000,58810.0,59734.0,58810.0,59347.0,0.44465453,1724875199999
1724875200000,59046.0,59287.0,59039.0,59183.0,0.37207421,1724882399999
1724882400000,58992.0,59166.0,58992.0,59166.0,0.29662206,1724889599999
1724904000000,59173.0,59412.0,59173.0,59412.0,0.10935139,1724911199999
1724911200000,59523.0,59687.0,59523.0,59674.0,0.11719145,1724918399999
1724918400000,59711.0,59711.0,59711.0,59711.0,0.002,1724925599999
1724925600000,59923.0,60283.0,59923.0,60283.0,0.05981949,1724932799999
1724932800000,60142.0,60683.0,60126.0,60683.0,1.81047737,1724939999999
1724940000000,60587.0,61042.0,60587.0,61042.0,0.13294791,1724947199999
1724947200000,60333.0,60335.0,60321.0,60321.0,0.11099822,1724954399999
1724954400000,60321.0,60321.0,59049.0,59350.0,0.58870608,1724961599999
1724961600000,59464.0,59464.0,59350.0,59350.0,0.074606,1724968799999
1724968800000,58981.0,58991.0,58747.0,58747.0,0.09032543,1724975999999
1724976000000,59198.0,59278.0,59198.0,59278.0,0.07161213,1724983199999
1724990400000,58899.0,58899.0,58810.0,58810.0,0.14806011,1724997599999
1724997600000,58756.0,59359.0,58756.0,59359.0,0.142158,1725004799999
1725004800000,59541.0,59621.0,59474.0,59621.0,0.632766,1725011999999
1725012000000,59570.0,59600.0,59444.0,59461.0,0.16236717,1725019199999
1725019200000,59442.0,59840.0,59000.0,59650.0,2.25527311,1725026399999
1725026400000,59733.0,59733.0,58000.0,58125.0,3.49669212,1725033599999
1725033600000,58059.0,58669.0,57699.0,58584.0,0.89341127,1725040799999
1725040800000,58808.0,59313.0,58743.0,58781.0,1.68074432,1725047999999
1725048000000,58831.0,58926.0,58831.0,58917.0,0.27531643,1725055199999
1725055200000,59132.0,59239.0,59132.0,59239.0,0.03878133,1725062399999
1725062400000,59363.0,59403.0,59363.0,59403.0,0.03709605,1725069599999
1725076800000,59325.0,59325.0,59320.0,59320.0,0.0666,1725083999999
1725091200000,59094.0,59094.0,58901.0,58901.0,0.50849178,1725098399999
1725098400000,58896.0,58896.0,58896.0,58896.0,0.16234124,1725105599999
1725112800000,59147.0,59147.0,59147.0,59147.0,0.00168985,1725119999999
1725120000000,58952.0,58952.0,58775.0,58798.0,0.32772674,1725127199999
1725156000000,58713.0,58713.0,58376.0,58376.0,0.10644742,1725163199999
1725163200000,58194.0,58194.0,57820.0,57862.0,0.3138245,1725170399999
1725170400000,58384.0,58449.0,58384.0,58449.0,0.077576,1725177599999
1725177600000,58405.0,58405.0,58312.0,58370.0,0.08431774,1725184799999
1725184800000,58000.0,58000.0,58000.0,58000.0,0.001,1725191999999
1725192000000,58065.0,58065.0,57710.0,57710.0,0.07501595,1725199199999
1725199200000,57602.0,58323.0,57297.0,58323.0,1.63756863,1725206399999
1725206400000,58101.0,58166.0,58083.0,58149.0,0.18258569,1725213599999
1725213600000,58400.0,58752.0,58400.0,58709.0,1.62154475,1725220799999
1725220800000,58449.0,58449.0,58229.0,58229.0,6.1711E-4,1725227999999
1725228000000,57884.0,57930.0,57331.0,57341.0,0.27425021,1725235199999
1725235200000,57200.0,57571.0,57155.0,57571.0,0.0254969,1725242399999
1725242400000,57612.0,57612.0,57527.0,57527.0,0.262386,1725249599999
1725256800000,57779.0,57779.0,57770.0,57770.0,0.21622136,1725263999999
1725264000000,57580.0,58400.0,57580.0,58400.0,0.1201618,1725271199999
1725271200000,58291.0,58506.0,58291.0,58482.0,0.22235012,1725278399999
1725278400000,58424.0,58426.0,58192.0,58192.0,0.17834396,1725285599999
1725285600000,58308.0,58767.0,58308.0,58605.0,0.80151358,1725292799999
1725292800000,58384.0,58557.0,58336.0,58557.0,0.12709974,1725299999999
1725300000000,58591.0,58591.0,58488.0,58488.0,0.057905,1725307199999
1725307200000,58788.0,59218.0,58788.0,59211.0,0.33600768,1725314399999
1725314400000,59131.0,59241.0,59131.0,59241.0,0.090864,1725321599999
1725321600000,59098.0,59312.0,59098.0,59312.0,0.05159944,1725328799999
1725328800000,59465.0,59719.0,59465.0,59719.0,0.1543164,1725335999999
1725336000000,59046.0,59046.0,59046.0,59046.0,0.01460161,1725343199999
1725343200000,59013.0,59106.0,58992.0,59106.0,0.55857944,1725350399999
1725350400000,58942.0,58942.0,58807.0,58807.0,0.00263621,1725357599999
1725357600000,59061.0,59069.0,58993.0,59069.0,0.8687395,1725364799999
1725364800000,59056.0,59342.0,58371.0,58371.0,0.69836865,1725371999999
1725372000000,58342.0,58342.0,57576.0,57707.0,1.23408972,1725379199999
1725379200000,57703.0,57895.0,57685.0,57772.0,0.21568434,1725386399999
1725386400000,57664.0,58211.0,57664.0,57982.0,0.20886007,1725393599999
1725393600000,58042.0,58042.0,58042.0,58042.0,0.00989,1725400799999
1725400800000,58069.0,58069.0,57432.0,57470.0,0.15959302,1725407999999
1725408000000,57855.0,57910.0,55934.0,56801.0,0.94978526,1725415199999
1725415200000,56737.0,56737.0,56721.0,56721.0,0.07307721,1725422399999
1725422400000,56566.0,56617.0,56253.0,56253.0,0.00410347,1725429599999
1725429600000,56247.0,56824.0,56247.0,56715.0,0.20442448,1725436799999
1725436800000,56783.0,56792.0,56648.0,56652.0,0.11028217,1725443999999
1725444000000,56514.0,56543.0,56483.0,56543.0,0.25266232,1725451199999
1725451200000,56582.0,56691.0,56345.0,56511.0,1.98672162,1725458399999
1725458400000,56376.0,58167.0,56223.0,58167.0,3.0033846,1725465599999
1725465600000,58174.0,58500.0,57876.0,57884.0,0.67346688,1725472799999
1725472800000,57892.0,57892.0,57892.0,57892.0,0.02639244,1725479999999
1725480000000,58031.0,58097.0,57865.0,57910.0,0.58742209,1725487199999
1725487200000,58137.0,58376.0,58137.0,58376.0,0.17263364,1725494399999
1725501600000,57847.0,57847.0,56968.0,57040.0,1.11206866,1725508799999
1725508800000,57244.0,57244.0,57196.0,57196.0,0.00431549,1725515999999
1725516000000,56874.0,57103.0,56548.0,57103.0,1.91866705,1725523199999
1725523200000,57171.0,57171.0,56663.0,56900.0,0.10144254,1725530399999
1725530400000,56735.0,56834.0,56700.0,56700.0,0.19292785,1725537599999
1725537600000,56716.0,57103.0,56371.0,56988.0,2.62052236,1725544799999
1725544800000,57101.0,57283.0,55840.0,55998.0,3.86250702,1725551999999
1725552000000,55987.0,56557.0,55987.0,56557.0,0.37535465,1725559199999
1725559200000,56629.0,56644.0,55867.0,55962.0,0.88777586,1725566399999
1725566400000,55891.0,56140.0,55670.0,56104.0,0.77761676,1725573599999
1725573600000,55999.0,55999.0,55908.0,55908.0,0.00903427,1725580799999
1725580800000,56203.0,56203.0,56203.0,56203.0,0.00101854,1725587999999
1725588000000,56777.0,56777.0,56777.0,56777.0,2.6839E-4,1725595199999
1725595200000,56656.0,56689.0,56371.0,56487.0,2.57655122,1725602399999
1725602400000,56363.0,56409.0,55295.0,55396.0,1.53827342,1725609599999
1725609600000,55811.0,55881.0,55689.0,55880.0,1.98053082,1725616799999
1725616800000,55974.0,56130.0,55819.0,56060.0,1.20545172,1725623999999
1725624000000,55770.0,56917.0,55747.0,56082.0,1.8055582,1725631199999
1725631200000,55858.0,55914.0,53860.0,54038.0,13.46186221,1725638399999
1725638400000,54067.0,54309.0,53681.0,53972.0,3.48005771,1725645599999
1725645600000,53830.0,53878.0,53236.0,53525.0,4.26670325,1725652799999
1725652800000,53630.0,53676.0,52678.0,53620.0,2.91291508,1725659999999
1725660000000,53744.0,53943.0,53616.0,53943.0,1.4914097,1725667199999
1725667200000,53936.0,54054.0,53750.0,53750.0,1.34449205,1725674399999
1725674400000,53795.0,53856.0,53788.0,53788.0,0.64656946,1725681599999
1725681600000,53838.0,54324.0,53817.0,54155.0,0.58620735,1725688799999
1725688800000,54283.0,54307.0,54236.0,54307.0,0.07177301,1725695999999
1725696000000,54241.0,54363.0,54241.0,54265.0,0.07698248,1725703199999
1725703200000,54300.0,54398.0,54300.0,54322.0,0.65015697,1725710399999
1725710400000,54444.0,54647.0,54444.0,54446.0,0.12812662,1725717599999
1725717600000,54637.0,54774.0,54586.0,54703.0,0.09999828,1725724799999
1725724800000,54761.0,54761.0,54080.0,54080.0,0.16084267,1725731999999
1725732000000,54407.0,54407.0,54407.0,54407.0,0.04044,1725739199999
1725739200000,53989.0,53989.0,53989.0,53989.0,2.802E-4,1725746399999
1725746400000,53944.0,54135.0,53944.0,54135.0,0.67115271,1725753599999
1725760800000,54336.0,54336.0,54326.0,54326.0,0.02081155,1725767999999
1725768000000,54395.0,54440.0,54395.0,54440.0,0.06519988,1725775199999
1725775200000,54461.0,54461.0,54379.0,54379.0,0.04231495,1725782399999
1725782400000,54585.0,54684.0,54486.0,54487.0,0.376485,1725789599999
1725789600000,54629.0,54629.0,54578.0,54578.0,4.9717E-4,1725796799999
1725796800000,54464.0,54464.0,54165.0,54351.0,0.04527918,1725803999999
1725804000000,54145.0,54145.0,53654.0,53654.0,0.71318868,1725811199999
1725811200000,53708.0,54452.0,53706.0,54452.0,0.256518,1725818399999
1725818400000,54436.0,54478.0,54337.0,54357.0,2.75174801,1725825599999
1725825600000,54270.0,54611.0,54205.0,54519.0,1.63584424,1725832799999
1725832800000,54421.0,55284.0,54421.0,54930.0,1.97517099,1725839999999
1725840000000,54964.0,55220.0,54963.0,55220.0,0.47189072,1725847199999
1725847200000,54888.0,54892.0,54888.0,54892.0,0.076454,1725854399999
1725854400000,55091.0,55091.0,54629.0,54636.0,0.02773808,1725861599999
1725861600000,54795.0,54951.0,54769.0,54951.0,0.07841229,1725868799999
1725868800000,55121.0,55531.0,55011.0,55275.0,1.25593949,1725875999999
1725876000000,55202.0,55420.0,55174.0,55174.0,0.26069945,1725883199999
1725883200000,55218.0,55784.0,55138.0,55784.0,0.74166636,1725890399999
1725890400000,55686.0,55686.0,54850.0,55400.0,3.38676892,1725897599999
1725897600000,55416.0,56785.0,55416.0,56785.0,2.36707454,1725904799999
1725904800000,56528.0,57161.0,56301.0,57136.0,2.63958824,1725911999999
1725912000000,57000.0,58096.0,56895.0,57463.0,1.9421104,1725919199999
1725919200000,57381.0,57427.0,57074.0,57074.0,0.20999456,1725926399999
1725926400000,57000.0,57030.0,56736.0,56736.0,0.16076482,1725933599999
1725933600000,56807.0,56807.0,56633.0,56633.0,0.02647726,1725940799999
1725940800000,56546.0,56884.0,56546.0,56884.0,0.02040817,1725947999999
1725948000000,56797.0,57300.0,56797.0,57300.0,0.16834808,1725955199999
1725955200000,57252.0,57288.0,56944.0,57238.0,0.34022526,1725962399999
1725969600000,57385.0,57385.0,56669.0,56847.0,0.73794807,1725976799999
1725976800000,56752.0,57201.0,56672.0,56706.0,0.44221065,1725983999999
1725984000000,56644.0,57306.0,56574.0,57215.0,0.28894993,1725991199999
1725991200000,57540.0,58000.0,57540.0,58000.0,0.38232871,1725998399999
1725998400000,57775.0,57785.0,57775.0,57785.0,0.057934,1726005599999
1726005600000,57591.0,57681.0,57591.0,57681.0,0.0584102,1726012799999
1726012800000,57698.0,57698.0,56777.0,56934.0,1.24673965,1726019999999
1726020000000,56899.0,57062.0,56881.0,56892.0,0.26072109,1726027199999
1726027200000,56799.0,56799.0,56151.0,56176.0,0.27903145,1726034399999
1726034400000,56176.0,56725.0,56176.0,56695.0,0.05374332,1726041599999
1726041600000,56500.0,56700.0,56500.0,56700.0,0.09817109,1726048799999
1726048800000,56431.0,56832.0,56380.0,56832.0,0.20291767,1726055999999
1726056000000,56737.0,57020.0,55738.0,55738.0,3.93146696,1726063199999
1726063200000,55700.0,57000.0,55565.0,56687.0,2.34287657,1726070399999
1726070400000,56718.0,57867.0,56718.0,57673.0,1.15107901,1726077599999
1726077600000,57885.0,57937.0,57387.0,57452.0,1.87657293,1726084799999
1726084800000,57521.0,57521.0,57521.0,57521.0,9.749E-5,1726091999999
1726092000000,57308.0,57387.0,57308.0,57387.0,0.00272097,1726099199999
1726099200000,57523.0,58000.0,57523.0,58000.0,1.05567354,1726106399999
1726106400000,58376.0,58376.0,57979.0,57989.0,0.00662809,1726113599999
1726113600000,58248.0,58362.0,58139.0,58143.0,0.02651411,1726120799999
1726120800000,57895.0,58150.0,57895.0,58150.0,0.61822783,1726127999999
1726128000000,58345.0,58345.0,58022.0,58023.0,0.08711121,1726135199999
1726135200000,58016.0,58079.0,57927.0,58079.0,0.13511855,1726142399999
1726142400000,58108.0,58138.0,57403.0,57403.0,2.71602309,1726149599999
1726149600000,57792.0,58543.0,57513.0,57513.0,2.23195249,1726156799999
1726156800000,57817.0,58383.0,57763.0,58383.0,1.13713681,1726163999999
1726164000000,58388.0,58446.0,58207.0,58302.0,1.29352135,1726171199999
1726171200000,58339.0,58349.0,57791.0,57899.0,2.94525019,1726178399999
1726178400000,58236.0,58236.0,58092.0,58149.0,0.08007853,1726185599999
1726185600000,57937.0,57937.0,57937.0,57937.0,0.01725357,1726192799999
1726192800000,57984.0,57984.0,57984.0,57984.0,0.03448692,1726199999999
1726200000000,57890.0,57967.0,57890.0,57950.0,0.04203167,1726207199999
1726207200000,57847.0,57986.0,57847.0,57986.0,0.12621118,1726214399999
1726214400000,58065.0,58065.0,57950.0,57950.0,0.80445565,1726221599999
1726221600000,58103.0,58278.0,57909.0,57926.0,0.58928468,1726228799999
1726228800000,57779.0,58111.0,57657.0,58105.0,0.60178768,1726235999999
1726236000000,58064.0,59740.0,57897.0,59661.0,2.63878112,1726243199999
1726243200000,59734.0,59980.0,59418.0,59706.0,2.44452019,1726250399999
1726250400000,59593.0,60000.0,59593.0,59783.0,2.30186536,1726257599999
1726257600000,59758.0,60272.0,59758.0,60261.0,0.20610045,1726264799999
1726264800000,60415.0,60660.0,60415.0,60578.0,1.93052184,1726271999999
1726272000000,60462.0,60462.0,60462.0,60462.0,0.02364149,1726279199999
1726279200000,60387.0,60390.0,60361.0,60361.0,0.0033,1726286399999
1726286400000,60365.0,60365.0,60000.0,60000.0,0.01376333,1726293599999
1726293600000,60170.0,60170.0,60170.0,60170.0,0.00319418,1726300799999
1726300800000,59976.0,59976.0,59976.0,59976.0,0.015,1726307999999
1726308000000,60036.0,60036.0,59719.0,59750.0,0.35724889,1726315199999
1726315200000,59750.0,59828.0,59750.0,59828.0,0.37142844,1726322399999
1726329600000,59861.0,59901.0,59861.0,59901.0,0.02357989,1726336799999
1726336800000,59879.0,59879.0,59455.0,59662.0,1.64057165,1726343999999
1726344000000,59850.0,60091.0,59850.0,60016.0,0.4332328,1726351199999
1726351200000,60100.0,60105.0,60100.0,60105.0,0.01092509,1726358399999
1726358400000,60200.0,60200.0,60200.0,60200.0,0.00166196,1726365599999
1726365600000,60192.0,60197.0,60162.0,60169.0,0.0034,1726372799999
1726372800000,60234.0,60234.0,60227.0,60227.0,0.06284399,1726379999999
1726380000000,60177.0,60200.0,60177.0,60200.0,0.02935224,1726387199999
1726387200000,60187.0,60187.0,60187.0,60187.0,0.03322463,1726394399999
1726394400000,60009.0,60009.0,60009.0,60009.0,1.1E-4,1726401599999
1726401600000,60322.0,60322.0,60322.0,60322.0,0.0728158,1726408799999
1726408800000,60380.0,60380.0,60380.0,60380.0,0.01794466,1726415999999
1726416000000,60136.0,60136.0,59750.0,59750.0,1.63235495,1726423199999
1726423200000,59898.0,60161.0,59843.0,59843.0,1.88555598,1726430399999
1726430400000,59896.0,59896.0,59524.0,59634.0,0.1884983,1726437599999
1726437600000,59484.0,59484.0,58806.0,59120.0,0.58469756,1726444799999
1726444800000,59000.0,59000.0,58500.0,58722.0,1.15180399,1726451999999
1726452000000,58376.0,58588.0,58153.0,58588.0,0.0263724,1726459199999
1726459200000,58466.0,58522.0,58358.0,58522.0,1.35268563,1726466399999
1726466400000,58725.0,58725.0,58725.0,58725.0,0.00654555,1726473599999
1726473600000,58874.0,59029.0,58795.0,58795.0,0.03882929,1726480799999
1726480800000,58732.0,58732.0,58691.0,58691.0,0.06757248,1726487999999
1726488000000,58529.0,58529.0,58100.0,58100.0,0.36825593,1726495199999
1726495200000,58457.0,58457.0,57636.0,57947.0,0.56761449,1726502399999
1726502400000,57784.0,58225.0,57511.0,58225.0,1.1301145,1726509599999
1726509600000,58151.0,58151.0,57736.0,57965.0,1.99124158,1726516799999
1726516800000,57914.0,58110.0,57702.0,57702.0,0.12065627,1726523999999
1726524000000,57913.0,58376.0,57912.0,58359.0,0.03896506,1726531199999
1726531200000,58246.0,58246.0,57835.0,57835.0,0.03527088,1726538399999
1726538400000,58186.0,58186.0,58069.0,58069.0,0.01327794,1726545599999
1726545600000,58258.0,58338.0,58258.0,58338.0,0.07189973,1726552799999
1726552800000,58550.0,58696.0,58492.0,58696.0,0.38900256,1726559999999
1726560000000,58770.0,59000.0,58658.0,59000.0,0.26030514,1726567199999
1726567200000,59050.0,59272.0,59043.0,59121.0,0.46073903,1726574399999
1726574400000,59206.0,59337.0,58919.0,58919.0,0.40892243,1726581599999
1726581600000,59039.0,61330.0,59039.0,61085.0,5.14793394,1726588799999
1726588800000,61203.0,61203.0,60745.0,60950.0,0.93245241,1726595999999
1726596000000,61002.0,61054.0,59648.0,60017.0,2.1143778,1726603199999
1726603200000,59979.0,60436.0,59854.0,60332.0,1.5765552,1726610399999
1726610400000,60264.0,60338.0,60135.0,60150.0,0.21059364,1726617599999
1726617600000,59899.0,59899.0,59899.0,59899.0,0.20728924,1726624799999
1726624800000,60718.0,60718.0,60718.0,60718.0,0.01585724,1726631999999
1726632000000,60470.0,60470.0,60267.0,60267.0,0.17471761,1726639199999
1726639200000,60334.0,60495.0,60334.0,60479.0,0.04996937,1726646399999
1726646400000,60264.0,60265.0,59719.0,59719.0,0.18792723,1726653599999
1726653600000,59740.0,60048.0,59544.0,60048.0,0.4400928,1726660799999
1726660800000,59855.0,60130.0,59471.0,59471.0,0.50161345,1726667999999
1726668000000,59451.0,59733.0,59381.0,59425.0,0.3217738,1726675199999
1726675200000,59265.0,60097.0,59207.0,59986.0,0.82547265,1726682399999
1726682400000,59956.0,61325.0,59956.0,60062.0,2.19414975,1726689599999
1726689600000,59919.0,60439.0,59525.0,60439.0,0.75578705,1726696799999
1726696800000,60512.0,61709.0,60507.0,61709.0,0.4464346,1726703999999
1726704000000,61800.0,62424.0,61779.0,61959.0,1.86856245,1726711199999
1726711200000,61895.0,62175.0,61895.0,62175.0,0.11385298,1726718399999
1726718400000,61973.0,62145.0,61973.0,62010.0,0.33015027,1726725599999
1726725600000,61892.0,62115.0,61892.0,62104.0,0.05813789,1726732799999
1726732800000,62111.0,62295.0,61930.0,62295.0,0.54985294,1726739999999
1726740000000,62415.0,62698.0,62380.0,62685.0,0.36250839,1726747199999
1726747200000,62684.0,63296.0,62629.0,62924.0,6.08090316,1726754399999
1726754400000,63070.0,63500.0,62882.0,63190.0,1.14045311,1726761599999
1726761600000,63339.0,63867.0,63059.0,63785.0,3.62001087,1726768799999
1726768800000,63695.0,63777.0,63266.0,63266.0,1.25307629,1726775999999
1726776000000,63200.0,63200.0,63082.0,63083.0,0.73114611,1726783199999
1726783200000,62800.0,63011.0,62698.0,63011.0,1.44273105,1726790399999
1726790400000,63040.0,63109.0,63040.0,63109.0,0.079894,1726797599999
1726797600000,62876.0,63671.0,62876.0,63600.0,0.12641222,1726804799999
1726804800000,63880.0,64111.0,63745.0,63871.0,0.51973913,1726811999999
1726812000000,63831.0,63831.0,63515.0,63619.0,0.15334331,1726819199999
1726819200000,63318.0,63318.0,63318.0,63318.0,0.01118,1726826399999
1726826400000,63495.0,63695.0,63403.0,63418.0,0.7150111,1726833599999
1726833600000,63396.0,63478.0,62727.0,62870.0,0.6981741,1726840799999
1726840800000,62847.0,63485.0,62707.0,63223.0,1.16806609,1726847999999
1726848000000,63144.0,63144.0,62906.0,62917.0,0.45361977,1726855199999
1726855200000,62754.0,62933.0,62424.0,62933.0,1.45558138,1726862399999
1726862400000,62850.0,63272.0,62850.0,63272.0,1.02182405,1726869599999
1726869600000,63254.0,63254.0,63254.0,63254.0,2.0E-4,1726876799999
1726876800000,63103.0,63288.0,62886.0,62886.0,0.64825262,1726883999999
1726884000000,62857.0,62936.0,62857.0,62935.0,0.04737111,1726891199999
1726891200000,62780.0,62908.0,62780.0,62908.0,0.01881692,1726898399999
1726898400000,63015.0,63066.0,62986.0,63019.0,0.14488869,1726905599999
1726905600000,63068.0,63150.0,63019.0,63110.0,0.15614867,1726912799999
1726912800000,63045.0,63059.0,62989.0,63059.0,0.09131206,1726919999999
1726920000000,63080.0,63162.0,63080.0,63162.0,0.04672585,1726927199999
1726927200000,63206.0,63282.0,63176.0,63176.0,0.17629436,1726934399999
1726934400000,63211.0,63390.0,63211.0,63282.0,0.07007786,1726941599999
1726941600000,63259.0,63287.0,63196.0,63196.0,0.30818339,1726948799999
1726948800000,63207.0,63207.0,63092.0,63092.0,0.04469264,1726955999999
1726956000000,63114.0,63524.0,63114.0,63524.0,0.07257487,1726963199999
1726963200000,63411.0,63424.0,63053.0,63063.0,0.67067517,1726970399999
1726970400000,63103.0,63198.0,63081.0,63198.0,0.06664151,1726977599999
1726977600000,63110.0,63110.0,63110.0,63110.0,0.00120239,1726984799999
1726984800000,62907.0,62936.0,62867.0,62936.0,0.04085322,1726991999999
1726992000000,62990.0,62990.0,62698.0,62727.0,0.451516,1726999199999
1726999200000,62618.0,62672.0,62614.0,62672.0,0.03375748,1727006399999
1727006400000,62755.0,62771.0,62630.0,62630.0,0.07892983,1727013599999
1727013600000,62500.0,62666.0,62500.0,62666.0,0.0751315,1727020799999
1727020800000,62563.0,63000.0,62563.0,63000.0,0.16282077,1727027999999
1727028000000,62939.0,63159.0,62916.0,63159.0,0.20129493,1727035199999
1727035200000,63169.0,63169.0,63084.0,63084.0,0.07621,1727042399999
1727042400000,62562.0,63904.0,62393.0,63501.0,1.03795332,1727049599999
1727049600000,63545.0,63808.0,62924.0,63659.0,0.96310772,1727056799999
1727056800000,63847.0,64677.0,63847.0,64456.0,1.47351136,1727063999999
1727064000000,63727.0,63727.0,63717.0,63717.0,0.03180432,1727071199999
1727071200000,63705.0,63705.0,63640.0,63665.0,0.01798599,1727078399999
1727078400000,63407.0,63600.0,63407.0,63586.0,0.12631448,1727085599999
1727085600000,63442.0,63473.0,63435.0,63446.0,0.01310616,1727092799999
1727092800000,63299.0,63318.0,63125.0,63162.0,0.31313559,1727099999999
1727100000000,63291.0,63756.0,63157.0,63612.0,0.77810055,1727107199999
1727107200000,63703.0,63703.0,63199.0,63243.0,0.30931054,1727114399999
1727114400000,63476.0,63476.0,63476.0,63476.0,0.017932,1727121599999
1727121600000,63356.0,63400.0,63138.0,63307.0,1.50966091,1727128799999
1727136000000,63342.0,63342.0,62880.0,62880.0,1.70403528,1727143199999
1727143200000,62948.0,63130.0,62857.0,63081.0,0.07563993,1727150399999
1727150400000,63114.0,63219.0,63114.0,63219.0,0.08864911,1727157599999
1727157600000,63278.0,63520.0,63278.0,63520.0,0.07948571,1727164799999
1727164800000,63662.0,63885.0,63662.0,63799.0,0.1084561,1727171999999
1727172000000,63641.0,63641.0,63469.0,63469.0,0.037509,1727179199999
1727179200000,63469.0,63782.0,63429.0,63724.0,2.00395995,1727186399999
1727186400000,63347.0,63453.0,62812.0,63162.0,2.03407149,1727193599999
1727193600000,63273.0,63982.0,63266.0,63981.0,0.97752216,1727200799999
1727200800000,63789.0,64349.0,63575.0,64349.0,0.40465414,1727207999999
1727208000000,64432.0,64579.0,64042.0,64108.0,3.03498223,1727215199999
1727215200000,64430.0,64582.0,64430.0,64454.0,0.14853261,1727222399999
1727222400000,64173.0,64755.0,64103.0,64441.0,1.65987452,1727229599999
1727236800000,64246.0,64276.0,64203.0,64276.0,0.02999053,1727243999999
1727244000000,63981.0,63990.0,63717.0,63840.0,0.09628669,1727251199999
1727251200000,63740.0,63740.0,63740.0,63740.0,0.0175,1727258399999
1727258400000,63454.0,63691.0,63441.0,63691.0,0.00227581,1727265599999
1727265600000,63656.0,63656.0,63401.0,63622.0,0.19838051,1727272799999
1727272800000,63742.0,63742.0,63505.0,63505.0,0.11325111,1727279999999
1727280000000,63474.0,63640.0,63050.0,63128.0,0.73866813,1727287199999
1727287200000,63128.0,63308.0,63128.0,63282.0,0.20833219,1727294399999
1727294400000,63277.0,63453.0,63277.0,63453.0,0.03949443,1727301599999
1727301600000,63363.0,63366.0,62978.0,63020.0,0.2200555,1727308799999
1727308800000,62867.0,62900.0,62698.0,62698.0,0.00290125,1727315999999
1727316000000,63411.0,63533.0,63411.0,63466.0,0.00791068,1727323199999
1727330400000,63719.0,63859.0,63640.0,63859.0,0.2932294,1727337599999
1727337600000,63841.0,63901.0,63698.0,63901.0,0.13962646,1727344799999
1727344800000,63927.0,64388.0,63927.0,64360.0,1.18028719,1727351999999
1727352000000,64500.0,64605.0,64436.0,64436.0,0.23978192,1727359199999
1727359200000,64517.0,65536.0,64517.0,65259.0,3.13132018,1727366399999
1727366400000,65224.0,65800.0,65149.0,65157.0,0.94272942,1727373599999
1727373600000,65120.0,65281.0,65014.0,65230.0,0.86871962,1727380799999
1727380800000,64772.0,65041.0,64753.0,65032.0,0.75319715,1727387999999
1727388000000,65086.0,65162.0,65013.0,65162.0,0.00781302,1727395199999
1727395200000,65122.0,65331.0,65122.0,65331.0,0.09752472,1727402399999
1727402400000,64936.0,65406.0,64936.0,65376.0,0.06124127,1727409599999
1727409600000,65381.0,65416.0,65131.0,65131.0,0.9913692,1727416799999
1727416800000,65436.0,65554.0,65273.0,65486.0,0.58084274,1727423999999
1727424000000,65621.0,66000.0,65585.0,65852.0,1.05998486,1727431199999
1727431200000,65668.0,65668.0,65402.0,65402.0,0.06862037,1727438399999
1727438400000,65410.0,65903.0,65410.0,65652.0,0.15224085,1727445599999
1727445600000,66088.0,66459.0,65994.0,66227.0,1.40770012,1727452799999
1727452800000,66037.0,66235.0,65721.0,65868.0,0.10182409,1727459999999
1727460000000,65691.0,65933.0,65597.0,65796.0,0.16101918,1727467199999
1727467200000,65919.0,65919.0,65775.0,65808.0,0.12391633,1727474399999
1727474400000,65893.0,65984.0,65767.0,65795.0,0.09474136,1727481599999
1727481600000,65808.0,66012.0,65797.0,66012.0,0.24803758,1727488799999
1727488800000,66214.0,66247.0,66014.0,66066.0,0.1825148,1727495999999
1727496000000,65994.0,66044.0,65947.0,65947.0,0.74044456,1727503199999
1727503200000,65888.0,65910.0,65777.0,65889.0,0.67827581,1727510399999
1727510400000,65677.0,65677.0,65536.0,65591.0,0.05694933,1727517599999
1727517600000,65599.0,65754.0,65599.0,65732.0,0.02471754,1727524799999
1727524800000,65481.0,65570.0,65481.0,65563.0,0.10458877,1727531999999
1727532000000,65627.0,65771.0,65627.0,65771.0,0.41006731,1727539199999
1727539200000,65625.0,65647.0,65570.0,65600.0,1.29363842,1727546399999
1727546400000,65743.0,65757.0,65735.0,65757.0,0.1076101,1727553599999
1727553600000,65742.0,65742.0,65471.0,65652.0,0.19789252,1727560799999
1727560800000,65920.0,65920.0,65920.0,65920.0,0.01,1727567999999
1727568000000,65967.0,65967.0,65967.0,65967.0,0.0172,1727575199999
1727575200000,65835.0,65836.0,65814.0,65823.0,0.0032,1727582399999
1727582400000,65802.0,65802.0,65738.0,65738.0,0.01540471,1727589599999
1727589600000,65520.0,65549.0,65500.0,65516.0,0.28220691,1727596799999
1727596800000,65475.0,65475.0,65475.0,65475.0,6.1061E-4,1727603999999
1727618400000,65765.0,65765.0,65619.0,65709.0,0.39894385,1727625599999
1727625600000,65762.0,65870.0,65758.0,65870.0,0.14819752,1727632799999
1727632800000,65789.0,65820.0,65789.0,65820.0,0.01141435,1727639999999
1727640000000,66000.0,66070.0,66000.0,66036.0,0.5444042,1727647199999
1727647200000,65825.0,65825.0,65575.0,65575.0,0.0726502,1727654399999
1727654400000,65559.0,65642.0,64830.0,64874.0,1.03685313,1727661599999
1727661600000,64460.0,64534.0,64210.0,64457.0,0.257777,1727668799999
1727668800000,64440.0,64500.0,64440.0,64500.0,0.11,1727675999999
1727676000000,64690.0,64704.0,64405.0,64635.0,0.83130731,1727683199999
1727683200000,64340.0,64369.0,63563.0,63563.0,2.30386763,1727690399999
1727690400000,63521.0,63790.0,63268.0,63773.0,1.17589304,1727697599999
1727697600000,63857.0,64100.0,63857.0,63891.0,0.68540135,1727704799999
1727704800000,63868.0,63915.0,63603.0,63608.0,2.55310318,1727711999999
1727712000000,63467.0,63600.0,63467.0,63600.0,0.106948,1727719199999
1727719200000,63378.0,63601.0,63378.0,63472.0,0.58187469,1727726399999
1727726400000,63485.0,63732.0,63485.0,63619.0,0.236319,1727733599999
1727733600000,63720.0,63720.0,62865.0,63319.0,0.48200947,1727740799999
1727740800000,63442.0,63502.0,63422.0,63482.0,0.05883312,1727747999999
1727755200000,63728.0,63728.0,63711.0,63719.0,0.12449691,1727762399999
1727762400000,63832.0,64110.0,63832.0,64110.0,0.48929852,1727769599999
1727769600000,63898.0,64058.0,63851.0,63983.0,0.50893307,1727776799999
1727776800000,63877.0,63877.0,63732.0,63766.0,0.02887979,1727783999999
1727784000000,63626.0,63626.0,62532.0,62727.0,1.15902153,1727791199999
1727791200000,62857.0,63062.0,61846.0,62682.0,3.67258167,1727798399999
1727798400000,62518.0,62518.0,61200.0,62077.0,10.39338865,1727805599999
1727805600000,62131.0,62322.0,61600.0,61600.0,1.7594555,1727812799999
1727812800000,61600.0,61600.0,60191.0,61110.0,2.0575358,1727819999999
1727820000000,60792.0,61009.0,60788.0,60953.0,0.47457256,1727827199999
1727827200000,61027.0,61366.0,61027.0,61366.0,0.08830266,1727834399999
1727834400000,61530.0,61795.0,61530.0,61746.0,0.16845606,1727841599999
1727841600000,61721.0,61721.0,61504.0,61504.0,0.04867033,1727848799999
1727848800000,61886.0,61886.0,61703.0,61727.0,0.53922264,1727855999999
1727856000000,61679.0,61850.0,61300.0,61300.0,0.40404401,1727863199999
1727863200000,61271.0,61397.0,60958.0,61206.0,0.12632357,1727870399999
1727870400000,61035.0,61328.0,60553.0,61328.0,0.67868145,1727877599999
1727877600000,61351.0,61916.0,61118.0,61796.0,1.12544582,1727884799999
1727884800000,61941.0,62362.0,61298.0,61632.0,0.39755147,1727891999999
1727892000000,61494.0,61494.0,59989.0,60131.0,1.29854395,1727899199999
1727899200000,60281.0,60799.0,60281.0,60759.0,0.64779205,1727906399999
1727906400000,60588.0,60784.0,60477.0,60784.0,0.27476417,1727913599999
1727913600000,60797.0,61119.0,60797.0,61119.0,0.16561911,1727920799999
1727920800000,60992.0,61460.0,60992.0,61439.0,0.19072218,1727927999999
1727928000000,61392.0,61392.0,61135.0,61195.0,0.03686349,1727935199999
1727942400000,61010.0,61010.0,60151.0,60269.0,0.93321274,1727949599999
1727949600000,60800.0,60962.0,60799.0,60962.0,0.04631111,1727956799999
1727956800000,60543.0,60587.0,59849.0,60101.0,1.41411937,1727963999999
1727964000000,60546.0,60867.0,60125.0,60253.0,0.66085467,1727971199999
1727971200000,60740.0,60740.0,59953.0,60683.0,0.43906524,1727978399999
1727978400000,60740.0,60982.0,60740.0,60950.0,0.23288665,1727985599999
1727985600000,60932.0,60932.0,60676.0,60767.0,0.74804356,1727992799999
1728000000000,60546.0,61251.0,60546.0,61251.0,0.08744347,1728007199999
1728007200000,61112.0,61112.0,60931.0,60931.0,0.00272683,1728014399999
1728014400000,61169.0,61238.0,61169.0,61238.0,0.31383112,1728021599999
1728021600000,61247.0,61449.0,61247.0,61449.0,0.02857972,1728028799999
1728028800000,61486.0,61486.0,61306.0,61306.0,0.088376,1728035999999
1728036000000,61312.0,61372.0,61312.0,61372.0,0.08805485,1728043199999
1728043200000,61446.0,61941.0,61426.0,61737.0,1.23109215,1728050399999
1728050400000,61344.0,61818.0,60832.0,61818.0,0.72327739,1728057599999
1728057600000,62000.0,62319.0,62000.0,62191.0,0.32607522,1728064799999
1728064800000,62158.0,62158.0,62158.0,62158.0,1.6079E-4,1728071999999
1728072000000,62473.0,62484.0,62282.0,62282.0,0.0360158,1728079199999
1728079200000,62292.0,62292.0,62000.0,62000.0,0.00660681,1728086399999
1728086400000,62062.0,62069.0,62015.0,62018.0,0.01254053,1728093599999
1728093600000,61920.0,61959.0,61840.0,61875.0,0.02472966,1728100799999
1728100800000,61870.0,62020.0,61870.0,62020.0,0.05549099,1728107999999
1728108000000,62171.0,62171.0,62092.0,62092.0,0.07206796,1728115199999
1728122400000,62233.0,62233.0,62233.0,62233.0,0.00150853,1728129599999
1728129600000,62238.0,62238.0,62238.0,62238.0,2.3702E-4,1728136799999
1728151200000,61900.0,61900.0,61900.0,61900.0,0.04722616,1728158399999
1728158400000,61756.0,61793.0,61756.0,61793.0,3.2317E-4,1728165599999
1728165600000,62083.0,62092.0,62083.0,62092.0,0.004,1728172799999
1728180000000,61897.0,61916.0,61884.0,61910.0,0.0033,1728187199999
1728187200000,61877.0,61877.0,61877.0,61877.0,1.0E-4,1728194399999
1728201600000,62032.0,62032.0,62032.0,62032.0,1.0E-4,1728208799999
1728216000000,62200.0,62300.0,62200.0,62266.0,0.45827817,1728223199999
1728223200000,62425.0,62715.0,62413.0,62696.0,1.55929588,1728230399999
1728237600000,62748.0,62969.0,62748.0,62969.0,0.06758616,1728244799999
1728244800000,62664.0,62685.0,62317.0,62317.0,0.04079946,1728251999999
1728252000000,62800.0,62918.0,62800.0,62918.0,0.55055807,1728259199999
1728259200000,63048.0,63900.0,63048.0,63827.0,0.09086939,1728266399999
1728266400000,63879.0,63891.0,63370.0,63466.0,2.09794298,1728273599999
1728273600000,63560.0,63652.0,63386.0,63392.0,0.27484889,1728280799999
1728280800000,63487.0,63595.0,63487.0,63595.0,0.04933134,1728287999999
1728288000000,63595.0,63595.0,63099.0,63189.0,0.02827865,1728295199999
1728295200000,63140.0,63141.0,62858.0,63134.0,0.86483308,1728302399999
1728302400000,63046.0,63542.0,62969.0,63385.0,0.29107449,1728309599999
1728309600000,63542.0,64402.0,63542.0,63599.0,2.75110375,1728316799999
1728316800000,63535.0,63675.0,63535.0,63672.0,0.20754974,1728323999999
1728324000000,63360.0,63360.0,62800.0,63298.0,0.16404837,1728331199999
1728331200000,63194.0,63205.0,63194.0,63205.0,3.1548E-4,1728338399999
1728338400000,63146.0,63146.0,62421.0,62568.0,1.02821315,1728345599999
1728345600000,62282.0,62554.0,62282.0,62554.0,0.1830161,1728352799999
1728352800000,62571.0,62571.0,62548.0,62548.0,0.13934909,1728359999999
1728360000000,62439.0,62487.0,62425.0,62471.0,0.38697519,1728367199999
1728367200000,62083.0,62330.0,62000.0,62330.0,0.09828689,1728374399999
1728374400000,62325.0,62380.0,62325.0,62380.0,0.84804455,1728381599999
1728381600000,62459.0,62559.0,62459.0,62537.0,1.26003107,1728388799999
1728388800000,62537.0,62991.0,62460.0,62991.0,0.00879894,1728395999999
1728396000000,63080.0,63159.0,61941.0,62205.0,0.94547748,1728403199999
1728403200000,62253.0,62460.0,62121.0,62460.0,0.46209691,1728410399999
1728410400000,62484.0,62484.0,61865.0,62266.0,0.38084425,1728417599999
1728439200000,62368.0,62368.0,62329.0,62356.0,0.14118035,1728446399999
1728446400000,62416.0,62416.0,62416.0,62416.0,0.09551393,1728453599999
1728453600000,62237.0,62237.0,62237.0,62237.0,1.0E-4,1728460799999
1728475200000,62048.0,62048.0,61748.0,61813.0,1.02057206,1728482399999
1728482400000,61970.0,61970.0,61699.0,61900.0,0.14830639,1728489599999
1728489600000,62034.0,62038.0,61731.0,61759.0,0.26006021,1728496799999
1728496800000,61560.0,61560.0,60997.0,61049.0,0.85276608,1728503999999
1728504000000,60936.0,60936.0,60436.0,60679.0,0.88658852,1728511199999
1728511200000,60675.0,60675.0,60675.0,60675.0,0.010234,1728518399999
1728518400000,60579.0,60581.0,60363.0,60363.0,0.21448998,1728525599999
1728525600000,60858.0,60867.0,60804.0,60804.0,0.0034,1728532799999
1728532800000,60828.0,60828.0,60815.0,60815.0,0.09193227,1728539999999
1728540000000,60910.0,60967.0,60910.0,60945.0,0.18562124,1728547199999
1728547200000,60829.0,60889.0,60731.0,60889.0,0.09255421,1728554399999
1728554400000,61194.0,61235.0,61149.0,61149.0,0.047267,1728561599999
1728561600000,61238.0,61238.0,60573.0,60573.0,1.1214173,1728568799999
1728568800000,60896.0,60896.0,60463.0,60663.0,0.23444693,1728575999999
1728576000000,60500.0,60500.0,59500.0,59532.0,0.69041971,1728583199999
1728583200000,59455.0,59670.0,58944.0,59670.0,1.15951614,1728590399999
1728590400000,59717.0,59954.0,59599.0,59868.0,2.63515005,1728597599999
1728604800000,60374.0,60436.0,60374.0,60436.0,5.8376E-4,1728611999999
1728612000000,60488.0,60526.0,60488.0,60526.0,0.05374431,1728619199999
1728619200000,60567.0,60590.0,60567.0,60590.0,0.07063113,1728626399999
1728626400000,60681.0,60750.0,60681.0,60750.0,0.00253161,1728633599999
1728640800000,61200.0,61205.0,61045.0,61080.0,0.16888604,1728647999999
1728648000000,61262.0,61800.0,61262.0,61800.0,1.08642501,1728655199999
1728655200000,61891.0,62417.0,61729.0,62299.0,1.31896833,1728662399999
1728662400000,62266.0,62815.0,62137.0,62800.0,2.8658567,1728669599999
1728669600000,62950.0,63340.0,62838.0,63029.0,1.1368548,1728676799999
1728676800000,63036.0,63040.0,63013.0,63035.0,0.250604,1728683999999
1728691200000,62846.0,63035.0,62805.0,62812.0,0.10679838,1728698399999
1728698400000,62541.0,62563.0,62534.0,62557.0,0.65496064,1728705599999
1728705600000,62553.0,62553.0,62553.0,62553.0,1.0E-4,1728712799999
1728712800000,62705.0,62728.0,62669.0,62669.0,0.0035,1728719999999
1728720000000,62712.0,62712.0,62698.0,62703.0,0.0047816,1728727199999
1728727200000,62992.0,63125.0,62990.0,63125.0,0.19977361,1728734399999
1728734400000,63000.0,63000.0,63000.0,63000.0,9.5476E-4,1728741599999
1728741600000,62995.0,63454.0,62973.0,63350.0,0.19992254,1728748799999
1728763200000,63105.0,63105.0,63105.0,63105.0,0.066478,1728770399999
1728777600000,63100.0,63100.0,63046.0,63046.0,0.18415352,1728784799999
1728784800000,62764.0,62764.0,62663.0,62676.0,0.16279844,1728791999999
1728792000000,62713.0,62713.0,62711.0,62711.0,2.0E-4,1728799199999
1728813600000,62851.0,62851.0,62526.0,62530.0,0.19947888,1728820799999
1728820800000,62640.0,62712.0,62640.0,62712.0,0.01519632,1728827999999
1728828000000,62573.0,62573.0,62234.0,62234.0,0.56133432,1728835199999
1728835200000,62539.0,62851.0,62539.0,62851.0,0.14717763,1728842399999
1728842400000,62550.0,62550.0,62550.0,62550.0,9.197E-5,1728849599999
1728849600000,62654.0,62679.0,62613.0,62669.0,2.2777679,1728856799999
1728864000000,62669.0,62736.0,62669.0,62736.0,0.17184072,1728871199999
1728871200000,62570.0,64286.0,62567.0,64286.0,0.52644328,1728878399999
1728878400000,64374.0,64396.0,63759.0,63759.0,4.67399233,1728885599999
1728885600000,63873.0,64617.0,63868.0,64586.0,1.13640114,1728892799999
1728892800000,64700.0,64862.0,64402.0,64862.0,0.17796051,1728899999999
1728900000000,64804.0,65000.0,64804.0,64830.0,2.36065224,1728907199999
1728907200000,64880.0,65174.0,64758.0,65174.0,2.97782807,1728914399999
1728914400000,65350.0,66091.0,65350.0,65873.0,0.80416092,1728921599999
1728921600000,65895.0,65895.0,65549.0,65711.0,0.18891635,1728928799999
1728928800000,65662.0,66007.0,65662.0,65975.0,1.28589833,1728935999999
1728936000000,66028.0,66028.0,66017.0,66017.0,0.03313125,1728943199999
1728943200000,65992.0,66458.0,65992.0,66101.0,4.56961296,1728950399999
1728950400000,65877.0,65877.0,65877.0,65877.0,1.0318E-4,1728957599999
1728957600000,65776.0,65776.0,65711.0,65711.0,0.21069791,1728964799999
1728964800000,65400.0,65400.0,65316.0,65316.0,0.04989172,1728971999999
1728972000000,65443.0,65728.0,65355.0,65728.0,0.92339621,1728979199999
1728979200000,65716.0,65726.0,65685.0,65726.0,0.03677287,1728986399999
1728986400000,65531.0,65531.0,65520.0,65520.0,0.25,1728993599999
1728993600000,65722.0,67680.0,65722.0,67668.0,0.71596577,1729000799999
1729000800000,67700.0,67811.0,64909.0,66032.0,2.99125328,1729007999999
1729008000000,66207.0,67051.0,66192.0,66668.0,6.10537051,1729015199999
1729015200000,66991.0,67303.0,66610.0,66928.0,3.40595685,1729022399999
1729022400000,66494.0,66494.0,66236.0,66424.0,1.11065401,1729029599999
1729029600000,67119.0,67119.0,67119.0,67119.0,0.062522,1729036799999
1729036800000,66772.0,67368.0,66772.0,67368.0,4.4743E-4,1729043999999
1729044000000,67164.0,67235.0,67143.0,67143.0,0.0034,1729051199999
1729051200000,66968.0,66968.0,66967.0,66967.0,0.21166248,1729058399999
1729058400000,67150.0,67247.0,66877.0,66976.0,0.29744128,1729065599999
1729065600000,67066.0,67369.0,67066.0,67297.0,1.26788602,1729072799999
1729072800000,67370.0,68353.0,67370.0,67991.0,3.49007334,1729079999999
1729080000000,67913.0,67984.0,67227.0,67448.0,6.83234114,1729087199999
1729087200000,67765.0,68222.0,67406.0,67771.0,5.86486281,1729094399999
1729094400000,67655.0,67983.0,67479.0,67877.0,13.10331518,1729101599999
1729101600000,67913.0,68010.0,67712.0,67712.0,0.31646719,1729108799999
1729116000000,67745.0,67745.0,67745.0,67745.0,0.07075244,1729123199999
1729123200000,67716.0,67716.0,67716.0,67716.0,1.3881E-4,1729130399999
1729130400000,67637.0,67637.0,67579.0,67582.0,0.0034,1729137599999
1729137600000,67298.0,67298.0,67298.0,67298.0,1.2301E-4,1729144799999
1729144800000,67280.0,67280.0,67153.0,67213.0,0.06547081,1729151999999
1729152000000,67278.0,67425.0,67278.0,67425.0,0.22046041,1729159199999
1729159200000,66904.0,67137.0,66820.0,66940.0,0.02118545,1729166399999
1729166400000,66939.0,67217.0,66741.0,67217.0,1.78805697,1729173599999
1729173600000,66784.0,67444.0,66784.0,67444.0,0.25568863,1729180799999
1729180800000,67410.0,67478.0,67312.0,67359.0,3.88731267,1729187999999
1729188000000,66905.0,66905.0,66812.0,66850.0,2.22659933,1729195199999
1729195200000,67107.0,67107.0,66915.0,67053.0,4.40795774,1729202399999
1729202400000,67405.0,67445.0,67315.0,67409.0,0.3742391,1729209599999
1729209600000,67586.0,68197.0,67586.0,68197.0,0.04069373,1729216799999
1729216800000,67755.0,67755.0,67530.0,67547.0,0.60568176,1729223999999
1729231200000,68166.0,68255.0,67968.0,68009.0,1.86458615,1729238399999
1729238400000,67873.0,67917.0,67873.0,67912.0,0.53334028,1729245599999
1729245600000,67907.0,67907.0,67853.0,67853.0,0.02660572,1729252799999
1729252800000,67683.0,68073.0,67658.0,68073.0,0.02146898,1729259999999
1729260000000,68390.0,68800.0,67944.0,68754.0,1.82647475,1729267199999
1729267200000,68716.0,68882.0,68710.0,68864.0,0.29915372,1729274399999
1729274400000,68762.0,68961.0,68762.0,68961.0,0.04072442,1729281599999
1729281600000,68596.0,68596.0,68312.0,68312.0,0.28162215,1729288799999
1729288800000,68311.0,68341.0,68256.0,68341.0,0.19671711,1729295999999
1729310400000,68481.0,68564.0,68462.0,68538.0,0.0034,1729317599999
1729317600000,68390.0,68390.0,68390.0,68390.0,7.5026E-4,1729324799999
1729332000000,68340.0,68355.0,68241.0,68241.0,0.25548328,1729339199999
1729339200000,68185.0,68185.0,68184.0,68184.0,0.0100005,1729346399999
1729346400000,68249.0,68308.0,68199.0,68200.0,0.22250652,1729353599999
1729353600000,68076.0,68090.0,68076.0,68090.0,0.00693314,1729360799999
1729368000000,68306.0,68306.0,68270.0,68270.0,1.06242876,1729375199999
1729375200000,68255.0,68381.0,68237.0,68316.0,5.1049716,1729382399999
1729389600000,68178.0,68195.0,68175.0,68193.0,0.02077164,1729396799999
1729396800000,68178.0,68195.0,68176.0,68182.0,9.0E-4,1729403999999
1729404000000,68178.0,68360.0,68178.0,68360.0,0.00736616,1729411199999
1729411200000,68461.0,68461.0,68461.0,68461.0,0.0037899,1729418399999
1729418400000,68446.0,68446.0,68446.0,68446.0,0.001461,1729425599999
1729425600000,68389.0,68389.0,68285.0,68285.0,2.00663385,1729432799999
1729432800000,68461.0,68760.0,68461.0,68715.0,0.01981771,1729439999999
1729440000000,68539.0,68539.0,68539.0,68539.0,8.754E-5,1729447199999
1729454400000,68685.0,68727.0,68685.0,68699.0,2.62566757,1729461599999
1729461600000,68925.0,69250.0,68925.0,68955.0,0.94503959,1729468799999
1729468800000,69330.0,69448.0,69213.0,69213.0,1.15774281,1729475999999
1729476000000,69186.0,69186.0,68710.0,68927.0,1.09387263,1729483199999
1729483200000,68911.0,68928.0,68831.0,68862.0,0.10172266,1729490399999
1729490400000,68967.0,69049.0,68618.0,68618.0,0.09186325,1729497599999
1729497600000,68494.0,68494.0,68222.0,68267.0,0.10025798,1729504799999
1729504800000,68383.0,68383.0,68260.0,68345.0,0.02570595,1729511999999
1729512000000,68161.0,68161.0,67184.0,67292.0,3.0630211,1729519199999
1729519200000,67303.0,67517.0,66898.0,67306.0,1.55138431,1729526399999
1729526400000,67277.0,67628.0,66918.0,67549.0,7.113459,1729533599999
1729533600000,67395.0,67845.0,67087.0,67720.0,0.23517227,1729540799999
1729540800000,67727.0,67727.0,67696.0,67696.0,0.04436859,1729547999999
1729548000000,67833.0,67833.0,67400.0,67400.0,0.04535844,1729555199999
1729555200000,66854.0,67441.0,66564.0,67441.0,0.15453031,1729562399999
1729576800000,67725.0,67725.0,67531.0,67602.0,2.73809769,1729583999999
1729584000000,67166.0,67166.0,66814.0,66814.0,0.08518719,1729591199999
1729591200000,66950.0,67476.0,66912.0,67278.0,0.22722753,1729598399999
1729598400000,67267.0,67267.0,66684.0,66952.0,2.08889297,1729605599999
1729605600000,66945.0,67589.0,66886.0,67255.0,2.92262115,1729612799999
1729612800000,67195.0,67352.0,66927.0,67241.0,1.34286295,1729619999999
1729620000000,67439.0,67559.0,67286.0,67507.0,1.44006937,1729627199999
1729627200000,67484.0,67494.0,67412.0,67412.0,0.04897963,1729634399999
1729634400000,67596.0,67623.0,67596.0,67623.0,0.10693707,1729641599999
1729641600000,67162.0,67162.0,67162.0,67162.0,0.01000005,1729648799999
1729648800000,67057.0,67062.0,67035.0,67040.0,0.0032,1729655999999
1729656000000,67063.0,67063.0,67039.0,67059.0,3.3091E-4,1729663199999
1729663200000,67214.0,67214.0,66874.0,66969.0,1.35244883,1729670399999
1729670400000,66694.0,66777.0,66171.0,66483.0,2.39089384,1729677599999
1729677600000,66560.0,66571.0,66296.0,66296.0,1.57559394,1729684799999
1729684800000,66440.0,66797.0,66110.0,66692.0,0.83603129,1729691999999
1729692000000,66500.0,66804.0,65900.0,66030.0,1.63763418,1729699199999
1729699200000,66210.0,66211.0,65593.0,65794.0,0.85487408,1729706399999
1729706400000,65560.0,66444.0,65240.0,66375.0,2.16594428,1729713599999
1729713600000,66322.0,66525.0,66307.0,66414.0,0.50767861,1729720799999
1729720800000,66449.0,66490.0,66372.0,66490.0,0.22051904,1729727999999
1729728000000,66835.0,67450.0,66835.0,67164.0,0.72927934,1729735199999
1729735200000,67370.0,67370.0,67152.0,67160.0,0.0514157,1729742399999
1729742400000,67170.0,67319.0,67170.0,67319.0,0.08028591,1729749599999
1729749600000,67357.0,67357.0,67242.0,67242.0,0.21291063,1729756799999
1729756800000,67051.0,67144.0,66680.0,66840.0,0.18278534,1729763999999
1729764000000,66920.0,67260.0,66920.0,67178.0,0.05185279,1729771199999
1729771200000,67404.0,67921.0,67250.0,67921.0,2.19136642,1729778399999
1729778400000,67646.0,67900.0,67495.0,67634.0,1.49635244,1729785599999
1729785600000,67679.0,67770.0,67306.0,67720.0,1.96763968,1729792799999
1729792800000,67713.0,68268.0,67652.0,68226.0,1.15055078,1729799999999
1729800000000,68137.0,68794.0,67956.0,68458.0,1.65729233,1729807199999
1729807200000,68422.0,68465.0,68373.0,68373.0,0.8362904,1729814399999
1729814400000,67905.0,67930.0,67853.0,67860.0,0.47505747,1729821599999
1729821600000,67811.0,67816.0,67811.0,67815.0,0.25748057,1729828799999
1729828800000,67697.0,67787.0,67667.0,67787.0,2.33309543,1729835999999
1729836000000,67724.0,67771.0,67229.0,67391.0,2.25021249,1729843199999
1729843200000,67665.0,67665.0,67665.0,67665.0,1.2897E-4,1729850399999
1729850400000,67735.0,67742.0,67735.0,67742.0,0.22143902,1729857599999
1729857600000,68168.0,68182.0,67760.0,68055.0,1.50241572,1729864799999
1729864800000,68423.0,68714.0,67429.0,67570.0,2.70468482,1729871999999
1729872000000,67546.0,67810.0,66786.0,66793.0,1.07961096,1729879199999
1729879200000,66614.0,67490.0,65907.0,66873.0,2.56565993,1729886399999
1729886400000,66701.0,67003.0,66591.0,66942.0,0.32341312,1729893599999
1729893600000,66949.0,66949.0,65617.0,66230.0,1.66216416,1729900799999
1729900800000,66546.0,66546.0,66546.0,66546.0,0.01979,1729907999999
1729908000000,66646.0,66854.0,66646.0,66807.0,0.00349486,1729915199999
1729915200000,66807.0,66929.0,66807.0,66929.0,2.9039E-4,1729922399999
1729922400000,67073.0,67073.0,67069.0,67069.0,0.07659032,1729929599999
1729929600000,67000.0,67189.0,67000.0,67189.0,0.05497408,1729936799999
1729936800000,67050.0,67050.0,66980.0,66980.0,0.02305191,1729943999999
1729944000000,66966.0,66966.0,66855.0,66855.0,0.03047621,1729951199999
1729951200000,66740.0,66762.0,66740.0,66762.0,0.03159477,1729958399999
1729958400000,66911.0,66911.0,66904.0,66904.0,0.112832,1729965599999
1729965600000,66995.0,67085.0,66995.0,67085.0,0.00700066,1729972799999
1729972800000,67322.0,67356.0,67031.0,67031.0,0.06300203,1729979999999
1729980000000,67047.0,67075.0,67045.0,67048.0,0.62020777,1729987199999
1730001600000,67103.0,67107.0,67075.0,67082.0,0.0034,1730008799999
1730008800000,67079.0,67111.0,67079.0,67111.0,0.01395655,1730015999999
1730016000000,67138.0,67138.0,67043.0,67043.0,0.64626614,1730023199999
1730030400000,67338.0,67634.0,67338.0,67634.0,0.38526174,1730037599999
1730037600000,67585.0,67734.0,67585.0,67734.0,0.19954041,1730044799999
1730044800000,67776.0,67776.0,67671.0,67758.0,2.91499666,1730051999999
1730052000000,67535.0,67716.0,67535.0,67716.0,0.08793078,1730059199999
1730059200000,67693.0,68031.0,67693.0,68031.0,0.33760541,1730066399999
1730066400000,68027.0,68185.0,68000.0,68141.0,0.0671999,1730073599999
1730073600000,67731.0,67731.0,67731.0,67731.0,9.9829E-4,1730080799999
1730088000000,67673.0,67694.0,67622.0,67622.0,0.0034,1730095199999
1730095200000,67775.0,68552.0,67775.0,68420.0,0.5399196,1730102399999
1730102400000,68370.0,68408.0,68270.0,68408.0,1.44126182,1730109599999
1730109600000,68577.0,68731.0,68575.0,68670.0,0.03805541,1730116799999
1730116800000,68696.0,69207.0,68696.0,68849.0,1.51634149,1730123999999
1730124000000,68719.0,68982.0,68482.0,68492.0,0.9538105,1730131199999
1730131200000,68583.0,69137.0,68583.0,68998.0,0.43855501,1730138399999
1730138400000,69041.0,69855.0,69041.0,69641.0,3.41885516,1730145599999
1730145600000,69671.0,69741.0,69453.0,69706.0,0.3556918,1730152799999
1730152800000,69786.0,70262.0,69743.0,69877.0,1.41071442,1730159999999
1730160000000,69896.0,70311.0,69748.0,70250.0,0.08145808,1730167199999
1730167200000,70217.0,71511.0,70217.0,70922.0,1.64083661,1730174399999
1730174400000,70941.0,70941.0,70908.0,70908.0,0.54700672,1730181599999
1730181600000,71129.0,71279.0,70873.0,70873.0,0.35510573,1730188799999
1730188800000,71004.0,71250.0,71004.0,71145.0,7.32136939,1730195999999
1730196000000,71227.0,71468.0,71112.0,71450.0,1.74780805,1730203199999
1730203200000,71450.0,71745.0,70887.0,71707.0,1.22283139,1730210399999
1730210400000,71787.0,72400.0,71477.0,72400.0,3.31740832,1730217599999
1730217600000,72500.0,72960.0,72390.0,72750.0,5.80184168,1730224799999
1730224800000,72738.0,73602.0,72578.0,72578.0,3.64902288,1730231999999
1730232000000,72388.0,72565.0,71890.0,72261.0,1.99274955,1730239199999
1730239200000,72223.0,72840.0,72194.0,72604.0,3.32170925,1730246399999
1730246400000,72523.0,72551.0,72173.0,72388.0,0.16424013,1730253599999
1730253600000,72369.0,72430.0,72176.0,72176.0,0.03910863,1730260799999
1730260800000,72239.0,72299.0,72239.0,72275.0,0.00453724,1730267999999
1730268000000,72376.0,72441.0,72100.0,72100.0,0.2875955,1730275199999
1730275200000,72320.0,72490.0,72247.0,72477.0,0.24578475,1730282399999
1730282400000,72390.0,72416.0,72390.0,72416.0,0.27338349,1730289599999
1730289600000,72014.0,72037.0,71433.0,71990.0,1.42088079,1730296799999
1730296800000,71974.0,72418.0,71795.0,72069.0,1.64752964,1730303999999
1730304000000,71946.0,72167.0,71661.0,71846.0,0.76204955,1730311199999
1730311200000,71888.0,72110.0,71781.0,71819.0,1.28710352,1730318399999
1730318400000,71781.0,72940.0,71720.0,72139.0,2.00635594,1730325599999
1730325600000,72318.0,72622.0,72318.0,72395.0,0.11021227,1730332799999
1730332800000,72314.0,72370.0,72096.0,72120.0,0.12456996,1730339999999
1730340000000,72291.0,72538.0,72256.0,72466.0,0.08992798,1730347199999
1730347200000,72281.0,72302.0,72212.0,72212.0,0.03467127,1730354399999
1730354400000,72288.0,72441.0,72184.0,72407.0,0.12215614,1730361599999
1730361600000,72270.0,72318.0,72163.0,72318.0,1.20129138,1730368799999
1730368800000,72271.0,72615.0,72242.0,72242.0,0.72165312,1730375999999
1730376000000,72232.0,72232.0,71144.0,71144.0,2.0890092,1730383199999
1730383200000,71220.0,71345.0,70420.0,70560.0,2.63776332,1730390399999
1730390400000,70355.0,70800.0,70340.0,70700.0,1.57765114,1730397599999
1730397600000,70287.0,70554.0,70000.0,70000.0,0.64945405,1730404799999
1730404800000,69923.0,70366.0,69621.0,70366.0,0.46671749,1730411999999
1730412000000,70325.0,70364.0,70100.0,70249.0,1.28030367,1730419199999
1730419200000,70197.0,70197.0,69303.0,69330.0,1.54883618,1730426399999
1730426400000,69200.0,69454.0,68800.0,69454.0,0.38152055,1730433599999
1730433600000,69340.0,69540.0,69340.0,69540.0,0.40020156,1730440799999
1730440800000,69175.0,69194.0,69059.0,69194.0,0.03254328,1730447999999
1730448000000,69285.0,69375.0,69285.0,69348.0,0.07796434,1730455199999
1730455200000,69599.0,70135.0,69599.0,70135.0,1.35036939,1730462399999
1730462400000,70067.0,71145.0,69866.0,71145.0,0.5604821,1730469599999
1730469600000,71029.0,71538.0,69143.0,69376.0,5.44304965,1730476799999
1730476800000,69368.0,70434.0,69368.0,69625.0,1.77331811,1730483999999
1730484000000,69521.0,69574.0,68813.0,69241.0,2.08932629,1730491199999
1730491200000,69252.0,69288.0,68950.0,68950.0,0.69546439,1730498399999
1730498400000,69275.0,69312.0,69265.0,69312.0,0.13908256,1730505599999
1730512800000,69852.0,69852.0,69573.0,69573.0,0.04223805,1730519999999
1730520000000,69556.0,69567.0,69425.0,69425.0,0.0034,1730527199999
1730527200000,69684.0,69716.0,69684.0,69710.0,0.06641752,1730534399999
1730541600000,69436.0,69497.0,69375.0,69375.0,0.05667363,1730548799999
1730548800000,69610.0,69663.0,69364.0,69364.0,0.15176661,1730555999999
1730556000000,69313.0,69314.0,69220.0,69220.0,0.34353947,1730563199999
1730563200000,69437.0,69437.0,69437.0,69437.0,8.1648E-4,1730570399999
1730570400000,69417.0,69430.0,69417.0,69430.0,0.05122163,1730577599999
1730577600000,69534.0,69534.0,69500.0,69500.0,0.00180959,1730584799999
1730592000000,69212.0,69316.0,69000.0,69000.0,0.17373617,1730599199999
1730599200000,68796.0,68796.0,67929.0,68252.0,0.38712908,1730606399999
1730606400000,68367.0,68662.0,68367.0,68461.0,0.19838796,1730613599999
1730613600000,68476.0,68937.0,68391.0,68391.0,1.21294766,1730620799999
1730620800000,68280.0,68280.0,68280.0,68280.0,0.10584,1730627999999
1730628000000,68477.0,68546.0,68476.0,68501.0,1.77790609,1730635199999
1730635200000,68471.0,68471.0,68000.0,68000.0,0.34786313,1730642399999
1730642400000,67999.0,68042.0,67425.0,67820.0,2.93477704,1730649599999
1730649600000,68068.0,68236.0,68068.0,68236.0,0.11623828,1730656799999
1730656800000,68030.0,68636.0,67689.0,68583.0,0.59478371,1730663999999
1730664000000,68892.0,69144.0,68808.0,69131.0,0.12964773,1730671199999
1730671200000,69193.0,69214.0,68590.0,68590.0,0.28287727,1730678399999
1730678400000,68920.0,68926.0,68920.0,68926.0,0.11785178,1730685599999
1730685600000,69107.0,69107.0,69107.0,69107.0,0.01924737,1730692799999
1730692800000,69219.0,69219.0,69058.0,69065.0,0.00357038,1730699999999
1730700000000,69033.0,69033.0,69033.0,69033.0,0.00579143,1730707199999
1730707200000,68619.0,68829.0,68500.0,68619.0,2.10603091,1730714399999
1730714400000,68781.0,68795.0,68694.0,68737.0,0.34544152,1730721599999
1730721600000,68910.0,69143.0,68822.0,68885.0,0.90498951,1730728799999
1730728800000,68580.0,68698.0,68186.0,68698.0,1.39707704,1730735999999
1730736000000,68460.0,68768.0,67230.0,67732.0,5.1800783,1730743199999
1730743200000,67570.0,67993.0,67552.0,67868.0,1.24661627,1730750399999
1730750400000,67755.0,67755.0,66813.0,67003.0,5.40729832,1730757599999
1730757600000,67029.0,67983.0,67029.0,67813.0,1.94122906,1730764799999
1730764800000,67868.0,68048.0,67549.0,67549.0,3.52822271,1730771999999
1730772000000,68002.0,68208.0,68002.0,68208.0,0.23141322,1730779199999
1730779200000,68235.0,68714.0,68235.0,68655.0,0.55035077,1730786399999
1730786400000,68654.0,68911.0,68543.0,68883.0,1.89165548,1730793599999
1730793600000,68906.0,69062.0,68775.0,68775.0,1.68810772,1730800799999
1730800800000,68674.0,68906.0,68633.0,68808.0,5.35784696,1730807999999
1730808000000,68793.0,68883.0,68666.0,68883.0,0.35466341,1730815199999
1730815200000,68813.0,70277.0,68813.0,69483.0,7.94662359,1730822399999
1730822400000,69665.0,70451.0,69665.0,70061.0,3.30697592,1730829599999
1730829600000,69966.0,70208.0,68801.0,69073.0,2.04120896,1730836799999
1730836800000,68886.0,69607.0,68886.0,69511.0,4.55990932,1730843999999
1730844000000,69248.0,69736.0,69099.0,69403.0,1.51959447,1730851199999
1730851200000,69478.0,71449.0,69475.0,71154.0,5.84477586,1730858399999
1730858400000,71168.0,75100.0,70986.0,74248.0,10.88887978,1730865599999
1730865600000,74573.0,74893.0,73805.0,74799.0,9.36858778,1730872799999
1730872800000,74790.0,75330.0,73232.0,73421.0,7.5085648,1730879999999
1730880000000,73383.0,74066.0,72718.0,73795.0,9.99030634,1730887199999
1730887200000,73831.0,74429.0,73418.0,74316.0,3.00974378,1730894399999
1730894400000,74476.0,74785.0,73677.0,74011.0,10.00232921,1730901599999
1730901600000,74094.0,74728.0,73609.0,74536.0,7.75382628,1730908799999
1730908800000,74428.0,74702.0,74198.0,74535.0,3.81775181,1730915999999
1730916000000,74516.0,75918.0,74516.0,75886.0,9.58655711,1730923199999
1730923200000,75876.0,76427.0,75633.0,75836.0,6.30499475,1730930399999
1730930400000,76089.0,76127.0,75652.0,75684.0,1.81795582,1730937599999
1730937600000,75518.0,75997.0,75165.0,75424.0,2.4530387,1730944799999
1730944800000,75421.0,75421.0,75052.0,75093.0,0.89353436,1730951999999
1730952000000,74997.0,74997.0,74679.0,74815.0,1.38201868,1730959199999
1730959200000,74726.0,74966.0,74493.0,74961.0,2.97350229,1730966399999
1730966400000,74797.0,75180.0,74797.0,74939.0,1.72772955,1730973599999
1730973600000,74906.0,74932.0,74775.0,74775.0,0.52614824,1730980799999
1730980800000,74951.0,75030.0,74703.0,74703.0,0.39938791,1730987999999
1730988000000,74722.0,76105.0,74609.0,76105.0,3.59370244,1730995199999
1730995200000,76135.0,76564.0,75672.0,76430.0,2.69821189,1731002399999
1731002400000,76016.0,76719.0,75981.0,76588.0,4.18350768,1731009599999
1731009600000,76637.0,76964.0,76118.0,76135.0,3.25545239,1731016799999
1731016800000,76006.0,76055.0,75658.0,76055.0,0.88039084,1731023999999
1731024000000,76118.0,76339.0,75954.0,75954.0,0.59654522,1731031199999
1731031200000,75798.0,75805.0,75719.0,75738.0,0.31972066,1731038399999
1731038400000,75950.0,76093.0,75896.0,76093.0,0.59795453,1731045599999
1731045600000,75937.0,76254.0,75800.0,76232.0,0.96428919,1731052799999
1731052800000,75895.0,76113.0,75895.0,76046.0,0.2948544,1731059999999
1731060000000,76041.0,76251.0,75990.0,76225.0,0.87291982,1731067199999
1731067200000,76182.0,76276.0,76015.0,76276.0,0.31339211,1731074399999
1731074400000,76353.0,76596.0,75723.0,76360.0,3.33840971,1731081599999
1731081600000,76401.0,76558.0,75925.0,76558.0,4.16386866,1731088799999
1731088800000,76485.0,77273.0,76450.0,77082.0,4.7729931,1731095999999
1731096000000,77048.0,77121.0,76494.0,76697.0,4.15012507,1731103199999
1731103200000,76552.0,76669.0,76397.0,76504.0,0.7571206,1731110399999
1731110400000,76514.0,76676.0,76349.0,76349.0,0.74474178,1731117599999
1731117600000,76329.0,76464.0,76205.0,76443.0,0.88456307,1731124799999
1731124800000,76393.0,76661.0,76388.0,76608.0,3.78969134,1731131999999
1731132000000,76585.0,76758.0,76457.0,76559.0,1.29336112,1731139199999
1731139200000,76559.0,76677.0,76533.0,76618.0,1.40148854,1731146399999
1731146400000,76496.0,76543.0,76447.0,76447.0,0.32938189,1731153599999
1731153600000,76411.0,76411.0,76338.0,76369.0,0.12462259,1731160799999
1731160800000,76317.0,76427.0,76317.0,76427.0,0.52631454,1731167999999
1731168000000,76183.0,76246.0,75867.0,76246.0,2.20591939,1731175199999
1731175200000,76248.0,76690.0,76165.0,76225.0,1.52219952,1731182399999
1731182400000,76229.0,76471.0,76229.0,76436.0,1.69172183,1731189599999
1731189600000,76523.0,76931.0,76481.0,76758.0,2.48754903,1731196799999
1731196800000,76743.0,77084.0,76743.0,76750.0,0.47337447,1731203999999
1731204000000,76747.0,77500.0,76747.0,77267.0,3.63433354,1731211199999
1731211200000,77259.0,79716.0,77259.0,79236.0,16.28721851,1731218399999
1731218400000,79002.0,79174.0,78735.0,78852.0,2.76444466,1731225599999
1731225600000,78922.0,79511.0,78922.0,79424.0,2.78181387,1731232799999
1731232800000,79439.0,80099.0,79372.0,80081.0,9.39357758,1731239999999
1731240000000,80003.0,80100.0,79361.0,79800.0,5.91233077,1731247199999
1731247200000,79951.0,80000.0,79272.0,79798.0,4.87111308,1731254399999
1731254400000,79707.0,80816.0,79635.0,80459.0,6.24140265,1731261599999
1731261600000,80445.0,81125.0,79411.0,79773.0,6.9492395,1731268799999
1731268800000,79955.0,80000.0,78547.0,79857.0,8.61264974,1731275999999
1731276000000,80121.0,81485.0,80121.0,80492.0,7.0612747,1731283199999
1731283200000,80541.0,81688.0,80303.0,81248.0,1.67627147,1731290399999
1731290400000,81198.0,81906.0,81163.0,81739.0,0.69580831,1731297599999
1731297600000,81719.0,81725.0,80607.0,80607.0,0.58102042,1731304799999
1731304800000,80864.0,81281.0,80864.0,81281.0,2.77041173,1731311999999
1731312000000,81310.0,81852.0,81086.0,81852.0,1.30092585,1731319199999
1731319200000,81898.0,82390.0,81898.0,82216.0,1.75591996,1731326399999
1731326400000,82196.0,82500.0,81622.0,81829.0,3.21347454,1731333599999
1731333600000,82000.0,84412.0,81642.0,84225.0,11.56266679,1731340799999
1731340800000,84200.0,84987.0,84052.0,84758.0,6.33761893,1731347999999
1731348000000,84731.0,86718.0,84414.0,86286.0,8.17680284,1731355199999
1731355200000,86361.0,88388.0,86361.0,88027.0,8.19056537,1731362399999
1731362400000,87770.0,89619.0,86568.0,88707.0,14.46324638,1731369599999
1731369600000,88785.0,89537.0,86772.0,88573.0,9.16507428,1731376799999
1731376800000,88886.0,88893.0,87353.0,88121.0,4.84463008,1731383999999
1731384000000,88252.0,88850.0,87852.0,88537.0,2.76781672,1731391199999
1731391200000,88455.0,89987.0,88455.0,89130.0,2.28309224,1731398399999
1731398400000,89182.0,89397.0,87751.0,87751.0,2.96023842,1731405599999
1731405600000,87891.0,87976.0,78883.0,87190.0,19.51646365,1731412799999
1731412800000,87394.0,87861.0,85200.0,85200.0,3.03402304,1731419999999
1731420000000,86481.0,87536.0,85584.0,86668.0,6.98356817,1731427199999
1731427200000,86588.0,87754.0,86000.0,86980.0,1.29944172,1731434399999
1731434400000,87048.0,89900.0,87041.0,88853.0,9.27803452,1731441599999
1731441600000,88836.0,90000.0,88254.0,88296.0,5.5252974,1731448799999
1731448800000,88238.0,88664.0,87518.0,88000.0,2.33076589,1731455999999
1731456000000,88180.0,88633.0,87951.0,88340.0,2.17423004,1731463199999
1731463200000,88310.0,88310.0,87457.0,87685.0,0.67123762,1731470399999
1731470400000,87328.0,87700.0,86562.0,86597.0,2.200467,1731477599999
1731477600000,86928.0,87525.0,86350.0,87400.0,2.1067564,1731484799999
1731484800000,87400.0,87711.0,87340.0,87424.0,2.13015371,1731491999999
1731492000000,87403.0,88182.0,87403.0,87820.0,0.47418391,1731499199999
1731499200000,87628.0,89782.0,87561.0,89387.0,7.14504366,1731506399999
1731506400000,89158.0,92846.0,88867.0,92695.0,15.26487069,1731513599999
1731513600000,92746.0,93467.0,91688.0,92330.0,8.41178043,1731520799999
1731520800000,92500.0,93220.0,89900.0,90327.0,10.65463839,1731527999999
1731528000000,90289.0,91212.0,88193.0,89020.0,6.74499052,1731535199999
1731535200000,88687.0,90578.0,88687.0,90578.0,1.45193128,1731542399999
1731542400000,90332.0,90445.0,89775.0,90445.0,1.17095876,1731549599999
1731549600000,90223.0,90228.0,89673.0,90029.0,0.1771574,1731556799999
1731556800000,89896.0,90043.0,89479.0,90043.0,0.62177132,1731563999999
1731564000000,90188.0,90889.0,89188.0,90889.0,1.08170047,1731571199999
1731571200000,90838.0,91236.0,90511.0,90660.0,1.52910877,1731578399999
1731578400000,91000.0,91612.0,90613.0,91575.0,1.425001,1731585599999
1731585600000,91419.0,91563.0,90665.0,90709.0,3.50054183,1731592799999
1731592800000,91039.0,91796.0,87920.0,87953.0,10.60401552,1731599999999
1731600000000,87901.0,89411.0,87671.0,89087.0,3.17309024,1731607199999
1731607200000,89394.0,89709.0,89077.0,89539.0,2.17207378,1731614399999
1731614400000,89437.0,89437.0,87059.0,88256.0,4.93984535,1731621599999
1731621600000,87955.0,88170.0,86750.0,87289.0,3.91600798,1731628799999
1731628800000,87584.0,88321.0,87419.0,88132.0,1.57932066,1731635999999
1731636000000,88291.0,88424.0,88253.0,88257.0,0.44557145,1731643199999
1731643200000,87627.0,87829.0,87173.0,87829.0,0.57610125,1731650399999
1731650400000,88051.0,88350.0,87652.0,87652.0,0.80657038,1731657599999
1731657600000,87768.0,89332.0,87447.0,89126.0,2.17843024,1731664799999
1731664800000,89036.0,89657.0,89036.0,89657.0,1.14109699,1731671999999
1731672000000,89622.0,90578.0,89447.0,90173.0,1.9019289,1731679199999
1731679200000,90203.0,90203.0,87810.0,88486.0,6.59713756,1731686399999
1731686400000,88492.0,89943.0,88492.0,89546.0,2.42494296,1731693599999
1731693600000,89551.0,90724.0,89269.0,90157.0,2.94483296,1731700799999
1731700800000,90646.0,91886.0,90505.0,91746.0,2.83150208,1731707999999
1731708000000,91762.0,91834.0,90904.0,91005.0,2.3298598,1731715199999
1731715200000,91070.0,91367.0,90971.0,91303.0,0.80743294,1731722399999
1731722400000,91726.0,91726.0,91130.0,91380.0,0.27318531,1731729599999
1731729600000,91245.0,91564.0,91245.0,91564.0,0.39488988,1731736799999
1731736800000,91275.0,91353.0,91245.0,91249.0,0.07849191,1731743999999
1731744000000,91332.0,91445.0,91322.0,91445.0,0.16734289,1731751199999
1731751200000,91247.0,91601.0,91129.0,91143.0,0.583757,1731758399999
1731758400000,90639.0,90984.0,90639.0,90798.0,0.17646612,1731765599999
1731765600000,90856.0,91032.0,90248.0,90500.0,1.39277476,1731772799999
1731772800000,90836.0,90889.0,90645.0,90889.0,0.57982994,1731779999999
1731780000000,90921.0,91399.0,90914.0,91081.0,0.36182671,1731787199999
1731787200000,91164.0,91164.0,90801.0,91026.0,0.7917308,1731794399999
1731794400000,90977.0,90977.0,90347.0,90543.0,0.8153067,1731801599999
1731801600000,90842.0,90842.0,90071.0,90071.0,0.75509904,1731808799999
1731808800000,90124.0,90124.0,89678.0,90119.0,0.39821545,1731815999999
1731816000000,90504.0,90793.0,90426.0,90462.0,0.58583174,1731823199999
1731823200000,90461.0,90461.0,90357.0,90357.0,0.02979623,1731830399999
1731830400000,90714.0,91410.0,90559.0,91245.0,0.8561415,1731837599999
1731837600000,91109.0,91109.0,90667.0,90701.0,0.92183353,1731844799999
1731844800000,90849.0,91003.0,90379.0,90513.0,1.00992465,1731851999999
1731852000000,90375.0,90378.0,90070.0,90289.0,0.73094628,1731859199999
1731859200000,90413.0,90569.0,90185.0,90541.0,3.51576463,1731866399999
1731866400000,90185.0,90185.0,89775.0,89983.0,0.22702681,1731873599999
1731873600000,90167.0,90167.0,89095.0,89149.0,2.73365675,1731880799999
1731880800000,89071.0,89782.0,88758.0,89782.0,5.985178,1731887999999
1731888000000,89784.0,90918.0,89777.0,90918.0,1.91911273,1731895199999
1731895200000,90735.0,90735.0,90409.0,90409.0,0.21700593,1731902399999
1731902400000,90513.0,90576.0,90513.0,90555.0,0.09894181,1731909599999
1731909600000,90743.0,92196.0,90743.0,91702.0,4.78917682,1731916799999
1731916800000,91806.0,92157.0,91680.0,91699.0,0.90532023,1731923999999
1731924000000,91925.0,91986.0,90160.0,90300.0,3.5505047,1731931199999
1731931200000,90264.0,90669.0,89387.0,89478.0,4.77570361,1731938399999
1731938400000,89495.0,92594.0,89454.0,92130.0,7.3163114,1731945599999
1731945600000,92427.0,92427.0,91016.0,91267.0,4.12734288,1731952799999
1731952800000,91527.0,91647.0,89805.0,90409.0,3.1578763,1731959999999
1731960000000,90603.0,91974.0,90603.0,91384.0,4.27729707,1731967199999
1731967200000,91390.0,91394.0,90456.0,90584.0,1.08719283,1731974399999
1731974400000,90459.0,91086.0,90459.0,90909.0,0.34976591,1731981599999
1731981600000,91152.0,91576.0,91152.0,91576.0,0.35506338,1731988799999
1731988800000,91339.0,91960.0,91339.0,91960.0,0.41138888,1731995999999
1731996000000,91724.0,92005.0,91717.0,91762.0,0.39610763,1732003199999
1732003200000,91702.0,91901.0,91274.0,91694.0,1.08983963,1732010399999
1732010400000,91653.0,91908.0,91548.0,91667.0,0.42599074,1732017599999
1732017600000,92078.0,92775.0,91257.0,91330.0,5.68428905,1732024799999
1732024800000,91361.0,92387.0,91089.0,92341.0,3.59106074,1732031999999
1732032000000,92333.0,93364.0,92313.0,92853.0,3.35486865,1732039199999
1732039200000,92904.0,94000.0,92904.0,93261.0,8.09048295,1732046399999
1732046400000,93300.0,93630.0,92000.0,92300.0,4.45837231,1732053599999
1732053600000,92439.0,92439.0,91523.0,92189.0,3.17804815,1732060799999
1732060800000,92179.0,92335.0,91903.0,92087.0,0.22797593,1732067999999
1732068000000,91735.0,92152.0,91716.0,92152.0,0.80530875,1732075199999
1732075200000,92153.0,92231.0,92153.0,92231.0,0.05294008,1732082399999
1732082400000,92700.0,92802.0,92500.0,92802.0,1.22419379,1732089599999
1732089600000,92865.0,93692.0,92865.0,93228.0,0.81629824,1732096799999
1732096800000,93393.0,93590.0,92987.0,93590.0,0.15999629,1732103999999
1732104000000,93643.0,94666.0,93451.0,94666.0,1.64108084,1732111199999
1732111200000,94427.0,94900.0,94027.0,94750.0,3.8295796,1732118399999
1732118400000,94876.0,94923.0,93641.0,94163.0,5.11814172,1732125599999
1732125600000,94078.0,94353.0,93299.0,93869.0,1.72232655,1732132799999
1732132800000,94200.0,94553.0,94200.0,94266.0,0.76394166,1732139999999
1732140000000,94496.0,94496.0,93898.0,94266.0,0.41685925,1732147199999
1732147200000,94312.0,95028.0,94312.0,94831.0,1.58476896,1732154399999
1732154400000,94632.0,96000.0,94314.0,95989.0,3.48648722,1732161599999
1732161600000,96000.0,97900.0,96000.0,97132.0,9.93733956,1732168799999
1732168800000,97111.0,97417.0,97022.0,97133.0,1.01055723,1732175999999
1732176000000,97150.0,97626.0,96800.0,97580.0,1.70397927,1732183199999
1732183200000,97684.0,98347.0,97458.0,97817.0,7.19211113,1732190399999
1732190400000,98021.0,98105.0,97334.0,97585.0,1.59431376,1732197599999
1732197600000,97441.0,97631.0,95650.0,96875.0,4.02412985,1732204799999
1732204800000,96721.0,98104.0,96365.0,98104.0,3.0031844,1732211999999
1732212000000,97943.0,98985.0,97857.0,97900.0,8.50757137,1732219199999
1732219200000,98500.0,98663.0,97767.0,97850.0,3.24754613,1732226399999
1732226400000,98200.0,98801.0,98176.0,98743.0,0.3859086,1732233599999
1732233600000,98490.0,98580.0,98122.0,98122.0,0.25986127,1732240799999
1732240800000,98202.0,99332.0,98202.0,98514.0,6.61734983,1732247999999
1732248000000,98912.0,99077.0,98799.0,98995.0,0.38771206,1732255199999
1732255200000,98948.0,99500.0,98849.0,99363.0,2.32155075,1732262399999
1732262400000,99394.0,99394.0,98620.0,98629.0,0.87150682,1732269599999
1732269600000,98822.0,98933.0,98480.0,98829.0,3.78508122,1732276799999
1732276800000,98962.0,98962.0,97529.0,97707.0,5.1417101,1732283999999
1732284000000,97837.0,98905.0,97237.0,98853.0,6.31257662,1732291199999
1732291200000,98565.0,99335.0,98379.0,98895.0,7.43486358,1732298399999
1732298400000,99075.0,99645.0,98829.0,99320.0,3.67742579,1732305599999
1732305600000,99048.0,99529.0,98941.0,99278.0,3.74366132,1732312799999
1732312800000,99395.0,99479.0,98750.0,98952.0,0.79572395,1732319999999
1732320000000,98849.0,99026.0,98480.0,98703.0,0.76434592,1732327199999
1732327200000,98469.0,98770.0,98430.0,98770.0,0.4186591,1732334399999
1732334400000,98802.0,98876.0,98508.0,98876.0,0.17987848,1732341599999
1732341600000,98728.0,98823.0,98596.0,98596.0,0.00899238,1732348799999
1732348800000,98672.0,98672.0,98511.0,98590.0,0.16102805,1732355999999
1732356000000,98538.0,98691.0,98538.0,98642.0,0.2963925,1732363199999
1732363200000,98629.0,98928.0,98629.0,98779.0,0.15455178,1732370399999
1732370400000,98560.0,98909.0,98560.0,98602.0,0.38607178,1732377599999
1732377600000,98605.0,98605.0,97542.0,98159.0,2.12240274,1732384799999
1732384800000,97911.0,98061.0,97559.0,97591.0,2.62457713,1732391999999
1732392000000,97495.0,97545.0,97214.0,97214.0,0.30223247,1732399199999
1732399200000,98084.0,98084.0,97547.0,97634.0,0.57045302,1732406399999
1732406400000,97826.0,98478.0,97826.0,98209.0,0.90854843,1732413599999
1732413600000,98438.0,98627.0,98438.0,98473.0,0.12057325,1732420799999
1732420800000,98290.0,98304.0,98166.0,98304.0,0.18972722,1732427999999
1732428000000,98204.0,98480.0,98204.0,98480.0,0.16760045,1732435199999
1732435200000,98250.0,98250.0,98090.0,98116.0,0.32828815,1732442399999
1732442400000,97947.0,97947.0,97400.0,97615.0,0.20924919,1732449599999
1732449600000,97250.0,97604.0,96576.0,97448.0,1.03534646,1732456799999
1732456800000,96900.0,97134.0,96029.0,96043.0,2.89847065,1732463999999
1732464000000,96000.0,96780.0,95812.0,95929.0,2.91228761,1732471199999
1732471200000,96142.0,96556.0,96142.0,96556.0,0.08497214,1732478399999
1732478400000,96496.0,97046.0,96496.0,97046.0,0.11155995,1732485599999
1732485600000,97293.0,98420.0,97282.0,98063.0,2.97842201,1732492799999
1732492800000,97964.0,98131.0,97104.0,97145.0,0.29845682,1732499999999
1732500000000,97395.0,97864.0,97395.0,97864.0,0.15362756,1732507199999
1732507200000,98027.0,98356.0,97849.0,98356.0,0.22346881,1732514399999
1732514400000,98462.0,98480.0,97964.0,97964.0,0.10298221,1732521599999
1732521600000,98202.0,99001.0,98202.0,98701.0,2.8603323,1732528799999
1732528800000,98665.0,98724.0,98296.0,98296.0,1.30333987,1732535999999
1732536000000,98216.0,98216.0,97603.0,97790.0,2.04959206,1732543199999
1732543200000,97524.0,97647.0,94751.0,96434.0,3.29928729,1732550399999
1732550400000,96015.0,96400.0,94839.0,95157.0,2.53008951,1732557599999
1732557600000,95230.0,95598.0,94632.0,94889.0,0.24673703,1732564799999
1732564800000,94634.0,95106.0,93581.0,93620.0,4.06179292,1732571999999
1732572000000,93739.0,94357.0,92635.0,93040.0,10.05443999,1732579199999
1732579200000,92971.0,94850.0,92802.0,94850.0,1.40540462,1732586399999
1732586400000,94815.0,94815.0,94313.0,94561.0,0.22600952,1732593599999
1732593600000,94480.0,94609.0,94480.0,94609.0,0.00549386,1732600799999
1732600800000,94886.0,95015.0,93567.0,93775.0,1.13275114,1732607999999
1732608000000,93802.0,93802.0,92386.0,93667.0,3.29569062,1732615199999
1732615200000,93667.0,93667.0,91500.0,92007.0,6.30968603,1732622399999
1732622400000,92469.0,92795.0,91926.0,92400.0,1.39522405,1732629599999
1732629600000,91993.0,93404.0,91743.0,93404.0,3.15998884,1732636799999
1732636800000,92737.0,94553.0,92737.0,93690.0,1.84155642,1732643999999
1732644000000,93427.0,93427.0,91720.0,91730.0,3.76288695,1732651199999
1732651200000,91636.0,91888.0,90801.0,91623.0,5.21348655,1732658399999
1732658400000,91699.0,92276.0,91699.0,91943.0,0.56719418,1732665599999
1732665600000,92152.0,92583.0,91786.0,92583.0,0.54504346,1732672799999
1732672800000,92600.0,93014.0,92382.0,92837.0,0.42895183,1732679999999
1732680000000,93065.0,93086.0,92629.0,92746.0,0.53879825,1732687199999
1732687200000,92817.0,93600.0,92817.0,93561.0,2.22153722,1732694399999
1732694400000,93589.0,93589.0,93200.0,93397.0,1.19910006,1732701599999
1732701600000,93410.0,93893.0,93352.0,93356.0,1.68198473,1732708799999
1732708800000,93290.0,94194.0,92960.0,94194.0,0.74228541,1732715999999
1732716000000,94264.0,95811.0,94150.0,95726.0,6.08028054,1732723199999
1732723200000,95795.0,96348.0,95462.0,96348.0,0.78713837,1732730399999
1732730400000,96424.0,96711.0,96063.0,96711.0,0.42750152,1732737599999
1732737600000,96999.0,97277.0,96284.0,96284.0,2.64580115,1732744799999
1732744800000,96440.0,96527.0,95935.0,95981.0,0.27656531,1732751999999
1732752000000,95927.0,96636.0,95910.0,96343.0,0.27433408,1732759199999
1732759200000,96389.0,96389.0,95000.0,95359.0,0.76669488,1732766399999
1732766400000,95713.0,95770.0,95516.0,95516.0,0.10056091,1732773599999
1732773600000,95330.0,95690.0,95330.0,95363.0,0.6910678,1732780799999
1732780800000,95421.0,95460.0,95199.0,95199.0,1.08542078,1732787999999
1732788000000,94856.0,95659.0,94700.0,95659.0,0.85234667,1732795199999
1732795200000,95385.0,95741.0,95133.0,95741.0,0.54921441,1732802399999
1732802400000,96000.0,96000.0,95086.0,95086.0,0.22814478,1732809599999
1732809600000,95138.0,95138.0,94855.0,94875.0,0.44422164,1732816799999
1732816800000,95318.0,95412.0,95190.0,95190.0,0.07370225,1732823999999
1732824000000,95026.0,95201.0,95026.0,95131.0,0.17724391,1732831199999
1732831200000,95345.0,95760.0,95345.0,95743.0,0.73739596,1732838399999
1732838400000,95684.0,95684.0,95650.0,95650.0,0.11576351,1732845599999
1732845600000,96594.0,96836.0,96593.0,96624.0,0.09759596,1732852799999
1732852800000,96418.0,96470.0,96307.0,96469.0,0.23895787,1732859999999
1732860000000,96123.0,96342.0,95660.0,95660.0,0.19287223,1732867199999
1732867200000,95874.0,96409.0,95874.0,96409.0,1.03635628,1732874399999
1732874400000,96619.0,97366.0,96585.0,97366.0,0.16098088,1732881599999
1732881600000,97268.0,97517.0,96825.0,96825.0,0.19936549,1732888799999
1732888800000,97293.0,98625.0,97202.0,98398.0,3.43712322,1732895999999
1732896000000,98323.0,98503.0,97103.0,97370.0,1.49603159,1732903199999
1732903200000,97084.0,97456.0,97084.0,97456.0,0.22837969,1732910399999
1732910400000,97456.0,97709.0,97229.0,97422.0,0.15316836,1732917599999
1732917600000,97411.0,97521.0,97411.0,97428.0,0.43436242,1732924799999
1732924800000,96828.0,96828.0,96648.0,96648.0,3.0985E-4,1732931999999
1732932000000,96660.0,96667.0,96623.0,96657.0,0.20292838,1732939199999
1732939200000,96749.0,97156.0,96749.0,97156.0,0.22135559,1732946399999
1732946400000,97005.0,97182.0,96681.0,96923.0,4.15997644,1732953599999
1732953600000,96774.0,96977.0,96664.0,96722.0,0.93589361,1732960799999
1732960800000,96847.0,96853.0,96218.0,96370.0,0.30610965,1732967999999
1732968000000,96678.0,96711.0,96607.0,96607.0,0.289731,1732975199999
1732975200000,96473.0,96726.0,96468.0,96726.0,0.26160562,1732982399999
1732982400000,96781.0,97001.0,96779.0,97001.0,0.44382865,1732989599999
1732989600000,97008.0,97032.0,97008.0,97025.0,0.17354016,1732996799999
1732996800000,96917.0,96941.0,96889.0,96941.0,0.14200688,1733003999999
1733004000000,96652.0,96666.0,96384.0,96482.0,0.2943993,1733011199999
1733011200000,96625.0,96651.0,96153.0,96153.0,0.42959749,1733018399999
1733018400000,96176.0,96461.0,95754.0,96461.0,3.68100832,1733025599999
1733025600000,96407.0,96407.0,96407.0,96407.0,0.06938217,1733032799999
1733032800000,96449.0,96449.0,96397.0,96397.0,0.18133507,1733039999999
1733040000000,96796.0,97191.0,96796.0,97037.0,5.10621782,1733047199999
1733047200000,97045.0,97151.0,97045.0,97151.0,0.10179296,1733054399999
1733054400000,97167.0,97383.0,96922.0,97145.0,0.52610756,1733061599999
1733061600000,97090.0,97288.0,97052.0,97218.0,0.8247534,1733068799999
1733068800000,97362.0,97400.0,97190.0,97190.0,0.72653907,1733075999999
1733076000000,97357.0,97506.0,97025.0,97025.0,0.21260149,1733083199999
1733083200000,96926.0,97849.0,96926.0,97849.0,0.70699509,1733090399999
1733090400000,97730.0,97827.0,97344.0,97344.0,1.47364148,1733097599999
1733097600000,97269.0,98200.0,97269.0,97791.0,0.39029846,1733104799999
1733104800000,97688.0,97688.0,96770.0,96770.0,0.26403295,1733111999999
1733112000000,96301.0,96764.0,96217.0,96639.0,0.26966404,1733119199999
1733119200000,96312.0,96400.0,95843.0,96039.0,0.88210696,1733126399999
1733126400000,96018.0,96018.0,94983.0,95361.0,1.16596617,1733133599999
1733133600000,95500.0,95500.0,94960.0,95041.0,0.54899534,1733140799999
1733140800000,94989.0,95743.0,94899.0,95650.0,1.07241211,1733147999999
1733148000000,95649.0,97246.0,95626.0,97184.0,2.39744716,1733155199999
1733155200000,97116.0,97417.0,94439.0,94612.0,2.8783472,1733162399999
1733162400000,94921.0,95838.0,94921.0,95631.0,0.87256664,1733169599999
1733169600000,96001.0,96334.0,95512.0,95652.0,0.80782463,1733176799999
1733176800000,95494.0,95828.0,95199.0,95828.0,0.51915959,1733183999999
1733184000000,95770.0,96055.0,95626.0,95694.0,0.22265472,1733191199999
1733191200000,96238.0,96238.0,95973.0,95973.0,0.03021691,1733198399999
1733198400000,95946.0,95946.0,95946.0,95946.0,0.04144152,1733205599999
1733205600000,96219.0,96234.0,95406.0,95418.0,0.2914799,1733212799999
1733212800000,95496.0,95589.0,95284.0,95284.0,0.19814739,1733219999999
1733220000000,95345.0,95345.0,94718.0,94863.0,0.45527181,1733227199999
1733227200000,94958.0,94966.0,93748.0,93793.0,1.76253397,1733234399999
1733234400000,93688.0,96276.0,93678.0,95630.0,4.13916584,1733241599999
1733241600000,95709.0,96142.0,94975.0,95859.0,1.18103695,1733248799999
1733248800000,95631.0,95726.0,95081.0,95319.0,0.45937509,1733255999999
1733256000000,95390.0,96168.0,95355.0,96168.0,1.64960852,1733263199999
1733263200000,95863.0,96106.0,95863.0,95980.0,0.12205186,1733270399999
1733270400000,96016.0,96639.0,95677.0,96499.0,0.33743022,1733277599999
1733277600000,95416.0,95923.0,95416.0,95923.0,0.04660897,1733284799999
1733284800000,95875.0,96399.0,95858.0,96399.0,0.04641209,1733291999999
1733292000000,96538.0,96674.0,96379.0,96589.0,0.19854752,1733299199999
1733299200000,96679.0,96971.0,96615.0,96864.0,0.40877425,1733306399999
1733306400000,96731.0,96767.0,96253.0,96253.0,0.72003138,1733313599999
1733313600000,96247.0,96269.0,95402.0,95463.0,2.60387638,1733320799999
1733320800000,95612.0,96532.0,95554.0,96022.0,1.4716188,1733327999999
1733328000000,95789.0,95865.0,94692.0,95602.0,2.9644335,1733335199999
1733335200000,95692.0,97334.0,95566.0,97334.0,1.52170356,1733342399999
1733342400000,97436.0,99221.0,97436.0,97937.0,12.10978314,1733349599999
1733349600000,97907.0,99171.0,97817.0,98949.0,1.62340424,1733356799999
1733356800000,98726.0,98932.0,98251.0,98561.0,0.94771535,1733363999999
1733364000000,98417.0,104000.0,98417.0,103030.0,30.98520912,1733371199999
1733371200000,103040.0,103560.0,101960.0,102600.0,2.85758054,1733378399999
1733378400000,102700.0,102700.0,101600.0,102440.0,9.02722708,1733385599999
1733385600000,102310.0,103220.0,102310.0,102690.0,1.19330524,1733392799999
1733392800000,102700.0,102780.0,102330.0,102560.0,0.91290156,1733399999999
1733400000000,102730.0,103340.0,102500.0,102880.0,4.18051179,1733407199999
1733407200000,102720.0,103620.0,101150.0,101460.0,5.71849728,1733414399999
1733414400000,101450.0,102090.0,100650.0,101170.0,2.85785858,1733421599999
1733421600000,101350.0,101430.0,98746.0,99059.0,3.42053378,1733428799999
1733428800000,98993.0,99528.0,97917.0,99152.0,8.77126585,1733435999999
1733436000000,98804.0,98942.0,91499.0,97062.0,26.67537963,1733443199999
1733443200000,97016.0,98751.0,96420.0,98177.0,4.59910947,1733450399999
1733450400000,98133.0,98133.0,97292.0,97693.0,1.32417361,1733457599999
1733457600000,97761.0,98302.0,97602.0,97920.0,1.13066397,1733464799999
1733464800000,98079.0,98179.0,97841.0,98179.0,0.14021494,1733471999999
1733472000000,98232.0,98751.0,98065.0,98065.0,1.80654448,1733479199999
1733479200000,98000.0,98161.0,97777.0,98109.0,1.04417096,1733486399999
1733486400000,98324.0,98925.0,97638.0,98812.0,2.0196654,1733493599999
1733493600000,98895.0,99600.0,98504.0,99392.0,3.89650702,1733500799999
1733500800000,99443.0,101290.0,99034.0,100990.0,2.5808817,1733507999999
1733508000000,100820.0,101850.0,100820.0,101710.0,2.07521285,1733515199999
1733515200000,101660.0,102060.0,100520.0,100680.0,1.24560759,1733522399999
1733522400000,100760.0,100820.0,99300.0,99961.0,1.72277717,1733529599999
1733529600000,99808.0,100410.0,99808.0,100030.0,0.28083513,1733536799999
1733536800000,100200.0,100220.0,99439.0,99439.0,1.81587942,1733543999999
1733544000000,99440.0,99816.0,99092.0,99284.0,1.01936531,1733551199999
1733551200000,99448.0,99452.0,99354.0,99452.0,0.39168311,1733558399999
1733558400000,99575.0,99920.0,99551.0,99611.0,0.33809779,1733565599999
1733565600000,99622.0,99622.0,99622.0,99622.0,0.01,1733572799999
1733572800000,99742.0,99742.0,99440.0,99491.0,0.0362013,1733579999999
1733580000000,99200.0,99900.0,99200.0,99832.0,0.79604465,1733587199999
1733587200000,99818.0,99837.0,99600.0,99705.0,0.22231563,1733594399999
1733594400000,99821.0,100310.0,99814.0,100170.0,1.11428667,1733601599999
1733601600000,100310.0,100440.0,99850.0,99902.0,2.95572536,1733608799999
1733608800000,100080.0,100250.0,99832.0,99832.0,0.08823593,1733615999999
1733616000000,100120.0,100120.0,99829.0,99829.0,0.07013603,1733623199999
1733630400000,99868.0,99868.0,99500.0,99500.0,1.0404583,1733637599999
1733637600000,99724.0,99878.0,99723.0,99736.0,0.36834423,1733644799999
1733644800000,99534.0,99601.0,98729.0,98996.0,1.53067832,1733651999999
1733652000000,98996.0,99899.0,98996.0,99767.0,0.45454785,1733659199999
1733659200000,99563.0,100570.0,99563.0,100570.0,0.810994,1733666399999
1733666400000,100390.0,100390.0,99472.0,100020.0,0.72433347,1733673599999
1733673600000,100050.0,100150.0,99780.0,99920.0,0.960702,1733680799999
1733680800000,100010.0,100180.0,99656.0,100180.0,1.25890693,1733687999999
1733688000000,100150.0,100150.0,99889.0,100040.0,0.1312655,1733695199999
1733695200000,100080.0,101050.0,100080.0,101050.0,0.40222154,1733702399999
1733702400000,101250.0,101250.0,99403.0,99597.0,2.1316476,1733709599999
1733709600000,99400.0,99400.0,98650.0,98650.0,0.18155166,1733716799999
1733716800000,99328.0,99480.0,99328.0,99480.0,0.06971132,1733723999999
1733724000000,99496.0,99613.0,98403.0,99613.0,0.74680415,1733731199999
1733731200000,99469.0,99652.0,98461.0,98532.0,0.93819205,1733738399999
1733738400000,98336.0,98761.0,98079.0,98170.0,2.00958122,1733745599999
1733745600000,98000.0,99129.0,97903.0,98953.0,1.20584989,1733752799999
1733752800000,98907.0,100410.0,97515.0,97738.0,2.21254381,1733759999999
1733760000000,97699.0,98314.0,97350.0,97350.0,1.97489669,1733767199999
1733767200000,97436.0,98233.0,96999.0,96999.0,2.38642865,1733774399999
1733774400000,96914.0,97459.0,94343.0,96923.0,7.62569577,1733781599999
1733781600000,97201.0,97477.0,94982.0,97349.0,1.78640758,1733788799999
1733788800000,97310.0,98079.0,97083.0,97961.0,0.53534827,1733795999999
1733796000000,97755.0,97799.0,95833.0,96951.0,0.9594111,1733803199999
1733803200000,96736.0,97105.0,96006.0,97018.0,1.78042116,1733810399999
1733810400000,96862.0,97467.0,96862.0,97105.0,0.23927267,1733817599999
1733817600000,97262.0,97727.0,97140.0,97472.0,0.51563276,1733824799999
1733824800000,97583.0,97966.0,97583.0,97966.0,0.79237913,1733831999999
1733832000000,97808.0,97859.0,97052.0,97859.0,0.39240171,1733839199999
1733839200000,97921.0,98222.0,95679.0,95679.0,2.88474885,1733846399999
1733846400000,95698.0,96516.0,94437.0,94556.0,7.47902133,1733853599999
1733853600000,94563.0,96186.0,94309.0,95908.0,2.49400982,1733860799999
1733860800000,95727.0,97176.0,95690.0,96782.0,1.35310336,1733867999999
1733868000000,96920.0,97066.0,96538.0,96569.0,0.72519621,1733875199999
1733875200000,96400.0,96525.0,96009.0,96009.0,0.23590387,1733882399999
1733882400000,96200.0,97513.0,96200.0,97513.0,0.83011745,1733889599999
1733889600000,97326.0,97686.0,97289.0,97563.0,0.33825288,1733896799999
1733896800000,97786.0,97786.0,97350.0,97350.0,0.24629628,1733903999999
1733904000000,97547.0,98438.0,97547.0,97984.0,0.43185854,1733911199999
1733911200000,97955.0,98444.0,97955.0,98100.0,0.19588316,1733918399999
1733918400000,98465.0,98898.0,98151.0,98737.0,1.19272257,1733925599999
1733925600000,98843.0,100730.0,98440.0,100490.0,5.95138395,1733932799999
1733932800000,100520.0,101160.0,99797.0,99797.0,1.88964246,1733939999999
1733940000000,100020.0,101250.0,99830.0,101200.0,1.98259958,1733947199999
1733947200000,101270.0,101770.0,101020.0,101560.0,2.29269652,1733954399999
1733954400000,101830.0,101940.0,101290.0,101410.0,0.27363028,1733961599999
1733961600000,101280.0,101280.0,100350.0,100540.0,1.75589891,1733968799999
1733968800000,101340.0,101920.0,101180.0,101180.0,0.72516903,1733975999999
1733976000000,100890.0,100960.0,100700.0,100940.0,0.27529743,1733983199999
1733983200000,100520.0,100550.0,100520.0,100550.0,0.13108835,1733990399999
1733990400000,100680.0,101120.0,100680.0,101120.0,0.15046746,1733997599999
1733997600000,100760.0,100760.0,100280.0,100290.0,0.54664292,1734004799999
1734004800000,100600.0,101490.0,100600.0,101010.0,1.88264289,1734011999999
1734012000000,100910.0,101880.0,100710.0,101820.0,3.29051091,1734019199999
1734019200000,101930.0,102610.0,101380.0,101570.0,1.75958405,1734026399999
1734026400000,101470.0,101470.0,99410.0,99443.0,6.26994864,1734033599999
1734033600000,99610.0,100400.0,99518.0,99817.0,0.98458234,1734040799999
1734040800000,99755.0,100510.0,99594.0,100120.0,1.82400935,1734047999999
1734048000000,100040.0,100280.0,99249.0,99379.0,0.18593445,1734055199999
1734055200000,99485.0,99769.0,99416.0,99769.0,0.03582586,1734062399999
1734062400000,99749.0,100040.0,99749.0,99946.0,0.03656808,1734069599999
1734069600000,99820.0,100180.0,99714.0,100180.0,0.12725863,1734076799999
1734076800000,100200.0,100220.0,99921.0,100130.0,0.68926244,1734083999999
1734084000000,100140.0,100780.0,100070.0,100430.0,0.59040225,1734091199999
1734091200000,100380.0,100490.0,99991.0,100490.0,0.435042,1734098399999
1734098400000,100380.0,101340.0,99724.0,99724.0,1.15602184,1734105599999
1734105600000,99872.0,101750.0,99872.0,101740.0,1.2784272,1734112799999
1734112800000,101740.0,101910.0,101390.0,101560.0,0.56607382,1734119999999
1734120000000,101390.0,101870.0,101320.0,101430.0,0.29755431,1734127199999
1734127200000,101410.0,101510.0,101190.0,101470.0,0.72407201,1734134399999
1734134400000,101540.0,102640.0,101540.0,102240.0,2.51248447,1734141599999
1734141600000,102040.0,102310.0,101810.0,102310.0,0.21524969,1734148799999
1734148800000,101800.0,101800.0,101650.0,101790.0,0.25401844,1734155999999
1734156000000,101910.0,101910.0,101810.0,101810.0,0.04380577,1734163199999
1734163200000,101760.0,101800.0,101550.0,101570.0,1.1828857,1734170399999
1734170400000,101430.0,101640.0,101430.0,101640.0,0.33077203,1734177599999
1734177600000,101460.0,101530.0,101110.0,101200.0,0.22958119,1734184799999
1734184800000,101420.0,101440.0,101420.0,101440.0,5.2696E-4,1734191999999
1734192000000,101620.0,101680.0,100950.0,100960.0,0.73633679,1734199199999
1734199200000,101060.0,101330.0,100900.0,101330.0,0.75249335,1734206399999
1734206400000,101150.0,101150.0,100660.0,100660.0,0.14048496,1734213599999
1734213600000,100970.0,101060.0,100970.0,101060.0,0.10040904,1734220799999
1734220800000,101300.0,102000.0,101260.0,102000.0,0.60261393,1734227999999
1734242400000,102000.0,102050.0,101710.0,101710.0,0.11251319,1734249599999
1734249600000,101870.0,102230.0,101870.0,102230.0,0.35431744,1734256799999
1734256800000,102370.0,102650.0,102160.0,102650.0,0.47516119,1734263999999
1734264000000,102750.0,103270.0,102430.0,102840.0,2.4922735,1734271199999
1734271200000,102770.0,102940.0,102690.0,102690.0,0.41004545,1734278399999
1734278400000,102620.0,103380.0,102620.0,103080.0,1.09739846,1734285599999
1734285600000,103100.0,103390.0,103090.0,103240.0,0.10209592,1734292799999
1734292800000,103360.0,103360.0,102650.0,102850.0,1.11796732,1734299999999
1734300000000,102710.0,105100.0,102650.0,104360.0,4.10905416,1734307199999
1734307200000,104490.0,106500.0,104490.0,105140.0,6.15240064,1734314399999
1734314400000,105520.0,105550.0,104280.0,104300.0,0.86957377,1734321599999
1734321600000,104700.0,105000.0,104530.0,105000.0,0.19185584,1734328799999
1734328800000,104960.0,105330.0,104910.0,105020.0,0.54913727,1734335999999
1734336000000,104800.0,104800.0,104500.0,104790.0,0.06974809,1734343199999
1734343200000,104610.0,104710.0,103650.0,103690.0,2.95100085,1734350399999
1734350400000,103620.0,104100.0,103280.0,103790.0,1.02530994,1734357599999
1734357600000,104040.0,106500.0,104040.0,106120.0,2.79349892,1734364799999
1734364800000,106210.0,107200.0,106180.0,107110.0,3.43128117,1734371999999
1734372000000,107090.0,107810.0,105850.0,106640.0,5.98181039,1734379199999
1734379200000,106340.0,106540.0,105800.0,106010.0,0.98428441,1734386399999
1734386400000,106090.0,106140.0,105540.0,106070.0,0.76429972,1734393599999
1734393600000,106030.0,106230.0,105840.0,105840.0,0.32946194,1734400799999
1734400800000,106450.0,107010.0,106450.0,107010.0,1.81367178,1734407999999
1734408000000,106830.0,106830.0,106500.0,106700.0,0.11234124,1734415199999
1734415200000,106700.0,107020.0,106400.0,106800.0,0.27283361,1734422399999
1734422400000,107020.0,107420.0,107020.0,107420.0,0.29447354,1734429599999
1734429600000,107110.0,107320.0,106850.0,106850.0,1.98224927,1734436799999
1734436800000,106790.0,107530.0,106570.0,107520.0,0.37222014,1734443999999
1734444000000,107560.0,108380.0,105780.0,106460.0,1.27094074,1734451199999
1734451200000,106360.0,107580.0,106220.0,107520.0,0.54117253,1734458399999
1734458400000,107450.0,107560.0,106270.0,106480.0,1.22015381,1734465599999
1734465600000,106210.0,106760.0,106210.0,106440.0,1.50864955,1734472799999
1734472800000,106380.0,106380.0,105480.0,106170.0,4.09957058,1734479999999
1734480000000,106120.0,106400.0,104880.0,105280.0,0.57474773,1734487199999
1734487200000,105380.0,105530.0,104630.0,104630.0,2.0472492,1734494399999
1734494400000,104530.0,104550.0,103250.0,103470.0,2.74979649,1734501599999
1734501600000,103540.0,104290.0,103120.0,104190.0,0.57969257,1734508799999
1734508800000,104150.0,104370.0,103800.0,104130.0,0.25952388,1734515999999
1734516000000,104030.0,105000.0,104030.0,105000.0,0.78075233,1734523199999
1734523200000,105120.0,105320.0,104720.0,104720.0,1.66713157,1734530399999
1734530400000,104650.0,104830.0,103730.0,104420.0,1.31188845,1734537599999
1734537600000,104400.0,104690.0,103480.0,104580.0,0.86876272,1734544799999
1734544800000,104830.0,104830.0,102870.0,102870.0,2.87050233,1734551999999
1734552000000,102730.0,102900.0,100290.0,101170.0,5.43170729,1734559199999
1734559200000,100810.0,101480.0,100000.0,100200.0,2.2922165,1734566399999
1734566400000,100210.0,100880.0,99572.0,99709.0,1.24244451,1734573599999
1734573600000,99887.0,101100.0,98923.0,101050.0,1.25138095,1734580799999
1734580800000,101000.0,101240.0,100610.0,101240.0,1.77627322,1734587999999
1734588000000,101090.0,101320.0,101000.0,101270.0,0.24314626,1734595199999
1734595200000,101360.0,101820.0,101360.0,101670.0,0.29633759,1734602399999
1734602400000,101780.0,102550.0,101780.0,102270.0,0.08084008,1734609599999
1734609600000,102270.0,102500.0,101870.0,101980.0,0.05524666,1734616799999
1734616800000,101980.0,102740.0,99408.0,100340.0,1.09707036,1734623999999
1734624000000,100390.0,101040.0,97390.0,98708.0,2.95395262,1734631199999
1734631200000,98465.0,98808.0,96209.0,97050.0,3.81332385,1734638399999
1734638400000,96855.0,97783.0,95676.0,97362.0,10.85189492,1734645599999
1734645600000,97379.0,98205.0,97333.0,98051.0,1.25001527,1734652799999
1734652800000,97602.0,97602.0,96674.0,97213.0,0.32572107,1734659999999
1734660000000,96000.0,97471.0,96000.0,97032.0,0.75102211,1734667199999
1734667200000,96948.0,97646.0,96948.0,96989.0,1.07580344,1734674399999
1734674400000,96824.0,98064.0,96474.0,97674.0,1.30307498,1734681599999
1734681600000,97447.0,97452.0,94623.0,94819.0,3.65746509,1734688799999
1734688800000,94653.0,94977.0,92428.0,92891.0,2.63968699,1734695999999
1734696000000,92471.0,95479.0,92166.0,95479.0,2.77058191,1734703199999
1734703200000,94819.0,97312.0,94768.0,96941.0,2.93547837,1734710399999
1734710400000,96873.0,97640.0,96578.0,97178.0,2.48415559,1734717599999
1734717600000,96797.0,97689.0,96645.0,97643.0,0.60879666,1734724799999
1734724800000,96983.0,96983.0,95630.0,96346.0,0.81109624,1734731999999
1734732000000,96704.0,97630.0,96704.0,97447.0,0.09148174,1734739199999
1734739200000,97778.0,97778.0,97203.0,97337.0,0.13088677,1734746399999
1734746400000,97291.0,97303.0,97291.0,97303.0,0.02849238,1734753599999
1734753600000,97535.0,98000.0,97481.0,98000.0,0.10462823,1734760799999
1734760800000,98652.0,99485.0,98320.0,99327.0,0.91238427,1734767999999
1734768000000,98801.0,98801.0,98454.0,98454.0,0.94408073,1734775199999
1734775200000,98390.0,98390.0,97800.0,97800.0,0.30187203,1734782399999
1734782400000,97743.0,97743.0,96583.0,97380.0,1.25289305,1734789599999
1734789600000,97470.0,97470.0,97314.0,97458.0,0.10728383,1734796799999
1734796800000,97509.0,97529.0,97360.0,97529.0,0.13770007,1734803999999
1734804000000,97572.0,97592.0,96977.0,96978.0,0.40644484,1734811199999
1734811200000,97264.0,97901.0,96581.0,96944.0,0.53731951,1734818399999
1734818400000,96687.0,97245.0,96687.0,97245.0,0.1696487,1734825599999
1734825600000,97186.0,97186.0,96860.0,96860.0,0.08335751,1734832799999
1734840000000,96822.0,96822.0,96000.0,96055.0,0.14490438,1734847199999
1734847200000,96101.0,96205.0,96101.0,96205.0,0.11464099,1734854399999
1734854400000,96821.0,96931.0,96821.0,96931.0,0.10364689,1734861599999
1734861600000,97026.0,97311.0,97026.0,97162.0,0.57530165,1734868799999
1734868800000,97159.0,97159.0,96882.0,96882.0,0.12240442,1734875999999
1734876000000,96982.0,96982.0,95149.0,95203.0,0.74655882,1734883199999
1734883200000,95396.0,95718.0,95396.0,95545.0,0.03490887,1734890399999
1734890400000,95917.0,96359.0,94793.0,94800.0,1.82893297,1734897599999
1734897600000,94500.0,95593.0,94343.0,95391.0,0.2321727,1734904799999
1734904800000,94950.0,95609.0,94950.0,95609.0,0.11831882,1734911999999
1734912000000,94435.0,94435.0,93772.0,93772.0,0.06610547,1734919199999
1734919200000,93772.0,95330.0,93772.0,95330.0,0.14302793,1734926399999
1734926400000,96000.0,96215.0,95462.0,95539.0,2.4177394,1734933599999
1734933600000,95540.0,95540.0,94726.0,95300.0,1.22654146,1734940799999
1734940800000,95214.0,95983.0,95203.0,95920.0,0.6081444,1734947999999
1734948000000,96145.0,96370.0,95785.0,95785.0,0.99167736,1734955199999
1734955200000,95859.0,96179.0,94740.0,94770.0,0.96759034,1734962399999
1734962400000,94819.0,95252.0,92973.0,92973.0,0.96931742,1734969599999
1734969600000,93150.0,93960.0,92900.0,93246.0,1.77587365,1734976799999
1734976800000,93513.0,93599.0,92568.0,92901.0,1.9731606,1734983999999
1734984000000,92932.0,93990.0,92460.0,93971.0,2.02958397,1734991199999
1734991200000,93906.0,95304.0,93906.0,94692.0,0.43392569,1734998399999
1734998400000,94616.0,94616.0,93994.0,94007.0,0.41126696,1735005599999
1735005600000,93677.0,94202.0,93595.0,94202.0,0.17459332,1735012799999
1735012800000,94202.0,94454.0,93949.0,94450.0,3.53454945,1735019999999
1735020000000,94436.0,94436.0,94009.0,94051.0,0.16389071,1735027199999
1735027200000,94264.0,94346.0,93851.0,93953.0,0.09312215,1735034399999
1735034400000,93945.0,94200.0,93805.0,94200.0,0.05368822,1735041599999
1735041600000,94191.0,95952.0,94155.0,95952.0,0.34543105,1735048799999
1735048800000,96000.0,98152.0,95791.0,98152.0,1.81865274,1735055999999
1735056000000,98168.0,98850.0,97999.0,98501.0,0.61928969,1735063199999
1735063200000,98894.0,99286.0,97963.0,98000.0,1.12656093,1735070399999
1735070400000,97592.0,98253.0,97206.0,98253.0,2.05743094,1735077599999
1735077600000,98327.0,99000.0,98327.0,98691.0,0.17852907,1735084799999
1735084800000,98537.0,98639.0,97981.0,98048.0,0.42399555,1735091999999
1735092000000,97944.0,98191.0,97793.0,98088.0,0.77311501,1735099199999
1735099200000,97821.0,98119.0,97817.0,98112.0,0.18834518,1735106399999
1735113600000,98000.0,98163.0,98000.0,98040.0,0.15343065,1735120799999
1735120800000,98496.0,98950.0,98001.0,98001.0,0.58966547,1735127999999
1735128000000,97934.0,98398.0,97934.0,98139.0,2.02848656,1735135199999
1735135200000,98339.0,98448.0,98339.0,98448.0,0.08927234,1735142399999
1735142400000,98347.0,98500.0,98180.0,98422.0,0.3292775,1735149599999
1735149600000,98533.0,99055.0,98533.0,99055.0,0.65372664,1735156799999
1735156800000,99200.0,99200.0,98334.0,98393.0,0.33226647,1735163999999
1735164000000,98467.0,99325.0,98404.0,99325.0,0.4752988,1735171199999
1735171200000,99500.0,99843.0,98533.0,98731.0,1.20767712,1735178399999
1735178400000,98600.0,98923.0,98600.0,98919.0,0.15003688,1735185599999
1735185600000,98599.0,98599.0,98170.0,98170.0,0.41254114,1735192799999
1735192800000,98204.0,98204.0,97757.0,97757.0,0.21397096,1735199999999
1735200000000,97620.0,97620.0,95331.0,95331.0,1.65178672,1735207199999
1735207200000,95100.0,95625.0,95100.0,95610.0,0.161763,1735214399999
1735214400000,95462.0,95499.0,95398.0,95398.0,0.07959567,1735221599999
1735221600000,95215.0,95943.0,95208.0,95932.0,0.34847202,1735228799999
1735228800000,95813.0,96384.0,95798.0,95813.0,0.704626,1735235999999
1735236000000,95653.0,95849.0,95391.0,95849.0,0.36340543,1735243199999
1735243200000,95878.0,95878.0,95289.0,95582.0,0.89746537,1735250399999
1735250400000,95732.0,95732.0,95732.0,95732.0,0.073074,1735257599999
1735257600000,95789.0,95789.0,95333.0,95333.0,0.06338878,1735264799999
1735264800000,96142.0,96186.0,96056.0,96056.0,0.05594734,1735271999999
1735272000000,96337.0,96365.0,96003.0,96003.0,0.07119373,1735279199999
1735279200000,96158.0,96169.0,94835.0,95040.0,0.1333185,1735286399999
1735286400000,95749.0,97303.0,95682.0,96852.0,0.7727615,1735293599999
1735293600000,96750.0,96750.0,96150.0,96505.0,0.23389236,1735300799999
1735300800000,96602.0,96627.0,96191.0,96348.0,0.11670563,1735307999999
1735308000000,96079.0,96229.0,93892.0,94383.0,2.385296,1735315199999
1735315200000,94306.0,94562.0,93308.0,94000.0,1.89478909,1735322399999
1735322400000,94156.0,94652.0,94098.0,94576.0,2.57742421,1735329599999
1735329600000,94598.0,94598.0,94200.0,94536.0,4.58932372,1735336799999
1735336800000,94473.0,94473.0,94286.0,94286.0,0.08779683,1735343999999
1735344000000,94290.0,94338.0,94243.0,94338.0,0.00671,1735351199999
1735351200000,94426.0,94518.0,94426.0,94518.0,0.04714391,1735358399999
1735365600000,94397.0,94397.0,94277.0,94333.0,0.05998964,1735372799999
1735372800000,94258.0,94413.0,94250.0,94413.0,0.094817,1735379999999
1735380000000,94458.0,94638.0,94458.0,94629.0,0.25087177,1735387199999
1735387200000,94587.0,94587.0,94419.0,94419.0,0.161613,1735394399999
1735394400000,94513.0,95070.0,94207.0,94207.0,0.62676168,1735401599999
1735401600000,94427.0,94976.0,94427.0,94976.0,0.00802036,1735408799999
1735408800000,94846.0,94846.0,94798.0,94798.0,0.0059,1735415999999
1735416000000,94720.0,95001.0,94720.0,94936.0,0.00548,1735423199999
1735423200000,95022.0,95228.0,94931.0,95045.0,0.06344641,1735430399999
1735430400000,95033.0,95033.0,94996.0,94996.0,2.4E-4,1735437599999
1735437600000,94776.0,95021.0,94776.0,94965.0,0.03722594,1735444799999
1735444800000,95069.0,95069.0,94934.0,95008.0,5.8844E-4,1735451999999
1735452000000,94873.0,95025.0,94873.0,95025.0,0.0016,1735459199999
1735459200000,94974.0,95038.0,94949.0,94989.0,0.33762232,1735466399999
1735466400000,95060.0,95093.0,94988.0,95025.0,0.13853514,1735473599999
1735473600000,94976.0,94976.0,94607.0,94829.0,0.08323494,1735480799999
1735480800000,95027.0,95027.0,94242.0,94525.0,0.67486983,1735487999999
1735488000000,93700.0,93874.0,93508.0,93874.0,0.05316176,1735495199999
1735495200000,93791.0,93791.0,93224.0,93337.0,0.53125087,1735502399999
1735502400000,93333.0,93708.0,93000.0,93000.0,0.39007873,1735509599999
1735509600000,92989.0,93616.0,92900.0,93616.0,1.27562536,1735516799999
1735516800000,93595.0,94059.0,93407.0,93562.0,0.19208587,1735523999999
1735524000000,93773.0,93773.0,93369.0,93566.0,0.07022256,1735531199999
1735531200000,93674.0,93674.0,93225.0,93225.0,5.1E-4,1735538399999
1735538400000,93790.0,93790.0,93379.0,93462.0,0.07635163,1735545599999
1735545600000,93687.0,93736.0,93583.0,93736.0,0.17819168,1735552799999
1735552800000,93831.0,93831.0,93325.0,93598.0,0.27033501,1735559999999
1735560000000,93956.0,93956.0,92472.0,92472.0,0.56901114,1735567199999
1735567200000,92472.0,92915.0,91309.0,91796.0,3.17846342,1735574399999
1735574400000,91796.0,94000.0,91711.0,93487.0,1.64416118,1735581599999
1735581600000,93703.0,94479.0,93500.0,94171.0,0.33075502,1735588799999
1735588800000,94639.0,94764.0,91800.0,92105.0,2.94812479,1735595999999
1735596000000,92003.0,92713.0,91884.0,92558.0,0.3733196,1735603199999
1735603200000,92595.0,92595.0,92011.0,92294.0,0.30411263,1735610399999
1735610400000,92386.0,92491.0,92383.0,92383.0,0.077366,1735617599999
1735617600000,92383.0,92495.0,92383.0,92495.0,0.01168,1735624799999
1735624800000,92499.0,92710.0,92499.0,92674.0,0.03088798,1735631999999
1735632000000,92772.0,94362.0,92772.0,93826.0,0.56076625,1735639199999
1735639200000,93698.0,94078.0,93616.0,94078.0,0.1345584,1735646399999
1735646400000,94121.0,95886.0,94121.0,95541.0,0.92749569,1735653599999
1735653600000,95498.0,96104.0,95000.0,95328.0,1.86026009,1735660799999
1735660800000,95210.0,95363.0,93126.0,93767.0,1.90550115,1735667999999
1735668000000,93797.0,94113.0,93797.0,93918.0,0.25680807,1735675199999
1735675200000,93841.0,93841.0,93530.0,93700.0,0.19368414,1735682399999
1735682400000,93559.0,93559.0,93239.0,93466.0,0.43303023,1735689599999
1735689600000,93638.0,94069.0,93638.0,93738.0,0.07744877,1735696799999
1735696800000,93426.0,93795.0,93426.0,93625.0,0.08750883,1735703999999
1735704000000,93614.0,93614.0,93343.0,93561.0,0.14327524,1735711199999
1735711200000,93435.0,93543.0,93413.0,93543.0,0.06201513,1735718399999
1735718400000,93484.0,93489.0,92834.0,93224.0,0.13796422,1735725599999
1735725600000,93200.0,93300.0,93172.0,93300.0,0.02559639,1735732799999
1735732800000,93242.0,93712.0,93228.0,93685.0,0.23966984,1735739999999
1735740000000,94051.0,94229.0,93543.0,94229.0,0.18491454,1735747199999
1735747200000,94018.0,94019.0,93570.0,93921.0,0.10023012,1735754399999
1735754400000,93851.0,94437.0,93776.0,94437.0,0.3470021,1735761599999
1735761600000,94539.0,94865.0,94395.0,94865.0,0.29560336,1735768799999
1735768800000,94805.0,94805.0,94525.0,94694.0,0.17160381,1735775999999
1735776000000,94694.0,95182.0,94694.0,94868.0,0.35760686,1735783199999
1735783200000,94795.0,94868.0,94795.0,94868.0,0.05198123,1735790399999
1735790400000,94994.0,95739.0,94994.0,95374.0,0.33725292,1735797599999
1735797600000,95250.0,95692.0,95250.0,95692.0,0.31348205,1735804799999
1735804800000,95775.0,96506.0,95600.0,96506.0,0.53330644,1735811999999
1735812000000,96501.0,96725.0,96400.0,96612.0,0.18627921,1735819199999
1735819200000,96680.0,96846.0,96451.0,96451.0,0.39063614,1735826399999
1735826400000,96372.0,97276.0,95869.0,96500.0,1.98604869,1735833599999
1735833600000,96000.0,97580.0,96000.0,96276.0,0.55627335,1735840799999
1735840800000,96745.0,97443.0,96497.0,97443.0,0.97926643,1735847999999
1735848000000,97588.0,97690.0,97101.0,97130.0,0.06416784,1735855199999
1735855200000,96665.0,96869.0,96665.0,96824.0,0.22198481,1735862399999
1735862400000,96950.0,96950.0,96728.0,96923.0,0.08036881,1735869599999
1735869600000,97122.0,97125.0,97025.0,97025.0,0.00459193,1735876799999
1735876800000,96803.0,96803.0,96562.0,96695.0,0.07314414,1735883999999
1735884000000,96546.0,96546.0,96546.0,96546.0,1.8E-4,1735891199999
1735891200000,96213.0,96494.0,96137.0,96494.0,0.03831499,1735898399999
1735898400000,96423.0,96745.0,96415.0,96745.0,0.21487339,1735905599999
1735905600000,96716.0,96796.0,96463.0,96599.0,0.22518679,1735912799999
1735912800000,96782.0,97470.0,96691.0,97345.0,0.51725795,1735919999999
1735920000000,97630.0,98380.0,97630.0,98172.0,0.44068563,1735927199999
1735927200000,98165.0,98940.0,98075.0,98583.0,0.41242841,1735934399999
1735934400000,98565.0,98738.0,98213.0,98286.0,0.18785074,1735941599999
1735941600000,98266.0,98400.0,98100.0,98100.0,0.21433221,1735948799999
1735948800000,98200.0,98200.0,97870.0,97984.0,0.38066184,1735955999999
1735956000000,97885.0,98171.0,97885.0,98171.0,0.17634239,1735963199999
1735963200000,98021.0,98062.0,98011.0,98062.0,0.02595996,1735970399999
1735970400000,98040.0,98270.0,98040.0,98270.0,0.01139712,1735977599999
1735977600000,98154.0,98248.0,97500.0,97500.0,0.17511568,1735984799999
1735984800000,97704.0,97803.0,97704.0,97803.0,7.2715E-4,1735991999999
1735992000000,97842.0,97947.0,97813.0,97884.0,0.00349085,1735999199999
1735999200000,97884.0,98155.0,97626.0,97626.0,0.66357554,1736006399999
1736006400000,97784.0,97916.0,97664.0,97916.0,6.4731E-4,1736013599999
1736013600000,98066.0,98175.0,97900.0,98175.0,0.42957764,1736020799999
1736020800000,98300.0,98570.0,98300.0,98450.0,0.05465696,1736027999999
1736028000000,98402.0,98402.0,98219.0,98219.0,0.00545105,1736035199999
1736035200000,98264.0,98306.0,98156.0,98156.0,0.00501933,1736042399999
1736042400000,98132.0,98231.0,98122.0,98146.0,5.6E-4,1736049599999
1736049600000,98330.0,98489.0,98330.0,98378.0,0.15261,1736056799999
1736056800000,98375.0,98379.0,98375.0,98379.0,7.5531E-4,1736063999999
1736064000000,97973.0,97973.0,97658.0,97658.0,0.12115549,1736071199999
1736071200000,97742.0,97742.0,97571.0,97667.0,0.01623661,1736078399999
1736078400000,97891.0,97891.0,97754.0,97885.0,1.12746336,1736085599999
1736085600000,97414.0,98213.0,97260.0,98164.0,1.40578037,1736092799999
1736092800000,98094.0,98288.0,97718.0,97718.0,0.1221455,1736099999999
1736100000000,97761.0,97806.0,97737.0,97806.0,0.0771295,1736107199999
1736107200000,98353.0,98559.0,98204.0,98433.0,0.3135363,1736114399999
1736114400000,98376.0,98741.0,98376.0,98467.0,0.69566554,1736121599999
1736121600000,98570.0,98623.0,98077.0,98194.0,0.10920745,1736128799999
1736128800000,98818.0,99190.0,98728.0,98895.0,1.65962722,1736135999999
1736136000000,99216.0,99843.0,99216.0,99843.0,0.33979923,1736143199999
1736143200000,99561.0,99677.0,99208.0,99340.0,0.41956551,1736150399999
1736150400000,99493.0,99493.0,98960.0,99116.0,0.19889412,1736157599999
1736157600000,98852.0,98948.0,98762.0,98948.0,0.11837383,1736164799999
1736164800000,99570.0,99609.0,98991.0,99441.0,1.07930397,1736171999999
1736172000000,98963.0,102480.0,98763.0,102480.0,2.02321788,1736179199999
1736179200000,102160.0,102500.0,101300.0,101830.0,5.04987489,1736186399999
1736186400000,101870.0,102020.0,101770.0,101920.0,2.09371949,1736193599999
1736193600000,101910.0,102400.0,101760.0,101760.0,2.12389872,1736200799999
1736200800000,101710.0,102190.0,101680.0,102190.0,0.39588727,1736207999999
1736208000000,102160.0,102630.0,101960.0,102020.0,0.57894996,1736215199999
1736215200000,102010.0,102010.0,101740.0,101740.0,0.17457389,1736222399999
1736222400000,101800.0,101860.0,101650.0,101770.0,0.19477506,1736229599999
1736229600000,101670.0,102050.0,101670.0,101840.0,1.22439885,1736236799999
1736236800000,101670.0,101870.0,101670.0,101730.0,0.95333525,1736243999999
1736244000000,101710.0,101710.0,100500.0,100870.0,1.51978421,1736251199999
1736251200000,100880.0,100880.0,100700.0,100770.0,1.48620451,1736258399999
1736258400000,100740.0,100770.0,97105.0,97973.0,9.6892465,1736265599999
1736265600000,97828.0,98252.0,96718.0,97283.0,2.2191427,1736272799999
1736272800000,97302.0,97302.0,96278.0,96433.0,1.72374235,1736279999999
1736280000000,96345.0,97040.0,96217.0,96513.0,1.60664834,1736287199999
1736287200000,96797.0,97101.0,96789.0,96872.0,0.46737249,1736294399999
1736294400000,97039.0,97039.0,96642.0,96642.0,0.23987796,1736301599999
1736301600000,97056.0,97056.0,96328.0,96328.0,0.3559066,1736308799999
1736308800000,96328.0,96614.0,96026.0,96346.0,2.29399832,1736315999999
1736316000000,96286.0,96286.0,95322.0,95760.0,0.66417368,1736323199999
1736323200000,95725.0,96000.0,95547.0,95547.0,0.62958396,1736330399999
1736330400000,95437.0,95961.0,94595.0,95106.0,2.20407625,1736337599999
1736337600000,95142.0,95352.0,94878.0,95352.0,0.5168573,1736344799999
1736344800000,95361.0,95678.0,94778.0,95233.0,0.50345624,1736351999999
1736352000000,95233.0,95233.0,92518.0,94090.0,4.82365139,1736359199999
1736359200000,94414.0,94706.0,93796.0,94213.0,1.82498802,1736366399999
1736366400000,94390.0,94430.0,93800.0,94430.0,2.95526665,1736373599999
1736373600000,94800.0,95099.0,94800.0,95087.0,1.35872445,1736380799999
1736380800000,94853.0,95336.0,94853.0,95136.0,0.59919648,1736387999999
1736388000000,94552.0,94626.0,93839.0,93976.0,1.00498403,1736395199999
1736395200000,94370.0,94370.0,94351.0,94351.0,0.04776032,1736402399999
1736402400000,94502.0,94502.0,93250.0,93250.0,1.20948787,1736409599999
1736409600000,92969.0,93484.0,92816.0,93484.0,0.11223887,1736416799999
1736416800000,93126.0,93625.0,93052.0,93491.0,0.45165445,1736423999999
1736424000000,93384.0,93563.0,91963.0,92184.0,0.4309205,1736431199999
1736431200000,91963.0,94315.0,91793.0,94310.0,0.5491418,1736438399999
1736438400000,94380.0,94582.0,92425.0,92632.0,2.30202551,1736445599999
1736445600000,92608.0,93179.0,91973.0,91992.0,1.6420341,1736452799999
1736452800000,91997.0,92347.0,91203.0,92347.0,1.56946048,1736459999999
1736460000000,92000.0,92699.0,92000.0,92067.0,0.93744807,1736467199999
1736467200000,92607.0,92796.0,92534.0,92725.0,0.20323677,1736474399999
1736474400000,93371.0,93457.0,93316.0,93316.0,0.10470526,1736481599999
1736481600000,93536.0,94075.0,93536.0,94075.0,0.2152785,1736488799999
1736488800000,93934.0,94854.0,93919.0,94518.0,0.29195506,1736495999999
1736496000000,94392.0,94958.0,94392.0,94958.0,0.6375065,1736503199999
1736503200000,94834.0,95236.0,94728.0,94788.0,2.31167962,1736510399999
1736510400000,94793.0,94793.0,92947.0,93680.0,3.25108594,1736517599999
1736517600000,93595.0,94622.0,92380.0,93780.0,1.77902615,1736524799999
1736524800000,93431.0,95792.0,93303.0,95792.0,1.08753281,1736531999999
1736532000000,95464.0,95639.0,94548.0,95322.0,0.54348426,1736539199999
1736539200000,95339.0,95339.0,94615.0,94726.0,0.80410536,1736546399999
1736546400000,94641.0,94810.0,94600.0,94722.0,0.59481197,1736553599999
1736553600000,94508.0,94508.0,94450.0,94490.0,0.25058259,1736560799999
1736560800000,94305.0,94305.0,94305.0,94305.0,0.00777212,1736567999999
1736568000000,93973.0,93973.0,93973.0,93973.0,0.05582974,1736575199999
1736575200000,94173.0,94173.0,94173.0,94173.0,2.5886E-4,1736582399999
1736582400000,94300.0,94300.0,94047.0,94047.0,0.08884242,1736589599999
1736589600000,94431.0,94431.0,94431.0,94431.0,0.02,1736596799999
1736611200000,94550.0,94550.0,94208.0,94230.0,0.26281426,1736618399999
1736625600000,94744.0,94744.0,94693.0,94693.0,0.00229603,1736632799999
1736632800000,94775.0,94775.0,94586.0,94586.0,0.20720706,1736639999999
1736668800000,94312.0,94312.0,94063.0,94063.0,0.0545834,1736675999999
1736676000000,93903.0,94189.0,93903.0,94189.0,0.02042576,1736683199999
1736683200000,94604.0,94623.0,94530.0,94609.0,0.70801184,1736690399999
1736690400000,94779.0,95175.0,94662.0,95175.0,1.31632456,1736697599999
1736697600000,94887.0,95117.0,94811.0,95117.0,0.14486573,1736704799999
1736704800000,94900.0,94990.0,94811.0,94811.0,0.03271697,1736711999999
1736712000000,94715.0,94715.0,94704.0,94704.0,0.1,1736719199999
1736719200000,94194.0,94370.0,93886.0,94357.0,1.81033331,1736726399999
1736726400000,94543.0,95815.0,94139.0,94192.0,1.13310744,1736733599999
1736733600000,94115.0,94152.0,94061.0,94105.0,0.09926584,1736740799999
1736740800000,94465.0,94465.0,94095.0,94098.0,0.2148593,1736747999999
1736748000000,93487.0,93877.0,93487.0,93615.0,0.46822736,1736755199999
1736755200000,93382.0,93382.0,92645.0,92956.0,0.43217051,1736762399999
1736762400000,92588.0,92588.0,90773.0,90988.0,3.51389487,1736769599999
1736769600000,90710.0,91579.0,90356.0,90940.0,6.75828298,1736776799999
1736776800000,90600.0,92966.0,89250.0,92206.0,7.42259379,1736783999999
1736784000000,92017.0,92213.0,91377.0,91715.0,0.95797258,1736791199999
1736791200000,92042.0,92437.0,91747.0,92058.0,0.38804604,1736798399999
1736798400000,92193.0,94343.0,92193.0,94343.0,0.50479178,1736805599999
1736805600000,94222.0,94652.0,94222.0,94520.0,0.32124326,1736812799999
1736812800000,94724.0,94724.0,94354.0,94624.0,0.00581809,1736819999999
1736820000000,94916.0,95085.0,94830.0,94830.0,0.30552167,1736827199999
1736827200000,95024.0,95432.0,94856.0,94856.0,0.38668967,1736834399999
1736834400000,94849.0,95038.0,94724.0,94883.0,0.02376321,1736841599999
1736841600000,95432.0,97260.0,95312.0,97260.0,1.12273253,1736848799999
1736848800000,97081.0,97081.0,96333.0,96573.0,1.06844765,1736855999999
1736856000000,96452.0,97051.0,95730.0,96417.0,1.8456568,1736863199999
1736863200000,96184.0,96922.0,96100.0,96497.0,0.08909452,1736870399999
1736870400000,95661.0,96497.0,95360.0,96497.0,0.73655928,1736877599999
1736877600000,96497.0,97041.0,96325.0,96600.0,1.64211948,1736884799999
1736884800000,96184.0,96832.0,96184.0,96479.0,0.15967981,1736891999999
1736892000000,96611.0,96618.0,96611.0,96618.0,0.00210665,1736899199999
1736899200000,96755.0,97500.0,96755.0,97363.0,0.80450871,1736906399999
1736906400000,97261.0,97261.0,96836.0,96836.0,0.43181226,1736913599999
1736913600000,97515.0,97598.0,96762.0,97016.0,0.4085832,1736920799999
1736920800000,97258.0,97276.0,97210.0,97210.0,0.13569295,1736927999999
1736928000000,97360.0,97360.0,96916.0,96916.0,0.06665672,1736935199999
1736935200000,96760.0,96966.0,96500.0,96500.0,0.17160241,1736942399999
1736942400000,96555.0,99033.0,96511.0,98905.0,2.40949296,1736949599999
1736949600000,99060.0,99763.0,98684.0,99039.0,1.94921973,1736956799999
1736956800000,99130.0,99447.0,98917.0,98917.0,0.93840471,1736963999999
1736964000000,98798.0,99990.0,98798.0,99846.0,0.69530004,1736971199999
1736971200000,99935.0,100700.0,99500.0,99749.0,1.56463535,1736978399999
1736978400000,99660.0,100500.0,99587.0,100500.0,0.34535239,1736985599999
1736985600000,100610.0,100610.0,99723.0,100170.0,0.80560464,1736992799999
1736992800000,100080.0,100080.0,99342.0,99342.0,0.12595151,1736999999999
1737000000000,99622.0,99622.0,99622.0,99622.0,0.00826385,1737007199999
1737007200000,99593.0,99862.0,99593.0,99728.0,0.50396848,1737014399999
1737014400000,99400.0,99400.0,98690.0,98923.0,0.24922668,1737021599999
1737021600000,98818.0,99095.0,98818.0,99095.0,0.20807854,1737028799999
1737028800000,98902.0,99432.0,98831.0,98853.0,0.7974801,1737035999999
1737036000000,98956.0,99233.0,97400.0,99233.0,1.02015664,1737043199999
1737043200000,99400.0,100340.0,99266.0,99988.0,1.98343515,1737050399999
1737050400000,99546.0,100270.0,99421.0,100250.0,0.10948053,1737057599999
1737057600000,100410.0,100610.0,100070.0,100070.0,0.30105648,1737064799999
1737064800000,99500.0,100040.0,99500.0,100040.0,0.00382505,1737071999999
1737072000000,100190.0,101800.0,100070.0,101630.0,0.57850046,1737079199999
1737079200000,101800.0,102100.0,101800.0,101890.0,0.44295031,1737086399999
1737086400000,101740.0,101740.0,101370.0,101370.0,0.15556176,1737093599999
1737093600000,101500.0,101740.0,101430.0,101690.0,0.19506695,1737100799999
1737100800000,101970.0,102230.0,101760.0,101760.0,0.65055124,1737107999999
1737108000000,102000.0,102540.0,102000.0,102300.0,0.13168936,1737115199999
1737115200000,102540.0,102870.0,102540.0,102720.0,0.62600595,1737122399999
1737122400000,102480.0,104260.0,102480.0,103980.0,3.09455127,1737129599999
1737129600000,103970.0,105200.0,103970.0,104110.0,1.45984836,1737136799999
1737136800000,104100.0,105890.0,104100.0,105890.0,1.66365397,1737143999999
1737144000000,105860.0,105900.0,104530.0,104710.0,1.99231865,1737151199999
1737151200000,104660.0,104710.0,104310.0,104520.0,0.20876799,1737158399999
1737158400000,104130.0,104680.0,104130.0,104230.0,1.66317493,1737165599999
1737165600000,104430.0,104430.0,103200.0,103540.0,0.95903059,1737172799999
1737172800000,103010.0,103710.0,102650.0,102860.0,1.17430588,1737179999999
1737180000000,102950.0,103550.0,102950.0,103110.0,0.54795876,1737187199999
1737187200000,102420.0,103310.0,102310.0,103310.0,0.63594501,1737194399999
1737194400000,103150.0,103810.0,102850.0,103810.0,0.67872975,1737201599999
1737201600000,103500.0,104240.0,103220.0,104240.0,0.4338321,1737208799999
1737208800000,104470.0,104900.0,103770.0,104770.0,1.12943204,1737215999999
1737216000000,104450.0,104450.0,103150.0,104150.0,0.42442067,1737223199999
1737223200000,104080.0,104260.0,104080.0,104260.0,0.08035857,1737230399999
1737230400000,104090.0,104090.0,103840.0,103910.0,0.36848274,1737237599999
1737237600000,104020.0,104570.0,104010.0,104450.0,0.23441715,1737244799999
1737244800000,104420.0,104420.0,104100.0,104300.0,0.09838091,1737251999999
1737266400000,104010.0,105580.0,103530.0,104920.0,0.37553453,1737273599999
1737273600000,104570.0,105140.0,103370.0,105140.0,1.06015794,1737280799999
1737280800000,104610.0,105090.0,104230.0,104230.0,2.37702534,1737287999999
1737288000000,104170.0,105140.0,104170.0,104770.0,1.01999145,1737295199999
1737295200000,104800.0,105350.0,104490.0,104610.0,0.98880033,1737302399999
1737302400000,104960.0,104990.0,104490.0,104910.0,0.30126362,1737309599999
1737309600000,105070.0,106040.0,104890.0,106040.0,0.55433135,1737316799999
1737316800000,105950.0,106280.0,103820.0,103840.0,2.08800439,1737323999999
1737324000000,103500.0,104010.0,99544.0,101080.0,6.35522288,1737331199999
1737331200000,101010.0,101380.0,99450.0,100200.0,2.6206348,1737338399999
1737338400000,100770.0,102030.0,100770.0,101410.0,0.89133935,1737345599999
1737345600000,101880.0,102650.0,101630.0,102280.0,0.15844803,1737352799999
1737352800000,102400.0,109400.0,102400.0,106870.0,19.04304497,1737359999999
1737360000000,107030.0,109000.0,107030.0,108020.0,4.91747178,1737367199999
1737367200000,107930.0,108500.0,107640.0,108100.0,2.21668529,1737374399999
1737374400000,108130.0,108510.0,105410.0,107850.0,6.8246999,1737381599999
1737381600000,107850.0,107980.0,104550.0,104830.0,2.41983259,1737388799999
1737388800000,105090.0,106750.0,100600.0,102930.0,12.96311182,1737395999999
1737396000000,103060.0,104070.0,102930.0,103650.0,0.79836019,1737403199999
1737403200000,103620.0,104010.0,102480.0,102480.0,0.49741562,1737410399999
1737410400000,102400.0,103470.0,101710.0,101710.0,1.45928444,1737417599999
1737417600000,102390.0,102410.0,100080.0,101290.0,0.64556309,1737424799999
1737424800000,101170.0,102970.0,101120.0,102870.0,0.56395301,1737431999999
1737432000000,102730.0,102730.0,101250.0,101250.0,0.3973085,1737439199999
1737439200000,101390.0,102250.0,101390.0,101970.0,0.65073473,1737446399999
1737446400000,102050.0,102590.0,101940.0,102580.0,0.25212949,1737453599999
1737453600000,102880.0,103740.0,102880.0,103740.0,1.23358686,1737460799999
1737460800000,103750.0,104720.0,103750.0,104490.0,1.16473186,1737467999999
1737468000000,104940.0,105090.0,102830.0,103860.0,2.18369602,1737475199999
1737475200000,103760.0,106230.0,103760.0,106050.0,4.45269214,1737482399999
1737482400000,106020.0,107140.0,106020.0,107070.0,1.29943555,1737489599999
1737489600000,106900.0,107120.0,105790.0,106710.0,1.81345095,1737496799999
1737496800000,106620.0,106640.0,105530.0,106170.0,1.35743195,1737503999999
1737504000000,106260.0,106260.0,105630.0,105830.0,0.29120505,1737511199999
1737511200000,105940.0,105940.0,105910.0,105910.0,0.00716312,1737518399999
1737518400000,105740.0,105780.0,105540.0,105700.0,0.20556969,1737525599999
1737525600000,105920.0,105920.0,105090.0,105140.0,0.12795388,1737532799999
1737532800000,105000.0,105010.0,104710.0,105010.0,0.03933566,1737539999999
1737540000000,104970.0,105410.0,104710.0,105210.0,1.48657915,1737547199999
1737547200000,105290.0,105290.0,103910.0,103910.0,0.6891053,1737554399999
1737554400000,103700.0,104870.0,103700.0,104420.0,0.93221043,1737561599999
1737561600000,104140.0,104500.0,103350.0,104390.0,0.91951595,1737568799999
1737568800000,104490.0,104670.0,104010.0,104600.0,0.20778677,1737575999999
1737576000000,104660.0,104660.0,103670.0,104010.0,0.45781026,1737583199999
1737583200000,104050.0,104220.0,103790.0,103970.0,0.06559073,1737590399999
1737590400000,103480.0,103480.0,102560.0,102870.0,0.28115015,1737597599999
1737597600000,102500.0,102730.0,102090.0,102680.0,0.77092476,1737604799999
1737604800000,102000.0,102470.0,101570.0,102430.0,0.25235794,1737611999999
1737612000000,102720.0,102720.0,102050.0,102640.0,3.07394591,1737619199999
1737619200000,102610.0,102610.0,101850.0,101850.0,0.29736229,1737626399999
1737626400000,101740.0,102050.0,101310.0,101920.0,0.22568667,1737633599999
1737633600000,101950.0,102490.0,101310.0,102490.0,0.41839161,1737640799999
1737640800000,102370.0,106000.0,101990.0,105180.0,12.25343181,1737647999999
1737648000000,105250.0,106790.0,104310.0,106170.0,3.67845067,1737655199999
1737655200000,105710.0,105750.0,103940.0,103940.0,0.72576331,1737662399999
1737662400000,103470.0,106170.0,102270.0,103000.0,13.0178604,1737669599999
1737669600000,103240.0,104620.0,103240.0,104010.0,1.34546991,1737676799999
1737676800000,103890.0,104000.0,103140.0,103140.0,0.22840572,1737683999999
1737684000000,103100.0,104190.0,102930.0,104190.0,0.2859961,1737691199999
1737691200000,103860.0,105150.0,103860.0,105150.0,0.32558829,1737698399999
1737698400000,105010.0,105060.0,104720.0,105020.0,0.46390822,1737705599999
1737705600000,105290.0,105630.0,105160.0,105160.0,0.43951987,1737712799999
1737712800000,105190.0,105490.0,105110.0,105200.0,0.44368264,1737719999999
1737720000000,105290.0,105500.0,104990.0,105200.0,0.2057051,1737727199999
1737727200000,104970.0,106310.0,104970.0,105730.0,0.29786045,1737734399999
1737734400000,105950.0,106500.0,105690.0,106290.0,0.25633246,1737741599999
1737741600000,106710.0,107000.0,105750.0,105750.0,0.94117176,1737748799999
1737748800000,105650.0,105650.0,104880.0,105000.0,0.28474387,1737755999999
1737756000000,105030.0,105310.0,104500.0,104730.0,0.6347294,1737763199999
1737763200000,104730.0,104770.0,104590.0,104770.0,0.17880134,1737770399999
1737770400000,104650.0,105090.0,104600.0,105000.0,0.15425262,1737777599999
1737777600000,104640.0,104640.0,104550.0,104550.0,0.02803129,1737784799999
1737784800000,104290.0,104440.0,104290.0,104440.0,0.0104785,1737791999999
1737792000000,104410.0,104410.0,104280.0,104340.0,0.04587374,1737799199999
1737799200000,104340.0,104550.0,104340.0,104490.0,0.05610911,1737806399999
1737806400000,104780.0,104780.0,104780.0,104780.0,0.00378896,1737813599999
1737813600000,104780.0,104920.0,104780.0,104790.0,0.0561242,1737820799999
1737820800000,104530.0,104810.0,104530.0,104810.0,0.32207094,1737827999999
1737828000000,104900.0,105150.0,104900.0,105020.0,0.46449893,1737835199999
1737835200000,104900.0,105000.0,104900.0,105000.0,0.01280355,1737842399999
1737842400000,105040.0,105040.0,104740.0,104740.0,0.097333,1737849599999
1737849600000,104790.0,104790.0,104550.0,104550.0,0.02873301,1737856799999
1737856800000,104970.0,105090.0,104970.0,105090.0,0.03533176,1737863999999
1737878400000,105080.0,105080.0,104520.0,104630.0,0.20239588,1737885599999
1737892800000,104880.0,105030.0,104880.0,105030.0,0.10620684,1737899999999
1737900000000,105010.0,105010.0,105010.0,105010.0,0.04328421,1737907199999
1737907200000,104950.0,104950.0,104910.0,104910.0,1.03055716,1737914399999
1737914400000,105090.0,105110.0,105090.0,105110.0,0.02644691,1737921599999
1737921600000,104900.0,104900.0,104590.0,104640.0,0.21673113,1737928799999
1737928800000,104550.0,104620.0,102500.0,102500.0,1.82395863,1737935999999
1737936000000,102400.0,102960.0,101180.0,101670.0,1.14049373,1737943199999
1737943200000,101000.0,101460.0,100710.0,101460.0,0.27739043,1737950399999
1737950400000,101200.0,101200.0,99705.0,99819.0,0.70867661,1737957599999
1737957600000,100320.0,100320.0,97830.0,99217.0,1.35445861,1737964799999
1737964800000,98844.0,99357.0,98656.0,99263.0,2.32264178,1737971999999
1737972000000,99351.0,99360.0,98291.0,98827.0,0.34418724,1737979199999
1737979200000,98751.0,101350.0,98751.0,100580.0,1.96057306,1737986399999
1737986400000,100300.0,102100.0,100300.0,101310.0,0.82078586,1737993599999
1737993600000,101090.0,101090.0,99120.0,99120.0,1.45441042,1738000799999
1738000800000,99079.0,99790.0,99029.0,99363.0,0.73198099,1738007999999
1738008000000,99664.0,102320.0,99635.0,101170.0,1.10946416,1738015199999
1738015200000,101520.0,102130.0,101270.0,102130.0,0.77818333,1738022399999
1738022400000,102120.0,102880.0,101470.0,101730.0,0.35301015,1738029599999
1738029600000,101540.0,102750.0,101520.0,102750.0,0.43384341,1738036799999
1738036800000,102740.0,103240.0,102740.0,103160.0,1.25371944,1738043999999
1738044000000,103060.0,103250.0,102930.0,102930.0,0.22575058,1738051199999
1738051200000,102810.0,102860.0,102420.0,102850.0,0.3088594,1738058399999
1738058400000,102880.0,103140.0,102650.0,102790.0,0.57627446,1738065599999
1738065600000,102840.0,102840.0,102490.0,102590.0,0.8189642,1738072799999
1738072800000,102390.0,103710.0,101980.0,102550.0,2.33909869,1738079999999
1738080000000,102630.0,103010.0,101950.0,102660.0,1.17951298,1738087199999
1738087200000,102530.0,103030.0,101840.0,102390.0,0.44591002,1738094399999
1738094400000,102160.0,102160.0,100230.0,100230.0,1.39566009,1738101599999
1738101600000,100260.0,101390.0,100260.0,101390.0,0.95660723,1738108799999
1738108800000,101280.0,101850.0,101280.0,101840.0,0.35413443,1738115999999
1738116000000,101870.0,102080.0,101870.0,102010.0,0.083075,1738123199999
1738123200000,101950.0,102280.0,101950.0,102240.0,0.23887329,1738130399999
1738130400000,102260.0,102790.0,102250.0,102600.0,0.30648715,1738137599999
1738137600000,102930.0,102930.0,102380.0,102380.0,0.47918691,1738144799999
1738144800000,102180.0,102670.0,102180.0,102670.0,0.11035767,1738151999999
1738152000000,102540.0,102590.0,101820.0,101900.0,0.22048022,1738159199999
1738159200000,101940.0,102390.0,101600.0,101850.0,0.34497476,1738166399999
1738166400000,101850.0,102590.0,101850.0,102590.0,0.22616678,1738173599999
1738173600000,102290.0,103840.0,101490.0,103600.0,1.99305019,1738180799999
1738180800000,103120.0,104750.0,102930.0,103910.0,1.62157701,1738187999999
1738188000000,103540.0,104220.0,103430.0,103720.0,0.18458781,1738195199999
1738195200000,103790.0,104350.0,103350.0,104240.0,0.41489473,1738202399999
1738202400000,104110.0,105140.0,104070.0,105140.0,0.50167951,1738209599999
1738209600000,105390.0,105400.0,105150.0,105150.0,0.30052623,1738216799999
1738216800000,105510.0,105510.0,104970.0,104970.0,0.01402214,1738223999999
1738224000000,105080.0,105510.0,105080.0,105510.0,0.26677019,1738231199999
1738231200000,105340.0,105340.0,105200.0,105280.0,0.14461712,1738238399999
1738238400000,105000.0,105270.0,104860.0,104990.0,0.33207562,1738245599999
1738245600000,104800.0,106210.0,104680.0,105580.0,1.45931532,1738252799999
1738252800000,105770.0,105960.0,104940.0,105240.0,0.58962444,1738259999999
1738260000000,105230.0,105710.0,104850.0,105710.0,0.36325716,1738267199999
1738267200000,105760.0,105800.0,104920.0,105020.0,1.59391564,1738274399999
1738274400000,105140.0,105250.0,104730.0,104730.0,0.48652356,1738281599999
1738281600000,104840.0,104920.0,104460.0,104760.0,0.41944756,1738288799999
1738288800000,104340.0,104340.0,103940.0,104050.0,0.20419498,1738295999999
1738303200000,104480.0,104550.0,104480.0,104550.0,3.5343E-4,1738310399999
1738310400000,104010.0,104150.0,104010.0,104150.0,0.009063,1738317599999
1738317600000,104350.0,104750.0,104340.0,104610.0,1.40085743,1738324799999
1738324800000,104660.0,105000.0,104560.0,104600.0,0.13080172,1738331999999
1738332000000,104510.0,106000.0,104220.0,105810.0,1.39681844,1738339199999
1738339200000,105400.0,105400.0,104680.0,104680.0,0.53142657,1738346399999
1738346400000,104550.0,104550.0,102130.0,102300.0,2.40726063,1738353599999
1738353600000,102160.0,102160.0,101650.0,102080.0,0.96406848,1738360799999
1738360800000,102020.0,102390.0,102010.0,102100.0,0.05086181,1738367999999
1738368000000,102370.0,102370.0,102330.0,102330.0,0.05413525,1738375199999
1738375200000,102580.0,102580.0,102250.0,102250.0,1.8592E-4,1738382399999
1738382400000,102400.0,102570.0,102290.0,102570.0,0.17598982,1738389599999
1738389600000,102410.0,102450.0,102150.0,102150.0,0.37810582,1738396799999
1738396800000,101970.0,101970.0,101400.0,101470.0,0.4460913,1738403999999
1738404000000,101970.0,101970.0,101890.0,101890.0,0.10020736,1738411199999
1738411200000,101900.0,101900.0,101900.0,101900.0,0.0035096,1738418399999
1738418400000,101970.0,102130.0,101970.0,102130.0,0.18874168,1738425599999
1738425600000,101970.0,102250.0,101930.0,102230.0,0.04804145,1738432799999
1738432800000,102240.0,102240.0,101440.0,101450.0,0.06152044,1738439999999
1738440000000,101550.0,101550.0,101000.0,101360.0,0.52067454,1738447199999
1738447200000,101000.0,101000.0,100280.0,100750.0,0.34507336,1738454399999
1738454400000,100580.0,101390.0,100550.0,101290.0,0.15472559,1738461599999
1738461600000,101080.0,101080.0,99241.0,99241.0,1.44493107,1738468799999
1738468800000,99159.0,100230.0,99060.0,100230.0,0.14543462,1738475999999
1738476000000,99699.0,99750.0,99699.0,99750.0,0.82545464,1738483199999
1738483200000,99455.0,99820.0,99430.0,99820.0,0.0835815,1738490399999
1738490400000,99498.0,99498.0,98893.0,98893.0,0.12398653,1738497599999
1738497600000,98753.0,98947.0,98399.0,98600.0,0.4536354,1738504799999
1738504800000,98865.0,99360.0,98853.0,99355.0,1.70038069,1738511999999
1738512000000,99110.0,99110.0,96949.0,97104.0,2.90889058,1738519199999
1738519200000,97003.0,98589.0,96830.0,98589.0,5.94839805,1738526399999
1738526400000,98500.0,98500.0,96580.0,96967.0,0.41627234,1738533599999
1738533600000,97402.0,98006.0,96211.0,97582.0,3.55753413,1738540799999
1738540800000,97640.0,97640.0,92100.0,93290.0,10.40116069,1738547999999
1738548000000,93050.0,94907.0,91326.0,94102.0,9.0336768,1738555199999
1738555200000,93982.0,94313.0,92822.0,93617.0,0.73534428,1738562399999
1738562400000,93932.0,95320.0,93870.0,95320.0,4.14704111,1738569599999
1738569600000,95314.0,96000.0,95000.0,95783.0,4.744316,1738576799999
1738576800000,95476.0,95653.0,94948.0,95050.0,5.60417214,1738583999999
1738584000000,95205.0,95530.0,94709.0,95350.0,1.32666396,1738591199999
1738591200000,94621.0,99572.0,94271.0,99112.0,2.99427848,1738598399999
1738598400000,99055.0,99317.0,98325.0,99243.0,1.93011817,1738605599999
1738605600000,99144.0,102000.0,99120.0,102000.0,3.97896065,1738612799999
1738612800000,102030.0,102100.0,101080.0,101890.0,2.34207375,1738619999999
1738620000000,102220.0,102450.0,101460.0,101460.0,0.52808078,1738627199999
1738627200000,101480.0,101730.0,100940.0,101490.0,0.84030226,1738634399999
1738634400000,100770.0,100780.0,100650.0,100710.0,0.31843478,1738641599999
1738641600000,100770.0,100770.0,98451.0,99300.0,4.5174837,1738648799999
1738648800000,98980.0,99699.0,98449.0,98449.0,0.76442059,1738655999999
1738656000000,98594.0,98754.0,97996.0,98702.0,0.30336131,1738663199999
1738663200000,98943.0,99476.0,98943.0,98982.0,0.27322185,1738670399999
1738670400000,99230.0,99699.0,99105.0,99110.0,0.51608432,1738677599999
1738677600000,99125.0,100400.0,98500.0,99091.0,2.96139623,1738684799999
1738684800000,99516.0,99699.0,98974.0,99214.0,1.23916787,1738691999999
1738692000000,99203.0,100770.0,98939.0,98939.0,2.80533597,1738699199999
1738699200000,99176.0,99197.0,96535.0,96618.0,7.62356057,1738706399999
1738706400000,96431.0,98219.0,96149.0,98081.0,4.53965072,1738713599999
1738713600000,97951.0,98701.0,97787.0,97936.0,0.82734984,1738720799999
1738720800000,97894.0,98107.0,97231.0,98107.0,1.22207311,1738727999999
1738728000000,98074.0,98268.0,97789.0,98268.0,0.41436473,1738735199999
1738735200000,97960.0,98109.0,97530.0,97899.0,0.38123648,1738742399999
1738742400000,98001.0,98001.0,97446.0,97496.0,0.15770288,1738749599999
1738749600000,97831.0,98244.0,97831.0,98244.0,0.13002924,1738756799999
1738756800000,98405.0,98675.0,98079.0,98592.0,0.80080853,1738763999999
1738764000000,98584.0,99159.0,98075.0,98100.0,0.27643778,1738771199999
1738771200000,98061.0,98079.0,97442.0,97595.0,0.42474327,1738778399999
1738778400000,97139.0,97200.0,96591.0,96908.0,0.90158286,1738785599999
1738785600000,97539.0,97650.0,96845.0,96845.0,0.87131924,1738792799999
1738792800000,96845.0,96845.0,96283.0,96355.0,1.75639058,1738799999999
1738800000000,96610.0,97201.0,96610.0,97085.0,1.49943828,1738807199999
1738807200000,97265.0,97453.0,97227.0,97453.0,0.15551733,1738814399999
1738814400000,97539.0,97778.0,97539.0,97710.0,0.04818493,1738821599999
1738821600000,98079.0,98397.0,98079.0,98304.0,0.43182656,1738828799999
1738828800000,98276.0,98740.0,97964.0,98691.0,3.69390467,1738835999999
1738836000000,98781.0,99159.0,98649.0,99159.0,0.40965027,1738843199999
1738843200000,98812.0,98812.0,98225.0,98788.0,0.58830786,1738850399999
1738850400000,98405.0,98619.0,96999.0,97289.0,1.02307318,1738857599999
1738857600000,97395.0,97539.0,96464.0,96879.0,1.19555897,1738864799999
1738864800000,96642.0,96888.0,95800.0,95822.0,2.90485894,1738871999999
1738872000000,96318.0,96896.0,96187.0,96758.0,1.2161808,1738879199999
1738879200000,96325.0,96752.0,96290.0,96290.0,0.4130461,1738886399999
1738886400000,96605.0,97653.0,96509.0,97653.0,0.73158716,1738893599999
1738893600000,97434.0,97465.0,97324.0,97346.0,0.46796035,1738900799999
1738900800000,97555.0,97873.0,97424.0,97424.0,0.09686466,1738907999999
1738908000000,97053.0,97074.0,96631.0,96984.0,0.45176695,1738915199999
1738915200000,96840.0,97179.0,96836.0,97101.0,0.07013807,1738922399999
1738922400000,97539.0,97539.0,97539.0,97539.0,5.828E-5,1738929599999
1738929600000,97572.0,98869.0,97539.0,98867.0,6.36259146,1738936799999
1738936800000,98900.0,100150.0,97671.0,98315.0,10.05998138,1738943999999
1738944000000,98203.0,98549.0,97213.0,97580.0,6.17910245,1738951199999
1738951200000,97595.0,98298.0,96930.0,96930.0,5.29702707,1738958399999
1738958400000,96500.0,96532.0,95800.0,96059.0,0.8870258,1738965599999
1738965600000,95823.0,96544.0,95687.0,96544.0,1.08820518,1738972799999
1738972800000,96416.0,96790.0,96416.0,96733.0,0.30751171,1738979999999
1738980000000,96804.0,96819.0,96713.0,96713.0,0.40194062,1738987199999
1738987200000,96686.0,96686.0,96179.0,96330.0,0.35514931,1738994399999
1738994400000,96168.0,96312.0,95853.0,96312.0,0.24054988,1739001599999
1739001600000,96243.0,96243.0,95965.0,96122.0,0.07684055,1739008799999
1739008800000,95894.0,95894.0,95888.0,95888.0,0.12391,1739015999999
1739016000000,96025.0,96242.0,95885.0,96242.0,0.47415964,1739023199999
1739030400000,95976.0,96304.0,95782.0,96296.0,0.11693205,1739037599999
1739037600000,96354.0,96635.0,96354.0,96635.0,0.14823932,1739044799999
1739044800000,96424.0,96424.0,96424.0,96424.0,5.068E-4,1739051999999
1739052000000,96568.0,96568.0,96507.0,96507.0,0.09864895,1739059199999
1739059200000,96474.0,96881.0,96382.0,96881.0,0.07174191,1739066399999
1739066400000,96927.0,97197.0,96776.0,97197.0,0.37650646,1739073599999
1739073600000,97220.0,97220.0,97097.0,97097.0,0.12041986,1739080799999
1739080800000,96819.0,97132.0,96819.0,97132.0,0.07432797,1739087999999
1739088000000,97261.0,97261.0,96953.0,96990.0,1.68216152,1739095199999
1739095200000,96895.0,96895.0,96598.0,96598.0,0.51943862,1739102399999
1739102400000,96536.0,96620.0,95891.0,95891.0,0.58033611,1739109599999
1739109600000,95835.0,96617.0,95791.0,96553.0,0.59642681,1739116799999
1739116800000,96436.0,96506.0,96082.0,96082.0,0.13889385,1739123999999
1739124000000,96115.0,96160.0,96065.0,96065.0,0.02280359,1739131199999
1739131200000,96127.0,96617.0,94895.0,95192.0,1.94554665,1739138399999
1739138400000,95117.0,96547.0,94918.0,96547.0,0.95450593,1739145599999
1739145600000,96601.0,97108.0,95507.0,95581.0,0.46497444,1739152799999
1739152800000,95648.0,97061.0,95461.0,96770.0,0.93383377,1739159999999
1739160000000,96910.0,97465.0,96847.0,97045.0,1.13891485,1739167199999
1739167200000,96856.0,97500.0,96856.0,97500.0,0.58331299,1739174399999
1739174400000,97380.0,97852.0,97380.0,97850.0,0.71096883,1739181599999
1739181600000,97850.0,97972.0,97685.0,97836.0,0.24670782,1739188799999
1739188800000,97747.0,98293.0,97348.0,98293.0,0.16958665,1739195999999
1739196000000,98292.0,98292.0,96990.0,97265.0,1.12053251,1739203199999
1739203200000,97268.0,97505.0,96934.0,97505.0,0.1277409,1739210399999
1739210400000,97295.0,97517.0,97295.0,97517.0,0.00684945,1739217599999
1739217600000,97355.0,97429.0,97151.0,97151.0,0.23942831,1739224799999
1739224800000,97370.0,97430.0,97309.0,97309.0,0.17940082,1739231999999
1739232000000,97551.0,98109.0,97551.0,98109.0,0.33710146,1739239199999
1739239200000,98064.0,98064.0,97658.0,97658.0,0.06672947,1739246399999
1739246400000,97638.0,98426.0,97588.0,98426.0,1.61122965,1739253599999
1739253600000,98250.0,98469.0,98250.0,98469.0,0.08970659,1739260799999
1739260800000,98326.0,98326.0,98028.0,98028.0,0.10751381,1739267999999
1739268000000,97995.0,98159.0,97995.0,98159.0,0.01327457,1739275199999
1739275200000,97860.0,98041.0,96796.0,96854.0,0.68963338,1739282399999
1739282400000,96669.0,97325.0,96659.0,96999.0,0.63761506,1739289599999
1739289600000,96961.0,96961.0,96000.0,96125.0,0.53398132,1739296799999
1739296800000,95901.0,95901.0,94984.0,95034.0,0.53461685,1739303999999
1739304000000,95000.0,96329.0,94976.0,96151.0,1.78896256,1739311199999
1739311200000,96363.0,96363.0,95432.0,95864.0,1.64206958,1739318399999
1739318400000,95958.0,96158.0,95806.0,96158.0,0.64357436,1739325599999
1739325600000,96101.0,96101.0,95170.0,95245.0,0.33768595,1739332799999
1739332800000,95400.0,95864.0,95305.0,95864.0,0.23082651,1739339999999
1739340000000,95943.0,95996.0,95819.0,95996.0,0.04650156,1739347199999
1739347200000,96214.0,96351.0,96113.0,96203.0,0.39121789,1739354399999
1739354400000,96107.0,96205.0,95750.0,96205.0,0.21413756,1739361599999
1739361600000,96116.0,96590.0,94100.0,95085.0,6.15619586,1739368799999
1739368800000,94870.0,95972.0,94747.0,95805.0,2.42892782,1739375999999
1739376000000,95730.0,97561.0,95234.0,97371.0,5.81662831,1739383199999
1739383200000,97451.0,97451.0,96500.0,97007.0,34.86517597,1739390399999
1739390400000,97377.0,97884.0,96981.0,97884.0,0.49366148,1739397599999
1739397600000,97574.0,98117.0,96871.0,97885.0,2.1749435,1739404799999
1739404800000,97589.0,97957.0,97589.0,97957.0,0.40025007,1739411999999
1739412000000,97643.0,97643.0,97524.0,97524.0,0.02106,1739419199999
1739419200000,97573.0,97573.0,96658.0,96858.0,0.65889345,1739426399999
1739426400000,96578.0,96598.0,95890.0,96101.0,1.33691513,1739433599999
1739433600000,96075.0,96265.0,95768.0,96263.0,0.32040519,1739440799999
1739440800000,96231.0,96337.0,95670.0,95911.0,0.94348766,1739447999999
1739448000000,95990.0,96287.0,95689.0,96153.0,2.20499294,1739455199999
1739455200000,96050.0,96380.0,95380.0,95988.0,2.0619042,1739462399999
1739462400000,95690.0,95957.0,95333.0,95810.0,1.18003805,1739469599999
1739469600000,95797.0,96311.0,95520.0,95631.0,1.84133479,1739476799999
1739476800000,95620.0,96769.0,95620.0,96440.0,0.97442436,1739483999999
1739484000000,96510.0,96619.0,96335.0,96590.0,0.55161698,1739491199999
1739491200000,96642.0,96891.0,96415.0,96438.0,0.29913965,1739498399999
1739498400000,96692.0,97134.0,96624.0,97134.0,0.11113607,1739505599999
1739505600000,97167.0,97199.0,96708.0,96708.0,0.28521796,1739512799999
1739512800000,96726.0,97059.0,96724.0,97059.0,0.46075559,1739519999999
1739520000000,96926.0,97117.0,96926.0,97117.0,0.07855406,1739527199999
1739527200000,97072.0,97082.0,96917.0,96921.0,0.10663045,1739534399999
1739534400000,96675.0,96757.0,96527.0,96611.0,0.32243746,1739541599999
1739541600000,96763.0,97574.0,96327.0,96955.0,18.35562934,1739548799999
1739548800000,96848.0,98825.0,96682.0,98520.0,2.21533423,1739555999999
1739556000000,98710.0,98712.0,97830.0,97864.0,1.05205725,1739563199999
1739563200000,97984.0,98289.0,96827.0,97399.0,0.78307048,1739570399999
1739570400000,97501.0,97501.0,97017.0,97489.0,0.26198463,1739577599999
1739577600000,97490.0,97818.0,97262.0,97818.0,0.30159867,1739584799999
1739584800000,97782.0,97782.0,97782.0,97782.0,0.047941,1739591999999
1739592000000,97623.0,97799.0,97510.0,97510.0,0.21456379,1739599199999
1739599200000,97585.0,97585.0,97447.0,97447.0,0.05490857,1739606399999
1739606400000,97528.0,97528.0,97528.0,97528.0,0.040064,1739613599999
1739613600000,97600.0,97660.0,97600.0,97600.0,0.03898822,1739620799999
1739620800000,97730.0,97730.0,97580.0,97580.0,0.0616,1739627999999
1739628000000,97676.0,97733.0,97500.0,97637.0,0.39094638,1739635199999
1739635200000,97583.0,97583.0,97365.0,97365.0,0.05338007,1739642399999
1739642400000,97516.0,97516.0,97446.0,97485.0,0.21285828,1739649599999
1739649600000,97566.0,97703.0,97460.0,97703.0,0.33433665,1739656799999
1739656800000,97490.0,97632.0,97490.0,97630.0,0.08186838,1739663999999
1739664000000,97659.0,97659.0,97659.0,97659.0,0.03968467,1739671199999
1739671200000,97584.0,97584.0,97454.0,97454.0,0.205873,1739678399999
1739678400000,97589.0,97677.0,97589.0,97677.0,0.04511115,1739685599999
1739685600000,97500.0,97500.0,97417.0,97417.0,1.09716603,1739692799999
1739692800000,97332.0,97349.0,97180.0,97180.0,0.03799607,1739699999999
1739700000000,97286.0,97286.0,97260.0,97260.0,0.04819109,1739707199999
1739707200000,97241.0,98077.0,96810.0,96810.0,1.06391703,1739714399999
1739714400000,96921.0,97020.0,96755.0,97020.0,0.21484534,1739721599999
1739721600000,97011.0,97051.0,97011.0,97051.0,0.30592986,1739728799999
1739728800000,96870.0,97081.0,96711.0,97081.0,0.76189878,1739735999999
1739736000000,97129.0,97271.0,96900.0,97220.0,0.28912297,1739743199999
1739743200000,96734.0,96917.0,96086.0,96140.0,1.58787678,1739750399999
1739750400000,96100.0,96404.0,96080.0,96387.0,0.60403772,1739757599999
1739757600000,96596.0,96596.0,96080.0,96180.0,0.23606463,1739764799999
1739764800000,96060.0,96250.0,95895.0,96250.0,0.76905919,1739771999999
1739772000000,96370.0,96418.0,95990.0,96066.0,0.38933418,1739779199999
1739779200000,96086.0,96288.0,96040.0,96227.0,0.32061909,1739786399999
1739786400000,96332.0,96378.0,96009.0,96015.0,0.27911729,1739793599999
1739793600000,96155.0,96398.0,96155.0,96351.0,0.21705571,1739800799999
1739800800000,96750.0,97000.0,95573.0,95602.0,1.45684447,1739807999999
1739808000000,95649.0,95796.0,95332.0,95478.0,1.14818737,1739815199999
1739815200000,95456.0,95689.0,95230.0,95470.0,0.72144753,1739822399999
1739822400000,95810.0,96320.0,95810.0,96320.0,0.34744903,1739829599999
1739829600000,96412.0,96412.0,95958.0,95958.0,0.22516361,1739836799999
1739836800000,95825.0,96102.0,95825.0,96102.0,0.22204663,1739843999999
1739844000000,96250.0,96260.0,96183.0,96260.0,0.08724399,1739851199999
1739851200000,96100.0,96178.0,95570.0,95570.0,0.12431617,1739858399999
1739858400000,95548.0,95638.0,95291.0,95428.0,0.35014752,1739865599999
1739865600000,95390.0,95688.0,95115.0,95683.0,2.79888087,1739872799999
1739872800000,95813.0,95813.0,95630.0,95630.0,0.14294226,1739879999999
1739880000000,95620.0,96440.0,95620.0,96186.0,0.98650979,1739887199999
1739887200000,96205.0,96699.0,95200.0,95200.0,0.72926939,1739894399999
1739894400000,95594.0,95594.0,94100.0,94159.0,2.60773136,1739901599999
1739901600000,94034.0,94279.0,93423.0,94064.0,2.72248534,1739908799999
1739908800000,94000.0,95242.0,93983.0,94896.0,1.27420338,1739915999999
1739916000000,94956.0,95433.0,94956.0,95419.0,0.30959791,1739923199999
1739923200000,95600.0,95600.0,95182.0,95291.0,1.38998803,1739930399999
1739930400000,95501.0,95829.0,95419.0,95682.0,0.6424982,1739937599999
1739937600000,95699.0,95699.0,95195.0,95272.0,0.91187329,1739944799999
1739944800000,95254.0,95786.0,95205.0,95786.0,0.3624355,1739951999999
1739952000000,95689.0,95963.0,95650.0,95918.0,0.12565712,1739959199999
1739959200000,95956.0,96406.0,95956.0,96379.0,0.79670172,1739966399999
1739966400000,96428.0,96434.0,96168.0,96249.0,0.28644525,1739973599999
1739973600000,96373.0,96613.0,95600.0,96149.0,0.73137157,1739980799999
1739980800000,96001.0,96449.0,96001.0,96430.0,0.39618496,1739987999999
1739988000000,95910.0,96218.0,95430.0,96218.0,0.63696004,1739995199999
1739995200000,96237.0,96473.0,96122.0,96264.0,0.34555455,1740002399999
1740002400000,96409.0,96833.0,96388.0,96717.0,0.07978234,1740009599999
1740009600000,96567.0,97000.0,96535.0,96727.0,0.27400362,1740016799999
1740016800000,96784.0,97370.0,96784.0,97143.0,0.17550655,1740023999999
1740024000000,97127.0,97298.0,96919.0,96919.0,0.79281665,1740031199999
1740031200000,96931.0,97074.0,96797.0,96957.0,0.39287661,1740038399999
1740038400000,96873.0,96873.0,96852.0,96858.0,0.11420796,1740045599999
1740045600000,97167.0,97203.0,97167.0,97187.0,0.463069,1740052799999
1740052800000,97260.0,97549.0,97260.0,97434.0,0.53053976,1740059999999
1740060000000,97750.0,98110.0,96877.0,97000.0,1.4425552,1740067199999
1740067200000,96983.0,97969.0,96983.0,97969.0,1.6068716,1740074399999
1740074400000,97991.0,98458.0,97991.0,98422.0,0.5720503,1740081599999
1740081600000,98618.0,98750.0,98059.0,98059.0,0.44467373,1740088799999
1740088800000,98317.0,98466.0,98118.0,98466.0,1.48173889,1740095999999
1740096000000,98442.0,98450.0,98172.0,98255.0,1.66138926,1740103199999
1740103200000,98181.0,98181.0,98181.0,98181.0,0.058928,1740110399999
1740110400000,98280.0,98380.0,98280.0,98361.0,0.1059349,1740117599999
1740117600000,98350.0,98527.0,98350.0,98352.0,0.26872414,1740124799999
1740124800000,98211.0,98900.0,98164.0,98342.0,0.95652435,1740131999999
1740132000000,98306.0,98805.0,98306.0,98659.0,0.97440681,1740139199999
1740139200000,98659.0,99407.0,98659.0,99407.0,1.57344209,1740146399999
1740146400000,99250.0,99266.0,97250.0,98039.0,4.38405128,1740153599999
1740153600000,97952.0,98752.0,96900.0,97000.0,5.33311143,1740160799999
1740160800000,96960.0,97164.0,95252.0,95297.0,4.48668231,1740167999999
1740168000000,95434.0,95434.0,94864.0,95137.0,6.2090435,1740175199999
1740175200000,95209.0,96137.0,95203.0,96119.0,1.64097273,1740182399999
1740182400000,96129.0,96349.0,95786.0,96349.0,0.92204539,1740189599999
1740189600000,96246.0,96436.0,96098.0,96239.0,0.61291392,1740196799999
1740196800000,96454.0,96505.0,96423.0,96505.0,0.1441281,1740203999999
1740204000000,96573.0,96573.0,96420.0,96487.0,0.10242307,1740211199999
1740211200000,96262.0,96441.0,96233.0,96417.0,0.3926183,1740218399999
1740218400000,96540.0,96575.0,96524.0,96575.0,0.14542222,1740225599999
1740225600000,96726.0,97000.0,96555.0,96555.0,2.01921157,1740232799999
1740232800000,96703.0,96703.0,96569.0,96569.0,0.10010508,1740239999999
1740240000000,96656.0,96680.0,96478.0,96533.0,0.38436401,1740247199999
1740247200000,96533.0,96533.0,96421.0,96475.0,0.08589199,1740254399999
1740261600000,96521.0,96694.0,96521.0,96694.0,0.02939831,1740268799999
1740268800000,96626.0,96651.0,96626.0,96651.0,0.14627727,1740275999999
1740276000000,96521.0,96521.0,96483.0,96483.0,0.08158786,1740283199999
1740283200000,96384.0,96384.0,96239.0,96239.0,0.33130045,1740290399999
1740290400000,96186.0,96363.0,96186.0,96363.0,0.0217747,1740297599999
1740297600000,96333.0,96380.0,96328.0,96340.0,1.77899623,1740304799999
1740304800000,96118.0,96200.0,96118.0,96200.0,0.18892927,1740311999999
1740312000000,96000.0,96000.0,95812.0,95812.0,0.08933252,1740319199999
1740319200000,96021.0,96021.0,95650.0,95653.0,0.25618506,1740326399999
1740326400000,95492.0,95601.0,95295.0,95533.0,2.07130534,1740333599999
1740333600000,95651.0,95883.0,95651.0,95754.0,0.74137022,1740340799999
1740340800000,95723.0,95792.0,95715.0,95715.0,0.15722634,1740347999999
1740348000000,95990.0,96224.0,95990.0,96173.0,0.24693883,1740355199999
1740355200000,96455.0,96495.0,95815.0,95858.0,1.40271138,1740362399999
1740362400000,95957.0,96147.0,95405.0,95624.0,0.64152487,1740369599999
1740369600000,95434.0,95519.0,95220.0,95519.0,0.62030989,1740376799999
1740376800000,95775.0,95957.0,95774.0,95957.0,0.18086048,1740383999999
1740384000000,95933.0,95933.0,95480.0,95767.0,0.706467,1740391199999
1740391200000,95733.0,95778.0,95525.0,95778.0,0.15183035,1740398399999
1740398400000,95790.0,95979.0,95365.0,95655.0,1.22263514,1740405599999
1740405600000,95756.0,95756.0,94000.0,94182.0,2.2975987,1740412799999
1740412800000,94330.0,95118.0,94330.0,94655.0,1.89214766,1740419999999
1740420000000,94647.0,94816.0,93769.0,93984.0,1.73745502,1740427199999
1740427200000,94189.0,94467.0,93643.0,93995.0,2.41370856,1740434399999
1740434400000,93683.0,93683.0,91358.0,91488.0,2.98217892,1740441599999
1740441600000,91548.0,92246.0,90810.0,91979.0,1.56079699,1740448799999
1740448800000,92178.0,92489.0,91652.0,92109.0,3.79263425,1740455999999
1740456000000,91944.0,92244.0,91795.0,91969.0,0.56859177,1740463199999
1740463200000,92101.0,92101.0,88157.0,89330.0,12.43306267,1740470399999
1740470400000,89146.0,89967.0,88275.0,88355.0,10.63066153,1740477599999
1740477600000,88155.0,89313.0,86500.0,89257.0,18.45703525,1740484799999
1740484800000,89177.0,89504.0,88800.0,88800.0,4.19801301,1740491999999
1740492000000,88748.0,89165.0,86000.0,87129.0,20.18989967,1740499199999
1740499200000,87150.0,87695.0,86079.0,87100.0,8.1331998,1740506399999
1740506400000,87158.0,87951.0,86444.0,87951.0,2.4648424,1740513599999
1740513600000,87774.0,88946.0,87624.0,88620.0,3.47928736,1740520799999
1740520800000,88882.0,89289.0,88476.0,88721.0,3.67091748,1740527999999
1740528000000,88570.0,88570.0,88133.0,88465.0,0.1611252,1740535199999
1740535200000,88702.0,89246.0,88548.0,88889.0,0.35389571,1740542399999
1740542400000,88842.0,88842.0,88593.0,88593.0,0.89068452,1740549599999
1740549600000,88345.0,89029.0,88345.0,88613.0,0.97451758,1740556799999
1740556800000,88685.0,89227.0,88149.0,89066.0,1.10387876,1740563999999
1740564000000,88984.0,89086.0,88528.0,88546.0,0.71291724,1740571199999
1740571200000,88448.0,88448.0,86964.0,87105.0,5.92206128,1740578399999
1740578400000,87101.0,88348.0,85483.0,87353.0,9.84027155,1740585599999
1740585600000,87538.0,87662.0,85822.0,85822.0,2.82582599,1740592799999
1740592800000,85896.0,86394.0,83500.0,83810.0,7.27312918,1740599999999
1740600000000,83828.0,84922.0,82190.0,84479.0,14.11464253,1740607199999
1740607200000,84737.0,85170.0,83864.0,84130.0,2.47288548,1740614399999
1740614400000,84162.0,85287.0,83966.0,84831.0,3.35434541,1740621599999
1740621600000,84714.0,85247.0,84164.0,85247.0,2.23614239,1740628799999
1740628800000,85053.0,85668.0,84634.0,85668.0,1.2674333,1740635999999
1740636000000,85764.0,86601.0,85634.0,86361.0,2.86509051,1740643199999
1740643200000,86214.0,86307.0,85868.0,86204.0,3.44196766,1740650399999
1740650400000,86065.0,86946.0,86065.0,86636.0,1.01545318,1740657599999
1740657600000,86653.0,86653.0,85847.0,85982.0,1.67030868,1740664799999
1740664800000,86151.0,86276.0,84690.0,85627.0,5.87077106,1740671999999
1740672000000,85608.0,85608.0,84332.0,84396.0,4.71847623,1740679199999
1740679200000,84628.0,84870.0,83560.0,84114.0,3.51465431,1740686399999
1740686400000,83975.0,84274.0,82622.0,84232.0,11.37681687,1740693599999
1740693600000,84196.0,84867.0,83836.0,84604.0,3.00129362,1740700799999
1740700800000,84669.0,84779.0,81099.0,82079.0,7.95974864,1740707999999
1740708000000,81473.0,82817.0,79500.0,80361.0,6.43038942,1740715199999
1740715200000,80354.0,80823.0,79148.0,79250.0,9.27758484,1740722399999
1740722400000,79868.0,80241.0,78817.0,78959.0,11.7049552,1740729599999
1740729600000,79092.0,80644.0,78244.0,80297.0,10.49128102,1740736799999
1740736800000,80276.0,80712.0,79586.0,80413.0,5.78580794,1740743999999
1740744000000,80441.0,81701.0,80076.0,81466.0,5.50068762,1740751199999
1740751200000,81500.0,84353.0,81247.0,84027.0,2.62541485,1740758399999
1740758400000,83947.0,84850.0,83520.0,83626.0,4.66764503,1740765599999
1740765600000,83641.0,84890.0,83212.0,84435.0,4.5018028,1740772799999
1740772800000,84446.0,84670.0,83626.0,84256.0,2.82278981,1740779999999
1740780000000,84218.0,84483.0,83885.0,84371.0,1.27072814,1740787199999
1740787200000,84287.0,84690.0,83818.0,84690.0,1.14979553,1740794399999
1740794400000,84372.0,85572.0,84372.0,85296.0,2.92381216,1740801599999
1740801600000,85330.0,86518.0,85299.0,85609.0,3.77950494,1740808799999
1740808800000,85588.0,85588.0,84790.0,84859.0,2.16751239,1740815999999
1740816000000,84769.0,85480.0,84769.0,85381.0,1.42930418,1740823199999
1740823200000,85410.0,85410.0,84496.0,84642.0,1.43884312,1740830399999
1740830400000,84588.0,84760.0,84344.0,84455.0,0.91560998,1740837599999
1740837600000,84553.0,84805.0,84424.0,84734.0,1.03170033,1740844799999
1740844800000,84782.0,85274.0,84782.0,85196.0,0.7880784,1740851999999
1740852000000,85102.0,85435.0,85093.0,85365.0,0.76423243,1740859199999
1740859200000,85533.0,86062.0,85271.0,86062.0,1.13301631,1740866399999
1740866400000,85984.0,86157.0,85688.0,85782.0,1.61420728,1740873599999
1740873600000,86012.0,86306.0,85912.0,86231.0,1.55688922,1740880799999
1740895200000,86691.0,86691.0,86055.0,86266.0,0.35026217,1740902399999
1740902400000,85773.0,86008.0,85773.0,85939.0,0.63050078,1740909599999
1740909600000,85861.0,86188.0,85787.0,86110.0,1.96632155,1740916799999
1740916800000,86076.0,86076.0,85550.0,85588.0,0.64278328,1740923999999
1740924000000,85586.0,88637.0,85069.0,87593.0,5.44069319,1740931199999
1740931200000,87598.0,95000.0,87441.0,94023.0,24.30867595,1740938399999
1740938400000,94345.0,94345.0,92517.0,93493.0,6.68888564,1740945599999
1740945600000,93648.0,94457.0,93575.0,94153.0,6.34802425,1740952799999
1740952800000,94095.0,94858.0,93931.0,94264.0,4.52201266,1740959999999
1740960000000,94337.0,94394.0,92718.0,93063.0,2.22369764,1740967199999
1740967200000,93106.0,93358.0,92442.0,92711.0,2.91911942,1740974399999
1740974400000,92690.0,93323.0,92630.0,93291.0,0.95843494,1740981599999
1740981600000,93221.0,93221.0,91411.0,92492.0,3.26370514,1740988799999
1740988800000,92362.0,92362.0,91197.0,91926.0,2.75726544,1740995999999
1740996000000,91858.0,92891.0,91548.0,92587.0,2.53163127,1741003199999
1741003200000,92758.0,93649.0,92737.0,93575.0,4.98111917,1741010399999
1741010400000,93396.0,93678.0,89065.0,89906.0,11.24134607,1741017599999
1741017600000,90046.0,90946.0,89646.0,90266.0,20.02812853,1741024799999
1741024800000,90248.0,90322.0,85572.0,85572.0,15.78045364,1741031999999
1741032000000,85321.0,86516.0,85072.0,85104.0,8.33922173,1741039199999
1741039200000,85296.0,86869.0,85271.0,86137.0,3.23383232,1741046399999
1741046400000,86002.0,86645.0,82665.0,83137.0,5.61264876,1741053599999
1741053600000,83230.0,84249.0,82492.0,83962.0,3.47349375,1741060799999
1741060800000,83882.0,84377.0,83327.0,84219.0,8.66475165,1741067999999
1741068000000,84180.0,84260.0,83135.0,83135.0,3.56199002,1741075199999
1741075200000,83107.0,84054.0,83107.0,83751.0,3.33457083,1741082399999
1741082400000,83698.0,84295.0,83520.0,83960.0,3.85225121,1741089599999
1741089600000,83878.0,83905.0,82404.0,82738.0,4.97318658,1741096799999
1741096800000,82792.0,84695.0,81497.0,82795.0,3.77173666,1741103999999
1741104000000,82852.0,85474.0,82131.0,85335.0,4.63177555,1741111199999
1741111200000,85449.0,88453.0,85195.0,88169.0,10.88666474,1741118399999
1741118400000,88221.0,88900.0,86676.0,87718.0,5.04625034,1741125599999
1741125600000,87567.0,87888.0,87111.0,87257.0,1.62854589,1741132799999
1741132800000,87023.0,87748.0,86435.0,87562.0,1.12391252,1741139999999
1741140000000,87581.0,87850.0,86969.0,86969.0,1.19655849,1741147199999
1741147200000,86704.0,87384.0,86702.0,87135.0,0.81972836,1741154399999
1741154400000,87185.0,87650.0,87096.0,87650.0,0.26780465,1741161599999
1741161600000,87718.0,88769.0,87640.0,88521.0,1.66463179,1741168799999
1741168800000,88510.0,90584.0,88482.0,89888.0,3.84716433,1741175999999
1741176000000,89836.0,90860.0,89303.0,89464.0,9.18677249,1741183199999
1741183200000,89568.0,89768.0,87932.0,88581.0,4.74270116,1741190399999
1741190400000,88207.0,90393.0,87651.0,89630.0,11.42988266,1741197599999
1741197600000,89714.0,89959.0,89063.0,89781.0,3.30979493,1741204799999
1741204800000,89893.0,90646.0,89697.0,90380.0,1.93437444,1741211999999
1741212000000,90292.0,90944.0,90148.0,90918.0,1.03168188,1741219199999
1741219200000,90648.0,91840.0,90001.0,91051.0,3.47692355,1741226399999
1741226400000,91051.0,92000.0,91040.0,91449.0,5.21046,1741233599999
1741233600000,91668.0,92705.0,91668.0,92705.0,2.09665643,1741240799999
1741240800000,92657.0,92675.0,91500.0,91555.0,3.12530325,1741247999999
1741248000000,91378.0,91574.0,90630.0,90828.0,1.19043132,1741255199999
1741255200000,90880.0,91567.0,90880.0,91482.0,1.42268967,1741262399999
1741262400000,91346.0,91407.0,89583.0,89583.0,3.93278249,1741269599999
1741269600000,89752.0,91316.0,89237.0,90805.0,6.39364545,1741276799999
1741276800000,90790.0,90994.0,88000.0,88449.0,5.52579323,1741283999999
1741284000000,88611.0,89307.0,87981.0,88507.0,3.45528574,1741291199999
1741291200000,88513.0,89823.0,88513.0,89633.0,7.89411807,1741298399999
1741298400000,90000.0,90783.0,89703.0,90003.0,4.03277905,1741305599999
1741305600000,89969.0,91207.0,84804.0,88318.0,19.32008147,1741312799999
1741312800000,88211.0,88368.0,86946.0,86955.0,3.84547516,1741319999999
1741320000000,86914.0,88389.0,86914.0,88186.0,0.50420253,1741327199999
1741327200000,88121.0,88605.0,87989.0,88368.0,0.73170246,1741334399999
1741334400000,88320.0,89571.0,88067.0,89077.0,2.19108327,1741341599999
1741341600000,88914.0,89457.0,88838.0,88971.0,0.56717136,1741348799999
1741348800000,89086.0,90214.0,88487.0,89694.0,4.47931324,1741355999999
1741356000000,89437.0,91108.0,88112.0,88376.0,5.49202522,1741363199999
1741363200000,88255.0,88891.0,86679.0,87406.0,6.69421565,1741370399999
1741370400000,87707.0,88958.0,87338.0,87754.0,2.52531565,1741377599999
1741377600000,87952.0,88308.0,85637.0,86279.0,3.04243632,1741384799999
1741384800000,86352.0,86707.0,85788.0,86707.0,1.52141139,1741391999999
1741392000000,86662.0,86736.0,85267.0,85920.0,0.65355041,1741399199999
1741399200000,86095.0,86100.0,85681.0,85769.0,0.10191112,1741406399999
1741406400000,85962.0,86436.0,85962.0,86253.0,0.23419179,1741413599999
1741413600000,86307.0,86522.0,86201.0,86201.0,0.11187461,1741420799999
1741420800000,86298.0,86447.0,85901.0,85901.0,0.67288632,1741427999999
1741428000000,85999.0,86238.0,85832.0,85832.0,0.56999017,1741435199999
1741435200000,85832.0,86471.0,85832.0,86330.0,0.25628662,1741442399999
1741442400000,86329.0,86540.0,86305.0,86388.0,0.27158279,1741449599999
1741449600000,86164.0,86199.0,85723.0,85952.0,0.73988642,1741456799999
1741456800000,86040.0,86388.0,85903.0,86363.0,0.30143567,1741463999999
1741464000000,86260.0,86462.0,86184.0,86184.0,0.20039839,1741471199999
1741471200000,85933.0,86365.0,85933.0,86182.0,0.64883186,1741478399999
1741478400000,86186.0,86392.0,86144.0,86144.0,0.42852542,1741485599999
1741485600000,86173.0,86208.0,86053.0,86154.0,0.32154243,1741492799999
1741492800000,86045.0,86045.0,86008.0,86038.0,0.09762786,1741499999999
1741500000000,85836.0,85996.0,85821.0,85962.0,0.31478389,1741507199999
1741507200000,86005.0,86005.0,85379.0,85379.0,1.89162378,1741514399999
1741514400000,85524.0,85596.0,84700.0,85029.0,3.15058262,1741521599999
1741521600000,84750.0,84750.0,83726.0,83726.0,9.02227323,1741528799999
1741528800000,83584.0,83788.0,82927.0,83074.0,4.37905422,1741535999999
1741536000000,83080.0,83546.0,82272.0,82327.0,4.60434156,1741543199999
1741543200000,82356.0,83246.0,82283.0,82682.0,4.59740953,1741550399999
1741550400000,82754.0,83482.0,81755.0,81755.0,1.62195147,1741557599999
1741557600000,81603.0,81676.0,79957.0,80624.0,5.73397353,1741564799999
1741564800000,80695.0,81818.0,80124.0,81818.0,5.14693313,1741571999999
1741572000000,81754.0,82732.0,81657.0,81843.0,1.65109567,1741579199999
1741579200000,82264.0,82660.0,82212.0,82246.0,0.51682856,1741586399999
1741586400000,82259.0,82608.0,82060.0,82309.0,0.89556303,1741593599999
1741593600000,82279.0,84000.0,81225.0,82367.0,3.30798049,1741600799999
1741600800000,82380.0,83789.0,81805.0,83596.0,4.87493021,1741607999999
1741608000000,83441.0,83800.0,81505.0,81505.0,4.81351966,1741615199999
1741615200000,81410.0,81468.0,79211.0,80317.0,6.51006301,1741622399999
1741622400000,80163.0,80186.0,78217.0,78597.0,4.12679498,1741629599999
1741629600000,78473.0,79224.0,77465.0,78936.0,7.88532363,1741636799999
1741636800000,79029.0,79748.0,78430.0,79449.0,9.15735198,1741643999999
1741644000000,79496.0,79736.0,78585.0,78594.0,2.91811704,1741651199999
1741651200000,78608.0,79088.0,76600.0,79008.0,23.3255135,1741658399999
1741658400000,79236.0,79849.0,78952.0,79661.0,2.48729215,1741665599999
1741665600000,79541.0,80315.0,79541.0,80266.0,10.19714232,1741672799999
1741672800000,80352.0,80538.0,80124.0,80339.0,1.51066934,1741679999999
1741680000000,80346.0,81812.0,80346.0,81621.0,2.03575051,1741687199999
1741687200000,81396.0,82000.0,81396.0,81931.0,1.62768819,1741694399999
1741694400000,81557.0,82227.0,80722.0,80873.0,4.06850357,1741701599999
1741701600000,80838.0,81514.0,79060.0,81329.0,9.72332395,1741708799999
1741708800000,81140.0,81843.0,80754.0,81256.0,4.69915206,1741715999999
1741716000000,81281.0,83504.0,81281.0,83100.0,3.20841743,1741723199999
1741723200000,83134.0,83223.0,82622.0,83140.0,1.86766975,1741730399999
1741730400000,83070.0,83259.0,82587.0,82920.0,1.58463387,1741737599999
1741737600000,82975.0,83709.0,82633.0,83284.0,2.77944233,1741744799999
1741744800000,83153.0,83220.0,82147.0,82256.0,1.53374171,1741751999999
1741752000000,81970.0,82107.0,81653.0,81911.0,2.38192166,1741759199999
1741759200000,81930.0,82487.0,81306.0,82390.0,0.80556982,1741766399999
1741766400000,82515.0,82862.0,82223.0,82606.0,3.28287212,1741773599999
1741773600000,82728.0,83003.0,82165.0,83003.0,1.3444292,1741780799999
1741780800000,83032.0,84387.0,82561.0,82627.0,11.74241857,1741787999999
1741788000000,82534.0,82856.0,80817.0,81659.0,8.46769824,1741795199999
1741795200000,81676.0,82789.0,81657.0,81773.0,2.69336936,1741802399999
1741802400000,81793.0,83031.0,81793.0,83031.0,4.58489529,1741809599999
1741809600000,82911.0,83302.0,82734.0,82981.0,2.2590221,1741816799999
1741816800000,83229.0,83853.0,83202.0,83657.0,7.68179821,1741823999999
1741824000000,83704.0,84127.0,83346.0,84004.0,6.63295063,1741831199999
1741831200000,83883.0,84256.0,83573.0,83646.0,1.44210954,1741838399999
1741838400000,83522.0,83641.0,83134.0,83176.0,0.64013549,1741845599999
1741845600000,83043.0,83496.0,82940.0,83216.0,6.36835302,1741852799999
1741852800000,83193.0,83455.0,82629.0,83453.0,1.88442591,1741859999999
1741860000000,83412.0,83412.0,82773.0,82773.0,0.32799262,1741867199999
1741867200000,82851.0,83888.0,81600.0,81600.0,5.92556983,1741874399999
1741874400000,81707.0,82470.0,80993.0,81019.0,5.89526272,1741881599999
1741881600000,81010.0,81091.0,79998.0,80041.0,4.60092936,1741888799999
1741888800000,80124.0,81004.0,80100.0,80109.0,6.40079958,1741895999999
1741896000000,80441.0,80826.0,80286.0,80744.0,0.71040658,1741903199999
1741903200000,80812.0,81440.0,80812.0,81081.0,0.75664564,1741910399999
1741910400000,81072.0,81634.0,80911.0,81528.0,1.39202581,1741917599999
1741917600000,81626.0,82244.0,81626.0,81834.0,0.65284591,1741924799999
1741924800000,81981.0,82205.0,81861.0,82205.0,0.39101103,1741931999999
1741932000000,82110.0,82352.0,81807.0,82352.0,0.66067638,1741939199999
1741939200000,82211.0,82863.0,82211.0,82863.0,0.17865992,1741946399999
1741946400000,82819.0,83352.0,82805.0,83296.0,0.31118507,1741953599999
1741953600000,83051.0,83842.0,83051.0,83587.0,5.02847877,1741960799999
1741960800000,83583.0,85281.0,82000.0,84739.0,8.10572544,1741967999999
1741968000000,84751.0,84957.0,84009.0,84359.0,8.11475494,1741975199999
1741975200000,84536.0,84900.0,84342.0,84648.0,2.54734645,1741982399999
1741982400000,84539.0,84539.0,83836.0,84258.0,1.76225454,1741989599999
1741989600000,84158.0,84522.0,84075.0,84081.0,2.06063945,1741996799999
1741996800000,84332.0,84566.0,84139.0,84309.0,0.40617555,1742003999999
1742004000000,84260.0,84602.0,84260.0,84548.0,0.4572872,1742011199999
1742011200000,84374.0,84536.0,84334.0,84398.0,0.0206267,1742018399999
1742018400000,84221.0,84221.0,83900.0,84091.0,0.14960939,1742025599999
1742025600000,83930.0,83959.0,83697.0,83959.0,0.11856809,1742032799999
1742032800000,83935.0,84068.0,83696.0,84068.0,0.5527117,1742039999999
1742040000000,84113.0,84494.0,84113.0,84458.0,0.73798455,1742047199999
1742047200000,84333.0,84366.0,84143.0,84355.0,1.24537035,1742054399999
1742054400000,84330.0,84439.0,84330.0,84439.0,0.18254084,1742061599999
1742061600000,84319.0,84319.0,84201.0,84237.0,0.16634313,1742068799999
1742068800000,84450.0,84450.0,84450.0,84450.0,0.00102793,1742075999999
1742076000000,84440.0,84450.0,84326.0,84351.0,0.66907528,1742083199999
1742083200000,84291.0,84291.0,83866.0,83930.0,0.18423123,1742090399999
1742090400000,83851.0,84140.0,83851.0,84140.0,0.27445483,1742097599999
1742104800000,84323.0,84388.0,84064.0,84308.0,0.09909479,1742111999999
1742112000000,84276.0,84276.0,83808.0,83880.0,0.31685709,1742119199999
1742119200000,83892.0,83892.0,82462.0,82462.0,1.67554321,1742126399999
1742126400000,82527.0,83038.0,82474.0,82582.0,1.20217254,1742133599999
1742133600000,82650.0,83348.0,82650.0,83285.0,1.04154764,1742140799999
1742140800000,83519.0,85044.0,83519.0,83882.0,3.5559457,1742147999999
1742148000000,83832.0,84037.0,82881.0,83069.0,0.92087543,1742155199999
1742155200000,83086.0,83365.0,82710.0,82766.0,1.06419472,1742162399999
1742162400000,82743.0,82743.0,82000.0,82565.0,1.36742828,1742169599999
1742169600000,82568.0,83319.0,82568.0,83319.0,0.97491343,1742176799999
1742176800000,83126.0,83565.0,83126.0,83565.0,0.28299687,1742183999999
1742184000000,83762.0,83768.0,83204.0,83219.0,0.56142952,1742191199999
1742191200000,82759.0,83577.0,82759.0,83557.0,0.41668393,1742198399999
1742198400000,83558.0,83756.0,83337.0,83594.0,0.94408968,1742205599999
1742205600000,83450.0,83667.0,83335.0,83542.0,0.46960537,1742212799999
1742212800000,83430.0,84000.0,82838.0,83059.0,7.2305199,1742219999999
1742220000000,83001.0,83572.0,82475.0,83572.0,2.29623764,1742227199999
1742227200000,83543.0,84312.0,83195.0,84213.0,1.16211301,1742234399999
1742234400000,84227.0,84572.0,83964.0,84482.0,1.75145601,1742241599999
1742241600000,84259.0,84259.0,83984.0,84177.0,0.85930464,1742248799999
1742248800000,84066.0,84218.0,83780.0,84090.0,0.19009863,1742255999999
1742256000000,83932.0,83932.0,83080.0,83121.0,0.30005563,1742263199999
1742263200000,83129.0,83453.0,83030.0,83148.0,0.59827699,1742270399999
1742270400000,83186.0,83186.0,82884.0,83007.0,0.19721776,1742277599999
1742277600000,83029.0,83260.0,82300.0,83146.0,2.72302189,1742284799999
1742284800000,83191.0,83420.0,83096.0,83154.0,0.26143536,1742291999999
1742292000000,82872.0,82872.0,82530.0,82636.0,0.28901298,1742299199999
1742299200000,82572.0,82739.0,81216.0,81296.0,1.85506076,1742306399999
1742306400000,81236.0,82155.0,81165.0,81654.0,4.93420319,1742313599999
1742313600000,81555.0,82116.0,81432.0,81432.0,1.39583018,1742320799999
1742320800000,81315.0,82220.0,81250.0,82220.0,0.71623186,1742327999999
1742328000000,82185.0,82273.0,81861.0,82058.0,0.53408725,1742335199999
1742335200000,82033.0,82711.0,82033.0,82675.0,0.48197944,1742342399999
1742342400000,82954.0,83174.0,82821.0,82994.0,0.3418409,1742349599999
1742349600000,82671.0,83032.0,82615.0,83023.0,2.27688242,1742356799999
1742356800000,83031.0,83227.0,82823.0,83227.0,1.53496931,1742363999999
1742364000000,83304.0,83330.0,83095.0,83201.0,0.30371231,1742371199999
1742371200000,83221.0,83593.0,83221.0,83593.0,0.35145076,1742378399999
1742378400000,83521.0,84062.0,83511.0,83863.0,3.82766523,1742385599999
1742385600000,83883.0,84272.0,83576.0,84151.0,1.71283694,1742392799999
1742392800000,84200.0,84898.0,83941.0,84898.0,2.4683696,1742399999999
1742400000000,84737.0,84793.0,83836.0,84173.0,3.07650502,1742407199999
1742407200000,84377.0,85902.0,83658.0,85446.0,5.89264065,1742414399999
1742414400000,85800.0,85845.0,85233.0,85609.0,1.14525195,1742421599999
1742421600000,85793.0,87033.0,85771.0,86853.0,3.17715617,1742428799999
1742428800000,86899.0,87481.0,85779.0,85932.0,3.16540601,1742435999999
1742436000000,85816.0,86170.0,85678.0,85895.0,1.04201667,1742443199999
1742443200000,85781.0,85867.0,85481.0,85780.0,0.80164171,1742450399999
1742450400000,85843.0,86003.0,85655.0,85844.0,0.73759286,1742457599999
1742457600000,85766.0,86285.0,85766.0,85881.0,0.3574725,1742464799999
1742464800000,85880.0,85880.0,84774.0,85460.0,1.82416408,1742471999999
1742472000000,85420.0,85706.0,85153.0,85459.0,0.34516975,1742479199999
1742479200000,85465.0,86437.0,84615.0,84647.0,1.50314764,1742486399999
1742486400000,84658.0,84846.0,83640.0,83949.0,2.14342214,1742493599999
1742493600000,84133.0,84359.0,83970.0,84210.0,0.92811478,1742500799999
1742500800000,84221.0,84555.0,84221.0,84422.0,1.02025457,1742507999999
1742508000000,84288.0,84440.0,83960.0,84224.0,0.56084916,1742515199999
1742515200000,84161.0,84666.0,84161.0,84666.0,0.13587921,1742522399999
1742522400000,84666.0,84666.0,84297.0,84444.0,0.31755396,1742529599999
1742529600000,84600.0,84745.0,84377.0,84377.0,0.10112852,1742536799999
1742536800000,84302.0,84302.0,83734.0,83900.0,2.17285774,1742543999999
1742544000000,83809.0,84264.0,83795.0,84130.0,0.37372852,1742551199999
1742551200000,84192.0,84192.0,83920.0,84010.0,0.02884467,1742558399999
1742558400000,84117.0,84329.0,83227.0,83989.0,3.34883511,1742565599999
1742565600000,83902.0,84196.0,83510.0,83584.0,2.24963884,1742572799999
1742572800000,83533.0,84115.0,83438.0,84044.0,0.66875484,1742579999999
1742580000000,84010.0,84370.0,83859.0,83986.0,1.2321173,1742587199999
1742587200000,83830.0,84528.0,83824.0,84391.0,2.59091839,1742594399999
1742594400000,84407.0,84407.0,84093.0,84213.0,2.07347124,1742601599999
1742601600000,84039.0,84283.0,84005.0,84018.0,0.4966049,1742608799999
1742608800000,84019.0,84257.0,84019.0,84257.0,0.15889408,1742615999999
1742616000000,84251.0,84350.0,84243.0,84279.0,0.20954611,1742623199999
1742623200000,84252.0,84354.0,84239.0,84255.0,0.0950297,1742630399999
1742630400000,84241.0,84477.0,84211.0,84477.0,0.3359321,1742637599999
1742637600000,84378.0,84378.0,84257.0,84257.0,0.18960372,1742644799999
1742644800000,84235.0,84256.0,84078.0,84097.0,0.28548252,1742651999999
1742652000000,84084.0,84084.0,84012.0,84063.0,1.07312248,1742659199999
1742659200000,84091.0,84135.0,84091.0,84130.0,0.265701,1742666399999
1742666400000,84219.0,84230.0,84198.0,84218.0,0.16537645,1742673599999
1742673600000,84204.0,84204.0,83887.0,83999.0,1.57606367,1742680799999
1742680800000,84014.0,84066.0,83700.0,83816.0,1.04780112,1742687999999
1742688000000,83902.0,83990.0,83902.0,83990.0,0.02020557,1742695199999
1742695200000,84194.0,84194.0,84194.0,84194.0,0.00589882,1742702399999
1742702400000,84081.0,84227.0,84081.0,84227.0,0.00547046,1742709599999
1742709600000,84227.0,84235.0,84227.0,84235.0,0.00207119,1742716799999
1742716800000,84307.0,84358.0,84307.0,84351.0,0.00478933,1742723999999
1742724000000,84348.0,85002.0,84348.0,84639.0,0.16414947,1742731199999
1742731200000,84697.0,85053.0,84681.0,85053.0,0.02063631,1742738399999
1742738400000,85104.0,85209.0,84903.0,85142.0,0.10495313,1742745599999
1742745600000,85093.0,85372.0,84938.0,84992.0,0.93261372,1742752799999
1742752800000,84910.0,85040.0,84855.0,85040.0,1.36180042,1742759999999
1742760000000,85013.0,85177.0,84944.0,85166.0,0.20021657,1742767199999
1742767200000,85204.0,86086.0,85204.0,86086.0,0.88563526,1742774399999
1742774400000,85969.0,86589.0,85573.0,85573.0,1.34778704,1742781599999
1742781600000,85595.0,86492.0,85595.0,86471.0,1.97591101,1742788799999
1742788800000,86540.0,86997.0,86540.0,86924.0,0.89275812,1742795999999
1742796000000,86967.0,87288.0,86834.0,86834.0,1.31898457,1742803199999
1742803200000,86958.0,87512.0,86958.0,87187.0,7.61176549,1742810399999
1742810400000,87170.0,87900.0,87170.0,87754.0,0.42100218,1742817599999
1742817600000,87712.0,87714.0,87188.0,87627.0,1.88627152,1742824799999
1742824800000,87719.0,88739.0,87718.0,88322.0,5.09112325,1742831999999
1742832000000,88360.0,88463.0,87763.0,88379.0,1.28752377,1742839199999
1742839200000,88427.0,88540.0,88039.0,88309.0,1.212796,1742846399999
1742846400000,88257.0,88533.0,87844.0,88144.0,2.83530268,1742853599999
1742853600000,88170.0,88200.0,87139.0,87477.0,1.2426741,1742860799999
1742860800000,87498.0,87645.0,86852.0,87233.0,1.08618584,1742867999999
1742868000000,86976.0,87087.0,86402.0,86531.0,1.14064256,1742875199999
1742875200000,86320.0,86748.0,86320.0,86747.0,0.44604281,1742882399999
1742882400000,86643.0,86847.0,86442.0,86458.0,0.72635985,1742889599999
1742889600000,86503.0,87325.0,86431.0,87277.0,1.39822906,1742896799999
1742896800000,87194.0,87500.0,87009.0,87410.0,0.47503958,1742903999999
1742904000000,87307.0,87976.0,87000.0,87653.0,2.71488392,1742911199999
1742911200000,87654.0,88219.0,87398.0,87843.0,4.44121064,1742918399999
1742918400000,87930.0,88362.0,87698.0,87992.0,3.09759714,1742925599999
1742925600000,87916.0,88288.0,87622.0,88189.0,1.15980643,1742932799999
1742932800000,88215.0,88493.0,87805.0,87805.0,5.39349538,1742939999999
1742940000000,87735.0,87830.0,87208.0,87499.0,1.62961384,1742947199999
1742947200000,87471.0,87855.0,87334.0,87855.0,0.62500807,1742954399999
1742954400000,87600.0,87622.0,87097.0,87097.0,0.46922676,1742961599999
1742961600000,87098.0,87622.0,87098.0,87572.0,0.6818981,1742968799999
1742968800000,87574.0,88289.0,87574.0,88215.0,0.68257113,1742975999999
1742976000000,88131.0,88131.0,87981.0,88065.0,0.21938495,1742983199999
1742983200000,88032.0,88230.0,87996.0,88015.0,0.33473503,1742990399999
1742990400000,87869.0,87989.0,86816.0,86858.0,1.539261,1742997599999
1742997600000,86981.0,87271.0,86466.0,86700.0,1.95563249,1743004799999
1743004800000,86665.0,86899.0,86443.0,86522.0,1.59978996,1743011999999
1743012000000,86627.0,86756.0,85861.0,86585.0,1.64508723,1743019199999
1743019200000,86740.0,87394.0,86740.0,87153.0,1.04575249,1743026399999
1743026400000,87120.0,87120.0,86614.0,86878.0,0.3468663,1743033599999
1743033600000,86969.0,87472.0,86910.0,87385.0,0.79743394,1743040799999
1743040800000,87560.0,87756.0,87499.0,87571.0,0.43648156,1743047999999
1743048000000,87667.0,87667.0,87360.0,87360.0,0.45058197,1743055199999
1743055200000,87512.0,87546.0,87314.0,87427.0,0.23257252,1743062399999
1743062400000,87304.0,87553.0,87304.0,87460.0,0.3580212,1743069599999
1743069600000,87535.0,87535.0,86888.0,86888.0,0.84990238,1743076799999
1743076800000,86940.0,87102.0,85844.0,86403.0,2.42886276,1743083999999
1743084000000,86381.0,87523.0,86225.0,86969.0,1.4103883,1743091199999
1743091200000,87183.0,87183.0,86872.0,87028.0,0.67574148,1743098399999
1743098400000,86950.0,87390.0,86950.0,87149.0,0.35427062,1743105599999
1743105600000,87068.0,87637.0,87060.0,87559.0,0.57923281,1743112799999
1743112800000,87547.0,87547.0,87186.0,87215.0,0.53368475,1743119999999
1743120000000,87095.0,87449.0,87032.0,87444.0,0.2733489,1743127199999
1743127200000,87299.0,87299.0,86753.0,86826.0,0.19449807,1743134399999
1743134400000,86801.0,86801.0,85822.0,86060.0,1.20982244,1743141599999
1743141600000,85989.0,86184.0,85137.0,85187.0,1.90935845,1743148799999
1743148800000,85171.0,85410.0,84973.0,85159.0,1.26266875,1743155999999
1743156000000,85115.0,85229.0,84845.0,85199.0,2.03136353,1743163199999
1743163200000,85161.0,85482.0,84896.0,84972.0,2.50869645,1743170399999
1743170400000,84978.0,85059.0,83966.0,84031.0,3.54149915,1743177599999
1743177600000,84076.0,84146.0,83607.0,83764.0,0.70727891,1743184799999
1743184800000,84041.0,84044.0,83607.0,83763.0,1.50604953,1743191999999
1743192000000,83786.0,84046.0,83669.0,83988.0,3.1419994,1743199199999
1743199200000,84060.0,84392.0,84060.0,84365.0,1.16350854,1743206399999
1743206400000,84484.0,84540.0,84229.0,84334.0,0.63684735,1743213599999
1743213600000,84277.0,84360.0,83689.0,84123.0,2.98337948,1743220799999
1743220800000,84128.0,84204.0,83829.0,83959.0,3.26939519,1743227999999
1743228000000,83946.0,83946.0,83648.0,83736.0,1.88047732,1743235199999
1743235200000,83692.0,83891.0,83250.0,83390.0,1.24981682,1743242399999
1743242400000,83505.0,83511.0,82000.0,82116.0,2.75235614,1743249599999
1743249600000,82217.0,82828.0,82145.0,82825.0,0.69030437,1743256799999
1743256800000,82825.0,82825.0,82393.0,82393.0,0.62824649,1743263999999
1743264000000,82462.0,82495.0,81710.0,82185.0,1.02136908,1743271199999
1743271200000,82323.0,82532.0,82247.0,82532.0,0.42541314,1743278399999
1743278400000,82630.0,82735.0,82459.0,82476.0,0.90769167,1743285599999
1743285600000,82422.0,82569.0,82293.0,82569.0,0.7947168,1743292799999
1743292800000,82591.0,82747.0,82522.0,82747.0,1.36502511,1743299999999
1743307200000,82911.0,83202.0,82911.0,83202.0,0.0012332,1743314399999
1743314400000,82995.0,83082.0,82987.0,83082.0,0.01019269,1743321599999
1743321600000,83172.0,83401.0,83172.0,83401.0,0.08477654,1743328799999
1743328800000,83491.0,83496.0,82986.0,82986.0,0.16297255,1743335999999
1743336000000,83149.0,83149.0,82601.0,82764.0,0.97686285,1743343199999
1743343200000,82628.0,83035.0,82628.0,82765.0,0.31060721,1743350399999
1743350400000,82767.0,82767.0,82179.0,82355.0,0.22439348,1743357599999
1743357600000,82466.0,82765.0,82466.0,82593.0,0.11671362,1743364799999
1743364800000,82530.0,82603.0,82119.0,82230.0,0.10041198,1743371999999
1743372000000,82180.0,82618.0,81554.0,82337.0,1.20029657,1743379199999
1743379200000,82402.0,82422.0,81299.0,81911.0,2.03688516,1743386399999
1743386400000,81860.0,81997.0,81592.0,81755.0,0.22023128,1743393599999
1743393600000,81566.0,82241.0,81508.0,82241.0,0.30091043,1743400799999
1743400800000,82072.0,82149.0,81753.0,81761.0,0.58663402,1743407999999
1743408000000,82187.0,82258.0,81342.0,81348.0,1.37898654,1743415199999
1743415200000,81501.0,82249.0,81440.0,82249.0,0.28811385,1743422399999
1743422400000,82232.0,83100.0,81765.0,82463.0,1.55307272,1743429599999
1743429600000,82631.0,83852.0,82627.0,83632.0,1.41867975,1743436799999
1743436800000,83464.0,83617.0,83272.0,83337.0,0.5750406,1743443999999
1743444000000,82721.0,83504.0,82428.0,82428.0,1.10222818,1743451199999
1743451200000,82479.0,82785.0,82386.0,82606.0,1.10967573,1743458399999
1743458400000,82413.0,82814.0,82273.0,82330.0,0.62692139,1743465599999
1743465600000,82512.0,82697.0,82446.0,82679.0,0.68472971,1743472799999
1743472800000,82660.0,83218.0,82660.0,83039.0,0.53760331,1743479999999
1743480000000,82898.0,83300.0,82898.0,83127.0,0.30363101,1743487199999
1743487200000,82974.0,83505.0,82974.0,83468.0,0.29884475,1743494399999
1743494400000,83583.0,84334.0,83583.0,84334.0,1.1173123,1743501599999
1743501600000,84351.0,84486.0,83834.0,83858.0,2.23791454,1743508799999
1743508800000,83967.0,84098.0,83482.0,83702.0,4.4381362,1743515999999
1743516000000,83589.0,85428.0,82573.0,85260.0,8.94412479,1743523199999
1743523200000,85446.0,85446.0,84817.0,85178.0,1.82118275,1743530399999
1743530400000,84830.0,85168.0,84761.0,85032.0,1.31817207,1743537599999
1743537600000,84934.0,85467.0,84796.0,85221.0,1.94528815,1743544799999
1743544800000,85237.0,85549.0,85005.0,85209.0,1.57228187,1743551999999
1743552000000,85175.0,85190.0,84864.0,85086.0,1.18449714,1743559199999
1743559200000,85140.0,85140.0,84569.0,84598.0,1.57757107,1743566399999
1743566400000,84574.0,84721.0,84180.0,84189.0,0.7584732,1743573599999
1743573600000,83994.0,84447.0,83927.0,84436.0,1.05497079,1743580799999
1743580800000,84421.0,85400.0,84300.0,85048.0,1.33967401,1743587999999
1743588000000,85029.0,85193.0,84548.0,84548.0,1.22989979,1743595199999
1743595200000,84658.0,86037.0,84526.0,85458.0,9.78459928,1743602399999
1743602400000,85255.0,87304.0,85255.0,86766.0,4.43965497,1743609599999
1743609600000,86802.0,87243.0,86387.0,86501.0,2.23245236,1743616799999
1743616800000,86653.0,86935.0,86244.0,86935.0,3.45050526,1743623999999
1743624000000,86931.0,88500.0,84341.0,84777.0,22.67135365,1743631199999
1743631200000,84819.0,84819.0,82399.0,82474.0,10.30271368,1743638399999
1743638400000,82489.0,83819.0,82368.0,83795.0,2.06389621,1743645599999
1743645600000,83782.0,83858.0,83323.0,83560.0,1.83951465,1743652799999
1743652800000,83441.0,83674.0,83283.0,83392.0,2.56140906,1743659999999
1743660000000,83309.0,83383.0,83006.0,83350.0,1.66021334,1743667199999
1743667200000,83501.0,83761.0,83444.0,83444.0,2.16067756,1743674399999
1743674400000,83532.0,83718.0,83055.0,83055.0,5.23087049,1743681599999
1743681600000,82942.0,83004.0,81835.0,82302.0,11.80829476,1743688799999
1743688800000,82295.0,82338.0,81236.0,81993.0,6.0629642,1743695999999
1743696000000,82090.0,82402.0,81647.0,81793.0,3.99445012,1743703199999
1743703200000,81851.0,82283.0,81555.0,81958.0,2.50178186,1743710399999
1743710400000,81951.0,82503.0,81799.0,82465.0,1.89756269,1743717599999
1743717600000,82750.0,83172.0,82538.0,83165.0,1.85518746,1743724799999
1743724800000,83183.0,83385.0,82619.0,82665.0,1.68393583,1743731999999
1743732000000,82919.0,83106.0,82674.0,82801.0,0.95787224,1743739199999
1743739200000,82809.0,83163.0,82603.0,83163.0,1.34361399,1743746399999
1743746400000,83206.0,83999.0,83060.0,83975.0,0.57737659,1743753599999
1743753600000,84000.0,84691.0,84000.0,84586.0,6.92749102,1743760799999
1743760800000,84572.0,84695.0,81686.0,82667.0,12.20575545,1743767999999
1743768000000,82530.0,83419.0,82214.0,83419.0,11.13406779,1743775199999
1743775200000,83303.0,83627.0,82010.0,82868.0,9.69894613,1743782399999
1743782400000,82987.0,84516.0,82759.0,84321.0,7.31903773,1743789599999
1743789600000,84491.0,84491.0,83757.0,84011.0,1.91479464,1743796799999
1743796800000,83991.0,84392.0,83640.0,84392.0,3.60534059,1743803999999
1743804000000,84179.0,84235.0,83706.0,83706.0,0.76854097,1743811199999
1743811200000,83622.0,84176.0,83441.0,83953.0,1.70546235,1743818399999
1743818400000,84029.0,84037.0,83689.0,83689.0,0.41777575,1743825599999
1743825600000,83674.0,83786.0,83626.0,83652.0,0.35124693,1743832799999
1743832800000,83665.0,83665.0,83348.0,83470.0,0.16233424,1743839999999
1743840000000,83543.0,83819.0,83348.0,83819.0,0.14375151,1743847199999
1743847200000,83730.0,83761.0,83571.0,83614.0,0.1019818,1743854399999
1743854400000,83433.0,83433.0,82501.0,82709.0,1.31956577,1743861599999
1743861600000,82735.0,82933.0,82385.0,82555.0,0.91916281,1743868799999
1743868800000,82724.0,82878.0,82677.0,82878.0,0.1491996,1743875999999
1743876000000,82841.0,83080.0,82756.0,82756.0,1.32198778,1743883199999
1743883200000,82886.0,83147.0,82837.0,82905.0,0.24865644,1743890399999
1743890400000,83037.0,83620.0,82955.0,83487.0,0.39586508,1743897599999
1743897600000,83503.0,83671.0,83470.0,83479.0,0.11336762,1743904799999
1743904800000,83418.0,83418.0,83174.0,83282.0,0.12576352,1743911999999
1743912000000,83231.0,83489.0,83231.0,83361.0,0.21538401,1743919199999
1743919200000,83391.0,83391.0,83039.0,83053.0,0.47789006,1743926399999
1743926400000,82967.0,83093.0,82727.0,83048.0,1.03452549,1743933599999
1743933600000,82904.0,82904.0,82666.0,82666.0,0.91636098,1743940799999
1743940800000,82829.0,82915.0,82235.0,82268.0,9.97450176,1743947999999
1743948000000,82244.0,82788.0,82216.0,82638.0,0.96689917,1743955199999
1743955200000,82433.0,82435.0,80599.0,80800.0,1.91655308,1743962399999
1743962400000,80591.0,80708.0,78693.0,79608.0,11.44493606,1743969599999
1743969600000,79506.0,79800.0,78540.0,78970.0,7.67279666,1743976799999
1743976800000,78552.0,79011.0,77100.0,78298.0,14.88221025,1743983999999
1743984000000,78362.0,79258.0,77623.0,79104.0,9.60022341,1743991199999
1743991200000,79082.0,79123.0,77377.0,77551.0,1.96252375,1743998399999
1743998400000,77723.0,77738.0,76636.0,76750.0,5.11046158,1744005599999
1744005600000,76955.0,77127.0,74500.0,75001.0,11.55372057,1744012799999
1744012800000,75109.0,76596.0,74877.0,76284.0,1.98352422,1744019999999
1744020000000,77120.0,77516.0,76446.0,76446.0,2.51012193,1744027199999
1744027200000,76638.0,78400.0,75789.0,78400.0,5.43440096,1744034399999
1744034400000,78426.0,81103.0,77600.0,78507.0,10.84972648,1744041599999
1744041600000,78295.0,79114.0,77558.0,79061.0,4.97909069,1744048799999
1744048800000,78966.0,79264.0,78071.0,78071.0,1.46612065,1744055999999
1744056000000,78077.0,79411.0,78077.0,79411.0,1.17518714,1744063199999
1744063200000,79547.0,80163.0,79109.0,79109.0,0.63858469,1744070399999
1744070400000,79236.0,80697.0,78852.0,80697.0,0.84541598,1744077599999
1744077600000,80375.0,80735.0,79829.0,79829.0,1.61200274,1744084799999
1744084800000,79848.0,80351.0,79559.0,79687.0,0.25429327,1744091999999
1744092000000,79774.0,79774.0,79275.0,79467.0,0.92112256,1744099199999
1744099200000,79471.0,79471.0,78862.0,79000.0,0.88148767,1744106399999
1744106400000,78865.0,79862.0,78865.0,79843.0,0.47388462,1744113599999
1744113600000,80040.0,80310.0,79449.0,79901.0,2.34204497,1744120799999
1744120800000,79875.0,80119.0,78198.0,78454.0,4.79750623,1744127999999
1744128000000,78419.0,78438.0,76518.0,77315.0,5.08148011,1744135199999
1744135200000,77217.0,77807.0,76285.0,76721.0,6.92452917,1744142399999
1744142400000,76725.0,77135.0,76640.0,77047.0,5.16923156,1744149599999
1744149600000,77057.0,77057.0,76209.0,76245.0,2.94363255,1744156799999
1744156800000,76324.0,76769.0,74592.0,76066.0,2.57131416,1744163999999
1744164000000,76067.0,76283.0,74918.0,74995.0,11.57537267,1744171199999
1744171200000,74993.0,76783.0,74959.0,76595.0,8.14697987,1744178399999
1744178400000,76667.0,77871.0,76667.0,77693.0,11.67339467,1744185599999
1744185600000,77731.0,77822.0,77130.0,77448.0,3.60498366,1744192799999
1744192800000,77462.0,77479.0,75737.0,76174.0,5.76342206,1744199999999
1744200000000,76177.0,77707.0,76005.0,77698.0,9.31899818,1744207199999
1744207200000,77729.0,78208.0,76787.0,77204.0,7.6807888,1744214399999
1744214400000,77134.0,82145.0,77109.0,82145.0,32.23478069,1744221599999
1744221600000,82300.0,82962.0,81730.0,82314.0,12.68231114,1744228799999
1744228800000,82341.0,83553.0,82036.0,83308.0,15.45227388,1744235999999
1744236000000,83347.0,83472.0,82583.0,82586.0,2.25598931,1744243199999
1744243200000,82569.0,82702.0,82039.0,82256.0,2.95126429,1744250399999
1744250400000,82237.0,82495.0,81461.0,81654.0,2.86769331,1744257599999
1744257600000,81907.0,82184.0,81641.0,82094.0,1.25760833,1744264799999
1744264800000,82183.0,82290.0,81289.0,81558.0,6.18955028,1744271999999
1744272000000,81600.0,81932.0,81360.0,81932.0,2.04493166,1744279199999
1744279200000,82009.0,82045.0,81460.0,81790.0,2.71582055,1744286399999
1744286400000,81768.0,82360.0,80788.0,81067.0,4.7914141,1744293599999
1744293600000,80950.0,81717.0,78728.0,78783.0,7.22580963,1744300799999
1744300800000,78718.0,79623.0,78365.0,79382.0,11.44788493,1744307999999
1744308000000,79221.0,79886.0,79207.0,79609.0,8.61640669,1744315199999
1744315200000,79585.0,79927.0,79585.0,79752.0,1.66052005,1744322399999
1744322400000,79656.0,79860.0,79388.0,79600.0,1.87307574,1744329599999
1744329600000,79486.0,80317.0,79010.0,80317.0,3.40289668,1744336799999
1744336800000,80350.0,80814.0,80174.0,80777.0,2.27627463,1744343999999
1744344000000,80799.0,81043.0,80537.0,80647.0,3.27711222,1744351199999
1744351200000,80810.0,81385.0,80810.0,81229.0,4.30541106,1744358399999
1744358400000,81213.0,82368.0,80777.0,82368.0,5.33385292,1744365599999
1744365600000,82403.0,82953.0,82004.0,82086.0,10.63572617,1744372799999
1744372800000,82111.0,83289.0,81824.0,82798.0,5.9045732,1744379999999
1744380000000,82666.0,82688.0,81357.0,82535.0,5.10504477,1744387199999
1744387200000,82390.0,84000.0,82000.0,83862.0,5.57444187,1744394399999
1744394400000,83875.0,84140.0,83549.0,83832.0,16.06326474,1744401599999
1744401600000,83829.0,84253.0,83641.0,83709.0,1.08801115,1744408799999
1744408800000,83655.0,83655.0,83150.0,83392.0,2.6380046,1744415999999
1744416000000,83415.0,83511.0,83155.0,83155.0,1.53801303,1744423199999
1744423200000,83218.0,83241.0,82792.0,83054.0,1.1914511,1744430399999
1744430400000,82934.0,83397.0,82920.0,83276.0,1.1909388,1744437599999
1744437600000,83339.0,83779.0,83339.0,83735.0,1.95493165,1744444799999
1744444800000,83745.0,83981.0,83398.0,83506.0,3.44296834,1744451999999
1744452000000,83501.0,83506.0,83287.0,83479.0,0.72253408,1744459199999
1744459200000,83563.0,84467.0,83511.0,84467.0,3.13511985,1744466399999
1744466400000,84321.0,85328.0,84321.0,84981.0,4.5367429,1744473599999
1744473600000,84986.0,85157.0,84453.0,84698.0,2.60040408,1744480799999
1744480800000,84895.0,85229.0,84845.0,84903.0,1.655364,1744487999999
1744488000000,85063.0,85805.0,85001.0,85369.0,2.34824466,1744495199999
1744495200000,85376.0,85676.0,85173.0,85321.0,1.15593301,1744502399999
1744502400000,85250.0,86040.0,85043.0,85230.0,2.82682376,1744509599999
1744509600000,85277.0,85689.0,84719.0,85440.0,3.03453933,1744516799999
1744516800000,85238.0,85238.0,84417.0,84483.0,3.02461825,1744523999999
1744524000000,84549.0,84789.0,84412.0,84412.0,1.84819712,1744531199999
1744531200000,84428.0,84874.0,84354.0,84793.0,1.57552648,1744538399999
1744538400000,84868.0,84883.0,84238.0,84398.0,1.28819267,1744545599999
1744545600000,84530.0,84603.0,83499.0,83523.0,4.85352159,1744552799999
1744552800000,83552.0,84078.0,83447.0,83757.0,3.58847199,1744559999999
1744560000000,83891.0,84891.0,83891.0,84796.0,4.24416881,1744567199999
1744567200000,84751.0,84844.0,83132.0,83943.0,3.1460287,1744574399999
1744574400000,83983.0,84353.0,83030.0,83553.0,6.29453739,1744581599999
1744581600000,83609.0,83743.0,83156.0,83743.0,1.18289001,1744588799999
1744588800000,84020.0,85063.0,84020.0,84110.0,1.89808236,1744595999999
1744596000000,84067.0,85440.0,84047.0,84469.0,4.59579988,1744603199999
1744603200000,84573.0,85026.0,84341.0,84426.0,1.31364972,1744610399999
1744610400000,84523.0,84680.0,84265.0,84580.0,0.92407528,1744617599999
1744617600000,84739.0,84876.0,84231.0,84315.0,1.36193514,1744624799999
1744624800000,84416.0,84904.0,84416.0,84834.0,1.8376079,1744631999999
1744632000000,84988.0,85264.0,84055.0,84358.0,3.58156559,1744639199999
1744639200000,84398.0,85781.0,83746.0,84269.0,6.83390823,1744646399999
1744646400000,84077.0,84878.0,83894.0,84788.0,6.53625282,1744653599999
1744653600000,84841.0,85180.0,84750.0,84925.0,6.61044413,1744660799999
1744660800000,84933.0,84944.0,84504.0,84726.0,1.8883524,1744667999999
1744668000000,84587.0,84760.0,84454.0,84555.0,1.40960734,1744675199999
1744675200000,84634.0,85117.0,84386.0,85010.0,2.69715747,1744682399999
1744682400000,85079.0,85359.0,84738.0,85359.0,1.04152533,1744689599999
1744689600000,85371.0,85845.0,85178.0,85542.0,3.58769997,1744696799999
1744696800000,85517.0,85764.0,85347.0,85354.0,1.27194017,1744703999999
1744704000000,85904.0,85952.0,85657.0,85657.0,1.41256685,1744711199999
1744711200000,85968.0,86000.0,85452.0,85452.0,4.84230752,1744718399999
1744718400000,85703.0,86452.0,85477.0,85584.0,5.80544267,1744725599999
1744725600000,85548.0,85868.0,84653.0,84769.0,3.41260353,1744732799999
1744732800000,85005.0,85116.0,84460.0,84460.0,1.05220833,1744739999999
1744740000000,84472.0,84542.0,83928.0,84056.0,2.73132857,1744747199999
1744747200000,83984.0,84187.0,83857.0,84080.0,1.04164923,1744754399999
1744754400000,84142.0,84145.0,83617.0,83624.0,2.35755654,1744761599999
1744761600000,83592.0,83659.0,83097.0,83335.0,0.86161559,1744768799999
1744768800000,83794.0,83847.0,83750.0,83750.0,0.40429606,1744775999999
1744776000000,83701.0,83701.0,83264.0,83371.0,2.07807536,1744783199999
1744783200000,83276.0,83730.0,83271.0,83339.0,0.58648791,1744790399999
1744790400000,83245.0,84080.0,83152.0,83629.0,1.98999477,1744797599999
1744797600000,83591.0,84044.0,83591.0,83984.0,2.36779605,1744804799999
1744804800000,84027.0,84241.0,83534.0,83810.0,1.52562225,1744811999999
1744812000000,83776.0,85232.0,83776.0,84825.0,1.67303707,1744819199999
1744819200000,84869.0,85500.0,83368.0,83380.0,7.91392925,1744826399999
1744826400000,83347.0,84410.0,83347.0,84341.0,2.12322766,1744833599999
1744833600000,84369.0,84656.0,84314.0,84605.0,1.24651992,1744840799999
1744840800000,84524.0,84524.0,84061.0,84061.0,0.98801252,1744847999999
1744848000000,84021.0,84334.0,83973.0,84334.0,0.30371366,1744855199999
1744855200000,84262.0,84262.0,83901.0,84016.0,0.7945204,1744862399999
1744862400000,83931.0,84423.0,83919.0,84423.0,0.42752559,1744869599999
1744869600000,84431.0,85054.0,84431.0,84936.0,1.65486485,1744876799999
1744876800000,84719.0,84719.0,84350.0,84477.0,1.08882868,1744883999999
1744884000000,84445.0,84662.0,84210.0,84601.0,0.76360787,1744891199999
1744891200000,84575.0,84773.0,84371.0,84454.0,1.72627687,1744898399999
1744898400000,84396.0,84648.0,83799.0,84648.0,1.31135745,1744905599999
1744905600000,84561.0,85200.0,84520.0,85128.0,2.45319499,1744912799999
1744912800000,85119.0,85491.0,84510.0,84875.0,2.9776556,1744919999999
1744920000000,84978.0,85135.0,84911.0,85084.0,0.76790901,1744927199999
1744927200000,85067.0,85075.0,84765.0,84942.0,0.65766199,1744934399999
1744934400000,84959.0,85025.0,84772.0,85025.0,0.75662927,1744941599999
1744941600000,84861.0,84882.0,84795.0,84847.0,0.60139711,1744948799999
1744948800000,84665.0,84747.0,84545.0,84747.0,0.34916281,1744955999999
1744956000000,84760.0,84760.0,84388.0,84575.0,0.29035856,1744963199999
1744963200000,84737.0,84737.0,84565.0,84599.0,0.29939393,1744970399999
1744970400000,84546.0,84649.0,84479.0,84619.0,0.64470328,1744977599999
1744977600000,84634.0,84726.0,84528.0,84582.0,0.36422395,1744984799999
1744984800000,84553.0,84571.0,84350.0,84387.0,0.86303386,1744991999999
1744992000000,84326.0,84551.0,84293.0,84551.0,0.62524568,1744999199999
1744999200000,84566.0,84618.0,84551.0,84618.0,0.47933314,1745006399999
1745006400000,84581.0,84686.0,84468.0,84615.0,0.69923373,1745013599999
1745013600000,84592.0,84592.0,84300.0,84409.0,0.04283694,1745020799999
1745020800000,84454.0,84562.0,84386.0,84515.0,0.06505942,1745027999999
1745028000000,84776.0,84906.0,84623.0,84791.0,0.68626084,1745035199999
1745035200000,84900.0,85265.0,84897.0,85098.0,0.57359512,1745042399999
1745042400000,85098.0,85209.0,84888.0,85191.0,0.39495005,1745049599999
1745049600000,85153.0,85439.0,85153.0,85350.0,0.24615829,1745056799999
1745056800000,85338.0,85338.0,85162.0,85162.0,0.36939023,1745063999999
1745064000000,85213.0,85438.0,85212.0,85310.0,0.13184064,1745071199999
1745071200000,85429.0,85621.0,85060.0,85135.0,1.04967929,1745078399999
1745078400000,85282.0,85305.0,84757.0,85201.0,0.91198769,1745085599999
1745085600000,85167.0,85272.0,85063.0,85084.0,0.462146,1745092799999
1745092800000,85150.0,85333.0,85150.0,85278.0,0.01537264,1745099999999
1745100000000,85317.0,85334.0,85090.0,85090.0,0.40903138,1745107199999
1745107200000,85166.0,85305.0,85110.0,85305.0,0.27643668,1745114399999
1745114400000,85300.0,85300.0,85226.0,85226.0,0.07168492,1745121599999
1745121600000,85172.0,85186.0,85070.0,85082.0,0.18286938,1745128799999
1745128800000,85065.0,85159.0,84698.0,84788.0,0.64170698,1745135999999
1745136000000,84747.0,84771.0,84459.0,84525.0,1.56762397,1745143199999
1745143200000,84489.0,84489.0,83997.0,84064.0,2.48001781,1745150399999
1745150400000,84261.0,84452.0,84178.0,84348.0,1.3925476,1745157599999
1745157600000,84278.0,84660.0,84278.0,84370.0,1.17753037,1745164799999
1745164800000,84415.0,84656.0,84392.0,84614.0,0.2431149,1745171999999
1745172000000,84591.0,84594.0,84469.0,84536.0,0.36610048,1745179199999
1745179200000,84792.0,85244.0,84792.0,85037.0,2.0756039,1745186399999
1745186400000,84958.0,85268.0,84699.0,85127.0,1.90639956,1745193599999
1745193600000,85213.0,87414.0,85213.0,87256.0,7.31238791,1745200799999
1745200800000,87215.0,87612.0,87133.0,87247.0,4.41767528,1745207999999
1745208000000,87255.0,87703.0,87111.0,87573.0,1.33628996,1745215199999
1745215200000,87591.0,87634.0,87336.0,87448.0,2.37433712,1745222399999
1745222400000,87601.0,87698.0,87319.0,87507.0,1.13049265,1745229599999
1745229600000,87532.0,87532.0,86790.0,86983.0,0.71275441,1745236799999
1745236800000,87039.0,87524.0,86813.0,87065.0,2.0784565,1745243999999
1745244000000,86973.0,88495.0,86973.0,88058.0,7.18930602,1745251199999
1745251200000,88082.0,88297.0,86434.0,86913.0,3.20113441,1745258399999
1745258400000,86674.0,87490.0,86674.0,87490.0,2.02326365,1745265599999
1745265600000,87420.0,87420.0,86930.0,87318.0,1.50001849,1745272799999
1745272800000,87260.0,87560.0,86978.0,87560.0,1.15786668,1745279999999
1745280000000,87514.0,88819.0,87229.0,88480.0,2.06475492,1745287199999
1745287200000,88526.0,88651.0,87849.0,88110.0,1.82905625,1745294399999
1745294400000,88235.0,88414.0,88017.0,88387.0,1.50139592,1745301599999
1745301600000,88400.0,88486.0,87995.0,88456.0,2.4602806,1745308799999
1745308800000,88523.0,88652.0,88351.0,88526.0,2.84595725,1745315999999
1745316000000,88538.0,88691.0,88245.0,88621.0,2.51899866,1745323199999
1745323200000,88604.0,90472.0,88534.0,90133.0,6.23222842,1745330399999
1745330400000,90287.0,91474.0,90119.0,90969.0,17.80078417,1745337599999
1745337600000,91016.0,91540.0,90714.0,91540.0,7.76624769,1745344799999
1745344800000,91521.0,91754.0,91032.0,91555.0,10.14077202,1745351999999
1745352000000,91540.0,93957.0,91151.0,92814.0,8.8832217,1745359199999
1745359200000,93073.0,93830.0,92671.0,93824.0,1.96255158,1745366399999
1745380800000,93578.0,93643.0,93411.0,93545.0,1.06420159,1745387999999
1745388000000,93490.0,94238.0,93453.0,94166.0,2.04699722,1745395199999
1745395200000,94152.0,94500.0,93958.0,94000.0,10.02799107,1745402399999
1745402400000,93916.0,93918.0,93361.0,93500.0,5.89539233,1745409599999
1745409600000,93518.0,94731.0,92969.0,92999.0,5.37035966,1745416799999
1745416800000,93064.0,93645.0,91953.0,93238.0,6.06660462,1745423999999
1745424000000,93154.0,93945.0,92922.0,93927.0,2.85865765,1745431199999
1745431200000,93927.0,94196.0,93000.0,93626.0,5.97622045,1745438399999
1745438400000,93590.0,93912.0,93345.0,93520.0,1.235312,1745445599999
1745445600000,93541.0,93866.0,93320.0,93616.0,2.09670162,1745452799999
1745452800000,93611.0,93611.0,93119.0,93575.0,0.53241222,1745459999999
1745460000000,93487.0,93612.0,92710.0,92710.0,1.16367815,1745467199999
1745467200000,92824.0,92857.0,92409.0,92659.0,1.23929026,1745474399999
1745474400000,92606.0,92674.0,92136.0,92152.0,0.74005539,1745481599999
1745481600000,92285.0,92591.0,91755.0,92337.0,1.40761926,1745488799999
1745488800000,92572.0,92646.0,92350.0,92519.0,0.51895335,1745495999999
1745496000000,92699.0,93070.0,92497.0,92602.0,2.62778315,1745503199999
1745503200000,93162.0,93453.0,92741.0,93342.0,3.02505745,1745510399999
1745510400000,93332.0,93647.0,92804.0,93004.0,1.44005193,1745517599999
1745517600000,93119.0,93672.0,93119.0,93672.0,0.46229129,1745524799999
1745524800000,93635.0,93635.0,93210.0,93364.0,0.91461332,1745531999999
1745532000000,93563.0,94000.0,93418.0,93947.0,0.48860278,1745539199999
1745539200000,93932.0,94448.0,93675.0,93678.0,1.44806969,1745546399999
1745546400000,93740.0,93808.0,92900.0,93422.0,1.31613612,1745553599999
1745553600000,93444.0,93478.0,93105.0,93264.0,0.56391366,1745560799999
1745560800000,93263.0,93807.0,93263.0,93731.0,1.12278723,1745567999999
1745568000000,93692.0,93807.0,93640.0,93807.0,0.39544409,1745575199999
1745575200000,93752.0,94729.0,93688.0,94587.0,1.57684706,1745582399999
1745582400000,94720.0,95028.0,94067.0,94427.0,4.05218123,1745589599999
1745589600000,94507.0,95859.0,94484.0,95175.0,8.38646044,1745596799999
1745596800000,95256.0,95632.0,94573.0,94645.0,1.69265268,1745603999999
1745604000000,94684.0,95431.0,94684.0,95409.0,4.27992598,1745611199999
1745611200000,95392.0,95450.0,94640.0,94640.0,2.57465316,1745618399999
1745618400000,94705.0,95017.0,94705.0,94712.0,0.95196357,1745625599999
1745625600000,94797.0,95162.0,94665.0,95070.0,3.79661166,1745632799999
1745632800000,94941.0,95080.0,94767.0,94772.0,1.16437608,1745639999999
1745640000000,94741.0,94804.0,94450.0,94629.0,0.33170545,1745647199999
1745647200000,94694.0,94855.0,94610.0,94610.0,0.46171195,1745654399999
1745654400000,94648.0,94697.0,94172.0,94326.0,0.81581819,1745661599999
1745661600000,94286.0,94286.0,94068.0,94196.0,0.26284252,1745668799999
1745668800000,94206.0,94291.0,94000.0,94196.0,1.11710291,1745675999999
1745676000000,94192.0,94429.0,93975.0,94395.0,0.90303654,1745683199999
1745683200000,94387.0,94387.0,94243.0,94384.0,0.45072561,1745690399999
1745690400000,94303.0,94383.0,94172.0,94290.0,0.3854645,1745697599999
1745697600000,94389.0,94394.0,94173.0,94394.0,0.78878996,1745704799999
1745704800000,94459.0,94963.0,94459.0,94805.0,0.35964273,1745711999999
1745712000000,94698.0,95335.0,94155.0,94166.0,1.85056852,1745719199999
1745719200000,94156.0,94428.0,94149.0,94245.0,0.37219485,1745726399999
1745726400000,94157.0,94278.0,93724.0,93914.0,0.64030221,1745733599999
1745733600000,94048.0,94112.0,93903.0,94081.0,0.05114605,1745740799999
1745740800000,94050.0,94239.0,94050.0,94222.0,0.21733689,1745747999999
1745748000000,94196.0,94196.0,93950.0,93950.0,0.37786359,1745755199999
1745755200000,93916.0,94078.0,93719.0,94078.0,0.36783321,1745762399999
1745762400000,94016.0,94105.0,93873.0,93947.0,0.35795781,1745769599999
1745769600000,93805.0,94143.0,93788.0,94067.0,0.47413956,1745776799999
1745776800000,94077.0,94374.0,94077.0,94354.0,0.18595147,1745783999999
1745784000000,94363.0,94540.0,94229.0,94403.0,0.69160034,1745791199999
1745791200000,94326.0,94326.0,93700.0,93759.0,0.77700135,1745798399999
1745798400000,93586.0,93730.0,92899.0,92964.0,1.5290624,1745805599999
1745805600000,93257.0,93920.0,93115.0,93869.0,0.42922737,1745812799999
1745812800000,93989.0,94331.0,93925.0,94265.0,0.45148854,1745819999999
1745820000000,94281.0,94814.0,94281.0,94726.0,0.49944872,1745827199999
1745827200000,94794.0,94813.0,94653.0,94743.0,0.55536135,1745834399999
1745834400000,94795.0,95530.0,94457.0,95294.0,4.68306469,1745841599999
1745841600000,95247.0,95587.0,94115.0,94115.0,3.0734356,1745848799999
1745848800000,93969.0,94852.0,93645.0,93728.0,1.48797811,1745855999999
1745856000000,93786.0,94097.0,93502.0,94097.0,1.22157985,1745863199999
1745863200000,94129.0,94935.0,93941.0,94898.0,0.98428073,1745870399999
1745870400000,94835.0,94835.0,94386.0,94558.0,0.79787833,1745877599999
1745877600000,94617.0,95199.0,94516.0,95036.0,1.94619517,1745884799999
1745884800000,95026.0,95221.0,94957.0,95094.0,0.25756886,1745891999999
1745899200000,94504.0,94504.0,94328.0,94328.0,0.03124336,1745906399999
1745906400000,94502.0,94983.0,94502.0,94983.0,0.16277548,1745913599999
1745913600000,95011.0,95011.0,94829.0,94882.0,0.08047562,1745920799999
1745920800000,94880.0,95329.0,94864.0,95175.0,0.22870581,1745927999999
1745928000000,95087.0,95087.0,94753.0,94846.0,1.07583326,1745935199999
1745935200000,94792.0,95264.0,94713.0,94929.0,1.73335328,1745942399999
1745942400000,94881.0,95481.0,94713.0,95300.0,2.19329641,1745949599999
1745949600000,95370.0,95456.0,95195.0,95318.0,1.43178719,1745956799999
1745956800000,95405.0,95417.0,94444.0,94746.0,1.69684136,1745963999999
1745964000000,94725.0,94725.0,93764.0,94277.0,2.88932463,1745971199999
1745971200000,94253.0,94578.0,94166.0,94385.0,1.46190864,1745978399999
1745978400000,94718.0,95062.0,94527.0,95034.0,0.86683349,1745985599999
1745985600000,95016.0,95061.0,94921.0,94989.0,0.55133931,1745992799999
1745992800000,94913.0,94982.0,94533.0,94629.0,0.6795981,1745999999999
1746000000000,94746.0,95011.0,94567.0,94950.0,0.73468332,1746007199999
1746007200000,94960.0,95240.0,94907.0,95209.0,0.64689476,1746014399999
1746014400000,95184.0,95226.0,93055.0,93057.0,3.90997186,1746021599999
1746021600000,93067.0,94313.0,92954.0,94042.0,5.80404268,1746028799999
1746028800000,93998.0,94287.0,93558.0,94153.0,1.07101871,1746035999999
1746036000000,94213.0,94487.0,93790.0,94136.0,1.84338654,1746043199999
1746043200000,94158.0,94782.0,94152.0,94438.0,0.75443177,1746050399999
1746050400000,94502.0,94745.0,94031.0,94215.0,0.74667391,1746057599999
1746057600000,94166.0,94712.0,94166.0,94629.0,1.12751924,1746064799999
1746064800000,94667.0,95039.0,94667.0,94782.0,1.26018978,1746071999999
1746072000000,94825.0,95188.0,94748.0,95135.0,1.48300154,1746079199999
1746079200000,95141.0,95194.0,94852.0,95080.0,0.87717069,1746086399999
1746086400000,95045.0,95798.0,95020.0,95586.0,0.96258876,1746093599999
1746093600000,95601.0,96370.0,95601.0,96233.0,2.37511276,1746100799999
1746100800000,96209.0,96619.0,95934.0,95979.0,1.58210799,1746107999999
1746108000000,95889.0,97460.0,95889.0,96908.0,6.60254985,1746115199999
1746115200000,97015.0,97359.0,96631.0,96739.0,1.38975804,1746122399999
1746122400000,96658.0,96988.0,96468.0,96579.0,3.55530651,1746129599999
1746129600000,96609.0,96895.0,96362.0,96497.0,1.76720068,1746136799999
1746136800000,96576.0,96655.0,96228.0,96451.0,0.55766399,1746143999999
1746144000000,96581.0,97204.0,96554.0,96896.0,4.08978756,1746151199999
1746151200000,96803.0,97153.0,96752.0,97153.0,0.37448612,1746158399999
1746158400000,97245.0,97300.0,96782.0,96782.0,0.49141153,1746165599999
1746165600000,96657.0,96906.0,96404.0,96404.0,2.0339819,1746172799999
1746172800000,96387.0,96791.0,96387.0,96634.0,1.66902648,1746179999999
1746180000000,96725.0,97096.0,96725.0,97000.0,1.07995206,1746187199999
1746187200000,96946.0,97234.0,96692.0,96760.0,4.05332266,1746194399999
1746194400000,96903.0,97933.0,96809.0,97414.0,3.56351519,1746201599999
1746201600000,97500.0,97752.0,97190.0,97433.0,4.32113348,1746208799999
1746208800000,97418.0,97608.0,96828.0,96984.0,0.97631095,1746215999999
1746216000000,96974.0,97138.0,96608.0,96812.0,0.62038357,1746223199999
1746223200000,96803.0,96803.0,96626.0,96730.0,0.28858697,1746230399999
1746230400000,96928.0,96928.0,96500.0,96502.0,0.4138448,1746237599999
1746237600000,96583.0,96676.0,96350.0,96364.0,0.34220399,1746244799999
1746244800000,96377.0,96639.0,96377.0,96445.0,0.34345773,1746251999999
1746252000000,96440.0,96440.0,96185.0,96325.0,0.96132814,1746259199999
1746259200000,96299.0,96432.0,96205.0,96260.0,0.69919267,1746266399999
1746266400000,96235.0,96235.0,95900.0,95966.0,0.96235086,1746273599999
1746273600000,95934.0,96336.0,95927.0,96336.0,0.06415963,1746280799999
1746280800000,96475.0,96475.0,96320.0,96355.0,0.68636617,1746287999999
1746288000000,96304.0,96304.0,95967.0,96198.0,0.48452227,1746295199999
1746295200000,96148.0,96331.0,96127.0,96331.0,0.22401879,1746302399999
1746302400000,96346.0,96392.0,96287.0,96287.0,0.58565753,1746309599999
1746309600000,96326.0,96326.0,95798.0,95876.0,0.88437509,1746316799999
1746316800000,95830.0,96149.0,95651.0,96116.0,0.85271385,1746323999999
1746324000000,96258.0,96258.0,95762.0,95772.0,0.6055668,1746331199999
1746331200000,95782.0,95999.0,95740.0,95978.0,0.99470687,1746338399999
1746338400000,96034.0,96118.0,95846.0,95856.0,1.9115196,1746345599999
1746345600000,95840.0,95840.0,95476.0,95483.0,1.03271474,1746352799999
1746352800000,95465.0,95550.0,95318.0,95421.0,0.88266097,1746359999999
1746360000000,95546.0,95546.0,95249.0,95249.0,0.38651407,1746367199999
1746367200000,95495.0,95674.0,95480.0,95480.0,0.21115942,1746374399999
1746374400000,95462.0,95518.0,95313.0,95359.0,2.30206872,1746381599999
1746381600000,95458.0,95565.0,95360.0,95565.0,0.10152502,1746388799999
1746388800000,95617.0,95766.0,95617.0,95693.0,0.18704753,1746395999999
1746396000000,95636.0,95636.0,94197.0,94299.0,1.81174686,1746403199999
1746403200000,94267.0,94778.0,93733.0,93892.0,1.29655948,1746410399999
1746410400000,93858.0,94378.0,93594.0,94121.0,1.29977933,1746417599999
1746417600000,94061.0,94753.0,94061.0,94753.0,0.19861846,1746424799999
1746424800000,94719.0,94802.0,94576.0,94590.0,0.20418336,1746431999999
1746432000000,94718.0,94756.0,94484.0,94592.0,0.8497818,1746439199999
1746439200000,94494.0,94494.0,93900.0,94060.0,0.8629213,1746446399999
1746446400000,94048.0,94372.0,93690.0,94181.0,1.69516143,1746453599999
1746453600000,94252.0,94493.0,93613.0,93698.0,1.84399617,1746460799999
1746460800000,93773.0,94567.0,93773.0,94501.0,4.13243155,1746467999999
1746468000000,94468.0,94871.0,94317.0,94317.0,1.3892633,1746475199999
1746475200000,94278.0,94781.0,93890.0,94686.0,1.10852577,1746482399999
1746482400000,94794.0,95174.0,94746.0,94800.0,3.3375003,1746489599999
1746489600000,94749.0,94749.0,94382.0,94382.0,0.69297287,1746496799999
1746496800000,94385.0,94477.0,94036.0,94449.0,0.40025281,1746503999999
1746504000000,94400.0,94573.0,94302.0,94302.0,0.20787674,1746511199999
1746511200000,94437.0,94605.0,94373.0,94402.0,0.50960529,1746518399999
1746518400000,94254.0,94310.0,93993.0,94199.0,1.87067803,1746525599999
1746525600000,94199.0,94302.0,93798.0,93798.0,1.38391448,1746532799999
1746532800000,93900.0,93980.0,93411.0,93656.0,1.88522061,1746539999999
1746540000000,93763.0,94683.0,93763.0,94544.0,2.16797525,1746547199999
1746547200000,94532.0,94819.0,94223.0,94528.0,0.69801003,1746554399999
1746554400000,94576.0,95137.0,94576.0,94946.0,0.81074534,1746561599999
1746561600000,94957.0,94960.0,94480.0,94677.0,0.3669432,1746568799999
1746568800000,94787.0,96875.0,94787.0,96793.0,5.91207408,1746575999999
1746576000000,96866.0,97590.0,96755.0,97425.0,2.98906473,1746583199999
1746583200000,96894.0,97049.0,96279.0,96561.0,1.79920366,1746590399999
1746590400000,96549.0,96647.0,96321.0,96321.0,0.30479316,1746597599999
1746597600000,96520.0,97019.0,96439.0,97019.0,0.3363706,1746604799999
1746604800000,96962.0,97077.0,96884.0,96937.0,0.69123622,1746611999999
1746612000000,96937.0,97021.0,96937.0,97021.0,0.0052039,1746619199999
1746619200000,97137.0,97245.0,96766.0,97002.0,2.09995936,1746626399999
1746626400000,97012.0,97401.0,96802.0,96905.0,1.27455413,1746633599999
1746633600000,96925.0,96925.0,96204.0,96310.0,3.03097155,1746640799999
1746640800000,96233.0,96824.0,95905.0,96238.0,2.97811217,1746647999999
1746648000000,96174.0,97278.0,96118.0,97116.0,1.36520962,1746655199999
1746655200000,97243.0,97322.0,97015.0,97042.0,0.27808516,1746662399999
1746662400000,97093.0,98365.0,96932.0,97767.0,3.91346164,1746669599999
1746669600000,97902.0,99200.0,97902.0,99071.0,3.51032434,1746676799999
1746676800000,99200.0,99400.0,98911.0,98911.0,2.98522615,1746683999999
1746684000000,98911.0,99322.0,98832.0,99264.0,0.72167691,1746691199999
1746691200000,99255.0,99809.0,99255.0,99809.0,1.70794287,1746698399999
1746698400000,99741.0,99900.0,99404.0,99404.0,1.22448996,1746705599999
1746705600000,99429.0,99623.0,99280.0,99327.0,1.08646501,1746712799999
1746712800000,99371.0,101500.0,99202.0,100770.0,6.15824457,1746719999999
1746720000000,100830.0,101660.0,100600.0,101090.0,3.20453972,1746727199999
1746727200000,101130.0,101410.0,101100.0,101150.0,0.54338696,1746734399999
1746734400000,101730.0,104200.0,101340.0,102790.0,6.37996616,1746741599999
1746741600000,102820.0,103260.0,102460.0,103260.0,5.31155861,1746748799999
1746748800000,103210.0,103240.0,102610.0,103070.0,5.58851034,1746755999999
1746756000000,103040.0,103040.0,102330.0,102400.0,2.16561075,1746763199999
1746763200000,102580.0,102910.0,102490.0,102910.0,1.02045547,1746770399999
1746770400000,102970.0,104350.0,102920.0,103680.0,3.40697518,1746777599999
1746777600000,103630.0,103820.0,102460.0,102890.0,1.76066182,1746784799999
1746784800000,102860.0,103430.0,102770.0,103030.0,5.57566744,1746791999999
1746792000000,102920.0,103770.0,102780.0,103640.0,3.34428931,1746799199999
1746799200000,103540.0,103660.0,102520.0,102790.0,3.30557751,1746806399999
1746806400000,102850.0,103160.0,102330.0,103160.0,1.19967734,1746813599999
1746813600000,103140.0,103360.0,102880.0,103180.0,1.17189675,1746820799999
1746820800000,103250.0,103400.0,102810.0,102950.0,1.26037503,1746827999999
1746828000000,103060.0,103070.0,102740.0,102850.0,0.22586842,1746835199999
1746835200000,103100.0,103100.0,102860.0,102930.0,0.28603017,1746842399999
1746842400000,102990.0,103230.0,102990.0,103230.0,0.4060256,1746849599999
1746849600000,103110.0,103310.0,103110.0,103210.0,0.36307555,1746856799999
1746856800000,103400.0,104100.0,103400.0,103790.0,2.0625524,1746863999999
1746864000000,103870.0,104060.0,103440.0,103780.0,1.13596953,1746871199999
1746871200000,103740.0,103890.0,103390.0,103390.0,0.35287224,1746878399999
1746878400000,103650.0,103810.0,103570.0,103700.0,0.28468057,1746885599999
1746885600000,103600.0,103600.0,103160.0,103160.0,0.39338145,1746892799999
1746892800000,103220.0,103600.0,103150.0,103210.0,0.75458034,1746899999999
1746900000000,103240.0,103290.0,103020.0,103260.0,0.70975301,1746907199999
1746907200000,103120.0,103740.0,103120.0,103740.0,0.38761108,1746914399999
1746914400000,103760.0,105000.0,103610.0,104740.0,4.49910586,1746921599999
1746921600000,104850.0,104950.0,103880.0,104080.0,1.93850903,1746928799999
1746928800000,103990.0,104270.0,103490.0,104030.0,1.56187017,1746935999999
1746936000000,104150.0,104380.0,103920.0,103920.0,2.26788792,1746943199999
1746943200000,103890.0,103990.0,103380.0,103380.0,1.60603006,1746950399999
1746950400000,103420.0,104490.0,103420.0,104340.0,0.62995514,1746957599999
1746957600000,104390.0,104700.0,104300.0,104670.0,0.89592791,1746964799999
1746964800000,104740.0,104880.0,103990.0,103990.0,1.5976393,1746971999999
1746972000000,103990.0,104650.0,103850.0,104010.0,2.08988433,1746979199999
1746979200000,104130.0,104130.0,103770.0,104050.0,1.28248457,1746986399999
1746986400000,104000.0,104790.0,103880.0,104390.0,1.29937021,1746993599999
1746993600000,104240.0,104470.0,104000.0,104390.0,1.71804216,1747000799999
1747000800000,104400.0,104490.0,103620.0,104120.0,0.96526846,1747007999999
1747008000000,104260.0,105100.0,103780.0,103950.0,2.29337616,1747015199999
1747015200000,103990.0,104170.0,103760.0,103990.0,0.42920651,1747022399999
1747022400000,104110.0,104160.0,103840.0,103940.0,0.39236183,1747029599999
1747029600000,104000.0,105780.0,103840.0,104200.0,3.24354312,1747036799999
1747036800000,104420.0,104700.0,104180.0,104450.0,0.85344573,1747043999999
1747044000000,104450.0,104630.0,103610.0,103710.0,1.9514902,1747051199999
1747051200000,103840.0,104610.0,103820.0,104330.0,1.62690516,1747058399999
1747058400000,104310.0,104380.0,102440.0,102500.0,4.93579389,1747065599999
1747065600000,102500.0,103040.0,102500.0,102710.0,1.84472569,1747072799999
1747072800000,102580.0,102580.0,100710.0,101830.0,6.68982689,1747079999999
1747080000000,101860.0,102880.0,101850.0,102480.0,1.12216952,1747087199999
1747087200000,102400.0,103090.0,102360.0,102880.0,0.52076873,1747094399999
1747094400000,102760.0,102760.0,102110.0,102350.0,0.81033265,1747101599999
1747101600000,102450.0,102550.0,101540.0,101720.0,1.33280551,1747108799999
1747108800000,101610.0,102710.0,101610.0,102340.0,1.27852047,1747115999999
1747116000000,102580.0,102910.0,102460.0,102910.0,0.44651973,1747123199999
1747123200000,102710.0,103500.0,102640.0,103500.0,0.85512831,1747130399999
1747130400000,103420.0,103810.0,103400.0,103760.0,1.05613392,1747137599999
1747137600000,103760.0,103960.0,103430.0,103750.0,4.5344511,1747144799999
1747144800000,103730.0,103790.0,102830.0,103730.0,1.19833399,1747151999999
1747152000000,103570.0,104400.0,103570.0,104290.0,2.10801964,1747159199999
1747159200000,104410.0,105000.0,104180.0,104850.0,1.97218113,1747166399999
1747166400000,104920.0,104920.0,104190.0,104370.0,0.76707395,1747173599999
1747173600000,104410.0,104410.0,103940.0,104150.0,1.89096023,1747180799999
1747180800000,104060.0,104090.0,103710.0,103710.0,1.51724422,1747187999999
1747188000000,103630.0,103770.0,103500.0,103590.0,0.9345476,1747195199999
1747195200000,103550.0,103970.0,103510.0,103890.0,0.68966434,1747202399999
1747202400000,103920.0,103920.0,103430.0,103780.0,0.96881877,1747209599999
1747209600000,103760.0,103780.0,102880.0,103490.0,1.19047295,1747216799999
1747216800000,103480.0,104000.0,103440.0,103980.0,1.31242565,1747223999999
1747224000000,103980.0,104330.0,103600.0,103830.0,0.84253217,1747231199999
1747231200000,103760.0,103760.0,102910.0,103530.0,0.79192491,1747238399999
1747238400000,103490.0,103630.0,102660.0,103180.0,0.6689077,1747245599999
1747245600000,103180.0,103630.0,103120.0,103300.0,2.86679664,1747252799999
1747252800000,103410.0,103670.0,103360.0,103670.0,0.46776835,1747259999999
1747260000000,103630.0,103670.0,103400.0,103620.0,0.51183561,1747267199999
1747267200000,103530.0,103880.0,103010.0,103070.0,0.74153684,1747274399999
1747274400000,103040.0,103230.0,102790.0,102790.0,1.49929924,1747281599999
1747281600000,102730.0,102910.0,102380.0,102390.0,2.08556089,1747288799999
1747288800000,102490.0,102710.0,101770.0,101780.0,0.75818187,1747295999999
1747296000000,102100.0,102290.0,101560.0,101820.0,8.19674035,1747303199999
1747303200000,101690.0,102380.0,101650.0,102240.0,0.65000303,1747310399999
1747310400000,102370.0,102730.0,101640.0,102180.0,1.61762818,1747317599999
1747317600000,102160.0,103320.0,101450.0,103290.0,1.94654044,1747324799999
1747324800000,103350.0,104180.0,103050.0,103970.0,7.69556207,1747331999999
1747332000000,103950.0,103990.0,102630.0,103170.0,13.48303133,1747339199999
1747339200000,103290.0,103500.0,102970.0,103240.0,5.0533648,1747346399999
1747346400000,103310.0,104000.0,103290.0,103740.0,3.80920256,1747353599999
1747353600000,103760.0,104080.0,103510.0,103980.0,3.05085623,1747360799999
1747360800000,104140.0,104380.0,104060.0,104060.0,1.99910797,1747367999999
1747368000000,103980.0,104140.0,103890.0,104050.0,1.52795052,1747375199999
1747375200000,103930.0,104160.0,103930.0,103930.0,0.869003,1747382399999
1747382400000,103690.0,103820.0,103190.0,103820.0,0.56571747,1747389599999
1747389600000,103710.0,103910.0,103590.0,103660.0,0.99928769,1747396799999
1747396800000,103730.0,104120.0,103490.0,104090.0,0.85145141,1747403999999
1747404000000,104010.0,104290.0,103440.0,104220.0,2.98902628,1747411199999
1747411200000,104270.0,104540.0,103820.0,103830.0,2.38646058,1747418399999
1747418400000,104090.0,104110.0,103670.0,104080.0,1.81704156,1747425599999
1747425600000,103950.0,104060.0,103560.0,103640.0,2.25111362,1747432799999
1747432800000,103490.0,103720.0,103450.0,103600.0,0.34233727,1747439999999
1747440000000,103460.0,103540.0,102660.0,102670.0,1.50535769,1747447199999
1747447200000,103000.0,103530.0,102930.0,103530.0,0.27591795,1747454399999
1747454400000,103530.0,103710.0,103380.0,103380.0,0.15604561,1747461599999
1747461600000,103540.0,103620.0,103350.0,103620.0,0.14371754,1747468799999
1747468800000,103370.0,103560.0,102870.0,102880.0,1.42172529,1747475999999
1747476000000,102940.0,103090.0,102800.0,103090.0,0.72404006,1747483199999
1747483200000,103000.0,103080.0,102700.0,102700.0,0.70750639,1747490399999
1747490400000,102970.0,103190.0,102970.0,103000.0,0.30386535,1747497599999
1747497600000,102990.0,103310.0,102810.0,103220.0,0.52996696,1747504799999
1747504800000,103200.0,103310.0,103050.0,103150.0,0.5705224,1747511999999
1747512000000,103170.0,103480.0,103150.0,103250.0,0.39610501,1747519199999
1747519200000,103240.0,103250.0,102960.0,103210.0,0.82316495,1747526399999
1747526400000,103320.0,103380.0,103190.0,103270.0,0.42790295,1747533599999
1747533600000,103370.0,103380.0,103290.0,103310.0,0.11080995,1747540799999
1747540800000,103350.0,103690.0,103350.0,103690.0,0.30531222,1747547999999
1747548000000,103650.0,104000.0,103420.0,104000.0,0.53140371,1747555199999
1747555200000,104040.0,104110.0,103850.0,103880.0,0.20062094,1747562399999
1747562400000,103890.0,103910.0,103860.0,103860.0,0.19757156,1747569599999
1747569600000,103850.0,104760.0,103780.0,104760.0,1.03113964,1747576799999
1747576800000,104870.0,105690.0,104600.0,105540.0,1.21591864,1747583999999
1747584000000,105590.0,106000.0,104940.0,104940.0,7.94881627,1747591199999
1747591200000,104760.0,104770.0,103920.0,103920.0,2.11206262,1747598399999
1747598400000,103880.0,104640.0,103320.0,104250.0,0.87246424,1747605599999
1747605600000,104210.0,106700.0,104110.0,106540.0,2.90296896,1747612799999
1747612800000,106530.0,107020.0,104830.0,105100.0,3.1238122,1747619999999
1747620000000,105060.0,105140.0,103550.0,103620.0,3.77412234,1747627199999
1747627200000,103580.0,103800.0,102640.0,102950.0,2.19712314,1747634399999
1747634400000,103020.0,103350.0,102090.0,103280.0,1.60004873,1747641599999
1747641600000,103280.0,103410.0,102960.0,103090.0,0.45594446,1747648799999
1747648800000,102990.0,103050.0,102910.0,103020.0,0.54771167,1747655999999
1747656000000,102960.0,103540.0,102200.0,103430.0,6.30764254,1747663199999
1747663200000,103370.0,105000.0,103270.0,104880.0,2.68762602,1747670399999
1747670400000,104860.0,105570.0,104550.0,105410.0,2.71373546,1747677599999
1747677600000,105420.0,105570.0,104690.0,105500.0,5.11872835,1747684799999
1747684800000,105570.0,105810.0,105100.0,105510.0,1.55104269,1747691999999
1747692000000,105500.0,105840.0,105240.0,105660.0,0.91520384,1747699199999
1747699200000,105860.0,106660.0,105730.0,106600.0,2.87774009,1747706399999
1747706400000,106500.0,106880.0,105630.0,105630.0,2.26726918,1747713599999
1747713600000,105760.0,106440.0,105610.0,106220.0,1.3372618,1747720799999
1747720800000,105890.0,105890.0,105000.0,105120.0,0.74013491,1747727999999
1747728000000,105160.0,105390.0,104890.0,105320.0,1.01544757,1747735199999
1747735200000,105430.0,105430.0,104990.0,105350.0,1.85893444,1747742399999
1747742400000,105220.0,105220.0,104230.0,104480.0,2.34804974,1747749599999
1747749600000,104390.0,105400.0,104360.0,105400.0,1.05167914,1747756799999
1747756800000,105500.0,106380.0,105220.0,106380.0,1.6014372,1747763999999
1747764000000,106180.0,107270.0,105360.0,107070.0,3.26143994,1747771199999
1747771200000,107130.0,107340.0,106220.0,106810.0,4.14576229,1747778399999
1747778400000,106730.0,107250.0,106040.0,106820.0,4.6651493,1747785599999
1747785600000,106890.0,107240.0,106500.0,106550.0,1.42689122,1747792799999
1747792800000,106580.0,107130.0,106270.0,106900.0,0.67989606,1747799999999
1747800000000,106880.0,107770.0,106850.0,107670.0,2.11906753,1747807199999
1747807200000,107580.0,108030.0,106520.0,106530.0,1.75737548,1747814399999
1747814400000,106580.0,106780.0,106190.0,106260.0,1.07886013,1747821599999
1747821600000,106310.0,106720.0,106280.0,106580.0,0.38100144,1747828799999
1747828800000,106480.0,107670.0,106360.0,107310.0,2.77254709,1747835999999
1747836000000,107260.0,109500.0,107120.0,109080.0,12.41103589,1747843199999
1747843200000,109050.0,109900.0,106220.0,106630.0,15.93397499,1747850399999
1747850400000,106600.0,108920.0,106600.0,108800.0,7.53886931,1747857599999
1747857600000,108650.0,108800.0,107840.0,108440.0,2.0289683,1747864799999
1747864800000,108530.0,110760.0,108340.0,109640.0,8.00835781,1747871999999
1747872000000,109730.0,110570.0,109260.0,109920.0,3.78023804,1747879199999
1747879200000,109960.0,111920.0,109960.0,111760.0,5.0383374,1747886399999
1747886400000,111730.0,111750.0,110830.0,110860.0,2.5890909,1747893599999
1747893600000,110900.0,111080.0,110500.0,111080.0,3.51578704,1747900799999
1747900800000,111110.0,111110.0,110290.0,110840.0,2.88569333,1747907999999
1747908000000,110800.0,111330.0,110490.0,111330.0,2.00681852,1747915199999
1747915200000,111110.0,111600.0,110870.0,110950.0,1.75197675,1747922399999
1747922400000,110950.0,111580.0,110610.0,111370.0,2.07462191,1747929599999
1747929600000,111300.0,112010.0,111150.0,111570.0,3.33842709,1747936799999
1747936800000,111570.0,111950.0,111010.0,111200.0,1.93560391,1747943999999
1747944000000,111200.0,111470.0,110810.0,110860.0,2.24147988,1747951199999
1747951200000,110910.0,111290.0,110910.0,111240.0,1.19197946,1747958399999
1747958400000,111670.0,111770.0,111270.0,111310.0,1.6226161,1747965599999
1747965600000,111500.0,111620.0,111060.0,111160.0,2.01257415,1747972799999
1747972800000,111100.0,111200.0,110590.0,110750.0,2.96164792,1747979999999
1747980000000,110840.0,110870.0,110380.0,110830.0,2.02134753,1747987199999
1747987200000,110760.0,111310.0,110730.0,111300.0,2.21635802,1747994399999
1747994400000,111300.0,111300.0,108890.0,108890.0,7.67019502,1748001599999
1748001600000,108980.0,109730.0,107330.0,109650.0,16.96418344,1748008799999
1748008800000,109700.0,110000.0,108950.0,108950.0,11.72794817,1748015999999
1748016000000,109020.0,109810.0,108050.0,109510.0,7.22597955,1748023199999
1748023200000,109450.0,109520.0,108650.0,108730.0,7.68513538,1748030399999
1748030400000,108700.0,108740.0,108090.0,108270.0,4.11654845,1748037599999
1748037600000,108320.0,108600.0,106850.0,107230.0,5.88773635,1748044799999
1748044800000,107280.0,107910.0,106980.0,107520.0,1.86333401,1748051999999
1748052000000,107500.0,108380.0,107320.0,108380.0,1.92829167,1748059199999
1748059200000,108440.0,108610.0,108170.0,108230.0,1.03379518,1748066399999
1748066400000,108270.0,108270.0,107590.0,107650.0,2.38237313,1748073599999
1748073600000,107650.0,108470.0,107650.0,108240.0,1.29796184,1748080799999
1748080800000,108230.0,109550.0,108220.0,109170.0,3.65405608,1748087999999
1748088000000,109260.0,109260.0,108590.0,108610.0,1.47699422,1748095199999
1748095200000,108660.0,109240.0,108660.0,108900.0,1.16056094,1748102399999
1748102400000,109010.0,109230.0,108740.0,109060.0,0.73504184,1748109599999
1748109600000,109000.0,109080.0,108880.0,108880.0,0.4201387,1748116799999
1748116800000,109000.0,109150.0,108640.0,108900.0,0.23132832,1748123999999
1748124000000,108780.0,108780.0,107530.0,107790.0,6.73043728,1748131199999
1748131200000,107790.0,108140.0,107280.0,107680.0,3.61850002,1748138399999
1748138400000,107730.0,108260.0,107560.0,108160.0,0.86239288,1748145599999
1748145600000,108130.0,108330.0,107980.0,108140.0,0.76733226,1748152799999
1748152800000,108140.0,108140.0,107480.0,107670.0,1.41205351,1748159999999
1748160000000,107710.0,107710.0,106750.0,107140.0,2.59136005,1748167199999
1748167200000,107130.0,107380.0,106870.0,107220.0,0.66553674,1748174399999
1748174400000,107300.0,107770.0,107280.0,107570.0,3.11486167,1748181599999
1748181600000,107510.0,107620.0,106680.0,106980.0,3.14473015,1748188799999
1748188800000,106990.0,107420.0,106690.0,107420.0,1.37303133,1748195999999
1748196000000,107370.0,107860.0,107340.0,107760.0,0.86065554,1748203199999
1748203200000,107740.0,107850.0,107260.0,107700.0,1.19637631,1748210399999
1748210400000,107490.0,109370.0,107450.0,109090.0,3.6708293,1748217599999
1748217600000,109080.0,109870.0,108770.0,109520.0,1.96012509,1748224799999
1748224800000,109610.0,109810.0,109550.0,109580.0,0.06840356,1748231999999
1748232000000,109720.0,109720.0,109470.0,109650.0,0.37333182,1748239199999
1748239200000,109660.0,110240.0,109590.0,110140.0,3.77766548,1748246399999
1748246400000,110210.0,110210.0,109680.0,109680.0,4.09242927,1748253599999
1748253600000,109850.0,109890.0,109620.0,109860.0,0.84920642,1748260799999
1748260800000,109850.0,110030.0,109570.0,109630.0,3.64970318,1748267999999
1748268000000,109630.0,110470.0,109560.0,110070.0,24.41856744,1748275199999
1748275200000,110070.0,110460.0,108950.0,109200.0,4.4843543,1748282399999
1748282400000,109180.0,109500.0,108950.0,109040.0,2.09840983,1748289599999
1748289600000,109040.0,109670.0,109040.0,109390.0,2.03889406,1748296799999
1748296800000,109390.0,109930.0,109120.0,109480.0,5.88315994,1748303999999
1748304000000,109460.0,109680.0,107550.0,108450.0,12.92998345,1748311199999
1748311200000,108400.0,109320.0,107930.0,108930.0,7.84423582,1748318399999
1748318400000,108920.0,109390.0,108610.0,108990.0,3.67822172,1748325599999
1748325600000,109040.0,109680.0,108880.0,109560.0,11.49045074,1748332799999
1748332800000,109580.0,109950.0,109520.0,109860.0,3.09258486,1748339999999
1748340000000,109840.0,109840.0,109510.0,109640.0,0.75432,1748347199999
1748347200000,109770.0,110780.0,109560.0,109910.0,9.63852003,1748354399999
1748354400000,109890.0,110280.0,108780.0,110100.0,8.18940217,1748361599999
1748361600000,110180.0,110510.0,110070.0,110330.0,2.17938036,1748368799999
1748368800000,110380.0,110480.0,109660.0,109860.0,2.89254861,1748375999999
1748376000000,109880.0,109940.0,108880.0,108930.0,1.96079508,1748383199999
1748383200000,108980.0,109210.0,108650.0,109160.0,1.333428,1748390399999
1748390400000,108920.0,109310.0,108780.0,108790.0,0.62530777,1748397599999
1748397600000,108680.0,109020.0,108200.0,108950.0,4.0154021,1748404799999
1748404800000,108880.0,109160.0,108880.0,109030.0,0.79195447,1748411999999
1748412000000,108920.0,109050.0,108710.0,108860.0,0.43254856,1748419199999
1748419200000,108940.0,109140.0,108580.0,108770.0,1.87899704,1748426399999
1748426400000,108780.0,108990.0,108310.0,108920.0,1.11299731,1748433599999
1748433600000,109000.0,109080.0,108100.0,108120.0,1.44915232,1748440799999
1748440800000,108180.0,108230.0,107090.0,107090.0,7.78297628,1748447999999
1748448000000,107220.0,107790.0,107220.0,107660.0,1.04202359,1748455199999
1748455200000,107700.0,107840.0,106900.0,106960.0,4.06358856,1748462399999
1748462400000,106960.0,107580.0,106830.0,107430.0,1.65581832,1748469599999
1748469600000,107430.0,108080.0,107320.0,107800.0,0.91034001,1748476799999
1748476800000,107820.0,108370.0,107480.0,108200.0,1.30537918,1748483999999
1748484000000,108070.0,108520.0,107980.0,108060.0,3.98833577,1748491199999
1748491200000,108090.0,108150.0,107010.0,107700.0,4.70723264,1748498399999
1748498400000,107720.0,108070.0,107710.0,107930.0,2.72273465,1748505599999
1748505600000,107950.0,108690.0,107740.0,108550.0,3.55288804,1748512799999
1748512800000,108580.0,108940.0,108500.0,108740.0,0.96789268,1748519999999
1748520000000,108620.0,108810.0,107550.0,107600.0,0.93724025,1748527199999
1748527200000,107760.0,107780.0,106500.0,107240.0,3.49675472,1748534399999
1748534400000,107000.0,107010.0,106150.0,106330.0,6.50928157,1748541599999
1748541600000,106200.0,106540.0,105660.0,105690.0,2.69899084,1748548799999
1748548800000,105850.0,106380.0,105850.0,106370.0,0.41443696,1748555999999
1748556000000,106350.0,106360.0,105290.0,105450.0,0.71895028,1748563199999
1748563200000,105670.0,106070.0,104710.0,105860.0,1.06480811,1748570399999
1748570400000,105740.0,106180.0,105740.0,106020.0,0.26865658,1748577599999
1748577600000,106090.0,106220.0,105950.0,106110.0,0.16539393,1748584799999
1748584800000,106090.0,106150.0,104890.0,105060.0,0.89502696,1748591999999
1748592000000,105240.0,105680.0,104820.0,105680.0,0.54128311,1748599199999
1748599200000,105570.0,106000.0,105460.0,106000.0,0.29466447,1748606399999
1748606400000,105400.0,105990.0,105300.0,105550.0,0.79949856,1748613599999
1748613600000,105570.0,105710.0,105110.0,105690.0,0.77710363,1748620799999
1748620800000,105420.0,105600.0,103760.0,104140.0,1.35455735,1748627999999
1748628000000,104160.0,104990.0,104120.0,104760.0,3.0193319,1748635199999
1748635200000,104570.0,104890.0,104420.0,104690.0,0.2874486,1748642399999
1748642400000,104660.0,104740.0,103650.0,104120.0,0.84696803,1748649599999
1748649600000,103980.0,104260.0,103350.0,103480.0,1.03387989,1748656799999
1748656800000,103460.0,103880.0,103180.0,103700.0,4.34041538,1748663999999
1748664000000,103660.0,103850.0,103570.0,103640.0,0.31592391,1748671199999
1748671200000,103580.0,103950.0,103580.0,103750.0,0.42767506,1748678399999
1748678400000,103830.0,103840.0,103570.0,103570.0,1.4986297,1748685599999
1748685600000,103490.0,103570.0,103330.0,103540.0,0.31569776,1748692799999
1748692800000,103540.0,104230.0,103500.0,104100.0,0.85202179,1748699999999
1748700000000,104310.0,104860.0,104220.0,104690.0,0.99267479,1748707199999
1748707200000,104700.0,104800.0,104410.0,104410.0,1.49715302,1748714399999
1748714400000,104460.0,104800.0,104460.0,104800.0,0.23718847,1748721599999
1748721600000,104710.0,104930.0,104710.0,104920.0,0.21742249,1748728799999
1748728800000,104920.0,104920.0,104550.0,104720.0,0.30306702,1748735999999
1748736000000,104580.0,104580.0,104110.0,104110.0,0.93943495,1748743199999
1748743200000,104100.0,104430.0,104100.0,104430.0,0.012907,1748750399999
1748750400000,104540.0,104770.0,104530.0,104530.0,0.28924531,1748757599999
1748757600000,104480.0,104480.0,104320.0,104370.0,0.19023497,1748764799999
1748764800000,104120.0,104120.0,103810.0,103860.0,0.1788735,1748771999999
1748772000000,103960.0,104200.0,103960.0,104200.0,0.02320782,1748779199999
1748779200000,104230.0,104400.0,103860.0,104400.0,0.13323403,1748786399999
1748786400000,104630.0,104830.0,104570.0,104700.0,0.14618371,1748793599999
1748793600000,104840.0,105300.0,104840.0,105180.0,0.61736339,1748800799999
1748800800000,105070.0,105200.0,104410.0,105200.0,0.38332933,1748807999999
1748808000000,105180.0,105530.0,105170.0,105530.0,0.01646422,1748815199999
1748815200000,105640.0,105870.0,105520.0,105780.0,0.27706097,1748822399999
1748822400000,105600.0,105600.0,105570.0,105570.0,0.00245163,1748829599999
1748829600000,105110.0,105110.0,104700.0,104700.0,0.11415654,1748836799999
1748836800000,105050.0,105060.0,104740.0,104840.0,0.09234176,1748843999999
1748844000000,104950.0,105470.0,104920.0,105300.0,1.27420292,1748851199999
1748851200000,105420.0,106000.0,104580.0,104660.0,1.17498941,1748858399999
1748858400000,104660.0,104660.0,104010.0,104120.0,0.65308585,1748865599999
1748865600000,104030.0,104620.0,103800.0,103820.0,1.6829769,1748872799999
1748872800000,103800.0,104680.0,103790.0,104420.0,0.96184684,1748879999999
1748880000000,104500.0,104500.0,104200.0,104320.0,0.27712438,1748887199999
1748887200000,104690.0,104700.0,104120.0,104330.0,0.05013674,1748894399999
1748894400000,104810.0,105000.0,104760.0,104870.0,0.22842671,1748901599999
1748901600000,105200.0,105960.0,105170.0,105960.0,0.5194013,1748908799999
1748908800000,106060.0,106490.0,106050.0,106490.0,0.15531136,1748915999999
1748916000000,106580.0,106580.0,105450.0,105520.0,0.05375551,1748923199999
1748923200000,105380.0,105500.0,105250.0,105500.0,0.02030436,1748930399999
1748930400000,105500.0,105500.0,105270.0,105270.0,0.00779598,1748937599999
1748937600000,105280.0,105330.0,105060.0,105100.0,0.45329956,1748944799999
1748944800000,105350.0,105390.0,105270.0,105270.0,0.03594046,1748951999999
1748952000000,105400.0,105730.0,105240.0,105490.0,0.40261953,1748959199999
1748959200000,105550.0,106870.0,105300.0,106700.0,2.20429308,1748966399999
1748966400000,106700.0,106700.0,105910.0,105970.0,1.86961297,1748973599999
1748973600000,105810.0,106500.0,105680.0,106270.0,2.94878356,1748980799999
1748980800000,106230.0,106300.0,105370.0,105370.0,1.06902703,1748987999999
1748988000000,105490.0,105810.0,105400.0,105400.0,0.14612095,1748995199999
1748995200000,105470.0,105780.0,105260.0,105580.0,0.35709948,1749002399999
1749002400000,105820.0,105820.0,105600.0,105690.0,0.15832727,1749009599999
1749009600000,105640.0,105640.0,105420.0,105420.0,0.089168,1749016799999
1749016800000,105450.0,105480.0,105340.0,105480.0,0.17596666,1749023999999
1749024000000,105430.0,105960.0,105390.0,105900.0,0.34050318,1749031199999
1749031200000,106000.0,106000.0,105190.0,105230.0,0.53285815,1749038399999
1749038400000,105130.0,105290.0,104780.0,104870.0,2.24076567,1749045599999
1749045600000,104770.0,105590.0,104260.0,105320.0,0.87973811,1749052799999
1749052800000,105380.0,105440.0,105040.0,105040.0,0.18277915,1749059999999
1749060000000,105320.0,105320.0,104950.0,105100.0,0.20465695,1749067199999
1749067200000,104830.0,105100.0,104530.0,105090.0,0.483187,1749074399999
1749074400000,104950.0,105050.0,104840.0,104840.0,0.01528729,1749081599999
1749081600000,104880.0,105210.0,104840.0,104890.0,0.33967747,1749088799999
1749088800000,105040.0,105280.0,105000.0,105000.0,0.30827514,1749095999999
1749096000000,105170.0,105170.0,104660.0,104660.0,0.35407706,1749103199999
1749103200000,104680.0,104680.0,104500.0,104570.0,0.34495982,1749110399999
1749110400000,104600.0,104950.0,104600.0,104950.0,0.26131765,1749117599999
1749117600000,104900.0,104900.0,104610.0,104860.0,0.5055352,1749124799999
1749124800000,104920.0,105960.0,104370.0,104540.0,1.08295558,1749131999999
1749132000000,104580.0,104960.0,103900.0,104710.0,1.22209727,1749139199999
1749139200000,104480.0,104480.0,103260.0,103260.0,2.10264495,1749146399999
1749146400000,103270.0,103370.0,101700.0,102040.0,2.01799925,1749153599999
1749153600000,101940.0,102190.0,100450.0,101450.0,3.86555446,1749160799999
1749160800000,101160.0,101830.0,101120.0,101560.0,0.64416095,1749167999999
1749168000000,101530.0,101970.0,101150.0,101800.0,0.53310989,1749175199999
1749175200000,101800.0,102440.0,101620.0,102420.0,0.2814355,1749182399999
1749182400000,102590.0,103020.0,102500.0,103020.0,0.83064431,1749189599999
1749189600000,103090.0,103490.0,102990.0,103100.0,1.37412416,1749196799999
1749196800000,103240.0,103790.0,103240.0,103750.0,0.66476915,1749203999999
1749204000000,103780.0,104050.0,103700.0,104040.0,0.09977533,1749211199999
1749211200000,104070.0,104580.0,103640.0,104160.0,1.95331516,1749218399999
1749218400000,104170.0,105400.0,104100.0,105180.0,3.9741387,1749225599999
1749225600000,105170.0,105380.0,104500.0,105030.0,92.22991506,1749232799999
1749232800000,105050.0,105050.0,104140.0,104300.0,2.06254218,1749239999999
1749240000000,104340.0,104470.0,104270.0,104470.0,0.18483793,1749247199999
1749247200000,104430.0,104460.0,104360.0,104460.0,0.06670703,1749254399999
1749254400000,104200.0,104470.0,103990.0,104470.0,0.24317842,1749261599999
1749261600000,104530.0,104970.0,104530.0,104960.0,0.14546774,1749268799999
1749268800000,104750.0,104990.0,104700.0,104990.0,0.301729,1749275999999
1749276000000,104900.0,105370.0,104900.0,104950.0,0.58126449,1749283199999
1749283200000,105010.0,105010.0,104870.0,104980.0,0.23351229,1749290399999
1749290400000,105040.0,105310.0,105040.0,105200.0,0.267604,1749297599999
1749297600000,105320.0,105800.0,105320.0,105800.0,0.30239252,1749304799999
1749304800000,105680.0,105680.0,105530.0,105560.0,0.18181849,1749311999999
1749312000000,105690.0,105690.0,105550.0,105550.0,0.03082,1749319199999
1749319200000,105640.0,105880.0,105640.0,105790.0,0.1894079,1749326399999
1749326400000,105850.0,105850.0,105850.0,105850.0,9.4574E-4,1749333599999
1749333600000,105800.0,105910.0,105590.0,105590.0,1.29176422,1749340799999
1749340800000,105610.0,105790.0,105510.0,105790.0,0.5936648,1749347999999
1749348000000,105610.0,105640.0,105500.0,105500.0,0.27791799,1749355199999
1749355200000,105470.0,105710.0,105470.0,105570.0,0.12800696,1749362399999
1749362400000,105500.0,105630.0,105440.0,105500.0,0.25109993,1749369599999
1749369600000,105530.0,105530.0,105260.0,105260.0,0.1266567,1749376799999
1749376800000,105150.0,105680.0,105150.0,105660.0,0.21223748,1749383999999
1749384000000,105790.0,106150.0,105550.0,105650.0,0.28145833,1749391199999
1749391200000,105730.0,106090.0,105730.0,106080.0,0.22369897,1749398399999
1749398400000,106140.0,106410.0,106140.0,106170.0,2.44273269,1749405599999
1749405600000,106170.0,106410.0,106120.0,106350.0,0.38628657,1749412799999
1749412800000,106370.0,106530.0,106220.0,106480.0,0.35612417,1749419999999
1749420000000,106380.0,106380.0,105650.0,105780.0,0.40682332,1749427199999
1749427200000,105780.0,106030.0,105530.0,105570.0,0.36784872,1749434399999
1749434400000,105580.0,105760.0,105390.0,105720.0,0.08119896,1749441599999
1749441600000,105720.0,105770.0,105400.0,105460.0,0.14268802,1749448799999
1749448800000,105440.0,105750.0,105390.0,105570.0,0.13982814,1749455999999
1749456000000,105620.0,106950.0,105600.0,106720.0,0.31538313,1749463199999
1749463200000,106650.0,107770.0,106650.0,107750.0,0.76571145,1749470399999
1749470400000,107670.0,108000.0,106940.0,107050.0,0.89851166,1749477599999
1749477600000,107280.0,108080.0,107280.0,107980.0,1.12196615,1749484799999
1749484800000,107930.0,108500.0,107740.0,108380.0,0.84593671,1749491999999
1749492000000,108400.0,108850.0,108350.0,108500.0,0.7885986,1749499199999
1749499200000,108680.0,110650.0,108630.0,109930.0,2.28158556,1749506399999
1749506400000,110150.0,110440.0,109790.0,110230.0,0.773067,1749513599999
1749513600000,110220.0,110310.0,109680.0,109680.0,0.18309507,1749520799999
1749520800000,109680.0,109680.0,109450.0,109600.0,0.25010913,1749527999999
1749528000000,109500.0,109780.0,109280.0,109340.0,0.76220699,1749535199999
1749535200000,109350.0,109610.0,109160.0,109270.0,0.59332992,1749542399999
1749542400000,109290.0,109580.0,109110.0,109580.0,1.23221306,1749549599999
1749549600000,109530.0,109880.0,109270.0,109590.0,1.19943164,1749556799999
1749556800000,109550.0,109920.0,108930.0,109330.0,0.67510843,1749563999999
1749564000000,109270.0,109270.0,108370.0,109020.0,0.91572343,1749571199999
1749571200000,109140.0,109200.0,108730.0,108730.0,0.18287622,1749578399999
1749578400000,108680.0,110370.0,108680.0,109350.0,1.62674053,1749585599999
1749585600000,109530.0,110020.0,109280.0,109860.0,0.46510061,1749592799999
1749592800000,110000.0,110250.0,109720.0,110250.0,0.6615336,1749599999999
1749600000000,110260.0,110260.0,109810.0,109810.0,0.18853863,1749607199999
1749607200000,109860.0,109860.0,109640.0,109730.0,0.12516877,1749614399999
1749614400000,109680.0,109710.0,109520.0,109560.0,0.46859193,1749621599999
1749621600000,109620.0,109680.0,109410.0,109540.0,0.40981835,1749628799999
1749628800000,109580.0,109640.0,109230.0,109230.0,0.12128345,1749635999999
1749636000000,109260.0,109460.0,109250.0,109260.0,0.39413905,1749643199999
1749643200000,109200.0,109930.0,109090.0,109870.0,1.40895984,1749650399999
1749650400000,109870.0,110330.0,109750.0,109770.0,0.86948323,1749657599999
1749657600000,109750.0,109750.0,109000.0,109010.0,0.96842635,1749664799999
1749664800000,108970.0,109040.0,108500.0,108760.0,2.50454674,1749671999999
1749672000000,108760.0,109080.0,108430.0,108430.0,1.68712877,1749679199999
1749679200000,108680.0,108680.0,108150.0,108350.0,0.04444804,1749686399999
1749686400000,108470.0,108740.0,108310.0,108330.0,0.8206763,1749693599999
1749693600000,108710.0,108710.0,107800.0,107920.0,0.56947209,1749700799999
1749700800000,107910.0,107910.0,107360.0,107770.0,1.17959821,1749707999999
1749708000000,107770.0,107980.0,107530.0,107530.0,0.42817524,1749715199999
1749715200000,107730.0,107910.0,107560.0,107560.0,0.67208338,1749722399999
1749722400000,107470.0,107470.0,106900.0,106900.0,0.81997909,1749729599999
1749729600000,106980.0,107450.0,106660.0,107120.0,0.73461714,1749736799999
1749736800000,107110.0,107830.0,106920.0,107040.0,0.83085261,1749743999999
1749744000000,107240.0,108450.0,107130.0,108260.0,6.42911577,1749751199999
1749751200000,108340.0,108390.0,106730.0,106770.0,5.63265006,1749758399999
1749758400000,106740.0,106990.0,105840.0,105980.0,5.89094132,1749765599999
1749765600000,105980.0,106280.0,105700.0,105700.0,6.65493787,1749772799999
1749772800000,105690.0,105690.0,102880.0,103860.0,1.94194846,1749779999999
1749780000000,103790.0,104670.0,103240.0,104350.0,6.27752967,1749787199999
1749787200000,104090.0,104580.0,103890.0,104110.0,5.58356819,1749794399999
1749794400000,104050.0,104960.0,103950.0,104960.0,5.50511146,1749801599999
1749801600000,104980.0,105410.0,104570.0,104720.0,2.6713616,1749808799999
1749808800000,104670.0,105090.0,104510.0,105050.0,0.45525457,1749815999999
1749816000000,105120.0,105310.0,104750.0,104750.0,0.56326844,1749823199999
1749823200000,104880.0,105800.0,104220.0,105480.0,1.21150135,1749830399999
1749830400000,105500.0,106010.0,104910.0,105480.0,2.26804019,1749837599999
1749837600000,105480.0,105550.0,104680.0,105130.0,7.30049369,1749844799999
1749844800000,105160.0,105850.0,105090.0,105650.0,7.16641084,1749851999999
1749852000000,105700.0,106090.0,105620.0,106090.0,0.78240164,1749859199999
1749859200000,106000.0,106230.0,105490.0,105540.0,0.37755275,1749866399999
1749866400000,105510.0,105510.0,105310.0,105310.0,0.04720085,1749873599999
1749873600000,105380.0,105450.0,105360.0,105360.0,0.12289802,1749880799999
1749880800000,105320.0,105320.0,105030.0,105030.0,0.32236506,1749887999999
1749888000000,105140.0,105160.0,104930.0,104930.0,0.00602119,1749895199999
1749895200000,105000.0,105140.0,105000.0,105120.0,0.06744798,1749902399999
1749902400000,104970.0,105090.0,104970.0,105010.0,0.0820901,1749909599999
1749909600000,105120.0,105120.0,104680.0,104880.0,0.36620616,1749916799999
1749916800000,104860.0,104860.0,104420.0,104540.0,0.53328179,1749923999999
1749924000000,104840.0,105070.0,104500.0,104710.0,0.47816582,1749931199999
1749931200000,104780.0,105460.0,104430.0,105460.0,1.08395028,1749938399999
1749938400000,105530.0,105530.0,105430.0,105440.0,0.39226182,1749945599999
1749945600000,105470.0,105720.0,105330.0,105480.0,5.39853587,1749952799999
1749952800000,105600.0,105670.0,105500.0,105510.0,5.49261607,1749959999999
1749960000000,105530.0,106100.0,105530.0,106100.0,6.75677,1749967199999
1749967200000,105970.0,106000.0,105250.0,105480.0,4.25963734,1749974399999
1749974400000,105490.0,105520.0,104910.0,104970.0,3.71745021,1749981599999
1749981600000,105000.0,105200.0,104950.0,105040.0,0.63882908,1749988799999
1749988800000,105010.0,105620.0,104970.0,105510.0,0.59496,1749995999999
1749996000000,105510.0,105840.0,105410.0,105630.0,0.39747788,1750003199999
1750003200000,105610.0,105710.0,105380.0,105690.0,0.57469313,1750010399999
1750010400000,105690.0,105690.0,105130.0,105310.0,4.85325966,1750017599999
1750017600000,105340.0,105340.0,104540.0,104800.0,3.49299386,1750024799999
1750024800000,104810.0,105600.0,104810.0,105600.0,6.03189647,1750031999999
1750032000000,105620.0,105920.0,105020.0,105850.0,10.42722925,1750039199999
1750039200000,105830.0,105980.0,105700.0,105960.0,5.37923821,1750046399999
1750046400000,105950.0,106830.0,105940.0,106630.0,2.42124281,1750053599999
1750053600000,106550.0,107260.0,106550.0,107060.0,1.00369256,1750060799999
1750060800000,107100.0,107250.0,106750.0,106750.0,6.80519148,1750067999999
1750068000000,107030.0,107080.0,106620.0,106950.0,0.07815793,1750075199999
1750075200000,106850.0,107150.0,106540.0,107150.0,0.1726724,1750082399999
1750082400000,107230.0,107770.0,106820.0,107350.0,0.2987495,1750089599999
1750089600000,107520.0,108040.0,107410.0,107830.0,1.32910297,1750096799999
1750096800000,107730.0,108880.0,107730.0,108600.0,0.97273712,1750103999999
1750104000000,108630.0,108860.0,108410.0,108620.0,0.36321465,1750111199999
1750111200000,108610.0,108960.0,106830.0,106830.0,8.08603625,1750118399999
1750118400000,106880.0,107490.0,106270.0,107230.0,2.35821548,1750125599999
1750125600000,107110.0,107790.0,106670.0,107600.0,0.46881056,1750132799999
1750132800000,107640.0,107720.0,107100.0,107150.0,0.87018791,1750139999999
1750140000000,107200.0,107260.0,106560.0,106790.0,2.82341643,1750147199999
1750147200000,106770.0,106770.0,106140.0,106140.0,0.42236843,1750154399999
1750154400000,106240.0,106260.0,105560.0,105610.0,0.46195978,1750161599999
1750161600000,105660.0,105840.0,105260.0,105320.0,1.99566896,1750168799999
1750168800000,105250.0,105750.0,104210.0,104270.0,3.53283027,1750175999999
1750176000000,104240.0,104490.0,103400.0,103850.0,4.05972688,1750183199999
1750183200000,103800.0,105390.0,103660.0,104730.0,0.92602383,1750190399999
1750190400000,104820.0,104890.0,104300.0,104600.0,3.33825799,1750197599999
1750197600000,104460.0,104750.0,104260.0,104590.0,0.18941773,1750204799999
1750204800000,104580.0,105170.0,104580.0,104760.0,0.13417594,1750211999999
1750212000000,104850.0,105260.0,104730.0,105260.0,0.70121451,1750219199999
1750219200000,105170.0,105560.0,105100.0,105440.0,0.66621222,1750226399999
1750226400000,105400.0,105500.0,104770.0,105000.0,0.23186527,1750233599999
1750233600000,105050.0,105300.0,104600.0,104700.0,0.40221217,1750240799999
1750240800000,104690.0,104690.0,104220.0,104450.0,0.12850251,1750247999999
1750248000000,104790.0,104830.0,103900.0,104460.0,0.45815946,1750255199999
1750255200000,104740.0,105340.0,104250.0,104830.0,1.83191142,1750262399999
1750262400000,104710.0,104780.0,103660.0,104310.0,1.37852551,1750269599999
1750269600000,104530.0,104610.0,103550.0,103830.0,1.28766721,1750276799999
1750276800000,103960.0,105170.0,103720.0,105100.0,0.67240394,1750283999999
1750284000000,105080.0,105080.0,104680.0,104890.0,0.32051824,1750291199999
1750291200000,104940.0,105220.0,104590.0,104600.0,0.18693604,1750298399999
1750298400000,104590.0,105100.0,104530.0,105100.0,0.24460346,1750305599999
1750305600000,105110.0,105240.0,104860.0,104870.0,0.78706325,1750312799999
1750312800000,104840.0,104850.0,104680.0,104720.0,0.12299314,1750319999999
1750320000000,104760.0,105040.0,104760.0,104980.0,0.46379033,1750327199999
1750327200000,105030.0,105050.0,104780.0,104800.0,0.04255651,1750334399999
1750334400000,104770.0,104790.0,104310.0,104310.0,1.36363807,1750341599999
1750341600000,104370.0,104660.0,104120.0,104120.0,0.19798131,1750348799999
1750348800000,104350.0,104800.0,104000.0,104510.0,0.78145688,1750355999999
1750356000000,104520.0,104690.0,104200.0,104320.0,1.7469345,1750363199999
1750363200000,104340.0,104460.0,104180.0,104340.0,0.5669073,1750370399999
1750370400000,104460.0,104880.0,104460.0,104730.0,0.59844291,1750377599999
1750377600000,104720.0,104780.0,104500.0,104780.0,0.02643547,1750384799999
1750384800000,104790.0,104790.0,104610.0,104650.0,0.32934311,1750391999999
1750392000000,104420.0,104600.0,104310.0,104600.0,0.10490326,1750399199999
1750399200000,104640.0,105700.0,104640.0,105670.0,0.6676658,1750406399999
1750406400000,105870.0,106510.0,105800.0,106000.0,1.7476516,1750413599999
1750413600000,105850.0,106110.0,105840.0,105990.0,1.30919039,1750420799999
1750420800000,105990.0,106120.0,105400.0,105620.0,0.63358314,1750427999999
1750428000000,105640.0,105750.0,103930.0,104280.0,1.78014222,1750435199999
1750435200000,104250.0,104280.0,102360.0,103300.0,2.91706287,1750442399999
1750442400000,103270.0,103450.0,103070.0,103450.0,1.62415964,1750449599999
1750449600000,103460.0,103810.0,103440.0,103580.0,0.91003345,1750456799999
1750456800000,103530.0,103530.0,103000.0,103300.0,2.97464712,1750463999999
1750464000000,103300.0,103530.0,103150.0,103510.0,3.96461178,1750471199999
1750471200000,103530.0,103700.0,103420.0,103530.0,2.56011531,1750478399999
1750478400000,103520.0,103530.0,103350.0,103430.0,2.35466233,1750485599999
1750485600000,103450.0,103610.0,103370.0,103430.0,2.70667787,1750492799999
1750492800000,103500.0,103920.0,103490.0,103850.0,3.28333111,1750499999999
1750500000000,103870.0,103990.0,103760.0,103880.0,1.47912038,1750507199999
1750507200000,103950.0,103960.0,103580.0,103580.0,0.94835592,1750514399999
1750514400000,103550.0,103720.0,103330.0,103630.0,0.90734737,1750521599999
1750521600000,103650.0,103650.0,103260.0,103290.0,0.06281787,1750528799999
1750528800000,103250.0,103350.0,102330.0,102350.0,0.29965201,1750535999999
1750536000000,102350.0,102840.0,101300.0,101660.0,1.59494888,1750543199999
1750543200000,101730.0,102270.0,100950.0,102270.0,0.99370676,1750550399999
1750550400000,102330.0,103360.0,101950.0,102400.0,1.03688152,1750557599999
1750557600000,102470.0,102750.0,101980.0,102240.0,0.52813999,1750564799999
1750564800000,102370.0,102910.0,102360.0,102680.0,0.28120989,1750571999999
1750572000000,102930.0,102970.0,102310.0,102490.0,0.1532687,1750579199999
1750579200000,102380.0,102690.0,102250.0,102290.0,1.14651321,1750586399999
1750586400000,102230.0,102740.0,102230.0,102690.0,0.03841158,1750593599999
1750593600000,102850.0,102850.0,100360.0,100910.0,1.07406365,1750600799999
1750600800000,100860.0,101220.0,98890.0,98952.0,4.05562403,1750607999999
1750608000000,98952.0,100340.0,98739.0,99532.0,0.92071116,1750615199999
1750615200000,99577.0,99788.0,98843.0,98918.0,0.72085514,1750622399999
1750622400000,98868.0,99593.0,98273.0,99118.0,1.15814391,1750629599999
1750629600000,99724.0,101050.0,99724.0,100940.0,0.54897818,1750636799999
1750636800000,100740.0,101500.0,100570.0,101120.0,0.26695465,1750643999999
1750644000000,101190.0,101380.0,101120.0,101150.0,0.12038496,1750651199999
1750651200000,101210.0,101890.0,101210.0,101840.0,1.3143566,1750658399999
1750658400000,101900.0,102130.0,101730.0,101850.0,0.80218977,1750665599999
1750665600000,102030.0,102090.0,101450.0,101450.0,0.16942719,1750672799999
1750672800000,101480.0,101600.0,101220.0,101430.0,0.21941365,1750679999999
1750680000000,101320.0,102470.0,100880.0,102470.0,5.88889781,1750687199999
1750687200000,102520.0,102540.0,101360.0,101490.0,1.05625241,1750694399999
1750694400000,101330.0,102720.0,99714.0,102290.0,6.07779386,1750701599999
1750701600000,102500.0,103350.0,102470.0,103240.0,4.70582195,1750708799999
1750708800000,103260.0,104180.0,102940.0,103700.0,1.06167363,1750715999999
1750716000000,103890.0,106090.0,103890.0,105420.0,1.4115312,1750723199999
1750723200000,105430.0,105530.0,104900.0,105480.0,4.12808948,1750730399999
1750730400000,105490.0,105490.0,104800.0,105010.0,2.55970436,1750737599999
1750737600000,104990.0,105480.0,104790.0,105480.0,1.03968374,1750744799999
1750744800000,105460.0,105860.0,104980.0,105020.0,0.83096299,1750751999999
1750752000000,105090.0,105630.0,104690.0,105250.0,0.70189823,1750759199999
1750759200000,105290.0,105470.0,105140.0,105250.0,0.30753099,1750766399999
1750766400000,105310.0,105420.0,104850.0,104970.0,0.59923169,1750773599999
1750773600000,105130.0,105780.0,105060.0,105300.0,0.38596339,1750780799999
1750780800000,105340.0,106250.0,105270.0,106060.0,0.22145897,1750787999999
1750788000000,106090.0,106090.0,105400.0,105400.0,0.10144208,1750795199999
1750795200000,105750.0,106120.0,105750.0,106020.0,0.19739094,1750802399999
1750802400000,106010.0,106110.0,105840.0,106110.0,0.10514344,1750809599999
1750809600000,106110.0,106650.0,105940.0,106410.0,0.36659797,1750816799999
1750816800000,106450.0,106780.0,106300.0,106300.0,0.25701599,1750823999999
1750824000000,106220.0,106410.0,106050.0,106410.0,0.21881402,1750831199999
1750831200000,106240.0,106740.0,106240.0,106680.0,0.14159333,1750838399999
1750838400000,106690.0,107090.0,106440.0,106540.0,0.30686939,1750845599999
1750845600000,106740.0,107270.0,106740.0,107270.0,0.31754802,1750852799999
1750852800000,107230.0,108150.0,107080.0,108030.0,0.50548679,1750859999999
1750860000000,107920.0,108150.0,106860.0,107210.0,0.56509097,1750867199999
1750867200000,107260.0,107580.0,107010.0,107450.0,0.32831806,1750874399999
1750874400000,107450.0,107950.0,107330.0,107810.0,0.25010451,1750881599999
1750881600000,107640.0,108010.0,107560.0,107600.0,0.1283473,1750888799999
1750888800000,107600.0,107600.0,107190.0,107230.0,0.08060651,1750895999999
1750896000000,107520.0,107830.0,107250.0,107740.0,0.12821181,1750903199999
1750903200000,107840.0,108250.0,107650.0,107890.0,0.38519406,1750910399999
1750910400000,107860.0,107860.0,107580.0,107680.0,0.93901058,1750917599999
1750917600000,107700.0,108120.0,107690.0,107900.0,1.52814419,1750924799999
1750924800000,108100.0,108190.0,107370.0,107400.0,4.66641096,1750931999999
1750932000000,107320.0,107510.0,107190.0,107330.0,1.2966656,1750939199999
1750939200000,107360.0,107420.0,106880.0,106920.0,0.28558559,1750946399999
1750946400000,107080.0,107760.0,106670.0,106990.0,0.48779166,1750953599999
1750953600000,107390.0,107390.0,107110.0,107230.0,0.13988456,1750960799999
1750960800000,107400.0,107680.0,107390.0,107680.0,0.11293761,1750967999999
1750968000000,107480.0,108040.0,106930.0,107000.0,0.47035186,1750975199999
1750975200000,107110.0,107270.0,106940.0,106980.0,2.17054914,1750982399999
1750982400000,107000.0,107260.0,106470.0,107260.0,4.4896885,1750989599999
1750989600000,107200.0,107480.0,107200.0,107480.0,0.12192215,1750996799999
1750996800000,107430.0,107580.0,107360.0,107430.0,0.4704496,1751003999999
1751004000000,107320.0,107730.0,107010.0,107010.0,0.04956197,1751011199999
1751011200000,106970.0,107100.0,106730.0,107100.0,0.16621963,1751018399999
1751018400000,107160.0,107160.0,107020.0,107050.0,0.15259046,1751025599999
1751025600000,106970.0,107040.0,106470.0,106900.0,0.07415833,1751032799999
1751032800000,107100.0,107410.0,106460.0,107370.0,0.35311495,1751039999999
1751040000000,107320.0,107730.0,106660.0,106940.0,1.0265163,1751047199999
1751047200000,106940.0,107060.0,106560.0,107060.0,0.39889124,1751054399999
1751054400000,107110.0,107220.0,107100.0,107170.0,0.11162564,1751061599999
1751061600000,107250.0,107250.0,107250.0,107250.0,5.591E-5,1751068799999
1751068800000,107110.0,107110.0,107100.0,107100.0,0.01339893,1751075999999
1751076000000,107110.0,107360.0,107110.0,107360.0,0.00715634,1751083199999
1751083200000,107350.0,107350.0,107350.0,107350.0,0.01357063,1751090399999
1751090400000,107470.0,107470.0,107440.0,107440.0,0.01808237,1751097599999
1751097600000,107490.0,107490.0,107340.0,107340.0,0.18400818,1751104799999
1751104800000,107400.0,107410.0,107400.0,107400.0,0.00309316,1751111999999
1751112000000,107270.0,107270.0,107150.0,107150.0,0.06019933,1751119199999
1751119200000,107250.0,107610.0,107230.0,107480.0,0.02827055,1751126399999
1751126400000,107320.0,107390.0,107320.0,107390.0,0.02658023,1751133599999
1751133600000,107350.0,107350.0,107330.0,107330.0,0.02347968,1751140799999
1751148000000,107320.0,107320.0,107320.0,107320.0,5.587E-5,1751155199999
1751155200000,107490.0,107490.0,107380.0,107380.0,0.01853342,1751162399999
1751162400000,107300.0,107300.0,107300.0,107300.0,0.00312052,1751169599999
1751169600000,107260.0,107260.0,107260.0,107260.0,0.00446083,1751176799999
1751176800000,107400.0,107410.0,107360.0,107360.0,0.01512668,1751183999999
1751184000000,107520.0,108040.0,107520.0,108040.0,0.34702009,1751191199999
1751191200000,108100.0,108480.0,108000.0,108460.0,0.40969278,1751198399999
1751198400000,108430.0,108430.0,108080.0,108170.0,0.0533055,1751205599999
1751205600000,108270.0,108270.0,107700.0,107700.0,1.04843241,1751212799999
1751212800000,107700.0,107700.0,107410.0,107420.0,0.08690785,1751219999999
1751220000000,107660.0,107660.0,107400.0,107400.0,0.7045018,1751227199999
1751227200000,107310.0,107600.0,107310.0,107590.0,0.31366701,1751234399999
1751234400000,107820.0,108450.0,107820.0,108410.0,0.15907499,1751241599999
1751241600000,108500.0,108800.0,108480.0,108580.0,0.53114655,1751248799999
1751248800000,108650.0,108650.0,108560.0,108590.0,0.13898001,1751255999999
1751256000000,108480.0,108480.0,108290.0,108290.0,0.07041565,1751263199999
1751263200000,108280.0,108280.0,107530.0,107720.0,0.52495482,1751270399999
1751270400000,107660.0,107750.0,107610.0,107710.0,0.01683857,1751277599999
1751277600000,107480.0,107930.0,107430.0,107710.0,0.18447808,1751284799999
1751284800000,107660.0,107820.0,107660.0,107800.0,0.03710185,1751291999999
1751292000000,107440.0,107620.0,106850.0,107500.0,1.21326517,1751299199999
1751299200000,107570.0,107590.0,107330.0,107560.0,0.02478839,1751306399999
1751306400000,107590.0,107720.0,107170.0,107720.0,0.1521279,1751313599999
1751313600000,107520.0,107520.0,107000.0,107210.0,0.15424246,1751320799999
1751320800000,107180.0,107310.0,107140.0,107150.0,0.03129716,1751327999999
1751328000000,107130.0,107500.0,107130.0,107460.0,0.24200902,1751335199999
1751335200000,107120.0,107250.0,107090.0,107230.0,0.01577242,1751342399999
1751342400000,107140.0,107140.0,106810.0,106810.0,0.03523673,1751349599999
1751349600000,106820.0,107090.0,106690.0,107090.0,0.16987276,1751356799999
1751356800000,107050.0,107050.0,106630.0,106630.0,0.06983577,1751363999999
1751364000000,106570.0,106580.0,106320.0,106520.0,0.75178183,1751371199999
1751371200000,106660.0,106820.0,106460.0,106620.0,0.31088929,1751378399999
1751378400000,106810.0,107180.0,105700.0,105950.0,0.28991448,1751385599999
1751385600000,105980.0,106320.0,105980.0,106220.0,0.64827507,1751392799999
1751392800000,106200.0,106200.0,105410.0,105410.0,0.51254759,1751399999999
1751400000000,105370.0,105970.0,105370.0,105790.0,0.01327972,1751407199999
1751407200000,105870.0,105870.0,105680.0,105740.0,0.02539452,1751414399999
1751414400000,105650.0,105760.0,105180.0,105510.0,0.10862143,1751421599999
1751421600000,105950.0,105950.0,105940.0,105940.0,0.0161426,1751428799999
1751428800000,106180.0,106440.0,106180.0,106440.0,0.06719704,1751435999999
1751436000000,106800.0,107180.0,106800.0,107180.0,0.06369774,1751443199999
1751443200000,107150.0,107790.0,107150.0,107650.0,0.16038499,1751450399999
1751450400000,107710.0,107850.0,107430.0,107430.0,0.17732569,1751457599999
1751457600000,107470.0,108010.0,107270.0,107760.0,0.28143349,1751464799999
1751464800000,107910.0,108800.0,107790.0,108800.0,0.86677113,1751471999999
1751472000000,108800.0,109760.0,108800.0,109040.0,1.50080615,1751479199999
1751479200000,109210.0,109620.0,109210.0,109620.0,0.4240843,1751486399999
1751486400000,109590.0,109590.0,109190.0,109520.0,0.18901225,1751493599999
1751493600000,109360.0,109410.0,108760.0,108760.0,0.15006742,1751500799999
1751500800000,108940.0,109160.0,108800.0,109040.0,0.29780841,1751507999999
1751508000000,109030.0,109030.0,108630.0,108740.0,0.31516125,1751515199999
1751515200000,108680.0,109350.0,108670.0,109350.0,0.31516102,1751522399999
1751522400000,109330.0,109550.0,109210.0,109330.0,0.30760513,1751529599999
1751529600000,109380.0,110290.0,109370.0,110000.0,0.59621979,1751536799999
1751536800000,109870.0,109980.0,109620.0,109620.0,0.10412211,1751543999999
1751544000000,109570.0,110530.0,108800.0,110380.0,2.39011891,1751551199999
1751551200000,110470.0,110510.0,109190.0,109190.0,1.79594889,1751558399999
1751558400000,109150.0,109660.0,109120.0,109640.0,0.13812875,1751565599999
1751565600000,109610.0,109910.0,109390.0,109820.0,0.88253965,1751572799999
1751572800000,109930.0,110000.0,109740.0,109810.0,0.29500716,1751579999999
1751580000000,109880.0,109880.0,109590.0,109590.0,0.39563139,1751587199999
1751587200000,109650.0,109670.0,109500.0,109570.0,0.02430674,1751594399999
1751594400000,109530.0,109530.0,109230.0,109260.0,0.14342788,1751601599999
1751601600000,109360.0,109390.0,108990.0,109050.0,0.09634343,1751608799999
1751608800000,108920.0,109160.0,108770.0,108770.0,0.30308107,1751615999999
1751616000000,108730.0,108890.0,108600.0,108880.0,0.05205486,1751623199999
1751623200000,108950.0,109060.0,108890.0,108890.0,0.04474937,1751630399999
1751630400000,108970.0,108970.0,108030.0,108030.0,0.58309954,1751637599999
1751637600000,108050.0,108080.0,107620.0,107620.0,1.11765268,1751644799999
1751644800000,107640.0,107940.0,107420.0,107900.0,0.22189678,1751651999999
1751652000000,107750.0,107850.0,107320.0,107510.0,0.81891264,1751659199999
1751659200000,107760.0,107920.0,107720.0,107920.0,0.12374222,1751666399999
1751666400000,108010.0,108250.0,108010.0,108010.0,0.23791334,1751673599999
1751673600000,108000.0,108160.0,107940.0,107940.0,0.07722141,1751680799999
1751680800000,107890.0,108260.0,107820.0,108190.0,0.07516073,1751687999999
1751688000000,108170.0,108280.0,108040.0,108040.0,0.09265476,1751695199999
1751695200000,108130.0,108270.0,108080.0,108080.0,0.03198609,1751702399999
1751702400000,108060.0,108150.0,107940.0,108140.0,0.07408728,1751709599999
1751709600000,108120.0,108210.0,108110.0,108150.0,0.0160082,1751716799999
1751716800000,108130.0,108210.0,108030.0,108170.0,0.04276766,1751723999999
1751724000000,108200.0,108250.0,108200.0,108250.0,0.0127712,1751731199999
1751731200000,107980.0,107980.0,107980.0,107980.0,0.001389,1751738399999
1751738400000,108110.0,108110.0,108010.0,108010.0,0.00493192,1751745599999
1751745600000,108080.0,108140.0,108070.0,108110.0,0.01837363,1751752799999
1751752800000,108120.0,108270.0,108120.0,108270.0,0.01163329,1751759999999
1751760000000,108220.0,108220.0,108220.0,108220.0,1.89E-4,1751767199999
1751774400000,108040.0,108040.0,108040.0,108040.0,9.251E-5,1751781599999
1751781600000,108160.0,108190.0,108090.0,108090.0,0.00538968,1751788799999
1751788800000,108060.0,108060.0,107890.0,107890.0,0.04164985,1751795999999
1751796000000,108000.0,108090.0,107960.0,108080.0,0.17648848,1751803199999
1751803200000,108160.0,109020.0,108160.0,108790.0,0.13137064,1751810399999
1751810400000,108850.0,108990.0,108680.0,108760.0,0.3573318,1751817599999
1751817600000,108880.0,108880.0,108760.0,108840.0,0.05458323,1751824799999
1751824800000,108910.0,108910.0,108280.0,108430.0,1.4049433,1751831999999
1751832000000,108830.0,109600.0,108720.0,109170.0,0.45611782,1751839199999
1751839200000,109300.0,109520.0,109050.0,109220.0,0.87390613,1751846399999
1751846400000,109210.0,109210.0,108780.0,109100.0,0.5218218,1751853599999
1751853600000,109340.0,109630.0,109330.0,109440.0,0.15760567,1751860799999
1751860800000,109390.0,109390.0,109060.0,109060.0,0.09562595,1751867999999
1751868000000,109060.0,109170.0,108700.0,108740.0,0.04669913,1751875199999
1751875200000,108990.0,109060.0,108780.0,108810.0,0.06394178,1751882399999
1751882400000,108850.0,108880.0,108640.0,108690.0,0.8750361,1751889599999
1751889600000,108610.0,108610.0,108030.0,108350.0,0.50772977,1751896799999
1751896800000,108540.0,108650.0,108020.0,108340.0,0.74986307,1751903999999
1751904000000,108310.0,108480.0,107840.0,107850.0,0.87687132,1751911199999
1751911200000,108050.0,108170.0,107570.0,108060.0,0.29257483,1751918399999
1751918400000,107920.0,108160.0,107840.0,108160.0,0.43221798,1751925599999
1751925600000,108060.0,108060.0,108030.0,108030.0,0.00169604,1751932799999
1751932800000,108220.0,108480.0,108010.0,108010.0,0.14821857,1751939999999
1751940000000,107680.0,107990.0,107490.0,107990.0,0.45284798,1751947199999
1751947200000,107860.0,108160.0,107810.0,108160.0,0.01423327,1751954399999
1751954400000,108270.0,108440.0,108240.0,108440.0,0.04416055,1751961599999
1751961600000,108480.0,108480.0,108300.0,108300.0,0.05564546,1751968799999
1751968800000,108540.0,109000.0,108540.0,108770.0,0.25610005,1751975999999
1751976000000,108820.0,109080.0,108690.0,109080.0,0.05376173,1751983199999
1751983200000,108890.0,108890.0,108290.0,108290.0,0.06425803,1751990399999
1751990400000,108310.0,109050.0,108140.0,109040.0,0.16937238,1751997599999
1751997600000,109070.0,109100.0,108800.0,108800.0,1.35988668,1752004799999
1752004800000,108810.0,108870.0,108700.0,108820.0,0.52469825,1752011999999
1752012000000,108970.0,108980.0,108850.0,108980.0,0.05640427,1752019199999
1752019200000,108920.0,109120.0,108790.0,108800.0,0.06697857,1752026399999
1752026400000,108720.0,108720.0,108590.0,108590.0,0.00414018,1752033599999
1752033600000,108520.0,108910.0,108510.0,108800.0,0.18686801,1752040799999
1752040800000,108770.0,108880.0,108740.0,108740.0,1.12036734,1752047999999
1752048000000,108750.0,108810.0,108690.0,108690.0,0.4823823,1752055199999
1752055200000,108760.0,109140.0,108760.0,109110.0,0.87096595,1752062399999
1752062400000,109010.0,109760.0,109010.0,109230.0,0.80929181,1752069599999
1752069600000,109200.0,109500.0,108550.0,109080.0,1.65188344,1752076799999
1752076800000,109130.0,109350.0,109090.0,109180.0,0.77327222,1752083999999
1752084000000,109420.0,112020.0,109400.0,111760.0,1.86818444,1752091199999
1752091200000,111800.0,111880.0,110620.0,110900.0,5.65917501,1752098399999
1752098400000,111190.0,111540.0,111120.0,111310.0,2.27974295,1752105599999
1752105600000,111010.0,111060.0,111010.0,111060.0,0.14236689,1752112799999
1752112800000,111540.0,111540.0,111540.0,111540.0,7.7767E-4,1752119999999
1752120000000,111150.0,111270.0,110990.0,111180.0,1.16770875,1752127199999
1752127200000,111180.0,111420.0,111180.0,111290.0,0.36353051,1752134399999
1752134400000,111190.0,111450.0,111090.0,111090.0,0.30292837,1752141599999
1752141600000,111100.0,111140.0,110970.0,111020.0,0.14618025,1752148799999
1752148800000,110900.0,111000.0,110600.0,110800.0,0.1818115,1752155999999
1752156000000,111050.0,111410.0,110850.0,111400.0,0.08149198,1752163199999
1752163200000,111490.0,113820.0,111420.0,113800.0,3.87211552,1752170399999
1752170400000,113680.0,113770.0,113070.0,113300.0,1.81296886,1752177599999
1752177600000,113400.0,117200.0,113400.0,116490.0,11.98664624,1752184799999
1752184800000,116430.0,116500.0,115680.0,115950.0,2.07586737,1752191999999
1752192000000,115980.0,116020.0,115260.0,115940.0,1.98446191,1752199199999
1752199200000,115890.0,116910.0,115750.0,116910.0,1.58198025,1752206399999
1752206400000,116750.0,118350.0,116470.0,117820.0,31.70879548,1752213599999
1752213600000,117830.0,118400.0,117410.0,117650.0,28.37306839,1752220799999
1752220800000,117600.0,118940.0,117600.0,118500.0,13.25638345,1752227999999
1752228000000,118490.0,118490.0,117630.0,117840.0,2.7101,1752235199999
1752235200000,117890.0,118270.0,117270.0,117980.0,4.05267806,1752242399999
1752242400000,117910.0,118140.0,116810.0,116920.0,3.39070481,1752249599999
1752249600000,116930.0,117720.0,116650.0,117690.0,2.99682325,1752256799999
1752256800000,117690.0,118180.0,117370.0,118160.0,1.96595382,1752263999999
1752264000000,118010.0,118120.0,117520.0,117610.0,1.85304469,1752271199999
1752271200000,117670.0,117700.0,117250.0,117540.0,3.77867011,1752278399999
1752278400000,117650.0,117720.0,117250.0,117670.0,1.48491112,1752285599999
1752285600000,117730.0,117870.0,117630.0,117750.0,1.33510093,1752292799999
1752292800000,117830.0,117860.0,117570.0,117700.0,1.29956384,1752299999999
1752300000000,117740.0,118110.0,117680.0,117720.0,3.50390835,1752307199999
1752307200000,117800.0,118220.0,117800.0,118190.0,0.95437155,1752314399999
1752314400000,118120.0,118170.0,117660.0,117840.0,2.75334517,1752321599999
1752321600000,117870.0,117910.0,117290.0,117530.0,3.14170118,1752328799999
1752328800000,117490.0,117760.0,116900.0,117100.0,1.86030946,1752335999999
1752336000000,117100.0,117520.0,117100.0,117500.0,1.07754892,1752343199999
1752343200000,117490.0,117640.0,117380.0,117600.0,0.716211,1752350399999
1752350400000,117550.0,117600.0,117040.0,117410.0,1.82276377,1752357599999
1752357600000,117550.0,117580.0,117230.0,117440.0,4.12874738,1752364799999
1752364800000,117390.0,117680.0,117300.0,117600.0,2.27837379,1752371999999
1752372000000,117590.0,117840.0,117440.0,117800.0,1.87566452,1752379199999
1752379200000,117810.0,117930.0,117720.0,117760.0,0.76647336,1752386399999
1752386400000,117780.0,118090.0,117780.0,117980.0,0.59971489,1752393599999
1752393600000,118040.0,118040.0,117800.0,117800.0,0.40472049,1752400799999
1752400800000,117810.0,118080.0,117790.0,118080.0,0.12371153,1752407999999
1752408000000,118140.0,118760.0,118010.0,118600.0,1.34351278,1752415199999
1752415200000,118680.0,119460.0,118490.0,118760.0,4.68481618,1752422399999
1752422400000,118730.0,118980.0,118480.0,118820.0,0.2570829,1752429599999
1752429600000,118790.0,119510.0,118660.0,118990.0,1.77259178,1752436799999
1752436800000,118970.0,119290.0,118600.0,118640.0,1.10755436,1752443999999
1752444000000,118580.0,119190.0,118290.0,119130.0,0.63249304,1752451199999
1752451200000,119020.0,119510.0,118980.0,119130.0,0.54657706,1752458399999
1752458400000,119130.0,121450.0,119060.0,120940.0,7.40396,1752465599999
1752465600000,120760.0,122700.0,120720.0,122420.0,8.22871773,1752472799999
1752472800000,122440.0,123210.0,122010.0,122740.0,11.54664883,1752479999999
1752480000000,122770.0,122770.0,121960.0,121980.0,5.8615335,1752487199999
1752487200000,121970.0,122080.0,121380.0,121470.0,2.25817782,1752494399999
1752494400000,121710.0,122060.0,121250.0,121660.0,1.77733552,1752501599999
1752501600000,121840.0,121890.0,119660.0,119820.0,0.88438265,1752508799999
1752508800000,119830.0,120500.0,119250.0,119850.0,1.81774898,1752515999999
1752516000000,119810.0,120200.0,119650.0,119800.0,0.66997432,1752523199999
1752523200000,119760.0,120340.0,119670.0,120060.0,1.33208225,1752530399999
1752530400000,119970.0,120240.0,119770.0,119840.0,1.71345617,1752537599999
1752537600000,119800.0,119960.0,118420.0,118420.0,1.6096468,1752544799999
1752544800000,118540.0,118550.0,116970.0,117240.0,2.93821661,1752551999999
1752552000000,117120.0,117770.0,116340.0,117340.0,2.96486723,1752559199999
1752559200000,117100.0,117140.0,116390.0,116970.0,0.69866963,1752566399999
1752566400000,116650.0,117070.0,116340.0,116770.0,0.28490746,1752573599999
1752573600000,116840.0,117170.0,116420.0,117020.0,1.00525216,1752580799999
1752580800000,117220.0,118410.0,116450.0,118250.0,1.24767084,1752587999999
1752588000000,118080.0,118390.0,115780.0,116400.0,2.36161521,1752595199999
1752595200000,116320.0,117670.0,116320.0,117390.0,0.90702174,1752602399999
1752602400000,117290.0,117300.0,116090.0,116410.0,2.13971899,1752609599999
1752609600000,116480.0,117570.0,116270.0,117500.0,1.63784495,1752616799999
1752616800000,117490.0,117940.0,117280.0,117760.0,1.0462849,1752623999999
1752624000000,117680.0,118200.0,117410.0,117730.0,0.9639106,1752631199999
1752631200000,117610.0,117610.0,117200.0,117490.0,0.0983179,1752638399999
1752638400000,117480.0,118000.0,117350.0,117970.0,1.36185069,1752645599999
1752645600000,117870.0,118310.0,117760.0,118170.0,0.88251049,1752652799999
1752652800000,118210.0,119180.0,118200.0,118820.0,0.52827142,1752659999999
1752660000000,119170.0,119200.0,118660.0,118770.0,0.2487981,1752667199999
1752667200000,118770.0,119000.0,118250.0,118710.0,0.8037568,1752674399999
1752674400000,118710.0,119830.0,118280.0,119180.0,3.72477301,1752681599999
1752681600000,119110.0,119710.0,118550.0,119070.0,11.47180443,1752688799999
1752688800000,119140.0,119950.0,118930.0,119200.0,1.54139441,1752695999999
1752696000000,119230.0,120130.0,119140.0,119300.0,1.65543411,1752703199999
1752703200000,119500.0,119530.0,118530.0,118780.0,1.23807,1752710399999
1752710400000,118710.0,119140.0,117750.0,118150.0,0.29530125,1752717599999
1752717600000,118110.0,118520.0,117930.0,117990.0,0.24571896,1752724799999
1752724800000,118400.0,118620.0,118330.0,118620.0,0.13160815,1752731999999
1752732000000,118730.0,118810.0,118000.0,118390.0,0.24155844,1752739199999
1752739200000,118360.0,119170.0,118180.0,118970.0,1.64322713,1752746399999
1752746400000,118860.0,118860.0,118010.0,118020.0,0.82271489,1752753599999
1752753600000,118050.0,118340.0,117540.0,118340.0,1.00298477,1752760799999
1752760800000,118420.0,119030.0,118220.0,118970.0,0.48936053,1752767999999
1752768000000,118790.0,119370.0,118450.0,119370.0,0.47785578,1752775199999
1752775200000,119390.0,119960.0,118940.0,119030.0,0.9564849,1752782399999
1752782400000,119050.0,121000.0,118500.0,120350.0,4.38889036,1752789599999
1752789600000,120320.0,120680.0,119250.0,119250.0,3.2644739,1752796799999
1752796800000,119290.0,120870.0,119130.0,120430.0,2.26023728,1752803999999
1752804000000,120410.0,120560.0,120020.0,120310.0,2.14638588,1752811199999
1752811200000,120300.0,120710.0,119860.0,120650.0,0.59600938,1752818399999
1752818400000,120680.0,120910.0,119400.0,119460.0,1.33982235,1752825599999
1752825600000,119450.0,119540.0,118470.0,118950.0,1.69332432,1752832799999
1752832800000,118990.0,119300.0,118670.0,118900.0,0.34219555,1752839999999
1752840000000,119300.0,119560.0,118640.0,118830.0,0.24521152,1752847199999
1752847200000,118870.0,119290.0,117470.0,117930.0,1.4000351,1752854399999
1752854400000,118010.0,118010.0,117470.0,117630.0,1.33347283,1752861599999
1752861600000,117450.0,117920.0,117220.0,117390.0,0.81423504,1752868799999
1752868800000,117460.0,117920.0,116920.0,117740.0,1.78566468,1752875999999
1752876000000,117710.0,118090.0,117550.0,118000.0,1.27377581,1752883199999
1752883200000,117970.0,118130.0,117810.0,118130.0,0.74165842,1752890399999
1752890400000,118160.0,118430.0,118040.0,118380.0,0.1732809,1752897599999
1752897600000,118400.0,118400.0,118280.0,118310.0,0.07698304,1752904799999
1752904800000,118320.0,118360.0,118260.0,118360.0,0.03603132,1752911999999
1752912000000,118170.0,118380.0,118080.0,118380.0,0.10216623,1752919199999
1752919200000,118400.0,118570.0,118360.0,118360.0,0.13073174,1752926399999
1752926400000,118360.0,118380.0,118200.0,118380.0,0.06109257,1752933599999
1752933600000,118140.0,118250.0,117770.0,118130.0,0.07512889,1752940799999
1752940800000,118090.0,118150.0,117820.0,117820.0,0.13335321,1752947999999
1752948000000,117860.0,118200.0,117680.0,118080.0,0.32335221,1752955199999
1752955200000,118080.0,118140.0,117340.0,117750.0,0.92667408,1752962399999
1752962400000,117650.0,117990.0,117650.0,117920.0,2.62289952,1752969599999
1752969600000,117880.0,118100.0,117710.0,118020.0,1.08100264,1752976799999
1752976800000,118000.0,118210.0,117850.0,118060.0,0.14590529,1752983999999
1752984000000,118020.0,118030.0,117890.0,117920.0,0.06046237,1752991199999
1752991200000,117850.0,118270.0,117850.0,118080.0,1.43333281,1752998399999
1752998400000,118090.0,118320.0,117980.0,117980.0,3.76974095,1753005599999
1753005600000,118010.0,118120.0,117890.0,117910.0,1.77742216,1753012799999
1753012800000,117840.0,118430.0,117790.0,118430.0,1.52195863,1753019999999
1753020000000,118590.0,118830.0,118440.0,118700.0,0.48642337,1753027199999
1753027200000,118750.0,118880.0,118020.0,118030.0,1.05570373,1753034399999
1753034400000,118070.0,118570.0,118070.0,118390.0,0.18088684,1753041599999
1753041600000,118050.0,118140.0,117900.0,118030.0,0.22605971,1753048799999
1753048800000,117850.0,117900.0,116540.0,117280.0,0.97276482,1753055999999
1753056000000,117190.0,117350.0,116620.0,116890.0,0.42567977,1753063199999
1753063200000,117810.0,118670.0,117790.0,118480.0,0.60972937,1753070399999
1753070400000,118370.0,118670.0,118220.0,118380.0,0.11606132,1753077599999
1753077600000,118350.0,119680.0,118350.0,119390.0,0.57906805,1753084799999
1753084800000,119390.0,119490.0,118570.0,118750.0,0.78414638,1753091999999
1753092000000,118670.0,118850.0,118340.0,118340.0,0.92421166,1753099199999
1753099200000,118120.0,119000.0,117870.0,118850.0,0.49094348,1753106399999
1753106400000,118800.0,119180.0,118360.0,118360.0,0.52457397,1753113599999
1753113600000,118410.0,118410.0,117430.0,117920.0,0.90329264,1753120799999
1753120800000,117930.0,118240.0,116740.0,116820.0,1.84278908,1753127999999
1753128000000,116850.0,117440.0,116720.0,117270.0,0.40013747,1753135199999
1753135200000,117310.0,117670.0,117180.0,117480.0,0.14652791,1753142399999
1753142400000,117360.0,118010.0,116210.0,118010.0,1.16138256,1753149599999
1753149600000,117700.0,117700.0,116800.0,117240.0,0.74095201,1753156799999
1753156800000,117220.0,117410.0,116710.0,117310.0,0.35234258,1753163999999
1753164000000,117370.0,118620.0,117340.0,117890.0,0.58255818,1753171199999
1753171200000,118010.0,118670.0,117620.0,118450.0,0.58815151,1753178399999
1753178400000,118380.0,119210.0,118380.0,119210.0,1.04347903,1753185599999
1753185600000,119200.0,119660.0,118290.0,118290.0,1.37358618,1753192799999
1753192800000,118090.0,119170.0,117680.0,118950.0,1.35300208,1753199999999
1753200000000,118970.0,119300.0,118610.0,119220.0,0.79718278,1753207199999
1753207200000,119220.0,120230.0,119160.0,119310.0,0.66913241,1753214399999
1753214400000,119530.0,119840.0,119530.0,119630.0,0.20468963,1753221599999
1753221600000,119600.0,120230.0,119600.0,119890.0,0.66764246,1753228799999
1753228800000,119990.0,120020.0,119510.0,119540.0,0.09812427,1753235999999
1753236000000,119450.0,119450.0,118620.0,118620.0,0.43435317,1753243199999
1753243200000,118730.0,118950.0,118730.0,118820.0,0.14511611,1753250399999
1753250400000,118690.0,118730.0,118420.0,118470.0,0.86350487,1753257599999
1753257600000,118330.0,118570.0,118000.0,118130.0,0.87298875,1753264799999
1753264800000,118030.0,118640.0,117990.0,118640.0,0.38757427,1753271999999
1753272000000,118520.0,118700.0,117450.0,117490.0,0.52892266,1753279199999
1753279200000,117480.0,118750.0,117480.0,118620.0,1.24515098,1753286399999
1753286400000,118610.0,118610.0,117450.0,117890.0,1.96293616,1753293599999
1753293600000,118230.0,118440.0,118100.0,118370.0,0.29332889,1753300799999
1753300800000,118470.0,118470.0,117540.0,118110.0,0.46439888,1753307999999
1753308000000,118140.0,118800.0,118070.0,118780.0,0.493198,1753315199999
1753315200000,118770.0,119170.0,118680.0,119100.0,0.37789851,1753322399999
1753322400000,118990.0,119280.0,118670.0,118670.0,0.16955267,1753329599999
1753329600000,118540.0,118540.0,117650.0,117650.0,0.26159679,1753336799999
1753336800000,117860.0,118520.0,117230.0,118520.0,0.42301358,1753343999999
1753344000000,118320.0,118840.0,118320.0,118470.0,0.4733823,1753351199999
1753351200000,118570.0,118750.0,118140.0,118690.0,0.10944182,1753358399999
1753358400000,118640.0,118750.0,118340.0,118340.0,0.22087764,1753365599999
1753365600000,118380.0,119530.0,117980.0,119120.0,1.93939501,1753372799999
1753372800000,119050.0,119350.0,118560.0,119350.0,0.51535952,1753379999999
1753380000000,119130.0,119430.0,119000.0,119000.0,1.57325041,1753387199999
1753387200000,119030.0,119030.0,118530.0,118660.0,0.16751301,1753394399999
1753394400000,118590.0,118590.0,118250.0,118370.0,0.23658242,1753401599999
1753401600000,118390.0,118390.0,117290.0,117430.0,0.69532388,1753408799999
1753408800000,117420.0,117420.0,115390.0,115460.0,4.68719709,1753415999999
1753416000000,115460.0,115960.0,115120.0,115600.0,0.58011047,1753423199999
1753423200000,115460.0,115900.0,114770.0,114980.0,2.02130833,1753430399999
1753430400000,115540.0,115930.0,115140.0,115930.0,0.70399864,1753437599999
1753437600000,116160.0,116750.0,116140.0,116530.0,0.8738375,1753444799999
1753444800000,116450.0,116530.0,115730.0,116140.0,1.64138521,1753451999999
1753452000000,116250.0,116250.0,114940.0,115800.0,0.90527517,1753459199999
1753459200000,115690.0,116330.0,115490.0,116190.0,0.2951687,1753466399999
1753466400000,116120.0,117000.0,116100.0,116670.0,0.26730041,1753473599999
1753473600000,116750.0,117370.0,116750.0,117060.0,0.10750348,1753480799999
1753480800000,117220.0,117640.0,117150.0,117570.0,0.35000048,1753487999999
1753488000000,117550.0,117570.0,117260.0,117260.0,0.25266318,1753495199999
1753495200000,117550.0,117700.0,117480.0,117570.0,0.3021054,1753502399999
1753502400000,117500.0,117520.0,117500.0,117500.0,0.02362133,1753509599999
1753509600000,117400.0,117460.0,117360.0,117410.0,0.07722512,1753516799999
1753516800000,117370.0,117640.0,117370.0,117500.0,0.14559758,1753523999999
1753524000000,117790.0,118230.0,117790.0,117980.0,0.17774884,1753531199999
1753531200000,117800.0,118260.0,117800.0,118180.0,0.23863649,1753538399999
1753538400000,118170.0,118200.0,117920.0,118180.0,0.04595824,1753545599999
1753545600000,118160.0,118180.0,118050.0,118060.0,0.13929973,1753552799999
1753552800000,118120.0,118250.0,118090.0,118250.0,0.30419509,1753559999999
1753560000000,118170.0,118170.0,117930.0,118090.0,0.11216058,1753567199999
1753567200000,118090.0,118270.0,117950.0,117950.0,0.30996859,1753574399999
1753574400000,117970.0,118170.0,117870.0,118130.0,0.14804672,1753581599999
1753581600000,118150.0,118420.0,118100.0,118160.0,0.39370245,1753588799999
1753588800000,118200.0,118280.0,118200.0,118280.0,0.03388402,1753595999999
1753596000000,118310.0,118450.0,118120.0,118120.0,0.12095846,1753603199999
1753603200000,118190.0,118190.0,117910.0,117930.0,0.17123282,1753610399999
1753610400000,118240.0,118300.0,118110.0,118110.0,0.53026331,1753617599999
1753617600000,118110.0,118250.0,117940.0,118210.0,0.38067591,1753624799999
1753624800000,118370.0,118630.0,118330.0,118630.0,0.44149783,1753631999999
1753632000000,118770.0,119570.0,118750.0,119150.0,1.07889039,1753639199999
1753639200000,119300.0,119300.0,118980.0,119000.0,0.35659582,1753646399999
1753646400000,119110.0,119200.0,118810.0,119200.0,0.32387331,1753653599999
1753653600000,119580.0,119760.0,119200.0,119400.0,0.36351591,1753660799999
1753660800000,119440.0,119720.0,119080.0,119080.0,0.5859368,1753667999999
1753668000000,119090.0,119820.0,119090.0,119300.0,0.21305543,1753675199999
1753675200000,119350.0,119630.0,119190.0,119570.0,0.85291472,1753682399999
1753682400000,119570.0,119620.0,118880.0,118960.0,0.25343365,1753689599999
1753689600000,119050.0,119140.0,118790.0,118850.0,0.44841732,1753696799999
1753696800000,118880.0,118880.0,118520.0,118830.0,0.22803785,1753703999999
1753704000000,118860.0,119040.0,118400.0,118750.0,1.04712263,1753711199999
1753711200000,118590.0,118590.0,117930.0,118200.0,0.79301804,1753718399999
1753718400000,118140.0,118310.0,117740.0,117890.0,0.51588353,1753725599999
1753725600000,117670.0,118160.0,117480.0,118090.0,0.65338333,1753732799999
1753732800000,118090.0,118330.0,117550.0,117980.0,0.2964479,1753739999999
1753740000000,118230.0,118230.0,117790.0,118050.0,0.10281843,1753747199999
1753747200000,117980.0,118410.0,117720.0,118040.0,0.36358705,1753754399999
1753754400000,117920.0,118690.0,117500.0,118690.0,0.12609544,1753761599999
1753761600000,118800.0,118830.0,118460.0,118810.0,0.1271888,1753768799999
1753768800000,118810.0,119280.0,118750.0,118850.0,0.57592798,1753775999999
1753776000000,118880.0,119010.0,118780.0,118930.0,0.05908499,1753783199999
1753783200000,118670.0,118730.0,118180.0,118480.0,0.32467666,1753790399999
1753790400000,118600.0,118990.0,118530.0,118610.0,0.48135427,1753797599999
1753797600000,118480.0,118510.0,117340.0,117510.0,0.36509582,1753804799999
1753804800000,117420.0,117990.0,116980.0,117770.0,0.53407372,1753811999999
1753812000000,117750.0,117990.0,117440.0,117590.0,0.19982926,1753819199999
1753819200000,117320.0,117790.0,117090.0,117470.0,0.353902,1753826399999
1753826400000,117690.0,117870.0,117460.0,117780.0,0.09176798,1753833599999
1753833600000,117910.0,117910.0,117400.0,117560.0,0.09769803,1753840799999
1753840800000,117830.0,118200.0,117830.0,118190.0,0.04919174,1753847999999
1753848000000,118170.0,118170.0,117690.0,117920.0,0.04790732,1753855199999
1753855200000,118070.0,118340.0,118070.0,118330.0,0.13140915,1753862399999
1753862400000,118120.0,118440.0,117970.0,118090.0,0.43738051,1753869599999
1753869600000,118300.0,118430.0,117430.0,117430.0,0.28984653,1753876799999
1753876800000,117680.0,117860.0,117450.0,117620.0,0.39688912,1753883999999
1753884000000,117860.0,118710.0,117780.0,117950.0,0.67424079,1753891199999
1753891200000,117820.0,117820.0,117670.0,117790.0,0.3161893,1753898399999
1753898400000,117790.0,117800.0,115880.0,117020.0,1.53093573,1753905599999
1753905600000,117000.0,117290.0,116940.0,117270.0,0.15979575,1753912799999
1753912800000,117350.0,117870.0,117350.0,117850.0,0.23301342,1753919999999
1753920000000,117840.0,118520.0,117790.0,117980.0,0.79240838,1753927199999
1753927200000,118100.0,118630.0,118080.0,118450.0,0.55878583,1753934399999
1753934400000,118460.0,118550.0,118340.0,118340.0,0.66257822,1753941599999
1753941600000,118350.0,118910.0,118320.0,118700.0,0.1925266,1753948799999
1753948800000,118720.0,118720.0,118530.0,118550.0,0.13919043,1753955999999
1753956000000,118590.0,118690.0,118400.0,118400.0,0.1444555,1753963199999
1753963200000,118330.0,118700.0,117850.0,118590.0,0.17821991,1753970399999
1753970400000,118440.0,118440.0,117900.0,118120.0,0.24841578,1753977599999
1753977600000,118370.0,118840.0,117740.0,117740.0,0.45514654,1753984799999
1753984800000,117600.0,117980.0,116800.0,116800.0,0.43001347,1753991999999
1753992000000,116830.0,116880.0,116250.0,116540.0,0.37019614,1753999199999
1753999200000,116320.0,116360.0,115500.0,115840.0,1.41145235,1754006399999
1754006400000,115400.0,115860.0,114380.0,115200.0,1.00901064,1754013599999
1754013600000,115470.0,115860.0,115470.0,115690.0,0.10090289,1754020799999
1754020800000,115630.0,115860.0,115360.0,115580.0,0.14539095,1754027999999
1754028000000,115430.0,115550.0,114670.0,114780.0,0.72399741,1754035199999
1754035200000,114980.0,115320.0,114110.0,114920.0,0.52885428,1754042399999
1754042400000,114890.0,115160.0,114600.0,114920.0,0.49769053,1754049599999
1754049600000,115330.0,115970.0,114310.0,114520.0,0.64887547,1754056799999
1754056800000,114100.0,115740.0,113960.0,115390.0,1.59295049,1754063999999
1754064000000,115460.0,115670.0,114330.0,114330.0,1.40411592,1754071199999
1754071200000,114470.0,114470.0,113190.0,113270.0,1.62364618,1754078399999
1754078400000,113470.0,113980.0,113140.0,113700.0,0.34406494,1754085599999
1754085600000,113510.0,113610.0,112700.0,113290.0,0.74576973,1754092799999
1754092800000,113220.0,113860.0,113210.0,113430.0,0.10435171,1754099999999
1754100000000,113600.0,113810.0,113600.0,113790.0,0.02862279,1754107199999
1754107200000,113910.0,114010.0,113840.0,113930.0,0.29171779,1754114399999
1754114400000,113970.0,114020.0,113450.0,113990.0,0.72080445,1754121599999
1754121600000,113930.0,113930.0,113650.0,113650.0,0.11487117,1754128799999
1754128800000,113710.0,113730.0,113500.0,113730.0,0.06131603,1754135999999
1754136000000,113700.0,113730.0,113290.0,113350.0,0.12458965,1754143199999
1754143200000,113350.0,113380.0,112810.0,112810.0,0.54885182,1754150399999
1754150400000,112810.0,113320.0,112640.0,112640.0,1.51801847,1754157599999
1754157600000,112500.0,112770.0,112000.0,112340.0,1.56783886,1754164799999
1754164800000,112240.0,113040.0,112060.0,113000.0,0.14728001,1754171999999
1754172000000,113000.0,113020.0,112340.0,112340.0,0.41526392,1754179199999
1754179200000,112530.0,113190.0,111930.0,113060.0,0.67875925,1754186399999
1754186400000,113160.0,113740.0,113160.0,113640.0,0.36908479,1754193599999
1754193600000,113460.0,113530.0,113330.0,113330.0,0.01780266,1754200799999
1754200800000,113560.0,113730.0,113560.0,113730.0,0.00971674,1754207999999
1754208000000,113750.0,113810.0,113600.0,113690.0,0.10711853,1754215199999
1754215200000,113700.0,114140.0,113700.0,114020.0,0.1095565,1754222399999
1754222400000,113850.0,114030.0,113670.0,113910.0,1.35106978,1754229599999
1754229600000,113850.0,113950.0,113600.0,113950.0,0.15070864,1754236799999
1754236800000,113940.0,114190.0,113820.0,114070.0,0.04504365,1754243999999
1754244000000,114060.0,114780.0,114060.0,114360.0,0.18751881,1754251199999
1754251200000,114290.0,114500.0,114230.0,114390.0,0.07444055,1754258399999
1754258400000,114230.0,114260.0,114120.0,114230.0,0.02861545,1754265599999
1754265600000,114150.0,114920.0,114150.0,114790.0,0.46752537,1754272799999
1754272800000,114670.0,114790.0,114450.0,114660.0,0.08399506,1754279999999
1754280000000,114450.0,114450.0,114340.0,114340.0,0.05734077,1754287199999
1754287200000,114300.0,114860.0,114170.0,114860.0,0.15034252,1754294399999
1754294400000,114660.0,114660.0,114400.0,114410.0,0.04957449,1754301599999
1754301600000,114370.0,114520.0,114260.0,114520.0,0.03638004,1754308799999
1754308800000,114520.0,114820.0,114140.0,114810.0,0.06792625,1754315999999
1754316000000,114930.0,115480.0,114670.0,114670.0,0.31993149,1754323199999
1754323200000,114970.0,115680.0,114970.0,115270.0,0.12866852,1754330399999
1754330400000,115110.0,115260.0,114830.0,114830.0,0.00829071,1754337599999
1754337600000,114680.0,115200.0,114680.0,115170.0,0.13150343,1754344799999
1754344800000,115210.0,115360.0,115070.0,115130.0,0.164699,1754351999999
1754352000000,115020.0,115020.0,114730.0,114730.0,0.0873111,1754359199999
1754359200000,114470.0,114490.0,114300.0,114300.0,0.02884184,1754366399999
1754366400000,114250.0,114430.0,114200.0,114430.0,0.29279504,1754373599999
1754373600000,114440.0,114510.0,113770.0,114120.0,0.21147985,1754380799999
1754380800000,114280.0,114660.0,114270.0,114640.0,0.15675207,1754387999999
1754388000000,114900.0,115030.0,114760.0,114760.0,0.5267829,1754395199999
1754395200000,114860.0,114900.0,113480.0,114360.0,0.38850433,1754402399999
1754402400000,114370.0,114370.0,112700.0,112790.0,1.22152895,1754409599999
1754409600000,113050.0,113590.0,113050.0,113580.0,0.15941382,1754416799999
1754416800000,113580.0,113740.0,113380.0,113410.0,0.08687308,1754423999999
1754424000000,113580.0,113700.0,113560.0,113670.0,0.09589776,1754431199999
1754431200000,113340.0,114130.0,113340.0,114130.0,0.14271499,1754438399999
1754438400000,113900.0,113900.0,113610.0,113710.0,0.03159361,1754445599999
1754445600000,113670.0,113710.0,113490.0,113490.0,0.02667671,1754452799999
1754452800000,113470.0,114350.0,113320.0,114170.0,0.47334483,1754459999999
1754460000000,114090.0,114260.0,113970.0,114200.0,0.1245196,1754467199999
1754467200000,114180.0,114200.0,113750.0,113960.0,0.08288297,1754474399999
1754474400000,114150.0,114330.0,114130.0,114330.0,0.06414806,1754481599999
1754481600000,114280.0,114280.0,113740.0,114270.0,0.28315224,1754488799999
1754488800000,114380.0,115500.0,114010.0,115430.0,0.39914611,1754495999999
1754496000000,115430.0,115510.0,115010.0,115490.0,0.17636165,1754503199999
1754503200000,115680.0,115750.0,115170.0,115240.0,0.43718422,1754510399999
1754510400000,115240.0,115280.0,114870.0,114870.0,0.38434174,1754517599999
1754517600000,115180.0,115200.0,115070.0,115080.0,0.03730868,1754524799999
1754524800000,114940.0,115150.0,114680.0,114680.0,0.02513676,1754531999999
1754532000000,114760.0,114760.0,114500.0,114630.0,0.14984989,1754539199999
1754539200000,114420.0,114530.0,114420.0,114530.0,0.00621827,1754546399999
1754546400000,114610.0,114810.0,114570.0,114780.0,0.20282776,1754553599999
1754553600000,114990.0,115190.0,114980.0,115050.0,0.216749,1754560799999
1754560800000,115140.0,116820.0,115140.0,116610.0,0.69155301,1754567999999
1754568000000,116580.0,116750.0,116060.0,116640.0,0.23796394,1754575199999
1754575200000,116640.0,116780.0,116180.0,116780.0,0.35540847,1754582399999
1754582400000,116750.0,116760.0,115680.0,116340.0,0.2964138,1754589599999
1754589600000,116500.0,117570.0,116230.0,117500.0,0.1270479,1754596799999
1754596800000,117470.0,117480.0,117120.0,117220.0,0.28066361,1754603999999
1754604000000,117210.0,117600.0,117150.0,117510.0,0.10991448,1754611199999
1754611200000,117460.0,117460.0,116830.0,116950.0,0.11096587,1754618399999
1754618400000,116950.0,117000.0,116740.0,116760.0,0.06113576,1754625599999
1754625600000,116870.0,116870.0,116610.0,116610.0,0.18216,1754632799999
1754632800000,116610.0,116860.0,116550.0,116850.0,0.06377734,1754639999999
1754640000000,116870.0,116930.0,116530.0,116670.0,0.11677834,1754647199999
1754647200000,116650.0,116850.0,116440.0,116850.0,0.27667695,1754654399999
1754654400000,116650.0,116900.0,116550.0,116870.0,0.52907859,1754661599999
1754661600000,116920.0,117300.0,115930.0,116150.0,1.29035278,1754668799999
1754668800000,116340.0,116640.0,116100.0,116640.0,0.36603369,1754675999999
1754676000000,116800.0,116910.0,116430.0,116510.0,0.35406038,1754683199999
1754683200000,116460.0,116980.0,116390.0,116980.0,0.27635415,1754690399999
1754690400000,116940.0,116970.0,116710.0,116730.0,0.01430626,1754697599999
1754697600000,116660.0,116660.0,116570.0,116590.0,0.10718422,1754704799999
1754704800000,116480.0,116480.0,116360.0,116370.0,0.70552261,1754711999999
1754712000000,116510.0,116980.0,116440.0,116880.0,0.08403251,1754719199999
1754719200000,116710.0,116920.0,116580.0,116830.0,0.35486095,1754726399999
1754726400000,116780.0,117510.0,116780.0,117510.0,0.89787626,1754733599999
1754733600000,117550.0,117880.0,117130.0,117140.0,0.80345172,1754740799999
1754740800000,117230.0,117240.0,116910.0,116970.0,0.46535576,1754747999999
1754748000000,116970.0,117130.0,116750.0,116890.0,0.29818847,1754755199999
1754755200000,116930.0,116960.0,116680.0,116680.0,0.09972625,1754762399999
1754762400000,116690.0,116800.0,116590.0,116600.0,0.23698682,1754769599999
1754769600000,116560.0,116940.0,116440.0,116610.0,0.29936524,1754776799999
1754776800000,116710.0,116710.0,116540.0,116550.0,0.11104184,1754783999999
1754784000000,116570.0,116700.0,116570.0,116690.0,0.07312301,1754791199999
1754791200000,116760.0,118490.0,116730.0,118480.0,0.2556832,1754798399999
1754798400000,118560.0,118750.0,117990.0,118020.0,0.31991724,1754805599999
1754805600000,118090.0,118230.0,117500.0,117790.0,0.29008031,1754812799999
1754812800000,117820.0,118420.0,117650.0,118420.0,0.30046132,1754819999999
1754820000000,118290.0,118480.0,117940.0,118480.0,0.69106503,1754827199999
1754827200000,118350.0,118740.0,118250.0,118460.0,0.45289117,1754834399999
1754834400000,118420.0,119000.0,118370.0,118790.0,0.56493168,1754841599999
1754841600000,118790.0,118970.0,118470.0,118530.0,0.32755942,1754848799999
1754848800000,118510.0,118660.0,118440.0,118660.0,0.14830312,1754855999999
1754856000000,118670.0,118750.0,118170.0,118730.0,0.54740563,1754863199999
1754863200000,118750.0,119320.0,118640.0,119280.0,0.76381658,1754870399999
1754870400000,119330.0,120000.0,119010.0,120000.0,1.54959343,1754877599999
1754877600000,120070.0,122120.0,120060.0,121700.0,5.71221261,1754884799999
1754884800000,121770.0,122280.0,121600.0,122030.0,5.4929713,1754891999999
1754892000000,122070.0,122300.0,121470.0,121510.0,6.23573278,1754899199999
1754899200000,121540.0,121760.0,121130.0,121380.0,1.83589991,1754906399999
1754906400000,121410.0,121440.0,120330.0,120520.0,1.53706629,1754913599999
1754913600000,120570.0,120570.0,119400.0,119920.0,0.89376382,1754920799999
1754920800000,120090.0,120480.0,119870.0,120180.0,0.31929042,1754927999999
1754928000000,120260.0,120840.0,119580.0,119590.0,0.47976753,1754935199999
1754935200000,119500.0,119870.0,118680.0,119050.0,0.29285143,1754942399999
1754942400000,118750.0,119150.0,118100.0,118620.0,0.5951667,1754949599999
1754949600000,118630.0,118840.0,118390.0,118750.0,0.38583361,1754956799999
1754956800000,118700.0,119100.0,118650.0,119080.0,2.02675616,1754963999999
1754964000000,118900.0,119260.0,118830.0,118830.0,0.28345648,1754971199999
1754971200000,118950.0,119140.0,118530.0,118590.0,0.37536006,1754978399999
1754978400000,118870.0,119200.0,118640.0,119080.0,1.03192106,1754985599999
1754985600000,118920.0,119030.0,118450.0,118450.0,1.44124799,1754992799999
1754992800000,118340.0,118620.0,118230.0,118420.0,0.31447379,1754999999999
1755000000000,118470.0,119510.0,118330.0,118810.0,1.73513399,1755007199999
1755007200000,118810.0,119900.0,118810.0,119650.0,0.91516952,1755014399999
1755014400000,119990.0,120170.0,119260.0,119260.0,1.31541866,1755021599999
1755021600000,119480.0,119940.0,119360.0,119700.0,0.40053503,1755028799999
1755028800000,119660.0,120300.0,119660.0,119790.0,2.96068929,1755035999999
1755036000000,119920.0,120280.0,119640.0,120200.0,10.68315054,1755043199999
1755043200000,120060.0,120190.0,119390.0,119420.0,12.09105923,1755050399999
1755050400000,119430.0,119720.0,119120.0,119500.0,2.00513497,1755057599999
1755057600000,119640.0,119820.0,118960.0,119040.0,0.58709555,1755064799999
1755064800000,119010.0,119600.0,119010.0,119600.0,1.40032964,1755071999999
1755072000000,119570.0,120150.0,119570.0,120070.0,0.55902893,1755079199999
1755079200000,120190.0,120730.0,120170.0,120600.0,0.18080475,1755086399999
1755086400000,120460.0,122010.0,120190.0,121870.0,0.55953868,1755093599999
1755093600000,122050.0,122210.0,120400.0,120970.0,1.14464511,1755100799999
1755100800000,121000.0,121860.0,121000.0,121850.0,0.88758114,1755107999999
1755108000000,121890.0,122860.0,121500.0,122780.0,7.57070542,1755115199999
1755115200000,122820.0,123050.0,122380.0,122600.0,3.234404,1755122399999
1755122400000,122740.0,123720.0,122740.0,123330.0,5.23134843,1755129599999
1755129600000,123340.0,124480.0,123270.0,123390.0,7.71316145,1755136799999
1755136800000,123420.0,123890.0,123300.0,123400.0,1.04590493,1755143999999
1755144000000,123410.0,123470.0,122180.0,122270.0,1.10448952,1755151199999
1755151200000,122000.0,122070.0,121410.0,121810.0,1.32126844,1755158399999
1755158400000,121730.0,121920.0,121580.0,121730.0,1.69400298,1755165599999
1755165600000,121690.0,121830.0,120790.0,121030.0,0.57871344,1755172799999
1755172800000,121040.0,121150.0,117810.0,118860.0,6.57789844,1755179999999
1755180000000,118390.0,119270.0,117980.0,118280.0,0.77457091,1755187199999
1755187200000,118220.0,118230.0,117500.0,117770.0,1.53638292,1755194399999
1755194400000,117940.0,118560.0,117250.0,118160.0,0.5240512,1755201599999
1755201600000,117940.0,118230.0,117430.0,117680.0,0.47543266,1755208799999
1755208800000,117790.0,118620.0,117710.0,118510.0,0.09948609,1755215999999
1755216000000,118330.0,118830.0,118130.0,118780.0,0.2534353,1755223199999
1755223200000,118710.0,119130.0,118710.0,119060.0,0.14554709,1755230399999
1755230400000,119060.0,119290.0,118760.0,118870.0,0.71330961,1755237599999
1755237600000,119180.0,119310.0,118870.0,118880.0,0.47319092,1755244799999
1755244800000,119040.0,119150.0,118780.0,118780.0,0.5061999,1755251999999
1755252000000,118910.0,119160.0,118910.0,119160.0,0.2705072,1755259199999
1755259200000,119040.0,119210.0,117880.0,117890.0,0.70700314,1755266399999
1755266400000,117790.0,118220.0,116930.0,117310.0,1.56991988,1755273599999
1755273600000,117310.0,117900.0,116950.0,117810.0,1.09585807,1755280799999
1755280800000,117470.0,117470.0,116940.0,117000.0,0.44920626,1755287999999
1755288000000,116930.0,117400.0,116930.0,117250.0,0.04769763,1755295199999
1755295200000,117400.0,117820.0,117260.0,117430.0,0.29958767,1755302399999
1755302400000,117330.0,117970.0,117330.0,117970.0,0.06858091,1755309599999
1755309600000,117830.0,117830.0,117530.0,117650.0,0.244825,1755316799999
1755316800000,117670.0,117970.0,117670.0,117710.0,0.37244615,1755323999999
1755324000000,117710.0,117760.0,117410.0,117740.0,4.78929709,1755331199999
1755331200000,117640.0,117800.0,117390.0,117390.0,0.83203593,1755338399999
1755338400000,117340.0,117580.0,117270.0,117470.0,0.12638675,1755345599999
1755345600000,117430.0,117890.0,117430.0,117730.0,5.02218578,1755352799999
1755352800000,117760.0,117860.0,117640.0,117780.0,1.05461056,1755359999999
1755360000000,117800.0,117880.0,117750.0,117790.0,0.77070172,1755367199999
1755367200000,117760.0,117850.0,117750.0,117830.0,3.45325329,1755374399999
1755374400000,117680.0,117770.0,117520.0,117520.0,0.66456847,1755381599999
1755381600000,117460.0,117590.0,117300.0,117460.0,0.7643042,1755388799999
1755388800000,117460.0,117460.0,117430.0,117430.0,0.13698,1755395999999
1755403200000,118220.0,118300.0,118090.0,118090.0,3.10545387,1755410399999
1755410400000,118260.0,118260.0,117960.0,117960.0,1.84229877,1755417599999
1755417600000,118120.0,118460.0,118120.0,118350.0,0.077925,1755424799999
1755424800000,118390.0,118440.0,118250.0,118380.0,0.57613134,1755431999999
1755432000000,118390.0,118560.0,118160.0,118490.0,0.2462488,1755439199999
1755439200000,118490.0,118490.0,118210.0,118310.0,0.28915224,1755446399999
1755446400000,118390.0,118390.0,117800.0,117960.0,0.82816487,1755453599999
1755453600000,117970.0,117970.0,117450.0,117650.0,0.88114201,1755460799999
1755460800000,117600.0,117820.0,117600.0,117730.0,0.32344489,1755467999999
1755468000000,117810.0,118060.0,117470.0,117480.0,0.67438751,1755475199999
1755475200000,117460.0,117510.0,116260.0,116330.0,1.04460802,1755482399999
1755482400000,116340.0,116340.0,115100.0,115440.0,4.04655973,1755489599999
1755489600000,115330.0,115770.0,115150.0,115650.0,0.89717574,1755496799999
1755496800000,115590.0,115590.0,114960.0,115370.0,0.6201011,1755503999999
1755504000000,115250.0,115440.0,114740.0,115190.0,0.63310093,1755511199999
1755511200000,115160.0,115290.0,114960.0,114960.0,0.07808468,1755518399999
1755518400000,115180.0,115800.0,114900.0,114900.0,0.14452076,1755525599999
1755525600000,114940.0,116210.0,114940.0,116180.0,0.38468617,1755532799999
1755532800000,116170.0,116880.0,115950.0,116610.0,0.42874904,1755539999999
1755540000000,116370.0,116640.0,116280.0,116310.0,1.82456412,1755547199999
1755547200000,116430.0,116720.0,116140.0,116590.0,0.46272523,1755554399999
1755554400000,116930.0,117020.0,116160.0,116160.0,0.09915271,1755561599999
1755561600000,116290.0,116290.0,115720.0,115870.0,0.05297719,1755568799999
1755568800000,115810.0,116040.0,114880.0,114880.0,0.20035152,1755575999999
1755576000000,114800.0,115510.0,114460.0,114990.0,1.94578484,1755583199999
1755583200000,115140.0,115150.0,114850.0,115050.0,0.04744429,1755590399999
1755590400000,115030.0,115450.0,114920.0,115330.0,0.50212869,1755597599999
1755597600000,115440.0,115610.0,115440.0,115570.0,0.24597778,1755604799999
1755604800000,115510.0,115890.0,114950.0,115230.0,4.56908987,1755611999999
1755612000000,115320.0,115360.0,113600.0,113800.0,3.4498374,1755619199999
1755619200000,113820.0,113880.0,113130.0,113360.0,2.65281195,1755626399999
1755626400000,113450.0,113450.0,112770.0,113110.0,0.81954853,1755633599999
1755633600000,113090.0,113550.0,113080.0,113440.0,0.20343753,1755640799999
1755640800000,113420.0,113420.0,112750.0,112770.0,0.80217718,1755647999999
1755648000000,113080.0,113300.0,112590.0,113010.0,0.43369384,1755655199999
1755655200000,113030.0,113480.0,113030.0,113370.0,0.12092797,1755662399999
1755662400000,113700.0,113700.0,113500.0,113630.0,0.01025784,1755669599999
1755669600000,113540.0,113750.0,113450.0,113450.0,0.85937539,1755676799999
1755676800000,113510.0,114030.0,113440.0,113720.0,0.4241068,1755683999999
1755684000000,113710.0,113850.0,113170.0,113550.0,0.26618196,1755691199999
1755691200000,113920.0,113920.0,112610.0,112690.0,1.80280373,1755698399999
1755698400000,112710.0,114310.0,112420.0,113400.0,2.01837025,1755705599999
1755705600000,113350.0,114450.0,113350.0,114130.0,1.15823787,1755712799999
1755712800000,114270.0,114320.0,113400.0,114320.0,1.77672823,1755719999999
1755720000000,114150.0,114480.0,114020.0,114380.0,2.34857028,1755727199999
1755727200000,114380.0,114620.0,114240.0,114280.0,0.9406417,1755734399999
1755734400000,114250.0,114680.0,113980.0,114680.0,1.32449899,1755741599999
1755741600000,114800.0,114800.0,113920.0,114010.0,0.40236587,1755748799999
1755748800000,113910.0,114000.0,113650.0,114000.0,0.23637194,1755755999999
1755756000000,113650.0,113880.0,113650.0,113880.0,0.34771414,1755763199999
1755763200000,113890.0,113940.0,113300.0,113410.0,0.7298575,1755770399999
1755770400000,113330.0,113500.0,113050.0,113070.0,0.27835262,1755777599999
1755777600000,113110.0,113680.0,112950.0,113550.0,0.9109569,1755784799999
1755784800000,113430.0,113850.0,112780.0,112780.0,0.57274074,1755791999999
1755792000000,112880.0,112920.0,112210.0,112350.0,0.41561433,1755799199999
1755799200000,112500.0,112690.0,111990.0,112100.0,2.59484883,1755806399999
1755806400000,112220.0,112830.0,112050.0,112500.0,1.49127397,1755813599999
1755813600000,112620.0,112620.0,112300.0,112380.0,0.27948395,1755820799999
1755820800000,112570.0,112790.0,112550.0,112790.0,0.11323054,1755827999999
1755828000000,113030.0,113470.0,112870.0,112870.0,0.19235768,1755835199999
1755835200000,113060.0,113110.0,112660.0,113060.0,0.10036669,1755842399999
1755842400000,113180.0,113300.0,112930.0,113210.0,0.52978163,1755849599999
1755849600000,113290.0,113320.0,112850.0,113040.0,0.11978374,1755856799999
1755856800000,112980.0,112980.0,112100.0,112230.0,1.53074066,1755863999999
1755864000000,112250.0,112670.0,111700.0,112380.0,2.06305726,1755871199999
1755871200000,112490.0,117260.0,112490.0,116440.0,3.38346294,1755878399999
1755878400000,116560.0,116970.0,116140.0,116970.0,7.25275192,1755885599999
1755885600000,117110.0,117450.0,116500.0,116670.0,4.19190387,1755892799999
1755892800000,116680.0,117110.0,116610.0,117010.0,0.43212381,1755899999999
1755900000000,117040.0,117040.0,116550.0,116830.0,1.26185159,1755907199999
1755907200000,116930.0,116990.0,116270.0,116410.0,1.67927134,1755914399999
1755914400000,116460.0,116490.0,115430.0,115530.0,1.20301181,1755921599999
1755921600000,115660.0,115940.0,115660.0,115940.0,0.34301321,1755928799999
1755928800000,115950.0,115950.0,115660.0,115770.0,0.89535025,1755935999999
1755936000000,115800.0,115850.0,115590.0,115650.0,0.50779597,1755943199999
1755943200000,115680.0,115720.0,115480.0,115480.0,0.07254005,1755950399999
1755950400000,115190.0,115390.0,114760.0,114880.0,0.05710456,1755957599999
1755957600000,114820.0,114930.0,114650.0,114790.0,0.87787419,1755964799999
1755964800000,114780.0,115120.0,114670.0,115120.0,1.03707617,1755971999999
1755972000000,115160.0,115160.0,115070.0,115090.0,0.033126,1755979199999
1755979200000,115210.0,115210.0,115010.0,115010.0,0.0927505,1755986399999
1755986400000,115160.0,115250.0,115160.0,115250.0,0.0088905,1755993599999
1755993600000,115490.0,115510.0,115490.0,115510.0,0.01315947,1756000799999
1756008000000,115130.0,115140.0,115100.0,115140.0,0.59070799,1756015199999
1756015200000,114850.0,114910.0,114850.0,114910.0,4.2137E-4,1756022399999
1756022400000,114830.0,114860.0,114680.0,114840.0,0.06040239,1756029599999
1756029600000,114800.0,114830.0,114520.0,114650.0,1.27224402,1756036799999
1756036800000,114570.0,114680.0,114540.0,114680.0,0.04659148,1756043999999
1756044000000,114500.0,114760.0,114410.0,114480.0,0.50187922,1756051199999
1756051200000,114330.0,114400.0,114250.0,114400.0,0.71378801,1756058399999
1756058400000,114450.0,114800.0,110690.0,112610.0,5.76023479,1756065599999
1756065600000,112530.0,113340.0,111690.0,112960.0,0.75309845,1756072799999
1756072800000,113030.0,113410.0,112720.0,113410.0,0.07808567,1756079999999
1756080000000,113360.0,113360.0,112220.0,113070.0,0.26299637,1756087199999
1756087200000,113080.0,113570.0,112920.0,112920.0,1.3276385,1756094399999
1756094400000,112930.0,112960.0,112390.0,112420.0,0.02409819,1756101599999
1756101600000,112360.0,112360.0,111290.0,111570.0,0.42484909,1756108799999
1756108800000,111480.0,111780.0,110990.0,111700.0,0.19303375,1756115999999
1756116000000,111720.0,111750.0,110970.0,111110.0,2.19533028,1756123199999
1756123200000,111230.0,111730.0,110580.0,111330.0,1.97682383,1756130399999
1756130400000,111520.0,112530.0,111520.0,112130.0,0.29502403,1756137599999
1756137600000,112200.0,112810.0,112040.0,112430.0,0.20339936,1756144799999
1756144800000,112300.0,112570.0,110700.0,110700.0,0.5699866,1756151999999
1756152000000,110560.0,111050.0,109310.0,109960.0,4.39479365,1756159199999
1756159200000,110010.0,110620.0,109860.0,110250.0,4.75308127,1756166399999
1756166400000,109970.0,109970.0,108740.0,109880.0,2.43990227,1756173599999
1756173600000,110050.0,110050.0,109480.0,109480.0,0.34206123,1756180799999
1756180800000,110060.0,110210.0,109960.0,110210.0,0.47682644,1756187999999
1756188000000,110160.0,110530.0,109820.0,110320.0,0.27588456,1756195199999
1756195200000,110350.0,110350.0,110100.0,110100.0,0.54112099,1756202399999
1756202400000,110190.0,110440.0,109610.0,109890.0,0.57405032,1756209599999
1756209600000,109910.0,110720.0,109430.0,109840.0,2.11276022,1756216799999
1756216800000,110090.0,110560.0,109680.0,109680.0,0.05209451,1756223999999
1756224000000,109520.0,110110.0,109500.0,109830.0,1.69731262,1756231199999
1756231200000,110000.0,111170.0,110000.0,111170.0,0.81563376,1756238399999
1756238400000,111120.0,111650.0,111090.0,111650.0,0.47566483,1756245599999
1756245600000,111640.0,112360.0,111620.0,111880.0,0.72607161,1756252799999
1756252800000,111690.0,111750.0,111200.0,111300.0,0.60513536,1756259999999
1756260000000,111370.0,111610.0,111050.0,111570.0,0.08624045,1756267199999
1756267200000,111530.0,111640.0,111400.0,111420.0,0.14898133,1756274399999
1756274400000,111290.0,111320.0,110660.0,110660.0,0.52486059,1756281599999
1756281600000,110820.0,110840.0,110580.0,110820.0,0.655871,1756288799999
1756288800000,111050.0,111380.0,110990.0,111350.0,0.41285102,1756295999999
1756296000000,111290.0,111750.0,111080.0,111600.0,0.69623227,1756303199999
1756303200000,111580.0,112650.0,111370.0,111980.0,0.25809388,1756310399999
1756310400000,111900.0,112160.0,111770.0,112000.0,0.1930545,1756317599999
1756317600000,112440.0,112590.0,111820.0,112060.0,0.70611732,1756324799999
1756324800000,111630.0,112390.0,111060.0,111530.0,0.72620281,1756331999999
1756332000000,111480.0,111490.0,111140.0,111160.0,0.17559737,1756339199999
1756339200000,111240.0,111460.0,110920.0,111420.0,0.12468168,1756346399999
1756346400000,111640.0,111970.0,111470.0,111920.0,0.09026677,1756353599999
1756353600000,112240.0,113120.0,112240.0,112810.0,0.45692272,1756360799999
1756360800000,112800.0,113330.0,112800.0,113170.0,0.64942229,1756367999999
1756368000000,113140.0,113300.0,112880.0,112910.0,0.51214683,1756375199999
1756375200000,112880.0,113110.0,112840.0,112950.0,0.26160481,1756382399999
1756382400000,112870.0,113300.0,112650.0,112750.0,0.21632571,1756389599999
1756389600000,112970.0,113310.0,112460.0,112460.0,0.17272225,1756396799999
1756396800000,112760.0,113100.0,112250.0,112580.0,1.90002503,1756403999999
1756404000000,112380.0,112690.0,111950.0,111950.0,0.03121249,1756411199999
1756411200000,111890.0,112090.0,111890.0,111960.0,0.39052794,1756418399999
1756418400000,112060.0,112530.0,112060.0,112500.0,0.00550085,1756425599999
1756425600000,112570.0,112570.0,111470.0,111550.0,0.26387903,1756432799999
1756432800000,111590.0,111820.0,111400.0,111820.0,0.22609885,1756439999999
1756440000000,111790.0,111840.0,111130.0,111290.0,0.09304092,1756447199999
1756447200000,111190.0,111320.0,109930.0,110030.0,8.83409813,1756454399999
1756454400000,110200.0,110230.0,109480.0,109820.0,1.84209465,1756461599999
1756461600000,109770.0,110170.0,109770.0,110070.0,10.00162529,1756468799999
1756468800000,110280.0,111470.0,108970.0,109100.0,4.20848536,1756475999999
1756476000000,109150.0,109460.0,108120.0,108420.0,2.78926622,1756483199999
1756483200000,108380.0,108850.0,108200.0,108520.0,0.29017212,1756490399999
1756490400000,108390.0,108720.0,107960.0,108230.0,0.44601674,1756497599999
1756497600000,108260.0,108460.0,107500.0,108400.0,0.44609541,1756504799999
1756504800000,108350.0,108540.0,108250.0,108340.0,0.43404485,1756511999999
1756512000000,108340.0,108420.0,107380.0,107450.0,1.21966785,1756519199999
1756519200000,107510.0,108420.0,107510.0,108420.0,0.6151142,1756526399999
1756526400000,108460.0,108650.0,108170.0,108340.0,0.8971203,1756533599999
1756533600000,108430.0,108440.0,108170.0,108440.0,1.01959789,1756540799999
1756540800000,108500.0,108740.0,108500.0,108560.0,0.20161692,1756547999999
1756548000000,108630.0,108690.0,108420.0,108690.0,0.67395627,1756555199999
1756555200000,108500.0,108600.0,108290.0,108530.0,1.28954666,1756562399999
1756562400000,108500.0,108920.0,108390.0,108850.0,0.94835898,1756569599999
1756569600000,108850.0,108890.0,108660.0,108730.0,0.70043071,1756576799999
1756576800000,108810.0,108860.0,108640.0,108860.0,0.89598703,1756583999999
1756584000000,108810.0,108810.0,108550.0,108600.0,0.35255481,1756591199999
1756591200000,108600.0,108840.0,108500.0,108840.0,0.6633696,1756598399999
1756598400000,108830.0,109440.0,108810.0,109440.0,0.03482066,1756605599999
1756605600000,109420.0,109420.0,109210.0,109230.0,0.79979755,1756612799999
1756612800000,108890.0,108890.0,108720.0,108750.0,0.01612694,1756619999999
1756620000000,108780.0,108800.0,108570.0,108720.0,0.12168993,1756627199999
1756627200000,108750.0,109120.0,108490.0,108490.0,0.4049905,1756634399999
1756634400000,108520.0,108600.0,108360.0,108410.0,0.29254353,1756641599999
1756641600000,108410.0,108460.0,108240.0,108380.0,0.0366952,1756648799999
1756648800000,108490.0,108510.0,108300.0,108500.0,0.01047304,1756655999999
1756656000000,108780.0,109000.0,108770.0,109000.0,0.19966825,1756663199999
1756663200000,109000.0,109190.0,108930.0,108930.0,0.1044918,1756670399999
1756670400000,108940.0,109120.0,108900.0,109080.0,0.25574782,1756677599999
1756677600000,109010.0,109250.0,108170.0,108260.0,0.12147831,1756684799999
1756684800000,108260.0,108470.0,107700.0,108150.0,0.06768007,1756691999999
1756692000000,108150.0,108180.0,107470.0,107520.0,0.1863955,1756699199999
1756699200000,107670.0,107950.0,107280.0,107900.0,0.2358467,1756706399999
1756706400000,107860.0,109410.0,107620.0,109410.0,0.31411135,1756713599999
1756713600000,109420.0,109840.0,109420.0,109520.0,0.56053825,1756720799999
1756720800000,109310.0,109360.0,108220.0,108740.0,0.70509907,1756727999999
1756728000000,108810.0,109470.0,108670.0,109010.0,0.70871293,1756735199999
1756735200000,109160.0,109300.0,108630.0,108710.0,0.2985439,1756742399999
1756742400000,108800.0,109060.0,108450.0,108950.0,0.19559897,1756749599999
1756749600000,108980.0,109320.0,108980.0,109180.0,0.14014037,1756756799999
1756756800000,109110.0,109110.0,107500.0,107680.0,1.49369844,1756763999999
1756764000000,107740.0,109340.0,107740.0,109180.0,0.14555785,1756771199999
1756771200000,109110.0,109600.0,108940.0,109520.0,0.33382223,1756778399999
1756778400000,109440.0,110550.0,109220.0,110340.0,0.79057331,1756785599999
1756785600000,110280.0,110340.0,110150.0,110150.0,0.55619932,1756792799999
1756792800000,110190.0,110530.0,110110.0,110220.0,0.45193299,1756799999999
1756800000000,110310.0,110690.0,110080.0,110420.0,0.14205509,1756807199999
1756807200000,110490.0,110490.0,109660.0,109660.0,0.11596218,1756814399999
1756814400000,109800.0,111270.0,108430.0,111120.0,0.43829077,1756821599999
1756821600000,111210.0,111710.0,110670.0,110740.0,0.71501465,1756828799999
1756828800000,110990.0,111060.0,110470.0,110920.0,0.17836651,1756835999999
1756836000000,110950.0,110950.0,110380.0,110730.0,2.23975777,1756843199999
1756843200000,110750.0,111550.0,110750.0,111180.0,2.05679244,1756850399999
1756850400000,111130.0,111270.0,110920.0,111130.0,0.07496421,1756857599999
1756857600000,111250.0,111690.0,110940.0,111020.0,0.73912179,1756864799999
1756864800000,111260.0,111430.0,110930.0,111010.0,0.16848748,1756871999999
1756872000000,111030.0,111130.0,110720.0,110720.0,0.81357388,1756879199999
1756879200000,110660.0,111090.0,110580.0,111090.0,0.09912192,1756886399999
1756886400000,111180.0,111340.0,110970.0,111340.0,0.32882376,1756893599999
1756893600000,111360.0,111640.0,111210.0,111570.0,0.61397805,1756900799999
1756900800000,111490.0,111900.0,111070.0,111420.0,0.63253475,1756907999999
1756908000000,111540.0,112510.0,111290.0,112270.0,0.63167063,1756915199999
1756915200000,112310.0,112560.0,111750.0,112460.0,0.18321375,1756922399999
1756922400000,112320.0,112520.0,111830.0,112280.0,0.02983894,1756929599999
1756929600000,112190.0,112250.0,111870.0,112050.0,0.24632319,1756936799999
1756936800000,112100.0,112170.0,111700.0,111740.0,0.03032798,1756943999999
1756944000000,111700.0,112130.0,111700.0,111900.0,0.03301126,1756951199999
1756951200000,111800.0,111860.0,111180.0,111180.0,0.0565087,1756958399999
1756958400000,111210.0,111260.0,110710.0,110730.0,0.14765263,1756965599999
1756965600000,110720.0,110720.0,110380.0,110470.0,0.03684877,1756972799999
1756972800000,110500.0,110880.0,110500.0,110790.0,0.11916724,1756979999999
1756980000000,110860.0,111140.0,110590.0,110900.0,0.15782744,1756987199999
1756987200000,110870.0,111100.0,110300.0,110540.0,0.1917538,1756994399999
1756994400000,110440.0,110440.0,109400.0,109590.0,0.54554684,1757001599999
1757001600000,109500.0,109870.0,109410.0,109860.0,0.177319,1757008799999
1757008800000,109900.0,110240.0,109770.0,109870.0,0.48644849,1757015999999
1757016000000,109830.0,110550.0,109830.0,110520.0,0.08134666,1757023199999
1757023200000,110510.0,111760.0,110510.0,110730.0,0.21217007,1757030399999
1757030400000,110750.0,111100.0,110490.0,111100.0,0.1914302,1757037599999
1757037600000,111070.0,111450.0,111070.0,111320.0,1.06962752,1757044799999
1757044800000,111340.0,111710.0,111210.0,111610.0,0.37712386,1757051999999
1757052000000,111560.0,113000.0,111560.0,112940.0,1.35834584,1757059199999
1757059200000,112960.0,112970.0,112150.0,112330.0,0.16602009,1757066399999
1757066400000,112340.0,112580.0,112220.0,112370.0,0.36536016,1757073599999
1757073600000,112410.0,113330.0,112220.0,113060.0,1.08288833,1757080799999
1757080800000,112760.0,112910.0,110360.0,110750.0,1.75743145,1757087999999
1757088000000,110690.0,110890.0,110200.0,110580.0,1.23305334,1757095199999
1757095200000,110680.0,111580.0,110680.0,111580.0,0.88545902,1757102399999
1757102400000,111600.0,111690.0,110530.0,110590.0,0.34772846,1757109599999
1757109600000,110690.0,110930.0,110520.0,110650.0,0.29943478,1757116799999
1757116800000,110630.0,110890.0,110600.0,110890.0,0.07104787,1757123999999
1757124000000,110870.0,111260.0,110790.0,111070.0,0.23191284,1757131199999
1757131200000,111080.0,111080.0,110740.0,110750.0,0.45580028,1757138399999
1757138400000,110740.0,110830.0,110730.0,110830.0,0.20613423,1757145599999
1757145600000,110860.0,110950.0,110710.0,110750.0,0.0843277,1757152799999
1757152800000,110780.0,110860.0,110680.0,110780.0,0.41008891,1757159999999
1757160000000,110820.0,110920.0,110750.0,110920.0,1.43084443,1757167199999
1757167200000,111000.0,111100.0,110390.0,110390.0,0.39395499,1757174399999
1757174400000,110380.0,110380.0,110000.0,110220.0,0.2076213,1757181599999
1757181600000,110170.0,110260.0,110050.0,110050.0,0.02433634,1757188799999
1757188800000,110110.0,110220.0,110110.0,110220.0,0.01759805,1757195999999
1757196000000,110240.0,110300.0,110120.0,110300.0,1.63202063,1757203199999
1757203200000,110220.0,110580.0,110220.0,110580.0,0.62177945,1757210399999
1757210400000,110520.0,110750.0,110460.0,110750.0,0.39755211,1757217599999
1757217600000,110590.0,110710.0,110550.0,110670.0,0.20799719,1757224799999
1757224800000,110620.0,110910.0,110500.0,110760.0,1.30462708,1757231999999
1757232000000,110770.0,111340.0,110750.0,111020.0,1.32186324,1757239199999
1757239200000,111070.0,111290.0,111070.0,111290.0,0.04372103,1757246399999
1757246400000,111160.0,111230.0,111100.0,111230.0,0.0444413,1757253599999
1757253600000,111310.0,111370.0,111120.0,111330.0,1.05235553,1757260799999
1757260800000,111270.0,111270.0,110910.0,110990.0,2.8190623,1757267999999
1757268000000,110970.0,111270.0,110900.0,111260.0,1.69751182,1757275199999
1757275200000,111240.0,111330.0,111100.0,111160.0,2.73151297,1757282399999
1757282400000,111050.0,111520.0,111050.0,111140.0,1.22982511,1757289599999
1757289600000,111100.0,111230.0,110720.0,110900.0,0.6198914,1757296799999
1757296800000,110860.0,111340.0,110680.0,111080.0,1.5231504,1757303999999
1757304000000,111030.0,111200.0,110920.0,111040.0,0.7584291,1757311199999
1757311200000,111070.0,111590.0,110950.0,111420.0,0.20117411,1757318399999
1757318400000,111290.0,112070.0,111250.0,112030.0,1.28558968,1757325599999
1757325600000,112110.0,112170.0,111800.0,112110.0,0.21861828,1757332799999
1757332800000,112070.0,112350.0,111910.0,111910.0,2.73985193,1757339999999
1757340000000,111900.0,112930.0,111900.0,112630.0,0.40112868,1757347199999
1757347200000,112630.0,112670.0,112140.0,112230.0,0.30350487,1757354399999
1757354400000,112280.0,112520.0,111990.0,112100.0,1.9434227,1757361599999
1757361600000,112110.0,112310.0,111950.0,112310.0,0.11156254,1757368799999
1757368800000,112370.0,112480.0,112020.0,112040.0,0.61831132,1757375999999
1757376000000,112110.0,112110.0,111330.0,111440.0,1.00657478,1757383199999
1757383200000,111400.0,111740.0,111210.0,111740.0,0.11323916,1757390399999
1757390400000,111660.0,112220.0,111660.0,112220.0,0.22155194,1757397599999
1757397600000,112270.0,113250.0,112270.0,113060.0,1.01885184,1757404799999
1757404800000,113010.0,113080.0,112940.0,112960.0,0.01175652,1757411999999
1757412000000,113000.0,113000.0,112490.0,112490.0,0.08429971,1757419199999
1757419200000,112480.0,112930.0,112420.0,112730.0,0.14820428,1757426399999
1757426400000,112790.0,112890.0,110790.0,110930.0,0.73683403,1757433599999
1757433600000,110870.0,111220.0,110850.0,111170.0,0.67852537,1757440799999
1757440800000,111060.0,111350.0,110980.0,111320.0,0.1823136,1757447999999
1757448000000,111340.0,111700.0,111090.0,111280.0,0.41728764,1757455199999
1757455200000,111350.0,111600.0,111340.0,111530.0,0.06339365,1757462399999
1757462400000,111530.0,111570.0,110950.0,110950.0,0.10677975,1757469599999
1757469600000,111080.0,111580.0,111080.0,111530.0,0.10568761,1757476799999
1757476800000,111490.0,111640.0,111440.0,111470.0,1.21944324,1757483999999
1757484000000,111590.0,112540.0,111470.0,112530.0,0.8888898,1757491199999
1757491200000,112600.0,112810.0,112160.0,112270.0,0.13306804,1757498399999
1757498400000,112250.0,112410.0,112170.0,112280.0,1.28680332,1757505599999
1757505600000,112360.0,114340.0,112360.0,113990.0,3.21810132,1757512799999
1757512800000,114030.0,114230.0,113780.0,113960.0,0.26891753,1757519999999
1757520000000,113930.0,114070.0,113480.0,113760.0,0.17485696,1757527199999
1757527200000,113760.0,113800.0,113200.0,113600.0,0.32356084,1757534399999
1757534400000,113640.0,113900.0,113630.0,113860.0,0.23949891,1757541599999
1757541600000,113920.0,114070.0,113770.0,114010.0,0.53697378,1757548799999
1757548800000,114040.0,114190.0,110000.0,113940.0,3.31061217,1757555999999
1757556000000,113970.0,114450.0,113870.0,114420.0,0.0876,1757563199999
1757563200000,114400.0,114400.0,114020.0,114290.0,0.04933989,1757570399999
1757570400000,114180.0,114500.0,114050.0,114130.0,0.95406067,1757577599999
1757577600000,114040.0,114230.0,113900.0,113930.0,0.05346403,1757584799999
1757584800000,113990.0,114130.0,113990.0,114050.0,1.91238867,1757591999999
1757592000000,114110.0,114720.0,113520.0,114710.0,0.69870629,1757599199999
1757599200000,114430.0,114620.0,114020.0,114190.0,0.49313453,1757606399999
1757606400000,114280.0,114610.0,114280.0,114570.0,0.24402515,1757613599999
1757613600000,114630.0,114640.0,114180.0,114530.0,0.0691178,1757620799999
1757620800000,114500.0,114560.0,114300.0,114560.0,0.57079728,1757627999999
1757628000000,114540.0,115500.0,114500.0,115480.0,0.8176391,1757635199999
1757635200000,115580.0,116340.0,115430.0,115430.0,0.53474896,1757642399999
1757642400000,115510.0,115640.0,115150.0,115230.0,0.2880333,1757649599999
1757649600000,115170.0,115710.0,115160.0,115710.0,0.12360159,1757656799999
1757656800000,115570.0,115570.0,115230.0,115230.0,0.05436031,1757663999999
1757664000000,115090.0,115340.0,114950.0,115090.0,0.7452694,1757671199999
1757671200000,115010.0,115180.0,114950.0,114950.0,0.10465634,1757678399999
1757678400000,114890.0,115250.0,114810.0,115250.0,0.68940758,1757685599999
1757685600000,115190.0,115480.0,114950.0,115200.0,3.53591359,1757692799999
1757692800000,115170.0,116000.0,115170.0,115880.0,0.47697978,1757699999999
1757700000000,115890.0,116800.0,115860.0,116790.0,1.44837027,1757707199999
1757707200000,116620.0,116620.0,115850.0,115970.0,0.2465081,1757714399999
1757714400000,115990.0,116420.0,115990.0,116220.0,0.27869443,1757721599999
1757721600000,116120.0,116360.0,115740.0,115850.0,0.26778229,1757728799999
1757728800000,115840.0,116070.0,115840.0,116020.0,1.15044247,1757735999999
1757736000000,115980.0,115980.0,115770.0,115790.0,0.19498893,1757743199999
1757743200000,115850.0,115930.0,115770.0,115860.0,0.24967905,1757750399999
1757750400000,115850.0,116120.0,115850.0,116090.0,2.55093221,1757757599999
1757757600000,116080.0,116250.0,115960.0,116040.0,1.50272008,1757764799999
1757764800000,116000.0,116110.0,115670.0,115830.0,2.96953459,1757771999999
1757772000000,115700.0,115990.0,115680.0,115770.0,1.23357222,1757779199999
1757779200000,115840.0,115890.0,115230.0,115650.0,1.50943249,1757786399999
1757786400000,115590.0,115860.0,115520.0,115860.0,0.62943302,1757793599999
1757793600000,115870.0,116050.0,115860.0,115930.0,1.40736336,1757800799999
1757800800000,115980.0,116020.0,115890.0,115990.0,0.2480994,1757807999999
1757808000000,116000.0,116050.0,115830.0,116040.0,0.02517669,1757815199999
1757815200000,116040.0,116090.0,115740.0,115790.0,0.39445319,1757822399999
1757822400000,115720.0,115970.0,115580.0,115950.0,0.04420441,1757829599999
1757829600000,115920.0,115920.0,115780.0,115890.0,0.3992629,1757836799999
1757836800000,115870.0,116230.0,115850.0,116100.0,0.94651849,1757843999999
1757844000000,116200.0,116200.0,115830.0,115850.0,0.06314466,1757851199999
1757851200000,115910.0,115910.0,115300.0,115430.0,0.47423251,1757858399999
1757858400000,115450.0,115660.0,115250.0,115320.0,0.37844001,1757865599999
1757865600000,115280.0,115720.0,115270.0,115630.0,6.03655306,1757872799999
1757872800000,115610.0,115710.0,115380.0,115680.0,0.58442717,1757879999999
1757880000000,115720.0,116140.0,115690.0,116090.0,1.30435085,1757887199999
1757887200000,116040.0,116120.0,115230.0,115370.0,0.60681122,1757894399999
1757894400000,115290.0,115310.0,114900.0,115260.0,0.58781517,1757901599999
1757901600000,115360.0,115640.0,115360.0,115520.0,0.05621252,1757908799999
1757908800000,115490.0,116600.0,115470.0,116600.0,0.82698957,1757915999999
1757916000000,116610.0,116750.0,115700.0,115840.0,0.67160822,1757923199999
1757923200000,115730.0,115830.0,114740.0,115000.0,3.7317599,1757930399999
1757930400000,114970.0,115150.0,114790.0,115150.0,0.26429858,1757937599999
1757937600000,115000.0,115070.0,114500.0,114720.0,1.41569208,1757944799999
1757944800000,114610.0,115020.0,114480.0,114860.0,2.47466345,1757951999999
1757952000000,114890.0,115150.0,114690.0,115150.0,5.44746499,1757959199999
1757959200000,115230.0,115490.0,114950.0,115350.0,0.40758148,1757966399999
1757966400000,115340.0,115550.0,115260.0,115550.0,0.02663644,1757973599999
1757973600000,115560.0,115610.0,115280.0,115430.0,0.03023212,1757980799999
1757980800000,115280.0,115480.0,115080.0,115210.0,0.03329434,1757987999999
1757988000000,115090.0,115420.0,115090.0,115420.0,0.02513911,1757995199999
1757995200000,115350.0,115930.0,115090.0,115930.0,0.6020408,1758002399999
1758002400000,115900.0,116060.0,115730.0,115840.0,0.31518112,1758009599999
1758009600000,115960.0,115990.0,115490.0,115500.0,0.03370034,1758016799999
1758016800000,115500.0,115550.0,115260.0,115490.0,0.39536181,1758023999999
1758024000000,115400.0,115540.0,114810.0,115170.0,0.17362363,1758031199999
1758031200000,115240.0,115900.0,114880.0,115900.0,0.23881348,1758038399999
1758038400000,115850.0,116900.0,115690.0,116520.0,0.53882391,1758045599999
1758045600000,116610.0,116870.0,116370.0,116870.0,0.29103341,1758052799999
1758052800000,116850.0,116950.0,116700.0,116750.0,0.15021026,1758059999999
1758060000000,116950.0,117070.0,116690.0,116690.0,0.37405548,1758067199999
1758067200000,116820.0,116820.0,116600.0,116700.0,0.02288986,1758074399999
1758074400000,116700.0,117120.0,116520.0,116520.0,0.08673257,1758081599999
1758081600000,116520.0,117240.0,116270.0,117240.0,3.18023598,1758088799999
1758088800000,117240.0,117330.0,117050.0,117230.0,0.24904972,1758095999999
1758096000000,117170.0,117170.0,116620.0,116620.0,0.47291183,1758103199999
1758103200000,116570.0,116570.0,116200.0,116310.0,0.16756758,1758110399999
1758110400000,116360.0,116480.0,115990.0,116170.0,0.27711397,1758117599999
1758117600000,116140.0,116280.0,115550.0,115870.0,0.20396363,1758124799999
1758124800000,115800.0,116340.0,115480.0,115670.0,1.56528336,1758131999999
1758132000000,115710.0,116340.0,114880.0,115760.0,1.64480868,1758139199999
1758139200000,115750.0,116190.0,115500.0,116050.0,0.50819341,1758146399999
1758146400000,116150.0,117020.0,116150.0,116490.0,0.20292997,1758153599999
1758153600000,116500.0,116920.0,116300.0,116730.0,0.0732838,1758160799999
1758160800000,116710.0,117930.0,116610.0,117660.0,1.87973144,1758167999999
1758168000000,117720.0,117750.0,117240.0,117250.0,2.52885388,1758175199999
1758175200000,117290.0,117300.0,117010.0,117130.0,1.8516457,1758182399999
1758182400000,117120.0,117450.0,117070.0,117270.0,1.20484684,1758189599999
1758189600000,117350.0,117370.0,117060.0,117110.0,0.8350095,1758196799999
1758196800000,117080.0,117700.0,117070.0,117460.0,0.18246917,1758203999999
1758204000000,117520.0,117900.0,117420.0,117630.0,0.68720298,1758211199999
1758211200000,117670.0,117850.0,117510.0,117540.0,0.64700251,1758218399999
1758218400000,117800.0,117940.0,117280.0,117350.0,0.6195949,1758225599999
1758225600000,117460.0,117630.0,117390.0,117450.0,0.32616864,1758232799999
1758232800000,117290.0,117380.0,116730.0,117200.0,0.60976925,1758239999999
1758240000000,117260.0,117480.0,117250.0,117280.0,0.01403796,1758247199999
1758247200000,117160.0,117310.0,116980.0,117010.0,0.10675816,1758254399999
1758254400000,116880.0,117110.0,116800.0,117000.0,0.13661322,1758261599999
1758261600000,116870.0,117050.0,116740.0,117050.0,0.70315844,1758268799999
1758268800000,117100.0,117170.0,116590.0,116590.0,0.28979791,1758275999999
1758276000000,116520.0,116630.0,116370.0,116420.0,1.8753326,1758283199999
1758283200000,116460.0,116560.0,116170.0,116390.0,1.00778795,1758290399999
1758290400000,116350.0,116530.0,115550.0,115980.0,2.22533483,1758297599999
1758297600000,115900.0,116200.0,115620.0,115620.0,3.45855067,1758304799999
1758304800000,115630.0,115690.0,115180.0,115180.0,5.05993218,1758311999999
1758312000000,115170.0,115580.0,115170.0,115560.0,0.06351398,1758319199999
1758319200000,115550.0,115720.0,115550.0,115720.0,0.00716062,1758326399999
1758326400000,115670.0,115800.0,115670.0,115760.0,0.03667821,1758333599999
1758333600000,115670.0,115670.0,115550.0,115670.0,9.7847E-4,1758340799999
1758340800000,115520.0,115780.0,115520.0,115780.0,0.04821126,1758347999999
1758348000000,115690.0,116020.0,115690.0,116020.0,0.0438821,1758355199999
1758355200000,115880.0,115940.0,115750.0,115750.0,0.06305231,1758362399999
1758362400000,115770.0,115930.0,115770.0,115930.0,0.06478532,1758369599999
1758369600000,116010.0,116030.0,115800.0,116010.0,1.80729268,1758376799999
1758376800000,115970.0,116190.0,115970.0,116190.0,0.01710356,1758383999999
1758384000000,116120.0,116140.0,115900.0,115900.0,0.02628147,1758391199999
1758391200000,115800.0,115930.0,115770.0,115770.0,0.03787786,1758398399999
1758398400000,115770.0,115960.0,115770.0,115960.0,0.01007878,1758405599999
1758405600000,115870.0,115900.0,115720.0,115740.0,0.00530186,1758412799999
1758412800000,115770.0,115770.0,115650.0,115660.0,0.0042134,1758419999999
1758420000000,115660.0,115770.0,115520.0,115720.0,0.02705454,1758427199999
1758427200000,115630.0,115710.0,115630.0,115710.0,7.9655E-4,1758434399999
1758434400000,115800.0,115890.0,115750.0,115750.0,0.01557636,1758441599999
1758441600000,115880.0,115880.0,115430.0,115770.0,0.1751922,1758448799999
1758448800000,115770.0,115780.0,115570.0,115780.0,0.08988766,1758455999999
1758456000000,115730.0,115880.0,115730.0,115740.0,0.12593989,1758463199999
1758463200000,115780.0,115780.0,115580.0,115650.0,0.01269608,1758470399999
1758470400000,115500.0,115580.0,115310.0,115580.0,1.12684303,1758477599999
1758477600000,115630.0,115630.0,115420.0,115560.0,0.01280138,1758484799999
1758484800000,115510.0,115550.0,115380.0,115390.0,0.11450996,1758491999999
1758492000000,115390.0,115630.0,115320.0,115320.0,0.0490768,1758499199999
1758499200000,115430.0,115430.0,114370.0,114380.0,3.47660679,1758506399999
1758506400000,114360.0,114690.0,114220.0,114690.0,0.76834173,1758513599999
1758513600000,114500.0,114630.0,113710.0,113710.0,0.42895193,1758520799999
1758520800000,113680.0,113680.0,111950.0,112620.0,3.52810648,1758527999999
1758528000000,112610.0,112850.0,112270.0,112470.0,1.59729796,1758535199999
1758535200000,112480.0,113070.0,112410.0,112960.0,0.23966404,1758542399999
1758542400000,112990.0,113230.0,112490.0,113220.0,7.34830895,1758549599999
1758549600000,113190.0,113530.0,112710.0,112940.0,1.96181238,1758556799999
1758556800000,112890.0,112960.0,112380.0,112470.0,0.33822363,1758563999999
1758564000000,112440.0,112910.0,112030.0,112330.0,1.53227661,1758571199999
1758571200000,112100.0,113030.0,112030.0,113030.0,1.84636462,1758578399999
1758578400000,112890.0,112930.0,112710.0,112750.0,0.02481209,1758585599999
1758585600000,112640.0,112890.0,112270.0,112270.0,0.04997958,1758592799999
1758592800000,112270.0,112510.0,111600.0,112390.0,1.06641622,1758599999999
1758600000000,112460.0,112930.0,112180.0,112780.0,0.38196424,1758607199999
1758607200000,112790.0,113190.0,112790.0,113160.0,0.33416446,1758614399999
1758614400000,113210.0,113360.0,112980.0,113010.0,0.05760635,1758621599999
1758621600000,112950.0,113110.0,112760.0,113050.0,0.42372725,1758628799999
1758628800000,113070.0,113120.0,112840.0,113000.0,0.1343997,1758635999999
1758636000000,113060.0,113300.0,112630.0,112940.0,0.25417928,1758643199999
1758643200000,112980.0,112980.0,111910.0,111910.0,0.61811479,1758650399999
1758650400000,111980.0,112250.0,111560.0,111800.0,0.80598809,1758657599999
1758657600000,111760.0,112230.0,111520.0,112200.0,0.10041241,1758664799999
1758664800000,112110.0,112230.0,111970.0,112090.0,0.02062865,1758671999999
1758672000000,112040.0,112440.0,111940.0,112400.0,0.0248714,1758679199999
1758679200000,112400.0,112400.0,111760.0,111760.0,2.19689419,1758686399999
1758686400000,111760.0,112690.0,111110.0,112690.0,0.64488814,1758693599999
1758693600000,112710.0,112790.0,112530.0,112600.0,0.15459337,1758700799999
1758700800000,112540.0,112800.0,112450.0,112770.0,1.10669583,1758707999999
1758708000000,112810.0,113190.0,112700.0,113080.0,0.71392784,1758715199999
1758715200000,112980.0,113250.0,112850.0,112850.0,1.63928025,1758722399999
1758722400000,112920.0,113960.0,112920.0,113380.0,1.28451962,1758729599999
1758729600000,113410.0,114010.0,113230.0,113850.0,0.38513842,1758736799999
1758736800000,113860.0,113860.0,113330.0,113530.0,0.71247739,1758743999999
1758744000000,113500.0,113660.0,113410.0,113410.0,0.13023228,1758751199999
1758751200000,113420.0,113720.0,113270.0,113370.0,0.02656953,1758758399999
1758758400000,113380.0,113560.0,112510.0,112700.0,0.22329918,1758765599999
1758765600000,112750.0,113120.0,112290.0,112590.0,0.14748832,1758772799999
1758772800000,112480.0,112650.0,111590.0,111760.0,0.31870147,1758779999999
1758780000000,111790.0,111900.0,111510.0,111780.0,0.42314416,1758787199999
1758787200000,111820.0,112200.0,111690.0,111690.0,0.32329521,1758794399999
1758794400000,111580.0,111880.0,111330.0,111330.0,5.49315841,1758801599999
1758801600000,111520.0,111700.0,110680.0,110990.0,1.0196748,1758808799999
1758808800000,111070.0,111760.0,110960.0,111570.0,0.90364101,1758815999999
1758816000000,111680.0,111720.0,108710.0,109010.0,1.75195488,1758823199999
1758823200000,108690.0,109990.0,108690.0,109440.0,1.6332352,1758830399999
1758830400000,109450.0,109630.0,109120.0,109440.0,1.20824219,1758837599999
1758837600000,109530.0,109750.0,108940.0,109060.0,6.79498871,1758844799999
1758844800000,109060.0,109810.0,108910.0,109760.0,1.76309549,1758851999999
1758852000000,109810.0,109830.0,109350.0,109620.0,0.09452487,1758859199999
1758859200000,109640.0,109680.0,109200.0,109340.0,0.10554373,1758866399999
1758866400000,109370.0,109710.0,109070.0,109390.0,0.23400182,1758873599999
1758873600000,109490.0,109770.0,109420.0,109570.0,0.1282728,1758880799999
1758880800000,109340.0,109340.0,108730.0,109270.0,0.53595103,1758887999999
1758888000000,109150.0,109820.0,108950.0,109810.0,0.37169868,1758895199999
1758895200000,109480.0,109600.0,108900.0,109230.0,0.46194339,1758902399999
1758902400000,109100.0,110070.0,109100.0,109930.0,1.63464754,1758909599999
1758909600000,110000.0,110380.0,109150.0,109280.0,0.23372491,1758916799999
1758916800000,109270.0,109560.0,109200.0,109560.0,0.12260381,1758923999999
1758924000000,109460.0,109750.0,109460.0,109750.0,0.3329963,1758931199999
1758931200000,109700.0,109700.0,109430.0,109490.0,0.02991557,1758938399999
1758938400000,109520.0,109800.0,109420.0,109730.0,0.11552719,1758945599999
1758945600000,109750.0,109800.0,109680.0,109740.0,0.03605229,1758952799999
1758952800000,109690.0,109690.0,109420.0,109460.0,0.31364994,1758959999999
1758960000000,109390.0,109420.0,109170.0,109420.0,0.07069164,1758967199999
1758967200000,109350.0,109470.0,109350.0,109370.0,0.0080348,1758974399999
1758974400000,109390.0,109530.0,109340.0,109420.0,0.09787051,1758981599999
1758981600000,109450.0,109460.0,109290.0,109460.0,0.04583389,1758988799999
1758988800000,109450.0,109480.0,109330.0,109390.0,0.01120778,1758995999999
1758996000000,109480.0,109500.0,109450.0,109480.0,0.00700629,1759003199999
1759003200000,109500.0,109540.0,109450.0,109540.0,0.20635455,1759010399999
1759010400000,109570.0,109720.0,109540.0,109700.0,0.02364883,1759017599999
1759017600000,109720.0,109720.0,109720.0,109720.0,4.0912E-4,1759024799999
1759032000000,109610.0,109610.0,109441.0,109441.0,3.5491E-4,1759039199999
1759039200000,109440.0,109455.0,109410.0,109455.0,4.3816E-4,1759046399999
1759046400000,109521.0,109581.0,109499.0,109580.0,0.11075552,1759053599999
1759053600000,109410.0,109410.0,109378.0,109410.0,0.42228927,1759060799999
1759060800000,109390.0,109500.0,109310.0,109500.0,0.01033579,1759067999999
1759068000000,109566.0,110000.0,109566.0,110000.0,0.27655803,1759075199999
1759075200000,110100.0,110420.0,110100.0,110290.0,0.20143069,1759082399999
1759082400000,110150.0,110400.0,110150.0,110400.0,0.09606779,1759089599999
1759089600000,110420.0,111042.0,110420.0,110770.0,2.74808598,1759096799999
1759096800000,110900.0,112270.0,110900.0,112260.0,0.25640432,1759103999999
1759104000000,112210.0,112210.0,111925.0,111925.0,0.01310469,1759111199999
1759111200000,111850.0,111850.0,111777.0,111832.0,0.04257824,1759118399999
1759118400000,111906.0,111935.0,111621.0,111795.0,1.33707915,1759125599999
1759125600000,111800.0,111890.0,111660.0,111874.0,0.07009978,1759132799999
1759132800000,112000.0,112478.0,112000.0,112150.0,0.32498642,1759139999999
1759140000000,112150.0,112281.0,111973.0,112140.0,1.7172015,1759147199999
1759147200000,112119.0,113460.0,112000.0,113280.0,1.26729641,1759154399999
1759154400000,113297.0,114300.0,113297.0,113909.0,9.10799733,1759161599999
1759161600000,113930.0,114220.0,113560.0,114220.0,0.28995602,1759168799999
1759168800000,114030.0,114449.0,113949.0,114449.0,0.37790295,1759175999999
1759176000000,114320.0,114485.0,114210.0,114255.0,1.61898372,1759183199999
1759183200000,114283.0,114470.0,114150.0,114470.0,0.12781465,1759190399999
1759190400000,114310.0,114800.0,114160.0,114470.0,0.38497099,1759197599999
1759197600000,114650.0,114650.0,114430.0,114452.0,0.16327387,1759204799999
1759204800000,114387.0,114400.0,113950.0,113990.0,0.29853645,1759211999999
1759212000000,113970.0,114110.0,113662.0,113789.0,0.15784527,1759219199999
1759219200000,113710.0,113753.0,112920.0,112930.0,1.20036251,1759226399999
1759226400000,112766.0,113160.0,112766.0,113160.0,0.36021134,1759233599999
1759233600000,113110.0,113710.0,112927.0,113290.0,0.2459172,1759240799999
1759240800000,113450.0,113640.0,113040.0,113190.0,0.11717905,1759247999999
1759248000000,113160.0,113380.0,112830.0,113380.0,0.16745855,1759255199999
1759255200000,113252.0,114530.0,113252.0,114440.0,0.23577374,1759262399999
1759262400000,114426.0,114794.0,114190.0,114350.0,0.29904811,1759269599999
1759269600000,114229.0,114230.0,113850.0,114030.0,0.06436466,1759276799999
1759276800000,114098.0,114440.0,114050.0,114440.0,0.01484743,1759283999999
1759284000000,114580.0,114580.0,114180.0,114230.0,0.08565284,1759291199999
1759291200000,114240.0,114720.0,114240.0,114610.0,0.2521094,1759298399999
1759298400000,114620.0,114640.0,114380.0,114600.0,0.01328548,1759305599999
1759305600000,114600.0,116520.0,114600.0,116510.0,0.95567482,1759312799999
1759312800000,116500.0,116850.0,116253.0,116850.0,0.18523492,1759319999999
1759320000000,116850.0,116960.0,116470.0,116900.0,0.60194577,1759327199999
1759327200000,116950.0,117740.0,116860.0,117470.0,0.97557876,1759334399999
1759334400000,117520.0,118280.0,116850.0,116910.0,1.22918772,1759341599999
1759341600000,116952.0,117591.0,116952.0,117488.0,0.73526728,1759348799999
1759348800000,117488.0,117640.0,117294.0,117520.0,0.52555573,1759355999999
1759356000000,117720.0,118700.0,117720.0,118700.0,0.26577184,1759363199999
1759363200000,118720.0,119520.0,118542.0,118820.0,0.62068264,1759370399999
1759370400000,118750.0,119060.0,118640.0,118790.0,0.40886915,1759377599999
1759377600000,118820.0,118900.0,118410.0,118410.0,0.39900356,1759384799999
1759384800000,118429.0,118765.0,118429.0,118580.0,0.16176368,1759391999999
1759392000000,118589.0,118790.0,118580.0,118783.0,0.21609199,1759399199999
1759399200000,118931.0,118940.0,118730.0,118940.0,0.19293085,1759406399999
1759406400000,118900.0,119840.0,118900.0,119760.0,0.80786226,1759413599999
1759413600000,119690.0,120000.0,118720.0,120000.0,1.71376937,1759420799999
1759420800000,119980.0,120290.0,115000.0,120000.0,4.84804007,1759427999999
1759428000000,120070.0,121090.0,120070.0,120931.0,2.37047249,1759435199999
1759435200000,120792.0,120978.0,120220.0,120258.0,1.72916372,1759442399999
1759442400000,120236.0,120670.0,120180.0,120634.0,0.5136019,1759449599999
1759449600000,120552.0,120552.0,119893.0,120070.0,0.56802527,1759456799999
1759456800000,120240.0,120535.0,120082.0,120320.0,0.31589594,1759463999999
1759464000000,120285.0,120369.0,119890.0,119981.0,0.98036098,1759471199999
1759471200000,119950.0,120169.0,119761.0,119761.0,0.68138368,1759478399999
1759478400000,119750.0,120411.0,119340.0,120410.0,1.01876951,1759485599999
1759485600000,120420.0,120600.0,120320.0,120459.0,0.33688386,1759492799999
1759492800000,120500.0,120780.0,120250.0,120524.0,0.16401496,1759499999999
1759500000000,120451.0,122448.0,120070.0,122362.0,1.42080708,1759507199999
1759507200000,122377.0,123990.0,121760.0,122140.0,10.28532406,1759514399999
1759514400000,121980.0,123070.0,121590.0,122710.0,5.4818089,1759521599999
1759521600000,122788.0,122800.0,122160.0,122370.0,0.11486942,1759528799999
1759528800000,122441.0,122680.0,122420.0,122420.0,0.09903976,1759535999999
1759536000000,122280.0,122390.0,121860.0,121860.0,0.18179151,1759543199999
1759543200000,122090.0,122410.0,121840.0,122380.0,0.10074827,1759550399999
1759550400000,122390.0,122858.0,122350.0,122614.0,0.56150574,1759557599999
1759557600000,122540.0,122642.0,122337.0,122337.0,0.20369168,1759564799999
1759564800000,122401.0,122550.0,122340.0,122490.0,0.1068667,1759571999999
1759572000000,122390.0,122390.0,122050.0,122150.0,0.5537795,1759579199999
1759579200000,122128.0,122570.0,122078.0,122530.0,0.31673973,1759586399999
1759586400000,122398.0,122537.0,121797.0,121969.0,0.1812047,1759593599999
1759593600000,121950.0,122049.0,121680.0,121990.0,0.64521067,1759600799999
1759600800000,121900.0,122058.0,121617.0,122058.0,2.15014012,1759607999999
1759608000000,122095.0,122410.0,121970.0,122260.0,0.38287277,1759615199999
1759615200000,122270.0,122480.0,122270.0,122460.0,0.24321139,1759622399999
1759622400000,122450.0,122470.0,122280.0,122470.0,0.02048251,1759629599999
1759629600000,122469.0,124400.0,122469.0,123880.0,4.25426518,1759636799999
1759636800000,123920.0,125720.0,123851.0,125120.0,9.23623947,1759643999999
1759644000000,125174.0,125224.0,124670.0,124880.0,1.78828403,1759651199999
1759651200000,124730.0,124872.0,122964.0,123182.0,5.60557676,1759658399999
1759658400000,123010.0,123544.0,122600.0,123496.0,0.30103181,1759665599999
1759665600000,123450.0,123450.0,123080.0,123350.0,0.08819108,1759672799999
1759672800000,123270.0,123340.0,122790.0,122850.0,1.34650712,1759679999999
1759680000000,122850.0,123480.0,122388.0,123140.0,0.14742023,1759687199999
1759687200000,123180.0,123200.0,122590.0,122590.0,0.12845178,1759694399999
1759694400000,122560.0,123043.0,122560.0,122670.0,0.11408952,1759701599999
1759701600000,122960.0,123595.0,122950.0,123580.0,0.12162685,1759708799999
1759708800000,123391.0,124410.0,123200.0,123850.0,0.63971851,1759715999999
1759716000000,123960.0,124227.0,123577.0,123940.0,0.43864222,1759723199999
1759723200000,123880.0,124040.0,123396.0,123660.0,0.26991807,1759730399999
1759730400000,123641.0,124170.0,123410.0,123413.0,0.54199506,1759737599999
1759737600000,123500.0,124123.0,123500.0,124019.0,6.45749636,1759744799999
1759744800000,124042.0,124606.0,123830.0,124310.0,2.3178296,1759751999999
1759752000000,124260.0,125128.0,124260.0,125095.0,3.80965477,1759759199999
1759759200000,125094.0,125470.0,124440.0,125130.0,1.38590901,1759766399999
1759766400000,125051.0,125880.0,124880.0,125412.0,4.18826879,1759773599999
1759773600000,125220.0,126270.0,125165.0,125510.0,2.17102935,1759780799999
1759780800000,125493.0,125550.0,124570.0,125140.0,1.06178493,1759787999999
1759788000000,125210.0,125330.0,124730.0,124760.0,0.97701149,1759795199999
1759795200000,124730.0,125122.0,124560.0,124730.0,0.11378547,1759802399999
1759802400000,124690.0,124710.0,124215.0,124409.0,0.30190128,1759809599999
1759809600000,124270.0,124680.0,124230.0,124450.0,0.98262529,1759816799999
1759816800000,124537.0,124541.0,123660.0,123700.0,1.01627901,1759823999999
1759824000000,123690.0,124304.0,123380.0,124304.0,1.0792332,1759831199999
1759831200000,124190.0,124600.0,124160.0,124559.0,1.7409924,1759838399999
1759838400000,124520.0,125200.0,123588.0,124000.0,1.47030967,1759845599999
1759845600000,123979.0,124100.0,121310.0,121857.0,1.30109428,1759852799999
1759852800000,121904.0,122170.0,121000.0,121250.0,2.19744196,1759859999999
1759860000000,121131.0,122040.0,120700.0,121689.0,1.77314757,1759867199999
1759867200000,122060.0,122390.0,121900.0,122040.0,0.67911609,1759874399999
1759874400000,122018.0,122261.0,121400.0,121560.0,0.21653834,1759881599999
1759881600000,121490.0,122150.0,121440.0,121910.0,0.05169192,1759888799999
1759888800000,121940.0,122190.0,121340.0,121410.0,0.17974927,1759895999999
1759896000000,121470.0,121910.0,121280.0,121280.0,0.05525255,1759903199999
1759903200000,121190.0,121880.0,121190.0,121570.0,0.5910651,1759910399999
1759910400000,121699.0,122938.0,121600.0,122530.0,1.47921741,1759917599999
1759917600000,122620.0,123333.0,122620.0,122850.0,0.9451874,1759924799999
1759924800000,122990.0,123020.0,121728.0,122610.0,0.12404603,1759931999999
1759932000000,122801.0,123190.0,122050.0,122240.0,0.41583633,1759939199999
1759939200000,122170.0,124240.0,122170.0,124240.0,1.18597303,1759946399999
1759946400000,124050.0,124140.0,123240.0,123520.0,0.28824412,1759953599999
1759953600000,123460.0,123670.0,122920.0,123280.0,0.1972856,1759960799999
1759960800000,123380.0,123580.0,123120.0,123580.0,0.00531762,1759967999999
1759968000000,123333.0,123333.0,122400.0,122530.0,0.26890769,1759975199999
1759975200000,122322.0,122380.0,121550.0,122070.0,0.25549266,1759982399999
1759982400000,122100.0,122309.0,121900.0,122200.0,0.12182963,1759989599999
1759989600000,122130.0,122200.0,121840.0,121840.0,0.15354147,1759996799999
1759996800000,121970.0,121970.0,121231.0,121867.0,1.13424978,1760003999999
1760004000000,121825.0,122900.0,121710.0,122850.0,0.41921807,1760011199999
1760011200000,122900.0,123690.0,122426.0,122505.0,0.98748675,1760018399999
1760018400000,122313.0,122590.0,120800.0,121200.0,1.08224915,1760025599999
1760025600000,121280.0,121460.0,119775.0,121082.0,4.38333132,1760032799999
1760032800000,121030.0,121199.0,120518.0,121020.0,0.76963172,1760039999999
1760040000000,121140.0,121600.0,120990.0,121537.0,1.62329018,1760047199999
1760047200000,121580.0,121813.0,121490.0,121813.0,0.23660301,1760054399999
1760054400000,121760.0,121957.0,121610.0,121740.0,0.07394651,1760061599999
1760061600000,121668.0,121668.0,121010.0,121420.0,0.1153314,1760068799999
1760068800000,121216.0,121660.0,121100.0,121660.0,0.12742312,1760075999999
1760076000000,121685.0,121800.0,120948.0,120960.0,1.81006207,1760083199999
1760083200000,121090.0,121790.0,121090.0,121370.0,0.2630748,1760090399999
1760090400000,121480.0,121639.0,121310.0,121639.0,0.25909349,1760097599999
1760097600000,121660.0,122610.0,121472.0,121629.0,0.66962466,1760104799999
1760104800000,121820.0,122070.0,118590.0,119150.0,1.901852,1760111999999
1760112000000,119000.0,119476.0,117640.0,117750.0,5.31696019,1760119199999
1760119200000,117627.0,117836.0,116000.0,116780.0,2.42780338,1760126399999
1760126400000,116710.0,117908.0,102200.0,113821.0,59.08829331,1760133599999
1760133600000,113864.0,116000.0,112963.0,112984.0,2.9439317,1760140799999
1760140800000,112800.0,113057.0,111207.0,111438.0,3.53788571,1760147999999
1760148000000,111342.0,113374.0,111342.0,112468.0,1.02645531,1760155199999
1760155200000,112324.0,113160.0,111783.0,112586.0,2.27149512,1760162399999
1760162400000,112780.0,112840.0,110385.0,110385.0,4.59346713,1760169599999
1760169600000,110610.0,111979.0,110273.0,111760.0,1.76536344,1760176799999
1760176800000,111900.0,112480.0,111790.0,112380.0,2.48240612,1760183999999
1760184000000,112370.0,112570.0,112218.0,112357.0,3.09728269,1760191199999
1760191200000,112409.0,112459.0,111969.0,112190.0,2.19462699,1760198399999
1760198400000,112000.0,112178.0,111489.0,112098.0,0.71101341,1760205599999
1760205600000,112055.0,112088.0,111127.0,111229.0,0.27282858,1760212799999
1760212800000,111340.0,111340.0,109710.0,110929.0,4.31738325,1760219999999
1760220000000,110900.0,111176.0,110787.0,111141.0,0.28105106,1760227199999
1760227200000,110410.0,110432.0,109659.0,110057.0,0.67026909,1760234399999
1760234400000,110311.0,111124.0,110309.0,111087.0,0.41573842,1760241599999
1760241600000,111300.0,111860.0,111276.0,111860.0,0.10458317,1760248799999
1760248800000,111950.0,112000.0,111659.0,111720.0,0.8154588,1760255999999
1760256000000,111670.0,111761.0,111222.0,111728.0,1.04082854,1760263199999
1760263200000,111970.0,112150.0,111469.0,111860.0,1.61520738,1760270399999
1760270400000,112050.0,112287.0,111396.0,111415.0,2.84674561,1760277599999
1760277600000,111300.0,113610.0,111183.0,113260.0,1.84279467,1760284799999
1760284800000,113580.0,114693.0,113570.0,113930.0,2.73383681,1760291999999
1760292000000,113930.0,114466.0,113670.0,114466.0,0.93316903,1760299199999
1760299200000,114500.0,115680.0,114490.0,114930.0,1.94998284,1760306399999
1760306400000,115497.0,115788.0,114920.0,115170.0,0.24062373,1760313599999
1760313600000,115495.0,115800.0,115300.0,115780.0,0.09781601,1760320799999
1760320800000,115972.0,116000.0,114918.0,114950.0,0.1631479,1760327999999
1760328000000,115090.0,115090.0,114559.0,114658.0,0.261511,1760335199999
1760335200000,114700.0,115600.0,114550.0,115310.0,0.16761334,1760342399999
1760342400000,115480.0,115571.0,114900.0,115240.0,1.10688551,1760349599999
1760349600000,115080.0,115090.0,113860.0,114170.0,0.41586342,1760356799999
1760356800000,114220.0,115490.0,114130.0,115490.0,0.46344066,1760363999999
1760364000000,115510.0,115530.0,113928.0,114510.0,0.25347351,1760371199999
1760371200000,114400.0,115210.0,114400.0,115064.0,0.54806847,1760378399999
1760378400000,115130.0,115972.0,114860.0,115900.0,0.90992234,1760385599999
1760385600000,115802.0,115830.0,115495.0,115760.0,0.62335564,1760392799999
1760392800000,115934.0,115934.0,115139.0,115230.0,0.40173843,1760399999999
1760400000000,115280.0,115480.0,114296.0,114380.0,0.8651119,1760407199999
1760407200000,114270.0,114270.0,113365.0,113560.0,0.71372732,1760414399999
1760414400000,113554.0,113747.0,112500.0,112580.0,2.39757595,1760421599999
1760421600000,112620.0,112772.0,111391.0,111730.0,5.01024368,1760428799999
1760428800000,111790.0,112207.0,111176.0,111377.0,6.08571306,1760435999999
1760436000000,111427.0,111728.0,110103.0,111464.0,5.11109642,1760443199999
1760443200000,111350.0,111430.0,109975.0,111070.0,0.47617929,1760450399999
1760450400000,111070.0,112820.0,111070.0,112820.0,0.60637421,1760457599999
1760457600000,112700.0,112987.0,111830.0,112830.0,0.85459517,1760464799999
1760464800000,112880.0,113565.0,112150.0,112720.0,0.9545491,1760471999999
1760472000000,112750.0,113180.0,112470.0,113174.0,0.10025628,1760479199999
1760479200000,113277.0,113506.0,113010.0,113117.0,0.19311046,1760486399999
1760486400000,113030.0,113080.0,112400.0,112730.0,1.37890083,1760493599999
1760493600000,112757.0,113679.0,111920.0,112090.0,0.77367355,1760500799999
1760500800000,112130.0,112710.0,111840.0,112710.0,0.11026685,1760507999999
1760508000000,112510.0,112750.0,111970.0,112638.0,0.21472139,1760515199999
1760515200000,112770.0,113521.0,112476.0,112600.0,0.40600103,1760522399999
1760522400000,112617.0,112659.0,111860.0,112008.0,0.74140878,1760529599999
1760529600000,111965.0,112150.0,110900.0,111510.0,1.56794562,1760536799999
1760536800000,111510.0,112300.0,110470.0,110834.0,0.79774913,1760543999999
1760544000000,110823.0,111192.0,110174.0,111192.0,1.19102393,1760551199999
1760551200000,111177.0,111610.0,110976.0,111335.0,1.45647983,1760558399999
1760558400000,111370.0,111529.0,110640.0,110890.0,0.49250615,1760565599999
1760565600000,110940.0,111380.0,110670.0,110730.0,0.21794386,1760572799999
1760572800000,110790.0,111290.0,110445.0,111290.0,0.19551949,1760579999999
1760580000000,111410.0,111880.0,111147.0,111590.0,0.37838953,1760587199999
1760587200000,111430.0,111694.0,110960.0,110980.0,0.30337397,1760594399999
1760594400000,111070.0,111781.0,110610.0,110660.0,1.38264949,1760601599999
1760601600000,110690.0,111603.0,109718.0,111200.0,1.44093877,1760608799999
1760608800000,111260.0,111710.0,111080.0,111430.0,1.08651394,1760615999999
1760616000000,111466.0,111990.0,110790.0,110910.0,0.63046113,1760623199999
1760623200000,110764.0,111417.0,108480.0,108660.0,4.29825659,1760630399999
1760630400000,108420.0,109317.0,107653.0,108389.0,3.59900425,1760637599999
1760637600000,108279.0,108690.0,107764.0,108270.0,3.11191577,1760644799999
1760644800000,108380.0,108470.0,107329.0,108470.0,1.92211978,1760651999999
1760652000000,108500.0,108500.0,107848.0,108229.0,6.62361287,1760659199999
1760659200000,108212.0,109151.0,107964.0,108610.0,8.07762158,1760666399999
1760666400000,108826.0,109249.0,108457.0,109249.0,8.36541528,1760673599999
1760673600000,109196.0,109270.0,108443.0,108510.0,0.89889318,1760680799999
1760680800000,108511.0,108511.0,105550.0,105550.0,6.37923482,1760687999999
1760688000000,105530.0,105710.0,104580.0,104665.0,8.06930999,1760695199999
1760695200000,104640.0,106512.0,103803.0,105633.0,6.20852534,1760702399999
1760702400000,105620.0,106050.0,104990.0,105890.0,2.48886037,1760709599999
1760709600000,105820.0,106840.0,104620.0,106840.0,1.64865303,1760716799999
1760716800000,106880.0,107570.0,106160.0,106452.0,2.81304206,1760723999999
1760724000000,106616.0,106990.0,106295.0,106490.0,1.16278071,1760731199999
1760731200000,106510.0,107429.0,106404.0,107380.0,0.58459569,1760738399999
1760738400000,107357.0,107449.0,106456.0,106456.0,0.37988471,1760745599999
1760745600000,106440.0,107317.0,106410.0,107240.0,0.05754717,1760752799999
1760752800000,107263.0,107336.0,106580.0,107108.0,0.75978359,1760759999999
1760760000000,107120.0,107120.0,106494.0,106884.0,1.59385014,1760767199999
1760767200000,106850.0,107390.0,106716.0,106716.0,0.39135486,1760774399999
1760774400000,106750.0,106997.0,106720.0,106910.0,0.11436082,1760781599999
1760781600000,106927.0,107271.0,106822.0,107271.0,0.11689851,1760788799999
1760788800000,107261.0,107348.0,106910.0,107010.0,0.2094009,1760795999999
1760796000000,106990.0,107180.0,106816.0,107030.0,1.31103076,1760803199999
1760803200000,107000.0,107090.0,106540.0,106950.0,0.22752927,1760810399999
1760810400000,106793.0,107130.0,106779.0,107130.0,0.06614394,1760817599999
1760817600000,107111.0,107360.0,106910.0,107223.0,0.22731613,1760824799999
1760824800000,107180.0,107320.0,107089.0,107220.0,0.33013599,1760831999999
1760832000000,107290.0,107290.0,106787.0,107010.0,0.18519771,1760839199999
1760839200000,106980.0,107359.0,106880.0,107300.0,0.04094964,1760846399999
1760846400000,107213.0,107213.0,106880.0,106880.0,0.07397263,1760853599999
1760853600000,106863.0,106889.0,106639.0,106810.0,0.44867454,1760860799999
1760860800000,106867.0,108150.0,106150.0,107470.0,6.63264293,1760867999999
1760868000000,107440.0,108270.0,107000.0,107790.0,1.87443633,1760875199999
1760875200000,107827.0,108223.0,107436.0,108172.0,2.30007531,1760882399999
1760882400000,108007.0,108649.0,107947.0,108460.0,0.45812503,1760889599999
1760889600000,108380.0,109410.0,108330.0,109180.0,1.00082811,1760896799999
1760896800000,109180.0,109474.0,108861.0,108955.0,4.02397795,1760903999999
1760904000000,108894.0,109040.0,108671.0,108720.0,1.29292597,1760911199999
1760911200000,108833.0,109344.0,108534.0,108691.0,0.36597826,1760918399999
1760918400000,108454.0,108480.0,107391.0,108193.0,0.37203948,1760925599999
1760925600000,108000.0,110330.0,107911.0,110280.0,0.51319929,1760932799999
1760932800000,110220.0,111111.0,110034.0,111111.0,1.89176409,1760939999999
1760940000000,111076.0,111400.0,111043.0,111217.0,1.458121,1760947199999
1760947200000,111208.0,111700.0,110745.0,111000.0,1.76791277,1760954399999
1760954400000,111050.0,111071.0,110685.0,111050.0,0.54564991,1760961599999
1760961600000,110993.0,111221.0,110647.0,111168.0,0.83882197,1760968799999
1760968800000,111250.0,111728.0,110820.0,111270.0,1.91606944,1760975999999
1760976000000,111093.0,111280.0,109920.0,110312.0,3.49900697,1760983199999
1760983200000,110360.0,111083.0,110342.0,110840.0,0.55447487,1760990399999
1760990400000,110794.0,111259.0,110531.0,110590.0,2.59388633,1760997599999
1760997600000,110584.0,110896.0,110510.0,110670.0,0.17131226,1761004799999
1761004800000,110511.0,110566.0,109770.0,109910.0,0.25122704,1761011999999
1761012000000,109950.0,109950.0,109181.0,109181.0,1.29096292,1761019199999
1761019200000,109060.0,109060.0,107518.0,107559.0,5.6123367,1761026399999
1761026400000,107552.0,108205.0,107552.0,108121.0,1.36301069,1761033599999
1761033600000,108120.0,108120.0,107541.0,107792.0,0.70621835,1761040799999
1761040800000,107810.0,108841.0,107635.0,108634.0,0.29975984,1761047999999
1761048000000,108638.0,109510.0,107986.0,108450.0,2.93787184,1761055199999
1761055200000,108566.0,113564.0,108566.0,113449.0,9.49710657,1761062399999
1761062400000,113490.0,114051.0,111979.0,112067.0,6.99831343,1761069599999
1761069600000,112054.0,112290.0,111458.0,111859.0,2.03707377,1761076799999
1761076800000,111720.0,111780.0,110331.0,110890.0,4.58399282,1761083999999
1761084000000,110793.0,110793.0,108155.0,108410.0,4.00934432,1761091199999
1761091200000,108309.0,108704.0,107954.0,108401.0,0.69256402,1761098399999
1761098400000,108470.0,108730.0,107972.0,108270.0,0.53961785,1761105599999
1761105600000,108257.0,108696.0,107955.0,108200.0,1.26556173,1761112799999
1761112800000,108231.0,108340.0,107690.0,108340.0,1.31882167,1761119999999
1761120000000,108273.0,108413.0,107874.0,108050.0,7.10012603,1761127199999
1761127200000,107950.0,108238.0,106890.0,107620.0,2.24446181,1761134399999
1761134400000,107640.0,109021.0,107570.0,108840.0,1.59552714,1761141599999
1761141600000,108661.0,109168.0,107686.0,108432.0,11.81024948,1761148799999
1761148800000,108404.0,108770.0,107605.0,107820.0,18.37005863,1761155999999
1761156000000,107807.0,108384.0,107546.0,107870.0,15.83277854,1761163199999
1761163200000,107908.0,108071.0,106701.0,107163.0,16.09628246,1761170399999
1761170400000,107230.0,107963.0,106957.0,107609.0,15.55845381,1761177599999
1761177600000,107598.0,108510.0,107547.0,108224.0,11.65552593,1761184799999
1761184800000,108164.0,108720.0,108158.0,108424.0,0.02721917,1761191999999
1761192000000,108400.0,109010.0,108400.0,109010.0,1.2109731,1761199199999
1761199200000,108943.0,110283.0,108938.0,109290.0,1.36208721,1761206399999
1761206400000,109310.0,109929.0,109160.0,109460.0,1.26410799,1761213599999
1761213600000,109490.0,109717.0,109175.0,109301.0,0.53424364,1761220799999
1761220800000,109232.0,109613.0,108870.0,109450.0,0.80958726,1761227999999
1761228000000,109400.0,110123.0,108820.0,110063.0,0.43532177,1761235199999
1761235200000,109919.0,111324.0,109721.0,111241.0,0.72874608,1761242399999
1761242400000,111310.0,111310.0,110171.0,110262.0,0.33603272,1761249599999
1761249600000,110262.0,110262.0,109485.0,109602.0,0.25010492,1761256799999
1761256800000,109630.0,110151.0,109630.0,110100.0,0.07497622,1761263999999
1761264000000,110140.0,110747.0,110060.0,110620.0,0.75852139,1761271199999
1761271200000,110500.0,110835.0,110380.0,110410.0,0.12498157,1761278399999
1761278400000,110460.0,111522.0,110430.0,111290.0,0.21821765,1761285599999
1761285600000,111257.0,111595.0,110848.0,111133.0,1.76228987,1761292799999
1761292800000,111104.0,111500.0,110753.0,111308.0,0.97954979,1761299999999
1761300000000,111300.0,111350.0,110722.0,111148.0,0.64577501,1761307199999
1761307200000,111150.0,112067.0,110470.0,110940.0,0.93589302,1761314399999
1761314400000,110840.0,110840.0,109800.0,110090.0,1.63679571,1761321599999
1761321600000,109880.0,110580.0,109880.0,110330.0,0.01286639,1761328799999
1761328800000,110250.0,110945.0,110250.0,110610.0,0.05376744,1761335999999
1761336000000,110530.0,111140.0,110530.0,111095.0,1.08117959,1761343199999
1761343200000,111020.0,111150.0,110970.0,111010.0,0.08453547,1761350399999
1761350400000,111060.0,111152.0,110720.0,111050.0,0.05755814,1761357599999
1761357600000,111040.0,111147.0,111040.0,111130.0,0.00529032,1761364799999
1761364800000,111136.0,111500.0,111136.0,111390.0,0.26330408,1761371999999
1761372000000,111470.0,111750.0,111282.0,111525.0,0.20981944,1761379199999
1761379200000,111582.0,111869.0,111450.0,111527.0,1.10706056,1761386399999
1761386400000,111500.0,111720.0,111400.0,111660.0,0.07259459,1761393599999
1761393600000,111620.0,111899.0,111587.0,111660.0,0.29032868,1761400799999
1761400800000,111774.0,111774.0,111368.0,111439.0,0.10922954,1761407999999
1761408000000,111406.0,111474.0,111180.0,111360.0,0.30010771,1761415199999
1761415200000,111480.0,111760.0,111480.0,111620.0,0.02074006,1761422399999
1761422400000,111609.0,111613.0,111399.0,111487.0,0.63174475,1761429599999
1761429600000,111470.0,111630.0,111452.0,111620.0,0.02608796,1761436799999
1761436800000,111600.0,111890.0,111600.0,111693.0,0.72777322,1761443999999
1761444000000,111540.0,111670.0,111480.0,111480.0,0.02020957,1761451199999
1761451200000,111362.0,111650.0,111350.0,111560.0,0.0959819,1761458399999
1761458400000,111626.0,111794.0,111626.0,111794.0,0.12252611,1761465599999
1761465600000,111839.0,112760.0,111729.0,112500.0,0.53799929,1761472799999
1761472800000,112478.0,113408.0,112259.0,113300.0,0.35635561,1761479999999
1761480000000,113405.0,114000.0,113300.0,113750.0,2.76636655,1761487199999
1761487200000,113691.0,113875.0,113459.0,113741.0,0.79614335,1761494399999
1761494400000,113740.0,113776.0,113300.0,113466.0,0.12865148,1761501599999
1761501600000,113464.0,113772.0,113440.0,113649.0,0.60382591,1761508799999
1761508800000,113575.0,113575.0,112927.0,113480.0,0.5441461,1761515999999
1761516000000,113530.0,115493.0,113520.0,114550.0,4.43556927,1761523199999
1761523200000,114508.0,115375.0,114508.0,115336.0,1.19232045,1761530399999
1761530400000,115342.0,115441.0,114870.0,115050.0,1.42236984,1761537599999
1761537600000,115030.0,115663.0,115030.0,115580.0,0.3897545,1761544799999
1761544800000,115460.0,116356.0,115382.0,115579.0,3.08316554,1761551999999
1761552000000,115540.0,115640.0,114840.0,115261.0,0.56843616,1761559199999
1761559200000,115236.0,115550.0,115112.0,115400.0,0.41862318,1761566399999
1761566400000,115343.0,115443.0,114641.0,115270.0,0.32274042,1761573599999
1761573600000,115300.0,115300.0,114500.0,114953.0,0.45277881,1761580799999
1761580800000,115010.0,115699.0,115010.0,115699.0,0.15200927,1761587999999
1761588000000,115580.0,115750.0,114850.0,115021.0,0.27991854,1761595199999
1761595200000,114817.0,114830.0,114232.0,114350.0,0.34961873,1761602399999
1761602400000,114257.0,114590.0,113914.0,114150.0,0.78292105,1761609599999
1761609600000,114050.0,114490.0,113840.0,114470.0,0.18839488,1761616799999
1761616800000,114450.0,114450.0,113622.0,113940.0,0.1263971,1761623999999
1761624000000,113910.0,114080.0,113450.0,113602.0,0.36382955,1761631199999
1761631200000,113679.0,114340.0,113679.0,114250.0,0.32424999,1761638399999
1761638400000,114130.0,114585.0,114130.0,114480.0,0.2248706,1761645599999
1761645600000,114480.0,114630.0,114327.0,114327.0,0.14543704,1761652799999
1761652800000,114310.0,115516.0,114152.0,115430.0,0.27199443,1761659999999
1761660000000,115481.0,116095.0,114490.0,114660.0,2.23975556,1761667199999
1761667200000,114610.0,115593.0,114590.0,115370.0,0.51791763,1761674399999
1761674400000,115250.0,115250.0,113520.0,113790.0,0.88368266,1761681599999
1761681600000,113600.0,113632.0,112250.0,113018.0,3.12492903,1761688799999
1761688800000,113030.0,113352.0,112880.0,112929.0,0.89069325,1761695999999
1761696000000,112920.0,112980.0,112150.0,112500.0,1.02021122,1761703199999
1761703200000,112540.0,112730.0,112417.0,112600.0,0.06783514,1761710399999
1761710400000,112633.0,113353.0,112633.0,113070.0,0.40385142,1761717599999
1761717600000,113013.0,113490.0,113013.0,113482.0,0.20157083,1761724799999
1761724800000,113630.0,113630.0,112800.0,113020.0,1.17348145,1761731999999
1761732000000,113000.0,113260.0,112870.0,113200.0,0.22579927,1761739199999
1761739200000,113230.0,113650.0,112798.0,112992.0,0.198119,1761746399999
1761746400000,112672.0,112780.0,111460.0,111560.0,2.94461525,1761753599999
1761753600000,111480.0,111950.0,110991.0,111900.0,1.97557908,1761760799999
1761760800000,111750.0,111992.0,107500.0,110670.0,3.71608684,1761767999999
1761768000000,110670.0,111800.0,110600.0,111620.0,0.15322213,1761775199999
1761775200000,111600.0,111600.0,109834.0,110040.0,0.46077612,1761782399999
1761782400000,110220.0,110666.0,110220.0,110554.0,0.17374777,1761789599999
1761789600000,110452.0,110999.0,110395.0,110720.0,0.33869386,1761796799999
1761796800000,110764.0,110764.0,107986.0,110450.0,1.3192927,1761803999999
1761804000000,110300.0,111580.0,110100.0,111320.0,1.11372346,1761811199999
1761811200000,111220.0,111220.0,110200.0,110331.0,0.6165126,1761818399999
1761818400000,109990.0,110183.0,109719.0,109852.0,0.83708963,1761825599999
1761825600000,109721.0,109721.0,107436.0,107630.0,1.37247842,1761832799999
1761832800000,107840.0,108300.0,107396.0,107727.0,1.02304617,1761839999999
1761840000000,107640.0,108230.0,106880.0,107430.0,0.8819504,1761847199999
1761847200000,107490.0,107490.0,106302.0,106302.0,1.30491079,1761854399999
1761854400000,106450.0,107900.0,106390.0,107900.0,1.09652354,1761861599999
1761861600000,107880.0,108300.0,107520.0,108270.0,1.13253629,1761868799999
1761868800000,108365.0,110181.0,108365.0,109630.0,0.66846632,1761875999999
1761876000000,109641.0,109641.0,108678.0,109137.0,0.39563801,1761883199999
1761883200000,109339.0,110140.0,109295.0,109870.0,0.3372952,1761890399999
1761890400000,109903.0,109963.0,109231.0,109418.0,1.2423389,1761897599999
1761897600000,109415.0,110413.0,109263.0,109950.0,2.28746863,1761904799999
1761904800000,109880.0,110420.0,109388.0,110380.0,0.54609869,1761911999999
1761912000000,110340.0,110648.0,109432.0,110133.0,0.4094231,1761919199999
1761919200000,109980.0,111089.0,109734.0,110149.0,2.97464503,1761926399999
1761926400000,110120.0,110243.0,108630.0,109310.0,0.96190382,1761933599999
1761933600000,109256.0,110130.0,108950.0,109744.0,2.53406066,1761940799999
1761940800000,109780.0,109780.0,109415.0,109521.0,0.54463856,1761947999999
1761948000000,109494.0,109743.0,109494.0,109610.0,0.19959016,1761955199999
1761955200000,109414.0,110010.0,109410.0,109702.0,0.05872699,1761962399999
1761962400000,109699.0,110248.0,109530.0,110248.0,0.18877264,1761969599999
1761969600000,110282.0,110500.0,110029.0,110250.0,0.29907626,1761976799999
1761976800000,109992.0,110150.0,109925.0,110047.0,0.11216421,1761983999999
1761984000000,110100.0,110193.0,109959.0,110068.0,0.05881549,1761991199999
1761991200000,109864.0,110180.0,109864.0,110152.0,0.03604048,1761998399999
1761998400000,110090.0,110154.0,109685.0,109900.0,0.97023699,1762005599999
1762005600000,109710.0,110304.0,109710.0,110160.0,0.04508922,1762012799999
1762012800000,110308.0,110490.0,110216.0,110216.0,0.30949531,1762019999999
1762020000000,110250.0,110250.0,110180.0,110198.0,0.00493341,1762027199999
1762027200000,110430.0,110490.0,109888.0,109888.0,0.17065371,1762034399999
1762034400000,109902.0,110030.0,109852.0,110030.0,0.29874543,1762041599999
1762041600000,110050.0,110050.0,109889.0,109984.0,0.14055533,1762048799999
1762048800000,109910.0,110094.0,109910.0,109980.0,0.06283649,1762055999999
1762056000000,110050.0,110738.0,110050.0,110450.0,0.22053586,1762063199999
1762063200000,110420.0,111040.0,110310.0,110876.0,0.51931787,1762070399999
1762070400000,110900.0,111014.0,110518.0,110720.0,1.11346093,1762077599999
1762077600000,110740.0,111153.0,110371.0,111100.0,1.20655079,1762084799999
1762084800000,111210.0,111210.0,110260.0,110530.0,0.99042468,1762091999999
1762092000000,110651.0,110651.0,110120.0,110120.0,0.26990636,1762099199999
1762099200000,110005.0,110280.0,109761.0,110183.0,0.70676737,1762106399999
1762106400000,110191.0,110329.0,109987.0,110130.0,0.09913365,1762113599999
1762113600000,110183.0,110210.0,109950.0,110017.0,0.20727766,1762120799999
1762120800000,110017.0,110730.0,109429.0,110730.0,0.2830226,1762127999999
1762128000000,110536.0,110786.0,109550.0,109740.0,0.33140534,1762135199999
1762135200000,109700.0,109700.0,107966.0,108050.0,1.49795198,1762142399999
1762142400000,107987.0,108017.0,107450.0,107614.0,0.81201095,1762149599999
1762149600000,107570.0,107818.0,107048.0,107540.0,1.81982331,1762156799999
1762156800000,107470.0,107829.0,106980.0,107200.0,0.67632029,1762163999999
1762164000000,107280.0,107890.0,106806.0,107810.0,0.52807599,1762171199999
1762171200000,107875.0,108305.0,107610.0,108047.0,2.76547038,1762178399999
1762178400000,107990.0,108264.0,105536.0,105839.0,3.70060014,1762185599999
1762185600000,105748.0,107684.0,105324.0,107452.0,1.73657336,1762192799999
1762192800000,107389.0,107390.0,106687.0,107160.0,0.97041667,1762199999999
1762200000000,107140.0,107140.0,106179.0,106909.0,0.84591587,1762207199999
1762207200000,106740.0,106740.0,105890.0,106510.0,0.61077092,1762214399999
1762214400000,106501.0,107165.0,105887.0,107043.0,0.69232855,1762221599999
1762221600000,106922.0,107200.0,106460.0,107165.0,0.70561481,1762228799999
1762228800000,107156.0,107202.0,104200.0,104256.0,2.32556443,1762235999999
1762236000000,104218.0,105132.0,104218.0,104531.0,2.54729093,1762243199999
1762243200000,104510.0,104562.0,103635.0,103800.0,4.99555676,1762250399999
1762250400000,103740.0,104655.0,103583.0,104560.0,3.28803678,1762257599999
1762257600000,104490.0,104610.0,103622.0,104010.0,0.44718149,1762264799999
1762264800000,103770.0,104730.0,102925.0,103190.0,2.41740183,1762271999999
1762272000000,103240.0,103380.0,100800.0,101130.0,8.3201123,1762279199999
1762279200000,101000.0,101630.0,100000.0,100500.0,5.3163364,1762286399999
1762286400000,100534.0,101000.0,98903.0,100291.0,2.29085974,1762293599999
1762293600000,100074.0,101780.0,100002.0,101540.0,1.82523138,1762300799999
1762300800000,101460.0,101739.0,99000.0,100692.0,1.19639678,1762307999999
1762308000000,100980.0,102274.0,100943.0,102090.0,1.60422722,1762315199999
1762315200000,102110.0,102334.0,101624.0,101790.0,0.49910166,1762322399999
1762322400000,101820.0,102110.0,101560.0,102110.0,0.15431964,1762329599999
1762329600000,101930.0,102190.0,101290.0,102010.0,0.75904153,1762336799999
1762336800000,101950.0,102063.0,101400.0,102040.0,0.5989511,1762343999999
1762344000000,102040.0,103240.0,101950.0,103143.0,2.60561639,1762351199999
1762351200000,102950.0,103788.0,102250.0,103630.0,2.48353268,1762358399999
1762358400000,103760.0,104030.0,103130.0,103904.0,1.78968028,1762365599999
1762365600000,103810.0,104529.0,103783.0,104043.0,0.44125497,1762372799999
1762372800000,103967.0,104545.0,103540.0,103710.0,0.92196845,1762379999999
1762380000000,103581.0,104090.0,103376.0,103871.0,1.09287354,1762387199999
1762387200000,103870.0,103890.0,102890.0,103436.0,1.88331532,1762394399999
1762394400000,103430.0,103896.0,102893.0,103670.0,0.16068579,1762401599999
1762401600000,103630.0,104207.0,103090.0,103090.0,0.72893307,1762408799999
1762408800000,103190.0,103581.0,102948.0,103179.0,0.24373551,1762415999999
1762416000000,103100.0,103380.0,102887.0,102939.0,3.06320742,1762423199999
1762423200000,102662.0,103288.0,102662.0,103219.0,16.71897013,1762430399999
1762430400000,103216.0,103575.0,102390.0,103327.0,4.16723704,1762437599999
1762437600000,103360.0,103509.0,101630.0,101970.0,1.80111672,1762444799999
1762444800000,101990.0,102331.0,100315.0,101680.0,4.84548878,1762451999999
1762452000000,101711.0,102135.0,100919.0,101360.0,0.74667676,1762459199999
1762459200000,101440.0,101558.0,100569.0,101110.0,0.46652993,1762466399999
1762466400000,101060.0,101460.0,101000.0,101240.0,0.10853839,1762473599999
1762473600000,101366.0,101723.0,100782.0,101490.0,0.0754934,1762480799999
1762480800000,101460.0,102283.0,101290.0,101940.0,0.27178519,1762487999999
1762488000000,101750.0,102410.0,101579.0,102396.0,0.33501472,1762495199999
1762495200000,102340.0,102350.0,101606.0,101850.0,0.6387785,1762502399999
1762502400000,102000.0,102000.0,100782.0,100907.0,4.05651566,1762509599999
1762509600000,100923.0,101133.0,99790.0,100407.0,4.46870355,1762516799999
1762516800000,100372.0,100594.0,99207.0,100230.0,6.80256392,1762523999999
1762524000000,100173.0,101130.0,99572.0,100740.0,1.12064521,1762531199999
1762531200000,100740.0,102645.0,100466.0,102340.0,4.34164538,1762538399999
1762538400000,102328.0,103282.0,102282.0,103277.0,2.24257385,1762545599999
1762545600000,103392.0,103914.0,102940.0,103793.0,1.52310515,1762552799999
1762552800000,103891.0,104030.0,103260.0,103260.0,3.92763348,1762559999999
1762560000000,103320.0,103358.0,102586.0,102960.0,1.77981406,1762567199999
1762567200000,102946.0,103280.0,102556.0,102556.0,0.43422406,1762574399999
1762574400000,102640.0,102761.0,102240.0,102240.0,0.44039132,1762581599999
1762581600000,102190.0,102400.0,101805.0,102330.0,0.15668557,1762588799999
1762588800000,102314.0,102675.0,102165.0,102272.0,0.90341615,1762595999999
1762596000000,102280.0,102580.0,101740.0,101830.0,0.21585465,1762603199999
1762603200000,101830.0,102120.0,101732.0,101900.0,0.10854215,1762610399999
1762610400000,101830.0,102028.0,101502.0,101700.0,0.359882,1762617599999
1762617600000,101630.0,101990.0,101600.0,101990.0,0.26493347,1762624799999
1762624800000,101910.0,102170.0,101521.0,101950.0,0.08243937,1762631999999
1762632000000,102000.0,102350.0,101978.0,102271.0,0.18214563,1762639199999
1762639200000,102228.0,102397.0,102224.0,102332.0,0.31274759,1762646399999
1762646400000,102250.0,102250.0,101655.0,102060.0,0.11584097,1762653599999
1762653600000,101860.0,101902.0,101458.0,101640.0,0.42920773,1762660799999
1762660800000,101680.0,102050.0,101680.0,101869.0,1.17970214,1762667999999
1762668000000,101850.0,101962.0,101740.0,101962.0,0.05338077,1762675199999
1762675200000,101959.0,102090.0,101649.0,101661.0,0.13074308,1762682399999
1762682400000,101610.0,102264.0,101487.0,102219.0,0.14739889,1762689599999
1762689600000,102250.0,102945.0,102038.0,102920.0,0.26467112,1762696799999
1762696800000,102820.0,104100.0,102820.0,103794.0,2.85635365,1762703999999
1762704000000,103800.0,103909.0,103322.0,103632.0,1.55689432,1762711199999
1762711200000,103616.0,104830.0,103568.0,104670.0,1.00196476,1762718399999
1762718400000,105000.0,105055.0,104332.0,104473.0,0.87196626,1762725599999
1762725600000,104585.0,105450.0,104078.0,104610.0,1.49994236,1762732799999
1762732800000,104527.0,106600.0,104320.0,105760.0,1.95559431,1762739999999
1762740000000,105698.0,106278.0,105620.0,105989.0,0.61721806,1762747199999
1762747200000,106057.0,106430.0,105862.0,106090.0,0.45939628,1762754399999
1762754400000,106200.0,106540.0,106012.0,106400.0,0.29835376,1762761599999
1762761600000,106493.0,106573.0,105849.0,106540.0,1.82038033,1762768799999
1762768800000,106399.0,106399.0,106033.0,106180.0,0.49101915,1762775999999
1762776000000,106145.0,106560.0,105880.0,106560.0,0.82020687,1762783199999
1762783200000,106477.0,106477.0,104685.0,105055.0,2.22886311,1762790399999
1762790400000,104980.0,105947.0,104930.0,105947.0,0.34518622,1762797599999
1762797600000,105912.0,105977.0,105430.0,105840.0,0.26842898,1762804799999
1762804800000,105844.0,106269.0,105266.0,105625.0,0.59125079,1762811999999
1762812000000,105673.0,106260.0,105400.0,105941.0,0.66162293,1762819199999
1762819200000,105965.0,107385.0,105540.0,106080.0,2.21702871,1762826399999
1762826400000,106117.0,107028.0,105610.0,106460.0,0.64101798,1762833599999
1762833600000,106490.0,106490.0,105163.0,105233.0,11.91121324,1762840799999
1762840800000,105140.0,105294.0,104750.0,104770.0,15.04955199,1762847999999
1762848000000,104876.0,105488.0,104848.0,104967.0,16.28143409,1762855199999
1762855200000,104994.0,105457.0,104948.0,105273.0,3.81950209,1762862399999
1762862400000,105300.0,105400.0,104235.0,104330.0,3.63954392,1762869599999
1762869600000,104298.0,104659.0,103251.0,103501.0,0.6448792,1762876799999
1762876800000,103517.0,103719.0,102937.0,103327.0,1.34522393,1762883999999
1762884000000,103402.0,103520.0,102920.0,103134.0,3.18620018,1762891199999
1762891200000,103095.0,103095.0,102450.0,102719.0,1.67856026,1762898399999
1762898400000,102560.0,103190.0,102560.0,103038.0,3.46929934,1762905599999
1762905600000,103096.0,103340.0,102700.0,103340.0,0.73008644,1762912799999
1762912800000,103190.0,103399.0,103010.0,103272.0,0.58363799,1762919999999
1762920000000,103240.0,103388.0,103020.0,103388.0,0.1250694,1762927199999
1762927200000,103430.0,103639.0,103180.0,103180.0,0.693216,1762934399999
1762934400000,103260.0,105061.0,103260.0,104550.0,0.83350059,1762941599999
1762941600000,104707.0,105190.0,104707.0,105000.0,0.59086021,1762948799999
1762948800000,104973.0,105324.0,104660.0,105058.0,1.30759582,1762955999999
1762956000000,104866.0,104870.0,102000.0,102206.0,2.00072043,1762963199999
1762963200000,102180.0,102220.0,101331.0,101835.0,2.24717261,1762970399999
1762970400000,101840.0,101907.0,100926.0,101236.0,1.09778847,1762977599999
1762977600000,101170.0,102000.0,101170.0,101800.0,1.58991912,1762984799999
1762984800000,101598.0,102000.0,101470.0,101630.0,1.41834622,1762991999999
1762992000000,101679.0,102514.0,101490.0,102215.0,0.50953909,1762999199999
1762999200000,102060.0,102520.0,100983.0,102200.0,1.55179334,1763006399999
1763006400000,102138.0,103337.0,101720.0,103262.0,0.44371314,1763013599999
1763013600000,103180.0,104050.0,102990.0,103420.0,3.79507324,1763020799999
1763020800000,103413.0,103804.0,102510.0,102806.0,2.94492611,1763027999999
1763028000000,103030.0,103200.0,102805.0,102940.0,0.18134614,1763035199999
1763035200000,102970.0,103170.0,102188.0,102370.0,0.5943379,1763042399999
1763042400000,102249.0,103417.0,101234.0,101234.0,1.89087691,1763049599999
1763049600000,101403.0,101403.0,99596.0,99596.0,4.6638073,1763056799999
1763056800000,99695.0,99695.0,98050.0,98625.0,6.14419531,1763063999999
1763064000000,98634.0,98852.0,97964.0,98750.0,4.40100176,1763071199999
1763071200000,98751.0,100411.0,98709.0,99703.0,4.40756219,1763078399999
1763078400000,99531.0,99736.0,98729.0,99238.0,1.87544051,1763085599999
1763085600000,99310.0,99816.0,98808.0,98986.0,2.54724117,1763092799999
1763092800000,99136.0,99136.0,96770.0,97426.0,4.11394653,1763099999999
1763100000000,97230.0,97642.0,95990.0,97062.0,3.27612138,1763107199999
1763107200000,97054.0,97350.0,96690.0,96853.0,1.19347212,1763114399999
1763114400000,96912.0,97250.0,95680.0,95849.0,2.26008124,1763121599999
1763121600000,96045.0,96045.0,94501.0,95306.0,2.66709714,1763128799999
1763128800000,95020.0,97209.0,94983.0,96734.0,3.78536524,1763135999999
1763136000000,96592.0,97314.0,95576.0,95794.0,1.3394159,1763143199999
1763143200000,95766.0,96241.0,94812.0,95678.0,1.76573704,1763150399999
1763150400000,95676.0,95858.0,94179.0,94974.0,5.99543369,1763157599999
1763157600000,94974.0,95428.0,94000.0,94418.0,2.45110444,1763164799999
1763164800000,94701.0,95673.0,94698.0,95573.0,1.20638063,1763171999999
1763172000000,95531.0,96750.0,95369.0,96294.0,1.15273284,1763179199999
1763179200000,96353.0,96414.0,95936.0,96188.0,0.19004142,1763186399999
1763186400000,96230.0,96413.0,95924.0,96105.0,0.21568408,1763193599999
1763193600000,96000.0,96181.0,95770.0,95770.0,0.47993013,1763200799999
1763200800000,95724.0,96018.0,95617.0,95617.0,0.85868432,1763207999999
1763208000000,95630.0,96301.0,95542.0,96301.0,0.10214986,1763215199999
1763215200000,96355.0,96411.0,96029.0,96203.0,0.51520984,1763222399999
1763222400000,96227.0,96271.0,95718.0,96164.0,1.18881291,1763229599999
1763229600000,96136.0,96268.0,95918.0,96088.0,0.61821308,1763236799999
1763236800000,95860.0,95860.0,95089.0,95211.0,0.78710139,1763243999999
1763244000000,95355.0,95624.0,95355.0,95556.0,0.7863873,1763251199999
1763251200000,95556.0,95633.0,94863.0,95292.0,1.18631259,1763258399999
1763258400000,95210.0,95896.0,95097.0,95766.0,1.2348061,1763265599999
1763265600000,95772.0,96116.0,95633.0,95906.0,0.52307376,1763272799999
1763272800000,95807.0,95999.0,95698.0,95984.0,1.88404634,1763279999999
1763280000000,96044.0,96595.0,95826.0,96595.0,0.89726062,1763287199999
1763287200000,96400.0,96523.0,95509.0,95596.0,0.47429228,1763294399999
1763294400000,95627.0,95859.0,95108.0,95330.0,0.78585107,1763301599999
1763301600000,95489.0,95610.0,94212.0,94508.0,3.07482344,1763308799999
1763308800000,94565.0,94850.0,93733.0,94389.0,3.52558662,1763315999999
1763316000000,94474.0,95241.0,93800.0,94003.0,4.36029053,1763323199999
1763323200000,94244.0,94664.0,93364.0,93440.0,6.62181944,1763330399999
1763330400000,93393.0,94467.0,92931.0,94467.0,3.59631056,1763337599999
1763337600000,94171.0,95505.0,93781.0,94735.0,2.60283344,1763344799999
1763344800000,94779.0,95487.0,94728.0,95399.0,0.48655647,1763351999999
1763352000000,95503.0,95503.0,94869.0,95124.0,0.72319025,1763359199999
1763359200000,95084.0,95804.0,94924.0,95653.0,0.72919004,1763366399999
1763366400000,95668.0,95936.0,95299.0,95579.0,1.27559874,1763373599999
1763373600000,95589.0,95826.0,95358.0,95496.0,1.91622496,1763380799999
1763380800000,95462.0,95509.0,93561.0,93875.0,5.17043094,1763387999999
1763388000000,93814.0,95899.0,93739.0,94060.0,9.75076244,1763395199999
1763395200000,93916.0,94337.0,92607.0,92741.0,9.30592212,1763402399999
1763402400000,92679.0,93080.0,91542.0,91600.0,11.1464612,1763409599999
1763409600000,91548.0,92132.0,91267.0,91816.0,4.84245556,1763416799999
1763416800000,91772.0,92258.0,91596.0,92110.0,6.95555242,1763423999999
1763424000000,92108.0,92257.0,91150.0,91666.0,4.35355221,1763431199999
1763431200000,91613.0,91649.0,89647.0,90741.0,3.46727422,1763438399999
1763438400000,90705.0,90705.0,89284.0,90126.0,6.31671165,1763445599999
1763445600000,90096.0,90440.0,89310.0,90401.0,4.30690726,1763452799999
1763452800000,90406.0,91363.0,90381.0,91363.0,2.74894849,1763459999999
1763460000000,91388.0,91580.0,91120.0,91438.0,4.74689425,1763467199999
1763467200000,91260.0,91753.0,90901.0,91400.0,2.47986602,1763474399999
1763474400000,91430.0,92971.0,91000.0,92910.0,7.67515957,1763481599999
1763481600000,92698.0,93747.0,92649.0,93173.0,3.11701171,1763488799999
1763488800000,93279.0,93713.0,92961.0,92961.0,2.13441347,1763495999999
1763496000000,93192.0,93210.0,87186.0,92487.0,8.40544922,1763503199999
1763503200000,92441.0,93352.0,92337.0,92838.0,2.63272958,1763510399999
1763510400000,92587.0,92621.0,91890.0,92302.0,2.06607695,1763517599999
1763517600000,92320.0,92786.0,91673.0,91825.0,1.82638419,1763524799999
1763524800000,91804.0,91887.0,89994.0,90272.0,2.93922359,1763531999999
1763532000000,90340.0,91928.0,90241.0,91884.0,3.40198296,1763539199999
1763539200000,91821.0,91900.0,91075.0,91455.0,3.54235948,1763546399999
1763546400000,91622.0,91660.0,91117.0,91326.0,1.26040131,1763553599999
1763553600000,91380.0,91809.0,91260.0,91343.0,0.5729015,1763560799999
1763560800000,91326.0,92265.0,89820.0,89872.0,3.16369622,1763567999999
1763568000000,89958.0,90138.0,88898.0,89432.0,3.63927952,1763575199999
1763575200000,89396.0,89626.0,88576.0,88873.0,7.16677299,1763582399999
1763582400000,88629.0,90800.0,88542.0,90680.0,5.23824078,1763589599999
1763589600000,90399.0,91510.0,90081.0,91510.0,1.67568869,1763596799999
1763596800000,91593.0,92572.0,91593.0,92499.0,1.50858903,1763603999999
1763604000000,92470.0,92732.0,92352.0,92386.0,0.29688278,1763611199999
1763611200000,92409.0,93070.0,92141.0,92576.0,1.79833422,1763618399999
1763618400000,92639.0,92782.0,91759.0,92240.0,0.66299108,1763625599999
1763625600000,92228.0,92253.0,91384.0,91778.0,1.79141312,1763632799999
1763632800000,91926.0,91960.0,91458.0,91877.0,1.37398139,1763639999999
1763640000000,91820.0,92411.0,91500.0,91581.0,1.15397622,1763647199999
1763647200000,91384.0,91577.0,89750.0,89750.0,3.16506553,1763654399999
1763654400000,89750.0,89750.0,86417.0,87173.0,10.79340055,1763661599999
1763661600000,87147.0,87657.0,86048.0,86889.0,10.96002622,1763668799999
1763668800000,86678.0,87584.0,86252.0,87193.0,4.7037315,1763675999999
1763676000000,87160.0,88133.0,86519.0,86558.0,5.29287076,1763683199999
1763683200000,86682.0,87365.0,86640.0,86992.0,1.01416101,1763690399999
1763690400000,86839.0,86839.0,85325.0,85892.0,4.52336845,1763697599999
1763697600000,85752.0,86274.0,85349.0,86129.0,2.38509059,1763704799999
1763704800000,85750.0,85750.0,81938.0,84000.0,6.22631149,1763711999999
1763712000000,83921.0,84599.0,82045.0,82153.0,4.6177866,1763719199999
1763719200000,82000.0,83191.0,81666.0,82253.0,2.61148617,1763726399999
1763726400000,82223.0,84330.0,80594.0,84051.0,5.05439598,1763733599999
1763733600000,83876.0,85383.0,82820.0,82880.0,2.57598672,1763740799999
1763740800000,82885.0,85479.0,82358.0,84870.0,5.81453372,1763747999999
1763748000000,84846.0,84912.0,83338.0,84180.0,2.67746774,1763755199999
1763755200000,84179.0,85354.0,83463.0,85354.0,2.06966385,1763762399999
1763762400000,85164.0,85362.0,84117.0,85130.0,3.00960212,1763769599999
1763769600000,85086.0,85572.0,84556.0,85110.0,1.24458046,1763776799999
1763776800000,85106.0,85129.0,84199.0,84352.0,1.01708451,1763783999999
1763784000000,84446.0,84451.0,83828.0,84021.0,1.07244845,1763791199999
1763791200000,84189.0,84663.0,84116.0,84510.0,0.28156278,1763798399999
1763798400000,84484.0,84500.0,83866.0,83882.0,2.2219242,1763805599999
1763805600000,83987.0,84294.0,83545.0,84215.0,1.37407218,1763812799999
1763812800000,84096.0,84125.0,83628.0,83959.0,0.86482204,1763819999999
1763820000000,83951.0,84657.0,83951.0,84273.0,0.95029246,1763827199999
1763827200000,84526.0,84861.0,84430.0,84593.0,0.63862953,1763834399999
1763834400000,84509.0,84741.0,84460.0,84639.0,0.97477075,1763841599999
1763841600000,84581.0,84706.0,84248.0,84400.0,0.60852741,1763848799999
1763848800000,84303.0,85132.0,84303.0,84675.0,0.86690451,1763855999999
1763856000000,84715.0,86074.0,84675.0,85758.0,5.42381814,1763863199999
1763863200000,85760.0,86312.0,85730.0,86221.0,1.61293944,1763870399999
1763870400000,86310.0,86829.0,86002.0,86319.0,1.29742927,1763877599999
1763877600000,86281.0,86443.0,85488.0,85699.0,0.89354629,1763884799999
1763884800000,85791.0,86325.0,85791.0,86325.0,0.53436261,1763891999999
1763892000000,86428.0,86435.0,85813.0,86270.0,1.36666284,1763899199999
1763899200000,86402.0,86834.0,86304.0,86834.0,0.20198374,1763906399999
1763906400000,86998.0,87202.0,86445.0,87185.0,1.28990872,1763913599999
1763913600000,87131.0,87448.0,86560.0,86629.0,1.10125166,1763920799999
1763920800000,86825.0,87630.0,86711.0,87344.0,0.94701668,1763927999999
1763928000000,87483.0,87894.0,87181.0,87894.0,0.80971445,1763935199999
1763935200000,88006.0,88040.0,86756.0,86810.0,0.75080606,1763942399999
1763942400000,86682.0,87143.0,85987.0,87070.0,1.18175446,1763949599999
1763949600000,87049.0,88011.0,87049.0,87385.0,1.16943018,1763956799999
1763956800000,87448.0,87735.0,86500.0,87300.0,0.23959991,1763963999999
1763964000000,87465.0,87468.0,86689.0,87017.0,0.78985665,1763971199999
1763971200000,86960.0,87037.0,85781.0,85949.0,3.00991445,1763978399999
1763978400000,85986.0,86389.0,85709.0,86239.0,0.42707293,1763985599999
1763985600000,86200.0,86542.0,85879.0,86092.0,0.35758828,1763992799999
1763992800000,86023.0,86689.0,85359.0,86564.0,2.33899099,1763999999999
1764000000000,86661.0,88459.0,86661.0,88459.0,2.08148219,1764007199999
1764007200000,88379.0,88791.0,88189.0,88300.0,1.82875991,1764014399999
1764014400000,88555.0,89164.0,88434.0,88852.0,1.83855237,1764021599999
1764021600000,88790.0,89030.0,88259.0,88259.0,1.07545325,1764028799999
1764028800000,88096.0,88244.0,87803.0,87803.0,0.75591451,1764035999999
1764036000000,87653.0,87923.0,87479.0,87814.0,2.13394526,1764043199999
1764043200000,87832.0,88451.0,87832.0,88128.0,1.13238756,1764050399999
1764050400000,88082.0,88140.0,87380.0,87402.0,1.54628576,1764057599999
1764057600000,87402.0,87581.0,86699.0,87149.0,1.04181179,1764064799999
1764064800000,87071.0,87478.0,86959.0,87324.0,0.82303226,1764071999999
1764072000000,87372.0,87681.0,87000.0,87018.0,2.82059412,1764079199999
1764079200000,87110.0,87197.0,86145.0,86921.0,2.63480938,1764086399999
1764086400000,86954.0,88164.0,86709.0,87825.0,1.36118431,1764093599999
1764093600000,87590.0,87774.0,86187.0,86817.0,1.9386694,1764100799999
1764100800000,86745.0,87456.0,86745.0,87038.0,0.60938122,1764107999999
1764108000000,86919.0,87818.0,86601.0,87423.0,0.88891386,1764115199999
1764115200000,87367.0,88076.0,87359.0,87900.0,1.36255717,1764122399999
1764122400000,88059.0,88059.0,87117.0,87119.0,0.33104331,1764129599999
1764129600000,87138.0,87704.0,86938.0,87520.0,0.20336284,1764136799999
1764136800000,87643.0,87880.0,87498.0,87880.0,0.4799807,1764143999999
1764144000000,87928.0,87928.0,86761.0,86761.0,0.40685338,1764151199999
1764151200000,87011.0,87072.0,86642.0,87006.0,0.76527185,1764158399999
1764158400000,86759.0,87054.0,86325.0,87054.0,0.73521517,1764165599999
1764165600000,87018.0,87541.0,86753.0,86948.0,1.17001317,1764172799999
1764172800000,86983.0,89928.0,86983.0,89928.0,2.49706659,1764179999999
1764180000000,89909.0,90325.0,89769.0,90000.0,1.5266124,1764187199999
1764187200000,89949.0,90466.0,89515.0,90219.0,0.58752466,1764194399999
1764194400000,90174.0,90640.0,90142.0,90585.0,1.8587397,1764201599999
1764201600000,90463.0,91049.0,90110.0,91023.0,1.62839567,1764208799999
1764208800000,90940.0,91900.0,90927.0,91090.0,0.86819251,1764215999999
1764216000000,91120.0,91555.0,90941.0,90975.0,0.64828917,1764223199999
1764223200000,91030.0,91510.0,90998.0,91405.0,0.18545632,1764230399999
1764230400000,91441.0,91937.0,91239.0,91709.0,0.73193376,1764237599999
1764237600000,91607.0,91727.0,91434.0,91450.0,0.5703049,1764244799999
1764244800000,91361.0,91448.0,90440.0,91000.0,4.59519121,1764251999999
1764252000000,90889.0,90951.0,90618.0,90869.0,0.7500013,1764259199999
1764259200000,90967.0,91600.0,90881.0,91451.0,0.52255619,1764266399999
1764266400000,91450.0,91850.0,91364.0,91559.0,1.03262223,1764273599999
1764273600000,91504.0,91579.0,91310.0,91430.0,0.22782996,1764280799999
1764280800000,91419.0,91541.0,91206.0,91369.0,0.09268516,1764287999999
1764288000000,91347.0,91395.0,90814.0,90814.0,0.33988389,1764295199999
1764295200000,90855.0,91233.0,90709.0,91233.0,0.664786,1764302399999
1764302400000,91158.0,91694.0,91158.0,91694.0,0.15727334,1764309599999
1764309600000,91455.0,91540.0,90859.0,90929.0,0.29992688,1764316799999
1764316800000,91030.0,91752.0,91030.0,91500.0,0.28879636,1764323999999
1764324000000,91529.0,92000.0,91202.0,91490.0,1.61944363,1764331199999
1764331200000,91553.0,92631.0,91445.0,92330.0,0.76353455,1764338399999
1764338400000,92301.0,93089.0,91855.0,92329.0,3.7563639,1764345599999
1764345600000,92295.0,92295.0,90281.0,90628.0,3.0050246,1764352799999
1764352800000,90750.0,91188.0,90485.0,91138.0,1.12161924,1764359999999
1764360000000,91143.0,91250.0,90914.0,91179.0,0.25871941,1764367199999
1764367200000,90913.0,91214.0,90773.0,91063.0,0.77151662,1764374399999
1764374400000,90966.0,91136.0,90838.0,90883.0,0.11821381,1764381599999
1764381600000,90858.0,90956.0,90605.0,90699.0,0.11465748,1764388799999
1764388800000,90699.0,90936.0,90627.0,90904.0,0.04331139,1764395999999
1764396000000,90804.0,90804.0,90366.0,90590.0,0.20903087,1764403199999
1764403200000,90569.0,90744.0,90550.0,90550.0,1.50879646,1764410399999
1764410400000,90623.0,90720.0,90475.0,90720.0,0.0868952,1764417599999
1764417600000,90745.0,90780.0,90600.0,90769.0,0.17163753,1764424799999
1764424800000,90726.0,91038.0,90699.0,90902.0,0.14724243,1764431999999
1764432000000,91071.0,91182.0,90538.0,90538.0,0.3436662,1764439199999
1764439200000,90498.0,90872.0,90170.0,90689.0,0.26783971,1764446399999
1764446400000,90564.0,91080.0,90524.0,91080.0,0.20605552,1764453599999
1764453600000,90820.0,90901.0,90770.0,90838.0,0.08884041,1764460799999
1764468000000,90970.0,91010.0,90526.0,90905.0,0.02731534,1764475199999
1764475200000,91000.0,91000.0,90755.0,90837.0,0.07806659,1764482399999
1764482400000,90813.0,91020.0,90813.0,90976.0,0.04452388,1764489599999
1764489600000,90979.0,91595.0,90979.0,91366.0,0.47242851,1764496799999
1764496800000,91340.0,91400.0,91178.0,91185.0,0.15763287,1764503999999
1764504000000,91333.0,91874.0,91250.0,91727.0,1.62212925,1764511199999
1764511200000,91736.0,91736.0,91401.0,91462.0,0.10521912,1764518399999
1764518400000,91435.0,91813.0,91395.0,91497.0,0.21575666,1764525599999
1764525600000,91250.0,91477.0,91203.0,91397.0,0.21588779,1764532799999
1764532800000,91583.0,91599.0,90940.0,91205.0,0.40226198,1764539999999
1764540000000,91215.0,91320.0,90400.0,90400.0,1.87146801,1764547199999
1764547200000,90357.0,90357.0,87000.0,87350.0,2.47615175,1764554399999
1764554400000,87152.0,87464.0,86240.0,86394.0,0.98195629,1764561599999
1764561600000,86331.0,86332.0,85647.0,85913.0,1.08166576,1764568799999
1764568800000,86108.0,86505.0,86019.0,86500.0,1.32885241,1764575999999
1764576000000,86512.0,86900.0,86408.0,86810.0,4.4409686,1764583199999
1764583200000,86800.0,86800.0,86199.0,86199.0,1.29077245,1764590399999
1764590400000,86141.0,86223.0,84820.0,86100.0,2.4800203,1764597599999
1764597600000,86058.0,86673.0,83836.0,84530.0,4.20296559,1764604799999
1764604800000,84719.0,85400.0,84109.0,84997.0,1.98226504,1764611999999
1764612000000,84963.0,85487.0,84648.0,85029.0,0.70769432,1764619199999
1764619200000,85130.0,86517.0,85130.0,86444.0,3.45957314,1764626399999
1764626400000,86489.0,86900.0,86329.0,86339.0,2.2634253,1764633599999
1764633600000,86352.0,87400.0,86211.0,86441.0,0.99446037,1764640799999
1764640800000,86469.0,87110.0,86295.0,87049.0,0.5106797,1764647999999
1764648000000,87106.0,87208.0,86849.0,87047.0,0.18281786,1764655199999
1764655200000,86979.0,87151.0,86934.0,87051.0,0.50705808,1764662399999
1764662400000,86929.0,86938.0,86420.0,86737.0,0.39054506,1764669599999
1764669600000,86953.0,87604.0,86837.0,87457.0,0.4971635,1764676799999
1764676800000,87358.0,87765.0,87106.0,87765.0,0.36161044,1764683999999
1764684000000,87747.0,91148.0,87661.0,90860.0,5.63648582,1764691199999
1764691200000,91010.0,92008.0,90243.0,91434.0,5.17920218,1764698399999
1764698400000,91492.0,92366.0,91492.0,91919.0,2.08576699,1764705599999
1764705600000,91959.0,91959.0,90821.0,91660.0,1.95680161,1764712799999
1764712800000,91786.0,92067.0,91361.0,91361.0,0.36444973,1764719999999
1764720000000,91339.0,92464.0,91061.0,92252.0,0.97563779,1764727199999
1764727200000,92250.0,93089.0,92250.0,92785.0,1.03847878,1764734399999
1764734400000,92709.0,93648.0,92693.0,93648.0,0.71257999,1764741599999
1764741600000,93691.0,93950.0,92842.0,93050.0,1.92154489,1764748799999
1764748800000,93110.0,93190.0,92733.0,93190.0,1.14847409,1764755999999
1764756000000,93107.0,93290.0,92731.0,92998.0,0.16588272,1764763199999
1764763200000,93099.0,93288.0,92771.0,93220.0,0.35116826,1764770399999
1764770400000,93128.0,93691.0,91896.0,92447.0,1.08661737,1764777599999
1764777600000,92164.0,92998.0,91888.0,92985.0,0.96284669,1764784799999
1764784800000,93142.0,93352.0,92430.0,93058.0,0.6032016,1764791999999
1764792000000,93079.0,93749.0,92954.0,93739.0,1.04674507,1764799199999
1764799200000,93734.0,94164.0,93358.0,93452.0,0.81392513,1764806399999
1764806400000,93265.0,93544.0,92796.0,93245.0,0.57404528,1764813599999
1764813600000,93245.0,93984.0,93181.0,93534.0,0.41747311,1764820799999
1764820800000,93546.0,93546.0,92824.0,92932.0,0.46682244,1764827999999
1764828000000,93044.0,93404.0,92955.0,93404.0,0.41245512,1764835199999
1764835200000,93400.0,93590.0,93110.0,93483.0,0.24808271,1764842399999
1764842400000,93527.0,93531.0,92815.0,92979.0,0.47592567,1764849599999
1764849600000,93003.0,93200.0,92498.0,92641.0,1.32323796,1764856799999
1764856800000,92631.0,93251.0,91866.0,92971.0,0.5043868,1764863999999
1764864000000,93001.0,93143.0,91858.0,92412.0,2.08307333,1764871199999
1764871200000,92340.0,92562.0,90934.0,92093.0,0.48259899,1764878399999
1764878400000,92028.0,92729.0,91856.0,92199.0,0.30344649,1764885599999
1764885600000,92270.0,92487.0,92129.0,92150.0,0.15242337,1764892799999
1764892800000,92236.0,92588.0,92148.0,92450.0,0.15924133,1764899999999
1764900000000,92375.0,92682.0,92123.0,92123.0,0.57611103,1764907199999
1764907200000,92301.0,92410.0,91850.0,91988.0,0.20785229,1764914399999
1764914400000,92000.0,92470.0,92000.0,92289.0,0.4865519,1764921599999
1764921600000,92229.0,92248.0,91068.0,91117.0,1.34563535,1764928799999
1764928800000,91159.0,91580.0,91159.0,91281.0,1.31139221,1764935999999
1764936000000,91383.0,91391.0,90300.0,90669.0,1.17463065,1764943199999
1764943200000,90615.0,91430.0,89835.0,90390.0,1.61327658,1764950399999
1764950400000,90168.0,90220.0,88162.0,89369.0,3.57753092,1764957599999
1764957600000,89329.0,89902.0,88995.0,89768.0,2.25426393,1764964799999
1764964800000,89679.0,89841.0,89168.0,89168.0,1.65875236,1764971999999
1764972000000,89180.0,89381.0,88977.0,89366.0,0.7601556,1764979199999
1764979200000,89346.0,89478.0,89097.0,89339.0,0.42764287,1764986399999
1764986400000,89229.0,89788.0,89229.0,89745.0,0.14816015,1764993599999
1764993600000,89617.0,89692.0,89579.0,89656.0,0.19912145,1765000799999
1765000800000,89670.0,89768.0,89538.0,89630.0,0.32688478,1765007999999
1765008000000,89620.0,89666.0,89291.0,89600.0,0.6578131,1765015199999
1765015200000,89590.0,89743.0,89513.0,89743.0,0.11204441,1765022399999
1765022400000,89641.0,89780.0,89589.0,89780.0,0.07909883,1765029599999
1765029600000,89719.0,90282.0,89664.0,89931.0,0.96732322,1765036799999
1765036800000,89830.0,89950.0,89676.0,89737.0,1.29962827,1765043999999
1765044000000,89654.0,89780.0,89297.0,89480.0,1.22935761,1765051199999
1765051200000,89487.0,89637.0,89460.0,89548.0,0.08430361,1765058399999
1765058400000,89440.0,89508.0,88919.0,89293.0,0.33500846,1765065599999
1765065600000,89293.0,89608.0,89275.0,89333.0,0.1484197,1765072799999
1765072800000,89451.0,89695.0,89441.0,89695.0,0.01901831,1765079999999
1765087200000,89612.0,89750.0,89263.0,89290.0,0.37920552,1765094399999
1765094400000,89298.0,89544.0,89049.0,89049.0,0.04410696,1765101599999
1765101600000,89143.0,89408.0,89143.0,89247.0,0.21658044,1765108799999
1765108800000,89159.0,89535.0,88828.0,89056.0,0.61268872,1765115999999
1765116000000,89056.0,89720.0,87770.0,89720.0,1.16599715,1765123199999
1765123200000,89550.0,91229.0,89183.0,91040.0,1.12596927,1765130399999
1765130400000,91100.0,91774.0,91100.0,91387.0,1.34582581,1765137599999
1765137600000,91486.0,91487.0,89982.0,90220.0,2.55575502,1765144799999
1765144800000,90044.0,90370.0,89080.0,90370.0,0.5409226,1765151999999
1765152000000,90099.0,91692.0,89974.0,90934.0,5.55183957,1765159199999
1765159200000,90957.0,91439.0,90957.0,91041.0,2.79012824,1765166399999
1765166400000,91119.0,91419.0,91055.0,91382.0,0.17625745,1765173599999
1765173600000,91390.0,91888.0,91347.0,91601.0,0.40708127,1765180799999
1765180800000,91583.0,92253.0,91500.0,92011.0,0.25212188,1765187999999
1765188000000,91876.0,92282.0,91876.0,92002.0,1.35755189,1765195199999
1765195200000,91953.0,92021.0,91325.0,91477.0,1.78230626,1765202399999
1765202400000,91499.0,91599.0,89644.0,90273.0,1.30257028,1765209599999
1765209600000,89957.0,90480.0,89815.0,90225.0,0.48722115,1765216799999
1765216800000,90218.0,90496.0,89954.0,90234.0,0.29608566,1765223999999
1765224000000,90190.0,91464.0,90190.0,91382.0,1.56921891,1765231199999
1765231200000,91281.0,91281.0,90558.0,90630.0,0.23136589,1765238399999
1765238400000,90757.0,90774.0,90011.0,90011.0,0.52874749,1765245599999
1765245600000,90219.0,90387.0,89840.0,90387.0,0.35231121,1765252799999
1765252800000,90441.0,90530.0,89619.0,89957.0,0.35291409,1765259999999
1765260000000,89969.0,90503.0,89827.0,90503.0,0.35063178,1765267199999
1765267200000,90488.0,90590.0,90159.0,90159.0,0.51404288,1765274399999
1765274400000,90196.0,90382.0,89945.0,90382.0,0.15026017,1765281599999
1765281600000,90481.0,90811.0,90214.0,90378.0,0.08158313,1765288799999
1765288800000,90485.0,92802.0,90115.0,92677.0,1.79153024,1765295999999
1765296000000,92793.0,94615.0,92793.0,93933.0,5.9851046,1765303199999
1765303200000,93990.0,94179.0,93724.0,93800.0,0.6374944,1765310399999
1765310400000,93757.0,93803.0,92278.0,92688.0,2.65129583,1765317599999
1765317600000,92697.0,93007.0,92538.0,92698.0,0.41138782,1765324799999
1765324800000,92691.0,92780.0,91995.0,92386.0,0.36744792,1765331999999
1765332000000,92109.0,92534.0,92100.0,92470.0,0.14583866,1765339199999
1765339200000,92662.0,92713.0,92544.0,92599.0,0.08853636,1765346399999
1765346400000,92587.0,92756.0,92430.0,92756.0,0.38064261,1765353599999
1765353600000,92727.0,92940.0,92479.0,92940.0,0.25832866,1765360799999
1765360800000,93042.0,93243.0,91829.0,92134.0,0.86794835,1765367999999
1765368000000,92194.0,92196.0,91903.0,92082.0,0.29157768,1765375199999
1765375200000,92116.0,92140.0,91630.0,92067.0,0.67394752,1765382399999
1765382400000,92080.0,92458.0,92055.0,92376.0,0.2200437,1765389599999
1765389600000,92335.0,93243.0,91726.0,93080.0,2.65007919,1765396799999
1765396800000,92815.0,94500.0,91951.0,92404.0,4.10222706,1765403999999
1765404000000,92501.0,92629.0,91977.0,92046.0,0.47879631,1765411199999
1765411200000,92013.0,92093.0,90698.0,90728.0,1.03202164,1765418399999
1765418400000,90666.0,90666.0,89500.0,89859.0,2.00136162,1765425599999
1765425600000,89896.0,90478.0,89896.0,90289.0,3.10173813,1765432799999
1765432800000,90318.0,90423.0,90000.0,90290.0,0.99307481,1765439999999
1765440000000,90290.0,90422.0,90005.0,90239.0,0.26162227,1765447199999
1765447200000,90287.0,90377.0,90264.0,90280.0,0.6574132,1765454399999
1765454400000,90280.0,90349.0,89983.0,90142.0,0.52439927,1765461599999
1765461600000,90118.0,90495.0,89300.0,89872.0,3.86389618,1765468799999
1765468800000,89919.0,90170.0,89455.0,89973.0,1.97747719,1765475999999
1765476000000,89939.0,91531.0,89939.0,90890.0,2.23297945,1765483199999
1765483200000,90938.0,93542.0,90938.0,92844.0,8.99401121,1765490399999
1765490400000,92919.0,93161.0,92139.0,92544.0,0.49446847,1765497599999
1765497600000,92438.0,92630.0,91495.0,92230.0,0.88734291,1765504799999
1765504800000,92043.0,92617.0,92043.0,92309.0,0.22033042,1765511999999
1765512000000,92307.0,92460.0,92191.0,92385.0,0.12752644,1765519199999
1765519200000,92459.0,92669.0,92317.0,92479.0,0.17870064,1765526399999
1765526400000,92480.0,92500.0,92151.0,92365.0,0.65895994,1765533599999
1765533600000,92594.0,92599.0,92308.0,92407.0,0.29822476,1765540799999
1765540800000,92376.0,92458.0,92200.0,92278.0,0.18535421,1765547999999
1765548000000,92278.0,92592.0,89824.0,89993.0,2.87083057,1765555199999
1765555200000,89800.0,90657.0,89487.0,90064.0,0.72534348,1765562399999
1765562400000,90119.0,90691.0,90109.0,90198.0,0.39297175,1765569599999
1765569600000,90189.0,90358.0,89949.0,90214.0,1.55429709,1765576799999
1765576800000,90260.0,90412.0,90260.0,90285.0,0.22001904,1765583999999
1765584000000,90259.0,90442.0,90214.0,90248.0,0.11485157,1765591199999
1765591200000,90274.0,90421.0,90257.0,90390.0,0.06997125,1765598399999
1765598400000,90376.0,90380.0,90362.0,90362.0,0.02326839,1765605599999
1765605600000,90362.0,90403.0,90362.0,90403.0,0.0159272,1765612799999
1765612800000,90403.0,90543.0,90403.0,90476.0,0.03969115,1765619999999
1765620000000,90629.0,90652.0,90348.0,90441.0,0.08628986,1765627199999
1765627200000,90399.0,90464.0,90298.0,90317.0,0.16166482,1765634399999
1765634400000,90320.0,90325.0,90000.0,90113.0,0.28921341,1765641599999
1765641600000,90166.0,90166.0,90077.0,90077.0,0.05111349,1765648799999
1765648800000,90180.0,90199.0,90139.0,90199.0,0.15889263,1765655999999
1765656000000,90199.0,90199.0,89837.0,90107.0,0.05208883,1765663199999
1765663200000,90090.0,90306.0,90033.0,90306.0,0.13949256,1765670399999
1765670400000,90179.0,90430.0,90179.0,90328.0,0.02722553,1765677599999
1765677600000,90330.0,90357.0,90323.0,90323.0,0.03342228,1765684799999
1765684800000,90168.0,90219.0,90101.0,90219.0,0.08519169,1765691999999
1765692000000,90219.0,90219.0,90170.0,90193.0,0.15708425,1765699199999
1765699200000,90290.0,90292.0,90032.0,90071.0,0.26815216,1765706399999
1765706400000,90010.0,90122.0,88634.0,89410.0,1.35335909,1765713599999
1765713600000,89298.0,89700.0,89122.0,89516.0,1.88421114,1765720799999
1765720800000,89542.0,89561.0,88931.0,89055.0,0.46602088,1765727999999
1765728000000,88994.0,89350.0,88600.0,88869.0,2.01229289,1765735199999
1765735200000,88769.0,89021.0,88527.0,88597.0,0.2781453,1765742399999
1765742400000,88729.0,88818.0,88406.0,88467.0,1.28872131,1765749599999
1765749600000,88510.0,88546.0,87640.0,88236.0,1.56931676,1765756799999
1765756800000,88313.0,89282.0,88173.0,89281.0,0.25352297,1765763999999
1765764000000,89320.0,89971.0,89279.0,89279.0,0.95374271,1765771199999
1765771200000,89429.0,89750.0,89347.0,89553.0,0.17064908,1765778399999
1765778400000,89647.0,89891.0,89590.0,89754.0,0.12633729,1765785599999
1765785600000,89726.0,89945.0,89724.0,89945.0,0.53687587,1765792799999
1765792800000,89829.0,89910.0,89640.0,89657.0,0.34326519,1765799999999
1765800000000,89593.0,89746.0,89301.0,89545.0,0.71124367,1765807199999
1765807200000,89615.0,89630.0,86675.0,87067.0,7.30971359,1765814399999
1765814400000,86892.0,87184.0,85600.0,85780.0,4.40705704,1765821599999
1765821600000,85698.0,86485.0,85179.0,86162.0,1.26509042,1765828799999
1765828800000,86076.0,86182.0,85554.0,86182.0,9.9196967,1765835999999
1765836000000,86130.0,86474.0,85886.0,86413.0,9.59299753,1765843199999
1765843200000,86397.0,86505.0,85680.0,85926.0,0.48653327,1765850399999
1765850400000,85926.0,86253.0,85550.0,85800.0,0.59258363,1765857599999
1765857600000,85883.0,86139.0,85368.0,86036.0,0.28985797,1765864799999
1765864800000,86230.0,86575.0,85880.0,86082.0,0.38342971,1765871999999
1765872000000,86036.0,86396.0,85958.0,86290.0,0.26630363,1765879199999
1765879200000,86359.0,87328.0,86359.0,87300.0,0.55025849,1765886399999
1765886400000,87229.0,87740.0,86450.0,86450.0,1.29732191,1765893599999
1765893600000,86400.0,87999.0,86130.0,87900.0,2.85944492,1765900799999
1765900800000,87687.0,88026.0,87092.0,87092.0,2.30572758,1765907999999
1765908000000,87086.0,87946.0,87075.0,87667.0,0.77919313,1765915199999
1765915200000,87588.0,87865.0,87360.0,87740.0,0.51278337,1765922399999
1765922400000,87811.0,87867.0,87660.0,87662.0,0.07330592,1765929599999
1765929600000,87810.0,87859.0,87509.0,87576.0,0.23292855,1765936799999
1765936800000,87539.0,87539.0,87155.0,87155.0,0.16868146,1765943999999
1765944000000,87250.0,87250.0,86250.0,86669.0,5.11652048,1765951199999
1765951200000,86688.0,87073.0,86606.0,87026.0,0.64971703,1765958399999
1765958400000,86787.0,86787.0,86300.0,86300.0,1.72546295,1765965599999
1765965600000,86275.0,86889.0,86275.0,86889.0,0.11593822,1765972799999
1765972800000,87030.0,87675.0,86854.0,87675.0,0.94124325,1765979999999
1765980000000,87698.0,90337.0,87135.0,87396.0,4.679727,1765987199999
1765987200000,87134.0,87657.0,86210.0,86339.0,0.53502366,1765994399999
1765994400000,86543.0,86717.0,85311.0,86028.0,2.59542984,1766001599999
1766001600000,85969.0,86149.0,85650.0,85961.0,0.74052717,1766008799999
1766008800000,85901.0,86389.0,85901.0,86120.0,0.303634,1766015999999
1766016000000,86238.0,86268.0,85888.0,86089.0,0.69318707,1766023199999
1766023200000,86039.0,86719.0,86015.0,86593.0,0.5340679,1766030399999
1766030400000,86686.0,86853.0,86392.0,86409.0,0.08520689,1766037599999
1766037600000,86425.0,86854.0,86411.0,86854.0,0.13735014,1766044799999
1766044800000,86917.0,87328.0,86679.0,87262.0,0.3442691,1766051999999
1766052000000,87373.0,87414.0,87109.0,87259.0,0.18959895,1766059199999
1766059200000,87268.0,89179.0,87110.0,88803.0,1.41324693,1766066399999
1766066400000,88950.0,89360.0,87790.0,88443.0,2.56345447,1766073599999
1766073600000,88421.0,88503.0,85479.0,86230.0,1.45802086,1766080799999
1766080800000,86338.0,86848.0,84456.0,84457.0,7.75214853,1766087999999
1766088000000,84458.0,85791.0,84450.0,85629.0,2.25092003,1766095199999
1766095200000,85620.0,85688.0,85267.0,85441.0,0.66435519,1766102399999
1766102400000,85442.0,85522.0,85172.0,85328.0,0.39049607,1766109599999
1766109600000,85213.0,87471.0,85184.0,86829.0,1.28854988,1766116799999
1766116800000,87067.0,87328.0,86714.0,87047.0,0.33022505,1766123999999
1766124000000,87048.0,88310.0,86918.0,87899.0,0.78717163,1766131199999
1766131200000,87920.0,88115.0,87851.0,87949.0,1.60468565,1766138399999
1766138400000,88100.0,88314.0,87944.0,88314.0,0.39617282,1766145599999
1766145600000,88089.0,88171.0,87804.0,87911.0,0.35819118,1766152799999
1766152800000,87998.0,89362.0,87500.0,87900.0,2.12835907,1766159999999
1766160000000,87888.0,88772.0,86918.0,87223.0,1.51489216,1766167199999
1766167200000,86923.0,88013.0,86910.0,87820.0,0.72036759,1766174399999
1766174400000,87715.0,88325.0,87601.0,87931.0,1.41549399,1766181599999
1766181600000,87958.0,88376.0,87958.0,88199.0,0.46742335,1766188799999
1766188800000,88115.0,88122.0,87986.0,88026.0,0.12978277,1766195999999
1766196000000,87984.0,88240.0,87984.0,88203.0,0.21682048,1766203199999
1766203200000,88160.0,88535.0,88147.0,88357.0,0.12268022,1766210399999
1766210400000,88326.0,88326.0,88201.0,88248.0,0.05352693,1766217599999
1766217600000,88353.0,88357.0,88219.0,88219.0,0.22210552,1766224799999
1766224800000,88191.0,88254.0,88070.0,88254.0,0.38529986,1766231999999
1766232000000,88238.0,88293.0,87755.0,88224.0,0.40027123,1766239199999
1766239200000,88097.0,88209.0,88097.0,88138.0,0.12664778,1766246399999
1766246400000,88093.0,88178.0,88089.0,88178.0,0.05999748,1766253599999
1766253600000,88203.0,88300.0,88203.0,88219.0,1.3128028,1766260799999
1766260800000,88220.0,88404.0,88220.0,88240.0,1.00860456,1766267999999
1766268000000,88177.0,88400.0,88177.0,88400.0,0.1503128,1766275199999
1766275200000,88285.0,88354.0,88101.0,88101.0,1.19293169,1766282399999
1766282400000,88074.0,88122.0,87928.0,88122.0,0.66184046,1766289599999
1766289600000,88076.0,88120.0,88030.0,88110.0,0.10872447,1766296799999
1766296800000,88157.0,88157.0,88042.0,88069.0,2.07735209,1766303999999
1766304000000,88184.0,89005.0,88184.0,88851.0,0.46592962,1766311199999
1766311200000,88928.0,88931.0,88562.0,88568.0,0.83984527,1766318399999
1766318400000,88585.0,88900.0,87631.0,87669.0,3.93310009,1766325599999
1766325600000,87654.0,88246.0,87654.0,88060.0,0.48345771,1766332799999
1766332800000,88028.0,88453.0,87998.0,88294.0,0.15459242,1766339999999
1766340000000,88287.0,88549.0,87992.0,88526.0,4.58418397,1766347199999
1766347200000,88279.0,88349.0,88100.0,88116.0,0.35558412,1766354399999
1766354400000,88138.0,88740.0,88138.0,88643.0,0.37447926,1766361599999
1766361600000,88665.0,89610.0,88538.0,88741.0,1.11152159,1766368799999
1766368800000,88596.0,88778.0,88063.0,88680.0,0.51580281,1766375999999
1766376000000,88779.0,89015.0,88749.0,88926.0,0.21298873,1766383199999
1766383200000,88816.0,89140.0,88762.0,89046.0,0.3011345,1766390399999
1766390400000,89169.0,89910.0,89109.0,89789.0,4.88083153,1766397599999
1766397600000,89769.0,90056.0,89630.0,89886.0,0.50154188,1766404799999
1766404800000,89998.0,90595.0,89795.0,89856.0,1.5343199,1766411999999
1766412000000,89979.0,90421.0,89194.0,89848.0,1.35942425,1766419199999
1766419200000,89719.0,90007.0,89106.0,89263.0,2.41540717,1766426399999
1766426400000,89280.0,89460.0,88000.0,88042.0,2.55873899,1766433599999
1766433600000,88116.0,88492.0,88087.0,88231.0,2.17035107,1766440799999
1766440800000,88200.0,88689.0,88195.0,88465.0,2.082714,1766447999999
1766448000000,88450.0,88934.0,88397.0,88505.0,0.58629116,1766455199999
1766455200000,88414.0,88714.0,87900.0,88160.0,0.48676488,1766462399999
1766462400000,88165.0,88304.0,87600.0,87616.0,0.33562673,1766469599999
1766469600000,87641.0,87672.0,87050.0,87602.0,0.51429882,1766476799999
1766476800000,87470.0,87637.0,87282.0,87503.0,0.5724284,1766483999999
1766484000000,87580.0,87840.0,87534.0,87725.0,0.32381564,1766491199999
1766491200000,87753.0,87879.0,87310.0,87572.0,1.18855348,1766498399999
1766498400000,87625.0,87769.0,86713.0,87358.0,2.36596085,1766505599999
1766505600000,87346.0,88245.0,87199.0,87199.0,1.68610584,1766512799999
1766512800000,87160.0,88101.0,87157.0,87693.0,0.80471605,1766519999999
1766520000000,87700.0,88325.0,87523.0,87664.0,0.91236419,1766527199999
1766527200000,87637.0,87637.0,87190.0,87438.0,0.31645182,1766534399999
1766534400000,87450.0,87750.0,87305.0,87617.0,0.47710825,1766541599999
1766541600000,87584.0,87584.0,86962.0,87310.0,0.29510242,1766548799999
1766548800000,87290.0,87318.0,86786.0,86938.0,0.45449263,1766555999999
1766556000000,86849.0,87070.0,86774.0,87070.0,0.2058305,1766563199999
1766563200000,86956.0,86956.0,86731.0,86790.0,0.07678439,1766570399999
1766570400000,86823.0,87315.0,86823.0,87210.0,0.18353314,1766577599999
1766577600000,87141.0,87447.0,87027.0,87204.0,0.45048717,1766584799999
1766584800000,87289.0,87403.0,86400.0,87005.0,1.09159152,1766591999999
1766592000000,86963.0,87461.0,86897.0,87324.0,0.61372973,1766599199999
1766599200000,87311.0,87510.0,87204.0,87503.0,0.38606227,1766606399999
1766606400000,87520.0,87613.0,87490.0,87560.0,0.10660336,1766613599999
1766613600000,87774.0,88000.0,87569.0,87611.0,0.90918668,1766620799999
1766620800000,87620.0,87701.0,87526.0,87661.0,0.26954337,1766627999999
1766628000000,87561.0,87875.0,87561.0,87793.0,0.21306597,1766635199999
1766635200000,87764.0,87764.0,87680.0,87680.0,0.02012921,1766642399999
1766642400000,87708.0,87795.0,87708.0,87721.0,0.06296209,1766649599999
1766649600000,87681.0,87684.0,87316.0,87507.0,0.22019839,1766656799999
1766656800000,87447.0,87540.0,87310.0,87540.0,0.30181184,1766663999999
1766664000000,87469.0,87587.0,87456.0,87587.0,0.0425305,1766671199999
1766671200000,87647.0,88535.0,87540.0,88299.0,0.45705148,1766678399999
1766678400000,88350.0,88389.0,87969.0,88150.0,2.0269625,1766685599999
1766685600000,88130.0,88224.0,88029.0,88120.0,0.33885505,1766692799999
1766692800000,88090.0,88090.0,87640.0,87900.0,1.06394073,1766699999999
1766700000000,87897.0,87897.0,86961.0,87232.0,1.63426657,1766707199999
1766707200000,87275.0,87360.0,86914.0,87360.0,0.29539375,1766714399999
1766714400000,87400.0,89293.0,87400.0,88747.0,1.10123891,1766721599999
1766721600000,88718.0,88998.0,88530.0,88940.0,0.4892745,1766728799999
1766728800000,89000.0,89491.0,88400.0,88429.0,2.25002581,1766735999999
1766736000000,88428.0,88824.0,88428.0,88824.0,0.19973635,1766743199999
1766743200000,88780.0,88795.0,88470.0,88470.0,0.16139777,1766750399999
1766750400000,88559.0,88999.0,88559.0,88973.0,0.52291869,1766757599999
1766757600000,88955.0,89040.0,86674.0,87080.0,1.32617254,1766764799999
1766764800000,87127.0,87345.0,86784.0,87341.0,1.00107451,1766771999999
1766772000000,87180.0,87500.0,87060.0,87450.0,0.20606581,1766779199999
1766779200000,87359.0,87700.0,87359.0,87550.0,0.18026578,1766786399999
1766786400000,87470.0,87500.0,87296.0,87296.0,0.24999088,1766793599999
1766793600000,87296.0,87385.0,87250.0,87385.0,0.23843304,1766800799999
1766800800000,87440.0,87453.0,87359.0,87453.0,0.07284698,1766807999999
1766808000000,87450.0,87460.0,87400.0,87460.0,0.10796261,1766815199999
1766815200000,87483.0,87520.0,87430.0,87520.0,0.00678956,1766822399999
1766822400000,87550.0,87600.0,87517.0,87569.0,0.08562591,1766829599999
1766829600000,87569.0,87569.0,87473.0,87510.0,0.05915132,1766836799999
1766836800000,87360.0,87360.0,87331.0,87331.0,0.0076768,1766843999999
1766844000000,87420.0,87530.0,87420.0,87530.0,0.01905018,1766851199999
1766851200000,87530.0,87530.0,87439.0,87502.0,0.26098501,1766858399999
1766858400000,87527.0,87540.0,87468.0,87540.0,0.57765339,1766865599999
1766865600000,87530.0,87601.0,87499.0,87601.0,0.13881207,1766872799999
1766872800000,87630.0,87900.0,87476.0,87860.0,0.49961079,1766879999999
1766880000000,87860.0,87860.0,87670.0,87777.0,0.08841522,1766887199999
1766887200000,87700.0,87700.0,87690.0,87690.0,0.0013197,1766894399999
1766894400000,87678.0,87761.0,87642.0,87642.0,0.0621175,1766901599999
1766901600000,87699.0,87727.0,87620.0,87646.0,0.05571671,1766908799999
1766908800000,87684.0,87891.0,87680.0,87750.0,0.03445117,1766915999999
1766916000000,87829.0,87911.0,87790.0,87808.0,0.55439388,1766923199999
1766923200000,87823.0,87888.0,87764.0,87837.0,1.11069327,1766930399999
1766930400000,87940.0,87949.0,87800.0,87800.0,0.11109847,1766937599999
1766937600000,87800.0,87840.0,87700.0,87720.0,0.09709042,1766944799999
1766944800000,87712.0,87712.0,87480.0,87497.0,1.07157491,1766951999999
1766952000000,87451.0,87570.0,87408.0,87530.0,0.50081779,1766959199999
1766959200000,87530.0,87993.0,87438.0,87895.0,0.26549882,1766966399999
1766966400000,87909.0,88393.0,87839.0,88381.0,1.31904853,1766973599999
1766973600000,88410.0,90000.0,88410.0,89970.0,1.47682657,1766980799999
1766980800000,90003.0,90281.0,89890.0,89940.0,1.87752295,1766987999999
1766988000000,89937.0,90040.0,89399.0,89440.0,1.55603966,1766995199999
1766995200000,89530.0,89730.0,87747.0,87977.0,1.74005424,1767002399999
1767002400000,87959.0,88181.0,87471.0,87504.0,0.52451349,1767009599999
1767009600000,87504.0,87525.0,86771.0,87273.0,1.81969565,1767016799999
1767016800000,87306.0,88080.0,87169.0,87562.0,0.44632327,1767023999999
1767024000000,87550.0,87763.0,87387.0,87745.0,1.05007984,1767031199999
1767031200000,87899.0,87933.0,87267.0,87296.0,1.00797217,1767038399999
1767038400000,87267.0,87489.0,86940.0,87179.0,1.0188127,1767045599999
1767045600000,87210.0,87320.0,87010.0,87130.0,0.55217698,1767052799999
1767052800000,87181.0,87260.0,87070.0,87211.0,0.24451586,1767059999999
1767060000000,87168.0,87276.0,86772.0,87276.0,2.00981718,1767067199999
1767067200000,87300.0,87361.0,87113.0,87158.0,0.11754295,1767074399999
1767074400000,87380.0,87490.0,87294.0,87390.0,0.63901257,1767081599999
1767081600000,87477.0,88071.0,87477.0,87900.0,0.80859589,1767088799999
1767088800000,87933.0,88078.0,87839.0,87840.0,0.13651337,1767095999999
1767096000000,87870.0,88037.0,87854.0,88018.0,0.16692235,1767103199999
1767103200000,88018.0,89070.0,87834.0,88973.0,1.45173813,1767110399999
1767110400000,88990.0,89340.0,88100.0,88336.0,1.82113731,1767117599999
1767117600000,88270.0,88415.0,87949.0,88240.0,0.32175106,1767124799999
1767124800000,88130.0,88254.0,87830.0,88240.0,0.47461887,1767131999999
1767132000000,88330.0,88464.0,88270.0,88432.0,0.26069666,1767139199999
1767139200000,88339.0,88702.0,88129.0,88570.0,0.10207162,1767146399999
1767146400000,88584.0,88665.0,88360.0,88370.0,0.19284672,1767153599999
1767153600000,88360.0,88444.0,88290.0,88400.0,0.20031407,1767160799999
1767160800000,88400.0,88540.0,88350.0,88507.0,0.23943175,1767167999999
1767168000000,88580.0,88600.0,88450.0,88600.0,0.17565475,1767175199999
1767175200000,88620.0,88925.0,88614.0,88914.0,0.35948074,1767182399999
1767182400000,88930.0,88930.0,88662.0,88859.0,1.54416697,1767189599999
1767189600000,88894.0,88960.0,87724.0,87853.0,1.13592879,1767196799999
1767196800000,87886.0,87953.0,87328.0,87520.0,1.54033419,1767203999999
1767204000000,87810.0,87830.0,87482.0,87482.0,0.31844755,1767211199999
1767211200000,87410.0,87754.0,87149.0,87680.0,1.1313291,1767218399999
1767218400000,87680.0,87760.0,87550.0,87560.0,1.00002631,1767225599999
1767225600000,87606.0,87872.0,87590.0,87872.0,0.11525339,1767232799999
1767232800000,87824.0,87910.0,87760.0,87769.0,0.4402398,1767239999999
1767240000000,87710.0,87710.0,87459.0,87560.0,1.25301464,1767247199999
1767247200000,87537.0,87547.0,87520.0,87520.0,0.02848643,1767254399999
1767254400000,87548.0,87770.0,87548.0,87770.0,0.03115939,1767261599999
1767261600000,87750.0,87830.0,87699.0,87797.0,0.04253497,1767268799999
1767268800000,87840.0,87878.0,87780.0,87785.0,0.03750395,1767275999999
1767276000000,87782.0,87920.0,87730.0,87920.0,0.58838022,1767283199999
1767283200000,87920.0,88390.0,87805.0,88227.0,0.89069118,1767290399999
1767290400000,88269.0,88327.0,87983.0,88256.0,0.82512086,1767297599999
1767297600000,88208.0,88309.0,88177.0,88270.0,0.76816451,1767304799999
1767304800000,88326.0,88820.0,88326.0,88740.0,1.04892593,1767311999999
1767312000000,88758.0,88799.0,88459.0,88556.0,0.87672543,1767319199999
1767319200000,88570.0,89030.0,88280.0,88861.0,2.3936746,1767326399999
1767326400000,88880.0,88891.0,88503.0,88634.0,1.1357325,1767333599999
1767333600000,88712.0,88968.0,88712.0,88770.0,0.64196343,1767340799999
1767340800000,88790.0,89360.0,88717.0,89305.0,1.64737313,1767347999999
1767348000000,89446.0,89850.0,89293.0,89499.0,1.04491152,1767355199999
1767355200000,89360.0,89599.0,89227.0,89227.0,1.49016358,1767362399999
1767362400000,89260.0,90077.0,88484.0,89274.0,3.41954516,1767369599999
1767369600000,89340.0,90940.0,89204.0,90260.0,4.33669509,1767376799999
1767376800000,90322.0,90420.0,89590.0,89950.0,0.69751719,1767383999999
1767384000000,89879.0,90079.0,89670.0,90079.0,0.76806667,1767391199999
1767391200000,90009.0,90428.0,89930.0,89948.0,1.61471224,1767398399999
1767398400000,89980.0,90257.0,89950.0,90257.0,0.15999499,1767405599999
1767405600000,90174.0,90292.0,90148.0,90247.0,0.16825891,1767412799999
1767412800000,90431.0,90431.0,89973.0,90020.0,0.77889825,1767419999999
1767420000000,90037.0,90037.0,89470.0,89543.0,0.28202721,1767427199999
1767427200000,89647.0,89896.0,89440.0,89840.0,0.17303716,1767434399999
1767434400000,89788.0,89857.0,89640.0,89640.0,0.51717379,1767441599999
1767441600000,89711.0,89997.0,89637.0,89997.0,1.1913267,1767448799999
1767448800000,89990.0,90182.0,89960.0,90074.0,0.60517815,1767455999999
1767456000000,89993.0,90162.0,89952.0,90050.0,0.07433929,1767463199999
1767463200000,90027.0,90150.0,90027.0,90085.0,0.28344237,1767470399999
1767470400000,90027.0,90602.0,90000.0,90540.0,0.52952382,1767477599999
1767477600000,90512.0,90670.0,90470.0,90600.0,0.59132157,1767484799999
1767484800000,90679.0,91500.0,90679.0,91208.0,0.84044404,1767491999999
1767492000000,91232.0,91270.0,91085.0,91224.0,0.27926768,1767499199999
1767499200000,91160.0,91550.0,91160.0,91459.0,0.61393301,1767506399999
1767506400000,91467.0,91749.0,91210.0,91491.0,0.73251893,1767513599999
1767513600000,91500.0,91500.0,91174.0,91439.0,0.64395867,1767520799999
1767520800000,91460.0,91547.0,91250.0,91250.0,0.58825078,1767527999999
1767528000000,91270.0,91310.0,91020.0,91230.0,1.19936534,1767535199999
1767535200000,91274.0,91330.0,91116.0,91330.0,0.64322738,1767542399999
1767542400000,91357.0,91406.0,91240.0,91373.0,0.34074482,1767549599999
1767549600000,91245.0,91260.0,90859.0,91124.0,0.34693394,1767556799999
1767556800000,91152.0,91345.0,91152.0,91242.0,0.13101573,1767563999999
1767564000000,91346.0,91472.0,91157.0,91472.0,0.2187621,1767571199999
1767571200000,91607.0,93352.0,91607.0,92929.0,1.59706902,1767578399999
1767578400000,92968.0,93160.0,92720.0,92989.0,0.41455371,1767585599999
1767585600000,92876.0,92876.0,92372.0,92392.0,0.47522018,1767592799999
1767592800000,92387.0,92608.0,92139.0,92510.0,0.23150961,1767599999999
1767600000000,92540.0,92759.0,92300.0,92729.0,0.67819168,1767607199999
1767607200000,92690.0,93105.0,92690.0,93050.0,1.86961299,1767614399999
1767614400000,93120.0,93177.0,92585.0,92720.0,0.96184772,1767621599999
1767621600000,92720.0,94000.0,92485.0,93890.0,2.97324464,1767628799999
1767628800000,93953.0,94426.0,93320.0,94293.0,1.8289939,1767635999999
1767636000000,94250.0,94553.0,93940.0,94231.0,1.43259647,1767643199999
1767643200000,94317.0,94800.0,93880.0,94100.0,1.81150722,1767650399999
1767650400000,94096.0,94390.0,93880.0,93880.0,0.70874395,1767657599999
1767657600000,93935.0,94051.0,93550.0,93890.0,0.56266691,1767664799999
1767664800000,93817.0,93870.0,93570.0,93771.0,0.42435,1767671999999
1767672000000,93756.0,93850.0,93620.0,93620.0,0.0872119,1767679199999
1767679200000,93612.0,93940.0,93169.0,93200.0,2.77530942,1767686399999
1767686400000,93220.0,93530.0,93150.0,93460.0,0.87533936,1767693599999
1767693600000,93495.0,93966.0,93489.0,93830.0,1.41629264,1767700799999
1767700800000,93845.0,93921.0,93680.0,93694.0,0.37095457,1767707999999
1767708000000,93762.0,94426.0,93340.0,93420.0,1.75109123,1767715199999
1767715200000,93708.0,93708.0,91520.0,91520.0,2.66742854,1767722399999
1767722400000,91310.0,92272.0,91300.0,92069.0,2.26112898,1767729599999
1767729600000,92140.0,93815.0,92140.0,93280.0,1.45424024,1767736799999
1767736800000,93270.0,93672.0,93000.0,93672.0,1.22432253,1767743999999
1767744000000,93710.0,93710.0,92310.0,92453.0,0.55384742,1767751199999
1767751200000,92300.0,93061.0,92300.0,92800.0,0.5234732,1767758399999
1767758400000,92879.0,92879.0,92490.0,92533.0,0.22155922,1767765599999
1767765600000,92625.0,92840.0,92600.0,92840.0,0.28761832,1767772799999
1767772800000,92820.0,92870.0,91667.0,91680.0,0.62540457,1767779999999
1767780000000,91645.0,92170.0,91590.0,92120.0,0.92394564,1767787199999
1767787200000,92083.0,92195.0,91750.0,91988.0,1.2268242,1767794399999
1767794400000,91990.0,91990.0,90950.0,91312.0,2.10981773,1767801599999
1767801600000,91303.0,91650.0,90996.0,91271.0,0.78811476,1767808799999
1767808800000,91200.0,91360.0,90620.0,91150.0,0.86888263,1767815999999
1767816000000,91158.0,91194.0,90695.0,91020.0,0.64501826,1767823199999
1767823200000,91020.0,91350.0,90821.0,91199.0,0.53615654,1767830399999
1767830400000,91276.0,91515.0,91039.0,91370.0,0.63227487,1767837599999
1767837600000,91331.0,91383.0,90544.0,90701.0,1.41833393,1767844799999
1767844800000,90776.0,91082.0,90620.0,90780.0,0.15243485,1767851999999
1767852000000,90570.0,90570.0,89601.0,90376.0,1.28898243,1767859199999
1767859200000,90410.0,90660.0,89932.0,89954.0,0.55605924,1767866399999
1767866400000,89851.0,90352.0,89755.0,90010.0,0.72428955,1767873599999
1767873600000,90065.0,90065.0,89709.0,89874.0,0.70112828,1767880799999
1767880800000,89674.0,90600.0,89270.0,90422.0,1.31016852,1767887999999
1767888000000,90616.0,91368.0,90280.0,91297.0,0.95349142,1767895199999
1767895200000,91327.0,91328.0,90800.0,90895.0,0.30022998,1767902399999
1767902400000,90688.0,91234.0,90494.0,91234.0,0.69264946,1767909599999
1767909600000,91178.0,91427.0,91000.0,91038.0,0.24712798,1767916799999
1767916800000,91022.0,91461.0,90850.0,90850.0,0.29793925,1767923999999
1767924000000,91112.0,91145.0,90896.0,91145.0,0.14384081,1767931199999
1767931200000,91058.0,91058.0,90858.0,90920.0,0.28819139,1767938399999
1767938400000,90997.0,91018.0,90820.0,90820.0,0.18040951,1767945599999
1767945600000,90671.0,90671.0,89632.0,90270.0,2.40144032,1767952799999
1767952800000,90380.0,90577.0,90330.0,90380.0,1.49230222,1767959999999
1767960000000,90417.0,90776.0,90216.0,90607.0,0.96449643,1767967199999
1767967200000,90433.0,91915.0,89918.0,91058.0,1.05869802,1767974399999
1767974400000,91349.0,91610.0,90990.0,91197.0,0.717357,1767981599999
1767981600000,91361.0,91361.0,90178.0,90308.0,0.60306137,1767988799999
1767988800000,90211.0,90519.0,90109.0,90324.0,0.4063774,1767995999999
1767996000000,90309.0,90618.0,90309.0,90572.0,0.02747451,1768003199999
1768003200000,90534.0,90655.0,90454.0,90562.0,0.31863467,1768010399999
1768010400000,90648.0,90648.0,90497.0,90540.0,0.07795296,1768017599999
1768017600000,90465.0,90495.0,90465.0,90495.0,0.00944476,1768024799999
1768024800000,90464.0,90536.0,90396.0,90516.0,0.29012991,1768031999999
1768032000000,90544.0,90666.0,90497.0,90666.0,0.24544544,1768039199999
1768039200000,90692.0,90733.0,90632.0,90670.0,0.20738849,1768046399999
1768046400000,90651.0,90651.0,90574.0,90647.0,0.02785853,1768053599999
1768053600000,90418.0,90595.0,90418.0,90595.0,0.00589435,1768060799999
1768060800000,90536.0,90536.0,90450.0,90450.0,0.02581968,1768067999999
1768068000000,90387.0,90546.0,90387.0,90546.0,0.02126319,1768075199999
1768075200000,90456.0,90456.0,90385.0,90430.0,0.07506501,1768082399999
1768082400000,90378.0,90432.0,90308.0,90408.0,0.41660965,1768089599999
1768089600000,90571.0,90571.0,90552.0,90558.0,0.01434217,1768096799999
1768096800000,90559.0,90632.0,90559.0,90632.0,0.27193361,1768103999999
1768104000000,90581.0,90728.0,90568.0,90720.0,0.25902386,1768111199999
1768111200000,90703.0,90703.0,90537.0,90639.0,0.03686919,1768118399999
1768118400000,90600.0,90654.0,90582.0,90654.0,0.11450628,1768125599999
1768125600000,90627.0,90649.0,90606.0,90630.0,0.11706968,1768132799999
1768132800000,90620.0,90876.0,90620.0,90746.0,0.05047479,1768139999999
1768140000000,90883.0,91070.0,90627.0,90677.0,0.78105437,1768147199999
1768147200000,90793.0,91117.0,90793.0,90917.0,0.19694173,1768154399999
1768154400000,90793.0,90850.0,90590.0,90639.0,0.24171954,1768161599999
1768161600000,90450.0,90681.0,90336.0,90661.0,0.43946684,1768168799999
1768168800000,90641.0,90929.0,90178.0,90830.0,0.4881704,1768175999999
1768176000000,90865.0,91601.0,90679.0,91358.0,0.60113176,1768183199999
1768183200000,91318.0,92407.0,91286.0,91890.0,1.24544751,1768190399999
1768190400000,91693.0,92130.0,91660.0,92012.0,0.23943012,1768197599999
1768197600000,91938.0,92025.0,91340.0,91340.0,0.81380509,1768204799999
1768204800000,91309.0,91460.0,90306.0,90761.0,0.50846912,1768211999999
1768212000000,90557.0,90681.0,90317.0,90516.0,0.11009002,1768219199999
1768219200000,90567.0,90744.0,90502.0,90558.0,0.3648191,1768226399999
1768226400000,90500.0,91600.0,90107.0,91600.0,1.13963971,1768233599999
1768233600000,91575.0,92213.0,90996.0,91369.0,1.65243718,1768240799999
1768240800000,91468.0,91822.0,91375.0,91769.0,1.15057661,1768247999999
1768248000000,91794.0,91827.0,90926.0,90932.0,0.65280235,1768255199999
1768255200000,91303.0,91304.0,91088.0,91190.0,0.14959042,1768262399999
1768262400000,91294.0,91388.0,90990.0,91085.0,4.32861298,1768269599999
1768269600000,91152.0,91347.0,91057.0,91331.0,3.91214324,1768276799999
1768276800000,91358.0,92139.0,91275.0,91979.0,0.81124023,1768283999999
1768284000000,91913.0,92101.0,91714.0,91866.0,0.76330484,1768291199999
1768291200000,91889.0,92570.0,91877.0,92178.0,0.80669629,1768298399999
1768298400000,92240.0,92240.0,91930.0,91930.0,0.36113378,1768305599999
1768305600000,91902.0,92431.0,91902.0,92000.0,1.67069964,1768312799999
1768312800000,91800.0,93406.0,91773.0,93402.0,0.91974417,1768319999999
1768320000000,93450.0,93730.0,93093.0,93252.0,1.4528334,1768327199999
1768327200000,93251.0,94200.0,93239.0,94173.0,2.39328631,1768334399999
1768334400000,94208.0,94512.0,94050.0,94098.0,3.13612867,1768341599999
1768341600000,94108.0,96570.0,94108.0,95367.0,4.60587743,1768348799999
1768348800000,95396.0,95594.0,95145.0,95290.0,1.47785828,1768355999999
1768356000000,95274.0,95567.0,95221.0,95567.0,0.58340902,1768363199999
1768363200000,95715.0,95715.0,94945.0,94994.0,0.69031841,1768370399999
1768370400000,94931.0,95220.0,94565.0,95137.0,1.37851902,1768377599999
1768377600000,95220.0,95277.0,94880.0,95019.0,0.53796101,1768384799999
1768384800000,95067.0,95233.0,94728.0,94728.0,1.5446232,1768391999999
1768392000000,94714.0,95192.0,94714.0,94969.0,0.68550245,1768399199999
1768399200000,95019.0,97092.0,95019.0,96876.0,3.42140157,1768406399999
1768406400000,96807.0,97800.0,96807.0,97055.0,3.28632151,1768413599999
1768413600000,96972.0,97688.0,96312.0,97352.0,2.14278388,1768420799999
1768420800000,97365.0,97902.0,97309.0,97502.0,1.3642495,1768427999999
1768428000000,97416.0,97468.0,96876.0,96986.0,2.07252767,1768435199999
1768435200000,96826.0,97028.0,96455.0,96505.0,1.09782526,1768442399999
1768442400000,96494.0,96577.0,95731.0,95893.0,1.46229554,1768449599999
1768449600000,96042.0,96486.0,96042.0,96412.0,0.61636103,1768456799999
1768456800000,96418.0,96743.0,96184.0,96610.0,0.46390811,1768463999999
1768464000000,96552.0,97193.0,96315.0,97146.0,4.6698995,1768471199999
1768471200000,97069.0,97069.0,96599.0,96611.0,0.40515469,1768478399999
1768478400000,96551.0,97006.0,96531.0,96888.0,0.31326456,1768485599999
1768485600000,96864.0,97119.0,95416.0,96556.0,3.32782929,1768492799999
1768492800000,96742.0,97066.0,96271.0,96606.0,5.93820074,1768499999999
1768500000000,96607.0,96607.0,95187.0,95491.0,2.09776658,1768507199999
1768507200000,95516.0,95619.0,95079.0,95563.0,0.68781482,1768514399999
1768514400000,95600.0,95762.0,95443.0,95561.0,0.27536919,1768521599999
1768521600000,95743.0,95822.0,95451.0,95697.0,0.35422483,1768528799999
1768528800000,95484.0,95618.0,95466.0,95525.0,0.15110677,1768535999999
1768536000000,95271.0,95660.0,95211.0,95629.0,0.38962285,1768543199999
1768543200000,95663.0,95773.0,95500.0,95690.0,0.58622538,1768550399999
1768550400000,95625.0,95872.0,95625.0,95636.0,0.2242183,1768557599999
1768557600000,95583.0,95583.0,95268.0,95415.0,1.22763193,1768564799999
1768564800000,95429.0,95503.0,95304.0,95439.0,0.61815669,1768571999999
1768572000000,95478.0,95637.0,94265.0,94590.0,1.17383875,1768579199999
1768579200000,94641.0,95090.0,94576.0,95090.0,0.6417582,1768586399999
1768586400000,95186.0,95187.0,94874.0,94975.0,0.45805301,1768593599999
1768593600000,94787.0,95557.0,94687.0,95469.0,1.174443,1768600799999
1768600800000,95541.0,95541.0,95213.0,95462.0,0.19206258,1768607999999
1768608000000,95489.0,95489.0,95369.0,95369.0,0.18435036,1768615199999
1768615200000,95361.0,95361.0,95195.0,95269.0,0.12962862,1768622399999
1768622400000,95302.0,95353.0,95270.0,95284.0,0.09273339,1768629599999
1768629600000,95270.0,95337.0,95067.0,95099.0,2.42607394,1768636799999
1768636800000,95065.0,95256.0,95064.0,95256.0,0.63577055,1768643999999
1768644000000,95249.0,95256.0,95114.0,95256.0,0.0523197,1768651199999
1768651200000,95317.0,95386.0,95200.0,95375.0,0.04355022,1768658399999
1768658400000,95372.0,95609.0,95361.0,95522.0,0.14126817,1768665599999
1768665600000,95551.0,95551.0,95194.0,95327.0,0.28257789,1768672799999
1768672800000,95347.0,95399.0,95259.0,95259.0,0.16816639,1768679999999
1768680000000,95272.0,95378.0,95272.0,95316.0,0.02837537,1768687199999
1768687200000,95212.0,95212.0,95019.0,95124.0,1.8817762,1768694399999
1768694400000,95198.0,95198.0,94850.0,94918.0,1.04092201,1768701599999
1768701600000,95041.0,95074.0,94850.0,95074.0,0.68015004,1768708799999
1768708800000,95074.0,95109.0,95061.0,95081.0,0.04983983,1768715999999
1768716000000,95138.0,95138.0,95008.0,95008.0,0.0126298,1768723199999
1768723200000,95022.0,95227.0,95022.0,95212.0,0.10834148,1768730399999
1768730400000,95265.0,95265.0,95050.0,95050.0,0.01790318,1768737599999
1768737600000,95100.0,95149.0,94935.0,95028.0,0.17152045,1768744799999
1768744800000,95300.0,95300.0,94973.0,95075.0,0.19583693,1768751999999
1768752000000,95073.0,95247.0,95073.0,95212.0,0.19000204,1768759199999
1768759200000,95213.0,95500.0,95162.0,95408.0,0.95911372,1768766399999
1768766400000,95285.0,95392.0,95285.0,95392.0,0.04878087,1768773599999
1768773600000,95400.0,95441.0,93637.0,93689.0,1.07165577,1768780799999
1768780800000,93644.0,93644.0,91900.0,92305.0,6.1104292,1768787999999
1768788000000,92525.0,92707.0,92421.0,92675.0,0.58261699,1768795199999
1768795200000,92638.0,92742.0,92461.0,92461.0,1.02677929,1768802399999
1768802400000,92547.0,92823.0,92439.0,92823.0,0.33542444,1768809599999
1768809600000,92800.0,93302.0,92716.0,92980.0,1.27663166,1768816799999
1768816800000,92912.0,93186.0,92899.0,93186.0,0.07058841,1768823999999
1768824000000,93058.0,93113.0,92800.0,93070.0,0.68203203,1768831199999
1768831200000,92980.0,93060.0,92755.0,93060.0,0.28915974,1768838399999
1768838400000,92963.0,93352.0,92956.0,93189.0,0.56570651,1768845599999
1768845600000,93206.0,93206.0,92914.0,93115.0,0.22667288,1768852799999
1768852800000,93163.0,93306.0,92981.0,93020.0,0.92132909,1768859999999
1768860000000,92801.0,92801.0,92139.0,92628.0,1.41839955,1768867199999
1768867200000,92573.0,92812.0,92379.0,92667.0,0.45250234,1768874399999
1768874400000,92636.0,92682.0,92218.0,92353.0,1.01995799,1768881599999
1768881600000,92369.0,92369.0,91250.0,91575.0,1.02811228,1768888799999
1768888800000,91588.0,91588.0,90746.0,91085.0,3.89909995,1768895999999
1768896000000,91050.0,91163.0,90672.0,90938.0,0.98412772,1768903199999
1768903200000,90975.0,91359.0,90975.0,91219.0,0.52533839,1768910399999
1768910400000,91159.0,91198.0,90815.0,90904.0,0.24628593,1768917599999
1768917600000,90940.0,90987.0,89804.0,90616.0,2.72736951,1768924799999
1768924800000,90631.0,90899.0,89400.0,89711.0,2.51338205,1768931999999
1768932000000,89722.0,89823.0,89234.0,89702.0,0.81047358,1768939199999
1768939200000,89608.0,89771.0,89313.0,89371.0,3.94237004,1768946399999
1768946400000,89421.0,89527.0,87775.0,88344.0,5.78412862,1768953599999
1768953600000,88408.0,88999.0,88289.0,88957.0,0.58477136,1768960799999
1768960800000,89001.0,89447.0,88949.0,89321.0,1.028576,1768967999999
1768968000000,89355.0,90000.0,89347.0,89926.0,0.83040542,1768975199999
1768975200000,89807.0,89833.0,89040.0,89150.0,1.14899309,1768982399999
1768982400000,89104.0,89401.0,88942.0,88997.0,1.04125017,1768989599999
1768989600000,89029.0,89304.0,88640.0,88640.0,1.094407,1768996799999
1768996800000,88718.0,88916.0,88011.0,88633.0,2.64282472,1769003999999
1769004000000,88706.0,90350.0,88706.0,90255.0,1.72713972,1769011199999
1769011200000,90238.0,90238.0,87250.0,87915.0,2.77295294,1769018399999
1769018400000,87910.0,90321.0,87601.0,90252.0,1.16985172,1769025599999
1769025600000,90250.0,90305.0,89454.0,90130.0,1.28075194,1769032799999
1769032800000,90127.0,90265.0,89430.0,89430.0,0.57895084,1769039999999
1769040000000,89453.0,90120.0,89446.0,89997.0,1.37615459,1769047199999
1769047200000,89980.0,90189.0,89704.0,89786.0,0.67560958,1769054399999
1769054400000,89821.0,89981.0,89766.0,89920.0,0.72171048,1769061599999
1769061600000,89919.0,90102.0,89802.0,89802.0,0.49484811,1769068799999
1769068800000,89849.0,90027.0,89830.0,90018.0,0.63872652,1769075999999
1769076000000,89951.0,90025.0,89847.0,89847.0,0.15035698,1769083199999
1769083200000,89978.0,90294.0,89457.0,89532.0,0.3312109,1769090399999
1769090400000,89456.0,89628.0,88458.0,88964.0,1.53255536,1769097599999
1769097600000,89000.0,89468.0,88633.0,89465.0,2.0713814,1769104799999
1769104800000,89428.0,89844.0,89080.0,89737.0,0.40676771,1769111999999
1769112000000,89708.0,89841.0,89169.0,89191.0,0.9988985,1769119199999
1769119200000,89168.0,89490.0,89112.0,89461.0,0.44486044,1769126399999
1769126400000,89415.0,89773.0,89415.0,89707.0,0.38270662,1769133599999
1769133600000,89900.0,89900.0,89663.0,89802.0,0.23899654,1769140799999
1769140800000,89843.0,89989.0,89506.0,89573.0,0.13932941,1769147999999
1769148000000,89489.0,89705.0,89360.0,89461.0,0.98983881,1769155199999
1769155200000,89400.0,89432.0,88821.0,88911.0,1.27357997,1769162399999
1769162400000,88939.0,89250.0,88800.0,89162.0,0.18862899,1769169599999
1769169600000,89209.0,89331.0,89191.0,89323.0,0.19771452,1769176799999
1769176800000,89244.0,89713.0,88500.0,89713.0,1.27635971,1769183999999
1769184000000,89622.0,91090.0,89438.0,90488.0,1.23945009,1769191199999
1769191200000,90443.0,90929.0,89575.0,89893.0,2.69126417,1769198399999
1769198400000,89891.0,90016.0,89161.0,89354.0,1.16809319,1769205599999
1769205600000,89302.0,89664.0,89302.0,89461.0,0.94185917,1769212799999
1769212800000,89487.0,89487.0,89351.0,89453.0,0.22850744,1769219999999
1769220000000,89478.0,89781.0,89475.0,89664.0,0.2006373,1769227199999
1769227200000,89691.0,89691.0,89632.0,89675.0,0.05814332,1769234399999
1769234400000,89628.0,89661.0,89506.0,89519.0,0.11418288,1769241599999
1769241600000,89535.0,89580.0,89506.0,89512.0,0.04984787,1769248799999
1769248800000,89444.0,89552.0,89444.0,89501.0,0.14168752,1769255999999
1769256000000,89444.0,89444.0,89309.0,89309.0,0.22525226,1769263199999
1769263200000,89266.0,89410.0,89162.0,89174.0,0.21541546,1769270399999
1769270400000,89150.0,89230.0,89108.0,89227.0,2.04403603,1769277599999
1769277600000,89292.0,89320.0,89185.0,89227.0,0.05701956,1769284799999
1769284800000,89249.0,89261.0,89190.0,89260.0,0.33081622,1769291999999
1769292000000,89296.0,89302.0,89200.0,89251.0,0.77204516,1769299199999
1769299200000,89123.0,89172.0,88977.0,89073.0,0.2897949,1769306399999
1769306400000,89043.0,89117.0,88800.0,88827.0,1.46767684,1769313599999
1769313600000,88880.0,88963.0,88794.0,88870.0,0.08493663,1769320799999
1769320800000,88797.0,88797.0,88525.0,88525.0,0.17613481,1769327999999
1769328000000,88543.0,88543.0,88034.0,88285.0,0.83807635,1769335199999
1769335200000,88307.0,88543.0,88307.0,88430.0,0.65541397,1769342399999
1769342400000,88380.0,88746.0,88375.0,88746.0,0.10438524,1769349599999
1769349600000,88796.0,88819.0,88290.0,88349.0,1.13282079,1769356799999
1769356800000,88290.0,88319.0,87497.0,87761.0,3.9316106,1769363999999
1769364000000,87747.0,87840.0,86136.0,86423.0,4.50356932,1769371199999
1769371200000,86423.0,86913.0,86204.0,86500.0,2.06256473,1769378399999
1769378400000,86443.0,86707.0,86074.0,86604.0,4.15899554,1769385599999
1769385600000,86718.0,87678.0,86464.0,87569.0,1.2801519,1769392799999
1769392800000,87452.0,87859.0,87038.0,87103.0,0.55340788,1769399999999
1769400000000,87381.0,87843.0,87381.0,87792.0,1.81310811,1769407199999
1769407200000,87769.0,87985.0,87688.0,87946.0,0.35359294,1769414399999
1769414400000,87985.0,88280.0,87520.0,87558.0,1.1705812,1769421599999
1769421600000,87630.0,87864.0,87630.0,87864.0,0.07671996,1769428799999
1769428800000,87687.0,87861.0,87660.0,87854.0,0.0511508,1769435999999
1769436000000,87720.0,88719.0,87287.0,87583.0,0.59618234,1769443199999
1769443200000,87571.0,87673.0,87065.0,87497.0,0.30174902,1769450399999
1769450400000,87638.0,88442.0,87638.0,87955.0,2.07829279,1769457599999
1769457600000,88040.0,88179.0,87548.0,88037.0,0.57347287,1769464799999
1769464800000,88020.0,88549.0,87931.0,88284.0,0.88445781,1769471999999
1769472000000,88184.0,88618.0,88183.0,88508.0,2.81207662,1769479199999
1769479200000,88508.0,88744.0,88508.0,88694.0,0.63645032,1769486399999
1769486400000,88686.0,88843.0,88395.0,88448.0,0.24453143,1769493599999
1769493600000,88402.0,88472.0,88277.0,88277.0,0.33047704,1769500799999
1769500800000,88278.0,88278.0,87900.0,87900.0,1.20888844,1769507999999
1769508000000,87904.0,87904.0,87737.0,87768.0,0.02841102,1769515199999
1769515200000,87989.0,88018.0,87743.0,87933.0,0.02974448,1769522399999
1769522400000,87975.0,88279.0,87556.0,87932.0,1.01643376,1769529599999
1769529600000,87986.0,88711.0,87287.0,87313.0,1.43661521,1769536799999
1769536800000,87400.0,88370.0,87400.0,88320.0,0.49153853,1769543999999
1769544000000,88373.0,89427.0,88373.0,88960.0,2.27065215,1769551199999
1769551200000,89125.0,89400.0,88917.0,89318.0,0.6166995,1769558399999
1769558400000,89100.0,89354.0,89100.0,89320.0,0.77536276,1769565599999
1769565600000,89213.0,89216.0,89048.0,89048.0,0.11227895,1769572799999
1769572800000,88848.0,88948.0,88741.0,88870.0,1.96670937,1769579999999
1769580000000,89114.0,89239.0,89044.0,89126.0,4.03465189,1769587199999
1769587200000,89057.0,89454.0,88767.0,89454.0,2.70037926,1769594399999
1769594400000,89346.0,90046.0,89280.0,90012.0,6.13995252,1769601599999
1769601600000,89850.0,90373.0,89706.0,90102.0,7.45923752,1769608799999
1769608800000,90164.0,90164.0,88945.0,89357.0,4.55520655,1769615999999
1769616000000,89398.0,90400.0,89250.0,90135.0,11.30755599,1769623199999
1769623200000,90005.0,90005.0,89035.0,89482.0,3.11262457,1769630399999
1769630400000,89505.0,89715.0,88985.0,89348.0,2.32314305,1769637599999
1769637600000,89346.0,89373.0,89062.0,89153.0,2.21030773,1769644799999
1769644800000,89132.0,89132.0,88440.0,88479.0,5.24159303,1769651999999
1769652000000,88448.0,88619.0,87600.0,87919.0,8.10852585,1769659199999
1769659200000,87873.0,88127.0,87873.0,88127.0,0.0104,1769666399999
1769666400000,88205.0,88260.0,88178.0,88246.0,0.14977556,1769673599999
1769673600000,88199.0,88331.0,87876.0,87941.0,10.30145151,1769680799999
1769680800000,87840.0,87915.0,87633.0,87638.0,7.91469848,1769687999999
1769688000000,87772.0,87975.0,87759.0,87925.0,3.35280394,1769695199999
1769695200000,87902.0,87921.0,84261.0,84807.0,8.34812692,1769702399999
1769702400000,84751.0,85473.0,83968.0,84091.0,3.66513034,1769709599999
1769709600000,84166.0,84514.0,83329.0,83865.0,1.37134703,1769716799999
1769716800000,83900.0,84511.0,83687.0,84397.0,4.16302191,1769723999999
1769724000000,84396.0,84605.0,84223.0,84605.0,0.43499109,1769731199999
1769731200000,84550.0,84550.0,79000.0,82435.0,14.63677538,1769738399999
1769738400000,82330.0,82627.0,81117.0,82588.0,1.43557559,1769745599999
1769745600000,82588.0,83214.0,82588.0,82841.0,2.25156346,1769752799999
1769752800000,82764.0,82905.0,81942.0,82773.0,1.96628359,1769759999999
1769760000000,82503.0,82709.0,82091.0,82241.0,1.29347249,1769767199999
1769767200000,82242.0,83138.0,82078.0,83100.0,0.822136,1769774399999
1769774400000,83038.0,83173.0,82360.0,82643.0,4.84346694,1769781599999
1769781600000,82638.0,83648.0,82435.0,82915.0,6.32095473,1769788799999
1769788800000,82754.0,83300.0,82488.0,82930.0,3.31196469,1769795999999
1769796000000,82844.0,84438.0,81800.0,84160.0,3.10548577,1769803199999
1769803200000,84082.0,84263.0,83434.0,84202.0,5.43893313,1769810399999
1769810400000,83999.0,84106.0,83822.0,84083.0,0.96248844,1769817599999
1769817600000,84062.0,84118.0,83818.0,83854.0,0.39856294,1769824799999
1769824800000,83907.0,84101.0,83712.0,83990.0,0.23439042,1769831999999
1769832000000,83926.0,83955.0,83793.0,83886.0,0.36392017,1769839199999
1769839200000,83864.0,83882.0,83320.0,83399.0,0.82958053,1769846399999
1769846400000,83239.0,83249.0,82500.0,83001.0,1.23608945,1769853599999
1769853600000,83002.0,83059.0,82743.0,82842.0,0.62150692,1769860799999
1769860800000,82900.0,83000.0,82395.0,82585.0,0.65997515,1769867999999
1769868000000,82670.0,82715.0,80787.0,81204.0,4.00985931,1769875199999
1769875200000,81254.0,82031.0,78126.0,78786.0,7.2826356,1769882399999
1769882400000,78925.0,78925.0,75650.0,77721.0,10.43793213,1769889599999
1769889600000,77730.0,78258.0,77049.0,78258.0,1.29951045,1769896799999
1769896800000,78265.0,79148.0,77929.0,78706.0,1.95810304,1769903999999
1769904000000,78585.0,79350.0,78273.0,78441.0,1.40775396,1769911199999
1769911200000,78477.0,78964.0,78477.0,78802.0,7.3544738,1769918399999
1769918400000,78803.0,78989.0,78467.0,78517.0,4.84352516,1769925599999
1769925600000,78571.0,78691.0,77917.0,78305.0,0.76560839,1769932799999
1769932800000,78336.0,79017.0,78200.0,79017.0,1.83682984,1769939999999
1769940000000,78854.0,79108.0,78118.0,78767.0,1.60573043,1769947199999
1769947200000,78469.0,78647.0,78183.0,78225.0,0.4686142,1769954399999
1769954400000,78180.0,78434.0,76780.0,77541.0,3.41670902,1769961599999
1769961600000,77217.0,77731.0,77130.0,77659.0,1.05660958,1769968799999
1769968800000,77719.0,78327.0,76999.0,77048.0,1.19355074,1769975999999
1769976000000,77068.0,77389.0,76340.0,76429.0,1.5192648,1769983199999
1769983200000,76450.0,77583.0,75698.0,77053.0,4.80735712,1769990399999
1769990400000,77027.0,78017.0,76699.0,77545.0,1.72820284,1769997599999
1769997600000,77424.0,77424.0,74560.0,76168.0,4.03988645,1770004799999
1770004800000,76205.0,76507.0,74901.0,75328.0,1.82515188,1770011999999
1770012000000,75501.0,76757.0,74908.0,76650.0,3.39303904,1770019199999
1770019200000,76546.0,77750.0,76543.0,77629.0,2.34700374,1770026399999
1770026400000,77623.0,77879.0,77457.0,77678.0,0.91630891,1770033599999
1770033600000,77718.0,78321.0,77676.0,78212.0,2.0601453,1770040799999
1770040800000,78182.0,79252.0,77576.0,78837.0,3.20961469,1770047999999
1770048000000,78816.0,79262.0,78581.0,79010.0,3.02759299,1770055199999
1770055200000,78913.0,78926.0,78178.0,78329.0,3.98808054,1770062399999
1770062400000,78250.0,78503.0,77903.0,78438.0,2.26286816,1770069599999
1770069600000,78534.0,78890.0,78530.0,78668.0,0.65778279,1770076799999
1770076800000,78719.0,79139.0,78402.0,78891.0,0.78663069,1770083999999
1770084000000,78891.0,78891.0,77587.0,78781.0,2.95896492,1770091199999
1770091200000,78558.0,78829.0,78194.0,78194.0,1.00257279,1770098399999
1770098400000,78158.0,78846.0,77951.0,78738.0,1.2508331,1770105599999
1770105600000,78763.0,78944.0,77916.0,78402.0,0.82269206,1770112799999
1770112800000,78308.0,78500.0,77955.0,78058.0,0.61525052,1770119999999
1770120000000,78064.0,78380.0,77954.0,78233.0,0.97355919,1770127199999
1770127200000,78333.0,78369.0,77069.0,78138.0,1.6598239,1770134399999
1770134400000,78081.0,78081.0,74857.0,74885.0,4.7789627,1770141599999
1770141600000,74865.0,75177.0,72888.0,74902.0,11.37179277,1770148799999
1770148800000,74902.0,76830.0,74542.0,76193.0,5.04904815,1770155999999
1770156000000,76193.0,76216.0,75384.0,75674.0,1.60421867,1770163199999
1770163200000,75563.0,76682.0,75419.0,76348.0,1.67181041,1770170399999
1770170400000,76334.0,76900.0,75676.0,76695.0,1.61856525,1770177599999
1770177600000,76600.0,76715.0,76078.0,76104.0,0.90489317,1770184799999
1770184800000,76271.0,76692.0,76271.0,76428.0,0.76496631,1770191999999
1770192000000,76356.0,76503.0,75900.0,76000.0,1.20565969,1770199199999
1770199200000,76032.0,76226.0,75621.0,75951.0,1.41192578,1770206399999
1770206400000,75941.0,76151.0,74811.0,74811.0,1.3350852,1770213599999
1770213600000,74724.0,75407.0,73777.0,74055.0,2.37413858,1770220799999
1770220800000,74063.0,74063.0,72120.0,72544.0,5.11555052,1770227999999
1770228000000,72409.0,73944.0,72253.0,73776.0,3.47115194,1770235199999
1770235200000,73778.0,73952.0,72190.0,72628.0,2.52759259,1770242399999
1770242400000,72628.0,73375.0,71798.0,73072.0,2.98035595,1770249599999
1770249600000,73011.0,73186.0,72147.0,72285.0,1.91704818,1770256799999
1770256800000,72273.0,72507.0,71069.0,71124.0,2.21624609,1770263999999
1770264000000,71104.0,71200.0,70039.0,70543.0,3.03289732,1770271199999
1770271200000,70684.0,71479.0,70336.0,70588.0,6.03743217,1770278399999
1770278400000,70714.0,71837.0,70464.0,71526.0,5.49872231,1770285599999
1770285600000,71503.0,71632.0,69889.0,70177.0,3.27694826,1770292799999
1770292800000,70239.0,70452.0,69090.0,69601.0,5.47326263,1770299999999
1770300000000,69644.0,70725.0,66676.0,67309.0,14.16996728,1770307199999
1770307200000,67329.0,68500.0,66100.0,66100.0,8.5623025,1770314399999
1770314400000,66070.0,66420.0,65100.0,65140.0,9.8469662,1770321599999
1770321600000,65161.0,65558.0,62237.0,63110.0,12.4986036,1770328799999
1770328800000,63146.0,64729.0,62664.0,62811.0,9.19154561,1770335999999
1770336000000,62811.0,65563.0,59900.0,65563.0,9.26684533,1770343199999
1770343200000,65643.0,65891.0,63758.0,64095.0,2.55101326,1770350399999
1770350400000,63968.0,66652.0,63943.0,66247.0,2.63193921,1770357599999
1770357600000,66340.0,66667.0,64624.0,64767.0,4.56709341,1770364799999
1770364800000,64791.0,66064.0,64204.0,65879.0,3.68247745,1770371999999
1770372000000,65706.0,66716.0,65500.0,66564.0,8.58803034,1770379199999
1770379200000,66500.0,67640.0,66104.0,67264.0,5.74995139,1770386399999
1770386400000,67202.0,69151.0,66605.0,68619.0,10.06644734,1770393599999
1770393600000,68488.0,71441.0,68470.0,70815.0,9.49174046,1770400799999
1770400800000,70733.0,70907.0,69277.0,70668.0,16.99171855,1770407999999
1770408000000,70620.0,70891.0,69828.0,70332.0,2.77797085,1770415199999
1770415200000,70284.0,71700.0,70282.0,70540.0,4.07067295,1770422399999
1770422400000,70543.0,70571.0,69684.0,70517.0,2.61139043,1770429599999
1770429600000,70436.0,70848.0,70171.0,70720.0,0.97015459,1770436799999
1770436800000,70824.0,71647.0,69931.0,70086.0,1.87748045,1770443999999
1770444000000,70099.0,70264.0,67315.0,68085.0,8.42584298,1770451199999
1770451200000,68026.0,68774.0,67763.0,68079.0,5.12555831,1770458399999
1770458400000,68054.0,68250.0,67590.0,67884.0,5.01836371,1770465599999
1770465600000,67902.0,69914.0,67900.0,68973.0,4.07652935,1770472799999
1770472800000,69071.0,69712.0,68301.0,69035.0,5.61291847,1770479999999
1770480000000,69140.0,69826.0,68606.0,69148.0,4.06152606,1770487199999
1770487200000,69142.0,69643.0,69050.0,69280.0,3.18879125,1770494399999
1770494400000,69308.0,69665.0,69297.0,69450.0,1.08635987,1770501599999
1770501600000,69488.0,69582.0,68795.0,69260.0,1.6014781,1770508799999
1770508800000,69218.0,69404.0,68881.0,69324.0,4.13815141,1770515999999
1770516000000,69374.0,69582.0,69100.0,69100.0,1.25661256,1770523199999
1770523200000,68975.0,69371.0,68975.0,69207.0,0.29717178,1770530399999
1770530400000,69148.0,69640.0,69111.0,69640.0,0.86842412,1770537599999
1770537600000,69614.0,70566.0,69506.0,70156.0,2.17769258,1770544799999
1770544800000,70155.0,71155.0,69869.0,70946.0,3.56179289,1770551999999
1770552000000,70965.0,71450.0,70700.0,71422.0,1.73250396,1770559199999
1770559200000,71500.0,71507.0,70889.0,71043.0,0.87353697,1770566399999
1770566400000,71108.0,71166.0,70358.0,70612.0,1.38646319,1770573599999
1770573600000,70744.0,71507.0,70704.0,71412.0,3.20410812,1770580799999
1770580800000,71154.0,71154.0,70561.0,70561.0,0.93659919,1770587999999
1770588000000,70671.0,72230.0,69985.0,70346.0,4.554054,1770595199999
1770595200000,70398.0,70851.0,70100.0,70202.0,1.44343769,1770602399999
1770602400000,70236.0,71391.0,70236.0,71250.0,0.59378276,1770609599999
1770609600000,71183.0,71183.0,70774.0,70997.0,0.56438673,1770616799999
1770616800000,70970.0,70970.0,70257.0,70451.0,11.01646375,1770623999999
1770624000000,70360.0,70511.0,69368.0,69541.0,9.21337064,1770631199999
1770631200000,69515.0,69682.0,68406.0,68858.0,4.35700437,1770638399999
1770638400000,68833.0,69200.0,68570.0,68570.0,2.10378135,1770645599999
1770645600000,68673.0,69848.0,68281.0,69529.0,3.02401716,1770652799999
1770652800000,69460.0,70962.0,69045.0,70615.0,6.16144047,1770659999999
1770660000000,70612.0,71010.0,70050.0,70917.0,4.62046327,1770667199999
1770667200000,70917.0,71113.0,69824.0,70403.0,4.2524248,1770674399999
1770674400000,70405.0,70689.0,70099.0,70154.0,5.28667005,1770681599999
1770681600000,70148.0,70434.0,69758.0,70385.0,1.7005942,1770688799999
1770688800000,70336.0,70411.0,69213.0,69450.0,1.9937567,1770695999999
1770696000000,69544.0,69824.0,69194.0,69413.0,2.42863765,1770703199999
1770703200000,69364.0,69459.0,68701.0,68858.0,12.01982295,1770710399999
1770710400000,68881.0,69355.0,68687.0,69111.0,12.07038585,1770717599999
1770717600000,69116.0,69170.0,68449.0,68504.0,2.73105844,1770724799999
1770724800000,68506.0,69092.0,68374.0,68993.0,2.23500334,1770731999999
1770732000000,68960.0,69479.0,67865.0,69285.0,2.79811138,1770739199999
1770739200000,69142.0,69938.0,68958.0,69888.0,1.52456461,1770746399999
1770746400000,69848.0,69848.0,68672.0,69000.0,2.07510568,1770753599999
1770753600000,68967.0,69001.0,68350.0,68584.0,1.95636072,1770760799999
1770760800000,68674.0,68821.0,68504.0,68810.0,1.51648188,1770767999999
1770768000000,68804.0,69232.0,68779.0,68941.0,0.9505612,1770775199999
1770775200000,69101.0,69124.0,68125.0,68274.0,1.26484476,1770782399999
1770782400000,68215.0,68251.0,67391.0,67406.0,2.01086564,1770789599999
1770789600000,67375.0,67397.0,66530.0,67062.0,16.7914928,1770796799999
1770796800000,67014.0,67073.0,66704.0,66820.0,2.78993109,1770803999999
1770804000000,66820.0,67053.0,66341.0,67044.0,6.44753089,1770811199999
1770811200000,66999.0,67485.0,66786.0,67485.0,1.70866421,1770818399999
1770818400000,67502.0,68890.0,65904.0,66516.0,10.25032135,1770825599999
1770825600000,66422.0,67227.0,65892.0,66537.0,3.04373646,1770832799999
1770832800000,66515.0,67754.0,66149.0,67531.0,3.61232145,1770839999999
1770840000000,67525.0,68273.0,67244.0,67850.0,3.55667136,1770847199999
1770847200000,67794.0,67813.0,66770.0,67056.0,2.57339156,1770854399999
1770854400000,67054.0,67986.0,67047.0,67625.0,2.38019715,1770861599999
1770861600000,67627.0,67709.0,67285.0,67526.0,1.37158582,1770868799999
1770868800000,67483.0,67591.0,66740.0,67077.0,2.33607916,1770875999999
1770876000000,67106.0,67292.0,66917.0,67177.0,5.30579182,1770883199999
1770883200000,67217.0,67673.0,66857.0,67550.0,1.89488793,1770890399999
1770890400000,67512.0,68227.0,67411.0,68109.0,3.33114875,1770897599999
1770897600000,68081.0,68358.0,67680.0,68358.0,4.0683983,1770904799999
1770904800000,68323.0,68323.0,67016.0,67116.0,9.04977684,1770911999999
1770912000000,67135.0,67188.0,65339.0,65357.0,7.98678301,1770919199999
1770919200000,65398.0,66052.0,65090.0,65767.0,2.75582607,1770926399999
1770926400000,65734.0,65919.0,65181.0,65736.0,1.7046955,1770933599999
1770933600000,65779.0,66432.0,65620.0,66258.0,1.85348063,1770940799999
1770940800000,66130.0,66522.0,65837.0,66386.0,1.11641641,1770947999999
1770948000000,66386.0,66745.0,66346.0,66467.0,1.48583739,1770955199999
1770955200000,66403.0,66487.0,66135.0,66135.0,0.70455947,1770962399999
1770962400000,66209.0,66516.0,65966.0,66108.0,3.33299194,1770969599999
1770969600000,66416.0,66961.0,66165.0,66931.0,3.27300989,1770976799999
1770976800000,66918.0,67123.0,66765.0,67123.0,1.31046486,1770983999999
1770984000000,67109.0,67558.0,66930.0,67223.0,2.08308593,1770991199999
1770991200000,67225.0,69276.0,66835.0,68633.0,4.79938976,1770998399999
1770998400000,68574.0,69450.0,68545.0,69018.0,2.1913914,1771005599999
1771005600000,69039.0,69344.0,68919.0,68920.0,2.83713551,1771012799999
1771012800000,68908.0,68988.0,68679.0,68844.0,1.78855732,1771019999999
1771020000000,68859.0,68958.0,68783.0,68819.0,1.97066741,1771027199999
1771027200000,68819.0,69097.0,68748.0,68935.0,1.14819855,1771034399999
1771034400000,68935.0,68967.0,68841.0,68896.0,0.92384695,1771041599999
1771041600000,68883.0,68883.0,68751.0,68765.0,0.19281872,1771048799999
1771048800000,68771.0,69313.0,68771.0,69194.0,0.53119311,1771055999999
1771056000000,69261.0,69878.0,69261.0,69698.0,2.12461585,1771063199999
1771063200000,69628.0,70500.0,69559.0,70494.0,1.66828183,1771070399999
1771070400000,70494.0,70500.0,69155.0,69419.0,5.50152691,1771077599999
1771077600000,69412.0,69915.0,69334.0,69759.0,1.7153247,1771084799999
1771084800000,69736.0,69870.0,69306.0,69726.0,1.22142217,1771091999999
1771092000000,69684.0,69853.0,69681.0,69797.0,1.00375258,1771099199999
1771099200000,69877.0,70200.0,69684.0,69909.0,3.6678086,1771106399999
1771106400000,69893.0,70036.0,69739.0,69781.0,1.22356631,1771113599999
1771113600000,69800.0,69869.0,69443.0,69468.0,0.82572952,1771120799999
1771120800000,69621.0,69950.0,69302.0,69950.0,0.52016531,1771127999999
1771128000000,70002.0,70470.0,69825.0,70248.0,2.53275245,1771135199999
1771135200000,70241.0,70900.0,70193.0,70786.0,1.42196477,1771142399999
1771142400000,70827.0,70929.0,70182.0,70442.0,1.08345842,1771149599999
1771149600000,70378.0,70496.0,70227.0,70248.0,3.79569537,1771156799999
1771156800000,70235.0,70368.0,68813.0,68895.0,3.95002949,1771163999999
1771164000000,68938.0,69208.0,68821.0,68974.0,1.52985738,1771171199999
1771171200000,69036.0,69036.0,68188.0,68581.0,2.06733738,1771178399999
1771178400000,68595.0,68704.0,68114.0,68255.0,5.00581574,1771185599999
1771185600000,68236.0,68888.0,68098.0,68888.0,1.20767443,1771192799999
1771192800000,68886.0,69013.0,68451.0,68792.0,0.97661965,1771199999999
1771200000000,68754.0,68984.0,68427.0,68583.0,0.74035889,1771207199999
1771207200000,68621.0,68621.0,68125.0,68423.0,2.41125027,1771214399999
1771214400000,68470.0,68792.0,68269.0,68366.0,0.272306,1771221599999
1771221600000,68344.0,68612.0,68258.0,68526.0,1.20101017,1771228799999
1771228800000,68620.0,69025.0,68568.0,68979.0,0.65696067,1771235999999
1771236000000,68921.0,68929.0,68346.0,68877.0,0.75356088,1771243199999
1771243200000,68807.0,70072.0,68259.0,68341.0,6.13774561,1771250399999
1771250400000,68367.0,68598.0,67270.0,67529.0,5.89876315,1771257599999
1771257600000,67516.0,68032.0,67502.0,67926.0,3.29909643,1771264799999
1771264800000,67909.0,68203.0,67828.0,67925.0,1.96981242,1771271999999
1771272000000,67870.0,68739.0,67828.0,68691.0,1.7674544,1771279199999
1771279200000,68816.0,68949.0,68500.0,68871.0,3.40787247,1771286399999
1771286400000,68840.0,69006.0,68543.0,68594.0,3.42036557,1771293599999
1771293600000,68598.0,69200.0,68372.0,68457.0,1.84653863,1771300799999
1771300800000,68449.0,68653.0,67937.0,68216.0,1.56245558,1771307999999
1771308000000,68219.0,68415.0,68157.0,68355.0,0.81086346,1771315199999
1771315200000,68400.0,68427.0,67964.0,68042.0,0.95900859,1771322399999
1771322400000,68116.0,68136.0,67666.0,67807.0,1.41186262,1771329599999
1771329600000,67828.0,68341.0,67739.0,68086.0,4.1584147,1771336799999
1771336800000,68234.0,68271.0,66600.0,67375.0,4.68959347,1771343999999
1771344000000,67387.0,68111.0,66888.0,67242.0,2.04974159,1771351199999
1771351200000,67211.0,68203.0,67107.0,67890.0,6.80858325,1771358399999
1771358400000,67775.0,67893.0,67470.0,67669.0,1.49532611,1771365599999
1771365600000,67621.0,67703.0,67387.0,67517.0,1.38735359,1771372799999
1771372800000,67499.0,67575.0,66919.0,67049.0,1.06162896,1771379999999
1771380000000,67171.0,67659.0,67171.0,67659.0,0.47027774,1771387199999
1771387200000,67527.0,67866.0,67498.0,67645.0,0.6785128,1771394399999
1771394400000,67593.0,68100.0,67593.0,68090.0,0.73853881,1771401599999
1771401600000,68129.0,68421.0,68022.0,68154.0,1.1900327,1771408799999
1771408800000,68087.0,68134.0,67095.0,67528.0,1.07048516,1771415999999
1771416000000,67393.0,67588.0,67037.0,67153.0,1.0655958,1771423199999
1771423200000,67239.0,68203.0,66767.0,67690.0,2.94205991,1771430399999
1771430400000,67673.0,67673.0,66990.0,67136.0,2.21280199,1771437599999
1771437600000,67182.0,67182.0,65900.0,66209.0,3.83133814,1771444799999
1771444800000,66288.0,66483.0,66079.0,66304.0,3.68681582,1771451999999
1771452000000,66290.0,66459.0,66206.0,66443.0,0.93497699,1771459199999
1771459200000,66404.0,66793.0,66330.0,66781.0,0.70805788,1771466399999
1771466400000,66819.0,66946.0,66652.0,66946.0,0.90894059,1771473599999
1771473600000,66997.0,67017.0,66673.0,66835.0,0.66694772,1771480799999
1771480800000,66859.0,67264.0,66859.0,67168.0,0.67366783,1771487999999
1771488000000,67053.0,67123.0,66755.0,66810.0,1.89842124,1771495199999
1771495200000,66796.0,66891.0,66492.0,66492.0,0.45825095,1771502399999
1771502400000,66436.0,66637.0,65787.0,65918.0,2.74931351,1771509599999
1771509600000,65943.0,66612.0,65670.0,66304.0,2.15569721,1771516799999
1771516800000,66331.0,67000.0,65903.0,66319.0,3.5444406,1771523999999
1771524000000,66305.0,67140.0,66289.0,67086.0,2.09592632,1771531199999
1771531200000,66988.0,67163.0,66842.0,66961.0,1.53998266,1771538399999
1771538400000,66792.0,66974.0,66646.0,66906.0,1.49702006,1771545599999
1771545600000,66977.0,67408.0,66977.0,67236.0,0.99416548,1771552799999
1771552800000,67239.0,67433.0,67211.0,67300.0,0.60190027,1771559999999
1771560000000,67234.0,67960.0,67155.0,67723.0,0.78930165,1771567199999
1771567200000,67787.0,67947.0,67673.0,67768.0,0.65617205,1771574399999
1771574400000,67845.0,68193.0,67717.0,68193.0,1.31064698,1771581599999
1771581600000,68157.0,68274.0,67241.0,67343.0,2.0038435,1771588799999
1771588800000,67383.0,67520.0,66477.0,66740.0,4.20266635,1771595999999
1771596000000,66815.0,68072.0,66577.0,67562.0,5.62096836,1771603199999
1771603200000,67647.0,67781.0,66985.0,67617.0,5.431528,1771610399999
1771610400000,67474.0,67949.0,67455.0,67642.0,3.13563887,1771617599999
1771617600000,67669.0,67796.0,67534.0,67769.0,0.79113231,1771624799999
1771624800000,67676.0,68189.0,67676.0,67969.0,1.45527427,1771631999999
1771632000000,67931.0,68010.0,67782.0,67962.0,0.41383114,1771639199999
1771639200000,67904.0,68082.0,67571.0,67596.0,1.00190758,1771646399999
1771646400000,67613.0,67861.0,67597.0,67861.0,0.35865285,1771653599999
1771653600000,67889.0,67889.0,67764.0,67835.0,0.13047931,1771660799999
1771660800000,67842.0,68264.0,67842.0,68140.0,0.698082,1771667999999
1771668000000,68200.0,68258.0,68088.0,68100.0,0.8132403,1771675199999
1771675200000,68073.0,68213.0,67880.0,68213.0,0.4561813,1771682399999
1771682400000,68177.0,68665.0,68177.0,68596.0,1.25439862,1771689599999
1771689600000,68535.0,68535.0,68124.0,68406.0,1.02807846,1771696799999
1771696800000,68379.0,68596.0,68379.0,68544.0,0.79587918,1771703999999
1771704000000,68493.0,68561.0,68201.0,68343.0,0.44420244,1771711199999
1771711200000,68397.0,68401.0,67917.0,68014.0,1.00874978,1771718399999
1771718400000,67947.0,68140.0,67782.0,68122.0,0.38824361,1771725599999
1771725600000,68065.0,68065.0,67844.0,68016.0,0.58973611,1771732799999
1771740000000,68063.0,68132.0,67997.0,67999.0,2.00297762,1771747199999
1771747200000,67999.0,68057.0,67914.0,68052.0,0.22473234,1771754399999
1771754400000,68052.0,68191.0,68015.0,68191.0,1.19465395,1771761599999
1771761600000,68174.0,68174.0,67544.0,67627.0,1.40649406,1771768799999
1771768800000,67597.0,67784.0,67285.0,67742.0,1.37474633,1771775999999
1771776000000,67647.0,67679.0,67223.0,67300.0,0.81004382,1771783199999
1771783200000,67330.0,67464.0,67329.0,67403.0,0.27128529,1771790399999
1771790400000,67403.0,67548.0,67325.0,67548.0,0.53439525,1771797599999
1771797600000,67519.0,67736.0,67488.0,67677.0,0.4817838,1771804799999
1771804800000,67639.0,67639.0,64330.0,64471.0,6.28862785,1771811999999
1771812000000,64364.0,64962.0,64364.0,64956.0,1.77926538,1771819199999
1771819200000,64977.0,65209.0,64692.0,65035.0,2.42667755,1771826399999
1771826400000,65057.0,65997.0,65035.0,65946.0,2.47964559,1771833599999
1771833600000,65830.0,66401.0,65573.0,66401.0,2.88345887,1771840799999
1771840800000,66401.0,66551.0,66119.0,66203.0,1.46462893,1771847999999
1771848000000,66203.0,66439.0,65997.0,66136.0,1.3095071,1771855199999
1771855200000,66175.0,66250.0,65488.0,65718.0,5.77968237,1771862399999
1771862400000,65605.0,65674.0,64126.0,64749.0,5.12708755,1771869599999
1771869600000,64754.0,65029.0,64089.0,64279.0,7.19404959,1771876799999
1771876800000,64308.0,64751.0,63879.0,64571.0,3.66929873,1771883999999
1771884000000,64571.0,65000.0,64507.0,64602.0,2.79939277,1771891199999
1771891200000,64729.0,64970.0,63437.0,64141.0,3.84717478,1771898399999
1771898400000,64157.0,64383.0,63327.0,63537.0,3.8388681,1771905599999
1771905600000,63578.0,63578.0,62702.0,63027.0,3.9894749,1771912799999
1771912800000,62959.0,63337.0,62896.0,63160.0,2.38964406,1771919999999
1771920000000,63020.0,63421.0,62934.0,63230.0,4.11873454,1771927199999
1771927200000,63211.0,63291.0,63070.0,63228.0,1.98942424,1771934399999
1771934400000,63167.0,63308.0,62501.0,62956.0,2.8364266,1771941599999
1771941600000,62808.0,64000.0,62768.0,63980.0,3.96792115,1771948799999
1771948800000,64033.0,64506.0,63743.0,64240.0,4.16590997,1771955999999
1771956000000,64219.0,64729.0,63922.0,64450.0,2.3319929,1771963199999
1771963200000,64393.0,64577.0,63847.0,64092.0,1.59055287,1771970399999
1771970400000,64037.0,64206.0,63859.0,64081.0,1.91280609,1771977599999
1771977600000,64043.0,66303.0,63942.0,65940.0,5.97060873,1771984799999
1771984800000,65892.0,66272.0,65376.0,65413.0,5.83120717,1771991999999
1771992000000,65350.0,65649.0,64836.0,64846.0,2.91942292,1771999199999
1771999200000,64969.0,65195.0,64830.0,65021.0,1.88475767,1772006399999
1772006400000,64990.0,65663.0,64990.0,65545.0,2.51763259,1772013599999
1772013600000,65600.0,65639.0,65203.0,65382.0,1.56240292,1772020799999
1772020800000,65415.0,66659.0,65330.0,66262.0,7.46741305,1772027999999
1772028000000,66266.0,67570.0,66233.0,67400.0,6.84032894,1772035199999
1772035200000,67485.0,68872.0,67440.0,68617.0,5.79018062,1772042399999
1772042400000,68679.0,69545.0,68491.0,69060.0,4.97243024,1772049599999
1772049600000,69068.0,69947.0,68659.0,68953.0,4.39494589,1772056799999
1772056800000,68998.0,69104.0,67724.0,67947.0,2.50065504,1772063999999
1772064000000,67886.0,68665.0,67770.0,68261.0,5.87440479,1772071199999
1772071200000,68264.0,68356.0,67813.0,68230.0,4.91768638,1772078399999
1772078400000,68231.0,68856.0,68158.0,68450.0,12.11337957,1772085599999
1772085600000,68444.0,68529.0,67853.0,67861.0,12.07973304,1772092799999
1772092800000,67880.0,68604.0,67826.0,68586.0,4.00665874,1772099999999
1772100000000,68615.0,68684.0,67992.0,68036.0,0.89583008,1772107199999
1772107200000,68089.0,68299.0,67946.0,68042.0,3.03014269,1772114399999
1772114400000,67903.0,68250.0,66881.0,67381.0,17.43336606,1772121599999
1772121600000,67390.0,67456.0,66528.0,66819.0,4.2185092,1772128799999
1772128800000,66844.0,67824.0,66597.0,67596.0,3.10430095,1772135999999
1772136000000,67661.0,67842.0,67182.0,67494.0,1.13257044,1772143199999
1772143200000,67463.0,67642.0,67342.0,67455.0,0.3867419,1772150399999
1772150400000,67414.0,67489.0,66891.0,67360.0,1.84516696,1772157599999
1772157600000,67369.0,67693.0,67164.0,67693.0,1.0284279,1772164799999
1772164800000,67592.0,68154.0,67592.0,67707.0,2.17936315,1772171999999
1772172000000,67757.0,67764.0,67475.0,67722.0,1.27864872,1772179199999
1772179200000,67722.0,68055.0,67327.0,67327.0,1.40073821,1772186399999
1772186400000,67325.0,67387.0,65992.0,66117.0,6.81907419,1772193599999
1772193600000,66124.0,66311.0,65673.0,66270.0,3.83402858,1772200799999
1772200800000,66260.0,66314.0,65749.0,66275.0,3.6346463,1772207999999
1772208000000,66067.0,66096.0,65151.0,65750.0,4.14489502,1772215199999
1772215200000,65683.0,65781.0,65229.0,65400.0,2.02471881,1772222399999
1772222400000,65420.0,65734.0,65393.0,65478.0,1.91685451,1772229599999
1772229600000,65537.0,65935.0,64977.0,65863.0,3.76439207,1772236799999
1772236800000,65878.0,65959.0,65761.0,65813.0,1.80889047,1772243999999
1772244000000,65795.0,66005.0,65766.0,65805.0,1.09650975,1772251199999
1772251200000,65764.0,65780.0,65487.0,65564.0,0.4440526,1772258399999
1772258400000,65525.0,65531.0,63113.0,63834.0,5.55918609,1772265599999
1772265600000,63773.0,63935.0,63397.0,63681.0,3.83625927,1772272799999
1772272800000,63625.0,64289.0,63480.0,63857.0,5.50710884,1772279999999
1772280000000,63853.0,65142.0,63849.0,65142.0,0.88340053,1772287199999
1772287200000,65332.0,65366.0,64233.0,64806.0,1.45679219,1772294399999
1772294400000,64796.0,65497.0,64763.0,65435.0,2.0749044,1772301599999
1772301600000,65419.0,66582.0,65201.0,66378.0,2.19001628,1772308799999
1772308800000,66356.0,67114.0,66224.0,66746.0,4.21709592,1772315999999
1772316000000,66780.0,67643.0,66780.0,66970.0,1.36181534,1772323199999
1772323200000,67062.0,67616.0,66161.0,67350.0,1.96203904,1772330399999
1772330400000,67390.0,68170.0,67390.0,67456.0,5.30178691,1772337599999
1772337600000,67583.0,67583.0,67132.0,67323.0,1.09167031,1772344799999
1772344800000,67269.0,67269.0,66805.0,67117.0,1.70722022,1772351999999
1772352000000,67036.0,67289.0,66264.0,66406.0,2.20438901,1772359199999
1772359200000,66453.0,66583.0,66266.0,66463.0,1.12736669,1772366399999
1772366400000,66506.0,67329.0,66172.0,67037.0,1.38242665,1772373599999
1772373600000,67023.0,67235.0,66795.0,66965.0,5.83186969,1772380799999
1772380800000,66727.0,67060.0,65754.0,66007.0,2.49168126,1772387999999
1772388000000,66055.0,66645.0,65830.0,65941.0,2.31467211,1772395199999
1772395200000,65894.0,65894.0,65145.0,65735.0,1.5965343,1772402399999
1772402400000,65647.0,66394.0,65149.0,65765.0,5.25877124,1772409599999
1772409600000,65846.0,66978.0,65820.0,66535.0,1.92189463,1772416799999
1772416800000,66561.0,67019.0,65987.0,66824.0,1.54411731,1772423999999
1772424000000,66781.0,66984.0,66638.0,66870.0,2.12315084,1772431199999
1772431200000,66614.0,66625.0,65590.0,66007.0,1.43910324,1772438399999
1772438400000,65865.0,66708.0,65693.0,66208.0,2.83350601,1772445599999
1772445600000,66154.0,66439.0,66037.0,66314.0,2.47653242,1772452799999
1772452800000,66302.0,66395.0,65342.0,65435.0,2.99007666,1772459999999
1772460000000,65413.0,69609.0,65270.0,69050.0,12.40542576,1772467199999
1772467200000,69146.0,70100.0,68902.0,69200.0,5.94197138,1772474399999
1772474400000,69132.0,69280.0,68589.0,68964.0,3.50215289,1772481599999
1772481600000,68982.0,69521.0,68669.0,69456.0,2.5259634,1772488799999
1772488800000,69459.0,69509.0,68771.0,68825.0,1.46436398,1772495999999
1772496000000,68796.0,69246.0,68677.0,68786.0,2.05767835,1772503199999
1772503200000,68694.0,68694.0,68222.0,68374.0,1.4940699,1772510399999
1772510400000,68413.0,68564.0,67864.0,67976.0,2.09060294,1772517599999
1772517600000,67897.0,68296.0,67805.0,68211.0,1.33765011,1772524799999
1772524800000,68161.0,68287.0,66354.0,66632.0,2.80046926,1772531999999
1772532000000,66572.0,67146.0,66445.0,67023.0,1.46337522,1772539199999
1772539200000,67052.0,67930.0,66726.0,66902.0,4.31236383,1772546399999
1772546400000,66896.0,67769.0,66211.0,67602.0,12.25471962,1772553599999
1772553600000,67719.0,68931.0,67508.0,68286.0,3.16454003,1772560799999
1772560800000,68382.0,68891.0,68099.0,68533.0,5.32591268,1772567999999
1772568000000,68426.0,68484.0,67907.0,68041.0,2.10309806,1772575199999
1772575200000,68050.0,68799.0,68050.0,68319.0,1.36141062,1772582399999
1772582400000,68239.0,68731.0,67933.0,68402.0,1.24024811,1772589599999
1772589600000,68441.0,68441.0,67450.0,67715.0,1.57847728,1772596799999
1772596800000,67776.0,68329.0,67514.0,68329.0,1.30131945,1772603999999
1772604000000,68144.0,69651.0,68050.0,69527.0,3.99029566,1772611199999
1772611200000,69520.0,71902.0,69139.0,71504.0,5.18306656,1772618399999
1772618400000,71568.0,71819.0,70922.0,71157.0,2.90536569,1772625599999
1772625600000,71090.0,71654.0,70590.0,71447.0,1.705992,1772632799999
1772632800000,71547.0,73500.0,71321.0,73500.0,4.93261484,1772639999999
1772640000000,73500.0,73719.0,72614.0,73240.0,4.60564227,1772647199999
1772647200000,73240.0,74061.0,72970.0,73753.0,4.72807104,1772654399999
1772654400000,73738.0,73738.0,72945.0,73272.0,2.15162978,1772661599999
1772661600000,73380.0,73536.0,72335.0,72685.0,3.72875896,1772668799999
1772668800000,72718.0,73306.0,72438.0,72479.0,1.26619152,1772675999999
1772676000000,72648.0,72889.0,72368.0,72522.0,1.14660494,1772683199999
1772683200000,72477.0,73076.0,72294.0,72337.0,1.30357809,1772690399999
1772690400000,72382.0,72682.0,71840.0,72010.0,3.01185693,1772697599999
1772697600000,71944.0,72907.0,71828.0,72578.0,1.90625304,1772704799999
1772704800000,72596.0,73524.0,72578.0,72914.0,1.65470538,1772711999999
1772712000000,72917.0,73040.0,72336.0,72462.0,2.19590817,1772719199999
1772719200000,72486.0,72794.0,71185.0,71596.0,4.51942562,1772726399999
1772726400000,71599.0,71599.0,70684.0,70833.0,2.87307837,1772733599999
1772733600000,70700.0,71432.0,70700.0,70939.0,2.1872696,1772740799999
1772740800000,70948.0,71496.0,70865.0,71124.0,1.45982906,1772747999999
1772748000000,71191.0,71332.0,70833.0,70833.0,2.82657297,1772755199999
1772755200000,70886.0,71295.0,70457.0,71230.0,1.24182554,1772762399999
1772762400000,71220.0,71417.0,71073.0,71095.0,0.59653709,1772769599999
1772769600000,70989.0,71055.0,70151.0,70449.0,1.53575331,1772776799999
1772776800000,70427.0,71143.0,70272.0,71067.0,1.29031345,1772783999999
1772784000000,71048.0,71048.0,70337.0,70623.0,1.9752491,1772791199999
1772791200000,70676.0,70782.0,70200.0,70224.0,1.57853722,1772798399999
1772798400000,70200.0,70247.0,69249.0,69249.0,4.62865298,1772805599999
1772805600000,69141.0,69217.0,68200.0,68526.0,6.41223049,1772812799999
1772812800000,68527.0,68793.0,67855.0,67992.0,3.0738933,1772819999999
1772820000000,68096.0,68468.0,68001.0,68072.0,1.89212226,1772827199999
1772827200000,68193.0,68310.0,67823.0,68310.0,1.38800034,1772834399999
1772834400000,68364.0,68404.0,68111.0,68111.0,0.56408336,1772841599999
1772841600000,68139.0,68303.0,68139.0,68303.0,0.17176505,1772848799999
1772848800000,68239.0,68543.0,68070.0,68225.0,0.78310923,1772855999999
1772856000000,68058.0,68130.0,67877.0,68002.0,0.63525098,1772863199999
1772863200000,67966.0,67982.0,67486.0,67859.0,0.90459657,1772870399999
1772870400000,67802.0,68054.0,67778.0,68029.0,0.5143155,1772877599999
1772877600000,68021.0,68226.0,67878.0,68034.0,0.6106678,1772884799999
1772884800000,68025.0,68056.0,67875.0,67896.0,0.74772626,1772891999999
1772892000000,67902.0,68082.0,67631.0,67853.0,1.23078211,1772899199999
1772899200000,67827.0,67888.0,67755.0,67862.0,0.44121939,1772906399999
1772906400000,67600.0,67661.0,66930.0,67065.0,1.05803635,1772913599999
1772913600000,67148.0,67451.0,67148.0,67444.0,6.02693823,1772920799999
1772920800000,67444.0,67444.0,67189.0,67256.0,0.60099628,1772927999999
1772928000000,67308.0,67477.0,67072.0,67348.0,3.27798337,1772935199999
1772935200000,67258.0,67409.0,66884.0,67025.0,0.5642464,1772942399999
1772942400000,66947.0,67217.0,66555.0,67164.0,1.59805895,1772949599999
1772949600000,67174.0,67420.0,67090.0,67311.0,0.76851997,1772956799999
1772956800000,67284.0,67849.0,67181.0,67702.0,4.33177845,1772963999999
1772964000000,67819.0,68082.0,67409.0,67528.0,1.03616276,1772971199999
1772971200000,67510.0,67654.0,66835.0,67238.0,2.87144334,1772978399999
1772978400000,67239.0,67423.0,67085.0,67200.0,3.14503919,1772985599999
1772985600000,67215.0,67216.0,66804.0,67037.0,1.64050515,1772992799999
1772992800000,67078.0,67389.0,66766.0,67342.0,1.93072864,1772999999999
1773000000000,67299.0,67495.0,66731.0,66981.0,4.87519381,1773007199999
1773007200000,66997.0,66997.0,65623.0,65959.0,2.59152119,1773014399999
1773014400000,66018.0,66669.0,65874.0,66225.0,1.60235894,1773021599999
1773021600000,66207.0,67561.0,65971.0,67201.0,2.57333486,1773028799999
1773028800000,67246.0,68000.0,67116.0,68000.0,1.17408787,1773035999999
1773036000000,67888.0,67888.0,66914.0,67512.0,4.22245202,1773043199999
1773043200000,67527.0,68443.0,67384.0,67968.0,1.95654879,1773050399999
1773050400000,67877.0,67998.0,67354.0,67745.0,1.62723518,1773057599999
1773057600000,67765.0,69304.0,67762.0,69089.0,11.02498428,1773064799999
1773064800000,68957.0,69454.0,68746.0,69013.0,3.09753049,1773071999999
1773072000000,68873.0,69226.0,68311.0,68636.0,1.76314128,1773079199999
1773079200000,68572.0,69500.0,68239.0,68889.0,1.78817954,1773086399999
1773086400000,69049.0,69111.0,68696.0,69025.0,1.6080631,1773093599999
1773093600000,68952.0,68994.0,68420.0,68441.0,1.25328863,1773100799999
1773100800000,68466.0,69313.0,68440.0,69291.0,1.57242179,1773107999999
1773108000000,69326.0,70575.0,69124.0,69476.0,1.90524266,1773115199999
1773115200000,69546.0,70304.0,69531.0,69980.0,4.26092374,1773122399999
1773122400000,69900.0,70501.0,69787.0,70391.0,2.57392194,1773129599999
1773129600000,70440.0,71289.0,70440.0,70999.0,2.42610725,1773136799999
1773136800000,71012.0,71012.0,70548.0,70618.0,1.32883828,1773143999999
1773144000000,70579.0,70837.0,69737.0,69887.0,4.26610683,1773151199999
1773151200000,69911.0,71665.0,69301.0,71078.0,4.69487982,1773158399999
1773158400000,71398.0,71684.0,70565.0,70925.0,2.4029382,1773165599999
1773165600000,70869.0,70892.0,69784.0,70059.0,2.48959253,1773172799999
1773172800000,70030.0,70352.0,69567.0,69800.0,4.44040742,1773179999999
1773180000000,69855.0,69943.0,69466.0,69923.0,1.52095232,1773187199999
1773187200000,69944.0,70142.0,69800.0,70073.0,1.43046082,1773194399999
1773194400000,70061.0,70122.0,69519.0,69554.0,2.08491635,1773201599999
1773201600000,69539.0,70219.0,69420.0,69604.0,0.95299827,1773208799999
1773208800000,69532.0,70018.0,69532.0,69715.0,0.92186334,1773215999999
1773216000000,69692.0,69756.0,69440.0,69562.0,1.11111966,1773223199999
1773223200000,69468.0,69749.0,69184.0,69187.0,1.25957977,1773230399999
1773230400000,69205.0,71077.0,68994.0,70161.0,7.79166726,1773237599999
1773237600000,70285.0,70949.0,69700.0,70275.0,2.76399942,1773244799999
1773244800000,70200.0,71333.0,70200.0,70805.0,1.39171415,1773251999999
1773252000000,70806.0,70903.0,70458.0,70654.0,2.13115344,1773259199999
1773259200000,70520.0,70812.0,70435.0,70812.0,2.03357547,1773266399999
1773266400000,70758.0,70938.0,70106.0,70224.0,2.98005074,1773273599999
1773273600000,70218.0,70312.0,69776.0,69849.0,0.84408786,1773280799999
1773280800000,69798.0,69889.0,69263.0,69473.0,0.80961,1773287999999
1773288000000,69525.0,69671.0,69225.0,69452.0,0.47423854,1773295199999
1773295200000,69443.0,69885.0,69413.0,69825.0,0.7653309,1773302399999
1773302400000,69860.0,70404.0,69628.0,69966.0,6.38543395,1773309599999
1773309600000,69999.0,70798.0,69857.0,70453.0,6.36976128,1773316799999
1773316800000,70453.0,70610.0,69744.0,69918.0,2.88505076,1773323999999
1773324000000,70011.0,70583.0,69383.0,70303.0,3.18475466,1773331199999
1773331200000,70330.0,70522.0,69903.0,70228.0,8.46105927,1773338399999
1773338400000,70258.0,70543.0,69809.0,70526.0,2.23480675,1773345599999
1773345600000,70485.0,70569.0,70140.0,70289.0,0.85630757,1773352799999
1773352800000,70289.0,70750.0,70051.0,70524.0,1.31305418,1773359999999
1773360000000,70468.0,72035.0,70432.0,71650.0,1.7928621,1773367199999
1773367200000,71631.0,71631.0,70989.0,71304.0,1.4731732,1773374399999
1773374400000,71442.0,71618.0,71267.0,71556.0,1.91709668,1773381599999
1773381600000,71562.0,71650.0,71236.0,71650.0,1.34716631,1773388799999
1773388800000,71600.0,72162.0,71400.0,72030.0,2.45471663,1773395999999
1773396000000,72022.0,72589.0,72022.0,72233.0,2.98788259,1773403199999
1773403200000,72259.0,73605.0,72259.0,73537.0,4.55747734,1773410399999
1773410400000,73605.0,73917.0,71768.0,71837.0,3.61115254,1773417599999
1773417600000,71880.0,72228.0,70942.0,71028.0,3.86689901,1773424799999
1773424800000,71058.0,71324.0,70925.0,71262.0,1.42036655,1773431999999
1773432000000,71258.0,71474.0,71124.0,71169.0,0.85927564,1773439199999
1773439200000,71121.0,71121.0,70596.0,70960.0,2.95177147,1773446399999
1773446400000,70896.0,70935.0,70489.0,70863.0,0.93255903,1773453599999
1773453600000,70789.0,71147.0,70789.0,71124.0,0.32696048,1773460799999
1773460800000,71139.0,71283.0,70985.0,71016.0,0.41936813,1773467999999
1773468000000,70998.0,70998.0,70378.0,70587.0,2.6072175,1773475199999
1773475200000,70603.0,70737.0,70450.0,70530.0,0.73114122,1773482399999
1773482400000,70530.0,70791.0,70417.0,70731.0,0.42518946,1773489599999
1773489600000,70724.0,70912.0,70664.0,70884.0,0.50101242,1773496799999
1773496800000,70753.0,70786.0,70547.0,70636.0,1.0928658,1773503999999
1773504000000,70531.0,70752.0,70531.0,70630.0,0.38770498,1773511199999
1773511200000,70584.0,70727.0,70570.0,70727.0,0.33710197,1773518399999
1773518400000,70680.0,70864.0,70680.0,70832.0,6.16592984,1773525599999
1773525600000,70792.0,71224.0,70731.0,71219.0,0.88505754,1773532799999
1773532800000,71145.0,71188.0,70924.0,71031.0,0.54749996,1773539999999
1773540000000,71078.0,71576.0,71078.0,71332.0,0.54360428,1773547199999
1773547200000,71386.0,71501.0,71386.0,71501.0,0.06453321,1773554399999
1773554400000,71571.0,71665.0,71419.0,71460.0,0.32696295,1773561599999
1773561600000,71473.0,71900.0,71447.0,71835.0,3.43522711,1773568799999
1773568800000,71812.0,71898.0,71669.0,71854.0,0.58471472,1773575999999
1773576000000,71854.0,71854.0,71305.0,71524.0,0.80078104,1773583199999
1773583200000,71585.0,71632.0,71355.0,71499.0,2.68351193,1773590399999
1773590400000,71500.0,71989.0,71359.0,71989.0,0.86092155,1773597599999
1773597600000,71846.0,71846.0,71357.0,71533.0,1.01580837,1773604799999
1773604800000,71545.0,72227.0,71467.0,72147.0,0.95473453,1773611999999
1773612000000,72135.0,73177.0,71785.0,72626.0,2.27314566,1773619199999
1773619200000,72860.0,73020.0,72282.0,72699.0,1.4833607,1773626399999
1773626400000,72785.0,74298.0,72441.0,73599.0,2.45801865,1773633599999
1773633600000,73754.0,74456.0,73604.0,74219.0,3.13607922,1773640799999
1773640800000,74202.0,74202.0,73391.0,73487.0,1.87965554,1773647999999
1773648000000,73549.0,73746.0,72942.0,73239.0,4.76056482,1773655199999
1773655200000,73244.0,73820.0,73236.0,73590.0,1.63013843,1773662399999
1773662400000,73675.0,74500.0,73528.0,74110.0,2.69501776,1773669599999
1773669600000,74071.0,74428.0,73010.0,73301.0,2.95800912,1773676799999
1773676800000,73242.0,74065.0,73206.0,73958.0,2.26506732,1773683999999
1773684000000,73999.0,74400.0,73860.0,74032.0,1.54653934,1773691199999
1773691200000,73932.0,74796.0,73905.0,74430.0,5.77816834,1773698399999
1773698400000,74382.0,74902.0,74284.0,74862.0,2.23774544,1773705599999
1773705600000,74779.0,76110.0,74655.0,75629.0,3.88567349,1773712799999
1773712800000,75641.0,75641.0,74324.0,74522.0,1.7040862,1773719999999
1773720000000,74524.0,74650.0,73870.0,73870.0,1.01058071,1773727199999
1773727200000,74056.0,74458.0,73946.0,74274.0,1.87533974,1773734399999
1773734400000,74306.0,74460.0,73845.0,73914.0,2.13722791,1773741599999
1773741600000,73972.0,74223.0,73596.0,74166.0,1.84459715,1773748799999
1773748800000,74121.0,74184.0,73394.0,73606.0,2.24233046,1773755999999
1773756000000,73643.0,74891.0,73588.0,73966.0,2.43750348,1773763199999
1773763200000,73976.0,74608.0,73918.0,74608.0,1.25519418,1773770399999
1773770400000,74579.0,74850.0,74486.0,74499.0,4.30759937,1773777599999
1773777600000,74490.0,74822.0,74442.0,74714.0,0.92452922,1773784799999
1773784800000,74680.0,74714.0,73972.0,74077.0,0.97561555,1773791999999
1773792000000,73894.0,74215.0,73568.0,74103.0,1.33562657,1773799199999
1773799200000,74138.0,74680.0,74138.0,74509.0,0.59253769,1773806399999
1773806400000,74406.0,74425.0,73876.0,73969.0,1.16928986,1773813599999
1773813600000,74046.0,74172.0,73768.0,73887.0,1.30734516,1773820799999
1773820800000,73953.0,74190.0,73953.0,74190.0,0.64197748,1773827999999
1773828000000,74131.0,74250.0,72837.0,72969.0,1.44035945,1773835199999
1773835200000,72969.0,72978.0,71972.0,72117.0,3.46764825,1773842399999
1773842400000,72117.0,72203.0,70934.0,71490.0,6.59478595,1773849599999
1773849600000,71463.0,71740.0,71088.0,71615.0,2.09634139,1773856799999
1773856800000,71661.0,71979.0,71034.0,71139.0,1.9320653,1773863999999
1773864000000,71030.0,71403.0,70559.0,71346.0,2.31706992,1773871199999
1773871200000,71157.0,71359.0,70960.0,71277.0,0.75587789,1773878399999
1773878400000,71231.0,71296.0,70981.0,71163.0,1.16994492,1773885599999
1773885600000,71078.0,71604.0,70934.0,71254.0,0.7425442,1773892799999
1773892800000,71210.0,71210.0,70652.0,70787.0,1.72887592,1773899999999
1773900000000,70793.0,70941.0,69443.0,70208.0,2.37333294,1773907199999
1773907200000,70247.0,70550.0,69950.0,70493.0,4.05396022,1773914399999
1773914400000,70503.0,70511.0,69946.0,69946.0,1.33926266,1773921599999
1773921600000,69946.0,70062.0,69102.0,69890.0,4.25132574,1773928799999
1773928800000,69930.0,70149.0,68800.0,69441.0,3.97231217,1773935999999
1773936000000,69400.0,69920.0,69191.0,69920.0,0.64195296,1773943199999
1773943200000,69830.0,70583.0,69602.0,70249.0,1.28783998,1773950399999
1773950400000,70249.0,70619.0,70222.0,70434.0,2.33874202,1773957599999
1773957600000,70501.0,70501.0,69700.0,69930.0,2.86005568,1773964799999
1773964800000,69920.0,70527.0,69899.0,70458.0,1.87295409,1773971999999
1773972000000,70382.0,70773.0,70101.0,70692.0,0.84545476,1773979199999
1773979200000,70789.0,70911.0,70511.0,70593.0,0.62817174,1773986399999
1773986400000,70557.0,70884.0,70234.0,70855.0,1.18663627,1773993599999
1773993600000,70830.0,71302.0,70461.0,70533.0,1.1980101,1774000799999
1774000800000,70571.0,70794.0,70276.0,70350.0,4.09599927,1774007999999
1774008000000,70488.0,70670.0,69811.0,69818.0,1.43881407,1774015199999
1774015200000,69724.0,70239.0,69512.0,69856.0,2.27361153,1774022399999
1774022400000,69884.0,70088.0,69460.0,69914.0,1.32556938,1774029599999
1774029600000,69914.0,70132.0,69548.0,70132.0,1.22748091,1774036799999
1774036800000,70109.0,70690.0,69772.0,70512.0,2.84256553,1774043999999
1774044000000,70628.0,70897.0,70453.0,70510.0,0.543195,1774051199999
1774051200000,70509.0,70819.0,70488.0,70510.0,4.18905447,1774058399999
1774058400000,70453.0,70794.0,70448.0,70657.0,0.51673562,1774065599999
1774065600000,70758.0,70783.0,70599.0,70701.0,1.23043128,1774072799999
1774072800000,70720.0,70844.0,70689.0,70704.0,1.33000478,1774079999999
1774080000000,70720.0,70720.0,70493.0,70627.0,0.43896433,1774087199999
1774087200000,70626.0,70637.0,70568.0,70637.0,0.01444213,1774094399999
1774094400000,70710.0,70766.0,70708.0,70747.0,0.13989039,1774101599999
1774101600000,70747.0,71057.0,70570.0,70665.0,0.41091756,1774108799999
1774108800000,70543.0,70543.0,70221.0,70413.0,0.31311641,1774115999999
1774116000000,70315.0,70510.0,70315.0,70429.0,0.61853366,1774123199999
1774123200000,70379.0,70452.0,70310.0,70333.0,0.24601413,1774130399999
1774130400000,70342.0,70342.0,68625.0,68860.0,1.95171091,1774137599999
1774137600000,68859.0,69106.0,68326.0,68961.0,1.93671582,1774144799999
1774144800000,68986.0,69545.0,68956.0,69333.0,1.44637858,1774151999999
1774152000000,69358.0,69432.0,69143.0,69143.0,0.44650449,1774159199999
1774159200000,69143.0,69230.0,68927.0,68940.0,0.81927423,1774166399999
1774166400000,68899.0,68939.0,68569.0,68751.0,2.84184899,1774173599999
1774173600000,68743.0,68743.0,68166.0,68215.0,0.60979524,1774180799999
1774180800000,68239.0,68912.0,68211.0,68663.0,0.7401383,1774187999999
1774188000000,68737.0,68998.0,68568.0,68818.0,0.78309236,1774195199999
1774195200000,68750.0,68859.0,68667.0,68735.0,0.31965242,1774202399999
1774202400000,68637.0,68740.0,68125.0,68209.0,1.21863999,1774209599999
1774209600000,68209.0,68457.0,67395.0,67885.0,2.83601437,1774216799999
1774216800000,67763.0,68429.0,67657.0,67857.0,4.55497249,1774223999999
1774224000000,67911.0,68118.0,67464.0,67925.0,1.77236392,1774231199999
1774231200000,67962.0,68542.0,67960.0,68161.0,1.24315196,1774238399999
1774238400000,68078.0,68868.0,68031.0,68868.0,0.74284887,1774245599999
1774245600000,68865.0,68865.0,67526.0,68259.0,4.0338026,1774252799999
1774252800000,68330.0,68622.0,67954.0,68298.0,1.23961276,1774259999999
1774260000000,68375.0,71517.0,68342.0,70092.0,4.12567846,1774267199999
1774267200000,70158.0,71567.0,69711.0,71220.0,3.36344867,1774274399999
1774274400000,71504.0,71800.0,70136.0,70136.0,3.03940998,1774281599999
1774281600000,70211.0,71068.0,70176.0,71047.0,3.83527492,1774288799999
1774288800000,71090.0,71201.0,70677.0,70677.0,2.02708885,1774295999999
1774296000000,70715.0,70971.0,70601.0,70833.0,0.46561273,1774303199999
1774303200000,70872.0,70895.0,70437.0,70895.0,0.68411335,1774310399999
1774310400000,70976.0,70976.0,70266.0,70545.0,1.20136686,1774317599999
1774317600000,70447.0,70622.0,70395.0,70473.0,1.15961317,1774324799999
1774324800000,70535.0,70639.0,70138.0,70302.0,1.08374463,1774331999999
1774332000000,70253.0,71186.0,70253.0,71186.0,0.87709693,1774339199999
1774339200000,71142.0,71333.0,70887.0,71333.0,1.8295602,1774346399999
1774346400000,71284.0,71292.0,70962.0,71121.0,1.3458781,1774353599999
1774353600000,71044.0,71066.0,70011.0,70050.0,2.41764068,1774360799999
1774360800000,70155.0,70444.0,69538.0,69874.0,1.73974795,1774367999999
1774368000000,69900.0,69959.0,68915.0,69226.0,2.10858329,1774375199999
1774375200000,69217.0,69655.0,69169.0,69280.0,1.07548511,1774382399999
1774382400000,69344.0,70349.0,69253.0,70285.0,2.90270674,1774389599999
1774389600000,70217.0,70780.0,70128.0,70584.0,1.24140955,1774396799999
1774396800000,70506.0,70986.0,70438.0,70670.0,0.8868215,1774403999999
1774404000000,70668.0,70746.0,70401.0,70695.0,0.73824755,1774411199999
1774411200000,70691.0,71315.0,70691.0,71136.0,0.94428989,1774418399999
1774418400000,71019.0,71223.0,70920.0,70933.0,0.59508675,1774425599999
1774425600000,70870.0,71451.0,70815.0,71329.0,1.58471302,1774432799999
1774432800000,71376.0,71977.0,71359.0,71670.0,2.47936911,1774439999999
1774440000000,71690.0,71937.0,71174.0,71692.0,2.11810663,1774447199999
1774447200000,71537.0,71548.0,70601.0,70833.0,3.10289899,1774454399999
1774454400000,70865.0,71592.0,70717.0,70755.0,3.86439989,1774461599999
1774461600000,70792.0,71136.0,70741.0,70817.0,1.44884995,1774468799999
1774468800000,70846.0,71143.0,70679.0,71019.0,0.52758491,1774475999999
1774476000000,71057.0,71426.0,70997.0,71314.0,0.8043264,1774483199999
1774483200000,71326.0,71374.0,71149.0,71257.0,1.24129198,1774490399999
1774490400000,71151.0,71151.0,70672.0,70855.0,2.40260109,1774497599999
1774497600000,70855.0,70867.0,69990.0,69990.0,1.37998092,1774504799999
1774504800000,69952.0,70125.0,69795.0,70054.0,1.01080279,1774511999999
1774512000000,70036.0,70095.0,69395.0,69562.0,2.24544581,1774519199999
1774519200000,69574.0,69685.0,69175.0,69361.0,2.59365536,1774526399999
1774526400000,69254.0,69826.0,69187.0,69614.0,3.00681063,1774533599999
1774533600000,69637.0,69805.0,68577.0,69068.0,5.58370122,1774540799999
1774540800000,69040.0,69040.0,68366.0,68456.0,1.02024599,1774547999999
1774548000000,68486.0,68637.0,68166.0,68500.0,2.58380914,1774555199999
1774555200000,68492.0,69280.0,68422.0,68923.0,2.26185084,1774562399999
1774562400000,68959.0,68962.0,68614.0,68723.0,1.69312273,1774569599999
1774569600000,68748.0,68919.0,68519.0,68919.0,0.80255276,1774576799999
1774576800000,69067.0,69135.0,68672.0,68783.0,0.56542334,1774583999999
1774584000000,68734.0,68824.0,68267.0,68602.0,1.60368482,1774591199999
1774591200000,68575.0,68905.0,68482.0,68525.0,0.8153064,1774598399999
1774598400000,68482.0,68589.0,67546.0,67792.0,3.84345324,1774605599999
1774605600000,67649.0,67727.0,66250.0,66681.0,3.5565548,1774612799999
1774612800000,66688.0,66741.0,65996.0,66147.0,3.16614497,1774619999999
1774620000000,66108.0,66559.0,65747.0,66107.0,9.32569718,1774627199999
1774627200000,66004.0,66234.0,65597.0,65670.0,2.45306498,1774634399999
1774634400000,65649.0,66084.0,65546.0,66028.0,1.41679314,1774641599999
1774641600000,66025.0,66133.0,65850.0,66026.0,3.00065699,1774648799999
1774648800000,66022.0,66357.0,65947.0,66357.0,0.2015461,1774655999999
1774656000000,66356.0,66433.0,66046.0,66119.0,0.71624284,1774663199999
1774663200000,66152.0,66221.0,65919.0,66166.0,0.91922441,1774670399999
1774670400000,66166.0,66329.0,66101.0,66320.0,0.68807966,1774677599999
1774677600000,66366.0,66511.0,66288.0,66511.0,2.42846754,1774684799999
1774684800000,66482.0,66562.0,66219.0,66245.0,1.92122458,1774691999999
1774692000000,66281.0,66309.0,66125.0,66309.0,0.1708917,1774699199999
1774699200000,66329.0,67106.0,66227.0,66748.0,1.75537563,1774706399999
1774706400000,66742.0,67246.0,66691.0,66948.0,1.83788198,1774713599999
1774713600000,66936.0,67039.0,66670.0,66791.0,0.34206296,1774720799999
1774720800000,66835.0,66897.0,66806.0,66875.0,0.21253478,1774727999999
1774728000000,66875.0,66965.0,66581.0,66636.0,0.51578395,1774735199999
1774735200000,66646.0,66732.0,66248.0,66353.0,3.37270099,1774742399999
1774742400000,66318.0,66581.0,66272.0,66516.0,0.92061195,1774749599999
1774749600000,66566.0,67089.0,66562.0,66863.0,0.39410891,1774756799999
1774756800000,66836.0,66894.0,66573.0,66681.0,0.64520403,1774763999999
1774764000000,66737.0,66830.0,66623.0,66631.0,0.29431271,1774771199999
1774771200000,66634.0,66712.0,66534.0,66570.0,0.2616121,1774778399999
1774778400000,66523.0,66887.0,66334.0,66779.0,2.33813297,1774785599999
1774785600000,66746.0,66835.0,66508.0,66624.0,0.34400821,1774792799999
1774792800000,66547.0,66707.0,66309.0,66472.0,0.78134113,1774799999999
1774800000000,66409.0,66583.0,66144.0,66365.0,1.0251523,1774807199999
1774807200000,66291.0,66466.0,66291.0,66320.0,0.21838034,1774814399999
1774814400000,66407.0,66698.0,66391.0,66671.0,0.39180343,1774821599999
1774821600000,66582.0,66582.0,65000.0,66008.0,3.51842609,1774828799999
1774828800000,66029.0,66987.0,65790.0,66634.0,2.89648371,1774835999999
1774836000000,66619.0,67325.0,66572.0,67129.0,1.63440581,1774843199999
1774843200000,67173.0,67732.0,67173.0,67491.0,1.7010957,1774850399999
1774850400000,67494.0,67617.0,67258.0,67617.0,0.55314335,1774857599999
1774857600000,67608.0,67863.0,67497.0,67497.0,3.47215236,1774864799999
1774864800000,67384.0,67942.0,67342.0,67591.0,0.84944348,1774871999999
1774872000000,67633.0,68110.0,67443.0,67492.0,2.53068436,1774879199999
1774879200000,67517.0,67857.0,67054.0,67603.0,2.16370772,1774886399999
1774886400000,67433.0,67433.0,66609.0,66822.0,4.17439268,1774893599999
1774893600000,66821.0,66885.0,66229.0,66521.0,3.29748945,1774900799999
1774900800000,66517.0,66955.0,66517.0,66787.0,0.80471047,1774907999999
1774908000000,66810.0,66861.0,66443.0,66756.0,1.72226377,1774915199999
1774915200000,66771.0,68363.0,66555.0,68020.0,2.64247457,1774922399999
1774922400000,67914.0,68053.0,67613.0,67659.0,2.03193497,1774929599999
1774929600000,67712.0,67830.0,67373.0,67654.0,2.89323711,1774936799999
1774936800000,67659.0,67676.0,67071.0,67325.0,3.61516575,1774943999999
1774944000000,67331.0,67448.0,66000.0,66083.0,4.44032673,1774951199999
1774951200000,66109.0,66792.0,66109.0,66648.0,3.00187279,1774958399999
1774958400000,66653.0,67332.0,66489.0,67258.0,2.935723,1774965599999
1774965600000,67241.0,67762.0,66407.0,66734.0,5.21779356,1774972799999
1774972800000,66845.0,68564.0,66742.0,67423.0,2.62670726,1774979999999
1774980000000,67552.0,67987.0,67540.0,67832.0,2.55897532,1774987199999
1774987200000,67807.0,68372.0,67807.0,68217.0,2.90501644,1774994399999
1774994400000,68276.0,68319.0,67943.0,68264.0,0.98413652,1775001599999
1775001600000,68097.0,68316.0,67758.0,67758.0,1.50388548,1775008799999
1775008800000,67787.0,68196.0,67577.0,68103.0,2.13304463,1775015999999
1775016000000,68172.0,68686.0,68008.0,68434.0,1.78608698,1775023199999
1775023200000,68449.0,69272.0,68436.0,68667.0,5.99876338,1775030399999
1775030400000,68692.0,68799.0,68417.0,68681.0,0.83171953,1775037599999
1775037600000,68637.0,68707.0,68436.0,68707.0,0.85676284,1775044799999
1775044800000,68672.0,68737.0,67971.0,68094.0,2.84326845,1775051999999
1775052000000,68082.0,68936.0,68060.0,68918.0,3.56388535,1775059199999
1775059200000,68899.0,69112.0,68254.0,68365.0,1.22862828,1775066399999
1775066400000,68267.0,68279.0,67982.0,68164.0,5.68310347,1775073599999
1775073600000,68174.0,68485.0,68017.0,68373.0,2.1680414,1775080799999
1775080800000,68367.0,68367.0,68082.0,68086.0,0.82277563,1775087999999
1775088000000,68106.0,68653.0,67056.0,67374.0,3.07388247,1775095199999
1775095200000,67310.0,67310.0,66500.0,66586.0,2.49211736,1775102399999
1775102400000,66603.0,66641.0,66279.0,66579.0,1.96336036,1775109599999
1775109600000,66591.0,66890.0,66569.0,66890.0,0.43540373,1775116799999
1775116800000,66860.0,66860.0,66321.0,66404.0,4.11246169,1775123999999
1775124000000,66413.0,66476.0,66112.0,66226.0,1.64388011,1775131199999
1775131200000,66131.0,66255.0,65713.0,66255.0,3.4602635,1775138399999
1775138400000,66255.0,67002.0,66186.0,66833.0,6.05038246,1775145599999
1775145600000,66835.0,67411.0,66730.0,66822.0,1.80515833,1775152799999
1775152800000,66698.0,67098.0,66614.0,66972.0,1.86196187,1775159999999
1775160000000,66952.0,67045.0,66785.0,66926.0,0.87541657,1775167199999
1775167200000,66944.0,67028.0,66846.0,66877.0,3.58230558,1775174399999
1775174400000,66925.0,66968.0,66500.0,66580.0,0.51392408,1775181599999
1775181600000,66562.0,66663.0,66316.0,66599.0,0.52642703,1775188799999
1775188800000,66572.0,66782.0,66461.0,66530.0,1.1271303,1775195999999
1775196000000,66635.0,67207.0,66618.0,67050.0,1.30393016,1775203199999
1775203200000,67142.0,67282.0,66762.0,66875.0,0.91620968,1775210399999
1775210400000,66806.0,67034.0,66677.0,66979.0,0.51971431,1775217599999
1775217600000,67004.0,67200.0,66497.0,66651.0,1.61605959,1775224799999
1775224800000,66668.0,66960.0,66668.0,66859.0,0.23320718,1775231999999
1775232000000,66860.0,67035.0,66827.0,66838.0,0.31661262,1775239199999
1775239200000,66814.0,66893.0,66764.0,66826.0,0.32915399,1775246399999
1775246400000,66883.0,66973.0,66852.0,66973.0,0.30039364,1775253599999
1775253600000,66936.0,66951.0,66844.0,66844.0,0.30844497,1775260799999
1775260800000,66905.0,66905.0,66834.0,66834.0,0.05166188,1775267999999
1775268000000,66861.0,66886.0,66821.0,66847.0,0.20319055,1775275199999
1775275200000,66864.0,66872.0,66864.0,66872.0,0.016383,1775282399999
1775282400000,66958.0,67047.0,66958.0,67047.0,0.12095076,1775289599999
1775289600000,67034.0,67034.0,66946.0,66958.0,1.3290227,1775296799999
1775296800000,66988.0,67217.0,66940.0,67135.0,1.41469136,1775303999999
1775304000000,67099.0,67229.0,67062.0,67209.0,0.70872141,1775311199999
1775311200000,67205.0,67500.0,67060.0,67362.0,0.60241404,1775318399999
1775318400000,67390.0,67510.0,67305.0,67338.0,0.59302665,1775325599999
1775325600000,67301.0,67527.0,67278.0,67282.0,0.29908009,1775332799999
1775332800000,67290.0,67398.0,67243.0,67398.0,0.09091114,1775339999999
1775340000000,67399.0,67457.0,67348.0,67355.0,0.0973993,1775347199999
1775347200000,67268.0,67268.0,67110.0,67116.0,0.32640499,1775354399999
1775354400000,67035.0,67193.0,66963.0,67193.0,0.24576143,1775361599999
1775361600000,67088.0,67140.0,66899.0,66917.0,0.41077904,1775368799999
1775368800000,66923.0,66923.0,66688.0,66818.0,2.20314173,1775375999999
1775376000000,66829.0,67036.0,66827.0,67026.0,0.1581961,1775383199999
1775383200000,66984.0,67096.0,66968.0,66981.0,0.16522785,1775390399999
1775390400000,66952.0,66952.0,66700.0,66882.0,0.23975663,1775397599999
1775397600000,66877.0,67784.0,66824.0,67298.0,0.70936091,1775404799999
1775404800000,67321.0,67377.0,67180.0,67335.0,0.26556214,1775411999999
1775412000000,67304.0,67455.0,67278.0,67328.0,0.27938959,1775419199999
1775419200000,67393.0,67648.0,67393.0,67530.0,0.66609935,1775426399999
1775426400000,67530.0,69100.0,67395.0,68970.0,1.72909751,1775433599999
1775433600000,69064.0,69557.0,68794.0,68794.0,1.74298634,1775440799999
1775440800000,68917.0,69376.0,68861.0,69080.0,1.64358311,1775447999999
1775448000000,69109.0,69187.0,68996.0,69177.0,0.62113368,1775455199999
1775455200000,69189.0,69313.0,68825.0,68978.0,4.76734245,1775462399999
1775462400000,69173.0,70257.0,69117.0,69736.0,1.49263321,1775469599999
1775469600000,69762.0,69946.0,69627.0,69650.0,0.67381764,1775476799999
1775476800000,69587.0,69587.0,69238.0,69348.0,1.82688787,1775483999999
1775484000000,69370.0,69965.0,69200.0,69965.0,2.1366761,1775491199999
1775491200000,69938.0,70343.0,69311.0,69583.0,2.55009398,1775498399999
1775498400000,69577.0,69971.0,69491.0,69748.0,2.38884223,1775505599999
1775505600000,69750.0,70006.0,69452.0,69527.0,1.14693905,1775512799999
1775512800000,69518.0,69583.0,68360.0,68869.0,4.39716862,1775519999999
1775520000000,68885.0,69129.0,68402.0,68454.0,1.42269229,1775527199999
1775527200000,68403.0,68802.0,68313.0,68759.0,4.87245359,1775534399999
1775534400000,68743.0,68931.0,68581.0,68652.0,0.93938709,1775541599999
1775541600000,68617.0,68702.0,68494.0,68615.0,1.04284242,1775548799999
1775548800000,68615.0,69244.0,68615.0,69164.0,1.01002406,1775555999999
1775556000000,69144.0,69144.0,68100.0,68357.0,1.1826538,1775563199999
1775563200000,68321.0,68617.0,68162.0,68231.0,2.79907029,1775570399999
1775570400000,68136.0,68212.0,67775.0,68173.0,2.11229668,1775577599999
1775577600000,68156.0,68943.0,68112.0,68698.0,2.05740209,1775584799999
1775584800000,68720.0,69060.0,68378.0,69060.0,2.24369541,1775591999999
1775592000000,69034.0,70146.0,69034.0,69901.0,2.08325777,1775599199999
1775599200000,69926.0,72731.0,69926.0,71980.0,12.39421931,1775606399999
1775606400000,71938.0,72094.0,71469.0,71473.0,0.98883268,1775613599999
1775613600000,71516.0,71728.0,71254.0,71323.0,0.76537561,1775620799999
1775620800000,71360.0,71797.0,71360.0,71778.0,1.67718731,1775627999999
1775628000000,71705.0,71930.0,71582.0,71630.0,1.2169035,1775635199999
1775635200000,71625.0,71940.0,71566.0,71594.0,1.29218868,1775642399999
1775642400000,71759.0,71777.0,71429.0,71714.0,0.67557433,1775649599999
1775649600000,71722.0,72731.0,71518.0,71569.0,2.25359289,1775656799999
1775656800000,71628.0,71696.0,70799.0,71281.0,1.32569418,1775663999999
1775664000000,71382.0,71931.0,71273.0,71900.0,2.96210545,1775671199999
1775671200000,71868.0,71886.0,71072.0,71313.0,1.24266785,1775678399999
1775678400000,71346.0,71709.0,71337.0,71652.0,0.38943294,1775685599999
1775685600000,71566.0,71566.0,70930.0,71134.0,1.78546924,1775692799999
1775692800000,71029.0,71116.0,70499.0,70938.0,1.85800283,1775699999999
1775700000000,70960.0,71192.0,70871.0,71046.0,1.415407,1775707199999
1775707200000,70962.0,71099.0,70734.0,70963.0,0.70049734,1775714399999
1775714400000,71037.0,71100.0,70850.0,70949.0,1.60579652,1775721599999
1775721600000,71000.0,71573.0,70923.0,71539.0,1.98757809,1775728799999
1775728800000,71431.0,71496.0,71081.0,71203.0,2.55900049,1775735999999
1775736000000,71192.0,71348.0,70666.0,70840.0,3.69076516,1775743199999
1775743200000,70768.0,72374.0,70560.0,72090.0,1.60416208,1775750399999
1775750400000,72190.0,72564.0,71760.0,72365.0,3.26919273,1775757599999
1775757600000,72382.0,72382.0,71772.0,72105.0,1.65244412,1775764799999
1775764800000,72118.0,72645.0,72035.0,72257.0,3.00529032,1775771999999
1775772000000,72274.0,73104.0,71634.0,71806.0,2.86091095,1775779199999
1775779200000,71863.0,72352.0,71641.0,72172.0,2.6342793,1775786399999
1775786400000,72221.0,72282.0,71845.0,71871.0,1.32786926,1775793599999
1775793600000,71891.0,72238.0,71859.0,72157.0,0.70728098,1775800799999
1775800800000,72084.0,72174.0,71462.0,71485.0,2.18644941,1775807999999
1775808000000,71509.0,71851.0,71444.0,71802.0,0.76971451,1775815199999
1775815200000,71740.0,72267.0,71740.0,72158.0,0.73616424,1775822399999
1775822400000,72144.0,72444.0,71948.0,72366.0,1.02721627,1775829599999
1775829600000,72311.0,73317.0,72311.0,72485.0,3.04665805,1775836799999
1775836800000,72477.0,73103.0,72476.0,73096.0,1.48439743,1775843999999
1775844000000,73156.0,73277.0,72942.0,73253.0,2.15883452,1775851199999
1775851200000,73239.0,73452.0,72975.0,73230.0,1.35799111,1775858399999
1775858400000,73243.0,73243.0,72808.0,72993.0,0.73646392,1775865599999
1775865600000,72936.0,73009.0,72734.0,73009.0,0.23981373,1775872799999
1775872800000,72955.0,73081.0,72954.0,72957.0,0.31461505,1775879999999
1775880000000,72851.0,72941.0,72725.0,72808.0,0.55815637,1775887199999
1775887200000,72678.0,72848.0,72678.0,72848.0,0.14740516,1775894399999
1775894400000,72781.0,72932.0,72672.0,72920.0,0.20060144,1775901599999
1775901600000,72848.0,72927.0,72848.0,72858.0,0.11520172,1775908799999
1775908800000,72968.0,73002.0,72643.0,72732.0,0.93068522,1775915999999
1775916000000,72727.0,72916.0,72646.0,72908.0,0.24105146,1775923199999
1775923200000,72883.0,73216.0,72856.0,73169.0,0.51475945,1775930399999
1775930400000,73232.0,73830.0,73226.0,73659.0,1.58109091,1775937599999
1775937600000,73651.0,73651.0,73247.0,73462.0,0.99421154,1775944799999
1775944800000,73454.0,73595.0,73002.0,73076.0,0.87902001,1775951999999
1775952000000,73025.0,73111.0,71397.0,71688.0,1.07476286,1775959199999
1775959200000,71630.0,71955.0,71510.0,71657.0,0.92205758,1775966399999
1775966400000,71601.0,71779.0,71498.0,71734.0,0.68916577,1775973599999
1775973600000,71793.0,71793.0,71680.0,71746.0,0.13434992,1775980799999
1775980800000,71716.0,71820.0,71549.0,71549.0,0.8038341,1775987999999
1775988000000,71594.0,71709.0,71403.0,71491.0,0.93050203,1775995199999
1775995200000,71483.0,71497.0,70906.0,70906.0,1.94725822,1776002399999
1776002400000,70906.0,71086.0,70662.0,70909.0,0.71211249,1776009599999
1776009600000,70930.0,71163.0,70860.0,71163.0,0.69867763,1776016799999
1776016800000,71169.0,71208.0,71112.0,71128.0,0.12657174,1776023999999
1776024000000,71118.0,71447.0,70987.0,71389.0,0.51220669,1776031199999
1776031200000,71200.0,71200.0,70532.0,70751.0,2.47533152,1776038399999
1776038400000,70737.0,71277.0,70737.0,71223.0,0.70774036,1776045599999
1776045600000,71119.0,71265.0,70961.0,70961.0,0.61424654,1776052799999
1776052800000,71033.0,71116.0,70764.0,70874.0,0.84600831,1776059999999
1776060000000,71038.0,71092.0,70754.0,70821.0,0.17597318,1776067199999
1776067200000,70781.0,70931.0,70595.0,70820.0,4.14322098,1776074399999
1776074400000,70851.0,70955.0,70722.0,70955.0,2.70737865,1776081599999
1776081600000,70904.0,71648.0,70830.0,71648.0,2.30000093,1776088799999
1776088800000,71715.0,72500.0,71490.0,71888.0,2.36643751,1776095999999
1776096000000,71943.0,72617.0,71795.0,72170.0,2.01251521,1776103199999
1776103200000,72160.0,73542.0,72126.0,73387.0,2.94638292,1776110399999
1776110400000,73392.0,73415.0,73080.0,73265.0,6.48555519,1776117599999
1776117600000,73223.0,74900.0,73223.0,74467.0,4.35862243,1776124799999
1776124800000,74474.0,74489.0,74048.0,74436.0,1.25386939,1776131999999
1776132000000,74436.0,74611.0,74355.0,74456.0,0.71393994,1776139199999
1776139200000,74488.0,74530.0,74278.0,74278.0,0.39419367,1776146399999
1776146400000,74254.0,74950.0,74254.0,74575.0,0.58394006,1776153599999
1776153600000,74555.0,74935.0,74466.0,74473.0,2.41337769,1776160799999
1776160800000,74525.0,74630.0,74382.0,74447.0,0.81011349,1776167999999
1776168000000,74431.0,75581.0,74315.0,75581.0,4.54023429,1776175199999
1776175200000,75604.0,76077.0,74670.0,75354.0,2.48380438,1776182399999
1776182400000,75385.0,75697.0,74355.0,74807.0,1.48790739,1776189599999
1776189600000,74821.0,74856.0,73816.0,74280.0,3.81258605,1776196799999
1776196800000,74284.0,74457.0,74029.0,74286.0,1.5902002,1776203999999
1776204000000,74264.0,74378.0,73928.0,74205.0,0.94128735,1776211199999
1776211200000,74272.0,74827.0,74272.0,74656.0,1.18370415,1776218399999
1776218400000,74665.0,74704.0,74241.0,74373.0,0.8021673,1776225599999
1776225600000,74411.0,74465.0,73922.0,74064.0,1.21857402,1776232799999
1776232800000,73997.0,74030.0,73585.0,73778.0,0.93846988,1776239999999
1776240000000,73751.0,74231.0,73751.0,74071.0,2.137974,1776247199999
1776247200000,74052.0,74310.0,73866.0,74207.0,0.5638393,1776254399999
1776254400000,74168.0,74493.0,73845.0,73984.0,1.17336932,1776261599999
1776261600000,74078.0,74494.0,73670.0,73846.0,1.75992683,1776268799999
1776268800000,73878.0,74250.0,73878.0,74132.0,1.13942651,1776275999999
1776276000000,74165.0,75309.0,74165.0,75032.0,0.96972899,1776283199999
1776283200000,75049.0,75049.0,74573.0,74769.0,0.96819064,1776290399999
1776290400000,74804.0,75373.0,74713.0,74717.0,0.94210559,1776297599999
1776297600000,74788.0,74873.0,74503.0,74670.0,1.06638689,1776304799999
1776304800000,74696.0,75249.0,74662.0,74944.0,0.81553227,1776311999999
1776312000000,74923.0,75097.0,74778.0,75067.0,0.40016987,1776319199999
1776319200000,75111.0,75111.0,74795.0,74795.0,0.44468754,1776326399999
1776326400000,74651.0,74904.0,74524.0,74691.0,0.42880362,1776333599999
1776333600000,74619.0,74619.0,74313.0,74544.0,0.99526917,1776340799999
1776340800000,74649.0,74978.0,73330.0,73802.0,2.4944982,1776347999999
1776348000000,73700.0,74805.0,73528.0,74805.0,1.2659338,1776355199999
1776355200000,74799.0,74889.0,74042.0,74351.0,1.75461773,1776362399999
1776362400000,74450.0,75398.0,74276.0,75374.0,2.49716681,1776369599999
1776369600000,75467.0,75500.0,74868.0,74935.0,0.82167959,1776376799999
1776376800000,75011.0,75168.0,74884.0,75123.0,0.58033413,1776383999999
1776384000000,75171.0,75171.0,74634.0,74726.0,1.16866391,1776391199999
1776391200000,74767.0,74859.0,74536.0,74673.0,0.45669482,1776398399999
1776398400000,74672.0,74853.0,74624.0,74739.0,0.56057584,1776405599999
1776405600000,74725.0,75084.0,74701.0,75043.0,0.3527756,1776412799999
1776412800000,75092.0,76370.0,75025.0,75761.0,3.19154448,1776419999999
1776420000000,75725.0,75834.0,75169.0,75636.0,1.3034926,1776427199999
1776427200000,75685.0,77405.0,75685.0,77405.0,3.09359672,1776434399999
1776434400000,77480.0,78084.0,77081.0,77829.0,5.35731851,1776441599999
1776441600000,77842.0,78387.0,77210.0,77655.0,3.30639704,1776448799999
1776448800000,77596.0,77596.0,77052.0,77451.0,1.13557262,1776455999999
1776456000000,77445.0,77608.0,77223.0,77526.0,2.90096589,1776463199999
1776463200000,77482.0,77535.0,76988.0,77094.0,0.72245837,1776470399999
1776470400000,77157.0,77328.0,77093.0,77232.0,0.55775809,1776477599999
1776477600000,77180.0,77447.0,77028.0,77043.0,0.38732113,1776484799999
1776484800000,77001.0,77277.0,76870.0,77161.0,2.92048671,1776491999999
1776492000000,77168.0,77214.0,76970.0,76988.0,0.5554235,1776499199999
1776499200000,77061.0,77061.0,76460.0,76665.0,0.83512548,1776506399999
1776506400000,76512.0,76512.0,75847.0,76109.0,0.93795302,1776513599999
1776513600000,76113.0,76327.0,75934.0,76172.0,0.93185851,1776520799999
1776520800000,76186.0,76362.0,76045.0,76222.0,1.65750978,1776527999999
1776528000000,76170.0,76235.0,75766.0,75930.0,1.89510689,1776535199999
1776535200000,75785.0,75860.0,75486.0,75684.0,2.20634258,1776542399999
1776542400000,75666.0,75852.0,75666.0,75732.0,0.36109326,1776549599999
1776549600000,75792.0,75878.0,75665.0,75769.0,0.20038071,1776556799999
1776556800000,75819.0,75855.0,75520.0,75667.0,0.36978972,1776563999999
1776564000000,75645.0,75755.0,75446.0,75677.0,0.6150256,1776571199999
1776571200000,75558.0,75773.0,75495.0,75694.0,0.97017879,1776578399999
1776578400000,75537.0,75546.0,74950.0,75316.0,2.60707228,1776585599999
1776585600000,75292.0,75338.0,75034.0,75040.0,0.92687818,1776592799999
1776592800000,74986.0,78152.0,74986.0,75643.0,2.23803641,1776599999999
1776600000000,75661.0,76201.0,75491.0,75944.0,1.5896434,1776607199999
1776607200000,75975.0,76180.0,75500.0,75868.0,2.49433551,1776614399999
1776614400000,75868.0,75877.0,74700.0,74850.0,4.66654518,1776621599999
1776621600000,74839.0,75107.0,74670.0,74937.0,1.38834241,1776628799999
1776628800000,74929.0,74929.0,74439.0,74512.0,0.83605588,1776635999999
1776636000000,74458.0,74458.0,73821.0,73951.0,3.44289299,1776643199999
1776643200000,73827.0,74768.0,73827.0,74739.0,0.95635654,1776650399999
1776650400000,74641.0,74672.0,74423.0,74672.0,0.79360691,1776657599999
1776657600000,74631.0,74631.0,74160.0,74310.0,0.89945639,1776664799999
1776664800000,74357.0,75574.0,74310.0,74862.0,1.16402633,1776671999999
1776672000000,74875.0,75186.0,74723.0,75075.0,0.84176494,1776679199999
1776679200000,75150.0,75454.0,75046.0,75231.0,0.76569691,1776686399999
1776686400000,75155.0,75649.0,75037.0,75170.0,0.54678055,1776693599999
1776693600000,75169.0,75772.0,74768.0,75719.0,1.64624163,1776700799999
1776700800000,75638.0,75945.0,75359.0,75945.0,1.17232508,1776707999999
1776708000000,75998.0,76518.0,75998.0,76345.0,1.33468623,1776715199999
1776715200000,76288.0,76601.0,75893.0,75993.0,0.54412453,1776722399999
1776722400000,76020.0,76130.0,75652.0,75874.0,0.72813494,1776729599999
1776729600000,75881.0,76236.0,75754.0,75950.0,0.69212695,1776736799999
1776736800000,75838.0,75838.0,75571.0,75726.0,0.71113191,1776743999999
1776744000000,75788.0,75993.0,75711.0,75866.0,0.65837758,1776751199999
1776751200000,75797.0,76300.0,75794.0,76289.0,1.02954319,1776758399999
1776758400000,76198.0,76937.0,76198.0,76410.0,0.9776756,1776765599999
1776765600000,76476.0,76876.0,76332.0,76501.0,0.84256247,1776772799999
1776772800000,76530.0,76555.0,75773.0,75917.0,2.08536273,1776779999999
1776780000000,75935.0,76584.0,75517.0,75838.0,1.76464568,1776787199999
1776787200000,75887.0,76206.0,75156.0,75595.0,2.80320048,1776794399999
1776794400000,75598.0,75906.0,74911.0,75063.0,2.23243453,1776801599999
1776801600000,75065.0,75858.0,75044.0,75577.0,1.67705569,1776808799999
1776808800000,75570.0,76413.0,75364.0,76377.0,0.62896959,1776815999999
1776816000000,76396.0,76532.0,76143.0,76286.0,1.04986036,1776823199999
1776823200000,76291.0,77730.0,76291.0,77574.0,1.41083076,1776830399999
1776830400000,77582.0,78450.0,77422.0,78184.0,1.70792175,1776837599999
1776837600000,77993.0,78117.0,77864.0,78029.0,1.32128268,1776844799999
1776844800000,78029.0,78185.0,77985.0,78137.0,0.41952517,1776851999999
1776852000000,78064.0,78419.0,77977.0,78291.0,1.76031298,1776859199999
1776859200000,78359.0,78883.0,78189.0,78883.0,2.8243277,1776866399999
1776866400000,78888.0,79461.0,78780.0,79401.0,2.69992287,1776873599999
1776873600000,79320.0,79500.0,78695.0,78972.0,4.79040073,1776880799999
1776880800000,79015.0,79197.0,78785.0,78984.0,2.40101025,1776887999999
1776888000000,78909.0,78924.0,78460.0,78850.0,0.88359753,1776895199999
1776895200000,78870.0,78870.0,78214.0,78214.0,0.47646181,1776902399999
1776902400000,78264.0,78607.0,77703.0,78374.0,1.13129086,1776909599999
1776909600000,78278.0,78278.0,77507.0,77693.0,2.28045479,1776916799999
1776916800000,77743.0,78088.0,77743.0,78036.0,4.38501812,1776923999999
1776924000000,78128.0,78358.0,78028.0,78070.0,0.81479324,1776931199999
1776931200000,78089.0,78089.0,77505.0,77683.0,0.58304867,1776938399999
1776938400000,77698.0,77760.0,77211.0,77760.0,2.09334797,1776945599999
1776945600000,77766.0,77919.0,77465.0,77570.0,1.13488024,1776952799999
1776952800000,77473.0,78701.0,77473.0,78408.0,2.36333976,1776959999999
1776960000000,78453.0,78466.0,76992.0,77631.0,2.33008504,1776967199999
1776967200000,77882.0,78152.0,77667.0,77840.0,1.89395262,1776974399999
1776974400000,77736.0,78084.0,77698.0,78019.0,0.49305248,1776981599999
1776981600000,78081.0,78326.0,78081.0,78218.0,0.37014211,1776988799999
1776988800000,78338.0,78488.0,78028.0,78439.0,0.90444865,1776995999999
1776996000000,78557.0,78557.0,77632.0,77662.0,0.71757397,1777003199999
1777003200000,77731.0,78050.0,77494.0,78008.0,0.59632985,1777010399999
1777010400000,78021.0,78021.0,77681.0,77715.0,0.81093491,1777017599999
1777017600000,77687.0,77946.0,77400.0,77589.0,0.50235468,1777024799999
1777024800000,77526.0,78391.0,77504.0,78298.0,1.30657795,1777031999999
1777032000000,78265.0,78499.0,78031.0,78038.0,1.64069733,1777039199999
1777039200000,77997.0,78107.0,77643.0,78070.0,1.18430341,1777046399999
1777046400000,78057.0,78064.0,77556.0,77725.0,0.81982996,1777053599999
1777053600000,77720.0,77727.0,77461.0,77624.0,0.28190303,1777060799999
1777060800000,77592.0,77764.0,77553.0,77617.0,0.57675458,1777067999999
1777068000000,77553.0,77640.0,77306.0,77463.0,0.3454229,1777075199999
1777075200000,77485.0,77625.0,77376.0,77599.0,0.35663465,1777082399999
1777082400000,77566.0,77712.0,77566.0,77694.0,0.12207605,1777089599999
1777089600000,77708.0,77708.0,77523.0,77544.0,0.1131886,1777096799999
1777096800000,77588.0,77604.0,77528.0,77555.0,0.09523687,1777103999999
1777104000000,77538.0,77700.0,77538.0,77637.0,0.05245828,1777111199999
1777111200000,77768.0,77887.0,77768.0,77777.0,0.45288877,1777118399999
1777118400000,77697.0,77735.0,77594.0,77695.0,0.07567154,1777125599999
1777125600000,77753.0,77753.0,77347.0,77363.0,0.22363293,1777132799999
1777132800000,77347.0,77461.0,77222.0,77434.0,0.19839519,1777139999999
1777140000000,77384.0,77396.0,77334.0,77345.0,0.05932131,1777147199999
1777147200000,77394.0,77554.0,77394.0,77527.0,0.07243324,1777154399999
1777154400000,77552.0,77636.0,77552.0,77588.0,0.19541216,1777161599999
1777161600000,77646.0,77680.0,77534.0,77582.0,0.2367791,1777168799999
1777168800000,77567.0,77567.0,77567.0,77567.0,0.0122786,1777175999999
1777176000000,77741.0,78159.0,77741.0,78073.0,1.01944892,1777183199999
1777183200000,78057.0,78140.0,77968.0,78140.0,0.05798586,1777190399999
1777190400000,78062.0,78069.0,77973.0,77973.0,0.03502521,1777197599999
1777197600000,78032.0,78169.0,78012.0,78149.0,0.8579639,1777204799999
1777204800000,78142.0,78142.0,77825.0,77996.0,0.25309738,1777211999999
1777212000000,77922.0,78173.0,77922.0,78067.0,0.5195199,1777219199999
1777219200000,78072.0,78072.0,77912.0,78041.0,1.03724006,1777226399999
1777226400000,78028.0,78521.0,78028.0,78261.0,1.42165829,1777233599999
1777233600000,78275.0,78940.0,77932.0,78436.0,1.09986994,1777240799999
1777240800000,78426.0,78880.0,78002.0,78721.0,0.98868661,1777247999999
1777248000000,78825.0,79509.0,78471.0,79248.0,1.40962114,1777255199999
1777255200000,79198.0,79326.0,79077.0,79236.0,0.78285995,1777262399999
1777262400000,79045.0,79045.0,77639.0,77854.0,1.34254027,1777269599999
1777269600000,77822.0,77852.0,77544.0,77717.0,0.54415312,1777276799999
1777276800000,77645.0,77941.0,77617.0,77935.0,0.18272732,1777283999999
1777284000000,77903.0,77957.0,77759.0,77890.0,0.31574053,1777291199999
1777291200000,77842.0,77842.0,77602.0,77772.0,0.80643126,1777298399999
1777298400000,77802.0,78245.0,76559.0,76805.0,1.65545037,1777305599999
1777305600000,76758.0,76922.0,76610.0,76733.0,2.37240663,1777312799999
1777312800000,76734.0,76886.0,76500.0,76611.0,0.51959461,1777319999999
1777320000000,76870.0,77043.0,76773.0,76773.0,1.13127279,1777327199999
1777327200000,76836.0,77415.0,76798.0,77410.0,0.82062739,1777334399999
1777334400000,77312.0,77462.0,77097.0,77097.0,0.72816649,1777341599999
1777341600000,77085.0,77205.0,76716.0,76803.0,2.50960745,1777348799999
1777348800000,76817.0,77138.0,76710.0,76920.0,3.62900118,1777355999999
1777356000000,76903.0,77014.0,76461.0,76872.0,1.23907012,1777363199999
1777363200000,76896.0,76973.0,76538.0,76654.0,1.47293861,1777370399999
1777370400000,76609.0,76616.0,76190.0,76230.0,0.96455443,1777377599999
1777377600000,76217.0,76410.0,76000.0,76074.0,2.29804956,1777384799999
1777384800000,76081.0,76150.0,75680.0,76056.0,1.12023615,1777391999999
1777392000000,76041.0,76269.0,75906.0,76198.0,0.53576493,1777399199999
1777399200000,76171.0,76388.0,76111.0,76340.0,0.65913471,1777406399999
1777406400000,76375.0,76416.0,76343.0,76359.0,0.26611985,1777413599999
1777413600000,76373.0,76397.0,76210.0,76289.0,0.21591348,1777420799999
1777420800000,76337.0,76638.0,76193.0,76557.0,0.45344042,1777427999999
1777428000000,76629.0,77094.0,76425.0,76972.0,0.81317133,1777435199999
1777435200000,76907.0,77350.0,76907.0,77282.0,1.8175835,1777442399999
1777442400000,77300.0,77317.0,76957.0,77168.0,1.67768382,1777449599999
1777449600000,77074.0,77791.0,76979.0,77635.0,0.74241748,1777456799999
1777456800000,77685.0,77861.0,77512.0,77627.0,1.08840913,1777463999999
1777464000000,77573.0,77573.0,76412.0,76831.0,6.34246183,1777471199999
1777471200000,76740.0,76849.0,75803.0,75837.0,1.34675847,1777478399999
1777478400000,75841.0,76140.0,75638.0,76140.0,1.89322888,1777485599999
1777485600000,76161.0,76207.0,74940.0,75524.0,1.81633758,1777492799999
1777492800000,75553.0,76057.0,75506.0,75987.0,1.41266809,1777499999999
1777500000000,75846.0,75962.0,75705.0,75827.0,1.15230345,1777507199999
1777507200000,75798.0,76443.0,75657.0,76222.0,0.95006674,1777514399999
1777514400000,76225.0,76312.0,75464.0,75916.0,1.01445679,1777521599999
1777521600000,75881.0,75881.0,75316.0,75664.0,0.75229563,1777528799999
1777528800000,75575.0,76156.0,75575.0,76109.0,0.29759779,1777535999999
1777536000000,76155.0,76280.0,76000.0,76132.0,0.34799708,1777543199999
1777543200000,76121.0,76168.0,75935.0,76024.0,0.18319507,1777550399999
1777550400000,76099.0,76628.0,76099.0,76550.0,1.14407652,1777557599999
1777557600000,76413.0,76624.0,76139.0,76495.0,0.83331056,1777564799999
1777564800000,76410.0,76446.0,76134.0,76234.0,0.33040203,1777571999999
1777572000000,76301.0,76503.0,76220.0,76421.0,1.57433393,1777579199999
1777579200000,76396.0,76540.0,76247.0,76247.0,1.20965015,1777586399999
1777586400000,76201.0,76428.0,76200.0,76336.0,0.22638019,1777593599999
1777593600000,76347.0,76729.0,76347.0,76729.0,1.22658213,1777600799999
1777600800000,76675.0,77372.0,76594.0,77149.0,1.08802247,1777607999999
1777608000000,77122.0,77164.0,76910.0,77136.0,1.76861801,1777615199999
1777615200000,77136.0,77179.0,76900.0,77118.0,2.69577799,1777622399999
1777622400000,77059.0,77491.0,77059.0,77235.0,0.59513716,1777629599999
1777629600000,77215.0,77583.0,77148.0,77348.0,0.80244466,1777636799999
1777636800000,77464.0,78907.0,77442.0,78722.0,2.8693074,1777643999999
1777644000000,78753.0,78865.0,78151.0,78447.0,1.80374864,1777651199999
1777651200000,78411.0,78535.0,78221.0,78535.0,0.47862506,1777658399999
1777658400000,78512.0,78603.0,78349.0,78384.0,0.91190895,1777665599999
1777665600000,78373.0,78378.0,77720.0,78194.0,1.14450062,1777672799999
1777672800000,78295.0,78398.0,78053.0,78189.0,0.47959262,1777679999999
1777680000000,78287.0,78390.0,78173.0,78390.0,0.46341878,1777687199999
1777687200000,78365.0,78514.0,78291.0,78409.0,0.19062194,1777694399999
1777694400000,78441.0,78443.0,78062.0,78210.0,1.03193102,1777701599999
1777701600000,78208.0,78364.0,78160.0,78219.0,0.38245014,1777708799999
1777708800000,78198.0,78364.0,78198.0,78316.0,0.15204245,1777715999999
1777716000000,78281.0,78281.0,78094.0,78113.0,0.20645749,1777723199999
1777723200000,78080.0,78414.0,78080.0,78307.0,0.2335829,1777730399999
1777730400000,78326.0,78497.0,78326.0,78497.0,0.31382766,1777737599999
1777737600000,78451.0,78509.0,78400.0,78400.0,0.12095745,1777744799999
1777744800000,78367.0,78499.0,78367.0,78463.0,0.07376144,1777751999999
1777752000000,78488.0,79148.0,78488.0,78751.0,1.323082,1777759199999
1777759200000,78790.0,78790.0,78645.0,78658.0,0.51897264,1777766399999
1777766400000,78561.0,78676.0,78196.0,78266.0,1.0403545,1777773599999
1777773600000,78284.0,78298.0,78100.0,78153.0,0.63424334,1777780799999
1777780800000,78130.0,78254.0,78130.0,78207.0,0.11121411,1777787999999
1777788000000,78207.0,78417.0,78135.0,78397.0,0.23766931,1777795199999
1777795200000,78383.0,78569.0,78383.0,78536.0,0.18051632,1777802399999
1777802400000,78437.0,78823.0,78437.0,78700.0,0.24382011,1777809599999
1777809600000,78690.0,78858.0,78557.0,78626.0,0.25218251,1777816799999
1777816800000,78698.0,78766.0,78634.0,78644.0,0.29807043,1777823999999
1777824000000,78612.0,78805.0,78612.0,78805.0,0.10891097,1777831199999
1777831200000,78689.0,78730.0,78679.0,78730.0,0.1363471,1777838399999
1777838400000,78760.0,79280.0,78699.0,78713.0,0.4895809,1777845599999
1777845600000,78897.0,79376.0,78494.0,78541.0,0.78818905,1777852799999
1777852800000,78482.0,79900.0,78317.0,79458.0,3.59737118,1777859999999
1777860000000,79827.0,80400.0,79586.0,80308.0,6.24067786,1777867199999
1777867200000,80355.0,80616.0,79977.0,80027.0,2.1555384,1777874399999
1777874400000,79990.0,79990.0,79673.0,79785.0,0.85259253,1777881599999
1777881600000,79686.0,79931.0,79664.0,79931.0,0.99299171,1777888799999
1777888800000,79857.0,79857.0,78269.0,78851.0,1.84789527,1777895999999
1777896000000,78809.0,79170.0,78611.0,78814.0,0.9984707,1777903199999
1777903200000,78777.0,80564.0,78527.0,80132.0,3.70506796,1777910399999
1777910400000,80014.0,80716.0,79661.0,80448.0,1.73783939,1777917599999
1777917600000,80418.0,80418.0,79894.0,79993.0,0.85812548,1777924799999
1777924800000,80042.0,80369.0,79899.0,80369.0,0.45059209,1777931999999
1777932000000,80239.0,80364.0,79777.0,79838.0,0.44615755,1777939199999
1777939200000,79823.0,80290.0,79823.0,80273.0,0.37942378,1777946399999
1777946400000,80390.0,81078.0,80385.0,80864.0,1.54615614,1777953599999
1777953600000,80868.0,81284.0,80736.0,81016.0,0.93627483,1777960799999
1777960800000,80974.0,81134.0,80832.0,80924.0,1.04278417,1777967999999
1777968000000,80885.0,80885.0,80543.0,80579.0,0.72372639,1777975199999
1777975200000,80558.0,81073.0,80558.0,81026.0,1.51270973,1777982399999
1777982400000,81021.0,81722.0,80992.0,81212.0,4.52831981,1777989599999
1777989600000,81367.0,81675.0,81047.0,81575.0,1.01359757,1777996799999
1777996800000,81621.0,81622.0,81090.0,81301.0,0.79440602,1778003999999
1778004000000,81303.0,81688.0,81303.0,81656.0,1.1249976,1778011199999
1778011200000,81632.0,81778.0,81311.0,81425.0,1.17997443,1778018399999
1778018400000,81444.0,81555.0,80785.0,80939.0,0.88074937,1778025599999
1778025600000,80906.0,81500.0,80736.0,81433.0,0.61431327,1778032799999
1778032800000,81388.0,81656.0,81164.0,81656.0,0.25364028,1778039999999
1778040000000,81593.0,81597.0,81051.0,81256.0,0.61588564,1778047199999
1778047200000,81335.0,81583.0,81275.0,81377.0,0.30967442,1778054399999
1778054400000,81466.0,82031.0,81466.0,82000.0,2.94337585,1778061599999
1778061600000,81995.0,82784.0,81988.0,82518.0,3.10531154,1778068799999
1778068800000,82498.0,82498.0,81606.0,81684.0,1.62988706,1778075999999
1778076000000,81662.0,81965.0,81153.0,81690.0,1.29624678,1778083199999
1778083200000,81729.0,81883.0,81404.0,81465.0,1.12590321,1778090399999
1778090400000,81458.0,81490.0,81201.0,81490.0,0.45899906,1778097599999
1778097600000,81549.0,81664.0,81325.0,81596.0,0.60174283,1778104799999
1778104800000,81455.0,81455.0,81047.0,81370.0,0.27275423,1778111999999
1778112000000,81471.0,81480.0,80869.0,81203.0,0.42466692,1778119199999
1778119200000,81155.0,81155.0,80878.0,80889.0,5.16563208,1778126399999
1778126400000,80872.0,81168.0,80750.0,81059.0,2.25829283,1778133599999
1778133600000,81018.0,81614.0,80900.0,81484.0,0.64549662,1778140799999
1778140800000,81472.0,81547.0,80842.0,80972.0,0.67706271,1778147999999
1778148000000,80995.0,81006.0,80578.0,80865.0,0.96413563,1778155199999
1778155200000,80912.0,81120.0,80243.0,80561.0,0.86658251,1778162399999
1778162400000,80484.0,80696.0,79777.0,79970.0,2.12598197,1778169599999
1778169600000,79909.0,80070.0,79444.0,80070.0,1.12900837,1778176799999
1778176800000,80170.0,80269.0,79969.0,80128.0,1.48322636,1778183999999
1778184000000,80162.0,80320.0,79700.0,79764.0,1.63397823,1778191199999
1778191200000,79758.0,80039.0,79632.0,80039.0,0.54164187,1778198399999
1778198400000,79998.0,80097.0,79643.0,79760.0,0.25971475,1778205599999
1778205600000,79600.0,79663.0,79121.0,79571.0,0.90769585,1778212799999
1778212800000,79580.0,79734.0,79580.0,79661.0,0.74431053,1778219999999
1778220000000,79492.0,79694.0,79306.0,79691.0,0.50919133,1778227199999
1778227200000,79699.0,80031.0,79699.0,79815.0,0.52395097,1778234399999
1778234400000,79920.0,80324.0,79810.0,80182.0,0.54698613,1778241599999
1778241600000,80267.0,80314.0,79575.0,79618.0,1.38891668,1778248799999
1778248800000,79866.0,80324.0,79667.0,80130.0,0.7847607,1778255999999
1778256000000,80047.0,80271.0,79753.0,80246.0,1.82792964,1778263199999
1778263200000,80116.0,80270.0,80020.0,80136.0,0.62125888,1778270399999
1778270400000,80240.0,80261.0,80112.0,80242.0,0.31898993,1778277599999
1778277600000,80344.0,80413.0,80180.0,80180.0,0.26284153,1778284799999
1778284800000,80186.0,80417.0,80154.0,80417.0,0.26267151,1778291999999
1778292000000,80380.0,80511.0,80377.0,80377.0,0.22194708,1778299199999
1778299200000,80425.0,80609.0,80362.0,80447.0,0.44734213,1778306399999
1778306400000,80428.0,80428.0,80169.0,80223.0,0.45812486,1778313599999
1778313600000,80258.0,80455.0,80223.0,80226.0,0.77256028,1778320799999
1778320800000,80205.0,80371.0,80195.0,80371.0,0.58834276,1778327999999
1778328000000,80374.0,80413.0,80360.0,80399.0,0.13311767,1778335199999
1778335200000,80408.0,80549.0,80274.0,80517.0,1.41410792,1778342399999
1778342400000,80542.0,80888.0,80513.0,80775.0,0.88789093,1778349599999
1778349600000,80853.0,81069.0,80822.0,80933.0,0.66760355,1778356799999
1778356800000,80819.0,80879.0,80759.0,80759.0,0.12301828,1778363999999
1778364000000,80779.0,80796.0,80649.0,80693.0,0.31468303,1778371199999
1778371200000,80680.0,80748.0,80576.0,80683.0,0.49503628,1778378399999
1778378400000,80651.0,80872.0,80597.0,80800.0,0.31259676,1778385599999
1778385600000,80779.0,80846.0,80698.0,80698.0,0.45983746,1778392799999
1778392800000,80716.0,80777.0,80653.0,80741.0,0.24137363,1778399999999
1778400000000,80727.0,80886.0,80718.0,80758.0,0.57363971,1778407199999
1778407200000,80780.0,80913.0,80750.0,80850.0,0.25448449,1778414399999
1778414400000,80837.0,80992.0,80834.0,80992.0,0.03762275,1778421599999
1778421600000,80977.0,81435.0,80862.0,81405.0,1.53812237,1778428799999
1778428800000,81435.0,81555.0,81197.0,81446.0,0.31445976,1778435999999
1778436000000,81434.0,81437.0,81152.0,81368.0,0.24675908,1778443199999
1778443200000,81444.0,81444.0,80342.0,80735.0,1.24890294,1778450399999
1778450400000,80696.0,82454.0,80696.0,82196.0,3.86294403,1778457599999
1778457600000,82194.0,82295.0,81293.0,81492.0,6.54255333,1778464799999
1778464800000,81495.0,81539.0,80537.0,80720.0,1.70689359,1778471999999
1778472000000,80692.0,80962.0,80662.0,80836.0,6.13226056,1778479199999
1778479200000,80796.0,81013.0,80664.0,80732.0,3.97786952,1778486399999
1778486400000,80732.0,80973.0,80641.0,80954.0,3.32049597,1778493599999
1778493600000,80999.0,81191.0,80884.0,81166.0,4.442792,1778500799999
1778500800000,81203.0,81315.0,80753.0,81056.0,3.84253994,1778507999999
1778508000000,81050.0,81422.0,80703.0,81420.0,1.24762579,1778515199999
1778515200000,81406.0,82027.0,81318.0,81923.0,2.63589968,1778522399999
1778522400000,81921.0,82095.0,81772.0,81969.0,1.09631803,1778529599999
1778529600000,81933.0,81968.0,81647.0,81831.0,0.50406985,1778536799999
1778536800000,81921.0,81921.0,81625.0,81774.0,0.36325243,1778543999999
1778544000000,81702.0,81723.0,80840.0,81204.0,1.0460038,1778551199999
1778551200000,81232.0,81310.0,81002.0,81032.0,1.19614897,1778558399999
1778558400000,81026.0,81264.0,80986.0,81244.0,2.73674282,1778565599999
1778565600000,81227.0,81275.0,80886.0,80939.0,0.96291379,1778572799999
1778572800000,80872.0,80936.0,80701.0,80815.0,0.42404952,1778579999999
1778580000000,80817.0,80817.0,80500.0,80680.0,0.54080118,1778587199999
1778587200000,80780.0,80993.0,80456.0,80456.0,0.59996029,1778594399999
1778594400000,80441.0,80842.0,80211.0,80372.0,1.65981844,1778601599999
1778601600000,80195.0,80525.0,79845.0,80525.0,1.63996111,1778608799999
1778608800000,80468.0,80870.0,80458.0,80817.0,1.6192307,1778615999999
1778616000000,80820.0,80857.0,80508.0,80569.0,1.17895649,1778623199999
1778623200000,80589.0,80707.0,80491.0,80491.0,0.26134112,1778630399999
1778630400000,80468.0,81187.0,80438.0,81187.0,0.32269974,1778637599999
1778637600000,81038.0,81261.0,81038.0,81240.0,0.28597568,1778644799999
1778644800000,81170.0,81244.0,80999.0,81011.0,0.46891279,1778651999999
1778652000000,81118.0,81120.0,80894.0,80935.0,0.11751389,1778659199999
1778659200000,81016.0,81283.0,80969.0,81247.0,1.28837058,1778666399999
1778666400000,81236.0,81265.0,80575.0,80639.0,1.02458687,1778673599999
1778673600000,80484.0,80517.0,79608.0,79630.0,1.52125256,1778680799999
1778680800000,79550.0,79865.0,78796.0,78796.0,4.87737447,1778687999999
1778688000000,78830.0,79521.0,78746.0,79513.0,3.5912482,1778695199999
1778695200000,79563.0,79760.0,79416.0,79606.0,1.40743412,1778702399999
1778702400000,79688.0,79734.0,79408.0,79408.0,0.2446652,1778709599999
1778709600000,79413.0,79436.0,79255.0,79255.0,0.11907771,1778716799999
1778716800000,79340.0,79653.0,79340.0,79509.0,0.57082059,1778723999999
1778724000000,79612.0,79612.0,78934.0,78955.0,0.74873894,1778731199999
1778731200000,79030.0,79900.0,78978.0,79900.0,0.6497937,1778738399999
1778738400000,79831.0,79920.0,79693.0,79737.0,0.79897109,1778745599999
1778745600000,79659.0,79881.0,79562.0,79562.0,0.51730673,1778752799999
1778752800000,79557.0,79732.0,79246.0,79271.0,2.60344042,1778759999999
1778760000000,79228.0,80034.0,79228.0,79941.0,1.50739896,1778767199999
1778767200000,79774.0,81328.0,79582.0,81328.0,2.22874712,1778774399999
1778774400000,81343.0,82075.0,81094.0,81726.0,9.48941356,1778781599999
1778781600000,81700.0,81963.0,81362.0,81405.0,1.2544415,1778788799999
1778788800000,81464.0,81558.0,81165.0,81395.0,1.13893491,1778795999999
1778796000000,81385.0,81561.0,81072.0,81076.0,1.47851034,1778803199999
1778803200000,81094.0,81616.0,81074.0,81259.0,1.00889458,1778810399999
1778810400000,81117.0,81288.0,80820.0,81088.0,1.25996907,1778817599999
1778817600000,81060.0,81071.0,80376.0,80567.0,1.30296642,1778824799999
1778824800000,80323.0,80919.0,80309.0,80820.0,1.37500914,1778831999999
1778832000000,80829.0,80845.0,80403.0,80498.0,1.90283693,1778839199999
1778839200000,80460.0,80749.0,80433.0,80658.0,0.984796,1778846399999
1778846400000,80505.0,80570.0,78691.0,78741.0,3.88885984,1778853599999
1778853600000,78749.0,79373.0,78651.0,79133.0,3.34910303,1778860799999
1778860800000,79149.0,79472.0,79126.0,79447.0,4.81316463,1778867999999
1778868000000,79466.0,79588.0,79071.0,79107.0,1.28213734,1778875199999
1778875200000,79101.0,79145.0,78933.0,78933.0,0.45442865,1778882399999
1778882400000,78990.0,79128.0,78990.0,79055.0,0.81495201,1778889599999
1778889600000,79080.0,79167.0,79020.0,79154.0,0.38341624,1778896799999
1778896800000,79112.0,79182.0,79061.0,79118.0,1.00130861,1778903999999
1778904000000,79071.0,79075.0,78935.0,78999.0,0.79662929,1778911199999
1778911200000,78961.0,78961.0,78018.0,78351.0,1.26039107,1778918399999
1778918400000,78374.0,78500.0,77882.0,78069.0,2.00398373,1778925599999
1778925600000,78055.0,78124.0,77649.0,78095.0,2.9905552,1778932799999
1778932800000,77994.0,78086.0,77904.0,77967.0,0.45789045,1778939999999
1778940000000,77925.0,78324.0,77925.0,78211.0,0.78523083,1778947199999
1778947200000,78174.0,78418.0,78125.0,78202.0,2.18223958,1778954399999
1778954400000,78203.0,78313.0,78172.0,78245.0,0.17950789,1778961599999
1778961600000,78250.0,78261.0,78216.0,78242.0,0.08032155,1778968799999
1778968800000,78225.0,78245.0,78148.0,78171.0,0.63294074,1778975999999
1778976000000,78172.0,78225.0,77823.0,77823.0,1.94046996,1778983199999
1778983200000,77877.0,78059.0,77858.0,78059.0,0.17376612,1778990399999
1778990400000,78076.0,78288.0,78066.0,78181.0,0.2016057,1778997599999
1778997600000,78181.0,78181.0,78029.0,78155.0,0.12191538,1779004799999
1779004800000,78057.0,78270.0,78039.0,78270.0,0.43114534,1779011999999
1779012000000,78267.0,78579.0,78267.0,78397.0,1.9991213,1779019199999
1779019200000,78468.0,78520.0,78272.0,78272.0,0.22247095,1779026399999
1779026400000,78064.0,78070.0,77854.0,78028.0,1.92718501,1779033599999
1779033600000,78057.0,78132.0,77889.0,78042.0,0.43224542,1779040799999
1779040800000,78139.0,78394.0,77999.0,78394.0,0.24097663,1779047999999
1779048000000,78304.0,78450.0,78213.0,78396.0,1.10337522,1779055199999
1779055200000,78264.0,78283.0,76404.0,77436.0,2.75273273,1779062399999
1779062400000,77389.0,77389.0,76801.0,77011.0,2.10854713,1779069599999
1779069600000,77099.0,77181.0,76725.0,76964.0,0.66545986,1779076799999
1779076800000,76938.0,77046.0,76803.0,76893.0,0.34986667,1779083999999
1779084000000,76914.0,77046.0,76536.0,77046.0,0.53117474,1779091199999
1779091200000,77064.0,77104.0,76874.0,76874.0,0.38590308,1779098399999
1779098400000,76770.0,77343.0,76677.0,77343.0,0.4878539,1779105599999
1779105600000,77398.0,77700.0,76711.0,76882.0,1.17826616,1779112799999
1779112800000,76851.0,76851.0,76024.0,76360.0,1.8219032,1779119999999
1779120000000,76231.0,76724.0,76214.0,76646.0,1.11363392,1779127199999
1779127200000,76646.0,76935.0,76161.0,76846.0,0.89600078,1779134399999
1779134400000,76902.0,77132.0,76786.0,77052.0,0.73168001,1779141599999
1779141600000,77043.0,77147.0,76898.0,76927.0,0.48316483,1779148799999
1779148800000,76984.0,77319.0,76640.0,76640.0,0.73977025,1779155999999
1779156000000,76670.0,76860.0,76500.0,76767.0,0.31549626,1779163199999
1779163200000,76715.0,76942.0,76651.0,76866.0,2.54257908,1779170399999
1779170400000,76857.0,77218.0,76857.0,77218.0,0.72193651,1779177599999
1779177600000,77165.0,77235.0,76681.0,76790.0,0.68102432,1779184799999
1779184800000,76825.0,77023.0,76612.0,76712.0,0.46796559,1779191999999
1779192000000,76660.0,76976.0,76549.0,76938.0,0.4281928,1779199199999
1779199200000,76758.0,76926.0,76100.0,76467.0,1.73863193,1779206399999
1779206400000,76493.0,76835.0,76376.0,76768.0,0.55358431,1779213599999
1779213600000,76800.0,77000.0,76700.0,76829.0,0.30520059,1779220799999
1779220800000,76795.0,76974.0,76795.0,76943.0,1.50426937,1779227999999
1779228000000,76759.0,76896.0,76628.0,76766.0,0.36070397,1779235199999
1779235200000,76645.0,76838.0,76488.0,76641.0,1.32422238,1779242399999
1779242400000,76795.0,76826.0,76571.0,76700.0,0.42207088,1779249599999
1779249600000,76720.0,77279.0,76703.0,77279.0,0.43681953,1779256799999
1779256800000,77161.0,77367.0,77132.0,77330.0,0.77011653,1779263999999
1779264000000,77210.0,77544.0,77210.0,77424.0,0.25642837,1779271199999
1779271200000,77453.0,77595.0,77313.0,77354.0,0.22399055,1779278399999
1779278400000,77354.0,77592.0,76996.0,77096.0,1.13458833,1779285599999
1779285600000,77150.0,77862.0,76881.0,77412.0,1.13836302,1779292799999
1779292800000,77404.0,77644.0,76995.0,77505.0,1.54382751,1779299999999
1779300000000,77466.0,77647.0,77301.0,77647.0,0.91012775,1779307199999
1779307200000,77588.0,77693.0,77495.0,77495.0,0.77176226,1779314399999
1779314400000,77374.0,77450.0,77196.0,77450.0,0.27705004,1779321599999
1779321600000,77530.0,78079.0,77512.0,77822.0,0.97145282,1779328799999
1779328800000,77826.0,78040.0,77815.0,78040.0,0.3730387,1779335999999
1779336000000,78076.0,78111.0,77682.0,77746.0,0.61456692,1779343199999
1779343200000,77738.0,77796.0,77456.0,77795.0,0.43150376,1779350399999
1779350400000,77842.0,78122.0,77603.0,77636.0,0.3834047,1779357599999
1779357600000,77610.0,77610.0,77119.0,77155.0,0.99171136,1779364799999
1779364800000,77153.0,77291.0,76712.0,77017.0,1.33016162,1779371999999
1779372000000,77162.0,77279.0,76817.0,77210.0,0.90144855,1779379199999
1779379200000,77232.0,78000.0,76961.0,77887.0,4.41910623,1779386399999
1779386400000,77800.0,77800.0,77232.0,77687.0,5.00278901,1779393599999
1779393600000,77636.0,77752.0,77595.0,77616.0,4.46586385,1779400799999
1779400800000,77616.0,77693.0,77513.0,77593.0,4.54900588,1779407999999
1779408000000,77588.0,77605.0,77268.0,77552.0,3.03424045,1779415199999
1779415200000,77627.0,77746.0,77551.0,77715.0,0.46057174,1779422399999
1779422400000,77804.0,77826.0,77502.0,77518.0,0.67709596,1779429599999
1779429600000,77425.0,77475.0,77292.0,77401.0,0.3308838,1779436799999
1779436800000,77330.0,77355.0,77156.0,77247.0,0.71327495,1779443999999
1779444000000,77228.0,77311.0,77138.0,77311.0,0.49222965,1779451199999
1779451200000,77358.0,77490.0,77098.0,77199.0,1.01639946,1779458399999
1779458400000,77202.0,77202.0,76550.0,76755.0,1.69555159,1779465599999
1779465600000,76721.0,76927.0,76721.0,76735.0,0.71681877,1779472799999
1779472800000,76708.0,76791.0,75644.0,75805.0,3.20448419,1779479999999
1779480000000,75801.0,76024.0,75761.0,75915.0,3.25290036,1779487199999
1779487200000,75909.0,75910.0,75327.0,75477.0,6.67370812,1779494399999
1779494400000,75470.0,75552.0,75157.0,75414.0,1.73607166,1779501599999
1779501600000,75437.0,75593.0,75355.0,75561.0,0.60791634,1779508799999
1779508800000,75562.0,75584.0,75407.0,75426.0,0.52736987,1779515999999
1779516000000,75411.0,75433.0,74023.0,74505.0,6.19970571,1779523199999
1779523200000,74578.0,74692.0,74323.0,74672.0,2.60089966,1779530399999
1779530400000,74667.0,74812.0,74659.0,74759.0,1.07737892,1779537599999
1779537600000,74710.0,75187.0,74622.0,75173.0,0.78525895,1779544799999
1779544800000,75119.0,75588.0,75073.0,75440.0,1.11380404,1779551999999
1779552000000,75512.0,75515.0,75338.0,75453.0,0.78378552,1779559199999
1779559200000,75422.0,75938.0,75422.0,75910.0,2.91632211,1779566399999
1779566400000,75918.0,77327.0,75887.0,76703.0,3.96289074,1779573599999
1779573600000,76740.0,76799.0,76354.0,76687.0,2.16058951,1779580799999
1779580800000,76706.0,76841.0,76549.0,76800.0,1.25433678,1779587999999
1779588000000,76830.0,76926.0,76634.0,76715.0,1.48257137,1779595199999
1779595200000,76710.0,76771.0,76585.0,76744.0,1.43293999,1779602399999
1779602400000,76758.0,76976.0,76644.0,76725.0,1.01482567,1779609599999
1779609600000,76737.0,76959.0,76651.0,76951.0,1.10263799,1779616799999
1779616800000,76946.0,77360.0,76859.0,77247.0,1.31026397,1779623999999
1779624000000,77183.0,77183.0,76659.0,76667.0,1.60868837,1779631199999
1779631200000,76734.0,76734.0,76185.0,76330.0,1.54314721,1779638399999
1779638400000,76314.0,76703.0,76313.0,76631.0,1.25157707,1779645599999
1779645600000,76634.0,76708.0,76524.0,76651.0,0.73441374,1779652799999
1779652800000,76642.0,76646.0,76059.0,76072.0,1.36303418,1779659999999
1779660000000,76160.0,77104.0,76121.0,77070.0,1.3628692,1779667199999
1779667200000,77044.0,77137.0,77037.0,77080.0,0.72265231,1779674399999
1779674400000,76970.0,77360.0,76955.0,76969.0,0.18380412,1779681599999
1779681600000,76948.0,77393.0,76948.0,77384.0,0.49253539,1779688799999
1779688800000,77333.0,77587.0,77147.0,77307.0,3.29828174,1779695999999
1779696000000,77339.0,77629.0,77253.0,77568.0,0.69019017,1779703199999
1779703200000,77512.0,77596.0,77288.0,77288.0,0.52424056,1779710399999
1779710400000,77303.0,77397.0,77251.0,77292.0,0.30773683,1779717599999
1779717600000,77355.0,77837.0,77355.0,77603.0,0.86948959,1779724799999
1779724800000,77562.0,77733.0,77543.0,77545.0,0.25177265,1779731999999
1779732000000,77569.0,77569.0,77302.0,77398.0,0.53123095,1779739199999
1779739200000,77401.0,77431.0,77196.0,77320.0,0.75017528,1779746399999
1779746400000,77286.0,77366.0,77018.0,77278.0,0.85692939,1779753599999
1779753600000,77286.0,77289.0,76559.0,76708.0,1.18974163,1779760799999
1779760800000,76696.0,76711.0,76432.0,76591.0,0.7647517,1779767999999
1779768000000,76600.0,76922.0,76566.0,76850.0,0.29682202,1779775199999
1779775200000,76802.0,76927.0,76582.0,76592.0,0.21007353,1779782399999
1779782400000,76665.0,76743.0,76603.0,76603.0,0.47562198,1779789599999
1779789600000,76583.0,77523.0,76527.0,77131.0,1.55494881,1779796799999
1779796800000,77131.0,77325.0,76701.0,77180.0,1.44628273,1779803999999
1779804000000,77184.0,78000.0,76167.0,76270.0,2.44903046,1779811199999
1779811200000,76403.0,76554.0,75793.0,75872.0,2.96012786,1779818399999
1779818400000,75828.0,76170.0,75699.0,75938.0,0.82779442,1779825599999
1779825600000,75982.0,76061.0,75817.0,75817.0,0.99098039,1779832799999
1779832800000,75825.0,75910.0,75608.0,75816.0,0.9023228,1779839999999
1779840000000,75862.0,75935.0,75746.0,75787.0,0.54931608,1779847199999
1779847200000,75803.0,75871.0,75555.0,75568.0,1.29906441,1779854399999
1779854400000,75606.0,75642.0,75240.0,75642.0,2.62472657,1779861599999
1779861600000,75665.0,75883.0,75615.0,75825.0,0.70542088,1779868799999
1779868800000,75899.0,75968.0,75629.0,75802.0,1.46788046,1779875999999
1779876000000,75799.0,75955.0,75750.0,75769.0,1.1733099,1779883199999
1779883200000,75666.0,76020.0,74782.0,74941.0,1.60474208,1779890399999
1779890400000,74998.0,75399.0,74673.0,75221.0,1.92332324,1779897599999
1779897600000,75266.0,75266.0,74600.0,74714.0,1.37524262,1779904799999
1779904800000,74794.0,74972.0,74642.0,74894.0,0.51394345,1779911999999
1779912000000,74990.0,75271.0,74269.0,74387.0,1.55897421,1779919199999
1779919200000,74389.0,74669.0,74186.0,74378.0,1.80798196,1779926399999
1779926400000,74349.0,74485.0,74085.0,74229.0,2.30758391,1779933599999
1779933600000,74217.0,74281.0,73000.0,73211.0,3.13104879,1779940799999
1779940800000,73113.0,73149.0,72731.0,72886.0,5.37808684,1779947999999
1779948000000,72893.0,73373.0,72724.0,73373.0,0.92599077,1779955199999
1779955200000,73325.0,73462.0,73131.0,73445.0,0.84278929,1779962399999
1779962400000,73415.0,73502.0,73277.0,73339.0,1.14213493,1779969599999
1779969600000,73378.0,73478.0,72684.0,72879.0,1.80236149,1779976799999
1779976800000,72930.0,73433.0,72500.0,72809.0,2.76179623,1779983999999
1779984000000,72763.0,73574.0,72713.0,73486.0,1.17223137,1779991199999
1779991200000,73466.0,73639.0,73316.0,73316.0,0.94079635,1779998399999
1779998400000,73340.0,73830.0,73204.0,73763.0,0.66344367,1780005599999
1780005600000,73840.0,73840.0,73410.0,73519.0,2.13796973,1780012799999
1780012800000,73535.0,73784.0,73447.0,73504.0,3.16348316,1780019999999
1780020000000,73510.0,73542.0,73144.0,73219.0,1.86712175,1780027199999
1780027200000,73246.0,73621.0,73180.0,73621.0,0.36015737,1780034399999
1780034400000,73621.0,73778.0,73333.0,73455.0,0.23552434,1780041599999
1780041600000,73555.0,73830.0,73555.0,73830.0,0.84497297,1780048799999
1780048800000,73633.0,73648.0,73298.0,73388.0,0.53132063,1780055999999
1780056000000,73293.0,73293.0,72881.0,73100.0,1.03044509,1780063199999
1780063200000,73072.0,74067.0,72368.0,73721.0,2.34563028,1780070399999
1780070400000,73748.0,74272.0,73516.0,73902.0,2.46786155,1780077599999
1780077600000,73911.0,73963.0,73166.0,73464.0,1.28795025,1780084799999
1780084800000,73481.0,73681.0,73374.0,73374.0,0.78893404,1780091999999
1780092000000,73378.0,73457.0,73252.0,73390.0,1.11439438,1780099199999
1780099200000,73442.0,73593.0,73372.0,73586.0,0.36098815,1780106399999
1780106400000,73622.0,73710.0,73534.0,73680.0,0.15705299,1780113599999
1780113600000,73486.0,73547.0,73181.0,73542.0,0.62116853,1780120799999
1780120800000,73489.0,73587.0,73473.0,73503.0,0.5095092,1780127999999
1780128000000,73443.0,73485.0,73435.0,73485.0,0.07447355,1780135199999
1780135200000,73580.0,73580.0,73507.0,73564.0,0.20604258,1780142399999
1780142400000,73560.0,73739.0,73560.0,73732.0,0.19734047,1780149599999
1780149600000,73767.0,74013.0,73767.0,73826.0,3.12208116,1780156799999
1780156800000,73799.0,73940.0,73743.0,73939.0,2.38227598,1780163999999
1780164000000,73944.0,74052.0,73916.0,73937.0,0.23362031,1780171199999
1780171200000,73856.0,73886.0,73854.0,73886.0,0.09324044,1780178399999
1780178400000,73865.0,73865.0,73779.0,73801.0,0.10676679,1780185599999
1780185600000,73816.0,74163.0,73816.0,74027.0,0.29557484,1780192799999
1780192800000,74150.0,74150.0,73977.0,74069.0,0.24526309,1780199999999
1780200000000,74060.0,74125.0,73972.0,73983.0,2.77841179,1780207199999
1780207200000,73912.0,74002.0,73751.0,73806.0,0.26973325,1780214399999
1780214400000,73810.0,73929.0,73740.0,73740.0,0.90402405,1780221599999
1780221600000,73768.0,73884.0,73576.0,73884.0,0.17579722,1780228799999
1780228800000,73852.0,73919.0,73774.0,73774.0,1.70228718,1780235999999
1780236000000,73757.0,73757.0,73491.0,73587.0,1.40922476,1780243199999
1780243200000,73592.0,73637.0,73334.0,73616.0,1.09530294,1780250399999
1780250400000,73571.0,73592.0,73398.0,73487.0,0.34242688,1780257599999
1780257600000,73494.0,73805.0,73494.0,73791.0,0.64549447,1780264799999
1780264800000,73843.0,74097.0,73435.0,73519.0,1.96829746,1780271999999
1780272000000,73667.0,73889.0,73292.0,73292.0,0.92286276,1780279199999
1780279200000,73177.0,73903.0,73177.0,73745.0,0.57344986,1780286399999
1780286400000,73496.0,73496.0,73263.0,73352.0,0.8120148,1780293599999
1780293600000,73248.0,73248.0,72731.0,72776.0,0.8324553,1780300799999
1780300800000,72738.0,73014.0,72610.0,72839.0,1.64152369,1780307999999
1780308000000,72834.0,72834.0,72202.0,72285.0,1.4076168,1780315199999
1780315200000,72466.0,72466.0,71363.0,72072.0,2.95678346,1780322399999
1780322400000,71589.0,71732.0,70990.0,71057.0,6.00308503,1780329599999
1780329600000,71090.0,71695.0,70631.0,71611.0,2.66579527,1780336799999
1780336800000,71544.0,71564.0,71338.0,71475.0,1.46862983,1780343999999
1780344000000,71480.0,71586.0,70912.0,70938.0,0.6682288,1780351199999
1780351200000,70875.0,71474.0,70770.0,71368.0,0.64904171,1780358399999
1780358400000,71301.0,71301.0,70699.0,70699.0,1.42460804,1780365599999
1780365600000,70534.0,70928.0,70037.0,70890.0,0.84587669,1780372799999
1780372800000,70883.0,70883.0,70194.0,70221.0,1.43674528,1780379999999
1780380000000,70218.0,70333.0,69666.0,70047.0,1.17720035,1780387199999
1780387200000,70086.0,70086.0,69250.0,69337.0,2.55527497,1780394399999
1780394400000,69336.0,69654.0,69288.0,69492.0,2.37625924,1780401599999
1780401600000,69375.0,69445.0,68689.0,68701.0,5.84854746,1780408799999
1780408800000,68680.0,68680.0,66991.0,67200.0,15.46542818,1780415999999
1780416000000,67138.0,68011.0,67138.0,67421.0,2.42774233,1780423199999
1780423200000,67448.0,67517.0,66321.0,67231.0,4.42937967,1780430399999
1780430400000,67101.0,67838.0,66840.0,67534.0,2.70440227,1780437599999
1780437600000,67462.0,67462.0,66141.0,66733.0,3.20287856,1780444799999
1780444800000,66782.0,67133.0,66446.0,66655.0,1.65555199,1780451999999
1780452000000,66820.0,66820.0,65400.0,65876.0,2.63850465,1780459199999
1780459200000,65914.0,67338.0,65914.0,67218.0,2.33054748,1780466399999
1780466400000,67267.0,67380.0,66848.0,67202.0,2.52365543,1780473599999
1780473600000,67174.0,67226.0,66620.0,67086.0,1.52590432,1780480799999
1780480800000,67191.0,67351.0,67010.0,67010.0,0.84134589,1780487999999
1780488000000,66950.0,67100.0,66604.0,66705.0,1.67118974,1780495199999
1780495200000,66847.0,66847.0,65981.0,65981.0,3.08575841,1780502399999
1780502400000,66023.0,66133.0,65501.0,65898.0,3.76451255,1780509599999
1780509600000,65931.0,66056.0,65211.0,65416.0,3.95577613,1780516799999
1780516800000,65376.0,65659.0,64750.0,65604.0,7.17085819,1780523999999
1780524000000,65711.0,65724.0,64017.0,64028.0,8.03163413,1780531199999
1780531200000,64069.0,64357.0,62081.0,62144.0,17.73073019,1780538399999
1780538400000,62118.0,64426.0,61446.0,64243.0,11.96034253,1780545599999
1780545600000,64323.0,64675.0,63719.0,64104.0,3.15356766,1780552799999
1780552800000,63981.0,64376.0,63491.0,63663.0,2.43040443,1780559999999
1780560000000,63522.0,63773.0,62702.0,63039.0,7.45362408,1780567199999
1780567200000,63077.0,63154.0,62170.0,62503.0,7.88283362,1780574399999
1780574400000,62532.0,64195.0,62355.0,64195.0,7.73425341,1780581599999
1780581600000,64194.0,64391.0,63653.0,63872.0,10.08534888,1780588799999
1780588800000,63853.0,63853.0,62919.0,63496.0,2.53946716,1780595999999
1780596000000,63492.0,64068.0,63155.0,63623.0,3.00546986,1780603199999
1780603200000,63462.0,63824.0,63091.0,63237.0,2.8401846,1780610399999
1780610400000,63219.0,63839.0,63182.0,63839.0,5.4740451,1780617599999
1780617600000,63789.0,63884.0,63077.0,63367.0,4.25760482,1780624799999
1780624800000,63357.0,63362.0,62300.0,62682.0,5.86634507,1780631999999
1780632000000,62700.0,63554.0,62287.0,62287.0,13.14725109,1780639199999
1780639200000,62273.0,62994.0,61114.0,62994.0,13.1049073,1780646399999
1780646400000,63014.0,63218.0,62288.0,62822.0,4.79195213,1780653599999
1780653600000,62851.0,62895.0,61941.0,61941.0,3.06544479,1780660799999
1780660800000,61896.0,62381.0,60817.0,60817.0,10.37298459,1780667999999
1780668000000,60702.0,61128.0,60050.0,60462.0,13.35036628,1780675199999
1780675200000,60395.0,62574.0,59800.0,60707.0,11.46836025,1780682399999
1780682400000,60897.0,60897.0,59111.0,60382.0,10.49502008,1780689599999
1780689600000,60366.0,61981.0,59954.0,61638.0,7.70511641,1780696799999
1780696800000,61637.0,61889.0,60629.0,60984.0,4.36129818,1780703999999
1780704000000,61302.0,61440.0,61000.0,61125.0,1.17532773,1780711199999
1780711200000,61013.0,61153.0,60625.0,60670.0,1.18872964,1780718399999
1780718400000,60784.0,61032.0,59482.0,60927.0,2.80968116,1780725599999
1780725600000,60975.0,61240.0,60774.0,61015.0,2.5477539,1780732799999
1780732800000,61049.0,61439.0,60901.0,60924.0,1.05323769,1780739999999
1780740000000,60802.0,60860.0,60232.0,60739.0,1.33918843,1780747199999
1780747200000,60843.0,61136.0,60710.0,60878.0,1.58843538,1780754399999
1780754400000,60955.0,60973.0,60486.0,60803.0,2.2106715,1780761599999
1780761600000,60728.0,60807.0,60513.0,60600.0,0.86345343,1780768799999
1780768800000,60557.0,60746.0,60420.0,60736.0,0.20842201,1780775999999
1780776000000,60553.0,60910.0,60528.0,60824.0,1.32089709,1780783199999
1780783200000,60762.0,60869.0,60444.0,60869.0,1.07349556,1780790399999
1780790400000,60898.0,61676.0,60795.0,61412.0,0.56372136,1780797599999
1780797600000,61452.0,61697.0,61196.0,61697.0,2.90545908,1780804799999
1780804800000,61689.0,62119.0,61480.0,61764.0,2.53246518,1780811999999
1780812000000,61742.0,62351.0,61642.0,62351.0,1.75697683,1780819199999
1780819200000,62355.0,62866.0,62265.0,62508.0,2.71123894,1780826399999
1780826400000,62404.0,62717.0,62328.0,62599.0,2.15736851,1780833599999
1780833600000,62592.0,62626.0,61605.0,61752.0,2.4559828,1780840799999
1780840800000,61727.0,62276.0,61727.0,62050.0,0.89524022,1780847999999
1780848000000,61996.0,62317.0,61996.0,62174.0,0.50670532,1780855199999
1780855200000,62191.0,62285.0,61203.0,61310.0,0.71102675,1780862399999
1780862400000,61296.0,61932.0,61250.0,61703.0,1.18615313,1780869599999
1780869600000,61916.0,64274.0,61916.0,63184.0,4.94009495,1780876799999
1780876800000,63224.0,63737.0,62803.0,63109.0,1.65065355,1780883999999
1780884000000,63123.0,63270.0,62966.0,63107.0,0.55982434,1780891199999
1780891200000,62864.0,62978.0,62445.0,62730.0,1.11433706,1780898399999
1780898400000,62843.0,63288.0,62833.0,63254.0,1.50364665,1780905599999
1780905600000,63160.0,63458.0,63045.0,63449.0,0.67712357,1780912799999
1780912800000,63514.0,63821.0,63064.0,63480.0,1.4033025,1780919999999
1780920000000,63432.0,63835.0,62663.0,63757.0,2.01482695,1780927199999
1780927200000,63709.0,64150.0,63645.0,63841.0,1.66034539,1780934399999
1780934400000,63740.0,63940.0,63304.0,63468.0,1.26441175,1780941599999
1780941600000,63542.0,63678.0,63374.0,63413.0,0.58969466,1780948799999
1780948800000,63431.0,63830.0,63147.0,63744.0,0.74743693,1780955999999
1780956000000,63700.0,63700.0,63000.0,63030.0,2.27960645,1780963199999
1780963200000,63062.0,63148.0,62432.0,62722.0,2.94605206,1780970399999
1780970400000,62640.0,62934.0,62558.0,62813.0,0.53554872,1780977599999
1780977600000,62875.0,63433.0,62783.0,63389.0,0.72792878,1780984799999
1780984800000,63299.0,63482.0,62991.0,63202.0,1.12901666,1780991999999
1780992000000,63103.0,63115.0,62601.0,62683.0,1.2360374,1780999199999
1780999200000,62733.0,62793.0,62493.0,62669.0,1.29972796,1781006399999
1781006400000,62714.0,62827.0,62145.0,62265.0,1.5813706,1781013599999
1781013600000,62295.0,62323.0,61036.0,61122.0,5.25555442,1781020799999
1781020800000,61170.0,61836.0,60830.0,61664.0,3.52476856,1781027999999
1781028000000,61677.0,62069.0,61598.0,62069.0,1.05357613,1781035199999
1781035200000,62043.0,62194.0,61717.0,61717.0,1.14630193,1781042399999
1781042400000,61705.0,61907.0,61551.0,61688.0,2.08897613,1781049599999
1781049600000,61719.0,61878.0,61431.0,61688.0,1.77174088,1781056799999
1781056800000,61744.0,61744.0,61250.0,61502.0,1.51449427,1781063999999
1781064000000,61521.0,61521.0,61097.0,61312.0,1.54070122,1781071199999
1781071200000,61331.0,61738.0,61142.0,61668.0,5.15165932,1781078399999
1781078400000,61634.0,61679.0,60417.0,61329.0,6.00666354,1781085599999
1781085600000,61314.0,61407.0,60883.0,61006.0,3.35001822,1781092799999
1781092800000,60998.0,62405.0,60928.0,62062.0,5.89626916,1781099999999
1781100000000,62078.0,62700.0,61836.0,62651.0,2.62345769,1781107199999
1781107200000,62479.0,62483.0,61624.0,61922.0,3.23688672,1781114399999
1781114400000,61945.0,62007.0,61670.0,61959.0,2.48784999,1781121599999
1781121600000,61830.0,61866.0,61190.0,61220.0,2.38761061,1781128799999
1781128800000,61244.0,61527.0,61059.0,61446.0,2.14281862,1781135999999
1781136000000,61554.0,62294.0,61554.0,62175.0,1.57263475,1781143199999
1781143200000,62177.0,62730.0,61875.0,62730.0,1.64687022,1781150399999
1781150400000,62569.0,62750.0,62510.0,62599.0,1.236281,1781157599999
1781157600000,62521.0,62917.0,62521.0,62641.0,1.32477239,1781164799999
1781164800000,62675.0,62984.0,62675.0,62898.0,1.26889047,1781171999999
1781172000000,62845.0,63170.0,62745.0,63062.0,1.65287455,1781179199999
1781179200000,62975.0,63151.0,62532.0,63042.0,2.15007325,1781186399999
1781186400000,63038.0,63038.0,62529.0,62594.0,2.27751054,1781193599999
1781193600000,62745.0,63546.0,62297.0,63546.0,2.57168579,1781200799999
1781200800000,63600.0,63802.0,63292.0,63625.0,2.07273545,1781207999999
1781208000000,63580.0,63603.0,63221.0,63463.0,1.96056643,1781215199999
1781215200000,63497.0,63617.0,63331.0,63605.0,0.59770258,1781222399999
1781222400000,63579.0,63745.0,63272.0,63354.0,0.89058829,1781229599999
1781229600000,63464.0,63574.0,63376.0,63410.0,0.3057619,1781236799999
1781236800000,63441.0,63747.0,63262.0,63270.0,1.11686123,1781243999999
1781244000000,63293.0,63320.0,62849.0,63022.0,0.9644469,1781251199999
1781251200000,63031.0,63869.0,63031.0,63797.0,0.82108529,1781258399999
1781258400000,63650.0,63820.0,63546.0,63790.0,1.25834903,1781265599999
1781265600000,63640.0,63702.0,63066.0,63139.0,0.86468828,1781272799999
1781272800000,63358.0,64342.0,63326.0,63600.0,2.08499203,1781279999999
1781280000000,63566.0,64085.0,63566.0,63822.0,2.74065574,1781287199999
1781287200000,63836.0,63836.0,63576.0,63576.0,1.09868554,1781294399999
1781294400000,63678.0,63678.0,63400.0,63488.0,0.89771797,1781301599999
1781301600000,63500.0,63563.0,63432.0,63541.0,0.53404143,1781308799999
1781308800000,63537.0,63841.0,63520.0,63841.0,0.87629508,1781315999999
1781316000000,63736.0,63761.0,63401.0,63497.0,0.36538513,1781323199999
1781323200000,63527.0,63593.0,63487.0,63505.0,0.14972812,1781330399999
1781330400000,63560.0,63844.0,63553.0,63797.0,0.79679765,1781337599999
1781337600000,63803.0,63885.0,63742.0,63744.0,3.0282417,1781344799999
1781344800000,63717.0,63946.0,63717.0,63916.0,1.16754882,1781351999999
1781352000000,63915.0,64202.0,63915.0,64068.0,0.58062209,1781359199999
1781359200000,64089.0,64301.0,64089.0,64287.0,0.29825537,1781366399999
1781366400000,64267.0,64267.0,63932.0,63932.0,1.06502124,1781373599999
1781373600000,63986.0,64252.0,63986.0,64189.0,0.42310548,1781380799999
1781380800000,64279.0,64720.0,64205.0,64444.0,0.81714037,1781387999999
1781388000000,64396.0,64537.0,64366.0,64417.0,0.39001338,1781395199999
1781395200000,64409.0,64656.0,64398.0,64569.0,0.39433851,1781402399999
1781402400000,64581.0,64581.0,64489.0,64490.0,0.15019057,1781409599999
1781409600000,64518.0,64518.0,64303.0,64366.0,0.65961676,1781416799999
1781416800000,64386.0,64464.0,64231.0,64300.0,0.41070942,1781423999999
1781424000000,64391.0,64583.0,64343.0,64583.0,0.47201723,1781431199999
1781431200000,64522.0,64652.0,64520.0,64526.0,0.42764294,1781438399999
1781438400000,64474.0,64482.0,64244.0,64291.0,0.81555951,1781445599999
1781445600000,64298.0,64308.0,63857.0,64026.0,1.55795771,1781452799999
1781452800000,63988.0,64171.0,63689.0,63704.0,2.06314595,1781459999999
1781460000000,63732.0,63822.0,63721.0,63765.0,1.06927446,1781467199999
1781467200000,63829.0,67470.0,63801.0,65287.0,2.10890665,1781474399999
1781474400000,65411.0,65767.0,64970.0,65730.0,2.50906387,1781481599999
1781481600000,65655.0,65877.0,65378.0,65497.0,1.18339204,1781488799999
1781488800000,65435.0,65925.0,65433.0,65895.0,1.89792332,1781495999999
1781496000000,65840.0,65840.0,65586.0,65809.0,3.44332874,1781503199999
1781503200000,65817.0,65952.0,65622.0,65622.0,0.96265063,1781510399999
1781510400000,65646.0,65762.0,65493.0,65572.0,1.7080592,1781517599999
1781517600000,65542.0,66359.0,65535.0,66214.0,3.70630451,1781524799999
1781524800000,66165.0,66900.0,66105.0,66453.0,3.05356001,1781531999999
1781532000000,66370.0,67220.0,66259.0,67150.0,1.78509877,1781539199999
1781539200000,67158.0,67245.0,66668.0,66835.0,4.43677094,1781546399999
1781546400000,66803.0,66862.0,66400.0,66526.0,4.42269742,1781553599999
1781553600000,66527.0,66638.0,66313.0,66352.0,3.00966118,1781560799999
1781560800000,66383.0,66439.0,66103.0,66307.0,2.64512391,1781567999999
1781568000000,66295.0,66403.0,66245.0,66331.0,0.79595824,1781575199999
1781575200000,66328.0,66328.0,65660.0,66119.0,2.16124602,1781582399999
1781582400000,66137.0,66213.0,65803.0,66047.0,5.87488489,1781589599999
1781589600000,66061.0,66539.0,66061.0,66331.0,2.49993215,1781596799999
1781596800000,66374.0,66934.0,66331.0,66550.0,4.06906044,1781603999999
1781604000000,66484.0,66716.0,66337.0,66443.0,3.8373612,1781611199999
1781611200000,66402.0,66741.0,65913.0,66024.0,3.87701346,1781618399999
1781618400000,66072.0,66209.0,65381.0,65864.0,1.7990262,1781625599999
1781625600000,65835.0,65959.0,65697.0,65937.0,0.94483713,1781632799999
1781632800000,65949.0,66180.0,65546.0,65581.0,0.84882399,1781639999999
1781640000000,65597.0,65885.0,65597.0,65723.0,0.55776584,1781647199999
1781647200000,65767.0,65814.0,65624.0,65671.0,0.21627736,1781654399999
1781654400000,65710.0,65851.0,65483.0,65851.0,0.8122828,1781661599999
1781661600000,65899.0,66110.0,65670.0,65814.0,0.33701577,1781668799999
1781668800000,65839.0,65977.0,65714.0,65829.0,0.3776714,1781675999999
1781676000000,65767.0,65850.0,65212.0,65410.0,1.09920193,1781683199999
1781683200000,65417.0,65429.0,64816.0,64852.0,0.85148074,1781690399999
1781690400000,64870.0,64934.0,64554.0,64760.0,0.7544495,1781697599999
1781697600000,64759.0,65309.0,64616.0,65254.0,0.96982383,1781704799999
1781704800000,65207.0,65745.0,64760.0,65729.0,0.93903857,1781711999999
1781712000000,65735.0,66409.0,65735.0,66130.0,1.38335242,1781719199999
1781719200000,66038.0,66038.0,64050.0,64240.0,3.26719849,1781726399999
1781726400000,64348.0,64404.0,64174.0,64197.0,4.99531059,1781733599999
1781733600000,64000.0,64458.0,63838.0,64458.0,1.25391498,1781740799999
1781740800000,64491.0,64692.0,64466.0,64480.0,5.1210576,1781747999999
1781748000000,64535.0,64709.0,64223.0,64233.0,0.57891046,1781755199999
1781755200000,64030.0,64030.0,63662.0,63874.0,0.8478198,1781762399999
1781762400000,63961.0,64450.0,63876.0,64450.0,0.38273251,1781769599999
1781769600000,64391.0,64543.0,64180.0,64181.0,1.021575,1781776799999
1781776800000,64107.0,64166.0,63850.0,63934.0,0.53461897,1781783999999
1781784000000,63918.0,64377.0,63846.0,63914.0,0.87766072,1781791199999
1781791200000,63916.0,64030.0,62290.0,62302.0,4.15677096,1781798399999
1781798400000,62308.0,62751.0,62276.0,62542.0,1.80897314,1781805599999
1781805600000,62535.0,62928.0,62520.0,62883.0,2.03606162,1781812799999
1781812800000,62901.0,63170.0,62837.0,62893.0,0.84718711,1781819999999
1781820000000,62876.0,62927.0,62717.0,62927.0,0.85330219,1781827199999
1781827200000,62898.0,63040.0,62812.0,62911.0,1.19790335,1781834399999
1781834400000,63017.0,63017.0,62354.0,62734.0,0.83025514,1781841599999
1781841600000,62699.0,62857.0,62487.0,62677.0,0.59323181,1781848799999
1781848800000,62720.0,62867.0,62440.0,62573.0,0.8121442,1781855999999
1781856000000,62577.0,62662.0,62295.0,62336.0,4.22379309,1781863199999
1781863200000,62337.0,62632.0,62337.0,62600.0,0.52709264,1781870399999
1781870400000,62588.0,63300.0,62383.0,63180.0,1.30562162,1781877599999
1781877600000,63169.0,63311.0,62991.0,63174.0,0.94065246,1781884799999
1781884800000,63164.0,63316.0,62861.0,63108.0,2.39059176,1781891999999
1781892000000,63124.0,63124.0,62914.0,63014.0,0.98047308,1781899199999
1781899200000,62930.0,63215.0,62930.0,63036.0,0.51634474,1781906399999
1781906400000,63022.0,63590.0,63022.0,63560.0,0.42698326,1781913599999
1781913600000,63484.0,63720.0,63397.0,63540.0,0.77838908,1781920799999
1781920800000,63492.0,63492.0,63278.0,63406.0,1.84108378,1781927999999
1781928000000,63378.0,63909.0,63378.0,63574.0,0.94682856,1781935199999
1781935200000,63619.0,63730.0,63602.0,63680.0,0.75243048,1781942399999
1781942400000,63556.0,63727.0,63355.0,63727.0,1.05851851,1781949599999
1781949600000,63695.0,63695.0,63654.0,63654.0,0.0684464,1781956799999
1781956800000,63624.0,63729.0,63330.0,63374.0,0.49643857,1781963999999
1781964000000,63349.0,64271.0,63151.0,64061.0,1.70483575,1781971199999
1781971200000,63982.0,64026.0,63678.0,63830.0,5.79364511,1781978399999
1781978400000,63817.0,63877.0,63744.0,63875.0,0.57481032,1781985599999
1781985600000,63828.0,64006.0,63828.0,64006.0,0.09431236,1781992799999
1781992800000,63929.0,64271.0,63929.0,64245.0,0.51851509,1781999999999
1782000000000,64225.0,64238.0,64191.0,64214.0,0.48135404,1782007199999
1782007200000,64162.0,64406.0,64162.0,64390.0,0.28301758,1782014399999
1782014400000,64329.0,64520.0,64165.0,64179.0,4.8738602,1782021599999
1782021600000,64147.0,64260.0,64119.0,64166.0,0.32396044,1782028799999
1782028800000,64091.0,64181.0,63870.0,64148.0,1.80557632,1782035999999
1782036000000,64155.0,64400.0,64050.0,64085.0,0.31750038,1782043199999
1782043200000,64104.0,64136.0,63926.0,64082.0,0.42196364,1782050399999
1782050400000,64011.0,64264.0,63942.0,64181.0,0.80060866,1782057599999
1782057600000,64143.0,64157.0,64000.0,64078.0,0.35993151,1782064799999
1782064800000,64000.0,64211.0,63903.0,64167.0,1.67479841,1782071999999
1782072000000,64132.0,64181.0,63468.0,63794.0,0.76079731,1782079199999
1782079200000,63610.0,63771.0,63220.0,63260.0,3.96433124,1782086399999
1782086400000,63265.0,64650.0,63265.0,64600.0,4.62448475,1782093599999
1782093600000,64594.0,64594.0,63858.0,63883.0,3.80529388,1782100799999
1782100800000,63915.0,64229.0,63816.0,64176.0,3.0154831,1782107999999
1782108000000,64184.0,64250.0,63890.0,64154.0,4.27512998,1782115199999
1782115200000,64131.0,64279.0,63987.0,64082.0,1.50626988,1782122399999
1782122400000,64086.0,64717.0,64065.0,64620.0,1.96989758,1782129599999
1782129600000,64558.0,65514.0,64537.0,65451.0,4.05140293,1782136799999
1782136800000,65548.0,65548.0,64723.0,64759.0,6.51301567,1782143999999
1782144000000,64650.0,64705.0,64337.0,64446.0,0.92415717,1782151199999
1782151200000,64633.0,64688.0,64238.0,64384.0,1.47632944,1782158399999
1782158400000,64469.0,64574.0,64100.0,64226.0,4.56342109,1782165599999
1782165600000,64273.0,64273.0,63711.0,63950.0,1.37441276,1782172799999
1782172800000,63917.0,64195.0,63780.0,64121.0,1.13356488,1782179999999
1782180000000,64130.0,64209.0,63918.0,63982.0,0.50268329,1782187199999
1782187200000,64033.0,64047.0,63303.0,63367.0,1.49635181,1782194399999
1782194400000,63291.0,63291.0,62505.0,62866.0,1.68729721,1782201599999
1782201600000,62799.0,62873.0,61920.0,62340.0,2.27317116,1782208799999
1782208800000,62355.0,62570.0,62222.0,62402.0,1.84555738,1782215999999
1782216000000,62463.0,62463.0,61920.0,62440.0,2.53237796,1782223199999
1782223200000,62466.0,62741.0,62155.0,62332.0,5.16328153,1782230399999
1782230400000,62440.0,62766.0,62310.0,62310.0,5.33479774,1782237599999
1782237600000,62340.0,62372.0,62050.0,62275.0,1.40739833,1782244799999
1782244800000,62440.0,62597.0,62350.0,62518.0,0.70095696,1782251999999
1782252000000,62551.0,62700.0,62440.0,62680.0,1.31080176,1782259199999
1782259200000,62712.0,63005.0,62680.0,62928.0,2.64046414,1782266399999
1782266400000,62892.0,62892.0,62412.0,62665.0,1.58041005,1782273599999
1782273600000,62594.0,62960.0,62473.0,62823.0,0.79372869,1782280799999
1782280800000,62795.0,62816.0,62570.0,62591.0,0.85282996,1782287999999
1782288000000,62617.0,62700.0,62556.0,62605.0,0.73632432,1782295199999
1782295200000,62606.0,63150.0,62270.0,62829.0,1.29688409,1782302399999
1782302400000,62858.0,62877.0,61200.0,61200.0,2.15457507,1782309599999
1782309600000,61232.0,61343.0,60194.0,60194.0,4.44207554,1782316799999
1782316800000,60209.0,60512.0,59045.0,59267.0,8.89111352,1782323999999
1782324000000,59414.0,59873.0,59262.0,59873.0,4.71412968,1782331199999
1782331200000,59888.0,61073.0,59888.0,61001.0,2.33025402,1782338399999
1782338400000,61042.0,61151.0,60753.0,60991.0,1.70677452,1782345599999
1782345600000,60978.0,61062.0,60666.0,60839.0,5.22584808,1782352799999
1782352800000,60869.0,60871.0,60635.0,60787.0,3.67790531,1782359999999
1782360000000,60824.0,61730.0,60718.0,61548.0,5.41769885,1782367199999
1782367200000,61591.0,61861.0,61542.0,61820.0,1.04600349,1782374399999
1782374400000,61793.0,61794.0,61557.0,61667.0,1.19064556,1782381599999
1782381600000,61651.0,61671.0,61000.0,61161.0,2.18691239,1782388799999
1782388800000,61229.0,61600.0,58050.0,58050.0,7.03980209,1782395999999
1782396000000,58504.0,60340.0,58401.0,59442.0,4.1979939,1782403199999
1782403200000,59560.0,59773.0,59084.0,59571.0,3.25883747,1782410399999
1782410400000,59552.0,59614.0,59122.0,59257.0,1.50675306,1782417599999
1782417600000,59287.0,60150.0,59287.0,60091.0,0.9164973,1782424799999
1782424800000,60064.0,60111.0,59677.0,59726.0,0.78894622,1782431999999
1782432000000,59724.0,59827.0,59184.0,59326.0,3.72525557,1782439199999
1782439200000,59325.0,59907.0,58281.0,59907.0,2.19655253,1782446399999
1782446400000,59806.0,60061.0,59696.0,59878.0,1.07864848,1782453599999
1782453600000,59685.0,60670.0,59667.0,60531.0,2.74746573,1782460799999
1782460800000,60480.0,60480.0,59597.0,59683.0,1.0155996,1782467999999
1782468000000,59640.0,59768.0,59182.0,59375.0,1.79664487,1782475199999
1782475200000,59387.0,60108.0,58498.0,60098.0,2.24874511,1782482399999
1782482400000,60121.0,60450.0,59340.0,60275.0,2.90959943,1782489599999
1782489600000,60276.0,60499.0,59882.0,60021.0,1.55168736,1782496799999
1782496800000,59977.0,60083.0,59500.0,59713.0,1.86658296,1782503999999
1782504000000,59765.0,59980.0,59523.0,59851.0,0.68680038,1782511199999
1782511200000,59850.0,60006.0,59722.0,60006.0,0.57604824,1782518399999
1782518400000,60061.0,60110.0,59850.0,59880.0,0.42419144,1782525599999
1782525600000,59858.0,60298.0,59857.0,60231.0,0.88475217,1782532799999
1782532800000,60327.0,60397.0,60074.0,60154.0,0.79565788,1782539999999
1782540000000,60107.0,60499.0,60073.0,60464.0,0.46388907,1782547199999
1782547200000,60421.0,60442.0,60260.0,60324.0,0.51741675,1782554399999
1782554400000,60392.0,60410.0,60150.0,60253.0,3.85761543,1782561599999
1782561600000,60251.0,60565.0,60220.0,60512.0,0.86960179,1782568799999
1782568800000,60447.0,60815.0,60445.0,60708.0,0.97662934,1782575999999
1782576000000,60744.0,60744.0,60376.0,60471.0,0.47354312,1782583199999
1782583200000,60445.0,60515.0,60020.0,60101.0,1.37376541,1782590399999
1782590400000,60113.0,60390.0,60076.0,60076.0,0.31427752,1782597599999
1782597600000,60103.0,60247.0,59825.0,59962.0,0.93598307,1782604799999
1782604800000,59969.0,60186.0,59950.0,60186.0,0.98996666,1782611999999
1782612000000,60165.0,60234.0,60051.0,60165.0,0.11551895,1782619199999
1782619200000,60191.0,60820.0,59706.0,59901.0,0.39177777,1782626399999
1782626400000,59920.0,60191.0,59798.0,60140.0,1.0627934,1782633599999
1782633600000,60154.0,60458.0,60087.0,60209.0,1.604152,1782640799999
1782640800000,60187.0,60290.0,60046.0,60236.0,1.98330995,1782647999999
1782648000000,60256.0,60346.0,59923.0,60009.0,0.92149058,1782655199999
1782655200000,60031.0,60110.0,59842.0,59847.0,2.40236081,1782662399999
1782662400000,59808.0,59864.0,59316.0,59523.0,3.175919,1782669599999
1782669600000,59514.0,59629.0,59209.0,59404.0,2.03039526,1782676799999
1782676800000,59435.0,59693.0,59295.0,59317.0,1.03909509,1782683999999
1782684000000,59381.0,59798.0,58840.0,59560.0,2.21491175,1782691199999
1782691200000,59490.0,59620.0,58940.0,59367.0,1.45288264,1782698399999
1782698400000,59320.0,60142.0,58840.0,59983.0,2.18468598,1782705599999
1782705600000,59877.0,60010.0,59318.0,60010.0,0.76594836,1782712799999
1782712800000,60041.0,60238.0,59880.0,60017.0,4.70975974,1782719999999
1782720000000,59931.0,60010.0,59680.0,59976.0,4.60914681,1782727199999
1782727200000,60023.0,60238.0,59744.0,59900.0,1.09262762,1782734399999
1782734400000,59924.0,60702.0,59259.0,59480.0,2.86131377,1782741599999
1782741600000,59506.0,59864.0,58935.0,59723.0,7.50943009,1782748799999
1782748800000,59747.0,60591.0,59505.0,60348.0,5.59006719,1782755999999
1782756000000,60270.0,60474.0,60093.0,60398.0,2.19268077,1782763199999
1782763200000,60353.0,60500.0,60212.0,60407.0,1.82601049,1782770399999
1782770400000,60423.0,60449.0,60144.0,60186.0,1.48579178,1782777599999
1782777600000,60166.0,60191.0,59644.0,59852.0,1.32673673,1782784799999
1782784800000,59838.0,59977.0,59546.0,59555.0,0.64718324,1782791999999
1782792000000,59527.0,59620.0,59299.0,59573.0,4.20892426,1782799199999
1782799200000,59513.0,59631.0,59394.0,59460.0,0.92110274,1782806399999
1782806400000,59475.0,59475.0,59106.0,59336.0,0.93856796,1782813599999
1782813600000,59316.0,59339.0,59050.0,59225.0,1.36293907,1782820799999
1782820800000,59073.0,59073.0,58175.0,58647.0,2.5981474,1782827999999
1782828000000,58642.0,59190.0,58146.0,58300.0,2.9416343,1782835199999
1782835200000,58311.0,58542.0,58196.0,58367.0,2.22904176,1782842399999
1782842400000,58385.0,58765.0,58348.0,58734.0,2.07070619,1782849599999
1782849600000,58673.0,58799.0,58465.0,58585.0,2.36405996,1782856799999
1782856800000,58595.0,58699.0,58492.0,58549.0,1.41780134,1782863999999
1782864000000,58577.0,58913.0,57776.0,58746.0,4.75802846,1782871199999
1782871200000,58729.0,59224.0,58632.0,59132.0,3.68437247,1782878399999
1782878400000,59126.0,59393.0,59010.0,59079.0,3.56957532,1782885599999
1782885600000,59081.0,59081.0,58500.0,58712.0,3.47868347,1782892799999
1782892800000,58733.0,59015.0,58464.0,58909.0,1.78649013,1782899999999
1782900000000,58874.0,58874.0,58534.0,58545.0,0.75200026,1782907199999
1782907200000,58581.0,59418.0,58295.0,59374.0,5.79375668,1782914399999
1782914400000,59395.0,60484.0,59260.0,60114.0,11.14952239,1782921599999
1782921600000,60041.0,60184.0,59747.0,60131.0,1.40047009,1782928799999
1782928800000,60131.0,60281.0,59973.0,59977.0,1.59746226,1782935999999
1782936000000,59969.0,60783.0,59852.0,60773.0,1.9485587,1782943199999
1782943200000,60794.0,61244.0,59976.0,59976.0,3.30586412,1782950399999
1782950400000,59971.0,60250.0,59571.0,60116.0,2.04231615,1782957599999
1782957600000,60134.0,61046.0,60000.0,61002.0,1.18141339,1782964799999
1782964800000,60965.0,60982.0,60438.0,60475.0,1.27998848,1782971999999
1782972000000,60457.0,60559.0,60048.0,60067.0,0.81159426,1782979199999
1782979200000,60095.0,61344.0,60095.0,61117.0,1.44243922,1782986399999
1782986400000,61073.0,61296.0,60987.0,61165.0,2.33677864,1782993599999
1782993600000,61289.0,61997.0,61121.0,61844.0,3.11021429,1783000799999
1783000800000,61848.0,62130.0,61350.0,61564.0,2.10135035,1783007999999
1783008000000,61563.0,61821.0,61098.0,61622.0,1.94621995,1783015199999
1783015200000,61684.0,61827.0,61397.0,61397.0,0.77889795,1783022399999
1783022400000,61446.0,61580.0,61323.0,61540.0,1.2162528,1783029599999
1783029600000,61533.0,61533.0,61316.0,61509.0,0.92304523,1783036799999
1783036800000,61470.0,61636.0,61206.0,61556.0,2.01384184,1783043999999
1783044000000,61533.0,61533.0,61262.0,61334.0,0.78981762,1783051199999
1783051200000,61399.0,61658.0,61326.0,61648.0,1.29576096,1783058399999
1783058400000,61760.0,61804.0,61580.0,61702.0,0.94677065,1783065599999
1783065600000,61697.0,61821.0,61457.0,61662.0,1.72757611,1783072799999
1783072800000,61702.0,62005.0,61622.0,61976.0,2.62840834,1783079999999
1783080000000,61982.0,62200.0,61863.0,62083.0,1.54901679,1783087199999
1783087200000,62020.0,62330.0,61680.0,61895.0,2.1437994,1783094399999
1783094400000,61906.0,62762.0,61878.0,62162.0,8.60953439,1783101599999
1783101600000,62130.0,62238.0,62090.0,62184.0,1.27965156,1783108799999
1783108800000,62179.0,62952.0,62135.0,62702.0,10.76843589,1783115999999
1783116000000,62692.0,62693.0,62510.0,62569.0,0.79806461,1783123199999
1783123200000,62547.0,63152.0,62380.0,62432.0,8.22444116,1783130399999
1783130400000,62447.0,62678.0,62403.0,62616.0,0.84616061,1783137599999
1783137600000,62593.0,62692.0,62447.0,62462.0,0.79584323,1783144799999
1783144800000,62478.0,62553.0,62317.0,62523.0,0.59599218,1783151999999
1783152000000,62511.0,62620.0,62393.0,62394.0,0.84805935,1783159199999
1783159200000,62415.0,62500.0,62415.0,62444.0,0.29996559,1783166399999
1783166400000,62518.0,62730.0,62514.0,62539.0,0.39006711,1783173599999
1783173600000,62584.0,62976.0,62566.0,62890.0,0.77423923,1783180799999
1783180800000,62855.0,63445.0,62759.0,63445.0,7.87770533,1783187999999
1783188000000,63250.0,63370.0,63064.0,63245.0,0.71279147,1783195199999
1783195200000,63240.0,63392.0,63145.0,63265.0,0.39170041,1783202399999
1783202400000,63230.0,63262.0,62973.0,63123.0,0.34348711,1783209599999
1783209600000,63060.0,63060.0,62786.0,62837.0,0.81268099,1783216799999
1783216800000,62830.0,62830.0,62578.0,62737.0,1.8351856,1783223999999
1783224000000,62678.0,62912.0,62620.0,62709.0,2.47152508,1783231199999
1783231200000,62686.0,62991.0,62632.0,62976.0,1.86149956,1783238399999
1783238400000,63046.0,63048.0,62412.0,62550.0,1.78488801,1783245599999
1783245600000,62554.0,62730.0,62531.0,62626.0,1.44731777,1783252799999
1783252800000,62600.0,62771.0,62600.0,62744.0,1.64657373,1783259999999
1783260000000,62753.0,62894.0,62636.0,62704.0,1.6670356,1783267199999
1783267200000,62609.0,62760.0,62563.0,62571.0,0.76707991,1783274399999
1783274400000,62618.0,62816.0,62610.0,62789.0,0.79966275,1783281599999
1783281600000,62758.0,63163.0,62567.0,63062.0,0.65923249,1783288799999
1783288800000,63013.0,63936.0,62991.0,63551.0,3.62921471,1783295999999
1783296000000,63625.0,63833.0,63333.0,63537.0,2.22850086,1783303199999
1783303200000,63591.0,63614.0,63096.0,63223.0,2.82214734,1783310399999
1783310400000,63249.0,63318.0,62904.0,63067.0,7.3060008,1783317599999
1783317600000,63092.0,63092.0,62846.0,63038.0,2.54065576,1783324799999
1783324800000,63076.0,63163.0,62583.0,62618.0,2.90378215,1783331999999
1783332000000,62612.0,62965.0,62469.0,62476.0,4.1296196,1783339199999
1783339200000,62410.0,62410.0,61294.0,61785.0,7.52767298,1783346399999
1783346400000,61720.0,63500.0,61711.0,63500.0,6.15888143,1783353599999
1783353600000,63530.0,63898.0,63363.0,63594.0,5.26508292,1783360799999
1783360800000,63588.0,63855.0,63588.0,63762.0,1.26855411,1783367999999
1783368000000,63693.0,64650.0,63568.0,64405.0,6.31262949,1783375199999
1783375200000,64427.0,64427.0,63994.0,63994.0,1.85036074,1783382399999
1783382400000,64003.0,64231.0,63759.0,63887.0,0.96928467,1783389599999
1783389600000,63840.0,63840.0,63104.0,63104.0,1.7033244,1783396799999
1783396800000,63131.0,63222.0,62791.0,63120.0,1.36426539,1783403999999
1783404000000,63158.0,63400.0,62974.0,63042.0,1.41302162,1783411199999
1783411200000,63055.0,63279.0,62979.0,63279.0,0.83941467,1783418399999
1783418400000,63243.0,63402.0,63100.0,63347.0,1.1228099,1783425599999
1783425600000,63370.0,63806.0,62969.0,63056.0,1.50818669,1783432799999
1783432800000,62951.0,64062.0,62652.0,63849.0,4.12744269,1783439999999
1783440000000,63902.0,64177.0,63775.0,64114.0,2.20761043,1783447199999
1783447200000,64090.0,64090.0,63380.0,63780.0,0.99967046,1783454399999
1783454400000,63775.0,63806.0,63300.0,63407.0,1.1188238,1783461599999
1783461600000,63324.0,63581.0,63215.0,63300.0,0.33527568,1783468799999
1783468800000,63338.0,63700.0,62900.0,62986.0,1.15599017,1783475999999
1783476000000,62900.0,63014.0,62500.0,62719.0,1.99908675,1783483199999
1783483200000,62747.0,62838.0,62536.0,62608.0,0.72449594,1783490399999
1783490400000,62584.0,62851.0,62462.0,62791.0,0.79959548,1783497599999
1783497600000,62855.0,62876.0,61700.0,62026.0,3.50824841,1783504799999
1783504800000,62046.0,62299.0,61866.0,62207.0,4.44594087,1783511999999
1783512000000,62185.0,62375.0,61592.0,61910.0,3.93904364,1783519199999
1783519200000,61915.0,62100.0,61500.0,61641.0,3.28727413,1783526399999
1783526400000,61660.0,62334.0,61625.0,62057.0,2.10913188,1783533599999
1783533600000,62093.0,62305.0,62043.0,62232.0,0.59198644,1783540799999
1783540800000,62221.0,62254.0,61977.0,62174.0,0.59297357,1783547999999
1783548000000,62176.0,62292.0,62145.0,62274.0,1.10808748,1783555199999
1783555200000,62237.0,62571.0,61833.0,61897.0,1.16989051,1783562399999
1783562400000,61876.0,62054.0,61682.0,61935.0,1.48639295,1783569599999
1783569600000,61958.0,62560.0,61947.0,62535.0,0.74660726,1783576799999
1783576800000,62599.0,63237.0,62472.0,62948.0,1.74609261,1783583999999
1783584000000,62922.0,63003.0,62746.0,62885.0,0.62025449,1783591199999
1783591200000,62874.0,63000.0,62575.0,62731.0,1.01134734,1783598399999
1783598400000,62746.0,63164.0,62469.0,62938.0,2.32180496,1783605599999
1783605600000,63014.0,63176.0,62636.0,62835.0,1.65457827,1783612799999
1783612800000,62897.0,63060.0,62530.0,63054.0,2.68864731,1783619999999
1783620000000,63115.0,63401.0,63055.0,63230.0,3.36977814,1783627199999
1783627200000,63218.0,63358.0,63157.0,63229.0,0.64376313,1783634399999
1783634400000,63256.0,63333.0,63049.0,63201.0,1.41167665,1783641599999
1783641600000,63185.0,63890.0,62934.0,63707.0,3.35746025,1783648799999
1783648800000,63747.0,64000.0,63666.0,63930.0,3.30264606,1783655999999
1783656000000,63920.0,64162.0,63856.0,64075.0,2.97884216,1783663199999
1783663200000,64063.0,64113.0,63801.0,63901.0,0.9229219,1783670399999
1783670400000,63955.0,64443.0,63948.0,64368.0,1.95770688,1783677599999
1783677600000,64365.0,64438.0,64236.0,64367.0,1.52228399,1783684799999
1783684800000,64395.0,64595.0,64122.0,64480.0,1.57128968,1783691999999
1783692000000,64431.0,64431.0,63801.0,63961.0,1.77073229,1783699199999
1783699200000,64017.0,64121.0,63802.0,63802.0,1.41818575,1783706399999
1783706400000,63798.0,63983.0,63729.0,63905.0,1.13233943,1783713599999
1783713600000,63864.0,64031.0,63648.0,63960.0,0.52652149,1783720799999
1783720800000,63988.0,64174.0,63988.0,64135.0,0.25783963,1783727999999
1783728000000,64094.0,64259.0,64003.0,64003.0,0.36335975,1783735199999
1783735200000,64003.0,64115.0,64000.0,64109.0,0.20188923,1783742399999
1783742400000,64108.0,64171.0,64059.0,64142.0,0.21150341,1783749599999
1783749600000,64098.0,64265.0,64069.0,64128.0,0.88671928,1783756799999
1783756800000,64126.0,64248.0,64110.0,64122.0,0.75134508,1783763999999
1783764000000,64123.0,64160.0,64105.0,64143.0,0.7442642,1783771199999
1783771200000,64202.0,64222.0,64120.0,64222.0,0.68948496,1783778399999
1783778400000,64203.0,64443.0,63890.0,64124.0,2.96821175,1783785599999
1783785600000,64129.0,64337.0,64089.0,64290.0,0.72062309,1783792799999
1783792800000,64266.0,64354.0,64162.0,64214.0,1.20943773,1783799999999
1783800000000,64273.0,64386.0,64273.0,64335.0,0.42289496,1783807199999
1783807200000,64302.0,64338.0,63801.0,63818.0,1.00450129,1783814399999
1783814400000,63794.0,64144.0,63695.0,64106.0,0.85880912,1783821599999
1783821600000,64058.0,64180.0,64017.0,64171.0,0.26198597,1783828799999
1783828800000,64198.0,64212.0,63883.0,63960.0,0.94681057,1783835999999
1783836000000,63933.0,63933.0,63629.0,63826.0,0.25957248,1783843199999
1783843200000,63894.0,64055.0,63772.0,63939.0,0.31766023,1783850399999
1783850400000,63934.0,63998.0,63805.0,63984.0,0.185821,1783857599999
1783857600000,63968.0,64094.0,63968.0,64045.0,0.18130575,1783864799999
1783864800000,63994.0,64240.0,63954.0,64129.0,0.50525755,1783871999999
1783872000000,64141.0,64162.0,64003.0,64043.0,0.6261894,1783879199999
1783879200000,64020.0,64201.0,63996.0,64195.0,0.14753221,1783886399999
1783886400000,64192.0,64197.0,63882.0,63882.0,0.3464582,1783893599999
1783893600000,63866.0,63884.0,63668.0,63771.0,0.70618621,1783900799999
1783900800000,63731.0,64354.0,63376.0,63376.0,1.77550793,1783907999999
1783908000000,63383.0,63490.0,62712.0,62788.0,2.82016301,1783915199999
1783915200000,62803.0,62879.0,62490.0,62750.0,5.68455517,1783922399999
1783922400000,62768.0,63011.0,62709.0,62995.0,0.72754352,1783929599999
1783929600000,62992.0,63209.0,62956.0,63080.0,1.14344465,1783936799999
1783936800000,63059.0,63077.0,62825.0,62865.0,0.56282975,1783943999999
1783944000000,62860.0,62878.0,62128.0,62266.0,2.05991388,1783951199999
1783951200000,62270.0,62895.0,62087.0,62548.0,3.24553996,1783958399999
1783958400000,62564.0,62574.0,61879.0,61879.0,1.41448518,1783965599999
1783965600000,61902.0,62224.0,61799.0,62224.0,1.12566235,1783972799999
1783972800000,62187.0,62232.0,61890.0,62034.0,1.35651376,1783979999999
1783980000000,62036.0,62280.0,61836.0,62256.0,0.77390008,1783987199999
1783987200000,62300.0,62574.0,62214.0,62464.0,1.92547129,1783994399999
1783994400000,62437.0,62546.0,62269.0,62494.0,0.80644763,1784001599999
1784001600000,62531.0,62808.0,62493.0,62646.0,0.42241717,1784008799999
1784008800000,62635.0,62656.0,62458.0,62458.0,0.35437284,1784015999999
1784016000000,62497.0,62682.0,62451.0,62534.0,0.5383474,1784023199999
1784023200000,62667.0,62848.0,62557.0,62758.0,0.50801857,1784030399999
1784030400000,62780.0,64121.0,62748.0,63789.0,3.18911515,1784037599999
1784037600000,63816.0,64926.0,63544.0,64625.0,3.72665707,1784044799999
1784044800000,64741.0,64839.0,64274.0,64640.0,1.65584113,1784051999999
1784052000000,64529.0,64675.0,64461.0,64561.0,1.12691428,1784059199999
1784059200000,64567.0,64833.0,64415.0,64637.0,0.80924132,1784066399999
1784066400000,64610.0,65004.0,64512.0,64998.0,1.09235575,1784073599999
1784073600000,65036.0,65036.0,64617.0,64641.0,0.60617472,1784080799999
1784080800000,64618.0,64773.0,64474.0,64773.0,0.59023747,1784087999999
1784088000000,64753.0,64912.0,64599.0,64912.0,0.59116198,1784095199999
1784095200000,64861.0,65208.0,64473.0,64528.0,2.38845829,1784102399999
1784102400000,64561.0,64880.0,64550.0,64617.0,0.76046099,1784109599999
1784109600000,64633.0,64791.0,64579.0,64719.0,0.9180732,1784116799999
1784116800000,64689.0,65500.0,64609.0,65058.0,3.96469963,1784123999999
1784124000000,65096.0,65540.0,65078.0,65378.0,2.83026929,1784131199999
1784131200000,65380.0,65398.0,64768.0,65024.0,2.2478531,1784138399999
1784138400000,65034.0,65083.0,64729.0,64891.0,0.60109897,1784145599999
1784145600000,64905.0,64998.0,64791.0,64791.0,0.5245754,1784152799999
1784152800000,64811.0,64947.0,64680.0,64764.0,0.41973845,1784159999999
1784160000000,64772.0,64801.0,64404.0,64775.0,1.10305635,1784167199999
1784167200000,64619.0,64675.0,64523.0,64523.0,0.38684937,1784174399999
1784174400000,64590.0,64918.0,64523.0,64877.0,0.46419238,1784181599999
1784181600000,64849.0,64905.0,64064.0,64178.0,3.04310891,1784188799999
1784188800000,64194.0,64280.0,63880.0,64039.0,1.45614802,1784195999999
1784196000000,64048.0,64209.0,64039.0,64209.0,0.43607392,1784203199999
1784203200000,64195.0,64421.0,63829.0,64277.0,1.48271399,1784210399999
1784210400000,64443.0,64838.0,64280.0,64730.0,1.25767079,1784217599999
1784217600000,64615.0,64615.0,63981.0,64002.0,0.85986067,1784224799999
1784224800000,64067.0,64280.0,64047.0,64218.0,1.09693516,1784231999999
1784232000000,64156.0,64178.0,64080.0,64164.0,0.44915087,1784239199999
1784239200000,64128.0,64177.0,63712.0,63842.0,0.74033558,1784246399999
1784246400000,63751.0,63951.0,63435.0,63483.0,0.88619309,1784253599999
1784253600000,63536.0,63632.0,63380.0,63537.0,1.32538643,1784260799999
1784260800000,63509.0,63509.0,62773.0,62782.0,2.35509811,1784267999999
1784268000000,62755.0,62934.0,62680.0,62818.0,3.24909119,1784275199999
1784275200000,62773.0,63015.0,62630.0,62952.0,2.17479675,1784282399999
1784282400000,62951.0,63280.0,62951.0,63246.0,2.59263513,1784289599999
1784289600000,63277.0,63277.0,62480.0,63062.0,2.73603715,1784296799999
1784296800000,63163.0,63414.0,62847.0,63322.0,2.79858393,1784303999999
1784304000000,63367.0,64176.0,63280.0,64016.0,4.26054113,1784311199999
1784311200000,64003.0,64332.0,63876.0,64140.0,2.65208937,1784318399999
1784318400000,64114.0,64183.0,63970.0,64071.0,0.26619507,1784325599999
1784325600000,64046.0,64062.0,63843.0,63912.0,0.27352253,1784332799999
1784332800000,63950.0,63950.0,63905.0,63940.0,0.16180421,1784339999999
1784340000000,63974.0,63974.0,63932.0,63932.0,0.04763227,1784347199999
1784347200000,63954.0,63959.0,63923.0,63949.0,0.08150037,1784354399999
1784354400000,63944.0,63991.0,63924.0,63984.0,0.04223427,1784361599999
1784361600000,63960.0,63970.0,63892.0,63949.0,0.2634252,1784368799999
1784368800000,63976.0,64021.0,63976.0,64021.0,0.0172891,1784375999999
1784376000000,64033.0,64220.0,63957.0,64013.0,0.5498794,1784383199999
1784383200000,64091.0,64133.0,64026.0,64053.0,0.2110779,1784390399999
1784390400000,64093.0,64488.0,64093.0,64488.0,0.87709721,1784397599999
1784397600000,64446.0,64607.0,64431.0,64524.0,0.50819487,1784404799999
1784404800000,64536.0,64772.0,64499.0,64697.0,0.4295818,1784411999999
1784412000000,64810.0,64811.0,64692.0,64717.0,1.7271895,1784419199999
1784419200000,64784.0,64865.0,64731.0,64742.0,0.60151251,1784426399999
1784426400000,64744.0,64900.0,64604.0,64653.0,0.89845607,1784433599999
1784433600000,64614.0,64742.0,64614.0,64709.0,0.11291974,1784440799999
1784440800000,64694.0,64739.0,64650.0,64680.0,0.27527901,1784447999999
1784448000000,64650.0,64693.0,64477.0,64477.0,0.6423323,1784455199999
1784455200000,64474.0,64650.0,64419.0,64434.0,0.88116104,1784462399999
1784462400000,64388.0,64468.0,64278.0,64445.0,0.58138621,1784469599999
1784469600000,64474.0,64574.0,64406.0,64526.0,0.36355069,1784476799999
1784476800000,64543.0,64689.0,64449.0,64565.0,1.79029611,1784483999999
1784484000000,64511.0,64511.0,64280.0,64375.0,0.3836558,1784491199999
1784491200000,64458.0,64516.0,64356.0,64364.0,0.24883507,1784498399999
1784498400000,64480.0,64845.0,64408.0,64653.0,0.86321825,1784505599999
1784505600000,64649.0,65035.0,64425.0,64485.0,1.11809896,1784512799999
1784512800000,64578.0,64920.0,64578.0,64816.0,1.00546133,1784519999999
1784520000000,64802.0,64802.0,64053.0,64083.0,1.64448238,1784527199999
1784527200000,64081.0,64220.0,63736.0,64220.0,1.99400753,1784534399999
1784534400000,64250.0,64280.0,63850.0,64181.0,1.35546649,1784541599999
1784541600000,64176.0,65018.0,64151.0,64931.0,1.41886813,1784548799999
1784548800000,64809.0,64809.0,64200.0,64242.0,1.7953652,1784555999999
1784556000000,64244.0,65612.0,64042.0,65504.0,1.96002571,1784563199999
1784563200000,65579.0,65579.0,65345.0,65535.0,1.63102632,1784570399999
1784570400000,65633.0,65748.0,65022.0,65126.0,1.3329691,1784577599999
1784577600000,65115.0,65391.0,65070.0,65283.0,0.8886612,1784584799999
1784584800000,65125.0,65208.0,65076.0,65170.0,1.97119764,1784591999999
1784592000000,65169.0,65592.0,65154.0,65280.0,0.76294004,1784599199999
1784599200000,65211.0,65539.0,65133.0,65539.0,0.76081962,1784606399999
1784606400000,65539.0,65880.0,65450.0,65680.0,0.80973629,1784613599999
1784613600000,65751.0,66189.0,65638.0,66144.0,2.59566437,1784620799999
1784620800000,66160.0,66291.0,66120.0,66272.0,2.62165545,1784627999999
1784628000000,66240.0,66363.0,66114.0,66359.0,1.00328262,1784635199999
1784635200000,66286.0,66744.0,66234.0,66725.0,4.81676543,1784642399999
1784642400000,66745.0,66905.0,66518.0,66632.0,3.39010109,1784649599999
1784649600000,66672.0,66716.0,66000.0,66183.0,1.72782618,1784656799999
1784656800000,66167.0,66452.0,66093.0,66415.0,0.82362098,1784663999999
1784664000000,66419.0,66455.0,66280.0,66339.0,0.56128834,1784671199999
1784671200000,66307.0,66480.0,66203.0,66480.0,0.05815477,1784678399999
1784678400000,66543.0,66708.0,66280.0,66410.0,0.13307326,1784685599999
1784685600000,66413.0,66480.0,66143.0,66230.0,0.08091223,1784692799999
1784692800000,66080.0,66087.0,65931.0,65971.0,0.62912061,1784699999999
1784700000000,65936.0,65953.0,65680.0,65814.0,1.18185442,1784707199999
1784707200000,65815.0,66078.0,65812.0,65812.0,0.78861635,1784714399999
1784714400000,65872.0,66027.0,65872.0,65982.0,0.52906255,1784721599999
1784721600000,65914.0,65927.0,65533.0,65822.0,1.44236077,1784728799999
1784728800000,65880.0,66160.0,65576.0,65985.0,1.88623169,1784735999999
1784736000000,66045.0,66349.0,65917.0,66194.0,1.1881817,1784743199999
1784743200000,66008.0,66008.0,65674.0,65922.0,0.56636756,1784750399999
1784750400000,65885.0,66096.0,65796.0,66035.0,0.37846322,1784757599999
1784757600000,65956.0,66048.0,65900.0,66030.0,0.35568175,1784764799999
1784764800000,66053.0,66280.0,65724.0,65820.0,2.14756251,1784771999999
1784772000000,65797.0,65803.0,65564.0,65627.0,2.93381832,1784779199999
1784779200000,65608.0,65746.0,65543.0,65662.0,0.97587726,1784786399999
1784786400000,65675.0,65775.0,65327.0,65413.0,1.32907357,1784793599999
1784793600000,65405.0,65724.0,65405.0,65709.0,0.33723635,1784800799999
1784800800000,65616.0,65768.0,65517.0,65530.0,1.76065999,1784807999999
1784808000000,65490.0,65540.0,64842.0,65139.0,3.21601165,1784815199999
1784815200000,64843.0,65135.0,64719.0,64937.0,0.90188497,1784822399999
1784822400000,64800.0,64857.0,64600.0,64639.0,0.96476687,1784829599999
1784829600000,64669.0,64900.0,64662.0,64691.0,1.10239013,1784836799999
1784836800000,64775.0,65122.0,64770.0,65096.0,0.37339885,1784843999999
1784844000000,65087.0,65150.0,64972.0,64989.0,0.78658648,1784851199999
1784851200000,65027.0,65091.0,64719.0,65031.0,1.38364496,1784858399999
1784858400000,65039.0,65395.0,64916.0,65395.0,0.55482715,1784865599999
1784865600000,65418.0,65418.0,65228.0,65262.0,0.28541614,1784872799999
1784872800000,65238.0,65764.0,65236.0,65313.0,0.568479,1784879999999
1784880000000,65458.0,65458.0,64920.0,65066.0,5.01331483,1784887199999
1784887200000,65109.0,65109.0,64812.0,65048.0,0.37279312,1784894399999
1784894400000,65015.0,65015.0,63893.0,63931.0,2.33295815,1784901599999
1784901600000,64120.0,64246.0,63680.0,63989.0,2.4635442,1784908799999
1784908800000,64021.0,64108.0,63827.0,64033.0,0.61902033,1784915999999
1784916000000,64103.0,64298.0,64095.0,64137.0,1.22484798,1784923199999
1784923200000,64158.0,64158.0,64074.0,64076.0,0.48675704,1784930399999
1784930400000,64084.0,64140.0,64072.0,64107.0,0.32146255,1784937599999
1784937600000,64108.0,64111.0,63984.0,64068.0,1.18592303,1784944799999
1784944800000,64025.0,64027.0,63989.0,64015.0,0.03615654,1784951999999
1784952000000,64055.0,64132.0,63929.0,63948.0,0.12169033,1784959199999
1784959200000,63980.0,64004.0,63904.0,63951.0,0.47291643,1784966399999
1784966400000,63880.0,63964.0,63750.0,63937.0,0.87395701,1784973599999
1784973600000,63951.0,64011.0,63951.0,63996.0,0.17331619,1784980799999
1784980800000,64010.0,64180.0,63981.0,64109.0,0.23771896,1784987999999
1784988000000,64067.0,64205.0,64067.0,64149.0,0.27101149,1784995199999
1784995200000,64145.0,64280.0,64125.0,64195.0,0.20686536,1785002399999
1785002400000,64323.0,64365.0,64289.0,64333.0,0.46751998,1785009599999
1785009600000,64319.0,64346.0,64280.0,64280.0,0.60328552,1785016799999
1785016800000,64365.0,64373.0,64365.0,64369.0,0.01377355,1785023999999
1785024000000,64402.0,64481.0,64402.0,64440.0,0.07536304,1785031199999
1785031200000,64421.0,64500.0,64403.0,64476.0,1.18460505,1785038399999
1785038400000,64440.0,64502.0,64401.0,64401.0,0.0962882,1785045599999
1785045600000,64301.0,64385.0,64236.0,64385.0,0.06538288,1785052799999
1785052800000,64302.0,64489.0,64300.0,64466.0,0.17738544,1785059999999
1785060000000,64446.0,64505.0,64446.0,64463.0,0.06329339,1785067199999
1785067200000,64478.0,64583.0,64339.0,64487.0,1.45470934,1785074399999
1785074400000,64511.0,64765.0,64511.0,64702.0,0.76786706,1785081599999
1785081600000,64672.0,64864.0,64640.0,64663.0,0.28571974,1785088799999
1785088800000,64663.0,64683.0,64624.0,64642.0,0.1388993,1785095999999
1785096000000,64655.0,64803.0,64570.0,64797.0,1.4738719,1785103199999
1785103200000,64900.0,65499.0,64900.0,65323.0,1.84657774,1785110399999
1785110400000,65200.0,65203.0,64859.0,65077.0,0.29650151,1785117599999
1785117600000,65153.0,65280.0,65083.0,65280.0,0.40586941,1785124799999
1785124800000,65239.0,65419.0,65209.0,65339.0,0.48601438,1785131999999
1785132000000,65480.0,65680.0,65232.0,65232.0,0.2868551,1785139199999
1785139200000,65102.0,65147.0,65068.0,65146.0,0.21319635,1785146399999
1785146400000,65268.0,65369.0,65077.0,65077.0,0.41707576,1785153599999
1785153600000,65072.0,65644.0,64823.0,65253.0,2.94450156,1785160799999
1785160800000,65314.0,65322.0,64363.0,64496.0,3.24103708,1785167999999
1785168000000,64499.0,65010.0,64474.0,64929.0,1.50974328,1785175199999
1785175200000,64950.0,65000.0,64721.0,64921.0,0.51338954,1785182399999
1785182400000,64927.0,64955.0,64773.0,64777.0,0.6509294,1785189599999
1785189600000,64737.0,64737.0,63527.0,63725.0,2.18630369,1785196799999
1785196800000,63692.0,63734.0,63050.0,63177.0,1.77692669,1785203999999
1785204000000,63184.0,63280.0,63080.0,63237.0,0.58372726,1785211199999
1785211200000,63279.0,63533.0,63179.0,63422.0,1.46411582,1785218399999
1785218400000,63380.0,63566.0,63380.0,63448.0,0.49541536,1785225599999
1785225600000,63389.0,63481.0,63296.0,63481.0,0.53595191,1785232799999
1785232800000,63288.0,63480.0,63280.0,63453.0,0.69373428,1785239999999
1785240000000,63413.0,63493.0,62679.0,63032.0,2.0754431,1785247199999
1785247200000,63044.0,63951.0,63000.0,63846.0,5.26840496,1785254399999
1785254400000,63858.0,64038.0,63465.0,63606.0,3.83520181,1785261599999
1785261600000,63688.0,63799.0,63635.0,63741.0,0.3264057,1785268799999
1785268800000,63855.0,63956.0,63835.0,63906.0,0.47193927,1785275999999
1785276000000,63895.0,63933.0,63520.0,63820.0,0.35889519,1785283199999
1785283200000,63866.0,64120.0,63664.0,63664.0,0.66873541,1785290399999
1785290400000,63665.0,64050.0,63622.0,63656.0,0.61988646,1785297599999
1785297600000,63545.0,63962.0,63545.0,63962.0,0.09569322,1785304799999
1785304800000,64046.0,64499.0,64046.0,64499.0,0.3049265,1785311999999
1785312000000,64472.0,64632.0,64261.0,64632.0,0.69205174,1785319199999
1785319200000,64600.0,64613.0,64359.0,64432.0,1.01697488,1785326399999
1785326400000,64446.0,64565.0,64106.0,64470.0,0.94616267,1785333599999
1785333600000,64645.0,64645.0,63880.0,63901.0,1.67546888,1785340799999
1785340800000,63921.0,64186.0,63601.0,64186.0,1.39873043,1785347999999
1785348000000,64228.0,64550.0,63466.0,63602.0,2.89396507,1785355199999
1785355200000,63547.0,63710.0,63243.0,63706.0,2.33266191,1785362399999
1785362400000,63799.0,64025.0,63799.0,63912.0,0.4878464,1785369599999
1785369600000,63961.0,64292.0,63602.0,64197.0,0.88891522,1785376799999
1785376800000,64257.0,64322.0,64080.0,64085.0,1.02419561,1785383999999
1785384000000,64086.0,64090.0,63873.0,63959.0,0.4219472,1785391199999
1785391200000,63960.0,64058.0,63893.0,63926.0,1.49022142,1785398399999
1785398400000,63930.0,64518.0,63921.0,64489.0,1.04938633,1785405599999
1785405600000,64511.0,64791.0,64511.0,64730.0,0.27815076,1785412799999
1785412800000,64739.0,65114.0,64645.0,64999.0,1.02716721,1785419999999
1785420000000,64956.0,64972.0,64581.0,64707.0,0.83562091,1785427199999
1785427200000,64684.0,64920.0,64684.0,64888.0,0.75384417,1785434399999
1785434400000,64787.0,64811.0,64656.0,64754.0,0.95290201,1785441599999
1785441600000,64759.0,64845.0,64680.0,64703.0,1.39435121,1785448799999
1785448800000,64638.0,65040.0,64638.0,64779.0,0.70173444,1785455999999
1785456000000,64765.0,65358.0,64476.0,64569.0,1.29432196,1785463199999
1785463200000,64521.0,64539.0,64134.0,64330.0,1.25886094,1785470399999
1785470400000,64327.0,64370.0,64246.0,64263.0,0.34340473,1785477599999
1785477600000,64328.0,64444.0,63840.0,63897.0,2.20053655,1785484799999
1785484800000,63840.0,63935.0,63597.0,63660.0,2.13122161,1785491999999
1785492000000,63675.0,63926.0,63568.0,63747.0,1.65179279,1785499199999
1785499200000,63771.0,63771.0,63161.0,63161.0,2.27182181,1785506399999
1785506400000,63201.0,63231.0,62400.0,62680.0,3.26733926,1785513599999
1785513600000,62642.0,63216.0,62640.0,63216.0,1.01850035,1785520799999
1785520800000,63235.0,63239.0,62883.0,62909.0,1.25209962,1785527999999
1785528000000,62934.0,62999.0,62828.0,62944.0,0.56237079,1785535199999
1785535200000,62880.0,62965.0,62815.0,62829.0,0.1403842,1785542399999
1785542400000,62842.0,62941.0,62842.0,62910.0,0.81443157,1785549599999
1785549600000,62930.0,63043.0,62930.0,62958.0,1.46161761,1785556799999
1785556800000,62956.0,63080.0,62956.0,62958.0,0.61274027,1785563999999
1785564000000,62986.0,63056.0,62981.0,63037.0,0.2016284,1785571199999
1785571200000,63036.0,63098.0,63000.0,63012.0,1.18909813,1785578399999
1785578400000,63054.0,63054.0,62937.0,63033.0,0.24438929,1785585599999
1785585600000,63060.0,63060.0,63000.0,63000.0,0.2125508,1785592799999
1785592800000,63054.0,63070.0,62962.0,62962.0,0.04497642,1785599999999
1785600000000,62917.0,62950.0,62602.0,62602.0,0.51201982,1785607199999
1785607200000,62591.0,62597.0,62248.0,62444.0,0.95322826,1785614399999
1785614400000,62443.0,62808.0,62443.0,62753.0,0.26350915,1785621599999
1785621600000,62771.0,62814.0,62756.0,62774.0,0.09967983,1785628799999
1785628800000,62848.0,63016.0,62805.0,62936.0,0.64997641,1785635999999
1785636000000,62945.0,63481.0,62945.0,63387.0,2.16733009,1785643199999
1785643200000,63461.0,63551.0,63392.0,63398.0,0.42376492,1785650399999
1785650400000,63402.0,63480.0,63379.0,63441.0,0.77365208,1785657599999
1785657600000,63470.0,63470.0,63054.0,63215.0,0.42038406,1785664799999
1785664800000,63159.0,63198.0,62951.0,62976.0,0.32325621,1785671999999
1785672000000,63003.0,63162.0,62970.0,62970.0,0.33094795,1785679199999
1785679200000,63045.0,63123.0,63022.0,63083.0,0.30773067,1785686399999
1785686400000,63053.0,63298.0,63049.0,63256.0,0.79456533,1785693599999
1785693600000,63233.0,63525.0,63232.0,63410.0,0.38879774,1785700799999
1785700800000,63381.0,63710.0,63373.0,63516.0,0.70973766,1785707999999
1785708000000,63576.0,63730.0,63297.0,63456.0,0.76700528,1785715199999
1785715200000,63337.0,63337.0,63030.0,63145.0,0.89660655,1785722399999
1785722400000,63145.0,63145.0,62711.0,62850.0,0.95409639,1785729599999
1785729600000,62809.0,62883.0,62690.0,62766.0,0.72847243,1785736799999
1785736800000,62771.0,62793.0,62490.0,62529.0,1.48485298,1785743999999
1785744000000,62567.0,62780.0,62252.0,62780.0,0.99249812,1785751199999
1785751200000,62768.0,62768.0,62505.0,62505.0,0.61401894,1785758399999
1785758400000,62533.0,63324.0,62421.0,63324.0,1.10354166,1785765599999
1785765600000,63177.0,63932.0,63099.0,63638.0,4.6895644,1785772799999
1785772800000,63631.0,64000.0,63631.0,63839.0,1.35790058,1785779999999
1785780000000,63844.0,64025.0,63732.0,63837.0,2.08425694,1785787199999
1785787200000,63800.0,63984.0,63549.0,63549.0,0.90850694,1785794399999
1785794400000,63482.0,63611.0,63365.0,63495.0,0.49413666,1785801599999
1785801600000,63502.0,63880.0,63280.0,63770.0,0.22184333,1785808799999
1785808800000,63822.0,63897.0,63656.0,63680.0,0.06340124,1785815999999
1785816000000,63727.0,64181.0,63722.0,63803.0,0.4432367,1785823199999
1785823200000,63753.0,63790.0,63479.0,63648.0,0.81263433,1785830399999
1785830400000,63566.0,63602.0,63468.0,63556.0,0.74682987,1785837599999
1785837600000,63550.0,63888.0,63413.0,63874.0,2.11389909,1785844799999
1785844800000,63842.0,64023.0,63634.0,63654.0,1.19724574,1785851999999
1785852000000,63602.0,64182.0,63583.0,64096.0,2.66811404,1785859199999
1785859200000,64043.0,64136.0,63865.0,63925.0,1.83523754,1785866399999
1785866400000,63970.0,64376.0,63970.0,64226.0,1.78199343,1785873599999
1785873600000,64208.0,64386.0,63960.0,64158.0,1.05519753,1785880799999
1785880800000,64142.0,64480.0,64074.0,64074.0,1.03878509,1785887999999
1785888000000,64047.0,64282.0,63938.0,64276.0,0.86476879,1785895199999
1785895200000,64307.0,64455.0,63819.0,64108.0,1.27541665,1785902399999
1785902400000,64138.0,64469.0,64065.0,64308.0,2.68956953,1785909599999
1785909600000,64283.0,64324.0,63963.0,64108.0,2.83734965,1785916799999
1785916800000,64105.0,64235.0,64052.0,64127.0,2.32155071,1785923999999
1785924000000,64089.0,64171.0,63955.0,64024.0,1.90461505,1785931199999
1785931200000,64026.0,64530.0,63856.0,64347.0,3.98459568,1785938399999
1785938400000,64342.0,64708.0,64268.0,64360.0,5.82123183,1785945599999
1785945600000,64353.0,64738.0,64353.0,64738.0,2.22977962,1785952799999
1785952800000,64713.0,64923.0,64636.0,64814.0,1.4025534,1785959999999
1785960000000,64806.0,64950.0,64617.0,64685.0,0.73090409,1785967199999
1785967200000,64695.0,64695.0,64554.0,64568.0,0.48397734,1785974399999
1785974400000,64576.0,64634.0,64444.0,64600.0,0.32433234,1785981599999
1785981600000,64553.0,64553.0,64407.0,64495.0,0.81327678,1785988799999
1785988800000,64479.0,64912.0,64479.0,64808.0,0.68325934,1785995999999
1785996000000,64805.0,64930.0,64734.0,64734.0,0.40537548,1786003199999
1786003200000,64731.0,64928.0,64611.0,64623.0,0.65807779,1786010399999
1786010400000,64610.0,64610.0,64453.0,64518.0,1.0278214,1786017599999
1786017600000,64572.0,64572.0,64117.0,64400.0,1.75265076,1786024799999
1786024800000,64333.0,64916.0,64327.0,64621.0,0.95046672,1786031999999
1786032000000,64597.0,64783.0,64504.0,64594.0,0.49281923,1786039199999
1786039200000,64558.0,64562.0,64321.0,64419.0,0.85507697,1786046399999
1786046400000,64437.0,64479.0,64387.0,64420.0,0.16240138,1786053599999
1786053600000,64356.0,64395.0,64158.0,64268.0,0.32377063,1786060799999
1786060800000,64265.0,64406.0,64203.0,64358.0,0.6029989,1786067999999
1786068000000,64383.0,64480.0,64219.0,64237.0,0.6891507,1786075199999
1786075200000,64227.0,64325.0,64122.0,64325.0,0.21868202,1786082399999
1786082400000,64287.0,64390.0,64225.0,64317.0,0.37417649,1786089599999
1786089600000,64358.0,64912.0,64358.0,64784.0,1.284128,1786096799999
1786096800000,64817.0,65162.0,64769.0,64964.0,2.18015595,1786103999999
1786104000000,64988.0,65334.0,64958.0,64995.0,6.93824556,1786111199999
1786111200000,64975.0,65210.0,64758.0,64880.0,6.44041646,1786118399999
1786118400000,64885.0,65006.0,64507.0,64711.0,1.03038477,1786125599999
1786125600000,64729.0,64988.0,64649.0,64934.0,0.92134773,1786132799999
1786132800000,64929.0,65030.0,64921.0,65008.0,0.25019615,1786139999999
1786140000000,64886.0,64909.0,64835.0,64888.0,0.13096246,1786147199999
1786147200000,64887.0,64972.0,64887.0,64891.0,0.08944522,1786154399999
1786154400000,64887.0,65010.0,64869.0,65009.0,0.02791289,1786161599999
1786161600000,65024.0,65034.0,64947.0,64965.0,0.14269686,1786168799999
1786168800000,64969.0,65010.0,64921.0,64932.0,0.55337071,1786175999999
1786176000000,64954.0,65015.0,64954.0,64993.0,0.08856447,1786183199999
1786183200000,64984.0,64999.0,64934.0,64934.0,0.03468405,1786190399999
1786190400000,64910.0,64995.0,64907.0,64980.0,0.11491568,1786197599999
1786197600000,65034.0,65140.0,65013.0,65057.0,0.14548122,1786204799999
1786204800000,65068.0,65091.0,65018.0,65091.0,0.11252131,1786211999999
1786212000000,65073.0,65073.0,64976.0,65034.0,0.47670407,1786219199999
1786219200000,65033.0,65050.0,64994.0,65016.0,0.10185669,1786226399999
1786226400000,64985.0,64985.0,64890.0,64918.0,0.55598618,1786233599999
1786233600000,64911.0,64959.0,64828.0,64828.0,0.11453295,1786240799999
1786240800000,64827.0,64827.0,64720.0,64752.0,0.16601989,1786247999999
1786248000000,64782.0,64782.0,64734.0,64750.0,0.33265474,1786255199999
1786255200000,64761.0,64819.0,64761.0,64818.0,0.37635769,1786262399999
1786262400000,64789.0,64883.0,64750.0,64800.0,0.21253693,1786269599999
1786269600000,64878.0,64947.0,64878.0,64947.0,0.09016148,1786276799999
1786276800000,64890.0,65225.0,64883.0,65175.0,1.66737539,1786283999999
1786284000000,65167.0,65231.0,65117.0,65182.0,2.58726989,1786291199999
1786291200000,65185.0,65200.0,65138.0,65177.0,0.81769877,1786298399999
