openTime,open,high,low,close,volume,closeTime
1649203200000,161.79,161.96,159.42,159.74,13.97649585,1649246399999
1649246400000,159.75,160.24,148.84,152.31,1108.30506574,1649289599999
1649289600000,150.69,158.37,148.96,157.59,218.33972882,1649332799999
1649332800000,157.72,159.27,150.77,155.49,322.47050843,1649375999999
1649376000000,156.03,159.24,153.38,153.76,148.24779036,1649419199999
1649419200000,154.49,155.96,147.31,148.0,344.72925427,1649462399999
1649462400000,148.47,153.0,148.0,152.72,115.48936112,1649505599999
1649505600000,152.78,154.61,151.5,154.61,121.07260495,1649548799999
1649548800000,154.35,155.08,151.62,152.61,184.91987929,1649591999999
1649592000000,152.42,157.12,148.93,148.93,116.75534945,1649635199999
1649635200000,148.0,149.79,140.13,141.31,150.54349013,1649678399999
1649678400000,141.7,143.77,136.71,138.93,334.81923376,1649721599999
1649721600000,139.3,146.39,138.48,146.39,77.38214867,1649764799999
1649764800000,146.25,146.61,139.61,144.45,200.68603123,1649807999999
1649808000000,145.16,147.43,143.07,143.07,97.99761497,1649851199999
1649851200000,143.27,147.69,142.67,146.61,70.71294739,1649894399999
1649894400000,148.59,150.16,146.01,147.43,136.7918644,1649937599999
1649937600000,146.67,148.76,140.86,143.46,38.86413976,1649980799999
1649980800000,144.03,145.05,143.15,144.24,61.76839523,1650023999999
1650024000000,143.07,144.27,141.91,143.82,37.61550994,1650067199999
1650067200000,143.88,144.59,143.05,144.08,19.33391031,1650110399999
1650110400000,143.79,144.58,140.84,144.0,38.20312213,1650153599999
1650153600000,143.29,143.62,142.29,143.09,20.82350605,1650196799999
1650196800000,142.5,146.12,141.06,141.06,168.41124684,1650239999999
1650240000000,141.34,142.07,135.42,136.55,86.74220609,1650283199999
1650283200000,137.09,143.9,137.09,143.36,162.72401489,1650326399999
1650326400000,143.59,150.8,142.76,149.59,485.49255429,1650369599999
1650369600000,149.01,153.17,148.26,152.83,673.81604081,1650412799999
1650412800000,153.0,156.6,151.25,153.99,921.03154581,1650455999999
1650456000000,154.89,155.18,148.0,150.42,720.73476688,1650499199999
1650499200000,150.17,153.94,149.48,151.8,119.18629212,1650542399999
1650542400000,152.25,154.11,143.25,145.08,392.28924828,1650585599999
1650585600000,145.03,155.49,145.03,147.95,217.99316898,1650628799999
1650628800000,147.96,147.96,142.69,143.71,231.44967044,1650671999999
1650672000000,142.63,143.81,140.69,143.5,46.91683968,1650715199999
1650715200000,142.52,145.05,142.52,142.65,107.47995579,1650758399999
1650758400000,143.19,144.85,142.64,142.67,46.87212495,1650801599999
1650801600000,142.97,143.49,139.75,140.46,327.15606552,1650844799999
1650844800000,139.54,139.81,133.39,136.12,457.69543928,1650887999999
1650888000000,137.11,146.27,137.11,146.15,541.33636987,1650931199999
1650931200000,146.17,148.91,145.37,148.52,286.66118917,1650974399999
1650974400000,148.33,149.17,135.47,136.19,631.21077358,1651017599999
1651017600000,136.29,143.34,136.29,138.83,197.33262476,1651060799999
1651060800000,139.52,142.62,139.08,141.6,141.61891551,1651103999999
1651104000000,142.3,144.53,141.13,143.6,104.3880597,1651147199999
1651147200000,143.79,143.79,139.25,140.16,208.19068739,1651190399999
1651190400000,140.08,140.11,128.74,130.32,165.34003257,1651233599999
1651233600000,130.69,133.1,124.94,127.13,350.87547568,1651276799999
1651276800000,128.26,128.69,126.54,128.19,125.98347347,1651319999999
1651320000000,128.47,128.47,115.66,120.14,225.799707,1651363199999
1651363200000,120.98,122.64,119.49,120.9,226.36101154,1651406399999
1651406400000,120.74,123.54,116.62,120.74,609.19918456,1651449599999
1651449600000,120.96,123.37,119.19,119.23,237.81545211,1651492799999
1651492800000,119.22,121.02,116.79,119.09,445.39257977,1651535999999
1651536000000,119.14,121.31,119.14,120.72,88.49172332,1651579199999
1651579200000,121.35,121.46,115.97,117.4,333.18610055,1651622399999
1651622400000,118.11,122.85,117.97,121.92,149.59564369,1651665599999
1651665600000,121.88,133.6,118.72,128.98,824.13760418,1651708799999
1651708800000,129.69,132.31,128.8,131.82,206.82766274,1651751999999
1651752000000,131.79,131.79,116.3,118.65,963.53207425,1651795199999
1651795200000,119.11,119.95,112.18,114.42,423.52552697,1651838399999
1651838400000,114.9,117.15,112.01,115.89,603.06952661,1651881599999
1651881600000,115.6,115.81,112.99,115.49,86.71774671,1651924799999
1651924800000,114.61,116.1,107.2,109.98,355.51949789,1651967999999
1651968000000,110.54,110.75,106.9,110.01,512.91499733,1652011199999
1652011200000,110.1,111.5,106.51,106.76,471.50959891,1652054399999
1652054400000,109.04,109.06,101.05,103.34,893.73829566,1652097599999
1652097600000,102.62,105.25,95.555,99.91,1623.51202874,1652140799999
1652140800000,100.97,113.05,99.649,109.26,1142.8634676,1652183999999
1652184000000,109.16,110.91,101.9,102.6,828.4823973,1652227199999
1652227200000,103.76,105.89,100.8,100.8,394.2986182,1652270399999
1652270400000,101.2,103.22,27.99,80.609,4077.08385735,1652313599999
1652313600000,79.993,82.343,65.0,77.533,2555.08713665,1652356799999
1652356800000,77.319,81.534,72.808,74.732,1224.24323751,1652399999999
1652400000000,74.869,89.636,74.112,85.256,1359.08302189,1652443199999
1652443200000,85.238,86.118,82.339,83.403,1137.81554958,1652486399999
1652486400000,84.223,84.728,82.138,83.111,400.55325217,1652529599999
1652529600000,82.766,85.52,81.311,85.013,364.75995612,1652572799999
1652572800000,85.008,87.425,82.305,87.145,155.2243273,1652615999999
1652616000000,87.145,92.364,87.145,90.906,358.53679036,1652659199999
1652659200000,89.037,89.537,84.648,87.853,453.56072785,1652702399999
1652702400000,86.852,91.036,86.124,90.215,395.01035161,1652745599999
1652745600000,90.805,98.437,90.033,95.895,789.62632233,1652788799999
1652788800000,95.728,97.916,91.914,94.891,719.08284706,1652831999999
1652832000000,95.339,95.339,92.721,93.927,223.78656733,1652875199999
1652875200000,93.545,93.545,87.067,87.067,540.14373826,1652918399999
1652918400000,87.265,87.624,84.242,87.229,293.73060964,1652961599999
1652961600000,85.857,89.036,85.398,86.589,408.40604744,1653004799999
1653004800000,87.072,88.327,84.284,88.327,306.13583058,1653047999999
1653048000000,88.352,88.352,81.816,84.464,389.25182099,1653091199999
1653091200000,83.826,87.15,83.39,86.084,195.42742843,1653134399999
1653134400000,86.287,86.997,85.273,86.744,288.97862689,1653177599999
1653177600000,87.091,87.987,85.6,86.816,175.43985016,1653220799999
1653220800000,86.958,88.13,85.6,87.351,266.41545748,1653263999999
1653264000000,87.59,89.05,85.708,87.361,218.35257933,1653307199999
1653307200000,87.621,88.089,84.442,84.771,906.4708196,1653350399999
1653350400000,84.971,85.778,83.115,83.547,283.26186442,1653393599999
1653393600000,84.775,85.432,82.793,84.286,263.69177437,1653436799999
1653436800000,83.78,84.713,81.224,82.042,395.09655237,1653479999999
1653480000000,81.876,83.104,81.589,81.589,428.36551254,1653523199999
1653523200000,81.799,82.044,73.236,73.707,576.12574463,1653566399999
1653566400000,73.644,74.505,67.723,67.757,3847.58892618,1653609599999
1653609600000,67.892,68.612,61.34,62.66,1426.05596965,1653652799999
1653652800000,62.452,65.621,61.496,63.123,1326.85141814,1653695999999
1653696000000,64.281,65.037,62.477,63.58,408.75776024,1653739199999
1653739200000,64.09,66.181,63.605,66.181,491.39627892,1653782399999
1653782400000,65.184,68.009,64.319,68.009,599.06821579,1653825599999
1653825600000,68.441,77.316,67.649,77.316,1407.27744529,1653868799999
1653868800000,77.317,79.01,75.322,78.107,876.56972904,1653911999999
1653912000000,78.107,81.189,75.661,79.816,913.28894062,1653955199999
1653955200000,80.278,80.447,75.858,77.452,477.88077753,1653998399999
1653998400000,77.588,77.831,74.542,75.639,1323.2347406,1654041599999
1654041600000,75.721,80.0,73.236,74.51,960.40908608,1654084799999
1654084800000,74.258,75.315,70.772,71.395,800.75362133,1654127999999
1654128000000,71.025,72.972,69.883,72.885,486.03174712,1654171199999
1654171200000,72.565,76.986,70.911,72.665,1228.99058253,1654214399999
1654214400000,72.864,73.314,70.39,70.924,247.93083698,1654257599999
1654257600000,71.128,72.652,70.508,72.369,544.81902276,1654300799999
1654300800000,72.39,72.651,71.3,71.443,147.00249668,1654343999999
1654344000000,70.855,72.171,70.484,71.728,267.0374905,1654387199999
1654387200000,71.601,72.265,70.763,70.782,208.08460516,1654430399999
1654430400000,70.73,71.406,68.089,68.269,749.97730835,1654473599999
1654473600000,68.163,69.34,60.0,62.043,3137.71707388,1654516799999
1654516800000,61.964,67.291,59.819,64.967,7095.86965168,1654559999999
1654560000000,64.246,64.679,61.345,62.065,1217.12342201,1654603199999
1654603200000,62.158,65.103,61.127,62.41,2610.09701833,1654646399999
1654646400000,62.073,63.823,61.42,62.494,1763.20796675,1654689599999
1654689600000,62.458,62.978,60.912,60.979,1278.56312989,1654732799999
1654732800000,60.0,60.0,57.087,58.503,1723.31812952,1654775999999
1654776000000,58.72,59.488,57.565,57.982,1492.76015682,1654819199999
1654819200000,57.967,58.948,56.385,57.576,583.1663502,1654862399999
1654862400000,57.817,58.231,52.799,53.898,1867.01987658,1654905599999
1654905600000,53.761,54.555,50.64,51.332,1254.94970926,1654948799999
1654948800000,51.582,51.911,47.036,48.006,2314.08829334,1654991999999
1654992000000,48.191,49.4,43.345,43.39,5396.77782316,1655035199999
1655035200000,43.463,46.769,40.521,42.787,4225.00130246,1655078399999
1655078400000,42.911,43.052,36.43,38.082,7614.42950452,1655121599999
1655121600000,38.856,41.439,36.569,40.012,6719.33225803,1655164799999
1655164800000,39.801,45.472,37.766,42.484,5105.64185253,1655207999999
1655208000000,42.825,44.975,41.537,44.229,3919.51267375,1655251199999
1655251200000,44.043,45.285,39.485,41.717,3336.48507136,1655294399999
1655294400000,41.708,60.0,41.62,53.486,6173.0007839,1655337599999
1655337600000,54.281,54.963,47.23,47.649,2780.62582323,1655380799999
1655380800000,48.034,50.92,46.969,47.515,5073.87442931,1655423999999
1655424000000,49.081,53.0,48.455,50.972,2129.79271089,1655467199999
1655467200000,51.207,51.467,48.486,50.202,1430.55692875,1655510399999
1655510400000,50.134,52.2,43.716,45.341,2720.36503807,1655553599999
1655553600000,45.28,45.404,40.987,43.517,4256.50353401,1655596799999
1655596800000,43.573,47.032,41.179,46.735,3265.41314441,1655639999999
1655640000000,46.89,52.795,46.097,50.421,3242.64887189,1655683199999
1655683200000,50.545,54.086,48.517,53.59,3716.44068582,1655726399999
1655726400000,53.785,55.6,51.452,54.327,4540.69900993,1655769599999
1655769600000,53.901,61.228,53.302,57.124,3965.2066115,1655812799999
1655812800000,57.785,59.878,55.352,55.491,3512.83013456,1655855999999
1655856000000,54.826,58.618,53.96,57.039,2803.61440198,1655899199999
1655899200000,56.273,58.518,54.836,55.342,1348.90816086,1655942399999
1655942400000,55.347,57.934,55.199,56.73,2027.62234265,1655985599999
1655985600000,56.841,57.482,54.666,57.482,1809.59241459,1656028799999
1656028800000,57.708,59.967,57.708,59.509,1615.39654621,1656071999999
1656072000000,59.505,61.907,58.124,59.829,2769.45932941,1656115199999
1656115200000,59.74,61.167,59.254,59.678,678.24047682,1656158399999
1656158400000,58.885,59.502,56.963,58.654,1463.85965159,1656201599999
1656201600000,58.577,59.172,56.692,59.013,1088.36479129,1656244799999
1656244800000,59.001,59.522,52.101,52.148,2073.58737347,1656287999999
1656288000000,52.628,55.547,52.527,54.011,791.21613153,1656331199999
1656331200000,54.326,54.477,52.146,53.101,921.05045868,1656374399999
1656374400000,53.208,53.581,51.063,53.292,1635.54713043,1656417599999
1656417600000,53.106,54.11,49.062,49.121,2845.21223725,1656460799999
1656460800000,49.279,50.096,47.71,48.516,1855.15507813,1656503999999
1656504000000,48.637,49.6,47.0,48.195,1360.53818148,1656547199999
1656547200000,47.744,48.066,44.458,45.236,2178.80544864,1656590399999
1656590400000,45.323,48.919,44.879,48.919,6431.98599142,1656633599999
1656633600000,48.281,50.064,46.789,48.27,1701.07058454,1656676799999
1656676800000,48.696,50.159,48.229,48.74,2230.49916093,1656719999999
1656720000000,49.237,49.319,46.968,47.453,1135.01107526,1656763199999
1656763200000,47.685,49.177,47.669,48.407,466.62425636,1656806399999
1656806400000,48.209,48.892,47.418,47.758,391.75168391,1656849599999
1656849600000,47.733,49.868,47.135,48.648,513.00304225,1656892799999
1656892800000,48.626,50.521,48.081,50.521,569.68888355,1656935999999
1656936000000,50.871,52.044,49.788,52.044,563.37918726,1656979199999
1656979200000,51.931,53.608,51.347,51.692,3241.69430775,1657022399999
1657022400000,51.678,53.638,50.581,52.812,2239.75384212,1657065599999
1657065600000,52.856,53.411,51.984,53.399,642.61081037,1657108799999
1657108800000,53.344,54.156,53.173,53.705,358.94158922,1657151999999
1657152000000,53.878,53.994,52.484,53.185,273.99227223,1657195199999
1657195200000,53.385,56.354,53.051,55.18,1833.90371728,1657238399999
1657238400000,54.976,56.032,53.117,53.459,978.56712322,1657281599999
1657281600000,53.128,54.015,52.346,54.015,1582.39829731,1657324799999
1657324800000,53.459,56.09,53.459,55.251,390.3436049,1657367999999
1657368000000,55.54,55.928,54.88,55.399,884.55223128,1657411199999
1657411200000,55.316,55.316,53.295,53.566,367.3315588,1657454399999
1657454400000,53.435,53.731,50.868,51.574,830.49115743,1657497599999
1657497600000,51.467,51.467,49.327,50.838,5207.13799372,1657540799999
1657540800000,50.537,51.237,49.661,50.049,1429.44671162,1657583999999
1657584000000,50.059,50.697,49.334,49.702,645.52651073,1657627199999
1657627200000,49.853,50.173,48.906,49.105,461.52347399,1657670399999
1657670400000,49.001,52.199,49.001,50.971,644.61920413,1657713599999
1657713600000,50.968,52.263,47.455,52.124,2118.07856272,1657756799999
1657756800000,52.31,54.053,51.867,53.481,1859.74694155,1657799999999
1657800000000,53.601,58.993,53.5,58.216,4501.74184748,1657843199999
1657843200000,57.439,59.682,57.408,58.555,1718.31347203,1657886399999
1657886400000,58.699,60.973,58.698,59.047,651.58504808,1657929599999
1657929600000,59.114,59.189,56.435,57.281,911.29368219,1657972799999
1657972800000,56.995,59.977,56.995,59.348,800.18714199,1658015999999
1658016000000,59.53,62.144,58.516,59.254,4129.52113125,1658059199999
1658059200000,59.315,59.476,56.983,57.342,1281.959056,1658102399999
1658102400000,57.138,62.358,57.064,61.164,1004.48610711,1658145599999
1658145600000,60.987,61.381,56.521,59.465,4110.12607269,1658188799999
1658188800000,59.111,59.75,56.426,57.878,2256.67533299,1658231999999
1658232000000,57.965,61.998,57.816,59.059,2039.74427318,1658275199999
1658275200000,59.609,60.862,58.156,59.616,936.17415154,1658318399999
1658318400000,59.225,60.041,52.642,54.311,3002.26718991,1658361599999
1658361600000,54.234,54.746,52.0,53.097,1724.72630061,1658404799999
1658404800000,52.965,56.421,52.712,54.936,3598.12084014,1658447999999
1658448000000,54.59,57.57,54.59,57.162,1072.9557894,1658491199999
1658491200000,57.25,58.129,53.453,54.264,1169.71934571,1658534399999
1658534400000,53.77,55.696,52.765,52.842,1055.80771423,1658577599999
1658577600000,52.711,53.847,52.068,53.651,384.63217401,1658620799999
1658620800000,53.804,54.891,53.208,54.487,577.24942142,1658663999999
1658664000000,54.367,54.751,53.52,53.539,1219.62375173,1658707199999
1658707200000,53.549,53.549,50.926,51.621,898.55489843,1658750399999
1658750400000,51.354,51.509,49.021,49.021,1345.09311047,1658793599999
1658793600000,48.976,49.189,47.95,48.864,1089.91634709,1658836799999
1658836800000,49.107,50.109,48.456,50.109,1583.76572722,1658879999999
1658880000000,50.403,51.176,49.442,49.924,592.64230554,1658923199999
1658923200000,49.86,53.825,49.796,53.825,2315.02459109,1658966399999
1658966400000,53.973,54.333,53.222,54.304,572.52090298,1659009599999
1659009600000,54.339,56.417,51.836,55.637,1967.04078239,1659052799999
1659052800000,55.304,57.185,54.0,54.635,3841.49247535,1659095999999
1659096000000,54.857,56.52,53.595,54.515,1216.32822738,1659139199999
1659139200000,54.533,57.735,54.497,57.347,1699.02759456,1659182399999
1659182400000,57.264,58.219,55.0,55.805,2408.4012257,1659225599999
1659225600000,55.511,56.739,55.117,56.475,647.70717636,1659268799999
1659268800000,56.441,58.913,55.664,55.946,3150.80200055,1659311999999
1659312000000,55.806,58.413,55.643,56.594,1493.22743587,1659355199999
1659355200000,56.445,57.58,55.254,57.551,2641.55345885,1659398399999
1659398400000,57.58,58.01,53.156,54.296,1233.07762951,1659441599999
1659441600000,53.663,56.551,53.214,55.06,3101.05047823,1659484799999
1659484800000,54.715,56.85,54.715,56.707,4090.49492463,1659527999999
1659528000000,57.107,57.853,56.165,56.165,1376.81095466,1659571199999
1659571200000,56.521,58.345,56.21,56.963,260.77293138,1659614399999
1659614400000,57.131,57.767,55.5,57.27,4801.45223974,1659657599999
1659657600000,57.207,60.259,57.207,59.868,1003.96033996,1659700799999
1659700800000,59.81,63.033,58.777,61.833,1148.16859984,1659743999999
1659744000000,61.41,62.671,60.581,62.528,990.61273863,1659787199999
1659787200000,62.763,65.442,62.714,63.212,2763.92431655,1659830399999
1659830400000,63.471,65.059,62.748,64.839,950.11796706,1659873599999
1659873600000,64.867,67.043,64.809,66.055,1635.26217735,1659916799999
1659916800000,66.118,67.337,65.235,66.455,630.13491931,1659959999999
1659960000000,66.206,66.774,63.625,65.037,1450.01428343,1660003199999
1660003200000,64.98,65.773,61.224,61.895,1054.28047891,1660046399999
1660046400000,61.705,62.925,59.565,60.775,751.02936404,1660089599999
1660089600000,60.678,61.383,59.122,61.203,415.30185622,1660132799999
1660132800000,61.208,71.494,60.924,65.128,4435.92149974,1660175999999
1660176000000,65.269,67.194,65.004,65.868,1220.71708763,1660219199999
1660219200000,65.942,66.364,62.11,62.934,937.08707084,1660262399999
1660262400000,62.573,63.716,61.722,62.001,517.7254297,1660305599999
1660305600000,61.768,64.76,61.768,64.699,935.00022118,1660348799999
1660348800000,64.744,66.076,64.069,64.331,645.10057946,1660391999999
1660392000000,64.393,64.949,62.975,63.171,441.79849179,1660435199999
1660435200000,63.031,65.231,62.97,64.182,522.11320993,1660478399999
1660478400000,63.872,63.885,60.662,61.294,799.72338206,1660521599999
1660521600000,61.237,62.822,59.303,60.375,593.49237035,1660564799999
1660564800000,60.492,61.074,58.562,59.254,405.56751875,1660607999999
1660608000000,59.839,61.074,58.761,60.579,698.08674591,1660651199999
1660651200000,60.407,60.407,58.821,59.532,1014.42513388,1660694399999
1660694400000,59.668,61.33,59.063,59.231,542.65053698,1660737599999
1660737600000,59.466,59.466,56.237,56.237,1057.30881081,1660780799999
1660780800000,56.0,57.587,55.886,57.587,317.47573999,1660823999999
1660824000000,57.496,58.192,54.365,54.365,321.69173812,1660867199999
1660867200000,54.365,54.365,50.369,52.12,772.35863042,1660910399999
1660910400000,51.964,54.188,51.729,52.092,745.71881765,1660953599999
1660953600000,52.625,53.84,52.434,53.719,525.12018599,1660996799999
1660996800000,53.38,54.052,51.172,52.49,1360.10989108,1661039999999
1661040000000,52.5,54.066,52.139,53.66,314.80816125,1661083199999
1661083200000,54.099,54.844,53.353,54.412,441.48879526,1661126399999
1661126400000,54.178,55.311,51.941,53.068,627.86214335,1661169599999
1661169600000,53.258,54.217,52.695,54.215,533.17650554,1661212799999
1661212800000,54.217,54.858,52.926,54.363,265.43379104,1661255999999
1661256000000,54.41,54.543,53.708,54.24,737.78335862,1661299199999
1661299200000,54.246,54.878,53.079,54.878,251.16315954,1661342399999
1661342400000,54.831,56.618,54.596,55.343,652.0100042,1661385599999
1661385600000,55.758,57.601,55.758,57.189,400.42280724,1661428799999
1661428800000,57.322,58.043,56.616,57.478,1371.25382658,1661471999999
1661472000000,57.506,59.259,55.724,56.445,1941.74330991,1661515199999
1661515200000,56.493,57.882,51.496,51.575,2050.59642421,1661558399999
1661558400000,51.832,53.353,51.314,53.198,568.59670865,1661601599999
1661601600000,53.218,53.221,51.627,52.164,1223.92993977,1661644799999
1661644800000,52.569,52.929,52.004,52.419,156.93477778,1661687999999
1661688000000,52.408,52.598,50.0,50.0,349.54755588,1661731199999
1661731200000,50.021,51.355,49.692,50.644,675.31423554,1661774399999
1661774400000,50.912,53.466,50.912,52.908,766.51762193,1661817599999
1661817600000,53.054,54.84,53.054,54.664,473.7526483,1661860799999
1661860800000,54.973,55.923,52.117,54.032,1153.58844862,1661903999999
1661904000000,54.537,55.603,53.528,53.936,572.19431065,1661947199999
1661947200000,54.104,54.306,52.558,52.656,438.93521652,1661990399999
1661990400000,52.064,52.683,51.452,52.683,479.09685193,1662033599999
1662033600000,52.847,53.134,51.398,52.95,1088.34884212,1662076799999
1662076800000,52.927,52.928,51.956,52.271,160.77200248,1662119999999
1662120000000,52.167,53.449,51.796,52.509,796.53697781,1662163199999
1662163200000,52.407,52.715,51.495,52.297,197.50313832,1662206399999
1662206400000,52.357,53.099,51.216,51.216,173.49944794,1662249599999
1662249600000,51.239,51.787,50.751,51.518,489.04381196,1662292799999
1662292800000,51.877,51.877,51.06,51.637,405.25698659,1662335999999
1662336000000,52.203,52.392,50.892,51.357,213.55392917,1662379199999
1662379200000,51.205,51.885,51.152,51.296,284.97544085,1662422399999
1662422400000,51.89,52.956,51.718,52.842,286.30207876,1662465599999
1662465600000,52.866,53.241,48.925,49.551,1867.09187628,1662508799999
1662508800000,49.039,50.078,48.889,49.479,349.14010204,1662551999999
1662552000000,49.624,51.502,49.486,51.187,778.30628199,1662595199999
1662595200000,51.198,51.584,50.525,51.041,291.20489502,1662638399999
1662638400000,51.111,53.06,50.505,52.855,895.14086609,1662681599999
1662681600000,53.051,54.1,53.051,53.751,429.5659814,1662724799999
1662724800000,54.035,54.237,52.946,53.478,817.72185198,1662767999999
1662768000000,53.504,54.292,53.014,53.55,462.75315859,1662811199999
1662811200000,53.613,53.969,53.21,53.472,498.65506053,1662854399999
1662854400000,53.901,53.901,52.547,53.284,203.55727603,1662897599999
1662897600000,53.214,53.683,51.99,52.523,814.2146411,1662940799999
1662940800000,52.0,53.0,51.622,52.803,413.61564402,1662983999999
1662984000000,52.813,53.136,50.734,51.0,1065.69591851,1663027199999
1663027200000,50.829,51.45,50.0,50.784,855.31503915,1663070399999
1663070400000,50.841,51.004,45.328,49.059,2386.63204424,1663113599999
1663113600000,48.913,49.914,48.913,49.37,429.61063968,1663156799999
1663156800000,48.802,50.141,48.751,50.027,874.18013485,1663199999999
1663200000000,50.045,50.211,48.623,49.318,302.14785481,1663243199999
1663243200000,49.485,49.492,48.104,48.699,937.9747659,1663286399999
1663286400000,48.905,49.257,48.539,49.257,228.18812925,1663329599999
1663329600000,49.251,49.251,48.326,49.007,431.37930618,1663372799999
1663372800000,49.243,50.715,49.243,50.497,536.34633822,1663415999999
1663416000000,50.734,50.992,50.504,50.992,268.41502652,1663459199999
1663459200000,50.904,51.406,50.44,50.467,459.01592003,1663502399999
1663502400000,50.233,50.638,47.0,47.381,687.34413269,1663545599999
1663545600000,47.019,47.798,46.612,47.283,706.81649849,1663588799999
1663588800000,47.304,48.289,47.104,47.947,1852.88462667,1663631999999
1663632000000,47.711,48.604,47.711,48.04,341.19724873,1663675199999
1663675200000,48.073,48.7,47.529,47.878,855.34392139,1663718399999
1663718400000,47.778,48.407,47.431,48.014,466.85628284,1663761599999
1663761600000,47.965,49.599,46.0,46.847,1760.54284452,1663804799999
1663804800000,46.583,48.205,46.583,47.886,470.38511441,1663847999999
1663848000000,48.336,48.645,47.669,48.535,1147.03448784,1663891199999
1663891200000,48.768,49.346,48.389,48.588,585.9559821,1663934399999
1663934400000,48.775,49.661,47.86,49.224,966.63914423,1663977599999
1663977600000,49.503,50.426,49.208,50.415,288.48248912,1664020799999
1664020800000,50.313,50.633,49.392,49.467,566.1074659,1664063999999
1664064000000,49.731,50.145,49.639,49.996,202.52072689,1664107199999
1664107200000,49.932,49.932,47.478,47.839,828.5902273,1664150399999
1664150400000,47.93,48.557,47.329,47.816,440.53724642,1664193599999
1664193600000,47.924,48.646,47.719,48.426,1384.02836516,1664236799999
1664236800000,48.526,49.888,48.526,49.497,528.80090633,1664279999999
1664280000000,49.54,50.052,47.447,48.497,946.82260251,1664323199999
1664323200000,47.724,48.522,47.498,48.404,724.15885821,1664366399999
1664366400000,48.504,49.051,47.843,48.618,1114.66954372,1664409599999
1664409600000,48.856,49.089,48.359,48.537,341.71956821,1664452799999
1664452800000,48.521,48.796,48.08,48.742,572.54746655,1664495999999
1664496000000,48.735,51.465,48.692,49.904,928.81074655,1664539199999
1664539200000,50.112,50.685,48.219,48.447,905.83872851,1664582399999
1664582400000,48.661,49.434,48.548,49.17,463.38930711,1664625599999
1664625600000,49.17,49.17,48.02,49.084,312.57773722,1664668799999
1664668800000,48.86,49.165,48.111,48.428,738.81782523,1664711999999
1664712000000,48.464,49.904,48.273,49.159,872.42693585,1664755199999
1664755200000,49.064,50.988,48.968,50.988,1061.65779592,1664798399999
1664798400000,51.005,54.393,50.779,52.757,4837.73265845,1664841599999
1664841600000,53.463,54.453,52.98,54.209,1780.64974011,1664884799999
1664884800000,54.361,56.826,53.788,55.311,5196.42497058,1664927999999
1664928000000,55.408,55.655,54.702,54.969,497.28247314,1664971199999
1664971200000,54.906,56.857,54.517,54.517,1985.35297287,1665014399999
1665014400000,55.091,56.037,54.953,55.956,809.21426077,1665057599999
1665057600000,55.862,57.12,55.409,56.638,1010.73095213,1665100799999
1665100800000,56.233,57.5,56.058,56.822,826.88185439,1665143999999
1665144000000,56.856,57.071,55.749,56.922,1484.71060757,1665187199999
1665187200000,56.935,57.282,56.226,56.716,461.32441815,1665230399999
1665230400000,56.582,56.834,55.274,55.313,383.7247835,1665273599999
1665273600000,55.458,57.121,55.458,56.689,730.87542898,1665316799999
1665316800000,56.81,58.742,56.705,58.306,1034.43669678,1665359999999
1665360000000,57.032,58.243,56.596,57.7,880.13723781,1665403199999
1665403200000,58.34,59.289,57.654,58.236,2155.85162529,1665446399999
1665446400000,58.178,58.212,55.565,55.729,445.99217033,1665489599999
1665489600000,55.849,57.718,55.849,56.523,699.5170887,1665532799999
1665532800000,56.92,58.114,56.54,56.774,381.01756195,1665575999999
1665576000000,56.931,57.633,56.518,57.246,198.31472653,1665619199999
1665619200000,57.84,57.84,52.0,53.439,614.67853902,1665662399999
1665662400000,53.336,56.623,53.11,54.414,1822.45941663,1665705599999
1665705600000,54.386,55.883,54.367,55.512,495.56247855,1665748799999
1665748800000,55.517,55.938,54.28,54.949,387.20465225,1665791999999
1665792000000,55.613,58.093,55.484,57.913,1996.29708685,1665835199999
1665835200000,58.175,58.255,56.963,57.905,2351.53824503,1665878399999
1665878400000,57.934,58.995,57.64,57.75,1628.85755526,1665921599999
1665921600000,58.012,58.708,57.163,57.259,1475.07099896,1665964799999
1665964800000,57.236,57.911,56.282,57.688,512.55872935,1666007999999
1666008000000,57.8,58.236,57.04,58.225,1301.23597487,1666051199999
1666051200000,58.301,58.753,57.635,58.351,314.65857302,1666094399999
1666094400000,58.532,58.534,57.155,57.155,1658.5156899,1666137599999
1666137600000,57.176,57.989,56.685,57.281,289.73610093,1666180799999
1666180800000,57.177,58.856,57.177,57.718,567.1306405,1666223999999
1666224000000,57.894,59.44,57.381,58.918,1811.98230923,1666267199999
1666267200000,58.942,60.153,58.741,59.239,1594.69504477,1666310399999
1666310400000,58.879,59.644,57.355,57.758,903.54725668,1666353599999
1666353600000,57.337,57.615,56.195,56.444,842.29958383,1666396799999
1666396800000,56.518,56.634,54.698,56.634,582.62110186,1666439999999
1666440000000,56.33,56.475,55.521,55.521,326.60182938,1666483199999
1666483200000,55.614,56.193,55.454,55.89,243.97662095,1666526399999
1666526400000,56.171,57.577,55.966,57.477,505.55347173,1666569599999
1666569600000,57.7,59.64,57.351,59.499,908.07694172,1666612799999
1666612800000,59.643,59.961,58.342,58.508,1507.54249887,1666655999999
1666656000000,58.743,59.034,58.118,58.208,259.21035521,1666699199999
1666699200000,58.265,59.999,56.787,57.008,1085.40100491,1666742399999
1666742400000,56.758,58.016,56.348,57.923,1012.28231266,1666785599999
1666785600000,57.53,57.747,56.262,56.694,1203.2235783,1666828799999
1666828800000,56.698,58.067,56.643,56.741,634.00375393,1666871999999
1666872000000,56.776,57.278,55.102,55.626,828.59414639,1666915199999
1666915200000,55.272,56.774,55.0,56.216,334.76773645,1666958399999
1666958400000,56.26,57.444,55.762,57.354,362.75185073,1667001599999
1667001600000,57.356,58.153,56.903,56.903,328.42258518,1667044799999
1667044800000,57.017,57.808,56.324,56.513,1173.42237313,1667087999999
1667088000000,56.874,58.157,56.223,57.724,242.68558869,1667131199999
1667131200000,57.673,59.159,57.486,58.619,1906.12718583,1667174399999
1667174400000,58.912,60.434,58.618,59.86,785.83176242,1667217599999
1667217600000,59.871,60.251,58.06,59.023,580.87194058,1667260799999
1667260800000,59.21,60.274,59.015,59.929,394.94292083,1667303999999
1667304000000,60.055,61.023,59.141,60.637,774.39011475,1667347199999
1667347200000,60.822,61.806,59.791,60.272,3327.86359574,1667390399999
1667390400000,60.082,60.784,58.145,60.778,1154.73992599,1667433599999
1667433600000,60.688,65.383,60.688,62.738,1409.6426363,1667476799999
1667476800000,62.772,63.16,60.433,61.009,1412.22078266,1667519999999
1667520000000,60.535,62.455,59.981,60.78,1554.73332828,1667563199999
1667563200000,60.915,62.499,59.894,60.674,1463.47600719,1667606399999
1667606400000,60.87,61.643,59.937,60.57,772.89444897,1667649599999
1667649600000,60.501,60.575,57.786,58.151,1341.46606799,1667692799999
1667692800000,58.089,58.98,57.347,58.546,907.01185428,1667735999999
1667736000000,58.296,58.456,55.1,55.236,1548.11247129,1667779199999
1667779200000,55.1,55.752,53.259,54.686,4219.98532963,1667822399999
1667822400000,54.51,55.375,52.859,53.777,1259.93444696,1667865599999
1667865600000,53.358,54.165,50.1,52.155,2482.44328148,1667908799999
1667908800000,52.223,54.998,45.5,48.928,7527.39119737,1667951999999
1667952000000,48.613,49.122,44.572,46.574,5241.67108209,1667995199999
1667995200000,46.449,46.896,40.5,41.86,9591.12092261,1668038399999
1668038400000,41.686,45.139,41.641,44.182,3376.49411619,1668081599999
1668081600000,44.119,47.383,43.992,46.399,4371.75240228,1668124799999
1668124800000,46.799,47.142,44.85,45.067,1501.72485749,1668167999999
1668168000000,45.183,45.831,42.55,43.984,2251.99638964,1668211199999
1668211200000,44.12,46.046,41.675,42.764,713.47990219,1668254399999
1668254400000,43.087,45.342,42.485,42.605,553.74601151,1668297599999
1668297600000,42.53,43.459,41.541,42.312,369.7351384,1668340799999
1668340800000,42.337,42.569,41.5,41.616,794.65594559,1668383999999
1668384000000,41.584,44.503,39.95,43.391,1100.24909733,1668427199999
1668427200000,43.43,43.982,42.165,42.735,782.45917666,1668470399999
1668470400000,42.864,43.177,42.101,42.219,735.84287613,1668513599999
1668513600000,42.122,42.899,41.66,41.985,1876.07782075,1668556799999
1668556800000,41.998,42.636,41.252,41.252,407.52442419,1668599999999
1668600000000,41.0,41.014,40.0,40.727,2680.7811602,1668643199999
1668643200000,40.788,41.79,39.909,41.326,564.21938089,1668686399999
1668686400000,41.348,42.052,40.864,41.836,1032.6748743,1668729599999
1668729600000,41.793,42.338,41.704,42.106,281.24625181,1668772799999
1668772800000,42.248,42.251,41.001,41.591,816.42724577,1668815999999
1668816000000,41.471,41.471,40.861,41.234,189.90789354,1668859199999
1668859200000,41.308,41.811,41.249,41.648,297.38993396,1668902399999
1668902400000,41.646,42.455,41.225,41.225,247.52754404,1668945599999
1668945600000,41.201,41.457,39.663,39.993,1496.92955849,1668988799999
1668988800000,39.65,40.746,39.5,39.911,931.35476942,1669031999999
1669032000000,39.862,40.375,39.319,39.559,1598.90268319,1669075199999
1669075200000,39.86,39.86,38.472,38.741,500.39055453,1669118399999
1669118400000,38.733,40.042,38.656,39.886,1237.40706954,1669161599999
1669161600000,40.046,40.845,39.975,40.529,495.48186447,1669204799999
1669204800000,40.62,40.719,39.747,40.637,1091.97166232,1669247999999
1669248000000,40.638,41.416,40.0,40.33,491.64227364,1669291199999
1669291200000,40.423,41.284,40.267,41.052,744.80385561,1669334399999
1669334400000,40.56,40.786,39.9,40.453,247.61235595,1669377599999
1669377600000,40.533,40.907,40.348,40.638,222.78042405,1669420799999
1669420800000,40.797,42.075,40.709,41.954,850.33462919,1669463999999
1669464000000,42.063,42.378,41.632,41.989,1014.96912463,1669507199999
1669507200000,41.875,42.548,41.768,41.929,249.23759134,1669550399999
1669550400000,42.099,42.195,41.219,41.219,1049.10903708,1669593599999
1669593600000,41.485,41.485,40.0,40.203,429.06786787,1669636799999
1669636800000,40.201,41.017,40.0,41.017,325.13258752,1669679999999
1669680000000,40.676,41.549,40.676,41.1,356.48992558,1669723199999
1669723200000,41.045,41.233,40.516,40.958,370.93332237,1669766399999
1669766400000,41.6,42.7,40.5,41.75,191.79947745,1669809599999
1669809600000,42.008,42.6,40.008,42.034,240.31878733,1669852799999
1669852800000,42.076,42.076,41.554,41.778,239.17128415,1669895999999
1669896000000,41.875,42.066,41.0,41.251,323.65060729,1669939199999
1669939200000,41.213,41.805,41.0,41.277,265.73479442,1669982399999
1669982400000,41.294,41.671,41.242,41.645,586.64261117,1670025599999
1670025600000,41.666,41.666,40.99,41.305,1017.42135965,1670068799999
1670068800000,41.338,41.999,41.092,41.251,691.29579916,1670111999999
1670112000000,41.454,41.547,40.896,40.949,299.25453996,1670155199999
1670155200000,41.013,41.198,40.6,41.132,443.24626777,1670198399999
1670198400000,41.026,41.888,40.918,41.282,1260.2954844,1670241599999
1670241600000,41.32,41.642,40.821,41.228,865.51839719,1670284799999
1670284800000,41.152,41.829,41.151,41.566,366.00775049,1670327999999
1670328000000,41.519,44.0,41.519,43.393,3317.93987439,1670371199999
1670371200000,43.414,43.879,42.248,43.191,1032.09492408,1670414399999
1670414400000,42.978,43.427,41.199,42.001,764.16358617,1670457599999
1670457600000,42.062,42.71,41.7,41.869,279.39941644,1670500799999
1670500800000,41.827,43.016,41.827,43.016,759.55237842,1670543999999
1670544000000,43.016,43.89,42.864,43.885,873.80781846,1670587199999
1670587200000,43.894,44.062,42.622,42.936,580.46045343,1670630399999
1670630400000,42.906,43.365,42.746,43.14,242.36961604,1670673599999
1670673600000,43.134,43.779,43.014,43.117,377.44443493,1670716799999
1670716800000,43.215,43.543,42.971,43.088,58.23408881,1670759999999
1670760000000,43.144,43.409,42.458,42.534,297.55848303,1670803199999
1670803200000,42.642,42.708,41.759,42.123,646.74453883,1670846399999
1670846400000,41.974,42.624,41.654,42.49,335.26615255,1670889599999
1670889600000,42.43,42.449,41.415,41.91,726.04687665,1670932799999
1670932800000,41.968,42.5,41.231,41.326,1536.97271407,1670975999999
1670976000000,41.305,41.497,40.996,41.16,326.42273599,1671019199999
1671019200000,41.219,41.279,39.5,40.236,1744.21944604,1671062399999
1671062400000,40.272,40.272,39.568,39.808,590.85882026,1671105599999
1671105600000,39.684,39.7,38.4,39.485,890.25046345,1671148799999
1671148800000,39.454,39.825,38.048,38.584,720.64116682,1671191999999
1671192000000,38.402,38.556,35.5,37.137,2033.28681016,1671235199999
1671235200000,36.906,36.906,35.085,36.467,946.20899613,1671278399999
1671278400000,36.709,37.09,36.372,37.0,881.92732783,1671321599999
1671321600000,36.983,37.039,36.38,36.793,474.20699553,1671364799999
1671364800000,36.876,37.24,36.482,36.844,1084.3448564,1671407999999
1671408000000,36.784,36.951,36.513,36.911,436.55798488,1671451199999
1671451200000,36.9,36.939,32.315,33.337,1887.30552231,1671494399999
1671494400000,33.328,34.174,33.22,33.573,1243.96793649,1671537599999
1671537600000,33.616,33.846,33.254,33.839,1341.73837719,1671580799999
1671580800000,33.753,33.753,32.731,33.019,851.45624063,1671623999999
1671624000000,33.003,33.191,32.129,32.525,962.63605584,1671667199999
1671667200000,32.572,32.816,32.251,32.739,536.31720827,1671710399999
1671710400000,32.786,33.2,32.204,33.117,1100.66473539,1671753599999
1671753600000,33.092,33.235,32.759,32.856,674.55065222,1671796799999
1671796800000,32.907,33.012,32.56,32.748,874.91714252,1671839999999
1671840000000,32.782,33.07,32.782,32.898,225.72015944,1671883199999
1671883200000,32.908,33.999,32.661,32.682,328.28380386,1671926399999
1671926400000,32.981,32.989,31.863,32.196,465.89429057,1671969599999
1671969600000,31.925,32.02,30.947,31.61,1349.873507,1672012799999
1672012800000,31.604,31.832,31.225,31.616,757.73184849,1672055999999
1672056000000,31.687,31.812,31.381,31.689,342.78037469,1672099199999
1672099200000,31.647,32.005,31.561,31.908,502.64371484,1672142399999
1672142400000,32.143,32.143,30.25,31.78,639.13023518,1672185599999
1672185600000,32.258,32.273,30.914,31.34,285.48201471,1672228799999
1672228800000,31.324,31.855,31.102,31.147,564.71160879,1672271999999
1672272000000,31.182,31.539,31.071,31.403,349.33929796,1672315199999
1672315200000,31.168,31.265,30.826,31.14,1125.76302556,1672358399999
1672358400000,31.105,31.181,30.708,30.796,806.24025163,1672401599999
1672401600000,30.881,30.894,30.569,30.818,354.17524203,1672444799999
1672444800000,30.915,31.054,30.673,30.906,322.63736374,1672487999999
1672488000000,30.901,31.058,30.5,30.595,819.95580194,1672531199999
1672531200000,30.522,30.703,30.388,30.661,198.78018212,1672574399999
1672574400000,30.692,30.844,30.545,30.796,559.55762813,1672617599999
1672617600000,30.75,31.654,30.25,31.297,3317.31529142,1672660799999
1672660800000,31.338,31.589,31.205,31.205,653.76619663,1672703999999
1672704000000,31.458,31.865,31.201,31.69,404.74231912,1672747199999
1672747200000,31.585,32.0,30.927,31.362,892.04115826,1672790399999
1672790400000,31.269,32.175,30.675,31.628,756.02331423,1672833599999
1672833600000,31.604,32.47,31.304,32.47,1208.845379,1672876799999
1672876800000,32.431,32.881,32.11,32.552,900.80440824,1672919999999
1672920000000,32.389,32.71,32.271,32.671,827.4818698,1672963199999
1672963200000,32.702,33.072,32.203,32.276,729.01257858,1673006399999
1673006400000,32.305,32.651,32.1,32.277,560.29914124,1673049599999
1673049600000,32.343,32.401,31.863,32.023,423.21393298,1673092799999
1673092800000,31.955,32.311,31.833,32.028,362.82901174,1673135999999
1673136000000,31.83,32.229,31.808,31.959,188.20165988,1673179199999
1673179200000,31.849,33.007,31.818,32.827,1865.92723568,1673222399999
1673222400000,32.872,34.726,32.7,34.012,1990.38340029,1673265599999
1673265600000,33.809,34.481,32.398,32.535,2563.02212101,1673308799999
1673308800000,32.633,32.982,31.952,32.818,740.42596976,1673351999999
1673352000000,32.635,33.255,32.505,33.057,768.0298838,1673395199999
1673395200000,33.04,33.188,32.675,32.916,299.69608674,1673438399999
1673438400000,32.804,33.974,32.202,33.782,1909.16080245,1673481599999
1673481600000,33.846,34.407,33.289,33.579,928.63620992,1673524799999
1673524800000,33.606,34.945,32.157,34.676,1535.37812902,1673567999999
1673568000000,34.578,35.012,34.361,34.785,436.21673633,1673611199999
1673611200000,34.831,36.235,34.6,36.036,4029.23414145,1673654399999
1673654400000,36.17,39.422,35.524,37.344,2439.06069798,1673697599999
1673697600000,37.548,37.693,36.801,37.315,796.71635121,1673740799999
1673740800000,37.665,37.681,35.7,36.365,1257.90578314,1673783999999
1673784000000,36.531,37.945,36.445,37.718,1391.99066618,1673827199999
1673827200000,37.74,39.2,37.097,37.106,859.54638931,1673870399999
1673870400000,37.241,37.613,36.246,37.092,1337.48358489,1673913599999
1673913600000,37.007,37.718,36.95,37.629,604.52525754,1673956799999
1673956800000,37.623,38.677,37.475,37.984,2172.01005543,1673999999999
1674000000000,38.005,39.127,37.958,38.98,971.01204881,1674043199999
1674043200000,38.786,39.929,35.281,36.339,3662.83638489,1674086399999
1674086400000,36.472,37.144,36.428,36.602,563.12795302,1674129599999
1674129600000,36.46,37.634,36.33,37.619,922.1805004,1674172799999
1674172800000,37.386,37.712,37.139,37.515,413.81524196,1674215999999
1674216000000,37.58,39.44,37.481,39.431,4720.24671704,1674259199999
1674259200000,39.431,40.046,38.706,39.128,1063.33180663,1674302399999
1674302400000,39.262,40.415,38.958,39.105,1950.14222082,1674345599999
1674345600000,39.577,40.052,39.015,40.031,176.10274113,1674388799999
1674388800000,40.021,40.955,39.4,40.201,1564.8046681,1674431999999
1674432000000,40.287,40.94,40.006,40.718,839.21679968,1674475199999
1674475200000,40.762,40.849,40.118,40.521,829.2289963,1674518399999
1674518400000,40.398,41.134,40.279,40.558,804.8193427,1674561599999
1674561600000,40.571,40.909,37.974,38.363,917.84318824,1674604799999
1674604800000,38.119,39.044,37.382,38.613,436.20453057,1674647999999
1674648000000,38.894,40.11,38.279,39.625,1739.43503002,1674691199999
1674691200000,39.835,40.807,39.835,40.196,728.04539672,1674734399999
1674734400000,40.311,40.589,39.617,40.066,540.12068046,1674777599999
1674777600000,39.75,40.07,39.695,40.054,270.42789978,1674820799999
1674820800000,40.02,41.6,39.699,41.049,828.37436873,1674863999999
1674864000000,41.325,42.182,41.142,41.279,548.1602542,1674907199999
1674907200000,41.03,41.434,40.679,40.923,415.18533834,1674950399999
1674950400000,40.841,41.468,40.743,41.468,1034.43187495,1674993599999
1674993600000,41.394,41.862,41.33,41.646,1067.04819585,1675036799999
1675036800000,41.437,41.554,39.441,39.629,1117.4668856,1675079999999
1675080000000,39.62,40.084,38.267,38.836,1138.15859388,1675123199999
1675123200000,38.723,39.594,38.723,39.535,716.71936453,1675166399999
1675166400000,39.437,39.994,39.229,39.575,515.34639677,1675209599999
1675209600000,39.543,39.581,38.297,38.785,755.70340001,1675252799999
1675252800000,38.696,40.278,37.972,40.166,1040.9400333,1675295999999
1675296000000,40.19,40.879,39.936,40.746,960.69722081,1675339199999
1675339200000,40.746,42.904,40.661,41.287,1768.71708775,1675382399999
1675382400000,41.236,42.049,40.908,41.736,314.40337125,1675425599999
1675425600000,41.631,42.675,41.4,42.523,1272.7878446,1675468799999
1675468800000,42.642,42.642,42.253,42.333,287.71125458,1675511999999
1675512000000,42.415,43.744,42.304,43.008,894.37713282,1675555199999
1675555200000,43.032,43.538,42.695,43.079,346.97933489,1675598399999
1675598400000,43.19,43.268,41.237,42.023,740.71400033,1675641599999
1675641600000,42.214,42.33,40.965,41.469,499.93860662,1675684799999
1675684800000,41.475,42.288,40.507,40.728,339.48239062,1675727999999
1675728000000,40.714,42.951,40.663,42.857,928.22841094,1675771199999
1675771200000,42.888,43.91,42.397,43.647,1054.81031626,1675814399999
1675814400000,43.795,44.895,42.629,44.107,530.75345631,1675857599999
1675857600000,44.144,44.294,42.319,43.348,924.88452847,1675900799999
1675900800000,42.931,43.299,41.137,42.302,567.2981989,1675943999999
1675944000000,41.801,42.373,38.238,39.457,1924.02776776,1675987199999
1675987200000,39.395,40.658,39.172,39.764,401.26290799,1676030399999
1676030400000,39.95,40.571,39.784,40.004,691.88023609,1676073599999
1676073600000,39.908,40.794,39.806,40.794,617.85078698,1676116799999
1676116800000,40.725,41.781,40.499,41.682,1220.51657659,1676159999999
1676160000000,41.7,41.93,41.16,41.93,568.56091839,1676203199999
1676203200000,42.087,42.087,40.492,40.879,620.67246406,1676246399999
1676246400000,41.312,41.325,39.016,40.14,391.39384072,1676289599999
1676289600000,40.053,40.128,37.875,38.901,1213.47802808,1676332799999
1676332800000,38.812,39.1,38.453,38.849,409.55274385,1676375999999
1676376000000,38.941,41.38,38.367,41.138,2599.46593809,1676419199999
1676419200000,41.413,41.722,41.087,41.581,267.405296,1676462399999
1676462400000,41.8,43.542,41.77,43.309,2800.7554363,1676505599999
1676505600000,43.548,44.49,42.876,43.867,887.49491959,1676548799999
1676548800000,43.869,50.7,42.929,44.145,19215.61050012,1676591999999
1676592000000,44.4,45.996,44.399,45.392,2691.36796997,1676635199999
1676635200000,45.515,46.698,45.097,46.341,2071.97412575,1676678399999
1676678400000,46.611,50.0,46.611,49.691,1632.36626309,1676721599999
1676721600000,49.683,49.683,48.335,48.959,1713.65900367,1676764799999
1676764800000,48.851,49.377,48.354,49.021,674.13301576,1676807999999
1676808000000,49.132,49.78,46.423,47.842,2463.71508011,1676851199999
1676851200000,48.021,50.364,47.495,50.13,1584.80356318,1676894399999
1676894400000,50.347,51.0,47.001,49.472,937.78811691,1676937599999
1676937600000,49.33,50.729,48.825,48.838,2106.99680165,1676980799999
1676980800000,49.042,49.555,47.73,48.379,1272.70225428,1677023999999
1677024000000,48.68,48.68,45.469,46.593,1226.85571703,1677067199999
1677067200000,46.689,46.846,45.371,46.685,1269.8066602,1677110399999
1677110400000,46.627,47.857,46.627,46.994,334.88200962,1677153599999
1677153600000,46.925,47.691,46.351,47.336,591.45926157,1677196799999
1677196800000,47.351,48.518,47.163,48.053,205.91665387,1677239999999
1677240000000,47.989,48.5,45.161,46.527,1663.35703824,1677283199999
1677283200000,46.246,46.44,45.583,45.702,357.90173848,1677326399999
1677326400000,45.838,45.867,44.047,45.623,1225.52533107,1677369599999
1677369600000,45.502,46.729,45.502,46.396,645.74390143,1677412799999
1677412800000,46.313,47.394,45.832,47.125,961.13006078,1677455999999
1677456000000,47.037,47.137,46.102,46.399,451.16715125,1677499199999
1677499200000,46.337,47.131,44.989,46.006,1260.87384144,1677542399999
1677542400000,45.976,47.498,44.917,46.068,1878.17970904,1677585599999
1677585600000,46.323,47.794,45.307,45.365,951.24239042,1677628799999
1677628800000,45.272,47.017,45.272,45.422,1163.81954952,1677671999999
1677672000000,45.361,45.815,45.081,45.499,1249.59300537,1677715199999
1677715200000,45.554,45.566,43.937,44.03,776.350149,1677758399999
1677758400000,44.126,44.262,43.057,43.586,686.3104982,1677801599999
1677801600000,43.24,43.24,39.0,41.537,2266.28596014,1677844799999
1677844800000,41.532,41.533,40.086,40.613,1095.45741396,1677887999999
1677888000000,40.896,40.998,40.553,40.699,183.35993939,1677931199999
1677931200000,40.87,40.945,39.35,40.241,461.38864207,1677974399999
1677974400000,40.245,41.02,40.245,40.909,409.21073021,1678017599999
1678017600000,40.844,41.306,40.562,40.562,473.91648552,1678060799999
1678060800000,40.175,40.83,40.175,40.576,221.49734949,1678103999999
1678104000000,40.568,41.253,40.568,41.012,475.76936931,1678147199999
1678147200000,41.128,41.343,39.714,39.728,447.32527135,1678190399999
1678190400000,39.84,40.299,39.273,39.928,576.54762429,1678233599999
1678233600000,39.981,39.981,38.906,39.629,980.90996488,1678276799999
1678276800000,39.525,39.525,37.349,37.934,1249.86377774,1678319999999
1678320000000,37.739,37.867,37.184,37.388,535.16539448,1678363199999
1678363200000,37.159,38.137,35.0,35.768,2654.53073382,1678406399999
1678406400000,35.747,35.889,34.0,35.119,3054.08776619,1678449599999
1678449600000,35.064,36.877,34.869,36.273,2061.16486083,1678492799999
1678492800000,36.293,37.192,34.501,35.074,820.93571497,1678535999999
1678536000000,34.771,35.948,34.429,35.948,3289.35187607,1678579199999
1678579200000,36.038,36.287,35.795,35.883,476.27446076,1678622399999
1678622400000,35.85,38.664,35.798,38.241,820.9635249,1678665599999
1678665600000,38.339,38.723,37.899,38.217,3581.32746209,1678708799999
1678708800000,38.209,40.218,37.812,39.474,3548.57548479,1678751999999
1678752000000,39.474,39.788,38.193,39.049,721.27795897,1678795199999
1678795200000,38.975,42.155,38.851,40.434,2103.27272624,1678838399999
1678838400000,40.58,41.863,40.014,40.257,573.78817722,1678881599999
1678881600000,40.253,40.722,37.509,38.956,576.58600564,1678924799999
1678924800000,39.178,39.955,38.037,39.955,125.43816964,1678967999999
1678968000000,38.844,40.255,38.057,38.556,300.15049916,1679011199999
1679011200000,38.305,40.518,38.0,40.518,533.24187853,1679054399999
1679054400000,39.03,41.188,38.501,39.977,420.35594216,1679097599999
1679097600000,39.84,43.243,39.71,43.015,787.92047313,1679140799999
1679140800000,41.633,43.178,40.001,40.482,566.14638028,1679183999999
1679184000000,40.679,41.296,39.501,40.855,611.16092026,1679227199999
1679227200000,40.905,41.962,39.964,41.252,419.44334619,1679270399999
1679270400000,41.236,43.8,39.95,43.536,1280.24671722,1679313599999
1679313600000,43.203,46.121,42.469,45.983,4792.33800805,1679356799999
1679356800000,46.03,46.734,38.489,40.059,5633.73524762,1679399999999
1679400000000,39.993,42.153,39.993,41.13,3704.12917259,1679443199999
1679443200000,41.125,41.583,39.993,40.092,1501.14561661,1679486399999
1679486400000,40.0,40.37,37.001,38.795,1345.93044201,1679529599999
1679529600000,38.67,39.525,38.397,39.315,880.64198919,1679572799999
1679572800000,39.509,40.535,38.908,40.333,600.09631383,1679615999999
1679616000000,40.377,41.64,39.665,41.64,1071.3376094,1679659199999
1679659200000,40.9,42.2,38.983,39.609,460.94008746,1679702399999
1679702400000,39.652,39.81,39.132,39.363,781.07314276,1679745599999
1679745600000,39.47,39.583,38.699,38.937,464.79610389,1679788799999
1679788800000,39.595,39.864,39.201,39.621,296.89032663,1679831999999
1679832000000,39.575,39.951,39.321,39.751,527.76159993,1679875199999
1679875200000,39.905,39.905,39.064,39.384,140.7880577,1679918399999
1679918400000,39.284,39.403,37.628,38.028,852.97243694,1679961599999
1679961600000,37.8,38.347,37.642,37.978,514.382908,1680004799999
1680004800000,37.838,38.956,37.827,38.941,645.33251059,1680047999999
1680048000000,38.917,40.196,38.855,39.917,799.7666278,1680091199999
1680091200000,39.835,41.093,39.723,40.677,1251.90012733,1680134399999
1680134400000,40.605,40.691,39.438,39.991,785.57395768,1680177599999
1680177600000,39.876,39.876,38.329,38.696,1545.02001322,1680220799999
1680220800000,38.775,39.055,38.385,38.853,402.48535212,1680263999999
1680264000000,38.739,39.428,38.653,39.114,901.04137723,1680307199999
1680307200000,39.368,39.797,38.962,39.126,218.70050401,1680350399999
1680350400000,39.14,39.168,38.83,39.094,280.50607324,1680393599999
1680393600000,39.535,39.535,39.147,39.147,45.02522149,1680436799999
1680436800000,38.965,38.989,37.292,37.893,806.82057024,1680479999999
1680480000000,37.501,38.143,36.861,37.664,695.10508284,1680523199999
1680523200000,37.58,37.637,36.402,37.114,2246.3221168,1680566399999
1680566400000,37.072,37.713,36.963,37.713,940.91346492,1680609599999
1680609600000,37.673,37.971,37.372,37.775,851.52411227,1680652799999
1680652800000,37.769,38.801,37.769,38.8,717.32145487,1680695999999
1680696000000,38.819,39.075,38.031,38.994,1462.3054441,1680739199999
1680739200000,38.833,38.896,37.749,37.845,325.11359291,1680782399999
1680782400000,37.872,38.208,37.618,37.911,507.505048,1680825599999
1680825600000,37.716,38.207,37.273,37.273,232.02987812,1680868799999
1680868800000,37.276,37.643,37.272,37.49,201.15088831,1680911999999
1680912000000,37.367,37.852,37.055,37.507,179.11580897,1680955199999
1680955200000,37.484,37.538,37.053,37.053,109.93065659,1680998399999
1680998400000,37.452,37.452,36.727,36.943,339.61539435,1681041599999
1681041600000,36.994,37.311,36.577,36.601,979.23361504,1681084799999
1681084800000,36.844,37.118,36.466,36.757,204.63670744,1681127999999
1681128000000,36.931,38.357,36.78,37.564,1121.87482586,1681171199999
1681171200000,37.489,38.749,37.481,37.984,585.52869531,1681214399999
1681214400000,37.873,38.033,37.336,37.497,770.32558171,1681257599999
1681257600000,37.551,37.551,36.415,36.724,333.56306862,1681300799999
1681300800000,36.709,37.32,36.661,37.061,532.022935,1681343999999
1681344000000,36.834,38.79,36.721,37.523,413.58837178,1681387199999
1681387200000,37.658,37.895,37.071,37.501,1082.7480269,1681430399999
1681430400000,37.536,39.507,37.422,39.465,1690.11106007,1681473599999
1681473600000,39.326,39.458,38.202,39.163,1288.96682928,1681516799999
1681516800000,39.06,40.156,38.438,39.745,1323.36916882,1681559999999
1681560000000,39.74,40.113,39.318,39.696,631.50959105,1681603199999
1681603200000,39.577,39.781,38.988,39.142,607.4849391,1681646399999
1681646400000,39.236,39.8,39.023,39.333,618.28482771,1681689599999
1681689600000,38.941,39.318,38.401,39.033,467.11948298,1681732799999
1681732800000,38.925,40.358,38.689,40.04,1650.72204528,1681775999999
1681776000000,39.983,40.79,38.53,39.405,1101.39787148,1681819199999
1681819200000,39.381,39.984,39.0,39.704,1165.03717616,1681862399999
1681862400000,39.761,40.0,35.821,37.217,1652.11219929,1681905599999
1681905600000,37.126,37.3,35.82,36.427,1708.44788481,1681948799999
1681948800000,36.527,36.763,36.092,36.163,724.37016343,1681991999999
1681992000000,36.211,36.603,35.594,35.96,1112.97829708,1682035199999
1682035200000,35.893,36.257,35.566,36.124,687.54157645,1682078399999
1682078400000,36.146,36.484,34.272,34.871,1302.87145739,1682121599999
1682121600000,34.83,35.24,34.766,35.103,375.58377469,1682164799999
1682164800000,35.154,35.953,34.911,35.664,798.75915903,1682207999999
1682208000000,35.417,35.933,35.351,35.707,228.41190036,1682251199999
1682251200000,35.692,35.818,34.809,35.386,320.59335599,1682294399999
1682294400000,35.62,36.266,35.151,35.697,732.04224265,1682337599999
1682337600000,35.608,35.759,34.791,35.016,722.07036052,1682380799999
1682380800000,34.951,34.951,34.3,34.649,664.00931323,1682423999999
1682424000000,34.511,35.16,34.0,35.16,1156.07254982,1682467199999
1682467200000,35.238,37.221,35.133,37.005,1328.23926398,1682510399999
1682510400000,37.06,39.035,36.599,37.599,3699.55780606,1682553599999
1682553600000,37.655,45.08,37.655,41.281,20621.47591001,1682596799999
1682596800000,41.455,41.464,39.503,39.79,3066.3502484,1682639999999
1682640000000,39.445,41.929,39.131,39.997,2921.06395781,1682683199999
1682683200000,39.967,40.312,39.274,39.287,806.4441086,1682726399999
1682726400000,38.918,38.982,38.061,38.516,1459.52130089,1682769599999
1682769600000,38.438,38.474,37.832,37.999,509.99484938,1682812799999
1682812800000,38.627,38.627,37.59,37.917,401.66672655,1682855999999
1682856000000,37.837,38.286,37.027,37.866,807.74016842,1682899199999
1682899200000,38.51,39.807,37.948,38.296,1522.89691289,1682942399999
1682942400000,38.224,38.249,37.459,38.227,1175.47462464,1682985599999
1682985600000,37.667,37.667,36.403,36.576,931.12455439,1683028799999
1683028800000,36.611,37.228,36.442,37.228,986.16412098,1683071999999
1683072000000,36.764,37.288,35.84,35.84,807.60384345,1683115199999
1683115200000,35.84,40.5,35.379,36.138,1372.84064412,1683158399999
1683158400000,35.885,36.035,35.611,35.755,503.47505165,1683201599999
1683201600000,35.78,36.072,35.472,35.605,666.25748113,1683244799999
1683244800000,35.516,36.092,35.232,36.092,431.28446649,1683287999999
1683288000000,36.062,36.4,35.864,36.158,808.65364588,1683331199999
1683331200000,36.068,36.492,35.566,36.135,317.79567829,1683374399999
1683374400000,36.024,36.056,34.838,35.9,373.36263745,1683417599999
1683417600000,35.993,36.034,35.702,35.887,185.80318034,1683460799999
1683460800000,35.952,36.103,35.69,35.738,355.32009325,1683503999999
1683504000000,35.747,35.768,34.048,34.928,2135.88265981,1683547199999
1683547200000,34.896,35.002,33.0,34.128,1898.94667833,1683590399999
1683590400000,34.073,34.442,33.834,34.428,333.36684011,1683633599999
1683633600000,34.423,34.736,34.081,34.736,293.99235056,1683676799999
1683676800000,34.851,34.851,34.191,34.275,449.06550346,1683719999999
1683720000000,34.333,35.122,33.8,34.697,851.26842375,1683763199999
1683763200000,34.615,34.944,34.179,34.744,176.59602671,1683806399999
1683806400000,34.696,34.776,33.62,34.041,804.1643147,1683849599999
1683849600000,34.106,34.232,33.204,33.493,439.05861518,1683892799999
1683892800000,33.545,34.534,33.439,34.521,715.52489921,1683935999999
1683936000000,34.638,35.996,34.593,35.996,459.72261348,1683979199999
1683979200000,35.837,36.123,35.284,35.389,789.63001122,1684022399999
1684022400000,35.203,35.621,34.794,35.466,184.39216484,1684065599999
1684065600000,35.437,35.536,35.111,35.453,110.16740443,1684108799999
1684108800000,35.382,36.112,35.036,35.713,633.36011776,1684151999999
1684152000000,35.752,35.868,35.41,35.518,298.67090506,1684195199999
1684195200000,35.342,35.342,34.764,34.853,480.48962107,1684238399999
1684238400000,34.861,34.887,34.202,34.547,296.92106785,1684281599999
1684281600000,34.2,34.752,34.015,34.139,419.91345193,1684324799999
1684324800000,34.157,34.989,34.0,34.628,491.13590705,1684367999999
1684368000000,34.804,34.862,34.602,34.751,251.79959558,1684411199999
1684411200000,34.679,34.912,34.022,34.383,235.07080293,1684454399999
1684454400000,34.291,34.516,34.178,34.178,394.04966327,1684497599999
1684497600000,34.267,34.326,33.979,34.187,285.4091386,1684540799999
1684540800000,34.018,34.861,33.98,34.56,82.93182452,1684583999999
1684584000000,34.721,34.761,34.351,34.454,266.17706717,1684627199999
1684627200000,34.286,34.449,33.841,33.998,159.62359921,1684670399999
1684670400000,34.022,34.104,33.563,33.728,338.21333887,1684713599999
1684713600000,33.5,33.817,33.187,33.783,214.31057622,1684756799999
1684756800000,33.711,33.977,33.501,33.872,764.93975068,1684799999999
1684800000000,33.951,34.447,33.951,34.129,363.85052375,1684843199999
1684843200000,34.109,34.166,33.689,33.936,225.59176568,1684886399999
1684886400000,33.975,34.016,33.426,33.842,423.05021504,1684929599999
1684929600000,33.826,33.826,32.95,33.359,480.10415267,1684972799999
1684972800000,33.139,33.633,32.668,33.458,384.96952449,1685015999999
1685016000000,33.638,33.638,33.145,33.312,518.27491526,1685059199999
1685059200000,33.35,33.35,32.818,33.147,343.61609119,1685102399999
1685102400000,33.139,33.729,33.132,33.613,463.55977507,1685145599999
1685145600000,33.683,33.703,33.487,33.507,102.6776698,1685188799999
1685188800000,33.526,33.775,33.497,33.702,92.34833811,1685231999999
1685232000000,33.807,34.107,33.785,34.018,190.908251,1685275199999
1685275200000,33.96,34.751,33.889,34.298,175.09953905,1685318399999
1685318400000,34.3,34.451,33.914,34.395,226.94266462,1685361599999
1685361600000,34.517,34.736,34.265,34.385,691.94812327,1685404799999
1685404800000,34.649,34.873,34.444,34.669,366.82325942,1685447999999
1685448000000,34.629,34.629,34.212,34.506,430.96797113,1685491199999
1685491200000,34.446,34.65,33.997,34.177,262.33055468,1685534399999
1685534400000,34.129,34.612,34.08,34.482,873.73257905,1685577599999
1685577600000,34.63,34.908,34.368,34.491,460.34997141,1685620799999
1685620800000,34.365,34.552,34.101,34.378,339.30657953,1685663999999
1685664000000,34.427,34.974,34.034,34.951,153.24694313,1685707199999
1685707200000,34.979,35.245,34.86,35.245,728.78600888,1685750399999
1685750400000,34.992,35.285,34.888,35.226,221.50908445,1685793599999
1685793600000,35.263,35.76,35.157,35.76,359.47551364,1685836799999
1685836800000,35.61,36.327,35.542,36.327,273.43268683,1685879999999
1685880000000,36.317,36.447,35.503,35.503,206.07545904,1685923199999
1685923200000,35.209,35.726,34.98,35.218,404.05353765,1685966399999
1685966400000,35.091,35.094,31.869,33.925,3711.15487364,1686009599999
1686009600000,33.887,34.39,33.841,34.083,151.9096317,1686052799999
1686052800000,34.015,34.728,33.56,34.49,927.19687234,1686095999999
1686096000000,34.222,34.222,33.505,33.751,453.3810973,1686139199999
1686139200000,33.601,33.806,32.595,33.008,681.06971136,1686182399999
1686182400000,32.902,32.904,32.227,32.68,305.385404,1686225599999
1686225600000,32.602,32.785,32.26,32.54,503.88616319,1686268799999
1686268800000,32.568,32.568,32.074,32.431,275.15696989,1686311999999
1686312000000,32.483,32.746,32.103,32.327,521.35160553,1686355199999
1686355200000,32.25,32.25,26.369,28.561,4199.27664489,1686398399999
1686398400000,28.545,28.722,27.857,28.279,1550.30067141,1686441599999
1686441600000,28.215,28.549,27.669,28.504,287.92548816,1686484799999
1686484800000,28.436,28.598,27.849,28.12,727.19936029,1686527999999
1686528000000,27.959,28.153,27.4,28.049,1126.44862125,1686571199999
1686571200000,28.119,28.152,27.596,28.057,1068.06722099,1686614399999
1686614400000,28.041,29.023,28.041,28.683,801.1410879,1686657599999
1686657600000,28.72,29.027,27.993,28.22,764.2498676,1686700799999
1686700800000,28.429,28.503,28.262,28.46,553.81856773,1686743999999
1686744000000,28.429,28.64,26.9,27.339,1361.29374183,1686787199999
1686787200000,27.612,27.686,26.928,27.269,525.70891849,1686830399999
1686830400000,27.039,27.169,26.01,26.855,1006.06413428,1686873599999
1686873600000,26.959,27.457,26.854,26.854,627.14798049,1686916799999
1686916800000,27.116,28.833,27.116,27.652,1996.18918133,1686959999999
1686960000000,27.644,28.457,27.5,28.105,188.30701295,1687003199999
1687003200000,28.001,28.482,28.001,28.272,704.98463427,1687046399999
1687046400000,28.226,28.226,27.762,27.968,220.15881625,1687089599999
1687089600000,27.977,28.112,27.472,27.472,440.38222294,1687132799999
1687132800000,27.496,27.769,27.496,27.739,331.7470204,1687175999999
1687176000000,27.774,28.211,27.556,27.773,797.67261369,1687219199999
1687219200000,27.745,27.845,27.431,27.597,515.89127975,1687262399999
1687262400000,27.619,28.222,26.951,28.22,1604.19817947,1687305599999
1687305600000,28.256,29.203,28.256,28.822,635.78508935,1687348799999
1687348800000,29.096,29.892,28.922,29.707,1020.26159532,1687391999999
1687392000000,29.617,30.57,29.444,29.56,1647.04006953,1687435199999
1687435200000,29.759,30.026,29.4,29.423,377.22601193,1687478399999
1687478400000,29.622,30.247,29.622,30.247,532.85253813,1687521599999
1687521600000,30.294,30.891,30.02,30.573,1642.74865152,1687564799999
1687564800000,30.602,30.923,30.464,30.771,200.29606345,1687607999999
1687608000000,30.933,31.152,30.222,30.397,515.43761577,1687651199999
1687651200000,30.637,33.57,30.637,33.003,2561.4736169,1687694399999
1687694400000,32.897,32.975,31.894,32.212,529.21381744,1687737599999
1687737600000,31.443,31.443,30.823,31.295,228.03786762,1687780799999
1687780800000,31.248,31.877,30.664,30.761,863.93118328,1687823999999
1687824000000,31.243,31.482,30.636,30.975,181.80846928,1687867199999
1687867200000,30.98,31.163,30.574,31.142,588.81490058,1687910399999
1687910400000,30.974,30.974,29.946,30.2,293.61116354,1687953599999
1687953600000,30.059,30.78,29.444,29.775,529.61018185,1687996799999
1687996800000,29.813,30.939,29.65,30.865,508.10913246,1688039999999
1688040000000,30.925,31.393,30.519,31.347,605.66742762,1688083199999
1688083200000,31.0,32.316,31.0,32.293,768.08164644,1688126399999
1688126400000,32.338,32.373,29.535,31.9,1087.49047554,1688169599999
1688169600000,32.016,32.24,31.514,32.24,155.24322602,1688212799999
1688212800000,32.25,32.422,31.872,32.422,253.05801972,1688255999999
1688256000000,32.439,32.442,31.776,32.189,655.45333067,1688299199999
1688299200000,32.078,32.289,31.766,32.15,710.29375114,1688342399999
1688342400000,32.214,33.249,32.162,33.145,917.66144925,1688385599999
1688385600000,33.002,33.186,32.774,33.063,736.59503862,1688428799999
1688428800000,32.99,33.056,32.584,33.056,235.68915506,1688471999999
1688472000000,33.079,33.231,32.533,33.231,853.35620078,1688515199999
1688515200000,32.997,33.389,32.198,32.233,330.99338059,1688558399999
1688558400000,32.229,32.363,31.5,32.06,694.18846392,1688601599999
1688601600000,31.96,32.629,31.873,31.916,451.30181987,1688644799999
1688644800000,31.716,31.894,30.869,31.021,1001.41710452,1688687999999
1688688000000,30.681,31.406,30.681,31.148,290.99063799,1688731199999
1688731200000,31.188,31.326,30.931,31.218,251.00047301,1688774399999
1688774400000,31.3,31.358,30.938,31.139,226.7714943,1688817599999
1688817600000,31.12,31.23,30.667,31.215,417.1552413,1688860799999
1688860800000,31.255,31.614,31.221,31.556,113.17265236,1688903999999
1688904000000,31.517,31.659,31.326,31.39,230.36734526,1688947199999
1688947200000,31.127,31.581,30.884,31.573,601.92828833,1688990399999
1688990400000,31.579,32.43,31.366,31.959,592.94089796,1689033599999
1689033600000,32.023,32.431,32.023,32.262,137.66390294,1689076799999
1689076800000,32.315,32.35,32.012,32.205,247.86275462,1689119999999
1689120000000,32.266,32.524,32.254,32.34,282.53347604,1689163199999
1689163200000,32.337,32.337,31.322,31.678,764.980174,1689206399999
1689206400000,31.51,31.626,31.27,31.517,206.56237348,1689249599999
1689249600000,31.531,33.013,31.335,33.013,1086.83443986,1689292799999
1689292800000,32.912,33.36,32.61,33.159,379.87912031,1689335999999
1689336000000,33.176,33.834,31.473,32.468,1388.51319084,1689379199999
1689379200000,32.39,33.338,32.39,32.966,402.40566994,1689422399999
1689422400000,33.058,33.058,32.48,32.649,710.66693182,1689465599999
1689465600000,32.938,33.673,32.345,33.673,218.63157406,1689508799999
1689508800000,33.391,33.706,32.893,33.029,1000.14129842,1689551999999
1689552000000,33.001,33.879,32.602,33.096,1621.9577733,1689595199999
1689595200000,32.971,36.672,32.261,33.078,2231.59802942,1689638399999
1689638400000,32.918,33.073,32.205,32.399,218.97058578,1689681599999
1689681600000,32.097,32.454,31.794,32.102,361.00642481,1689724799999
1689724800000,32.094,32.671,32.094,32.364,406.23538337,1689767999999
1689768000000,32.363,32.581,32.023,32.075,730.67643548,1689811199999
1689811200000,31.978,32.258,31.582,31.582,955.72250332,1689854399999
1689854400000,31.64,31.64,30.271,30.59,1562.56795652,1689897599999
1689897600000,30.579,30.579,29.954,30.197,2121.41452672,1689940799999
1689940800000,30.348,30.434,29.95,30.237,941.73936822,1689983999999
1689984000000,30.054,30.442,29.95,30.442,502.91765842,1690027199999
1690027200000,30.428,30.456,29.67,29.67,921.35015285,1690070399999
1690070400000,29.777,30.446,29.76,30.302,254.68019984,1690113599999
1690113600000,30.383,30.855,30.357,30.453,907.92290272,1690156799999
1690156800000,30.06,30.356,28.426,29.358,1060.70999386,1690199999999
1690200000000,29.314,29.544,29.0,29.247,1027.83162586,1690243199999
1690243200000,29.02,29.895,29.01,29.372,486.1376578,1690286399999
1690286400000,29.365,29.536,29.048,29.313,635.81258922,1690329599999
1690329600000,29.237,29.334,28.89,29.074,433.34882667,1690372799999
1690372800000,29.174,29.718,29.096,29.339,476.76575631,1690415999999
1690416000000,29.481,31.999,29.429,31.513,830.67017686,1690459199999
1690459200000,30.899,30.899,29.316,29.597,500.61667804,1690502399999
1690502400000,29.627,29.728,29.414,29.595,999.91322267,1690545599999
1690545600000,29.632,29.789,29.407,29.737,565.97593671,1690588799999
1690588800000,29.804,29.891,29.568,29.651,252.63099234,1690631999999
1690632000000,29.658,29.835,29.531,29.651,1484.29275614,1690675199999
1690675200000,29.662,29.723,29.495,29.637,356.04455759,1690718399999
1690718400000,29.647,29.647,28.7,29.265,1109.05763159,1690761599999
1690761600000,29.197,29.313,29.119,29.191,784.51163896,1690804799999
1690804800000,29.213,29.292,28.793,29.154,1113.77605155,1690847999999
1690848000000,29.189,29.19,28.478,28.884,1141.02080317,1690891199999
1690891200000,28.924,29.49,28.756,29.162,1360.57002593,1690934399999
1690934400000,29.185,29.483,28.859,29.105,470.52197764,1690977599999
1690977600000,29.023,29.218,28.469,28.604,1292.40595931,1691020799999
1691020800000,28.624,28.764,28.432,28.567,583.10331529,1691063999999
1691064000000,28.617,28.822,28.351,28.397,1216.41479488,1691107199999
1691107200000,28.489,28.644,28.342,28.568,319.3410743,1691150399999
1691150400000,28.492,28.739,27.949,28.192,990.01443716,1691193599999
1691193600000,28.2,28.355,28.073,28.157,317.89911455,1691236799999
1691236800000,28.206,28.276,28.085,28.256,245.09235631,1691279999999
1691280000000,28.376,28.466,28.247,28.263,128.40239523,1691323199999
1691323200000,28.243,28.362,28.134,28.18,487.91482462,1691366399999
1691366400000,28.379,28.379,28.126,28.186,669.86165356,1691409599999
1691409600000,28.19,28.413,27.662,28.033,693.62932097,1691452799999
1691452800000,28.002,30.301,27.988,29.151,845.76104314,1691495999999
1691496000000,29.0,29.07,28.605,28.813,743.35244117,1691539199999
1691539200000,28.827,28.906,28.505,28.605,459.85821708,1691582399999
1691582400000,28.651,28.82,28.154,28.262,997.86429306,1691625599999
1691625600000,28.155,28.167,27.717,27.75,555.87040918,1691668799999
1691668800000,27.764,27.94,27.654,27.8,813.49650139,1691711999999
1691712000000,27.839,27.963,27.699,27.896,490.35446591,1691755199999
1691755200000,27.968,28.056,27.679,27.732,938.56082172,1691798399999
1691798400000,27.685,27.772,27.43,27.761,191.80539877,1691841599999
1691841600000,27.765,27.934,27.744,27.923,590.60101507,1691884799999
1691884800000,27.94,28.028,27.83,27.972,327.84343322,1691927999999
1691928000000,27.937,28.422,27.937,28.377,1059.51288561,1691971199999
1691971200000,28.25,28.399,28.153,28.24,416.78526387,1692014399999
1692014400000,28.224,28.477,28.159,28.282,454.15795313,1692057599999
1692057600000,28.177,28.177,27.9,27.9,576.80837036,1692100799999
1692100800000,27.88,27.985,25.781,27.038,1682.18906617,1692143999999
1692144000000,27.03,27.03,26.342,26.746,882.1208782,1692187199999
1692187200000,26.771,26.9,25.669,26.307,1229.60507473,1692230399999
1692230400000,26.261,26.741,25.778,26.545,478.59177888,1692273599999
1692273600000,26.5,26.621,22.5,24.768,5236.27401706,1692316799999
1692316800000,24.81,25.477,24.774,25.085,1350.8031992,1692359999999
1692360000000,25.06,25.306,24.743,25.271,1344.10968455,1692403199999
1692403200000,25.202,25.676,25.137,25.559,717.78755591,1692446399999
1692446400000,25.588,25.805,25.47,25.675,606.66419716,1692489599999
1692489600000,25.666,25.666,25.441,25.587,557.67891384,1692532799999
1692532800000,25.549,25.617,25.291,25.427,153.04237765,1692575999999
1692576000000,25.259,25.299,24.564,24.779,632.1076205,1692619199999
1692619200000,24.797,24.953,24.34,24.565,1018.12028935,1692662399999
1692662400000,24.591,24.591,24.224,24.304,968.28124969,1692705599999
1692705600000,24.314,24.47,23.257,24.121,2901.0983698,1692748799999
1692748800000,24.442,24.631,23.935,23.979,2021.40958083,1692791999999
1692792000000,23.953,24.615,23.835,24.34,817.98822209,1692835199999
1692835200000,24.225,24.481,24.12,24.268,407.48150517,1692878399999
1692878400000,24.201,24.278,23.42,23.59,1238.68663321,1692921599999
1692921600000,23.412,23.5,23.125,23.322,1210.28194584,1692964799999
1692964800000,23.351,23.474,23.064,23.456,797.68090316,1693007999999
1693008000000,23.371,23.464,23.231,23.294,651.25602625,1693051199999
1693051200000,23.301,23.434,23.177,23.336,436.78141289,1693094399999
1693094400000,23.297,23.424,23.23,23.35,328.53070049,1693137599999
1693137600000,23.309,23.492,23.253,23.313,829.23649519,1693180799999
1693180800000,23.317,23.317,22.8,23.054,2373.34456373,1693223999999
1693224000000,23.066,23.577,23.056,23.577,823.1744526,1693267199999
1693267200000,23.441,23.533,22.983,23.217,919.9502547,1693310399999
1693310400000,23.223,24.95,23.173,24.093,6038.28415397,1693353599999
1693353600000,24.185,24.357,23.967,24.053,479.30909723,1693396799999
1693396800000,24.048,24.178,23.663,24.173,742.34096664,1693439999999
1693440000000,24.0,24.643,24.0,24.568,653.46372668,1693483199999
1693483200000,24.563,24.684,23.65,24.055,1085.29041618,1693526399999
1693526400000,24.269,24.269,23.795,23.922,804.26963476,1693569599999
1693569600000,23.879,23.929,22.976,23.174,737.55616725,1693612799999
1693612800000,22.953,23.181,22.883,23.181,410.56903146,1693655999999
1693656000000,23.163,23.187,22.531,23.042,684.36223668,1693699199999
1693699200000,23.028,23.11,22.935,22.998,156.64005745,1693742399999
1693742400000,23.01,23.104,22.693,23.099,762.84808075,1693785599999
1693785600000,23.149,23.165,22.946,23.061,355.45113324,1693828799999
1693828800000,23.057,23.124,22.8,22.959,413.21430989,1693871999999
1693872000000,23.03,23.232,22.87,23.232,273.26417036,1693915199999
1693915200000,23.129,23.682,23.129,23.309,629.39419459,1693958399999
1693958400000,23.361,23.361,22.953,22.995,732.1673172,1694001599999
1694001600000,22.985,23.147,22.489,22.941,1286.93623334,1694044799999
1694044800000,22.964,22.966,22.806,22.867,469.95563659,1694087999999
1694088000000,22.916,23.319,22.842,23.081,509.09589385,1694131199999
1694131200000,23.222,23.229,22.8,22.902,486.68379487,1694174399999
1694174400000,22.871,22.952,22.778,22.922,988.06995122,1694217599999
1694217600000,22.914,23.089,22.887,23.089,230.03004786,1694260799999
1694260800000,23.039,23.11,22.865,22.91,772.04041332,1694303999999
1694304000000,22.769,22.769,21.915,22.377,1520.08514285,1694347199999
1694347200000,22.368,22.368,21.918,21.995,1213.59858361,1694390399999
1694390400000,21.997,21.997,20.8,21.218,926.56197551,1694433599999
1694433600000,21.195,21.286,20.772,21.076,1402.72726483,1694476799999
1694476800000,21.114,22.158,21.114,21.98,616.67780273,1694519999999
1694520000000,22.016,22.03,21.383,21.383,569.1605511,1694563199999
1694563200000,21.245,22.028,21.245,21.774,391.79989211,1694606399999
1694606400000,21.698,21.999,21.571,21.926,576.25912344,1694649599999
1694649600000,22.077,22.223,21.803,22.223,497.19110455,1694692799999
1694692800000,22.284,23.198,22.265,22.978,1152.26820742,1694735999999
1694736000000,23.198,23.237,22.829,23.104,430.63410601,1694779199999
1694779200000,23.043,23.44,23.027,23.262,806.26546669,1694822399999
1694822400000,23.261,23.7,23.261,23.557,593.32090369,1694865599999
1694865600000,23.595,24.965,23.273,24.946,4158.90277671,1694908799999
1694908800000,24.79,24.801,24.051,24.493,5006.90778111,1694951999999
1694952000000,24.458,24.458,23.48,23.74,2053.46145113,1694995199999
1694995200000,24.187,24.693,24.093,24.374,379.49756645,1695038399999
1695038400000,24.485,24.615,23.971,24.013,578.10683508,1695081599999
1695081600000,24.271,24.684,24.249,24.277,722.81831404,1695124799999
1695124800000,24.351,24.694,24.191,24.482,743.35803823,1695167999999
1695168000000,24.469,24.476,23.82,23.918,449.08054968,1695211199999
1695211200000,23.941,24.288,23.657,24.111,479.06104916,1695254399999
1695254400000,24.749,26.973,24.432,24.681,6007.49099739,1695297599999
1695297600000,24.721,24.721,24.174,24.667,645.18122342,1695340799999
1695340800000,24.44,24.44,23.924,24.083,1562.22869126,1695383999999
1695384000000,24.021,24.021,23.679,23.868,523.47767176,1695427199999
1695427200000,23.97,23.97,23.355,23.433,181.8129455,1695470399999
1695470400000,23.488,23.568,23.2,23.565,860.65019449,1695513599999
1695513600000,23.436,23.517,23.38,23.505,69.94463836,1695556799999
1695556800000,23.577,23.58,22.78,22.78,162.91884691,1695599999999
1695600000000,22.65,23.204,22.6,23.058,396.97372051,1695643199999
1695643200000,23.013,23.458,22.961,23.285,952.07353099,1695686399999
1695686400000,23.447,23.538,23.21,23.21,412.12420946,1695729599999
1695729600000,23.178,23.279,23.0,23.12,513.23428198,1695772799999
1695772800000,23.167,23.167,22.692,23.114,494.95501016,1695815999999
1695816000000,23.159,23.171,22.41,22.522,1368.31869328,1695859199999
1695859200000,22.58,23.065,22.565,22.913,649.95235005,1695902399999
1695902400000,23.013,23.501,22.973,23.428,2329.58427495,1695945599999
1695945600000,23.379,23.725,23.333,23.629,630.92687812,1695988799999
1695988800000,23.412,23.82,23.363,23.78,856.11478899,1696031999999
1696032000000,23.807,24.329,23.807,24.106,677.35510718,1696075199999
1696075200000,24.127,24.298,23.989,23.989,519.78838045,1696118399999
1696118400000,23.981,24.601,23.877,24.581,1045.13506649,1696161599999
1696161600000,24.588,24.715,24.046,24.61,585.42549673,1696204799999
1696204800000,24.599,24.6,24.21,24.531,924.802713,1696247999999
1696248000000,24.427,24.57,23.256,23.766,1053.51259132,1696291199999
1696291200000,23.744,23.908,23.607,23.627,623.76664967,1696334399999
1696334400000,23.571,23.729,23.318,23.393,304.01560023,1696377599999
1696377600000,23.25,23.399,22.783,23.318,1335.83707252,1696420799999
1696420800000,23.404,23.548,23.157,23.505,798.45603228,1696463999999
1696464000000,23.309,23.387,23.25,23.357,306.91665259,1696507199999
1696507200000,23.309,23.438,22.822,22.822,581.41035197,1696550399999
1696550400000,22.8,23.106,22.708,22.83,583.2315002,1696593599999
1696593600000,22.805,23.11,22.804,22.962,488.6355745,1696636799999
1696636800000,23.128,23.128,22.886,23.021,127.47078455,1696679999999
1696680000000,23.029,23.029,22.696,22.852,357.58517994,1696723199999
1696723200000,23.04,23.042,22.738,22.799,145.74144946,1696766399999
1696766400000,22.828,23.274,22.828,23.201,264.02796229,1696809599999
1696809600000,23.152,23.264,22.0,22.188,661.75663322,1696852799999
1696852800000,22.157,22.285,21.614,21.62,1814.2416653,1696895999999
1696896000000,21.647,21.792,21.565,21.575,1690.76049082,1696939199999
1696939200000,21.53,21.718,21.392,21.678,1428.62890137,1696982399999
1696982400000,21.375,21.662,21.3,21.528,656.8349958,1697025599999
1697025600000,21.61,21.61,21.208,21.495,868.16260103,1697068799999
1697068800000,21.491,21.907,21.355,21.784,2651.23649353,1697111999999
1697112000000,21.706,22.009,21.649,21.995,1121.83675343,1697155199999
1697155200000,21.989,22.338,21.989,22.284,682.56748173,1697198399999
1697198400000,22.251,22.677,22.191,22.286,653.9332974,1697241599999
1697241600000,22.737,22.877,22.63,22.811,1915.40979228,1697284799999
1697284800000,22.824,22.95,22.767,22.854,288.51768853,1697327999999
1697328000000,22.864,23.704,22.626,23.249,3107.56305926,1697371199999
1697371200000,23.341,23.341,22.974,23.138,1115.33456279,1697414399999
1697414400000,23.415,27.655,23.415,24.287,9354.40842068,1697457599999
1697457600000,24.344,24.58,23.5,23.96,2208.29497694,1697500799999
1697500800000,23.809,23.809,23.329,23.329,1181.20060663,1697543999999
1697544000000,23.309,23.319,22.578,22.788,1063.68018504,1697587199999
1697587200000,22.983,22.983,22.57,22.767,206.69334403,1697630399999
1697630400000,22.661,23.241,22.613,23.241,660.08555596,1697673599999
1697673600000,23.014,23.014,22.356,22.422,524.94414626,1697716799999
1697716800000,22.435,23.64,22.051,22.153,2268.67420721,1697759999999
1697760000000,22.055,25.124,22.055,23.884,9461.11479865,1697803199999
1697803200000,23.819,23.833,23.0,23.522,2934.77765005,1697846399999
1697846400000,23.165,24.848,23.0,23.618,1351.52463451,1697889599999
1697889600000,23.713,24.86,23.634,24.416,15790.22651114,1697932799999
1697932800000,24.232,24.874,24.0,24.291,1775.14515944,1697975999999
1697976000000,24.356,25.394,24.174,25.394,1527.96436636,1698019199999
1698019200000,25.389,26.175,22.57,25.942,12295.14553587,1698062399999
1698062400000,25.949,27.476,25.618,27.452,8986.30259292,1698105599999
1698105600000,27.494,28.05,26.822,27.883,5176.84445172,1698148799999
1698148800000,27.956,28.24,26.183,27.131,3918.78358638,1698191999999
1698192000000,27.081,27.781,26.76,27.077,1299.59379373,1698235199999
1698235200000,27.199,28.02,27.01,27.439,2530.27582537,1698278399999
1698278400000,27.443,28.686,27.397,27.718,1644.39037745,1698321599999
1698321600000,27.859,28.242,26.578,27.53,1996.22704004,1698364799999
1698364800000,27.45,27.461,26.9,27.342,530.25222905,1698407999999
1698408000000,27.387,27.839,26.707,27.121,2293.68430848,1698451199999
1698451200000,27.1,27.902,27.099,27.733,562.67861331,1698494399999
1698494400000,27.845,27.888,27.421,27.48,2135.03399733,1698537599999
1698537600000,27.428,27.87,27.144,27.71,1018.18662324,1698580799999
1698580800000,27.728,28.685,27.681,28.607,2087.74061326,1698623999999
1698624000000,28.681,29.209,28.236,29.13,807.96243353,1698667199999
1698667200000,29.112,29.201,28.289,29.107,1685.59276383,1698710399999
1698710400000,29.079,29.619,28.5,28.786,804.59563423,1698753599999
1698753600000,28.873,28.895,27.5,28.244,1822.01033544,1698796799999
1698796800000,28.288,28.917,28.0,28.853,620.95097581,1698839999999
1698840000000,28.795,30.704,28.57,30.454,3483.02893228,1698883199999
1698883200000,30.556,32.051,30.049,30.597,3640.24678166,1698926399999
1698926400000,30.656,31.49,29.96,31.121,2019.3600822,1698969599999
1698969600000,31.068,31.068,29.89,30.324,1735.42834945,1699012799999
1699012800000,30.258,30.756,29.988,30.651,1439.32954657,1699055999999
1699056000000,30.647,32.164,30.647,31.42,2604.74431189,1699099199999
1699099200000,31.429,32.5,31.303,32.5,2257.2491673,1699142399999
1699142400000,32.5,49.836,32.5,42.873,122453.94176264,1699185599999
1699185600000,42.8,45.564,42.038,44.817,44471.84631459,1699228799999
1699228800000,45.244,45.244,40.532,41.497,13784.85677193,1699271999999
1699272000000,41.438,41.862,40.664,41.7,6821.64331406,1699315199999
1699315200000,41.487,41.65,38.576,38.992,2735.29855001,1699358399999
1699358400000,39.129,40.691,38.566,40.069,3743.93366595,1699401599999
1699401600000,40.073,40.073,38.819,39.313,1588.22317913,1699444799999
1699444800000,39.279,40.32,38.686,40.005,1623.18462248,1699487999999
1699488000000,39.936,41.095,39.145,39.736,2359.47265946,1699531199999
1699531200000,39.814,41.173,34.02,39.154,9321.48241274,1699574399999
1699574400000,39.021,42.672,38.139,41.677,4316.26099634,1699617599999
1699617600000,41.917,44.157,40.821,43.557,11599.87255184,1699660799999
1699660800000,43.413,43.413,39.967,40.36,4190.55402012,1699703999999
1699704000000,40.363,41.895,40.223,41.227,4171.51443773,1699747199999
1699747200000,40.51,42.25,38.85,41.597,1539.59967899,1699790399999
1699790400000,41.41,41.951,40.551,41.942,2579.18681172,1699833599999
1699833600000,42.014,43.001,40.094,41.008,4576.90051593,1699876799999
1699876800000,41.308,43.163,41.005,41.288,5177.67075211,1699919999999
1699920000000,41.109,42.954,39.736,41.479,2429.55497931,1699963199999
1699963200000,41.509,41.822,39.37,41.398,3971.22604596,1700006399999
1700006400000,41.767,43.917,41.146,43.251,2024.36496631,1700049599999
1700049600000,43.197,43.86,42.761,43.308,3227.73621586,1700092799999
1700092800000,43.199,45.1,42.156,42.299,4653.00866087,1700135999999
1700136000000,42.26,42.26,39.038,40.172,5479.63930307,1700179199999
1700179200000,40.171,42.274,40.072,40.502,1163.92498467,1700222399999
1700222400000,40.523,42.264,40.013,41.62,3042.92550268,1700265599999
1700265600000,41.512,41.562,37.757,39.032,1580.6875425,1700308799999
1700308800000,39.048,40.133,38.482,39.737,1255.64912769,1700351999999
1700352000000,39.511,41.913,38.902,40.937,2001.85605852,1700395199999
1700395200000,40.806,42.537,40.567,42.537,2030.09215306,1700438399999
1700438400000,42.163,42.448,41.402,41.5,737.26524449,1700481599999
1700481600000,41.648,41.943,40.001,40.677,3200.5628031,1700524799999
1700524800000,40.518,40.956,39.668,39.787,806.16079044,1700567999999
1700568000000,39.801,40.038,36.446,36.685,2701.1814421,1700611199999
1700611200000,36.669,39.305,36.669,39.096,661.03096393,1700654399999
1700654400000,39.432,40.427,38.603,39.885,1204.66933923,1700697599999
1700697600000,39.907,40.751,39.646,40.021,630.01100931,1700740799999
1700740800000,40.122,40.238,39.651,40.238,999.31086239,1700783999999
1700784000000,40.416,43.403,40.396,41.909,1807.8757628,1700827199999
1700827200000,42.066,43.203,41.51,43.203,1946.49313073,1700870399999
1700870400000,42.879,43.327,41.468,41.563,1229.47312715,1700913599999
1700913600000,41.615,42.661,41.615,42.507,741.21099812,1700956799999
1700956800000,42.314,42.49,41.51,41.51,457.26049905,1700999999999
1701000000000,41.292,41.837,40.5,41.324,1057.10884265,1701043199999
1701043200000,41.344,41.361,39.89,40.162,391.0745151,1701086399999
1701086400000,40.235,40.44,39.457,40.124,1028.17421486,1701129599999
1701129600000,40.006,40.006,38.701,39.695,1361.06489369,1701172799999
1701172800000,39.684,40.226,39.326,39.871,2289.84311989,1701215999999
1701216000000,39.925,40.626,39.543,40.023,1825.03273731,1701259199999
1701259200000,39.758,39.959,39.174,39.644,1089.50792319,1701302399999
1701302400000,39.644,39.779,39.1,39.703,673.86820383,1701345599999
1701345600000,39.734,40.211,39.503,39.875,940.20569177,1701388799999
1701388800000,39.937,41.173,39.5,41.013,2075.98263687,1701431999999
1701432000000,41.181,42.084,40.596,41.713,1903.36407608,1701475199999
1701475200000,41.687,42.308,41.595,41.961,877.10019064,1701518399999
1701518400000,42.065,42.738,41.743,42.738,2008.28509085,1701561599999
1701561600000,42.694,43.793,42.199,43.498,6990.24009976,1701604799999
1701604800000,43.466,48.991,42.942,45.486,23631.83190186,1701647999999
1701648000000,45.336,48.231,43.924,46.085,6097.31578238,1701691199999
1701691200000,46.129,49.4,45.903,48.093,9571.95265327,1701734399999
1701734400000,47.605,47.719,45.1,45.905,2303.77128968,1701777599999
1701777600000,45.941,47.349,45.2,46.695,2805.37765149,1701820799999
1701820800000,46.742,47.882,44.547,45.1,1916.14573733,1701863999999
1701864000000,45.24,46.065,44.442,45.072,4677.00680007,1701907199999
1701907200000,45.311,45.955,44.033,44.306,2767.0846496,1701950399999
1701950400000,44.407,46.526,44.407,46.408,1883.70870692,1701993599999
1701993600000,46.56,47.026,45.74,46.804,1543.98021048,1702036799999
1702036800000,46.721,48.887,46.493,48.609,3466.39073642,1702079999999
1702080000000,48.46,52.335,48.103,52.335,3143.38464883,1702123199999
1702123200000,52.156,56.885,50.467,56.513,8933.23752562,1702166399999
1702166400000,56.3,63.387,54.299,60.272,36987.34040207,1702209599999
1702209600000,60.255,60.467,57.0,60.176,18129.21067319,1702252799999
1702252800000,60.5,62.3,55.235,59.77,9213.67490505,1702295999999
1702296000000,59.629,61.837,55.706,59.118,8649.96559767,1702339199999
1702339200000,59.759,64.259,58.27,58.55,6998.4662885,1702382399999
1702382400000,58.765,59.497,56.159,57.245,6264.27694592,1702425599999
1702425600000,56.988,57.111,53.075,54.184,4679.34161888,1702468799999
1702468800000,54.286,60.0,54.163,57.446,2554.04897037,1702511999999
1702512000000,57.507,57.507,55.007,55.952,1085.24727578,1702555199999
1702555200000,55.749,56.81,54.0,55.732,2448.62781851,1702598399999
1702598400000,55.459,55.459,53.844,54.656,841.94709172,1702641599999
1702641600000,54.539,55.498,53.228,53.407,679.05283049,1702684799999
1702684800000,53.332,56.747,52.557,56.561,1784.10307097,1702727999999
1702728000000,56.64,59.99,55.754,55.991,2349.18894975,1702771199999
1702771200000,56.158,59.937,56.134,58.512,1323.54970465,1702814399999
1702814400000,58.632,58.952,55.8,56.124,2311.0388334,1702857599999
1702857600000,56.349,56.349,49.699,51.241,6388.24068831,1702900799999
1702900800000,51.367,54.768,50.794,54.456,2650.55920239,1702943999999
1702944000000,54.246,55.055,53.198,53.591,1079.36904558,1702987199999
1702987200000,53.641,53.7,51.554,52.794,1882.48138046,1703030399999
1703030400000,53.101,55.149,52.272,55.109,668.01920574,1703073599999
1703073600000,55.439,57.786,54.537,57.451,4617.63879975,1703116799999
1703116800000,58.0,59.208,56.082,58.649,2394.04864678,1703159999999
1703160000000,58.425,58.637,55.947,56.368,2034.13017558,1703203199999
1703203200000,56.583,57.038,53.906,55.502,1464.30278712,1703246399999
1703246400000,55.256,56.506,54.537,56.321,930.41992689,1703289599999
1703289600000,56.769,61.0,55.14,58.08,3967.83748761,1703332799999
1703332800000,58.513,60.42,56.891,59.651,2120.55757212,1703375999999
1703376000000,59.267,68.38,58.974,64.683,18582.43159521,1703419199999
1703419200000,64.628,67.861,64.284,66.129,13369.6044912,1703462399999
1703462400000,66.357,71.035,65.513,66.756,4841.36341301,1703505599999
1703505600000,66.5,67.962,65.815,66.155,3564.47552581,1703548799999
1703548800000,66.62,66.76,62.782,65.341,5428.74203691,1703591999999
1703592000000,64.997,65.41,60.124,64.476,4083.31525823,1703635199999
1703635200000,64.446,67.484,63.105,65.07,2016.07438245,1703678399999
1703678400000,65.118,65.261,63.233,63.843,2019.76842803,1703721599999
1703721600000,63.625,64.148,60.729,62.841,1337.67672082,1703764799999
1703764800000,63.168,63.659,60.161,62.879,1571.98906618,1703807999999
1703808000000,62.853,66.0,60.526,64.08,1995.37476596,1703851199999
1703851200000,64.232,65.315,61.796,65.05,2817.82526776,1703894399999
1703894400000,64.348,64.775,60.954,62.142,1336.35762875,1703937599999
1703937600000,62.036,63.084,61.551,62.46,1190.21480205,1703980799999
1703980800000,61.979,64.208,60.666,63.186,1581.94586321,1704023999999
1704024000000,63.033,63.96,61.061,61.807,1283.75807943,1704067199999
1704067200000,61.79,64.292,60.6,63.834,426.26243669,1704110399999
1704110400000,63.998,65.19,63.476,64.846,1852.86223285,1704153599999
1704153600000,64.595,66.188,64.218,64.772,1713.30803294,1704196799999
1704196800000,65.305,65.76,62.73,62.99,2043.55095275,1704239999999
1704240000000,64.044,64.908,60.347,60.9,982.98939909,1704283199999
1704283200000,60.503,60.547,46.91,55.233,11655.15787692,1704326399999
1704326400000,55.03,55.298,51.395,52.841,5714.08168722,1704369599999
1704369600000,52.891,55.678,52.5,55.261,7232.79324974,1704412799999
1704412800000,54.93,55.277,51.857,52.01,2126.2690961,1704455999999
1704456000000,52.18,52.823,50.252,52.079,3593.15181513,1704499199999
1704499200000,52.007,52.066,47.503,49.365,1620.12850844,1704542399999
1704542400000,49.443,50.322,48.563,49.784,1880.51960478,1704585599999
1704585600000,49.951,51.317,49.266,49.473,946.67131923,1704628799999
1704628800000,49.307,50.228,46.665,47.246,3384.72742518,1704671999999
1704672000000,47.412,47.572,42.75,47.572,2681.87673321,1704715199999
1704715200000,47.752,51.875,47.752,50.509,3679.27570412,1704758399999
1704758400000,50.635,50.635,48.452,48.99,1349.09659821,1704801599999
1704801600000,48.975,49.165,46.857,48.557,4587.76794297,1704844799999
1704844800000,48.506,49.403,47.622,48.801,573.88134912,1704887999999
1704888000000,48.15,53.23,45.892,51.463,3931.29455629,1704931199999
1704931200000,51.802,54.857,50.981,53.903,1852.30650165,1704974399999
1704974400000,53.881,54.827,50.528,52.485,4603.97582098,1705017599999
1705017600000,52.021,53.53,50.989,52.5,690.64663592,1705060799999
1705060800000,52.616,53.283,47.4,49.388,3807.23848798,1705103999999
1705104000000,49.366,50.18,47.651,49.386,1171.8304991,1705147199999
1705147200000,49.479,50.175,49.21,49.875,825.04006239,1705190399999
1705190400000,49.917,49.918,48.594,49.346,342.52628783,1705233599999
1705233600000,49.409,50.756,47.662,47.665,1094.74470217,1705276799999
1705276800000,48.102,49.867,47.94,49.446,255.43991777,1705319999999
1705320000000,49.367,49.624,48.13,48.652,1019.46225813,1705363199999
1705363200000,48.834,52.0,48.834,50.216,1521.93465456,1705406399999
1705406400000,50.387,52.147,49.739,50.819,1839.61131382,1705449599999
1705449600000,51.009,53.062,50.04,50.677,1074.09834053,1705492799999
1705492800000,50.515,50.958,49.498,50.201,709.72985714,1705535999999
1705536000000,50.122,50.122,48.4,48.632,951.12416086,1705579199999
1705579200000,48.553,49.066,46.342,47.354,2412.05451424,1705622399999
1705622400000,47.724,47.736,45.2,46.968,2786.25265415,1705665599999
1705665600000,46.802,47.13,43.923,46.585,3750.42001325,1705708799999
1705708800000,46.425,49.238,45.541,48.04,2836.46125121,1705751999999
1705752000000,47.846,48.596,47.231,48.239,3005.71454771,1705795199999
1705795200000,48.311,48.561,47.723,48.418,1165.98395695,1705838399999
1705838400000,48.44,48.505,47.457,47.457,780.19748572,1705881599999
1705881600000,47.469,47.989,45.65,46.888,909.40030092,1705924799999
1705924800000,46.783,48.171,44.75,45.538,3053.074837,1705967999999
1705968000000,45.866,46.718,42.7,43.399,2428.13923049,1706011199999
1706011200000,43.415,44.837,42.6,44.837,3321.2610668,1706054399999
1706054400000,44.864,46.821,44.848,46.475,1079.44982745,1706097599999
1706097600000,46.466,46.9,44.931,45.741,2141.46804807,1706140799999
1706140800000,45.741,45.741,44.478,45.278,1219.49629639,1706183999999
1706184000000,45.336,45.401,44.182,45.22,2581.68445955,1706227199999
1706227200000,44.973,47.499,44.921,47.001,788.1656843,1706270399999
1706270400000,46.994,48.0,46.297,47.614,2288.17895901,1706313599999
1706313600000,47.775,48.401,47.147,47.907,740.98505623,1706356799999
1706356800000,47.837,49.694,47.82,49.377,1304.60762793,1706399999999
1706400000000,49.623,50.019,48.988,49.376,1329.61018554,1706443199999
1706443200000,49.405,49.428,48.217,49.047,1470.81212348,1706486399999
1706486400000,48.804,50.363,48.57,50.33,656.02969739,1706529599999
1706529600000,50.411,51.75,49.233,51.406,1866.50193878,1706572799999
1706572800000,51.55,52.828,51.066,52.688,2126.08481177,1706615999999
1706616000000,52.971,54.618,52.382,52.857,3616.12942106,1706659199999
1706659200000,52.648,52.793,50.745,51.014,1114.57934716,1706702399999
1706702400000,50.892,52.584,48.425,49.194,2566.3523357,1706745599999
1706745600000,49.218,49.525,47.637,48.331,2544.57970252,1706788799999
1706788800000,48.209,49.304,47.756,49.018,2278.46376994,1706831999999
1706832000000,49.036,52.499,49.028,51.491,1781.95475061,1706875199999
1706875200000,51.531,52.263,50.947,51.304,1063.33652371,1706918399999
1706918400000,51.602,51.602,50.41,50.673,322.98654693,1706961599999
1706961600000,50.804,50.804,49.867,49.867,488.88973612,1707004799999
1707004800000,50.088,50.198,48.875,49.92,406.08163123,1707047999999
1707048000000,49.843,50.331,49.36,49.462,1120.54638302,1707091199999
1707091200000,49.646,50.069,48.955,49.97,659.37129332,1707134399999
1707134400000,49.926,50.571,48.86,49.418,1301.81354743,1707177599999
1707177600000,49.577,50.121,48.894,48.962,823.88624649,1707220799999
1707220800000,48.882,49.602,48.798,48.95,605.9269266,1707263999999
1707264000000,48.828,48.828,47.312,47.336,638.874223,1707307199999
1707307200000,47.442,49.765,47.359,49.629,2591.16118644,1707350399999
1707350400000,49.542,51.673,49.378,50.086,918.18780919,1707393599999
1707393600000,49.988,50.549,49.114,50.063,2413.9071799,1707436799999
1707436800000,50.154,51.118,49.996,50.794,1082.33377145,1707479999999
1707480000000,50.795,51.165,49.978,50.702,2696.33630342,1707523199999
1707523200000,50.717,53.062,50.174,52.178,2398.29287746,1707566399999
1707566400000,52.516,52.875,51.895,52.298,894.40062442,1707609599999
1707609600000,52.178,52.31,51.2,51.684,1564.63991108,1707652799999
1707652800000,51.95,52.037,50.697,51.505,793.17699442,1707695999999
1707696000000,51.655,53.347,51.048,51.627,583.92033884,1707739199999
1707739200000,51.525,54.541,51.321,53.575,1781.7366779,1707782399999
1707782400000,54.01,56.701,53.491,55.11,1833.0982136,1707825599999
1707825600000,55.105,55.444,53.994,55.235,1931.64734107,1707868799999
1707868800000,54.985,56.489,54.393,56.03,745.11798315,1707911999999
1707912000000,56.189,56.853,55.104,56.723,1300.86175895,1707955199999
1707955200000,56.761,56.767,54.766,56.007,1076.07458823,1707998399999
1707998400000,55.86,56.701,55.082,56.513,2064.97596402,1708041599999
1708041600000,56.587,58.202,56.031,56.552,1640.03651967,1708084799999
1708084800000,56.572,56.993,53.806,55.095,1863.60791654,1708127999999
1708128000000,55.071,55.073,53.24,53.332,644.52978938,1708171199999
1708171200000,53.536,53.842,52.0,53.842,1549.26113743,1708214399999
1708214400000,53.93,54.643,53.571,54.297,256.64712872,1708257599999
1708257600000,54.472,55.771,53.821,55.488,1270.47515581,1708300799999
1708300800000,55.337,56.432,54.758,56.394,992.1673839,1708343999999
1708344000000,56.13,57.329,56.071,56.349,2385.18348468,1708387199999
1708387200000,56.496,57.346,54.795,56.746,527.87847277,1708430399999
1708430400000,56.853,56.853,53.0,55.667,3196.351576,1708473599999
1708473600000,55.553,55.553,52.118,52.461,1763.83863433,1708516799999
1708516800000,52.622,53.732,51.46,53.298,1947.88770077,1708559999999
1708560000000,52.8,54.387,51.943,53.586,877.83297051,1708603199999
1708603200000,53.594,54.334,52.698,53.2,2019.62015141,1708646399999
1708646400000,52.968,53.702,51.904,52.258,1217.02294035,1708689599999
1708689600000,52.145,52.855,51.108,51.777,2320.66002343,1708732799999
1708732800000,51.569,53.504,50.756,53.47,556.63090492,1708775999999
1708776000000,53.201,54.185,52.936,53.801,510.04051022,1708819199999
1708819200000,54.003,54.003,52.61,52.969,589.41106316,1708862399999
1708862400000,53.071,53.424,52.455,53.36,1156.1796204,1708905599999
1708905600000,53.378,54.732,52.758,53.683,1301.65392151,1708948799999
1708948800000,53.622,55.94,52.718,55.58,2811.77406152,1708991999999
1708992000000,55.59,57.078,54.93,55.71,3491.83973045,1709035199999
1709035200000,55.533,56.0,53.73,55.453,1399.82521724,1709078399999
1709078400000,55.499,56.87,54.599,55.389,4301.34379429,1709121599999
1709121600000,55.836,57.866,52.01,55.038,6171.08199368,1709164799999
1709164800000,55.147,58.649,54.482,56.949,4517.40701268,1709207999999
1709208000000,56.797,58.117,54.273,55.602,4757.7087924,1709251199999
1709251200000,55.767,57.512,55.691,56.958,957.01551006,1709294399999
1709294400000,57.071,58.464,56.469,58.345,1658.52566357,1709337599999
1709337600000,58.282,61.218,58.282,58.676,2353.84603224,1709380799999
1709380800000,58.729,61.157,58.729,61.004,1557.39855095,1709423999999
1709424000000,61.562,67.5,59.255,63.687,12318.60192092,1709467199999
1709467200000,63.77,66.735,63.461,65.893,1576.49011873,1709510399999
1709510400000,65.441,65.76,62.364,63.706,1270.45855737,1709553599999
1709553600000,63.706,64.506,60.775,62.778,3109.63286593,1709596799999
1709596800000,62.961,62.961,59.128,62.394,2306.71975809,1709639999999
1709640000000,62.422,63.176,51.4,56.12,15695.33802618,1709683199999
1709683200000,56.585,59.368,54.379,58.015,1932.08552541,1709726399999
1709726400000,58.13,59.248,55.7,58.902,4384.20113687,1709769599999
1709769600000,59.167,62.0,59.167,60.852,2108.46360853,1709812799999
1709812800000,60.874,61.92,59.855,61.792,1451.98829481,1709855999999
1709856000000,61.605,62.32,60.34,61.009,1505.1681314,1709899199999
1709899200000,61.027,62.005,58.762,61.799,4647.1648542,1709942399999
1709942400000,61.339,63.419,60.517,63.419,2003.9634162,1709985599999
1709985600000,63.4,63.9,61.714,62.375,1814.85227847,1710028799999
1710028800000,63.205,63.969,61.796,62.374,2608.45556162,1710071999999
1710072000000,62.226,62.402,59.931,61.3,2709.42621144,1710115199999
1710115200000,61.312,63.171,58.0,62.549,4401.34280961,1710158399999
1710158400000,62.56,65.46,62.046,64.225,6561.2079574,1710201599999
1710201600000,64.294,66.0,62.6,62.612,3015.5885247,1710244799999
1710244800000,62.824,66.468,60.355,66.468,5527.43682094,1710287999999
1710288000000,66.446,71.368,65.685,67.399,4304.91744989,1710331199999
1710331200000,67.239,67.685,65.16,67.112,4029.1041155,1710374399999
1710374400000,67.118,68.629,66.073,67.183,1894.36572764,1710417599999
1710417600000,66.977,69.201,61.885,69.197,4650.41052426,1710460799999
1710460800000,69.244,70.349,59.463,62.133,21273.91370326,1710503999999
1710504000000,62.03,64.757,60.347,63.422,5169.7467258,1710547199999
1710547200000,63.656,64.922,61.95,63.377,1257.17185284,1710590399999
1710590400000,63.059,63.109,55.993,57.392,4050.04281321,1710633599999
1710633600000,57.377,58.243,53.778,57.734,1697.19554467,1710676799999
1710676800000,58.038,59.936,56.459,59.174,3259.79248694,1710719999999
1710720000000,59.507,59.744,57.122,58.13,1262.68265165,1710763199999
1710763200000,57.707,58.156,54.851,56.003,2620.54792718,1710806399999
1710806400000,55.419,56.049,49.668,51.752,4197.06172732,1710849599999
1710849600000,51.614,53.925,49.62,50.634,2844.02220254,1710892799999
1710892800000,51.118,54.215,49.6,53.544,1852.49578868,1710935999999
1710936000000,53.427,56.265,50.383,55.687,2838.14396336,1710979199999
1710979200000,55.684,56.737,54.644,56.201,1794.85142876,1711022399999
1711022400000,56.244,57.365,54.515,55.417,1077.74225994,1711065599999
1711065600000,55.348,56.85,54.427,54.515,338.92829924,1711108799999
1711108800000,54.567,54.991,52.582,54.456,1678.83497702,1711151999999
1711152000000,54.398,56.111,54.217,56.055,325.6628898,1711195199999
1711195200000,55.935,56.693,55.177,55.177,580.90087191,1711238399999
1711238400000,55.704,55.953,54.623,55.846,180.66044521,1711281599999
1711281600000,55.982,57.759,55.121,57.341,1480.94823258,1711324799999
1711324800000,57.296,58.089,56.856,57.142,1347.82021641,1711367999999
1711368000000,57.238,59.387,57.115,58.237,1938.90114822,1711411199999
1711411200000,58.66,59.814,58.45,59.081,911.01756605,1711454399999
1711454400000,58.94,59.251,57.068,58.613,3856.93711153,1711497599999
1711497600000,58.737,58.861,55.946,57.433,651.93175312,1711540799999
1711540800000,57.607,58.585,55.376,56.314,1276.61135239,1711583999999
1711584000000,56.455,57.187,55.0,56.536,383.61890966,1711627199999
1711627200000,56.67,57.007,55.713,56.677,1378.01761197,1711670399999
1711670400000,56.668,56.714,55.115,56.071,929.48440588,1711713599999
1711713600000,56.205,57.384,55.35,56.313,2346.20958705,1711756799999
1711756800000,56.168,56.666,54.93,56.025,3118.84617713,1711799999999
1711800000000,55.841,56.068,54.455,54.81,1378.67330214,1711843199999
1711843200000,54.755,56.18,54.755,55.72,225.20263467,1711886399999
1711886400000,55.738,55.901,55.236,55.821,1384.04671813,1711929599999
1711929600000,55.702,56.023,52.942,53.091,2164.78140292,1711972799999
1711972800000,53.041,54.217,51.833,53.876,2147.10720266,1712015999999
1712016000000,53.586,53.587,48.683,49.375,4353.04882486,1712059199999
1712059200000,49.377,50.464,48.682,49.828,3645.95115725,1712102399999
1712102400000,50.043,51.848,48.224,50.942,1262.01286644,1712145599999
1712145600000,50.958,51.356,48.613,49.727,1272.08140235,1712188799999
1712188800000,49.756,50.578,48.741,50.437,495.40070923,1712231999999
1712232000000,50.574,51.493,49.548,50.394,1071.08132524,1712275199999
1712275200000,50.466,50.47,48.15,48.203,678.33838793,1712318399999
1712318400000,48.204,49.954,47.842,49.68,707.53511004,1712361599999
1712361600000,49.442,50.443,49.442,50.096,632.15963649,1712404799999
1712404800000,50.142,50.71,49.911,50.453,1115.70779336,1712447999999
1712448000000,50.35,50.783,50.148,50.677,527.59952319,1712491199999
1712491200000,50.643,50.928,49.434,50.001,1184.27399129,1712534399999
1712534400000,49.922,52.146,49.129,51.663,1461.65475882,1712577599999
1712577600000,51.908,52.592,51.48,52.43,1696.58935203,1712620799999
1712620800000,52.297,52.577,50.262,51.755,508.58650823,1712663999999
1712664000000,51.874,51.875,49.243,49.545,735.4100068,1712707199999
1712707200000,49.495,49.735,48.367,48.889,579.21370971,1712750399999
1712750400000,48.742,49.443,47.22,49.336,2002.22088893,1712793599999
1712793600000,49.154,50.037,48.879,48.879,343.52737011,1712836799999
1712836800000,48.698,49.146,47.631,48.424,1482.5657494,1712879999999
1712880000000,48.424,48.741,47.708,48.044,983.98072425,1712923199999
1712923200000,47.911,47.911,36.29,41.264,12621.02657069,1712966399999
1712966400000,41.202,41.543,39.637,40.787,2038.54020694,1713009599999
1713009600000,40.419,41.036,31.5,36.304,10704.19204261,1713052799999
1713052800000,36.301,38.951,34.999,37.097,2258.53161684,1713095999999
1713096000000,37.187,42.277,35.877,38.984,4657.54797361,1713139199999
1713139200000,38.571,40.916,37.517,40.029,1233.11344142,1713182399999
1713182400000,40.309,40.859,36.439,37.636,3506.07614065,1713225599999
1713225600000,37.424,38.069,36.1,37.674,1432.87456302,1713268799999
1713268800000,37.292,38.532,36.0,38.024,2132.90017737,1713311999999
1713312000000,37.916,38.476,37.368,37.368,2301.07382614,1713355199999
1713355200000,37.231,38.582,36.0,37.188,2254.46431894,1713398399999
1713398400000,37.0,38.372,36.378,38.15,730.20941737,1713441599999
1713441600000,38.117,38.767,37.166,38.242,1110.77540366,1713484799999
1713484800000,38.205,38.954,35.25,38.661,975.79383532,1713527999999
1713528000000,38.445,39.181,37.924,38.64,935.2482262,1713571199999
1713571200000,38.711,39.518,38.225,39.153,376.58831053,1713614399999
1713614400000,39.224,42.674,39.171,41.854,3774.74129439,1713657599999
1713657600000,41.624,41.872,41.114,41.265,601.81576913,1713700799999
1713700800000,41.375,41.375,40.196,40.629,3208.34914064,1713743999999
1713744000000,40.754,42.367,40.618,41.901,716.57704669,1713787199999
1713787200000,42.228,42.5,41.45,42.5,364.27825238,1713830399999
1713830400000,42.557,42.568,41.297,41.548,566.64018829,1713873599999
1713873600000,41.454,42.085,40.851,41.103,1072.32000272,1713916799999
1713916800000,41.148,42.392,41.148,42.256,1036.43085553,1713959999999
1713960000000,42.477,42.493,38.476,38.9,781.2332319,1714003199999
1714003200000,38.4,39.152,38.133,38.846,956.7927275,1714046399999
1714046400000,38.735,40.44,38.42,39.94,773.59405952,1714089599999
1714089600000,39.88,40.225,39.174,39.518,228.64765597,1714132799999
1714132800000,39.779,40.48,39.166,39.335,1083.57959491,1714175999999
1714176000000,39.644,39.968,38.303,38.421,681.45079844,1714219199999
1714219200000,38.525,39.671,38.36,38.81,350.64856105,1714262399999
1714262400000,38.771,39.453,38.722,38.92,357.98392132,1714305599999
1714305600000,38.893,39.248,37.68,37.68,692.89045419,1714348799999
1714348800000,37.89,38.031,36.692,36.707,779.81471893,1714391999999
1714392000000,36.935,37.647,36.636,37.437,1783.27690456,1714435199999
1714435200000,37.641,37.641,34.886,34.922,3643.87771518,1714478399999
1714478400000,35.031,36.113,34.252,36.099,6265.73664196,1714521599999
1714521600000,36.053,36.053,33.047,34.725,3308.06135187,1714564799999
1714564800000,34.579,36.317,34.274,36.178,1424.30465169,1714607999999
1714608000000,35.715,36.55,35.276,36.402,1065.28147337,1714651199999
1714651200000,36.439,37.401,36.376,37.146,1738.57402725,1714694399999
1714694400000,37.279,37.872,36.441,36.821,590.89946076,1714737599999
1714737600000,36.851,38.788,36.851,38.554,1282.36759507,1714780799999
1714780800000,38.602,39.031,37.877,38.418,444.77017187,1714823999999
1714824000000,38.492,38.892,38.271,38.532,846.39797711,1714867199999
1714867200000,38.401,38.401,37.649,38.103,167.30080725,1714910399999
1714910400000,38.032,39.607,37.927,38.692,1243.47343015,1714953599999
1714953600000,38.642,40.365,38.642,38.887,1259.84704096,1714996799999
1714996800000,38.921,38.928,37.062,37.062,1878.86568682,1715039999999
1715040000000,37.186,37.619,36.567,37.036,772.59187511,1715083199999
1715083200000,37.188,37.68,36.521,36.71,680.85987975,1715126399999
1715126400000,36.548,37.114,36.21,36.758,565.61254633,1715169599999
1715169600000,36.821,38.216,36.69,37.228,1383.60638235,1715212799999
1715212800000,37.038,37.387,36.393,36.908,647.03777251,1715255999999
1715256000000,36.879,38.073,36.6,37.756,1728.8728025,1715299199999
1715299200000,37.87,38.696,37.87,38.696,771.85888965,1715342399999
1715342400000,38.654,38.654,36.525,36.803,833.87869326,1715385599999
1715385600000,36.788,37.268,36.676,37.041,637.20563548,1715428799999
1715428800000,37.122,37.398,36.409,36.409,139.07592889,1715471999999
1715472000000,36.586,36.698,36.157,36.483,369.28583686,1715515199999
1715515200000,36.343,36.561,35.735,35.739,92.93768006,1715558399999
1715558400000,35.991,36.497,34.629,36.007,126.54876292,1715601599999
1715601600000,35.837,36.381,35.309,35.653,2142.87799125,1715644799999
1715644800000,35.648,35.912,34.683,35.236,1505.48127018,1715687999999
1715688000000,35.136,35.36,34.281,34.716,1337.26657778,1715731199999
1715731200000,34.787,35.204,34.671,34.671,301.88216144,1715774399999
1715774400000,34.764,37.054,34.764,36.902,523.06986739,1715817599999
1715817600000,37.157,37.768,37.157,37.515,532.14852798,1715860799999
1715860800000,37.394,37.394,36.281,36.436,330.27064674,1715903999999
1715904000000,36.732,37.647,36.621,37.174,270.85273128,1715947199999
1715947200000,37.073,37.69,36.868,37.446,708.53345379,1715990399999
1715990400000,37.303,37.646,37.303,37.601,117.42435491,1716033599999
1716033600000,37.541,37.541,36.944,37.207,274.06440121,1716076799999
1716076800000,37.26,37.26,36.111,36.321,278.96848437,1716119999999
1716120000000,36.0,36.075,34.794,34.963,646.43592596,1716163199999
1716163200000,34.807,35.383,34.251,34.99,363.41672276,1716206399999
1716206400000,34.933,37.72,34.826,37.639,2283.16683834,1716249599999
1716249600000,37.759,39.192,37.34,38.497,5140.59834082,1716292799999
1716292800000,38.275,39.32,37.551,37.6,1447.1439743,1716335999999
1716336000000,37.625,37.625,36.766,36.925,601.11949245,1716379199999
1716379200000,36.806,36.893,35.906,36.363,420.93919939,1716422399999
1716422400000,36.15,36.699,35.735,36.156,392.67665113,1716465599999
1716465600000,36.263,36.489,34.232,35.522,1754.02159909,1716508799999
1716508800000,35.465,35.751,34.597,34.909,746.79549393,1716551999999
1716552000000,35.22,35.801,34.926,35.64,467.45563307,1716595199999
1716595200000,35.838,36.596,35.838,36.361,108.99888692,1716638399999
1716638400000,36.26,36.444,36.002,36.42,797.10233988,1716681599999
1716681600000,36.361,37.114,35.606,36.117,299.54464381,1716724799999
1716724800000,36.008,36.159,35.625,35.982,596.59811299,1716767999999
1716768000000,35.916,36.439,35.671,36.091,415.68276448,1716811199999
1716811200000,36.24,37.168,36.142,36.648,489.21112441,1716854399999
1716854400000,36.633,36.774,35.736,36.293,650.35666985,1716897599999
1716897600000,36.156,36.863,35.745,36.718,525.41614848,1716940799999
1716940800000,36.834,38.123,36.457,37.61,416.90528935,1716983999999
1716984000000,37.68,37.692,36.816,36.927,309.82886089,1717027199999
1717027200000,36.91,37.347,35.612,36.302,279.26080792,1717070399999
1717070400000,36.178,36.884,35.94,36.035,401.10530361,1717113599999
1717113600000,35.702,36.072,35.566,35.936,105.26281851,1717156799999
1717156800000,35.911,36.316,35.039,35.907,640.19245778,1717199999999
1717200000000,35.662,35.662,35.499,35.624,99.56369848,1717243199999
1717243200000,35.653,35.771,35.498,35.682,366.06713934,1717286399999
1717286400000,35.795,36.063,35.342,35.626,122.81955292,1717329599999
1717329600000,35.584,35.606,34.871,34.918,278.70532307,1717372799999
1717372800000,35.043,35.865,34.88,35.568,555.39356273,1717415999999
1717416000000,35.435,36.201,35.21,35.4,991.29036522,1717459199999
1717459200000,35.771,35.954,35.511,35.954,83.02047794,1717502399999
1717502400000,35.88,36.383,35.782,36.028,400.29258781,1717545599999
1717545600000,36.164,36.811,35.91,36.509,592.48840469,1717588799999
1717588800000,36.344,37.143,36.15,36.735,445.75879626,1717631999999
1717632000000,36.786,36.912,36.268,36.624,339.75352482,1717675199999
1717675200000,36.742,36.742,35.614,35.744,1402.33338297,1717718399999
1717718400000,35.674,36.388,35.449,36.35,76.00001312,1717761599999
1717761600000,36.442,37.014,31.006,33.433,4579.6972277,1717804799999
1717804800000,33.233,33.437,32.499,32.499,312.11210406,1717847999999
1717848000000,32.2,32.708,31.942,32.127,951.75700462,1717891199999
1717891200000,32.154,32.358,31.872,32.081,453.90038945,1717934399999
1717934400000,32.108,33.222,32.108,33.057,1858.68461095,1717977599999
1717977600000,32.991,33.359,32.519,33.359,471.93566533,1718020799999
1718020800000,33.025,33.306,32.131,32.366,296.47655466,1718063999999
1718064000000,32.534,32.534,31.316,31.452,465.45854474,1718107199999
1718107200000,31.421,31.508,30.422,31.134,1630.60302836,1718150399999
1718150400000,31.089,32.041,30.534,31.939,62.21468968,1718193599999
1718193600000,31.793,33.007,31.747,32.43,540.57915988,1718236799999
1718236800000,32.247,32.247,31.225,31.407,449.71129326,1718279999999
1718280000000,31.361,31.593,30.46,30.914,423.00301274,1718323199999
1718323200000,31.352,31.973,31.352,31.465,139.36453192,1718366399999
1718366400000,31.552,31.67,29.765,30.578,1403.79175841,1718409599999
1718409600000,30.513,31.068,30.475,30.614,171.67341208,1718452799999
1718452800000,30.625,31.156,30.607,30.868,183.08999305,1718495999999
1718496000000,30.728,31.09,30.589,31.046,750.41400621,1718539199999
1718539200000,31.067,31.341,30.893,31.341,718.21488289,1718582399999
1718582400000,31.142,31.381,28.734,29.306,205.73950502,1718625599999
1718625600000,29.317,29.846,28.122,29.073,1173.4515799,1718668799999
1718668800000,28.42,28.795,24.773,26.706,3311.97504869,1718711999999
1718712000000,26.7,27.273,26.1,27.273,1432.43154527,1718755199999
1718755200000,27.555,28.374,27.555,27.705,648.60671034,1718798399999
1718798400000,27.96,27.977,27.313,27.358,429.44542991,1718841599999
1718841600000,27.398,28.662,27.332,28.426,119.76698359,1718884799999
1718884800000,28.606,28.606,27.025,27.353,366.67087351,1718927999999
1718928000000,27.126,27.548,26.622,27.029,354.67535483,1718971199999
1718971200000,27.211,27.365,26.419,26.867,557.41231887,1719014399999
1719014400000,26.732,26.732,26.295,26.562,192.46802368,1719057599999
1719057600000,26.51,26.969,26.51,26.707,210.36716355,1719100799999
1719100800000,27.034,27.268,26.959,26.96,277.94889102,1719143999999
1719144000000,26.887,26.895,26.089,26.442,658.50245031,1719187199999
1719187200000,26.5,26.553,24.93,25.853,748.49523403,1719230399999
1719230400000,25.839,27.002,25.757,26.953,244.52632489,1719273599999
1719273600000,27.551,28.583,27.249,28.22,602.21868061,1719316799999
1719316800000,28.157,28.495,27.8,27.8,412.47190456,1719359999999
1719360000000,27.786,28.14,27.722,27.894,199.79906537,1719403199999
1719403200000,27.71,27.947,27.198,27.793,724.47130314,1719446399999
1719446400000,27.487,27.743,27.093,27.657,219.39695503,1719489599999
1719489600000,27.883,28.23,27.671,27.962,404.74220595,1719532799999
1719532800000,27.952,28.032,27.536,27.956,694.06581384,1719575999999
1719576000000,27.959,27.959,27.147,27.234,1923.64957427,1719619199999
1719619200000,27.315,27.558,27.292,27.353,243.84792385,1719662399999
1719662400000,27.4,27.474,26.6,26.668,271.50770632,1719705599999
1719705600000,26.354,26.85,26.198,26.65,169.94466131,1719748799999
1719748800000,26.721,27.725,26.469,27.725,749.01990483,1719791999999
1719792000000,27.675,29.08,27.607,28.881,564.0647354,1719835199999
1719835200000,29.01,29.81,28.188,28.8,3776.59867259,1719878399999
1719878400000,28.645,30.37,28.645,29.615,2325.31728911,1719921599999
1719921600000,29.615,30.022,29.321,30.022,599.57217924,1719964799999
1719964800000,29.805,29.805,28.832,29.19,499.53660013,1720007999999
1720008000000,29.14,29.751,28.377,28.925,1228.82950053,1720051199999
1720051200000,28.617,28.617,26.977,27.465,1297.91483389,1720094399999
1720094400000,27.42,29.859,26.677,28.706,2822.38755203,1720137599999
1720137600000,28.689,29.506,25.178,29.19,7572.12974042,1720180799999
1720180800000,29.338,31.131,28.907,30.573,5527.83704518,1720223999999
1720224000000,30.464,31.553,30.254,30.865,1186.82209971,1720267199999
1720267200000,31.135,32.462,30.92,31.95,2149.44210857,1720310399999
1720310400000,32.124,32.124,31.024,31.451,340.18844024,1720353599999
1720353600000,31.373,31.493,30.082,30.105,981.6960556,1720396799999
1720396800000,30.295,32.18,29.431,31.483,981.79731222,1720439999999
1720440000000,31.095,32.454,30.169,32.454,5184.99422417,1720483199999
1720483200000,32.527,34.685,32.428,34.181,3552.10834644,1720526399999
1720526400000,34.239,34.654,33.718,33.874,1182.61496403,1720569599999
1720569600000,33.985,34.126,33.503,33.885,562.70222149,1720612799999
1720612800000,33.846,34.694,33.781,33.999,328.80115251,1720655999999
1720656000000,33.711,33.909,33.173,33.585,1456.59667519,1720699199999
1720699200000,33.489,33.986,32.68,32.917,243.55551979,1720742399999
1720742400000,33.043,33.381,32.35,32.418,105.67935275,1720785599999
1720785600000,32.74,32.898,32.242,32.612,1430.85822409,1720828799999
1720828800000,32.621,33.653,32.302,32.68,2098.05902905,1720871999999
1720872000000,32.705,32.898,32.105,32.53,685.19589936,1720915199999
1720915200000,32.731,33.098,32.493,32.732,510.36465822,1720958399999
1720958400000,32.594,32.882,32.284,32.686,386.0425054,1721001599999
1721001600000,32.595,33.143,32.366,32.479,867.87953548,1721044799999
1721044800000,32.512,34.026,32.438,34.026,2890.987332,1721087999999
1721088000000,34.035,34.406,31.432,32.211,1151.61065046,1721131199999
1721131200000,32.282,34.353,32.087,33.313,1496.57740843,1721174399999
1721174400000,33.583,34.697,33.53,33.863,1141.48951871,1721217599999
1721217600000,33.829,34.099,33.183,33.575,676.5281596,1721260799999
1721260800000,34.092,34.752,33.592,34.752,1778.85697426,1721303999999
1721304000000,34.765,35.089,33.145,33.283,732.35832909,1721347199999
1721347200000,33.123,33.213,32.162,32.275,219.78494975,1721390399999
1721390400000,32.231,33.519,32.215,33.452,1350.41616681,1721433599999
1721433600000,33.781,33.781,32.794,32.794,687.59593934,1721476799999
1721476800000,32.954,33.776,32.77,33.171,268.22832117,1721519999999
1721520000000,33.102,33.418,32.461,32.794,197.18966278,1721563199999
1721563200000,32.795,33.909,31.853,33.909,375.88054406,1721606399999
1721606400000,33.775,35.207,33.35,34.069,1439.10031051,1721649599999
1721649600000,34.071,34.451,32.981,33.029,1148.6217994,1721692799999
1721692800000,33.222,33.222,32.133,32.648,337.48902236,1721735999999
1721736000000,32.566,32.601,31.317,31.563,712.76891412,1721779199999
1721779200000,31.461,31.944,31.004,31.763,505.89919051,1721822399999
1721822400000,31.881,32.18,30.81,30.81,842.17041601,1721865599999
1721865600000,30.59,30.59,29.639,29.801,506.78268747,1721908799999
1721908800000,29.789,30.175,28.926,30.082,1409.68627482,1721951999999
1721952000000,29.965,30.854,29.965,30.546,927.37246186,1721995199999
1721995200000,30.643,30.997,30.419,30.798,1499.66762394,1722038399999
1722038400000,30.804,31.056,30.634,30.634,729.73250334,1722081599999
1722081600000,30.835,31.103,29.774,30.793,747.02311646,1722124799999
1722124800000,30.284,30.298,29.711,30.067,675.2163038,1722167999999
1722168000000,29.915,30.045,29.455,29.647,562.96183619,1722211199999
1722211200000,30.481,30.736,30.191,30.449,3880.68531056,1722254399999
1722254400000,30.45,30.602,29.495,29.7,892.25578654,1722297599999
1722297600000,29.696,29.91,29.481,29.734,582.6220129,1722340799999
1722340800000,29.718,29.945,28.737,28.837,880.05323436,1722383999999
1722384000000,29.121,29.478,28.444,28.66,595.97513885,1722427199999
1722427200000,28.616,29.471,28.551,28.73,1398.54257903,1722470399999
1722470400000,28.755,29.229,27.815,28.369,1416.35465691,1722513599999
1722513600000,28.399,28.718,26.933,28.718,2131.39295425,1722556799999
1722556800000,28.578,28.578,27.736,27.828,64.32715278,1722599999999
1722600000000,27.819,28.071,26.115,26.115,2555.15635488,1722643199999
1722643200000,26.0,26.786,25.356,26.459,236.52984138,1722686399999
1722686400000,26.664,26.665,24.936,25.913,1608.32534649,1722729599999
1722729600000,26.027,26.07,25.36,25.454,244.13164238,1722772799999
1722772800000,25.521,25.656,23.585,24.562,4455.0480575,1722815999999
1722816000000,24.65,24.65,20.163,21.792,10912.9280823,1722859199999
1722859200000,21.819,24.493,20.923,23.677,6647.06425558,1722902399999
1722902400000,24.351,25.152,24.226,24.506,1130.45459245,1722945599999
1722945600000,24.427,25.062,24.059,24.735,493.00785761,1722988799999
1722988800000,24.436,25.148,24.436,24.759,740.21285647,1723031999999
1723032000000,24.657,25.09,23.588,24.005,1152.23939107,1723075199999
1723075200000,24.46,25.301,24.46,25.163,220.36690196,1723118399999
1723118400000,25.047,26.289,24.86,26.289,459.38873131,1723161599999
1723161600000,26.084,26.084,25.323,25.587,350.42833295,1723204799999
1723204800000,25.413,25.536,24.835,25.425,716.37717138,1723247999999
1723248000000,25.402,25.821,25.374,25.72,279.71755493,1723291199999
1723291200000,25.722,26.686,25.679,26.291,559.29691098,1723334399999
1723334400000,26.249,26.597,26.093,26.289,243.69603573,1723377599999
1723377600000,26.051,26.133,24.294,24.321,760.7297158,1723420799999
1723420800000,24.478,25.414,24.261,25.414,255.22452679,1723463999999
1723464000000,25.49,25.631,24.633,25.242,886.90243649,1723507199999
1723507200000,24.714,24.797,24.331,24.463,257.6636957,1723550399999
1723550400000,24.525,25.326,24.524,25.164,150.20313691,1723593599999
1723593600000,25.272,25.3,24.99,25.044,242.3827606,1723636799999
1723636800000,25.257,25.284,24.359,24.58,186.29137422,1723679999999
1723680000000,24.653,24.653,24.163,24.602,278.98151687,1723723199999
1723723200000,24.532,24.956,23.445,23.835,424.24179578,1723766399999
1723766400000,23.559,23.962,23.503,23.609,223.60809805,1723809599999
1723809600000,23.491,23.723,22.979,23.571,1101.57847099,1723852799999
1723852800000,23.539,23.656,23.357,23.439,223.72893666,1723895999999
1723896000000,23.48,23.649,23.405,23.469,60.33321063,1723939199999
1723939200000,23.469,23.714,23.433,23.714,372.11066028,1723982399999
1723982400000,24.0,24.128,23.777,23.999,160.16787835,1724025599999
1724025600000,23.722,24.303,23.722,24.195,87.20822667,1724068799999
1724068800000,24.247,24.394,23.89,24.217,291.70554621,1724111999999
1724112000000,24.381,24.99,24.381,24.57,889.10057069,1724155199999
1724155200000,24.633,24.706,23.979,24.271,254.07005166,1724198399999
1724198400000,24.459,25.046,24.333,24.656,334.896751,1724241599999
1724241600000,24.68,25.493,24.559,25.307,198.7922315,1724284799999
1724284800000,25.114,25.672,25.114,25.588,140.37215295,1724327999999
1724328000000,25.647,26.064,25.423,25.55,4135.66471339,1724371199999
1724371200000,25.67,26.147,25.512,25.791,5914.84064996,1724414399999
1724414400000,25.815,27.483,25.696,27.139,6538.88511751,1724457599999
1724457600000,27.208,28.82,27.208,28.362,2804.10359243,1724500799999
1724500800000,28.31,30.055,28.31,28.85,4660.23484651,1724543999999
1724544000000,29.022,29.022,27.453,27.756,131.17768448,1724587199999
1724587200000,27.925,28.802,27.925,28.645,122.74864626,1724630399999
1724630400000,28.388,28.885,28.195,28.51,265.25722158,1724673599999
1724673600000,28.172,28.599,27.2,27.2,431.63849166,1724716799999
1724716800000,27.401,27.63,26.67,26.8,113.25260738,1724759999999
1724760000000,26.765,27.043,24.835,25.193,2617.79080622,1724803199999
1724803200000,25.271,25.946,24.742,25.763,1406.75483541,1724846399999
1724846400000,25.92,26.035,24.458,24.93,98.49302356,1724889599999
1724889600000,25.165,25.884,25.165,25.84,1026.61478551,1724932799999
1724932800000,25.838,26.665,25.79,26.273,398.29485416,1724975999999
1724976000000,26.593,26.69,26.016,26.336,267.86108121,1725019199999
1725019200000,26.604,26.999,25.497,26.693,1278.19224954,1725062399999
1725062400000,27.144,27.667,26.352,26.541,805.79879466,1725105599999
1725105600000,26.697,26.697,25.939,26.175,59.43916645,1725148799999
1725148800000,25.972,25.972,25.1,25.253,712.99625796,1725191999999
1725192000000,25.225,25.584,24.835,24.994,930.65184908,1725235199999
1725235200000,25.081,25.251,24.345,25.036,203.98170108,1725278399999
1725278400000,25.056,25.554,24.672,25.502,1526.7052877,1725321599999
1725321600000,25.42,25.619,25.056,25.116,257.69036643,1725364799999
1725364800000,25.32,25.321,24.0,24.0,243.13646776,1725407999999
1725408000000,23.798,24.42,22.956,23.659,1655.85977399,1725451199999
1725451200000,23.641,24.835,23.561,24.416,63.80942134,1725494399999
1725494400000,24.364,24.364,23.21,23.213,531.91751186,1725537599999
1725537600000,23.235,23.579,22.515,22.616,956.17636551,1725580799999
1725580800000,22.619,22.619,21.86,21.934,531.99065597,1725623999999
1725624000000,21.936,22.48,20.988,21.599,2336.30755408,1725667199999
1725667200000,21.652,22.617,21.652,22.573,397.25359892,1725710399999
1725710400000,22.65,22.65,22.11,22.223,163.18212964,1725753599999
1725753600000,22.181,22.724,22.101,22.669,520.13724197,1725796799999
1725796800000,22.461,22.905,22.09,22.68,427.76009655,1725839999999
1725840000000,22.81,23.513,22.799,23.513,98.54502557,1725883199999
1725883200000,23.47,24.348,23.253,24.016,1071.15109821,1725926399999
1725926400000,23.802,24.263,23.802,24.06,52.37664467,1725969599999
1725969600000,24.091,24.508,23.874,24.206,459.7475705,1726012799999
1726012800000,24.002,24.002,23.323,23.323,478.81957699,1726055999999
1726056000000,23.445,23.738,23.096,23.591,432.64605006,1726099199999
1726099200000,23.774,24.399,23.774,24.064,1383.86354228,1726142399999
1726142400000,24.102,24.292,23.678,24.093,902.40906889,1726185599999
1726185600000,24.128,24.128,23.816,23.938,37.74719374,1726228799999
1726228800000,23.785,24.384,23.678,24.239,313.4438946,1726271999999
1726272000000,24.02,24.02,23.69,23.69,482.10433402,1726315199999
1726315200000,23.806,24.056,23.699,23.857,45.89485416,1726358399999
1726358400000,23.94,24.08,23.662,23.681,105.32216259,1726401599999
1726401600000,23.656,23.887,22.745,22.82,1125.98585764,1726444799999
1726444800000,22.919,22.919,22.314,22.341,743.77159243,1726487999999
1726488000000,22.412,22.412,22.0,22.147,977.55787701,1726531199999
1726531200000,22.389,22.751,22.1,22.646,521.68596323,1726574399999
1726574400000,22.771,23.373,22.666,23.169,983.76567305,1726617599999
1726617600000,23.093,23.785,22.942,23.286,154.63998914,1726660799999
1726660800000,22.759,23.48,22.65,23.48,608.3676028,1726703999999
1726704000000,23.785,24.457,23.689,24.333,622.01677385,1726747199999
1726747200000,24.396,24.91,24.18,24.484,1856.91752997,1726790399999
1726790400000,24.508,25.413,24.508,24.736,1935.36590346,1726833599999
1726833600000,25.0,25.055,24.508,24.946,231.80402677,1726876799999
1726876800000,25.1,25.799,24.865,25.674,3694.17334102,1726919999999
1726920000000,25.737,25.942,25.536,25.889,376.71017433,1726963199999
1726963200000,25.889,25.889,24.861,24.861,377.25634541,1727006399999
1727006400000,25.127,25.176,24.819,25.015,125.63233044,1727049599999
1727049600000,25.199,26.179,25.169,25.59,226.57491046,1727092799999
1727092800000,25.572,26.0,25.429,25.958,708.23679737,1727135999999
1727136000000,25.586,25.969,25.416,25.591,4531.89995713,1727179199999
1727179200000,25.607,26.118,25.112,25.949,2907.49303074,1727222399999
1727222400000,25.91,26.355,25.75,26.068,584.44556041,1727265599999
1727265600000,25.953,26.414,25.866,25.98,2262.03850545,1727308799999
1727308800000,25.639,26.589,25.639,26.529,194.20420352,1727351999999
1727352000000,26.496,26.865,26.339,26.606,383.43554613,1727395199999
1727395200000,26.447,27.194,26.447,26.715,312.02483188,1727438399999
1727438400000,27.052,27.312,26.817,26.879,954.03141389,1727481599999
1727481600000,27.141,27.223,25.884,26.52,1288.02138018,1727524799999
1727524800000,26.484,26.484,25.8,26.028,248.29371705,1727567999999
1727568000000,26.031,26.179,25.478,25.7,253.45993497,1727611199999
1727611200000,25.805,26.97,25.468,26.296,3087.58543332,1727654399999
1727654400000,26.327,26.349,25.155,25.385,1512.80263832,1727697599999
1727697600000,25.316,25.521,24.382,24.512,284.46933494,1727740799999
1727740800000,24.565,25.472,24.486,25.405,57.6245663,1727783999999
1727784000000,25.226,25.227,22.124,22.952,867.51996573,1727827199999
1727827200000,22.883,23.62,22.709,22.91,575.88556306,1727870399999
1727870400000,22.722,23.033,22.0,22.365,2145.62094915,1727913599999
1727913600000,22.451,22.766,21.768,22.396,297.19278157,1727956799999
1727956800000,21.922,22.47,21.651,22.225,1134.97530776,1727999999999
1728000000000,22.326,22.823,22.326,22.519,262.93246969,1728043199999
1728043200000,22.503,23.074,22.451,22.915,322.74701916,1728086399999
1728086400000,22.85,23.129,22.7,23.129,247.70103424,1728129599999
1728129600000,23.055,23.059,22.469,22.666,877.32512348,1728172799999
1728172800000,22.819,23.092,22.806,23.034,108.42625922,1728215999999
1728216000000,23.072,23.817,23.072,23.392,2348.20644002,1728259199999
1728259200000,23.46,23.915,23.0,23.113,1264.74870692,1728302399999
1728302400000,23.138,23.918,23.138,23.198,658.11506963,1728345599999
1728345600000,23.218,23.349,22.903,23.018,786.82532267,1728388799999
1728388800000,22.911,23.413,22.596,23.283,1217.73973789,1728431999999
1728432000000,23.292,23.478,23.112,23.207,415.36128998,1728475199999
1728475200000,23.214,23.214,22.4,22.511,238.67514924,1728518399999
1728518400000,22.561,22.778,22.3,22.682,841.75921915,1728561599999
1728561600000,22.493,22.587,21.969,22.587,387.46884427,1728604799999
1728604800000,22.744,23.512,22.735,23.393,1272.06948102,1728647999999
1728648000000,23.419,23.839,23.279,23.829,898.34396869,1728691199999
1728691200000,23.904,24.634,23.904,24.484,682.85235733,1728734399999
1728734400000,24.6,25.387,24.6,24.906,1259.04931615,1728777599999
1728777600000,24.702,25.183,24.434,24.435,508.42913101,1728820799999
1728820800000,24.333,24.401,23.873,24.401,91.90694067,1728863999999
1728864000000,24.775,25.106,24.448,25.08,979.48716557,1728907199999
1728907200000,25.147,25.672,24.983,25.493,2425.76583254,1728950399999
1728950400000,25.624,25.829,24.534,24.534,624.81199829,1728993599999
1728993600000,24.762,25.364,24.359,24.453,656.48004346,1729036799999
1729036800000,24.564,24.73,24.346,24.658,138.23591061,1729079999999
1729080000000,24.535,24.62,24.205,24.359,293.74687658,1729123199999
1729123200000,23.86,23.914,23.284,23.331,85.95460932,1729166399999
1729166400000,23.331,23.794,23.268,23.65,733.8892607,1729209599999
1729209600000,23.657,24.066,23.566,23.986,106.47273196,1729252799999
1729252800000,23.907,24.608,23.884,24.608,76.99754196,1729295999999
1729296000000,24.66,25.131,24.579,24.61,116.40768232,1729339199999
1729339200000,24.605,24.654,24.43,24.603,335.57934686,1729382399999
1729382400000,24.577,24.956,24.43,24.874,366.7702701,1729425599999
1729425600000,25.029,25.638,24.941,25.484,265.180244,1729468799999
1729468800000,25.594,25.617,24.884,24.884,692.78254721,1729511999999
1729512000000,24.922,24.933,24.407,24.869,374.67858341,1729555199999
1729555200000,24.977,25.074,24.281,24.593,483.48658229,1729598399999
1729598400000,24.561,24.666,24.0,24.356,973.96056974,1729641599999
1729641600000,24.254,24.262,23.736,23.736,452.71118869,1729684799999
1729684800000,23.784,24.039,23.16,23.999,1610.38058114,1729727999999
1729728000000,24.175,24.536,23.504,23.701,2506.18480099,1729771199999
1729771200000,23.769,24.089,23.769,23.921,270.78524465,1729814399999
1729814400000,24.082,24.082,23.253,23.514,241.76046137,1729857599999
1729857600000,23.516,23.724,21.092,21.853,3232.01741689,1729900799999
1729900800000,21.527,22.316,21.345,22.232,906.75715423,1729943999999
1729944000000,22.284,22.284,21.658,21.916,1802.18548671,1729987199999
1729987200000,21.885,22.192,21.879,21.963,549.01561735,1730030399999
1730030400000,21.941,22.413,21.941,22.413,351.30152667,1730073599999
1730073600000,22.406,22.406,21.704,22.058,494.66060954,1730116799999
1730116800000,22.1,22.547,21.434,22.375,1762.75806889,1730159999999
1730160000000,22.482,23.388,22.441,23.277,1845.01921785,1730203199999
1730203200000,23.358,23.878,22.99,23.37,1836.35296358,1730246399999
1730246400000,23.274,23.34,22.665,22.665,102.31569983,1730289599999
1730289600000,22.639,23.062,22.347,22.552,368.19145081,1730332799999
1730332800000,22.22,22.496,21.835,22.214,1505.20610449,1730375999999
1730376000000,22.014,22.12,21.327,21.485,306.71435034,1730419199999
1730419200000,21.55,21.55,21.065,21.521,739.00878889,1730462399999
1730462400000,21.516,21.897,21.1,21.53,991.19798382,1730505599999
1730505600000,21.676,21.692,21.415,21.509,218.9253818,1730548799999
1730548800000,21.415,21.415,21.075,21.3,390.08601454,1730591999999
1730592000000,21.064,21.139,20.36,20.68,736.25140721,1730635199999
1730635200000,20.647,20.925,19.905,20.721,2391.02045223,1730678399999
1730678400000,20.697,20.757,20.423,20.54,555.12327087,1730721599999
1730721600000,20.528,20.651,19.909,20.299,660.21824129,1730764799999
1730764800000,20.497,21.041,20.497,21.004,192.38785392,1730807999999
1730808000000,21.009,21.65,20.986,21.496,316.84974213,1730851199999
1730851200000,21.686,23.312,21.686,23.144,2001.84405401,1730894399999
1730894400000,23.296,24.322,22.913,24.144,683.99505172,1730937599999
1730937600000,24.234,24.754,23.683,23.808,970.18401745,1730980799999
1730980800000,23.939,24.954,23.68,24.596,3585.57288746,1731023999999
1731024000000,24.637,24.897,24.207,24.897,688.7361567,1731067199999
1731067200000,24.954,27.145,24.941,26.553,3353.60020828,1731110399999
1731110400000,26.679,29.41,26.65,27.536,5904.05751949,1731153599999
1731153600000,27.536,27.627,26.756,27.589,1495.80499183,1731196799999
1731196800000,27.55,29.368,27.41,28.851,874.81328436,1731239999999
1731240000000,28.998,29.492,26.875,28.325,3187.01302824,1731283199999
1731283200000,28.355,29.34,27.983,29.309,1649.58920849,1731326399999
1731326400000,29.391,31.204,28.885,31.204,8673.72219087,1731369599999
1731369600000,31.021,32.305,27.716,29.631,12217.23731787,1731412799999
1731412800000,29.411,29.823,28.16,29.431,2272.58066717,1731455999999
1731456000000,29.508,29.669,27.08,27.529,1299.38813924,1731499199999
1731499200000,27.6,29.281,26.938,27.817,6090.96369111,1731542399999
1731542400000,27.963,28.783,27.369,27.515,438.09159629,1731585599999
1731585600000,27.521,27.703,26.437,26.524,1844.94851461,1731628799999
1731628800000,26.677,27.04,25.99,26.8,938.99074759,1731671999999
1731672000000,26.959,27.495,26.425,27.495,1031.64706252,1731715199999
1731715200000,27.465,28.738,27.246,28.738,603.21612917,1731758399999
1731758400000,28.815,30.243,28.035,30.185,1593.56969072,1731801599999
1731801600000,30.304,31.017,28.559,28.569,1226.79168768,1731844799999
1731844800000,28.492,29.035,27.08,27.506,2264.41872555,1731887999999
1731888000000,27.562,29.437,27.456,28.556,907.03277892,1731931199999
1731931200000,28.75,29.826,28.105,29.609,4599.47751388,1731974399999
1731974400000,29.478,30.237,28.915,30.102,3092.83011119,1732017599999
1732017600000,30.157,30.826,28.861,29.372,6577.84490423,1732060799999
1732060800000,29.434,29.434,27.942,28.484,2444.7893667,1732103999999
1732104000000,28.603,29.149,26.894,27.327,4475.87376615,1732147199999
1732147200000,27.194,28.986,26.47,28.231,5944.26898171,1732190399999
1732190400000,28.308,29.33,28.129,28.694,2153.72217785,1732233599999
1732233600000,28.699,29.132,28.132,28.991,3432.00176157,1732276799999
1732276800000,28.847,32.689,28.043,32.679,7805.9557465,1732319999999
1732320000000,32.728,34.25,31.819,33.754,9734.36918035,1732363199999
1732363200000,33.58,36.142,33.505,34.082,4345.73134657,1732406399999
1732406400000,35.131,37.84,34.828,34.908,3841.90709392,1732449599999
1732449600000,34.882,37.252,32.923,37.219,4855.75716501,1732492799999
1732492800000,36.908,38.521,35.0,37.105,5394.16656313,1732535999999
1732536000000,37.278,37.457,34.279,34.954,4105.9721671,1732579199999
1732579200000,34.646,36.041,32.572,33.166,2849.70842072,1732622399999
1732622400000,33.26,35.343,32.794,35.232,1434.30816448,1732665599999
1732665600000,35.046,35.385,34.279,34.851,425.20398429,1732708799999
1732708800000,34.279,36.88,34.279,36.88,2018.80744929,1732751999999
1732752000000,36.538,36.785,35.285,35.778,613.88289145,1732795199999
1732795200000,35.644,37.206,35.1,37.189,1143.7702916,1732838399999
1732838400000,37.138,37.884,36.357,37.884,1074.4676314,1732881599999
1732881600000,38.0,40.701,38.0,40.208,2979.33392385,1732924799999
1732924800000,40.016,40.429,38.532,38.955,996.58332189,1732967999999
1732968000000,38.841,41.415,38.708,40.437,1954.94927936,1733011199999
1733011200000,40.167,42.161,39.205,42.161,1657.09998501,1733054399999
1733054400000,41.981,42.896,41.1,41.872,3962.20776426,1733097599999
1733097600000,41.631,43.85,39.679,40.094,2463.50327746,1733140799999
1733140800000,39.962,46.24,39.917,45.9,5222.17579249,1733183999999
1733184000000,45.898,48.053,45.199,46.855,3797.8569642,1733227199999
1733227200000,46.851,52.166,45.559,51.942,6038.58875576,1733270399999
1733270400000,51.967,54.176,50.019,53.615,3078.17856478,1733313599999
1733313600000,53.866,55.106,50.175,52.109,13142.21673098,1733356799999
1733356800000,51.895,55.204,49.826,54.336,3955.86350036,1733399999999
1733400000000,54.475,54.506,50.019,51.32,2245.45757762,1733443199999
1733443200000,51.481,52.69,49.871,49.979,1775.62177484,1733486399999
1733486400000,50.412,52.987,48.764,52.344,2375.04682119,1733529599999
1733529600000,51.868,53.568,50.967,51.293,1079.02550041,1733572799999
1733572800000,51.231,51.646,50.472,51.117,964.12887314,1733615999999
1733616000000,50.879,51.757,49.879,51.378,1092.60046481,1733659199999
1733659200000,50.899,52.545,50.478,52.454,1218.15420394,1733702399999
1733702400000,52.812,52.968,46.273,46.542,2460.72370339,1733745599999
1733745600000,46.544,48.804,37.398,42.754,7388.9795521,1733788799999
1733788800000,42.091,43.355,39.282,42.833,1658.15385489,1733831999999
1733832000000,42.802,42.802,37.815,42.442,3638.0391363,1733875199999
1733875200000,41.859,42.338,40.108,42.338,678.26160898,1733918399999
1733918400000,42.448,45.225,42.353,44.785,1353.55429871,1733961599999
1733961600000,44.4,47.536,44.4,45.0,1312.37457883,1734004799999
1734004800000,45.316,46.871,44.772,45.693,1922.94440391,1734047999999
1734048000000,45.103,46.478,44.209,46.267,1907.66354517,1734091199999
1734091200000,46.68,46.871,44.971,45.17,1260.22841935,1734134399999
1734134400000,45.875,46.255,44.914,45.173,613.56446188,1734177599999
1734177600000,45.045,45.045,42.823,44.214,732.94633205,1734220799999
1734220800000,44.086,44.925,42.893,44.544,666.37902657,1734263999999
1734264000000,44.708,45.703,42.674,44.628,2330.66156091,1734307199999
1734307200000,44.63,45.184,41.726,41.926,1405.32326663,1734350399999
1734350400000,41.831,44.14,41.817,42.692,2037.80641615,1734393599999
1734393600000,42.69,42.77,41.541,42.725,896.07840397,1734436799999
1734436800000,42.571,43.001,40.352,40.648,1701.50054717,1734479999999
1734480000000,40.855,40.93,39.31,40.298,1091.62940071,1734523199999
1734523200000,40.29,40.575,36.135,36.794,3719.1085774,1734566399999
1734566400000,36.661,37.45,34.895,37.217,3831.8573492,1734609599999
1734609600000,37.231,37.314,32.161,33.706,6659.49710094,1734652799999
1734652800000,33.437,34.777,28.305,28.467,7452.56089596,1734695999999
1734696000000,28.378,34.969,28.378,34.56,4566.92197908,1734739199999
1734739200000,34.521,36.634,34.441,35.307,873.59697842,1734782399999
1734782400000,35.178,35.178,32.18,32.459,1156.06903388,1734825599999
1734825600000,32.618,33.314,31.68,32.987,432.822828,1734868799999
1734868800000,32.867,33.334,31.1,32.447,2734.06359432,1734911999999
1734912000000,32.242,33.523,31.43,32.71,2475.61464708,1734955199999
1734955200000,32.998,34.939,31.882,34.48,3079.31750183,1734998399999
1734998400000,34.55,34.55,33.611,34.294,1602.7615207,1735041599999
1735041600000,34.581,36.012,34.239,35.734,1312.38968929,1735084799999
1735084800000,35.552,35.552,34.549,34.946,483.30784758,1735127999999
1735128000000,34.372,34.777,33.912,34.424,1016.93228384,1735171199999
1735171200000,34.381,37.724,32.417,33.035,4412.02585543,1735214399999
1735214400000,32.914,32.914,31.788,32.095,2676.33225466,1735257599999
1735257600000,32.451,33.907,32.112,33.718,681.12354346,1735300799999
1735300800000,33.765,33.765,32.18,32.538,953.68099644,1735343999999
1735344000000,32.585,32.822,32.18,32.399,132.98863879,1735387199999
1735387200000,32.47,33.902,32.107,33.902,2634.50018924,1735430399999
1735430400000,33.741,34.035,33.568,33.583,437.75069388,1735473599999
1735473600000,33.449,33.616,32.433,32.452,758.7781017,1735516799999
1735516800000,32.896,33.992,32.737,33.413,436.97130923,1735559999999
1735560000000,33.41,34.025,31.852,32.712,5990.11193897,1735603199999
1735603200000,32.18,32.892,31.809,32.581,464.95640341,1735646399999
1735646400000,32.96,33.653,32.123,32.185,572.00545015,1735689599999
1735689600000,32.362,32.615,31.745,31.986,43.53322783,1735732799999
1735732800000,32.312,34.105,32.294,33.646,2071.69034576,1735775999999
1735776000000,33.998,34.824,33.693,34.824,852.29945935,1735819199999
1735819200000,34.704,34.903,34.223,34.903,918.47470305,1735862399999
1735862400000,34.803,35.628,34.484,35.522,514.83033487,1735905599999
1735905600000,35.582,37.249,35.582,36.845,971.04309359,1735948799999
1735948800000,36.964,37.444,36.508,36.821,339.73719629,1735991999999
1735992000000,36.929,37.558,36.378,36.99,1554.82966261,1736035199999
1736035200000,36.966,37.053,36.306,36.418,91.2455182,1736078399999
1736078400000,36.398,36.647,35.75,36.452,459.76863444,1736121599999
1736121600000,36.406,36.99,35.85,36.482,338.49264817,1736164799999
1736164800000,36.685,37.775,36.456,36.705,1483.92815478,1736207999999
1736208000000,36.968,36.975,35.806,35.893,360.96129785,1736251199999
1736251200000,36.141,36.243,33.23,33.343,2545.15585732,1736294399999
1736294400000,33.04,33.055,31.407,31.866,459.40456114,1736337599999
1736337600000,31.974,32.471,30.39,32.177,1672.57112622,1736380799999
1736380800000,32.308,32.474,31.555,32.171,163.38356762,1736423999999
1736424000000,32.202,32.706,31.05,31.835,2985.02050914,1736467199999
1736467200000,31.759,32.651,31.718,32.246,551.06783101,1736510399999
1736510400000,32.38,32.701,31.639,32.259,1879.9845059,1736553599999
1736553600000,32.222,32.404,31.911,32.372,61.66046246,1736596799999
1736596800000,32.239,33.301,31.878,32.977,1466.60635638,1736639999999
1736640000000,32.992,33.233,32.043,32.558,270.6051319,1736683199999
1736683200000,32.577,32.753,31.618,31.941,581.09680029,1736726399999
1736726400000,31.961,32.892,29.28,29.28,890.72068983,1736769599999
1736769600000,29.316,31.216,29.0,30.92,958.91385614,1736812799999
1736812800000,30.923,31.882,30.923,31.368,303.60611082,1736855999999
1736856000000,31.102,31.751,31.102,31.663,571.28003521,1736899199999
1736899200000,31.744,31.986,30.941,31.139,388.74511416,1736942399999
1736942400000,30.994,34.458,30.939,34.418,4970.98698821,1736985599999
1736985600000,34.292,35.265,33.504,35.264,1450.05779433,1737028799999
1737028800000,35.328,35.913,34.279,34.914,2992.06412659,1737071999999
1737072000000,35.012,36.607,35.012,36.29,11578.62507813,1737115199999
1737115200000,36.1,36.727,35.694,36.487,2366.09737039,1737158399999
1737158400000,36.542,36.674,33.868,35.03,2718.30696458,1737201599999
1737201600000,35.045,35.178,33.684,34.644,8732.90842418,1737244799999
1737244800000,34.707,34.707,31.452,31.479,1358.86992374,1737287999999
1737288000000,31.576,34.669,30.659,31.305,12502.84045368,1737331199999
1737331200000,31.121,33.515,29.773,32.162,1876.85440272,1737374399999
1737374400000,32.197,32.197,29.461,30.536,4024.65291744,1737417599999
1737417600000,30.0,30.845,29.142,30.763,3500.48548924,1737460799999
1737460800000,30.847,31.782,30.227,30.981,5618.74329836,1737503999999
1737504000000,30.981,31.12,30.365,31.023,473.24645619,1737547199999
1737547200000,31.169,31.169,29.764,29.764,746.73954616,1737590399999
1737590400000,29.762,29.788,29.053,29.251,2478.74113424,1737633599999
1737633600000,29.099,30.217,28.9,29.658,3073.0949254,1737676799999
1737676800000,29.301,30.033,28.585,30.033,416.32244749,1737719999999
1737720000000,29.843,30.151,28.5,28.535,2839.67206695,1737763199999
1737763200000,28.558,29.054,28.29,28.755,295.97606233,1737806399999
1737806400000,28.803,29.11,28.372,28.706,11164.84398515,1737849599999
1737849600000,28.721,29.427,28.721,29.127,256.32937702,1737892799999
1737892800000,29.128,29.538,28.145,28.145,936.68146922,1737935999999
1737936000000,28.1,28.1,25.24,25.956,2542.8870585,1737979199999
1737979200000,26.076,27.745,25.871,27.617,2003.58800288,1738022399999
1738022400000,27.173,27.776,27.164,27.412,478.29961949,1738065599999
1738065600000,27.489,27.575,25.786,26.116,1554.040083,1738108799999
1738108800000,25.974,27.189,25.953,27.066,386.59086099,1738151999999
1738152000000,27.035,27.627,26.117,27.265,2715.48586718,1738195199999
1738195200000,27.014,28.184,26.775,28.184,462.24802317,1738238399999
1738238400000,27.975,29.236,27.861,29.165,3537.51355131,1738281599999
1738281600000,29.191,29.51,28.685,29.477,571.61356669,1738324799999
1738324800000,29.449,29.884,28.53,28.53,748.78490425,1738367999999
1738368000000,28.917,29.146,27.918,28.067,1326.83804561,1738411199999
1738411200000,28.238,28.323,26.198,26.451,440.36435338,1738454399999
1738454400000,26.219,26.72,25.296,25.347,479.78887649,1738497599999
1738497600000,25.313,26.001,22.287,23.401,5189.87285504,1738540799999
1738540800000,23.407,23.407,17.158,21.314,13746.07974349,1738583999999
1738584000000,21.4,24.001,20.352,23.845,12128.4444465,1738627199999
1738627200000,24.12,24.12,21.465,22.256,2467.42221421,1738670399999
1738670400000,22.55,22.864,21.283,21.99,4322.75394092,1738713599999
1738713600000,21.95,22.122,21.5,22.077,2873.96359827,1738756799999
1738756800000,22.038,22.123,20.749,21.012,4946.55918219,1738799999999
1738800000000,21.159,21.497,21.148,21.322,3934.41489409,1738843199999
1738843200000,21.326,21.326,20.045,20.299,1142.93818732,1738886399999
1738886400000,20.434,21.089,20.282,21.035,747.75668481,1738929599999
1738929600000,21.073,21.979,20.1,20.525,6439.72825607,1738972799999
1738972800000,20.778,20.903,20.175,20.348,3167.12657365,1739015999999
1739016000000,20.342,21.407,20.305,21.407,1129.40865056,1739059199999
1739059200000,21.259,22.384,21.213,21.918,1763.9108023,1739102399999
1739102400000,21.9,21.9,20.485,21.714,4235.36520521,1739145599999
1739145600000,21.82,22.088,21.494,21.89,1774.49365191,1739188799999
1739188800000,21.917,22.087,21.477,21.795,1332.24556485,1739231999999
1739232000000,22.134,23.134,22.03,22.528,463.90606263,1739275199999
1739275200000,22.429,22.739,21.676,22.078,6248.90415792,1739318399999
1739318400000,22.143,22.143,21.65,21.985,1045.04561114,1739361599999
1739361600000,22.126,23.115,21.323,22.828,9818.26197217,1739404799999
1739404800000,22.944,23.083,22.103,22.193,650.60373152,1739447999999
1739448000000,22.306,22.374,21.898,22.079,1856.59753615,1739491199999
1739491200000,22.035,22.531,21.991,22.22,616.37818007,1739534399999
1739534400000,22.237,22.929,22.063,22.119,2058.37976622,1739577599999
1739577600000,22.019,22.408,21.9,21.9,116.51355804,1739620799999
1739620800000,22.02,22.02,21.23,21.441,824.74584416,1739663999999
1739664000000,21.574,21.794,21.426,21.718,619.63236986,1739707199999
1739707200000,21.727,21.788,21.225,21.447,985.77005137,1739750399999
1739750400000,21.48,21.78,21.2,21.649,287.91626619,1739793599999
1739793600000,21.643,22.406,21.192,21.446,4571.05434209,1739836799999
1739836800000,21.295,21.365,20.5,20.608,631.93277395,1739879999999
1739880000000,20.827,20.863,19.998,20.64,1540.83540036,1739923199999
1739923200000,20.558,21.2,20.512,21.2,430.31848875,1739966399999
1739966400000,21.148,21.18,20.836,20.897,846.77220004,1740009599999
1740009600000,21.032,21.412,21.005,21.258,461.04202043,1740052799999
1740052800000,21.316,22.202,21.195,22.179,3201.26751167,1740095999999
1740096000000,21.981,22.896,21.953,22.896,640.38611086,1740139199999
1740139200000,22.852,23.3,21.106,21.408,6861.39044949,1740182399999
1740182400000,21.385,22.271,21.385,22.242,1276.58186798,1740225599999
1740225600000,22.354,22.497,22.016,22.484,4692.83200412,1740268799999
1740268800000,22.486,23.5,22.34,22.34,499.27279008,1740311999999
1740312000000,22.337,22.337,21.822,22.201,1659.7123084,1740355199999
1740355200000,22.201,22.311,21.0,21.344,2553.26587326,1740398399999
1740398400000,21.299,21.406,19.239,19.515,4394.69545604,1740441599999
1740441600000,19.363,19.588,18.071,19.579,6575.96623293,1740484799999
1740484800000,19.48,20.952,19.216,20.047,14914.42556812,1740527999999
1740528000000,19.95,20.514,19.753,20.416,5492.09642369,1740571199999
1740571200000,20.334,20.669,19.38,20.172,12843.57070968,1740614399999
1740614400000,20.227,21.563,20.123,21.503,1948.81352192,1740657599999
1740657600000,21.604,21.604,20.404,21.323,988.86173986,1740700799999
1740700800000,21.353,21.353,19.423,19.778,2109.93520078,1740743999999
1740744000000,19.85,21.141,19.709,20.95,1377.85931165,1740787199999
1740787200000,20.886,21.186,20.588,20.588,288.56049531,1740830399999
1740830400000,20.588,20.883,20.407,20.853,130.23334719,1740873599999
1740873600000,20.711,21.177,20.711,20.962,21.67422619,1740916799999
1740916800000,20.991,24.43,20.671,24.43,4594.85644662,1740959999999
1740960000000,24.517,24.863,23.097,23.569,1950.79319433,1741003199999
1741003200000,23.59,23.707,21.51,21.688,2546.13179362,1741046399999
1741046400000,21.585,21.585,20.185,20.45,794.14261313,1741089599999
1741089600000,20.181,20.66,19.127,20.1,1602.44560092,1741132799999
1741132800000,20.136,20.592,20.014,20.503,491.55620533,1741175999999
1741176000000,20.427,20.549,19.422,20.049,1859.18665276,1741219199999
1741219200000,20.021,20.693,19.941,20.018,740.52000627,1741262399999
1741262400000,19.856,19.856,18.911,19.133,3504.02065243,1741305599999
1741305600000,18.864,19.26,18.0,19.138,711.93307883,1741348799999
1741348800000,19.201,19.307,18.418,18.486,2006.67022601,1741391999999
1741392000000,18.655,18.655,18.3,18.307,275.30226401,1741435199999
1741435200000,18.431,18.691,18.345,18.542,162.55538216,1741478399999
1741478400000,18.491,18.491,17.975,18.021,633.25024168,1741521599999
1741521600000,17.951,18.0,16.681,17.025,2572.82141596,1741564799999
1741564800000,16.789,17.673,16.789,17.488,453.24391884,1741607999999
1741608000000,17.686,17.715,15.99,16.331,3326.38614608,1741651199999
1741651200000,16.1,16.531,15.0,16.359,7679.00106955,1741694399999
1741694400000,16.295,16.978,16.027,16.72,2365.97833865,1741737599999
1741737600000,16.823,16.952,16.15,16.952,1494.3557885,1741780799999
1741780800000,16.914,17.336,16.317,16.905,2567.75622857,1741823999999
1741824000000,16.861,16.861,16.382,16.665,2249.96504904,1741867199999
1741867200000,16.726,16.8,15.87,16.183,743.66992947,1741910399999
1741910400000,16.111,16.452,16.111,16.347,929.81394832,1741953599999
1741953600000,16.394,16.758,16.329,16.6,1689.25431894,1741996799999
1741996800000,16.534,16.793,16.534,16.762,110.47281863,1742039999999
1742040000000,16.709,17.008,16.709,16.979,571.97650075,1742083199999
1742083200000,16.913,16.913,16.278,16.278,290.04931943,1742126399999
1742126400000,16.338,16.76,16.221,16.346,934.04479713,1742169599999
1742169600000,16.347,16.851,16.347,16.681,294.43053683,1742212799999
1742212800000,16.868,16.939,16.473,16.779,274.49723271,1742255999999
1742256000000,16.828,16.828,16.306,16.351,1534.88421634,1742299199999
1742299200000,16.323,16.497,15.967,16.497,601.48987327,1742342399999
1742342400000,16.549,16.958,16.49,16.951,475.93531445,1742385599999
1742385600000,16.951,17.156,16.805,17.116,2292.14311564,1742428799999
1742428800000,17.169,17.169,16.613,16.659,362.88243638,1742471999999
1742472000000,16.693,16.825,16.412,16.585,170.65124419,1742515199999
1742515200000,16.738,16.869,16.422,16.44,96.9774863,1742558399999
1742558400000,16.444,16.708,16.37,16.503,519.76534251,1742601599999
1742601600000,16.612,16.846,16.612,16.821,55.82633858,1742644799999
1742644800000,16.732,17.05,16.727,16.859,75.83146591,1742687999999
1742688000000,16.738,17.57,16.724,17.32,2734.47367139,1742731199999
1742731200000,17.226,17.226,16.799,16.987,456.36653965,1742774399999
1742774400000,17.014,17.655,16.929,17.528,731.3460208,1742817599999
1742817600000,17.535,17.842,17.468,17.804,324.26115481,1742860799999
1742860800000,18.021,18.16,17.948,18.03,387.59597745,1742903999999
1742904000000,17.989,18.487,17.928,18.487,2047.33201378,1742947199999
1742947200000,18.397,18.397,17.912,18.197,729.81298631,1742990399999
1742990400000,18.192,18.192,17.615,17.772,316.3528619,1743033599999
1743033600000,17.797,18.08,17.5,17.5,46.9636984,1743076799999
1743076800000,17.442,17.554,17.292,17.351,504.55196257,1743119999999
1743120000000,17.35,17.355,15.698,15.866,2479.49346938,1743163199999
1743163200000,15.8,15.88,15.497,15.786,1707.62573524,1743206399999
1743206400000,15.816,15.85,15.093,15.102,2162.77120516,1743249599999
1743249600000,15.173,15.267,14.751,14.751,956.22006592,1743292799999
1743292800000,14.99,15.316,14.965,15.183,1625.40003535,1743335999999
1743336000000,15.177,15.494,14.992,15.043,743.14740245,1743379199999
1743379200000,15.116,15.116,14.602,14.857,423.01184379,1743422399999
1743422400000,14.703,15.028,14.539,14.903,814.20900276,1743465599999
1743465600000,14.807,15.476,14.807,15.185,500.02983968,1743508799999
1743508800000,15.262,15.425,15.097,15.3,542.02526628,1743551999999
1743552000000,15.166,15.206,14.833,15.18,3491.84221535,1743595199999
1743595200000,15.107,15.256,13.988,14.015,455.12996403,1743638399999
1743638400000,14.012,14.477,13.827,13.914,2238.73276221,1743681599999
1743681600000,13.88,14.075,13.323,13.754,2744.08836716,1743724799999
1743724800000,13.692,14.037,13.173,13.347,1080.38499546,1743767999999
1743768000000,13.42,13.653,13.262,13.368,1248.59134493,1743811199999
1743811200000,13.356,13.36,12.922,12.922,2565.40085447,1743854399999
1743854400000,12.884,12.915,12.543,12.813,3995.9048552,1743897599999
1743897600000,12.834,12.943,12.782,12.822,1186.56338351,1743940799999
1743940800000,12.65,12.676,11.327,11.508,1390.61284786,1743983999999
1743984000000,11.589,11.855,10.737,11.786,6672.99485037,1744027199999
1744027200000,11.765,12.75,11.617,11.944,1953.10386189,1744070399999
1744070400000,11.895,12.183,11.861,11.932,284.20330746,1744113599999
1744113600000,12.217,12.403,11.466,11.534,1140.67996583,1744156799999
1744156800000,11.325,11.849,11.2,11.843,1232.34393463,1744199999999
1744200000000,11.594,13.084,11.512,13.025,1036.98127935,1744243199999
1744243200000,12.989,13.042,12.497,12.521,1040.72919889,1744286399999
1744286400000,12.572,12.623,12.0,12.28,1426.28480459,1744329599999
1744329600000,12.278,12.489,12.051,12.424,407.95055699,1744372799999
1744372800000,12.447,12.906,12.447,12.641,526.12519024,1744415999999
1744416000000,12.6,12.6,12.382,12.535,57.89837417,1744459199999
1744459200000,12.589,12.922,12.589,12.896,316.75000762,1744502399999
1744502400000,12.876,12.876,12.512,12.639,227.42252938,1744545599999
1744545600000,12.625,12.777,12.182,12.214,549.77997604,1744588799999
1744588800000,12.411,12.62,12.218,12.62,597.30414301,1744631999999
1744632000000,12.774,13.019,12.389,12.436,708.66164165,1744675199999
1744675200000,12.354,12.542,12.354,12.491,410.6217246,1744718399999
1744718400000,12.612,12.706,12.124,12.209,838.80318633,1744761599999
1744761600000,12.11,12.153,11.8,11.934,417.25964203,1744804799999
1744804800000,11.988,12.041,11.627,11.878,274.96891191,1744847999999
1744848000000,11.974,12.172,11.974,12.102,106.24736336,1744891199999
1744891200000,12.096,12.233,11.955,12.161,265.81499369,1744934399999
1744934400000,12.123,12.685,12.123,12.67,317.24948049,1744977599999
1744977600000,12.736,12.75,12.45,12.45,469.66048124,1745020799999
1745020800000,12.502,12.65,12.404,12.417,242.29849738,1745063999999
1745064000000,12.427,12.766,12.396,12.766,267.77316146,1745107199999
1745107200000,12.767,13.077,12.581,12.581,138.09851004,1745150399999
1745150400000,12.616,12.696,12.353,12.389,354.54616426,1745193599999
1745193600000,12.524,12.654,12.364,12.392,283.74143639,1745236799999
1745236800000,12.4,12.656,12.099,12.139,2720.26672166,1745279999999
1745280000000,12.11,12.371,11.981,12.356,1440.97052754,1745323199999
1745323200000,12.498,13.285,12.498,13.213,1427.1461917,1745366399999
1745366400000,13.74,13.828,13.584,13.695,440.81319066,1745409599999
1745409600000,13.624,13.779,13.31,13.547,1782.658976,1745452799999
1745452800000,13.677,13.677,13.127,13.485,232.36504064,1745495999999
1745496000000,13.541,14.29,13.541,14.29,1209.13902587,1745539199999
1745539200000,14.556,17.56,14.556,15.803,12854.15005188,1745582399999
1745582400000,15.8,15.831,15.335,15.55,2061.21744405,1745625599999
1745625600000,15.573,15.845,15.126,15.126,2921.89577137,1745668799999
1745668800000,15.18,15.595,15.15,15.594,426.09078154,1745711999999
1745712000000,15.493,15.493,15.188,15.216,372.3680701,1745755199999
1745755200000,15.293,15.293,14.904,15.034,201.92294036,1745798399999
1745798400000,14.865,15.417,14.806,15.267,624.58475663,1745841599999
1745841600000,15.442,15.481,14.964,15.347,90.65636462,1745884799999
1745884800000,15.414,15.414,15.0,15.083,859.59507744,1745927999999
1745928000000,15.13,15.16,14.598,14.751,722.15082393,1745971199999
1745971200000,14.712,15.45,14.712,15.327,345.22931438,1746014399999
1746014400000,15.23,15.23,14.586,15.193,182.45848671,1746057599999
1746057600000,15.266,15.995,15.266,15.712,564.40082398,1746100799999
1746100800000,15.879,15.988,15.64,15.909,2376.4321939,1746143999999
1746144000000,15.87,16.201,15.52,15.522,1178.06709548,1746187199999
1746187200000,15.443,15.761,15.443,15.726,2314.42352239,1746230399999
1746230400000,15.364,15.444,14.983,15.071,556.37639835,1746273599999
1746273600000,15.059,15.074,14.45,14.642,993.88954381,1746316799999
1746316800000,14.5,14.5,13.75,13.928,2235.23763026,1746359999999
1746360000000,13.96,14.062,13.729,13.912,2642.47289242,1746403199999
1746403200000,13.863,14.202,13.701,13.715,494.52130325,1746446399999
1746446400000,13.7,13.986,13.549,13.824,1140.21820455,1746489599999
1746489600000,13.681,13.852,13.17,13.17,553.46098519,1746532799999
1746532800000,13.309,13.361,12.9,13.328,1125.41717502,1746575999999
1746576000000,13.295,13.59,13.264,13.546,1022.20805659,1746619199999
1746619200000,13.553,13.665,13.306,13.665,331.04525589,1746662399999
1746662400000,13.905,14.459,13.904,14.418,795.76097701,1746705599999
1746705600000,14.412,15.162,14.216,15.017,997.79738581,1746748799999
1746748800000,15.205,18.686,15.205,16.883,9864.1280288,1746791999999
1746792000000,16.812,16.994,16.517,16.842,2862.1287435,1746835199999
1746835200000,16.859,17.256,16.534,16.909,2119.51247877,1746878399999
1746878400000,16.902,17.93,16.784,17.923,550.38673818,1746921599999
1746921600000,17.411,17.858,17.058,17.523,1767.03147991,1746964799999
1746964800000,17.545,17.563,17.02,17.321,1172.63984743,1747007999999
1747008000000,17.28,18.208,17.271,17.815,669.1989302,1747051199999
1747051200000,17.915,18.193,16.846,17.784,2604.83441456,1747094399999
1747094400000,17.581,17.581,16.773,17.358,1457.90444244,1747137599999
1747137600000,17.302,18.422,17.122,18.287,5899.39566356,1747180799999
1747180800000,18.268,19.598,18.071,18.136,5117.73654043,1747223999999
1747224000000,18.14,18.724,17.79,17.996,4448.63612784,1747267199999
1747267200000,18.083,18.167,17.313,17.857,12530.70165773,1747310399999
1747310400000,17.915,18.145,16.958,17.315,4984.60709862,1747353599999
1747353600000,17.231,17.421,17.064,17.285,351.13764277,1747396799999
1747396800000,17.184,17.312,16.612,16.634,677.20687112,1747439999999
1747440000000,16.615,16.704,16.317,16.342,192.25092137,1747483199999
1747483200000,16.383,16.441,16.074,16.093,232.10133709,1747526399999
1747526400000,16.27,16.836,16.27,16.758,968.2461989,1747569599999
1747569600000,16.588,17.409,16.056,16.762,1995.7239649,1747612799999
1747612800000,16.872,16.872,15.649,15.687,731.63493709,1747655999999
1747656000000,15.645,16.506,15.503,16.302,4092.58421258,1747699199999
1747699200000,16.171,16.48,16.086,16.086,578.37843653,1747742399999
1747742400000,15.995,16.286,15.687,16.214,920.71061693,1747785599999
1747785600000,16.164,16.423,15.9,16.236,567.74599218,1747828799999
1747828800000,16.373,16.928,16.086,16.716,856.12131567,1747871999999
1747872000000,16.74,17.25,16.74,17.15,199.85472718,1747915199999
1747915200000,17.16,17.53,17.128,17.463,519.97671537,1747958399999
1747958400000,17.426,17.885,16.711,16.714,1469.24378216,1748001599999
1748001600000,16.443,16.708,15.778,15.778,1014.21471635,1748044799999
1748044800000,15.746,16.005,15.621,15.971,926.17560984,1748087999999
1748088000000,15.959,16.035,15.629,15.629,2705.41511494,1748131199999
1748131200000,15.503,15.779,15.198,15.198,1982.77161601,1748174399999
1748174400000,15.269,15.752,15.059,15.7,2890.57656424,1748217599999
1748217600000,15.746,16.3,15.672,16.028,1229.31634832,1748260799999
1748260800000,16.075,16.115,15.621,15.717,614.72679711,1748303999999
1748304000000,15.414,16.065,15.414,16.053,98.58593055,1748347199999
1748347200000,16.111,16.46,16.041,16.066,303.39862568,1748390399999
1748390400000,16.03,16.727,16.03,16.342,3330.65784433,1748433599999
1748433600000,16.29,16.468,15.59,15.682,510.95708654,1748476799999
1748476800000,16.136,16.306,15.845,15.922,273.32438623,1748519999999
1748520000000,15.656,15.658,15.152,15.419,2336.6922113,1748563199999
1748563200000,15.082,15.082,14.11,14.353,1008.64880294,1748606399999
1748606400000,14.325,14.357,13.155,13.205,3326.60232184,1748649599999
1748649600000,13.287,13.747,12.972,13.146,10344.40228275,1748692799999
1748692800000,13.269,13.731,13.269,13.666,331.65266997,1748735999999
1748736000000,13.589,13.697,13.37,13.467,335.54414875,1748779199999
1748779200000,13.468,13.829,13.359,13.821,1356.26191976,1748822399999
1748822400000,13.779,13.779,13.388,13.438,302.77025095,1748865599999
1748865600000,13.458,13.913,13.419,13.878,2018.69190138,1748908799999
1748908800000,14.044,14.201,13.926,14.106,891.43445796,1748951999999
1748952000000,14.086,14.238,13.993,14.035,690.67955234,1748995199999
1748995200000,14.13,14.192,13.927,13.947,415.04457675,1749038399999
1749038400000,13.84,13.891,13.575,13.654,345.97417382,1749081599999
1749081600000,13.646,13.827,13.563,13.573,370.65070138,1749124799999
1749124800000,13.692,13.816,12.5,12.607,1057.51175436,1749167999999
1749168000000,12.7,13.102,12.649,13.031,444.35382285,1749211199999
1749211200000,13.098,13.442,13.006,13.153,279.87325539,1749254399999
1749254400000,13.21,13.597,13.21,13.562,2745.04150821,1749297599999
1749297600000,13.585,13.603,13.374,13.477,304.28563663,1749340799999
1749340800000,13.53,13.53,13.248,13.248,111.97231498,1749383999999
1749384000000,13.324,13.447,13.292,13.327,393.02126835,1749427199999
1749427200000,13.286,13.403,13.064,13.379,152.50803798,1749470399999
1749470400000,13.353,13.814,13.27,13.782,5614.84449875,1749513599999
1749513600000,13.841,13.964,13.625,13.964,341.59043697,1749556799999
1749556800000,14.071,14.178,13.814,14.078,744.20042817,1749599999999
1749600000000,14.163,14.163,13.867,13.867,70.08720254,1749643199999
1749643200000,13.807,14.071,13.452,13.452,270.54277601,1749686399999
1749686400000,13.275,13.275,12.884,12.884,366.20819198,1749729599999
1749729600000,12.896,13.101,12.359,12.47,704.34437618,1749772799999
1749772800000,12.385,12.428,11.623,11.918,1140.46468567,1749815999999
1749816000000,12.022,12.178,11.849,12.116,742.95277385,1749859199999
1749859200000,12.226,12.226,12.05,12.138,382.61415176,1749902399999
1749902400000,12.121,12.121,11.86,12.069,325.99162091,1749945599999
1749945600000,12.121,12.182,11.965,12.054,1566.16939633,1749988799999
1749988800000,12.105,12.173,11.873,12.071,1273.131669,1750031999999
1750032000000,12.108,12.512,12.108,12.432,488.53450465,1750075199999
1750075200000,12.424,12.698,12.371,12.423,696.80112589,1750118399999
1750118400000,12.286,12.293,11.911,11.911,587.50626916,1750161599999
1750161600000,11.9,12.038,11.549,11.736,1142.64721685,1750204799999
1750204800000,11.951,12.002,11.673,11.673,265.81268909,1750247999999
1750248000000,11.706,12.062,11.539,12.062,188.88578279,1750291199999
1750291200000,12.023,12.084,11.937,11.942,58.37746757,1750334399999
1750334400000,11.859,11.91,11.78,11.856,119.08759112,1750377599999
1750377600000,11.775,12.122,11.775,12.043,212.3535661,1750420799999
1750420800000,12.145,12.145,11.3,11.485,490.7010948,1750463999999
1750464000000,11.663,11.75,11.648,11.668,48.63222147,1750507199999
1750507200000,11.68,11.68,10.75,10.861,240.3877579,1750550399999
1750550400000,10.954,11.003,10.71,10.784,929.87561839,1750593599999
1750593600000,10.784,10.842,9.9983,10.489,1931.90220516,1750636799999
1750636800000,10.503,10.924,10.501,10.795,3443.75667938,1750679999999
1750680000000,10.832,11.727,10.6,11.672,4219.55140706,1750723199999
1750723200000,11.69,12.02,11.546,11.768,1372.66579044,1750766399999
1750766400000,11.79,11.983,11.709,11.797,1581.10487295,1750809599999
1750809600000,11.777,11.811,11.61,11.64,668.78144233,1750852799999
1750852800000,11.721,11.817,11.409,11.409,1609.38019769,1750895999999
1750896000000,11.524,11.538,11.359,11.377,257.82044422,1750939199999
1750939200000,11.324,11.399,11.07,11.155,986.19196608,1750982399999
1750982400000,11.264,11.264,11.065,11.065,1156.03205303,1751025599999
1751025600000,11.12,11.248,10.962,11.156,706.23233051,1751068799999
1751068800000,11.189,11.259,11.189,11.246,428.80698704,1751111999999
1751112000000,11.251,11.566,11.251,11.534,428.66654776,1751155199999
1751155200000,11.551,11.586,11.462,11.553,489.88701238,1751198399999
1751198400000,11.529,12.049,11.431,12.01,515.89311744,1751241599999
1751241600000,12.118,12.118,11.602,11.663,1960.65693608,1751284799999
1751284800000,11.606,11.612,11.449,11.473,522.06026993,1751327999999
1751328000000,11.442,11.442,11.132,11.132,486.42948569,1751371199999
1751371200000,11.079,11.164,10.901,11.007,367.72449224,1751414399999
1751414400000,10.983,11.412,10.94,11.386,2232.99065871,1751457599999
1751457600000,11.435,12.145,11.435,12.126,1361.07781754,1751500799999
1751500800000,11.962,12.094,11.863,11.96,1711.45375072,1751543999999
1751544000000,11.955,12.088,11.789,12.088,507.03237479,1751587199999
1751587200000,11.992,11.992,11.572,11.572,80.14241235,1751630399999
1751630400000,11.636,11.636,11.252,11.365,117.92258859,1751673599999
1751673600000,11.286,11.415,11.286,11.415,3.8261563,1751716799999
1751716800000,11.329,11.329,11.191,11.274,159.75250456,1751759999999
1751760000000,11.238,11.238,11.201,11.201,125.54822309,1751803199999
1751803200000,11.246,11.575,11.246,11.423,886.82768194,1751846399999
1751846400000,11.361,11.445,11.348,11.398,115.19488806,1751889599999
1751889600000,11.338,11.468,11.272,11.272,253.31618372,1751932799999
1751932800000,11.34,11.421,11.172,11.421,278.87168815,1751975999999
1751976000000,11.494,11.696,11.396,11.678,1830.86560387,1752019199999
1752019200000,11.692,11.862,11.591,11.845,1014.69174204,1752062399999
1752062400000,11.891,12.242,11.72,12.147,1400.61096402,1752105599999
1752105600000,12.055,12.291,12.055,12.243,1504.76334204,1752148799999
1752148800000,12.209,12.968,12.118,12.957,2878.92286671,1752191999999
1752192000000,12.955,13.394,12.803,13.251,4534.05540853,1752235199999
1752235200000,13.287,13.552,13.048,13.048,959.96747066,1752278399999
1752278400000,12.779,13.175,12.767,13.075,1606.86586752,1752321599999
1752321600000,13.089,13.089,12.558,12.947,4545.81612015,1752364799999
1752364800000,12.979,13.36,12.968,13.26,1248.46203796,1752407999999
1752408000000,13.263,13.559,13.236,13.356,4570.8751462,1752451199999
1752451200000,13.349,13.849,13.286,13.592,4164.333357,1752494399999
1752494400000,13.649,13.709,13.114,13.151,2527.63568562,1752537599999
1752537600000,13.221,13.221,12.638,12.823,2349.35016947,1752580799999
1752580800000,12.823,13.572,12.736,13.572,6055.41949762,1752623999999
1752624000000,13.692,13.931,13.48,13.691,14898.45475831,1752667199999
1752667200000,13.81,14.498,13.77,14.261,13807.33930491,1752710399999
1752710400000,14.256,14.349,13.836,14.255,1711.02159267,1752753599999
1752753600000,14.173,14.455,13.784,14.455,1034.71481723,1752796799999
1752796800000,14.307,15.345,14.307,14.833,2862.80844059,1752839999999
1752840000000,14.966,15.2,14.062,14.292,3834.91598995,1752883199999
1752883200000,14.229,14.677,14.148,14.338,464.01261145,1752926399999
1752926400000,14.166,14.78,14.16,14.573,401.08781426,1752969599999
1752969600000,14.592,15.087,14.592,15.072,1552.27061011,1753012799999
1753012800000,15.068,15.421,14.78,15.087,5722.82544612,1753055999999
1753056000000,15.103,15.655,15.017,15.515,4253.74565919,1753099199999
1753099200000,15.455,15.784,15.141,15.298,3886.47250987,1753142399999
1753142400000,15.316,15.339,14.646,15.083,2026.43291994,1753185599999
1753185600000,15.116,15.468,14.895,15.461,572.85206868,1753228799999
1753228800000,15.469,15.638,15.152,15.226,3435.63941095,1753271999999
1753272000000,15.32,15.32,14.0,14.16,1774.16548015,1753315199999
1753315200000,14.297,14.297,13.292,14.042,3319.61896746,1753358399999
1753358400000,14.028,14.17,13.667,13.694,804.7027323,1753401599999
1753401600000,13.56,13.56,13.249,13.51,227.60455079,1753444799999
1753444800000,13.36,13.689,13.338,13.62,271.48033207,1753487999999
1753488000000,13.823,13.933,13.823,13.933,53.19378136,1753531199999
1753531200000,13.915,14.191,13.9,13.933,134.52421247,1753574399999
1753574400000,14.087,14.253,14.016,14.134,166.49337621,1753617599999
1753617600000,14.216,14.497,14.091,14.353,4142.77020628,1753660799999
1753660800000,14.533,14.719,14.203,14.617,2523.86290843,1753703999999
1753704000000,14.475,14.475,13.452,13.505,8062.25885081,1753747199999
1753747200000,13.563,13.989,13.17,13.674,2351.90325434,1753790399999
1753790400000,13.715,13.873,13.186,13.264,803.54676897,1753833599999
1753833600000,13.065,13.072,12.671,12.671,2315.27990786,1753876799999
1753876800000,12.668,13.159,12.55,13.056,1619.59904356,1753919999999
1753920000000,13.433,13.453,13.3,13.322,625.82351312,1753963199999
1753963200000,13.286,13.286,12.5,12.5,670.17054548,1754006399999
1754006400000,12.502,12.6,12.066,12.367,3538.89204807,1754049599999
1754049600000,12.429,12.429,11.752,12.037,1769.65780994,1754092799999
1754092800000,12.092,12.171,11.906,12.09,316.74334335,1754135999999
1754136000000,11.874,11.966,11.659,11.86,665.9377925,1754179199999
1754179200000,11.999,12.319,11.999,12.319,3604.00108195,1754222399999
1754222400000,12.298,12.361,12.208,12.333,339.39825869,1754265599999
1754265600000,12.429,12.644,12.414,12.425,415.91066388,1754308799999
1754308800000,12.412,12.873,12.412,12.873,842.30529001,1754351999999
1754352000000,12.64,12.811,12.411,12.806,636.50333073,1754395199999
1754395200000,12.852,12.852,12.258,12.313,483.62355744,1754438399999
1754438400000,12.35,12.413,12.081,12.313,133.31871957,1754481599999
1754481600000,12.322,12.556,12.2,12.486,1135.69293303,1754524799999
1754524800000,12.593,13.099,12.398,13.085,2112.9812201,1754567999999
1754568000000,13.147,13.201,12.75,13.033,789.71970239,1754611199999
1754611200000,13.256,13.292,13.08,13.206,452.53676051,1754654399999
1754654400000,13.144,13.479,13.064,13.381,3820.16233284,1754697599999
1754697600000,13.426,13.923,13.421,13.802,1178.88237105,1754740799999
1754740800000,13.87,13.957,13.64,13.82,1526.12250676,1754783999999
1754784000000,13.99,14.0,13.487,13.564,1338.46987077,1754827199999
1754827200000,13.464,13.791,13.463,13.714,140.61229038,1754870399999
1754870400000,13.944,14.015,13.178,13.178,982.34391662,1754913599999
1754913600000,13.24,13.616,13.0,13.032,2258.66978921,1754956799999
1754956800000,13.113,13.113,12.87,12.9,1007.17837721,1754999999999
1755000000000,13.067,13.904,13.067,13.736,2914.49732244,1755043199999
1755043200000,13.839,14.341,13.699,14.123,8123.87597211,1755086399999
1755086400000,14.17,14.323,14.09,14.262,1646.32327117,1755129599999
1755129600000,14.273,14.466,13.8,13.832,2075.95180771,1755172799999
1755172800000,13.838,13.838,12.881,13.106,7385.89303632,1755215999999
1755216000000,13.054,13.382,13.054,13.127,595.85686464,1755259199999
1755259200000,13.188,13.188,12.437,12.789,2774.03789765,1755302399999
1755302400000,12.795,13.014,12.795,12.987,1036.91458607,1755345599999
1755345600000,12.877,13.205,12.877,13.164,314.41663543,1755388799999
1755388800000,13.306,13.531,13.153,13.487,369.4719521,1755431999999
1755432000000,13.493,13.731,13.31,13.341,55.73256706,1755475199999
1755475200000,13.285,13.285,12.575,12.759,4195.13713993,1755518399999
1755518400000,12.891,12.967,12.738,12.779,3180.33663826,1755561599999
1755561600000,12.816,12.834,12.561,12.797,126.96122375,1755604799999
1755604800000,12.855,12.855,12.323,12.495,7427.10581072,1755647999999
1755648000000,12.39,12.696,12.301,12.634,682.31821984,1755691199999
1755691200000,12.558,13.154,12.272,13.154,7339.29986669,1755734399999
1755734400000,13.124,13.146,12.864,12.864,675.11580206,1755777599999
1755777600000,12.819,13.0,12.658,12.774,3241.35332446,1755820799999
1755820800000,12.737,12.855,12.489,12.5,562.3842323,1755863999999
1755864000000,12.408,13.818,12.256,13.666,6616.46044758,1755907199999
1755907200000,13.71,13.778,13.397,13.469,2306.97518353,1755950399999
1755950400000,13.422,13.601,13.422,13.601,1906.76674891,1755993599999
1755993600000,13.59,13.861,13.115,13.135,4137.51198535,1756036799999
1756036800000,13.124,13.912,13.124,13.509,633.81032308,1756079999999
1756080000000,13.375,13.542,12.688,12.712,3032.9663758,1756123199999
1756123200000,12.835,12.95,12.113,12.186,7780.16260829,1756166399999
1756166400000,12.203,12.504,12.079,12.448,435.81839045,1756209599999
1756209600000,12.349,12.964,12.349,12.964,1065.2670955,1756252799999
1756252800000,12.911,13.114,12.844,13.005,516.85142299,1756295999999
1756296000000,12.962,13.013,12.714,12.77,840.13905444,1756339199999
1756339200000,12.739,13.046,12.739,12.872,535.95697818,1756382399999
1756382400000,12.904,13.011,12.692,12.74,1172.1429587,1756425599999
1756425600000,13.126,13.292,12.242,12.431,1780.09564703,1756468799999
1756468800000,12.436,12.563,12.102,12.35,4446.19405683,1756511999999
1756512000000,12.331,12.536,12.141,12.452,539.07436865,1756555199999
1756555200000,12.46,12.461,12.274,12.3,1729.29567752,1756598399999
1756598400000,12.499,12.592,12.362,12.409,574.66708008,1756641599999
1756641600000,12.39,12.432,12.18,12.18,933.50966796,1756684799999
1756684800000,12.08,12.55,11.8,12.089,4315.75143437,1756727999999
1756728000000,12.175,12.209,11.641,11.789,867.30368121,1756771199999
1756771200000,11.903,12.309,11.903,12.223,627.78113675,1756814399999
1756814400000,12.153,12.325,12.0,12.219,1515.64228771,1756857599999
1756857600000,12.158,12.307,12.054,12.161,106.88753115,1756900799999
1756900800000,12.173,12.31,12.046,12.046,3586.41415871,1756943999999
1756944000000,12.094,12.094,11.805,11.899,4089.46887622,1756987199999
1756987200000,11.86,11.928,11.727,11.821,211.34973043,1757030399999
1757030400000,11.853,12.15,11.853,12.002,4295.19899294,1757073599999
1757073600000,12.014,12.126,11.72,11.861,2703.50413332,1757116799999
1757116800000,11.913,11.913,11.686,11.718,105.10971054,1757159999999
1757160000000,11.675,11.72,11.579,11.636,4610.38017208,1757203199999
1757203200000,11.706,11.798,11.69,11.797,5219.30856292,1757246399999
1757246400000,11.811,11.844,11.663,11.674,2266.03842899,1757289599999
1757289600000,11.693,11.891,11.693,11.823,501.58951097,1757332799999
1757332800000,11.751,12.002,11.751,11.873,11313.30785822,1757375999999
1757376000000,11.923,12.358,11.868,12.286,4346.78236378,1757419199999
1757419200000,12.261,12.287,11.809,11.903,1070.07863751,1757462399999
1757462400000,12.011,12.034,11.909,11.909,2080.74905735,1757505599999
1757505600000,11.939,12.188,11.939,12.15,1594.81084242,1757548799999
1757548800000,12.14,12.225,12.05,12.05,3075.94760133,1757591999999
1757592000000,12.0,12.036,11.853,11.982,1163.49666334,1757635199999
1757635200000,12.115,12.206,11.967,11.967,559.19459251,1757678399999
1757678400000,11.926,12.36,11.9,12.36,6860.63841701,1757721599999
1757721600000,12.4,12.63,12.308,12.573,1849.95941938,1757764799999
1757764800000,12.549,12.583,12.25,12.492,752.26706488,1757807999999
1757808000000,12.777,12.982,12.418,12.477,1989.26277492,1757851199999
1757851200000,12.436,12.629,12.249,12.464,1799.00917645,1757894399999
1757894400000,12.56,12.69,11.887,11.937,2838.3086294,1757937599999
1757937600000,11.875,11.92,11.684,11.812,1332.8773938,1757980799999
1757980800000,11.806,11.842,11.583,11.731,2202.0808526,1758023999999
1758024000000,11.835,11.9,11.681,11.852,3550.4304121,1758067199999
1758067200000,11.773,11.816,11.57,11.631,964.47270637,1758110399999
1758110400000,11.615,12.222,11.533,12.208,937.40871659,1758153599999
1758153600000,12.297,12.31,12.044,12.071,1165.99295804,1758196799999
1758196800000,12.085,12.402,12.085,12.284,1022.12675054,1758239999999
1758240000000,12.373,12.494,12.087,12.12,3571.52991659,1758283199999
1758283200000,12.131,12.136,12.0,12.033,564.13598672,1758326399999
1758326400000,11.895,12.116,11.895,11.961,635.31241605,1758369599999
1758369600000,11.967,12.202,11.967,12.167,258.74712224,1758412799999
1758412800000,12.154,12.49,12.154,12.19,300.45701484,1758455999999
1758456000000,12.32,12.354,12.228,12.354,229.32879825,1758499199999
1758499200000,12.278,12.356,10.895,11.068,14592.27107521,1758542399999
1758542400000,11.027,11.194,10.866,11.129,2453.61691573,1758585599999
1758585600000,11.134,11.234,10.85,11.106,2387.25906134,1758628799999
1758628800000,11.129,11.2,10.91,10.91,710.32092924,1758671999999
1758672000000,10.925,11.261,10.781,11.246,1407.06456448,1758715199999
1758715200000,11.252,11.374,11.095,11.095,3485.7028949,1758758399999
1758758400000,11.072,11.072,10.712,10.72,1418.87443185,1758801599999
1758801600000,10.766,10.858,10.287,10.522,1289.30620957,1758844799999
1758844800000,10.596,10.637,10.412,10.517,935.34158421,1758887999999
1758888000000,10.466,11.29,10.392,11.204,14922.92243131,1758931199999
1758931200000,11.16,11.464,11.16,11.311,1484.11441237,1758974399999
1758974400000,11.201,11.204,11.04,11.191,570.99329261,1759017599999
1759017600000,11.016,11.019,10.916,10.916,1185.15822148,1759060799999
1759060800000,10.869,11.464,10.869,11.464,1472.63201339,1759103999999
1759104000000,11.423,11.425,11.141,11.203,1131.21633302,1759147199999
1759147200000,11.163,11.431,11.048,11.348,1923.68169394,1759190399999
1759190400000,11.306,11.324,10.889,10.983,1237.51439716,1759233599999
1759233600000,10.952,11.139,10.748,11.111,8335.29292889,1759276799999
1759276800000,10.999,11.55,10.96,11.461,4376.66989198,1759319999999
1759320000000,11.472,11.682,11.381,11.632,1266.3053743,1759363199999
1759363200000,11.649,12.05,11.631,11.971,13108.67511241,1759406399999
1759406400000,11.968,12.162,11.711,12.034,1802.59270694,1759449599999
1759449600000,12.077,12.165,11.928,11.965,1701.10680087,1759492799999
1759492800000,11.943,12.314,11.943,12.128,1575.3174182,1759535999999
1759536000000,12.044,12.044,11.5,11.553,4037.54153522,1759579199999
1759579200000,11.572,11.598,11.329,11.463,1352.4332377,1759622399999
1759622400000,11.386,12.048,11.291,11.596,6431.73368728,1759665599999
1759665600000,11.62,11.77,11.55,11.591,3934.8900959,1759708799999
1759708800000,11.57,12.035,11.497,11.905,5569.94299739,1759751999999
1759752000000,11.937,12.078,11.93,11.949,1831.67109847,1759795199999
1759795200000,12.043,12.043,11.735,12.015,432.95436633,1759838399999
1759838400000,12.036,12.041,11.378,11.542,1174.34405726,1759881599999
1759881600000,11.431,11.5,11.215,11.37,1068.07435871,1759924799999
1759924800000,11.305,11.66,11.193,11.633,1044.50187931,1759967999999
1759968000000,11.609,11.609,11.082,11.261,9822.72235737,1760011199999
1760011200000,11.258,11.406,11.081,11.344,6264.50165859,1760054399999
1760054400000,11.435,11.693,11.433,11.625,949.04797386,1760097599999
1760097600000,11.697,11.814,4.0,7.679,18875.26237194,1760140799999
1760140800000,9.06,9.55,7.8,8.8,12226.24362485,1760183999999
1760184000000,8.851,8.859,8.066,8.364,3720.65099528,1760227199999
1760227200000,8.338,8.895,8.294,8.75,2745.40189313,1760270399999
1760270400000,8.836,9.41,8.54,9.182,1401.82564751,1760313599999
1760313600000,9.139,9.407,9.058,9.271,2835.32382171,1760356799999
1760356800000,9.374,10.11,9.166,9.779,6236.53285756,1760399999999
1760400000000,9.822,9.822,8.82,9.074,4361.87686592,1760443199999
1760443200000,9.043,9.3,8.881,9.233,2869.59581504,1760486399999
1760486400000,9.212,9.27,9.131,9.159,1251.94087797,1760529599999
1760529600000,9.092,9.092,8.632,8.71,683.39367408,1760572799999
1760572800000,8.787,8.899,8.352,8.899,2552.42119298,1760615999999
1760616000000,8.855,8.874,8.168,8.295,1658.76529172,1760659199999
1760659200000,8.341,8.348,7.67,8.035,4603.38254126,1760702399999
1760702400000,8.046,8.213,7.889,8.176,2009.94904179,1760745599999
1760745600000,8.196,8.366,8.189,8.348,1992.39085685,1760788799999
1760788800000,8.368,8.473,8.226,8.348,3852.59528813,1760831999999
1760832000000,8.318,8.541,8.145,8.541,1083.87249986,1760875199999
1760875200000,8.439,8.595,8.432,8.512,1018.03560687,1760918399999
1760918400000,8.384,8.82,8.384,8.59,822.93688337,1760961599999
1760961600000,8.609,8.678,8.428,8.597,161.32569108,1761004799999
1761004800000,8.502,8.515,8.231,8.231,129.88126254,1761047999999
1761048000000,8.411,8.941,8.38,8.4,2497.92028562,1761091199999
1761091200000,8.363,8.372,8.176,8.353,1956.2032155,1761134399999
1761134400000,8.371,8.371,7.91,8.012,1347.69477072,1761177599999
1761177600000,8.085,8.343,8.085,8.258,435.17994655,1761220799999
1761220800000,8.251,8.522,8.221,8.277,2415.18885249,1761263999999
1761264000000,8.417,8.525,8.395,8.395,801.48017886,1761307199999
1761307200000,8.44,8.566,8.339,8.492,363.88321089,1761350399999
1761350400000,8.366,8.393,8.339,8.393,27.88811936,1761393599999
1761393600000,8.403,8.52,8.366,8.467,362.2091624,1761436799999
1761436800000,8.429,8.55,8.381,8.542,360.96416312,1761479999999
1761480000000,8.586,8.65,8.478,8.572,280.03805045,1761523199999
1761523200000,8.567,8.669,8.426,8.426,1765.46674941,1761566399999
1761566400000,8.439,8.542,8.231,8.231,917.28817017,1761609599999
1761609600000,8.302,8.519,8.291,8.41,2537.74110636,1761652799999
1761652800000,8.4,8.599,8.055,8.156,1064.90589359,1761695999999
1761696000000,8.266,8.356,8.236,8.356,852.95093815,1761739199999
1761739200000,8.37,8.555,8.26,8.346,2456.86989634,1761782399999
1761782400000,8.338,8.599,8.055,8.2,7855.374741,1761825599999
1761825600000,8.124,8.131,7.579,7.856,3853.69308935,1761868799999
1761868800000,7.898,7.981,7.889,7.958,997.53965991,1761911999999
1761912000000,8.014,8.014,7.796,7.872,1831.50831762,1761955199999
1761955200000,7.886,8.253,7.876,8.19,2852.88238999,1761998399999
1761998400000,8.229,8.347,8.131,8.342,4102.40102338,1762041599999
1762041600000,8.427,8.625,8.284,8.625,1507.05393409,1762084799999
1762084800000,8.621,8.621,8.19,8.376,1127.30526585,1762127999999
1762128000000,8.268,8.268,7.7,7.83,964.39008957,1762171199999
1762171200000,7.789,7.857,7.26,7.47,6896.23298848,1762214399999
1762214400000,7.444,7.572,7.216,7.314,1437.55953782,1762257599999
1762257600000,7.315,7.539,6.8,7.238,9935.934638,1762300799999
1762300800000,6.9,7.356,6.9,7.329,3712.65398007,1762343999999
1762344000000,7.284,7.497,7.282,7.441,2759.42780719,1762387199999
1762387200000,7.397,7.412,7.165,7.165,1097.57543873,1762430399999
1762430400000,7.164,7.368,6.955,7.306,5182.63582149,1762473599999
1762473600000,7.352,7.93,7.351,7.697,10333.16245264,1762516799999
1762516800000,7.724,9.02,7.464,8.738,13674.48665006,1762559999999
1762560000000,8.9,9.192,8.531,9.126,9957.49701311,1762603199999
1762603200000,9.227,9.256,8.547,8.949,24208.71176255,1762646399999
1762646400000,8.893,9.334,8.299,8.541,18260.25066119,1762689599999
1762689600000,8.589,8.842,8.55,8.716,5870.5679255,1762732799999
1762732800000,8.833,8.902,8.725,8.836,1770.61958194,1762775999999
1762776000000,8.85,8.85,8.542,8.813,3474.77185175,1762819199999
1762819200000,8.589,8.699,8.417,8.417,193.50521682,1762862399999
1762862400000,8.453,8.496,8.178,8.218,396.48700327,1762905599999
1762905600000,8.098,8.512,8.098,8.488,286.04456714,1762948799999
1762948800000,8.47,8.499,7.885,7.993,2085.82105957,1762991999999
1762992000000,8.003,8.251,8.003,8.167,5409.16904322,1763035199999
1763035200000,8.182,8.197,7.496,7.659,2350.14027787,1763078399999
1763078400000,7.703,7.744,7.508,7.508,447.04370445,1763121599999
1763121600000,7.494,7.739,7.342,7.342,2493.13849663,1763164799999
1763164800000,7.668,7.744,7.509,7.546,621.11221299,1763207999999
1763208000000,7.602,7.691,7.541,7.562,527.11370487,1763251199999
1763251200000,7.476,7.622,7.422,7.559,2467.10223122,1763294399999
1763294400000,7.445,7.452,7.074,7.173,2792.47221384,1763337599999
1763337600000,7.277,7.372,7.242,7.352,505.06986584,1763380799999
1763380800000,7.357,7.361,6.9,6.996,8617.79076806,1763423999999
1763424000000,7.033,7.129,7.006,7.035,2172.92043331,1763467199999
1763467200000,7.036,7.382,6.995,7.272,2216.61536242,1763510399999
1763510400000,7.2,7.305,7.013,7.088,1402.70205958,1763553599999
1763553600000,7.09,7.144,6.708,7.127,4124.57971879,1763596799999
1763596800000,7.214,7.222,7.171,7.185,1048.6014758,1763639999999
1763640000000,7.192,7.375,6.66,6.925,6536.93569061,1763683199999
1763683200000,6.816,6.87,6.197,6.254,11752.94903649,1763726399999
1763726400000,6.246,6.616,6.15,6.452,813.48160566,1763769599999
1763769600000,6.328,6.413,6.267,6.413,588.97254975,1763812799999
1763812800000,6.328,6.48,6.319,6.48,1000.90504057,1763855999999
1763856000000,6.437,6.557,6.437,6.505,521.64996185,1763899199999
1763899200000,6.545,6.569,6.483,6.483,227.42631467,1763942399999
1763942400000,6.495,6.633,6.428,6.491,276.57160546,1763985599999
1763985600000,6.487,6.971,6.471,6.855,2341.36560746,1764028799999
1764028800000,6.875,6.924,6.72,6.748,2410.36027364,1764071999999
1764072000000,6.727,6.897,6.634,6.896,1517.62668488,1764115199999
1764115200000,6.85,6.85,6.693,6.693,360.42139103,1764158399999
1764158400000,6.649,6.943,6.648,6.864,5352.97638604,1764201599999
1764201600000,6.845,7.074,6.845,6.929,7862.41811658,1764244799999
1764244800000,6.918,6.925,6.744,6.777,3092.93686361,1764287999999
1764288000000,6.7,6.714,6.597,6.642,5464.09197278,1764331199999
1764331200000,6.682,6.707,6.454,6.468,3160.12633133,1764374399999
1764374400000,6.4,6.461,6.316,6.36,2958.8503639,1764417599999
1764417600000,6.329,6.331,6.106,6.115,2079.48250211,1764460799999
1764460800000,6.14,6.151,5.986,6.074,8605.08445389,1764503999999
1764504000000,6.111,6.26,6.108,6.108,949.9432966,1764547199999
1764547200000,5.965,5.965,5.716,5.798,5679.23755887,1764590399999
1764590400000,5.799,5.891,5.678,5.891,5062.65278243,1764633599999
1764633600000,5.88,6.19,5.858,6.189,3463.7756774,1764676799999
1764676800000,6.154,6.482,6.109,6.407,4524.45504885,1764719999999
1764720000000,6.421,6.612,6.37,6.48,5516.2281943,1764763199999
1764763200000,6.47,6.518,6.382,6.48,1326.10218635,1764806399999
1764806400000,6.506,6.506,6.304,6.311,2651.9465253,1764849599999
1764849600000,6.309,6.317,6.11,6.173,282.92193165,1764892799999
1764892800000,6.163,7.285,6.163,7.118,81547.90910526,1764935999999
1764936000000,7.098,7.509,6.966,7.275,44923.09937385,1764979199999
1764979200000,7.265,7.385,6.81,6.816,12252.12474456,1765022399999
1765022400000,6.827,6.975,6.805,6.84,11846.87753392,1765065599999
1765065600000,6.787,6.787,6.581,6.668,2135.76960458,1765108799999
1765108800000,6.688,6.923,6.531,6.756,3384.79622772,1765151999999
1765152000000,6.763,6.97,6.763,6.925,852.12251422,1765195199999
1765195200000,6.929,6.973,6.834,6.877,2257.90972691,1765238399999
1765238400000,6.872,7.01,6.851,6.931,3319.60725393,1765281599999
1765281600000,6.943,7.256,6.943,7.04,5779.62194974,1765324799999
1765324800000,7.032,7.032,6.76,6.76,3426.75973913,1765367999999
1765368000000,6.772,6.869,6.616,6.641,3494.29848491,1765411199999
1765411200000,6.631,6.631,6.462,6.5299,1989.74961154,1765454399999
1765454400000,6.5188,6.5384,6.426,6.4994,1554.04474906,1765497599999
1765497600000,6.4365,6.5304,6.364,6.4919,645.28643035,1765540799999
1765540800000,6.4782,6.4929,6.1486,6.3029,5143.66627045,1765583999999
1765584000000,6.3295,6.4778,6.327,6.3821,3755.92239579,1765627199999
1765627200000,6.3457,6.371,6.3457,6.3576,346.55911785,1765670399999
1765670400000,6.3721,6.3721,6.219,6.2292,394.64699822,1765713599999
1765713600000,6.2579,6.2611,5.9934,5.9934,4451.38065272,1765756799999
1765756800000,6.075,6.1913,6.075,6.1149,285.87493757,1765799999999
1765800000000,6.1008,6.1008,5.7,5.865,4224.01833731,1765843199999
1765843200000,5.8464,5.9148,5.7753,5.9064,3037.53763002,1765886399999
1765886400000,5.9428,5.9428,5.7921,5.9156,2969.94534354,1765929599999
1765929600000,5.8652,5.8652,5.7938,5.8077,272.93025037,1765972799999
1765972800000,5.8324,5.9452,5.4585,5.4585,6287.88228957,1766015999999
1766016000000,5.4602,5.4692,5.3884,5.4533,1152.96809948,1766059199999
1766059200000,5.4515,5.64,5.2769,5.3786,2295.70250187,1766102399999
1766102400000,5.3777,5.5952,5.3329,5.5859,2443.292236,1766145599999
1766145600000,5.5895,5.7121,5.5663,5.6891,620.15054126,1766188799999
1766188800000,5.6674,5.7056,5.6394,5.6468,628.03931736,1766231999999
1766232000000,5.6525,5.7109,5.6475,5.6898,2516.08286404,1766275199999
1766275200000,5.7152,5.7152,5.5696,5.5933,2888.54136609,1766318399999
1766318400000,5.5523,5.5523,5.4133,5.4729,853.30227242,1766361599999
1766361600000,5.5134,5.5281,5.4604,5.5244,1450.04487361,1766404799999
1766404800000,5.5496,5.5496,5.329,5.3958,4383.11855721,1766447999999
1766448000000,5.3966,5.3966,5.2438,5.2979,206.96279436,1766491199999
1766491200000,5.262,5.3786,5.262,5.3786,785.17236369,1766534399999
1766534400000,5.3465,5.364,5.2078,5.3382,1189.39640377,1766577599999
1766577600000,5.3508,5.362,5.2863,5.3344,903.59058825,1766620799999
1766620800000,5.366,5.4325,5.2875,5.3146,1601.73131178,1766663999999
1766664000000,5.3254,5.3743,5.2,5.2,353.0755289,1766707199999
1766707200000,5.27,5.27,5.2463,5.2611,1090.0954282,1766750399999
1766750400000,5.2741,5.292,5.15,5.2119,3507.60877069,1766793599999
1766793600000,5.2289,5.3081,5.2289,5.2787,848.97618689,1766836799999
1766836800000,5.2799,5.3303,5.258,5.3297,8155.41820256,1766879999999
1766880000000,5.3552,5.4271,5.3542,5.3542,611.08808034,1766923199999
1766923200000,5.3535,5.3535,5.1475,5.1612,725.55475778,1766966399999
1766966400000,5.2118,5.2898,5.1743,5.1894,2201.04369204,1767009599999
1767009600000,5.1563,5.1563,4.8722,4.9713,9154.07565689,1767052799999
1767052800000,4.9537,4.9537,4.7399,4.8399,3386.06367453,1767095999999
1767096000000,4.8476,4.8677,4.799,4.823,3690.96508448,1767139199999
1767139200000,4.8,4.8646,4.7919,4.8493,2326.65336442,1767182399999
1767182400000,4.8506,4.8507,4.6786,4.7121,2420.25292459,1767225599999
1767225600000,4.7677,4.7702,4.6,4.7295,235.7868042,1767268799999
1767268800000,4.72,5.0394,4.72,5.0349,392.17095062,1767311999999
1767312000000,5.0376,5.0919,4.9543,4.97,476.64798554,1767355199999
1767355200000,4.9594,5.1767,4.9178,5.1767,1692.16219327,1767398399999
1767398400000,5.18,5.3187,5.1479,5.1514,2539.50406016,1767441599999
1767441600000,5.2486,5.3197,5.2258,5.3128,1293.05271326,1767484799999
1767484800000,5.2928,5.3505,5.2846,5.3108,1126.44364914,1767527999999
1767528000000,5.3217,5.4053,5.3,5.3004,1582.42836487,1767571199999
1767571200000,5.3319,5.3402,5.235,5.2768,4446.01660798,1767614399999
1767614400000,5.2462,5.5949,5.2439,5.5889,6049.03713676,1767657599999
1767657600000,5.5625,5.8185,5.5625,5.6615,3265.5717822,1767700799999
1767700800000,5.7018,5.8428,5.426,5.7304,555.60819383,1767743999999
1767744000000,5.5926,5.6646,5.5424,5.6493,528.18988537,1767787199999
1767787200000,5.5178,5.5178,5.3277,5.3582,1703.26624935,1767830399999
1767830400000,5.3205,5.3514,5.1501,5.1501,1512.85729058,1767873599999
1767873600000,5.15,5.1829,5.0643,5.1298,2715.05619367,1767916799999
1767916800000,5.1141,5.1677,5.09,5.1222,3033.13608936,1767959999999
1767960000000,5.0824,5.6048,5.0822,5.392,14655.65461416,1768003199999
1768003200000,5.394,6.0553,5.394,5.5557,30147.88661333,1768046399999
1768046400000,5.5292,5.6165,5.4984,5.5556,2244.44883909,1768089599999
1768089600000,5.6094,5.6473,5.3046,5.449,3854.69419444,1768132799999
1768132800000,5.4815,5.4844,5.3133,5.3471,1220.44740367,1768175999999
1768176000000,5.2558,5.3673,5.1764,5.1953,955.67203894,1768219199999
1768219200000,5.1755,5.2121,5.0632,5.1053,4160.37639746,1768262399999
1768262400000,5.0995,5.2708,5.0995,5.234,2392.67937853,1768305599999
1768305600000,5.2327,5.5251,5.2327,5.4298,9155.08844849,1768348799999
1768348800000,5.4669,5.4974,5.3986,5.4424,1967.50480755,1768391999999
1768392000000,5.4702,5.5333,5.3285,5.376,8265.57115898,1768435199999
1768435200000,5.2745,5.3393,5.2043,5.3094,1312.80969261,1768478399999
1768478400000,5.3126,5.3531,5.1247,5.2017,3173.62214589,1768521599999
1768521600000,5.1969,5.2512,5.1969,5.2228,341.61923557,1768564799999
1768564800000,5.2347,5.3205,5.1248,5.3142,4795.29573043,1768607999999
1768608000000,5.3141,5.6168,5.313,5.6168,1925.70306058,1768651199999
1768651200000,5.6473,5.9282,5.6473,5.7156,1753.06073296,1768694399999
1768694400000,5.8888,6.4539,5.6647,5.6888,22148.15153373,1768737599999
1768737600000,5.6851,5.7222,5.5518,5.5518,1971.34598788,1768780799999
1768780800000,5.4782,5.4782,5.05,5.3372,7279.22658073,1768823999999
1768824000000,5.2796,5.3937,5.2292,5.2775,2035.8125616,1768867199999
1768867200000,5.3899,5.3899,5.0961,5.1457,1989.16320102,1768910399999
1768910400000,5.1447,5.1447,5.0,5.0276,596.09295859,1768953599999
1768953600000,5.1335,5.2141,5.1064,5.1429,460.46728681,1768996799999
1768996800000,5.0366,5.2056,5.0217,5.17,391.63848109,1769039999999
1769040000000,5.2541,5.2541,5.1115,5.1115,97.70728637,1769083199999
1769083200000,5.0501,5.0501,5.0021,5.0021,2955.66624463,1769126399999
1769126400000,5.1213,5.163,5.0561,5.0561,361.88901745,1769169599999
1769169600000,5.0901,5.1584,5.0324,5.0324,2039.39864833,1769212799999
1769212800000,5.0068,5.0373,5.0033,5.0349,1645.04973154,1769255999999
1769256000000,5.0485,5.1089,4.9323,5.0149,2382.22912413,1769299199999
1769299200000,4.9606,4.9606,4.902,4.9142,856.00528737,1769342399999
1769342400000,4.8986,4.9221,4.6669,4.7002,3186.14550701,1769385599999
1769385600000,4.7265,4.83,4.6987,4.8071,9339.53854001,1769428799999
1769428800000,4.8266,4.8858,4.7991,4.8311,4021.73270834,1769471999999
1769472000000,4.8387,4.9381,4.787,4.7904,226.63742231,1769515199999
1769515200000,4.75,4.808,4.6928,4.8,3774.40933519,1769558399999
1769558400000,4.7867,4.8334,4.77,4.8334,1637.14614461,1769601599999
1769601600000,4.8198,4.8422,4.7381,4.8168,8675.53475159,1769644799999
1769644800000,4.777,4.7806,4.5815,4.5846,673.66226063,1769687999999
1769688000000,4.5859,4.5859,4.3608,4.4074,1891.35993643,1769731199999
1769731200000,4.3423,4.4014,4.05,4.3913,3367.73799345,1769774399999
1769774400000,4.3468,4.4143,4.3,4.3844,866.93762278,1769817599999
1769817600000,4.3538,4.383,4.2354,4.2645,182.48330749,1769860799999
1769860800000,4.2459,4.2509,3.7107,4.0243,9586.92109593,1769903999999
1769904000000,4.2374,4.2374,4.0202,4.0488,1964.66077312,1769947199999
1769947200000,4.0353,4.0594,3.8761,3.8761,2698.32127128,1769990399999
1769990400000,3.911,3.9593,3.8285,3.943,372.35170317,1770033599999
1770033600000,3.9599,4.1251,3.9599,4.0841,2186.05152356,1770076799999
1770076800000,4.0397,4.1179,3.9701,4.0559,575.55370824,1770119999999
1770120000000,4.08,4.3092,3.8652,4.1092,1857.83855764,1770163199999
1770163200000,4.1521,4.2648,4.1394,4.1394,801.14285773,1770206399999
1770206400000,4.1016,4.1016,3.9038,4.0054,2788.09917549,1770249599999
1770249600000,3.9235,3.9235,3.7315,3.8148,1707.41716749,1770292799999
1770292800000,3.8049,3.8283,3.3862,3.4319,6004.69975276,1770335999999
1770336000000,3.358,3.598,3.3195,3.598,6917.47442944,1770379199999
1770379200000,3.569,3.9127,3.5615,3.8592,2227.57193606,1770422399999
1770422400000,3.7981,3.8571,3.7446,3.7606,202.70758948,1770465599999
1770465600000,3.8454,4.2921,3.844,4.2921,4472.36199037,1770508799999
1770508800000,4.1662,4.1662,4.0223,4.0717,4644.62367607,1770551999999
1770552000000,4.0228,4.0331,3.8666,3.9191,920.27745921,1770595199999
1770595200000,3.9241,3.9241,3.7703,3.7907,362.52521595,1770638399999
1770638400000,3.8099,3.8846,3.7409,3.8574,1494.02351041,1770681599999
1770681600000,3.8,3.8,3.7225,3.7275,2578.00728118,1770724799999
1770724800000,3.7219,3.798,3.7215,3.772,2986.60349757,1770767999999
1770768000000,3.7841,3.7984,3.6907,3.7288,54.85971074,1770811199999
1770811200000,3.7246,3.9278,3.7069,3.8451,12251.31209456,1770854399999
1770854400000,3.8605,4.0226,3.8534,4.0226,9470.31044811,1770897599999
1770897600000,3.969,3.9711,3.8301,3.9202,6223.75637642,1770940799999
1770940800000,3.9823,4.1148,3.8639,3.939,10576.69196278,1770983999999
1770984000000,3.9428,4.3854,3.9422,4.3854,7952.40795066,1771027199999
1771027200000,4.3641,4.5045,4.2475,4.3605,7651.6032238,1771070399999
1771070400000,4.421,4.5267,4.3654,4.4341,2314.15662586,1771113599999
1771113600000,4.4337,4.5099,4.3379,4.3723,3683.42232241,1771156799999
1771156800000,4.3639,4.3639,4.0967,4.1313,1237.06544275,1771199999999
1771200000000,4.1142,4.1142,3.9813,4.0269,316.18913349,1771243199999
1771243200000,4.0351,4.0859,3.9941,4.0859,1595.73222274,1771286399999
1771286400000,4.0996,4.1675,3.9671,3.9899,8164.22905495,1771329599999
1771329600000,4.0186,4.0186,3.9402,3.9542,287.04487938,1771372799999
1771372800000,3.9511,3.9901,3.9109,3.9388,3871.73513621,1771415999999
1771416000000,3.8892,3.9319,3.8082,3.8146,207.295312,1771459199999
1771459200000,3.8233,3.8338,3.7643,3.7698,114.33140456,1771502399999
1771502400000,3.7789,3.7959,3.7112,3.7917,341.31360364,1771545599999
1771545600000,3.8172,3.8999,3.8172,3.8547,499.05013206,1771588799999
1771588800000,3.8383,3.917,3.8094,3.9112,3943.98024986,1771631999999
1771632000000,3.9314,3.989,3.9306,3.989,41.41032323,1771675199999
1771675200000,3.9551,3.9551,3.8978,3.8981,776.44882717,1771718399999
1771718400000,3.8214,3.8214,3.815,3.815,214.80270947,1771761599999
1771761600000,3.7808,3.7808,3.7301,3.7663,643.09236263,1771804799999
1771804800000,3.74,3.7511,3.6268,3.7511,1001.11294701,1771847999999
1771848000000,3.7438,3.7466,3.6396,3.6396,872.33745833,1771891199999
1771891200000,3.6531,3.6531,3.59,3.59,1000.20411584,1771934399999
1771934400000,3.5625,3.6446,3.5551,3.6195,5731.8173049,1771977599999
1771977600000,3.6235,3.7715,3.6235,3.7537,231.64835085,1772020799999
1772020800000,3.7984,4.0456,3.7984,3.9319,6448.0811384,1772063999999
1772064000000,3.8774,3.8827,3.8501,3.8827,1124.73184399,1772107199999
1772107200000,3.8675,3.8709,3.745,3.8058,1765.20760532,1772150399999
1772150400000,3.794,3.9968,3.794,3.8625,1209.38341393,1772193599999
1772193600000,3.8457,3.8585,3.7232,3.7642,11786.34153871,1772236799999
1772236800000,3.76,3.7612,3.5395,3.5465,6719.54942877,1772279999999
1772280000000,3.5452,3.8308,3.5452,3.8308,506.87926449,1772323199999
1772323200000,3.8218,3.9412,3.785,3.7913,1891.33133251,1772366399999
1772366400000,3.783,3.783,3.6497,3.7091,1894.33795661,1772409599999
1772409600000,3.7302,3.7515,3.6714,3.7142,11440.66852283,1772452799999
1772452800000,3.7336,3.9261,3.7262,3.7988,10928.74092872,1772495999999
1772496000000,3.7493,3.7493,3.5591,3.58,3501.39362589,1772539199999
1772539200000,3.6039,3.6853,3.5788,3.6374,3044.0551494,1772582399999
1772582400000,3.7334,3.8311,3.55,3.6232,18795.73160728,1772625599999
1772625600000,3.6056,3.763,3.6023,3.6832,11072.77980678,1772668799999
1772668800000,3.6332,3.6602,3.5961,3.6465,2827.99045595,1772711999999
1772712000000,3.632,3.695,3.57,3.6,3206.89023475,1772755199999
1772755200000,3.5992,3.6569,3.5735,3.5875,4467.21866121,1772798399999
1772798400000,3.5565,3.5866,3.5,3.5509,7362.26064655,1772841599999
1772841600000,3.5528,3.7145,3.5237,3.558,10656.46217595,1772884799999
1772884800000,3.5486,3.558,3.4949,3.5008,4300.41788965,1772927999999
1772928000000,3.4977,3.5885,3.4828,3.5775,4458.89805931,1772971199999
1772971200000,3.5537,3.6446,3.4886,3.5373,7561.77426088,1773014399999
1773014400000,3.5971,3.66,3.5868,3.5949,5348.74236017,1773057599999
1773057600000,3.6296,3.6434,3.5857,3.5867,4326.97625358,1773100799999
1773100800000,3.581,3.655,3.581,3.6409,2333.72202267,1773143999999
1773144000000,3.6486,3.6492,3.5615,3.5615,2962.12244432,1773187199999
1773187200000,3.5632,3.583,3.5,3.5786,11627.6703643,1773230399999
1773230400000,3.6174,3.6362,3.5911,3.6362,410.90248883,1773273599999
1773273600000,3.6197,3.6197,3.5698,3.5744,406.76044808,1773316799999
1773316800000,3.5661,3.6014,3.5661,3.5985,291.59771742,1773359999999
1773360000000,3.6326,3.6936,3.6326,3.6829,298.61790995,1773403199999
1773403200000,3.6963,3.7488,3.6181,3.6181,5768.08694648,1773446399999
1773446400000,3.6069,3.6069,3.5692,3.5742,1099.35267842,1773489599999
1773489600000,3.5823,3.6106,3.5675,3.6106,2163.87600262,1773532799999
1773532800000,3.6094,3.8136,3.6045,3.7711,6199.8729243,1773575999999
1773576000000,3.7402,3.8082,3.7073,3.7626,4031.28305975,1773619199999
1773619200000,3.7394,3.8569,3.7325,3.8115,1358.61832639,1773662399999
1773662400000,3.7979,3.8822,3.79,3.8612,1124.79282979,1773705599999
1773705600000,3.8664,3.895,3.7761,3.8291,4417.95217061,1773748799999
1773748800000,3.8199,3.8199,3.777,3.7947,794.19136832,1773791999999
1773792000000,3.75,3.8343,3.7022,3.7081,2477.69581767,1773835199999
1773835200000,3.6546,3.6615,3.575,3.6152,409.32701108,1773878399999
1773878400000,3.6024,3.6024,3.5408,3.5508,362.36939798,1773921599999
1773921600000,3.52,3.52,3.47,3.5066,1883.0490782,1773964799999
1773964800000,3.5395,3.6709,3.5395,3.6341,293.19666966,1774007999999
1774008000000,3.5862,3.594,3.549,3.594,253.01373461,1774051199999
1774051200000,3.5877,3.6182,3.5573,3.5573,414.26057342,1774094399999
1774094400000,3.5491,3.5731,3.445,3.4515,2403.25901306,1774137599999
1774137600000,3.4454,3.4737,3.4236,3.4236,1619.6806958,1774180799999
1774180800000,3.4476,3.4476,3.3656,3.3902,388.93736213,1774223999999
1774224000000,3.3866,3.76,3.3768,3.4901,1893.96810643,1774267199999
1774267200000,3.5248,3.5529,3.5109,3.5488,1593.85154938,1774310399999
1774310400000,3.5283,3.5283,3.4936,3.4936,148.2278399,1774353599999
1774353600000,3.5,3.5058,3.4665,3.5058,1511.80454664,1774396799999
1774396800000,3.5093,3.5263,3.4751,3.4761,2850.14117816,1774439999999
1774440000000,3.472,3.5005,3.472,3.4756,1662.66831614,1774483199999
1774483200000,3.5014,3.5014,3.3711,3.3766,986.83150014,1774526399999
1774526400000,3.3754,3.4081,3.3539,3.3559,1060.22978626,1774569599999
1774569600000,3.4285,3.5234,3.3266,3.3473,2023.15560454,1774612799999
1774612800000,3.3262,3.341,3.3204,3.339,559.1111069,1774655999999
1774656000000,3.316,3.3704,3.316,3.3704,115.24767353,1774699199999
1774699200000,3.3358,3.3893,3.3355,3.348,2949.83248018,1774742399999
1774742400000,3.3133,3.3133,3.272,3.2901,2717.80595698,1774785599999
1774785600000,3.2643,3.2647,3.1901,3.2378,1784.89713692,1774828799999
1774828800000,3.3007,3.3439,3.3007,3.3348,518.71626019,1774871999999
1774872000000,3.3425,3.3425,3.23,3.23,815.95569525,1774915199999
1774915200000,3.2324,3.2904,3.2324,3.2656,920.97595284,1774958399999
1774958400000,3.28,3.2942,3.2411,3.2854,2848.52885185,1775001599999
1775001600000,3.294,3.3239,3.2563,3.3,1716.68665237,1775044799999
1775044800000,3.3297,3.3636,3.3114,3.3144,2321.32482643,1775087999999
1775088000000,3.3082,3.3302,3.1936,3.206,327.14093248,1775131199999
1775131200000,3.1924,3.2007,3.1515,3.1971,1386.6419754,1775174399999
1775174400000,3.233,3.3623,3.233,3.3341,1126.24681558,1775217599999
1775217600000,3.365,3.365,3.2593,3.2594,4105.3966689,1775260799999
1775260800000,3.2537,3.2585,3.2537,3.2585,883.61325052,1775303999999
1775304000000,3.2751,3.2849,3.2481,3.2774,2628.89214043,1775347199999
1775347200000,3.2737,3.2737,3.1824,3.1945,2347.10997061,1775390399999
1775390400000,3.1974,3.2453,3.175,3.2453,2968.81696473,1775433599999
1775433600000,3.2489,3.3158,3.2113,3.3158,2820.15152753,1775476799999
1775476800000,3.3083,3.3156,3.2223,3.2223,393.72199914,1775519999999
1775520000000,3.2037,3.2037,3.1748,3.1751,1106.8843246,1775563199999
1775563200000,3.1568,3.3351,3.1425,3.3351,1385.92955779,1775606399999
1775606400000,3.3074,3.3429,3.3074,3.3203,1075.50225938,1775649599999
1775649600000,3.292,3.298,3.2429,3.2577,1607.89874186,1775692799999
1775692800000,3.2593,3.2811,3.2401,3.2745,1256.20817139,1775735999999
1775736000000,3.2604,3.3423,3.2604,3.3423,896.12167897,1775779199999
1775779200000,3.3087,3.3395,3.2721,3.3,3321.18357382,1775822399999
1775822400000,3.3183,3.3419,3.2824,3.3388,3754.05509244,1775865599999
1775865600000,3.3239,3.3239,3.2972,3.3048,281.05853539,1775908799999
1775908800000,3.2946,3.3328,3.2651,3.3074,3035.37445392,1775951999999
1775952000000,3.271,3.271,3.2007,3.2123,2887.99879211,1775995199999
1775995200000,3.1978,3.225,3.168,3.168,443.81505431,1776038399999
1776038400000,3.1627,3.1809,3.1477,3.1739,3470.61831511,1776081599999
1776081600000,3.1618,3.3327,3.1524,3.3198,2037.35014773,1776124799999
1776124800000,3.3237,3.3237,3.2102,3.2102,1820.01855153,1776167999999
1776168000000,3.2115,3.2487,3.1727,3.1875,5480.71571801,1776211199999
1776211200000,3.1966,3.2133,3.1949,3.2114,164.1393645,1776254399999
1776254400000,3.2488,3.4458,3.2447,3.4104,5884.07591073,1776297599999
1776297600000,3.4324,3.5724,3.4324,3.5724,12974.17578368,1776340799999
1776340800000,3.6033,3.653,3.5126,3.6339,11187.02839984,1776383999999
1776384000000,3.6384,3.7192,3.5232,3.7009,10012.79451601,1776427199999
1776427200000,3.7315,3.9031,3.716,3.8236,5452.99092807,1776470399999
1776470400000,3.7865,3.8101,3.5993,3.5993,3851.38452515,1776513599999
1776513600000,3.623,3.6417,3.5799,3.5939,3271.21626324,1776556799999
1776556800000,3.5015,3.5451,3.4767,3.5451,625.55554073,1776599999999
1776600000000,3.5506,3.5638,3.431,3.431,2351.42013634,1776643199999
1776643200000,3.421,3.5012,3.4159,3.5012,632.15279368,1776686399999
1776686400000,3.4976,3.6255,3.4976,3.5409,1578.98449427,1776729599999
1776729600000,3.5658,3.6669,3.5658,3.5686,855.62620658,1776772799999
1776772800000,3.5408,3.5408,3.4823,3.5228,1199.45230018,1776815999999
1776816000000,3.6212,3.6588,3.6129,3.6129,679.13314281,1776859199999
1776859200000,3.6252,3.685,3.6135,3.6375,444.95558741,1776902399999
1776902400000,3.524,3.5415,3.524,3.5415,353.23094463,1776945599999
1776945600000,3.5629,3.5898,3.528,3.5833,558.06624888,1776988799999
1776988800000,3.5794,3.6283,3.5774,3.6283,438.87192758,1777031999999
1777032000000,3.6402,3.685,3.6344,3.6467,728.93184315,1777075199999
1777075200000,3.7302,3.825,3.7302,3.7638,642.23426892,1777118399999
1777118400000,3.72,3.7289,3.6771,3.7067,604.68958499,1777161599999
1777161600000,3.7818,3.8424,3.7649,3.8402,334.36357261,1777204799999
1777204800000,3.7956,3.8175,3.7692,3.7874,520.22416377,1777247999999
1777248000000,3.7142,3.7142,3.614,3.6199,44.41976548,1777291199999
1777291200000,3.606,3.6115,3.565,3.6115,2158.88235965,1777334399999
1777334400000,3.6333,3.6333,3.5965,3.5965,196.03730986,1777377599999
1777377600000,3.5867,3.6171,3.5867,3.6149,101.2920645,1777420799999
1777420800000,3.6476,3.67,3.6091,3.6091,183.11500626,1777463999999
1777464000000,3.5482,3.5533,3.4508,3.5358,1584.02103497,1777507199999
1777507200000,3.5158,3.5158,3.4629,3.4629,556.75669826,1777550399999
1777550400000,3.4745,3.511,3.4606,3.4739,1754.81447872,1777593599999
1777593600000,3.512,3.512,3.4568,3.4767,2928.2991157,1777636799999
1777636800000,3.491,3.5332,3.491,3.4945,1943.97614831,1777679999999
1777680000000,3.504,3.504,3.46,3.4694,1043.3269388,1777723199999
1777723200000,3.4559,3.5357,3.4559,3.529,2612.14930077,1777766399999
1777766400000,3.4778,3.4778,3.4593,3.4593,860.39652558,1777809599999
1777809600000,3.4764,3.4911,3.4512,3.4911,1707.53500711,1777852799999
1777852800000,3.4522,3.5539,3.4522,3.4616,4635.75223943,1777895999999
1777896000000,3.4759,3.514,3.4695,3.5027,1982.87345029,1777939199999
1777939200000,3.4788,3.5581,3.4743,3.5421,5449.03351826,1777982399999
1777982400000,3.5471,3.5967,3.4944,3.5465,4179.14532758,1778025599999
1778025600000,3.6103,3.7186,3.6006,3.7103,4644.90432607,1778068799999
1778068800000,3.6875,3.7097,3.6146,3.6521,1591.57349844,1778111999999
1778112000000,3.5898,3.6912,3.5898,3.6851,2407.66268222,1778155199999
1778155200000,3.6762,3.6982,3.6307,3.6883,2045.06552415,1778198399999
1778198400000,3.6784,3.7335,3.6664,3.7335,1112.85178921,1778241599999
1778241600000,3.7078,3.9721,3.6925,3.9045,4522.17106911,1778284799999
1778284800000,3.9566,3.9802,3.8942,3.9141,159.21574804,1778327999999
1778328000000,3.879,3.8877,3.8459,3.8732,403.09760028,1778371199999
1778371200000,3.8587,4.02,3.8563,3.9964,1686.67965951,1778414399999
1778414400000,4.01,4.193,3.9693,4.0413,21089.65613641,1778457599999
1778457600000,4.0551,4.0825,3.9696,4.0667,632.18444138,1778500799999
1778500800000,4.0379,4.1196,4.0361,4.1015,330.53282665,1778543999999
1778544000000,4.03,4.0663,3.9651,3.9769,514.61890821,1778587199999
1778587200000,3.9745,3.982,3.8949,3.9485,1013.83591442,1778630399999
1778630400000,3.9447,4.0514,3.943,4.0514,357.29339778,1778673599999
1778673600000,3.9832,3.9832,3.7814,3.7814,1240.40962839,1778716799999
1778716800000,3.7828,3.7828,3.7238,3.7361,632.95491178,1778759999999
1778760000000,3.7422,3.8543,3.735,3.8368,1834.4856753,1778803199999
1778803200000,3.7574,3.7574,3.7121,3.7299,525.23769518,1778846399999
1778846400000,3.6522,3.6575,3.5571,3.6039,1626.11938855,1778889599999
1778889600000,3.5869,3.5873,3.4275,3.4275,4298.07862492,1778932799999
1778932800000,3.4568,3.4906,3.4528,3.4582,572.41179885,1778975999999
1778976000000,3.4668,3.4668,3.4435,3.4435,1319.45865891,1779019199999
1779019200000,3.4254,3.4357,3.2551,3.2551,842.73060106,1779062399999
1779062400000,3.3042,3.3679,3.3042,3.3392,2141.31035823,1779105599999
1779105600000,3.3636,3.3863,3.3159,3.3849,430.21233938,1779148799999
1779148800000,3.3979,3.3979,3.3561,3.3671,557.9038437,1779191999999
1779192000000,3.3505,3.3645,3.3171,3.3171,1359.3636237,1779235199999
1779235200000,3.3158,3.3785,3.3158,3.3663,554.49872293,1779278399999
1779278400000,3.3646,3.4281,3.3514,3.4152,1949.97716775,1779321599999
1779321600000,3.4326,3.4512,3.4006,3.4006,3163.03307776,1779364799999
1779364800000,3.3858,3.4816,3.3858,3.4647,4241.03080191,1779407999999
1779408000000,3.4816,3.5009,3.4534,3.4978,209.27494238,1779451199999
1779451200000,3.5402,3.582,3.3452,3.3457,6722.20216361,1779494399999
1779494400000,3.3468,3.374,3.2885,3.2999,7923.08270293,1779537599999
1779537600000,3.2907,3.5391,3.2889,3.4903,3304.86886153,1779580799999
1779580800000,3.5009,3.5009,3.4343,3.4343,925.95475478,1779623999999
1779624000000,3.4202,3.4202,3.3121,3.3408,5618.28264647,1779667199999
1779667200000,3.4081,3.4273,3.4006,3.4006,993.75278998,1779710399999
1779710400000,3.403,3.4385,3.3995,3.4297,1222.48393316,1779753599999
1779753600000,3.3515,3.3876,3.3202,3.3876,885.48258666,1779796799999
1779796800000,3.3856,3.3856,3.2484,3.2557,1072.47194272,1779839999999
1779840000000,3.2297,3.2675,3.2055,3.2675,1713.22271693,1779883199999
1779883200000,3.2702,3.3174,3.1782,3.179,3573.32749774,1779926399999
1779926400000,3.1907,3.1907,3.027,3.0315,8571.42532487,1779969599999
1779969600000,3.0162,3.1307,3.0,3.0845,3170.49274418,1780012799999
1780012800000,3.0939,3.0939,3.052,3.0581,2808.08861231,1780055999999
1780056000000,3.0184,3.095,2.9764,3.053,4451.61396142,1780099199999
1780099200000,3.0816,3.1231,3.0721,3.0967,2062.42370505,1780142399999
1780142400000,3.0881,3.096,3.0742,3.0742,1152.39335044,1780185599999
1780185600000,3.0684,3.0744,3.0684,3.0726,260.56517281,1780228799999
1780228800000,3.0623,3.0689,2.9968,3.0629,4346.47482369,1780271999999
1780272000000,3.0864,3.0993,3.0103,3.0156,664.34919211,1780315199999
1780315200000,3.0074,3.1335,2.9924,3.1033,9466.81104103,1780358399999
1780358400000,3.1004,3.1004,2.9897,3.0045,2106.19357096,1780401599999
1780401600000,3.0092,3.0103,2.8131,2.8538,21995.95229404,1780444799999
1780444800000,2.8693,2.9901,2.8294,2.9556,7783.57405721,1780487999999
1780488000000,2.9512,2.9639,2.8475,2.9063,5812.1716434,1780531199999
1780531200000,2.9062,2.9062,2.6123,2.6172,34885.34474411,1780574399999
1780574400000,2.611,2.7648,2.611,2.678,9804.88517403,1780617599999
1780617600000,2.6713,2.6713,2.4447,2.5208,4324.3889535,1780660799999
1780660800000,2.5036,2.5343,2.3815,2.504,7028.00516941,1780703999999
1780704000000,2.3659,2.5255,2.3526,2.5028,7183.68591234,1780747199999
1780747200000,2.5096,2.6444,2.4859,2.5186,19965.09539057,1780790399999
1780790400000,2.5433,2.6361,2.5433,2.5885,3750.94883721,1780833599999
1780833600000,2.5701,2.6328,2.4996,2.6328,699.02510174,1780876799999
1780876800000,2.5955,2.6092,2.5546,2.6092,276.58346052,1780919999999
1780920000000,2.5869,2.627,2.5769,2.5769,1081.33715595,1780963199999
1780963200000,2.5618,2.5619,2.4962,2.5192,5094.82909433,1781006399999
1781006400000,2.5315,2.5484,2.4768,2.5185,1775.53186385,1781049599999
1781049600000,2.5045,2.5045,2.4347,2.4535,1287.89561832,1781092799999
1781092800000,2.4502,2.5135,2.4,2.4337,1405.90524441,1781135999999
1781136000000,2.473,2.5205,2.4729,2.4861,2743.37756945,1781179199999
1781179200000,2.4752,2.536,2.4752,2.4892,6204.25789559,1781222399999
1781222400000,2.4896,2.4997,2.4637,2.4977,917.77093328,1781265599999
1781265600000,2.5225,2.529,2.4558,2.4734,10464.14919852,1781308799999
1781308800000,2.4881,2.5155,2.475,2.5146,422.76290494,1781351999999
1781352000000,2.5335,2.5522,2.5204,2.537,1023.74403938,1781395199999
1781395200000,2.5236,2.5295,2.4979,2.5001,309.2585955,1781438399999
1781438400000,2.5096,2.5583,2.4644,2.5484,2792.39677014,1781481599999
1781481600000,2.5676,2.6299,2.5613,2.6299,640.19693984,1781524799999
1781524800000,2.6444,2.7215,2.6088,2.6088,1228.14896139,1781567999999
1781568000000,2.6311,2.6311,2.6144,2.6181,2998.44582411,1781611199999
1781611200000,2.6028,2.6094,2.5427,2.5888,2896.77896228,1781654399999
1781654400000,2.6329,2.6329,2.5716,2.5881,289.20299869,1781697599999
1781697600000,2.585,2.6222,2.5381,2.5795,4591.56796716,1781740799999
1781740800000,2.5017,2.5338,2.5017,2.5148,542.78653067,1781783999999
1781784000000,2.5297,2.5297,2.43,2.4959,6231.00151202,1781827199999
1781827200000,2.5271,2.5305,2.472,2.48,836.23704916,1781870399999
1781870400000,2.5044,2.5383,2.5032,2.515,1098.18627348,1781913599999
1781913600000,2.5019,2.5077,2.4928,2.497,46.14219955,1781956799999
1781956800000,2.4779,2.5161,2.4595,2.5161,882.01604116,1781999999999
1782000000000,2.4953,2.5162,2.4923,2.4974,160.14559122,1782043199999
1782043200000,2.5009,2.5009,2.4514,2.4514,795.76142213,1782086399999
1782086400000,2.4852,2.4919,2.4801,2.4801,213.03799026,1782129599999
1782129600000,2.5058,2.52,2.4171,2.4171,675.24958795,1782172799999
1782172800000,2.4583,2.4583,2.3223,2.3582,4166.62936189,1782215999999
1782216000000,2.3409,2.3676,2.3279,2.3431,1286.47794152,1782259199999
1782259200000,2.3521,2.3601,2.3178,2.3289,5595.53276619,1782302399999
1782302400000,2.3543,2.3553,2.2,2.3429,18031.30057764,1782345599999
1782345600000,2.3274,2.3274,2.2963,2.3029,2105.0169507,1782388799999
1782388800000,2.2901,2.2901,2.1558,2.2067,5770.55027048,1782431999999
1782432000000,2.205,2.2339,2.1382,2.1859,3431.57998865,1782475199999
1782475200000,2.1634,2.2469,2.1458,2.2469,2278.94366887,1782518399999
1782518400000,2.2624,2.308,2.254,2.254,1280.88194112,1782561599999
1782561600000,2.2369,2.2671,2.2161,2.2176,3913.76552119,1782604799999
1782604800000,2.2005,2.2247,2.1999,2.2101,885.50162666,1782647999999
1782648000000,2.2082,2.2621,2.2082,2.2088,4454.6618434,1782691199999
1782691200000,2.2122,2.2553,2.2122,2.2533,13041.37176324,1782734399999
1782734400000,2.2899,2.3637,2.2316,2.305,9228.98903297,1782777599999
1782777600000,2.3142,2.3186,2.2261,2.2261,2884.49203283,1782820799999
1782820800000,2.211,2.2259,2.1881,2.2149,6349.09618883,1782863999999
1782864000000,2.204,2.2218,2.1576,2.199,5650.41378325,1782907199999
1782907200000,2.2043,2.3158,2.1847,2.2738,3140.3833256,1782950399999
1782950400000,2.3208,2.3562,2.2736,2.3358,2663.23399118,1782993599999
1782993600000,2.34,2.3687,2.2989,2.3241,4661.27264369,1783036799999
1783036800000,2.3314,2.4142,2.3314,2.3703,2096.7028788,1783079999999
1783080000000,2.4002,2.4141,2.3717,2.3974,397.23620223,1783123199999
1783123200000,2.3999,2.3999,2.2959,2.3514,21499.05054788,1783166399999
1783166400000,2.3848,2.4571,2.3748,2.4117,2075.80352003,1783209599999
1783209600000,2.411,2.4315,2.3276,2.3356,3940.87223834,1783252799999
1783252800000,2.3375,2.368,2.3375,2.368,297.67656659,1783295999999
1783296000000,2.3783,2.4077,2.3625,2.3884,2664.36298608,1783339199999
1783339200000,2.3368,2.5397,2.3242,2.5331,6185.13879594,1783382399999
1783382400000,2.4961,2.5128,2.4596,2.469,1729.52268662,1783425599999
1783425600000,2.4712,2.4766,2.3942,2.4002,1048.79700688,1783468799999
1783468800000,2.384,2.3936,2.3331,2.3878,1625.98010848,1783511999999
1783512000000,2.3939,2.4647,2.3827,2.4246,3528.84830539,1783555199999
1783555200000,2.5111,2.8156,2.4729,2.6811,81012.35699591,1783598399999
1783598400000,2.677,2.6874,2.5309,2.5353,10880.11535826,1783641599999
1783641600000,2.5,2.6045,2.4754,2.5217,15405.88496582,1783684799999
1783684800000,2.5251,2.5526,2.4938,2.5022,2115.78416755,1783727999999
1783728000000,2.4921,2.4921,2.4566,2.4879,2003.34647516,1783771199999
1783771200000,2.4929,2.5616,2.4929,2.5572,7920.00319432,1783814399999
1783814400000,2.5489,2.7218,2.5396,2.6928,20168.64709083,1783857599999
1783857600000,2.675,2.7314,2.6121,2.6696,6924.73349836,1783900799999
1783900800000,2.6721,2.7524,2.6721,2.6937,9779.86950359,1783943999999
1783944000000,2.7081,2.7915,2.663,2.7349,10275.78355473,1783987199999
1783987200000,2.7563,2.9666,2.7563,2.8933,19915.73414486,1784030399999
1784030400000,2.9,3.1776,2.9,2.9979,76884.97035567,1784073599999
1784073600000,2.9906,2.9906,2.8265,2.8949,37104.50131251,1784116799999
1784116800000,2.9073,2.9073,2.7271,2.7647,22950.14280107,1784159999999
1784160000000,2.7882,2.9041,2.6729,2.699,2770.03207759,1784203199999
1784203200000,2.6992,2.7768,2.6992,2.7387,4644.02560196,1784246399999
1784246400000,2.7243,2.7243,2.6504,2.6504,3399.78600958,1784289599999
1784289600000,2.6442,2.8704,2.638,2.8487,9744.07216468,1784332799999
1784332800000,2.8392,2.8774,2.8056,2.8406,2714.35261501,1784375999999
1784376000000,2.8085,2.8614,2.798,2.8359,1670.98454982,1784419199999
1784419200000,2.824,3.0,2.7657,2.9057,17730.42608631,1784462399999
1784462400000,2.9118,2.9149,2.7379,2.7652,3042.11623211,1784505599999
1784505600000,2.8006,2.8249,2.7098,2.7649,14027.29597131,1784548799999
1784548800000,2.7573,2.773,2.7327,2.7589,1864.77242153,1784591999999
1784592000000,2.7458,2.775,2.7292,2.7292,3631.60127363,1784635199999
1784635200000,2.7348,2.7969,2.7348,2.7714,1263.94785041,1784678399999
1784678400000,2.7607,2.83,2.7027,2.83,986.039851,1784721599999
1784721600000,2.8228,2.8228,2.7402,2.7402,1679.06681856,1784764799999
1784764800000,2.7143,2.724,2.6727,2.6778,550.32534957,1784807999999
1784808000000,2.6887,2.6887,2.596,2.617,3831.88457229,1784851199999
1784851200000,2.5982,2.6007,2.5247,2.5284,9804.73129063,1784894399999
1784894400000,2.5092,2.5642,2.5,2.5622,11069.58093905,1784937599999
1784937600000,2.573,2.5791,2.4599,2.4942,6601.94662627,1784980799999
1784980800000,2.4894,2.5156,2.4764,2.5156,8525.77801618,1785023999999
1785024000000,2.4781,2.5645,2.4615,2.5273,23126.86955843,1785067199999
1785067200000,2.5261,2.5261,2.4781,2.5185,12799.68507029,1785110399999
1785110400000,2.5077,2.5131,2.4673,2.4996,5969.72641326,1785153599999
1785153600000,2.4826,2.4998,2.4056,2.4112,4810.47801295,1785196799999
1785196800000,2.4107,2.4778,2.4,2.4135,12851.12609865,1785239999999
1785240000000,2.4124,2.4154,2.3941,2.3998,2732.86179089,1785283199999
1785283200000,2.4107,2.4788,2.3708,2.4711,2579.33623652,1785326399999
1785326400000,2.4689,2.4689,2.3342,2.3915,4297.70276642,1785369599999
1785369600000,2.3964,2.4075,2.3703,2.3728,3659.11942492,1785412799999
1785412800000,2.3761,2.3788,2.3565,2.364,1322.12811345,1785455999999
1785456000000,2.3288,2.3582,2.3,2.3222,7921.250305,1785499199999
1785499200000,2.3383,2.35,2.2943,2.3097,3881.60847768,1785542399999
1785542400000,2.3162,2.386,2.3075,2.3392,4297.67411715,1785585599999
1785585600000,2.3584,2.38,2.3009,2.3219,17866.40280811,1785628799999
1785628800000,2.3499,2.3499,2.3248,2.3248,1446.46715823,1785671999999
1785672000000,2.3421,2.3476,2.3261,2.3278,2361.81556725,1785715199999
1785715200000,2.3141,2.3141,2.2762,2.3104,2218.39336491,1785758399999
1785758400000,2.3098,2.3889,2.3098,2.3707,13254.39843668,1785801599999
1785801600000,2.3429,2.4817,2.3359,2.411,23958.97744307,1785844799999
1785844800000,2.4128,2.416,2.3759,2.3874,4934.15086411,1785887999999
1785888000000,2.3934,2.447,2.389,2.4255,4597.39301192,1785931199999
1785931200000,2.4171,2.4586,2.417,2.4401,2020.74796239,1785974399999
1785974400000,2.4303,2.4684,2.405,2.405,1489.41105904,1786017599999
1786017600000,2.4285,2.4478,2.4257,2.4257,1013.15801891,1786060799999
1786060800000,2.4418,2.4418,2.2576,2.3214,26322.67268183,1786103999999
1786104000000,2.3123,2.3151,2.2978,2.3147,2515.80113677,1786147199999
1786147200000,2.3183,2.3216,2.3123,2.3203,434.57513365,1786190399999
1786190400000,2.3234,2.3407,2.3155,2.3327,9055.89147564,1786233599999
1786233600000,2.3518,2.3635,2.3265,2.3358,6429.59302376,1786276799999
1786276800000,2.3281,2.3426,2.328,2.3426,3337.56189989,1786319999999
1786320000000,2.3135,2.333,2.313,2.3266,743.75865157,1786363199999
1786363200000,2.3355,2.4166,2.323,2.402,20374.51001178,1786406399999
1786406400000,2.4133,2.4376,2.3687,2.3687,9838.2782857,1786449599999
1786449600000,2.366,2.366,2.297,2.3351,7263.66918991,1786492799999
