openTime,open,high,low,close,volume,closeTime
1764835200000,0.0017419,0.0017431,0.0017201,0.0017211,1106862.157,1764849599999
1764849600000,0.0017298,0.0017488,0.0017248,0.001741,430590.02,1764863999999
1764864000000,0.0017328,0.0017558,0.0017,0.0017172,4675703.22,1764878399999
1764878400000,0.0017064,0.0017107,0.0016862,0.0017,1932404.441,1764892799999
1764892800000,0.0016835,0.0016935,0.0016835,0.0016908,385019.297,1764907199999
1764907200000,0.0016876,0.0017091,0.0016876,0.0017091,28400.0,1764921599999
1764921600000,0.001715,0.0017288,0.0016878,0.0016961,1394580.064,1764935999999
1764936000000,0.001707,0.001716,0.0016862,0.0016929,1165770.026,1764950399999
1764950400000,0.0016832,0.0016832,0.0016264,0.00163,1408779.672,1764964799999
1764964800000,0.0016265,0.0016401,0.0015502,0.0015502,3090737.389,1764979199999
1764979200000,0.0015658,0.0015848,0.0015658,0.0015848,394873.562,1764993599999
1764993600000,0.0015825,0.0015965,0.0015516,0.0015704,1523300.043,1765007999999
1765008000000,0.0015509,0.0015719,0.0015241,0.0015615,1152282.315,1765022399999
1765022400000,0.0015623,0.0015882,0.001533,0.001547,3072919.854,1765036799999
1765036800000,0.0015596,0.0015884,0.0015529,0.0015529,177440.446,1765051199999
1765051200000,0.0015473,0.0015788,0.0015452,0.0015469,473180.109,1765065599999
1765065600000,0.0015502,0.0015692,0.0015447,0.0015482,785846.443,1765079999999
1765080000000,0.0015528,0.0015528,0.0015357,0.0015436,69963.454,1765094399999
1765094400000,0.0015637,0.0016013,0.0015637,0.0015785,57452.196,1765108799999
1765108800000,0.0015626,0.001605,0.0015409,0.001541,433510.444,1765123199999
1765123200000,0.0015807,0.0016735,0.0015716,0.0015716,560775.197,1765137599999
1765137600000,0.0015568,0.0015897,0.0015567,0.0015567,98423.834,1765151999999
1765152000000,0.0015597,0.0015732,0.0015595,0.0015732,170624.57,1765166399999
1765166400000,0.0015756,0.0015812,0.0015654,0.0015654,83540.718,1765180799999
1765180800000,0.0015517,0.0015852,0.0015346,0.001585,150244.398,1765195199999
1765195200000,0.0015587,0.0015622,0.0015033,0.001548,1074592.49,1765209599999
1765209600000,0.0015479,0.0015673,0.0015479,0.0015519,96130.541,1765223999999
1765224000000,0.0015481,0.0015691,0.0015057,0.0015691,769314.649,1765238399999
1765252800000,0.001564,0.001593,0.00155,0.00155,1197805.615,1765267199999
1765267200000,0.0015429,0.0015655,0.0015429,0.001545,1906477.025,1765281599999
1765281600000,0.0015643,0.0015675,0.0015466,0.0015477,2065508.884,1765295999999
1765296000000,0.0015744,0.0015836,0.0015368,0.0015665,688594.667,1765310399999
1765310400000,0.0015688,0.0015854,0.0015631,0.0015799,290048.381,1765324799999
1765324800000,0.0015843,0.0016021,0.0015755,0.0015755,888143.318,1765339199999
1765339200000,0.001581,0.0015882,0.001581,0.0015882,19744.978,1765353599999
1765353600000,0.0015823,0.0016149,0.00156,0.0016149,2033879.978,1765367999999
1765382400000,0.0016029,0.0016532,0.0015805,0.0015805,964983.801,1765396799999
1765396800000,0.0016506,0.001654,0.0015908,0.0016071,1602246.637,1765411199999
1765411200000,0.0016323,0.0016502,0.0016127,0.0016168,356330.299,1765425599999
1765425600000,0.00162,0.0016626,0.0015967,0.0016186,1305948.271,1765439999999
1765440000000,0.0016175,0.0016869,0.0015832,0.0015956,3939324.814,1765454399999
1765454400000,0.0015903,0.0016005,0.001576,0.001576,161292.024,1765468799999
1765468800000,0.0015706,0.0015909,0.0015007,0.0015638,856283.064,1765483199999
1765483200000,0.0015795,0.0015795,0.0015396,0.0015574,451139.698,1765497599999
1765497600000,0.0015482,0.0015534,0.0014918,0.0015482,1879721.291,1765511999999
1765512000000,0.0015458,0.0015458,0.0014892,0.0015128,355085.094,1765526399999
1765526400000,0.0015506,0.0015605,0.0015417,0.0015605,1133086.043,1765540799999
1765540800000,0.0015273,0.0015606,0.0015272,0.0015581,361409.293,1765555199999
1765555200000,0.0015559,0.0015559,0.0015416,0.001545,879271.638,1765569599999
1765569600000,0.0015405,0.0015405,0.0015313,0.0015323,2355923.528,1765583999999
1765584000000,0.0015509,0.001551,0.0015509,0.001551,19413.496,1765598399999
1765598400000,0.0015319,0.0015319,0.0015319,0.0015319,64311.977,1765612799999
1765627200000,0.0015313,0.0015318,0.0014858,0.0015318,171497.835,1765641599999
1765641600000,0.0015318,0.0015574,0.0014745,0.0015496,848195.682,1765655999999
1765656000000,0.0015496,0.0015496,0.0015496,0.0015496,11181.321,1765670399999
1765684800000,0.0015497,0.0015497,0.0015497,0.0015497,6433.503,1765699199999
1765699200000,0.0015433,0.0015512,0.0015312,0.0015312,636727.71,1765713599999
1765713600000,0.0015507,0.0015718,0.00154,0.00154,1220851.591,1765727999999
1765728000000,0.0015321,0.0015321,0.0015204,0.0015204,842128.274,1765742399999
1765742400000,0.0015348,0.0018931,0.0014884,0.0015787,8.1872983906E7,1765756799999
1765756800000,0.0015745,0.0015894,0.0015122,0.0015713,9988273.53,1765771199999
1765771200000,0.0015753,0.0016002,0.0015168,0.0016,7023035.472,1765785599999
1765785600000,0.0015867,0.00159,0.0015157,0.0015768,5743907.426,1765799999999
1765800000000,0.0015768,0.0015838,0.0015008,0.0015008,2687276.168,1765814399999
1765814400000,0.0015463,0.0015856,0.0015275,0.0015658,4996503.991,1765828799999
1765828800000,0.0015673,0.0015732,0.0015238,0.0015703,1603446.726,1765843199999
1765843200000,0.0015467,0.0015467,0.0015375,0.0015375,79954.86,1765857599999
1765857600000,0.0015413,0.0015488,0.001529,0.0015308,1132604.785,1765871999999
1765872000000,0.0015418,0.0015653,0.001541,0.0015653,2225501.695,1765886399999
1765886400000,0.0015649,0.0015722,0.0015417,0.0015518,339623.701,1765900799999
1765900800000,0.001559,0.0015618,0.0015449,0.001547,1231669.135,1765915199999
1765915200000,0.0015621,0.0015651,0.0015482,0.0015651,1283077.336,1765929599999
1765944000000,0.0015641,0.0015737,0.0015641,0.0015693,194154.714,1765958399999
1765958400000,0.0015652,0.0015823,0.0015652,0.0015823,63259.838,1765972799999
1765972800000,0.0015737,0.0015773,0.0015632,0.0015636,256834.952,1765987199999
1765987200000,0.0015649,0.0015672,0.0015509,0.00156,644887.7,1766001599999
1766001600000,0.0015598,0.0015662,0.0015464,0.0015645,1058086.809,1766015999999
1766016000000,0.0015668,0.0015841,0.0015662,0.0015662,322997.342,1766030399999
1766030400000,0.0015632,0.0015653,0.001547,0.0015653,306286.269,1766044799999
1766044800000,0.0015636,0.0015636,0.0015636,0.0015636,20000.826,1766059199999
1766059200000,0.0015599,0.0015622,0.0015487,0.0015487,183692.274,1766073599999
1766073600000,0.0015467,0.0015467,0.0015308,0.0015424,431225.343,1766087999999
1766088000000,0.0015357,0.001538,0.0014905,0.0014905,5861618.487,1766102399999
1766116800000,0.0014909,0.0014915,0.0014909,0.0014915,26754.944,1766131199999
1766131200000,0.0014875,0.0015036,0.00148,0.0014874,3122953.265,1766145599999
1766145600000,0.0014909,0.0014998,0.0014867,0.0014895,156205.654,1766159999999
1766160000000,0.0014918,0.0015097,0.0014845,0.0015097,1531990.343,1766174399999
1766174400000,0.0015013,0.0015146,0.001493,0.0014965,1581373.675,1766188799999
1766188800000,0.0014887,0.001492,0.0014857,0.001492,398798.556,1766203199999
1766203200000,0.0014874,0.0014874,0.0014874,0.0014874,12766.5,1766217599999
1766217600000,0.0014894,0.0015013,0.0014864,0.0014873,465577.059,1766231999999
1766232000000,0.0014869,0.0014952,0.0014774,0.001488,517077.0,1766246399999
1766246400000,0.0014879,0.001492,0.0014879,0.001492,29365.84,1766260799999
1766260800000,0.0014925,0.0014925,0.0014762,0.001487,1062606.268,1766275199999
1766275200000,0.001487,0.0014876,0.001487,0.0014876,23311.31,1766289599999
1766289600000,0.0014924,0.001497,0.001481,0.001497,135661.965,1766303999999
1766304000000,0.0015006,0.0015103,0.001497,0.0015103,71165.122,1766318399999
1766318400000,0.0014963,0.0015062,0.00148,0.0014889,1038955.141,1766332799999
1766332800000,0.0014931,0.0015022,0.0014715,0.0014715,1928371.965,1766347199999
1766347200000,0.0014711,0.0014716,0.0014565,0.0014617,2512091.33,1766361599999
1766376000000,0.0014662,0.0014662,0.0014654,0.001466,126800.818,1766390399999
1766390400000,0.0014604,0.0014755,0.0014528,0.001453,422488.654,1766404799999
1766404800000,0.0014504,0.0014548,0.0014253,0.0014254,857582.527,1766419199999
1766419200000,0.0014245,0.0014405,0.0014198,0.00143,1583209.009,1766433599999
1766433600000,0.001427,0.0014271,0.001415,0.0014269,193721.693,1766447999999
1766448000000,0.001415,0.001415,0.0014149,0.0014149,671964.914,1766462399999
1766462400000,0.0014002,0.0014116,0.0014002,0.0014002,3023186.379,1766476799999
1766476800000,0.0014002,0.0014273,0.0013939,0.0014273,5746879.589,1766491199999
1766491200000,0.0014126,0.0014233,0.0013993,0.001408,1590891.896,1766505599999
1766505600000,0.001398,0.0014066,0.0013801,0.0014066,1365922.66,1766519999999
1766520000000,0.0013972,0.001399,0.001396,0.001399,436993.273,1766534399999
1766534400000,0.0013962,0.001398,0.0013962,0.0013963,807042.114,1766548799999
1766563200000,0.0013935,0.0014098,0.00139,0.0014098,1362338.932,1766577599999
1766577600000,0.0014,0.0014,0.0013986,0.0013993,170000.0,1766591999999
1766592000000,0.0014,0.00142,0.0014,0.0014144,1971567.835,1766606399999
1766606400000,0.0014148,0.001424,0.0014035,0.0014035,971049.549,1766620799999
1766620800000,0.0014122,0.0014122,0.0014076,0.0014093,974970.968,1766635199999
1766635200000,0.0014119,0.0014119,0.0013999,0.0013999,77900.602,1766649599999
1766649600000,0.0014161,0.0014289,0.001411,0.0014256,2259396.282,1766663999999
1766664000000,0.0014118,0.0014157,0.0014118,0.0014157,55236.224,1766678399999
1766678400000,0.0014114,0.0014301,0.0014026,0.0014301,1619227.083,1766692799999
1766692800000,0.0014156,0.0014281,0.0014055,0.0014259,478393.214,1766707199999
1766707200000,0.0014061,0.0014078,0.0013866,0.0014078,30639.648,1766721599999
1766721600000,0.0014256,0.0014257,0.0014256,0.0014257,140257.36,1766735999999
1766736000000,0.0014271,0.0014299,0.0014271,0.0014299,89429.679,1766750399999
1766750400000,0.0014314,0.0014625,0.0014181,0.00143,8589699.792,1766764799999
1766764800000,0.0014315,0.0014315,0.0014156,0.0014156,167779.448,1766779199999
1766779200000,0.0014469,0.0014604,0.0014144,0.0014144,346573.859,1766793599999
1766822400000,0.0014305,0.0014305,0.0014305,0.0014305,5157.198,1766836799999
1766836800000,0.0014479,0.0014583,0.00143,0.00143,234340.451,1766851199999
1766851200000,0.0014458,0.0014468,0.001445,0.0014468,165186.692,1766865599999
1766865600000,0.0014479,0.0014484,0.001439,0.0014433,1138854.328,1766879999999
1766908800000,0.0014282,0.0014349,0.0013857,0.0014279,2929340.585,1766923199999
1766923200000,0.0014289,0.0014311,0.0014001,0.0014001,325134.376,1766937599999
1766937600000,0.0013968,0.0013968,0.0013968,0.0013968,5540.226,1766951999999
1766952000000,0.0014215,0.0014215,0.0013816,0.0014131,244223.357,1766966399999
1766980800000,0.001418,0.0014289,0.001418,0.0014289,8561.013,1766995199999
1766995200000,0.0014148,0.0014148,0.0013966,0.0013966,72400.266,1767009599999
1767009600000,0.00142,0.00142,0.00142,0.00142,60000.0,1767023999999
1767024000000,0.0014141,0.00142,0.0014,0.0014141,2058801.974,1767038399999
1767038400000,0.0014184,0.0015247,0.0014184,0.0014682,5594389.617,1767052799999
1767052800000,0.0014694,0.0014851,0.0014558,0.0014558,77211.126,1767067199999
1767067200000,0.0015151,0.0015159,0.0014453,0.0014595,575051.65,1767081599999
1767081600000,0.001489,0.0015318,0.0014462,0.0014849,8699249.022,1767095999999
1767096000000,0.0014831,0.0014852,0.0014727,0.0014852,283027.831,1767110399999
1767110400000,0.0014756,0.0014978,0.0014681,0.0014778,2872838.768,1767124799999
1767124800000,0.0014795,0.0014946,0.001468,0.001468,1783463.415,1767139199999
1767139200000,0.0014779,0.0014782,0.0014761,0.0014782,106044.0,1767153599999
1767153600000,0.0014774,0.0014774,0.0014604,0.0014604,154403.124,1767167999999
1767168000000,0.0014726,0.0014726,0.0014584,0.0014713,86411.433,1767182399999
1767182400000,0.0014682,0.0014755,0.0014646,0.0014755,101420.71,1767196799999
1767196800000,0.0014701,0.0014791,0.0014701,0.0014732,226586.662,1767211199999
1767211200000,0.0014723,0.0014723,0.0014706,0.0014706,160000.0,1767225599999
1767225600000,0.0014722,0.0014722,0.0014703,0.0014703,42276.407,1767239999999
1767240000000,0.001453,0.001453,0.0014414,0.0014446,692429.334,1767254399999
1767254400000,0.0014407,0.0014407,0.0014388,0.0014388,48872.919,1767268799999
1767268800000,0.0014321,0.0014321,0.0014296,0.0014296,10445.295,1767283199999
1767283200000,0.00143,0.0014393,0.00143,0.0014382,46549.853,1767297599999
1767297600000,0.0014339,0.0014498,0.0014331,0.0014498,303990.299,1767311999999
1767312000000,0.0014308,0.001436,0.0014216,0.001436,733296.431,1767326399999
1767326400000,0.0014272,0.001436,0.0014065,0.0014071,395436.657,1767340799999
1767340800000,0.0014,0.0015143,0.0014,0.001471,9395440.019,1767355199999
1767355200000,0.0014759,0.0016479,0.0014,0.0014884,4318790.499,1767369599999
1767369600000,0.0015012,0.0016,0.0014,0.001405,1.5391426656E7,1767383999999
1767384000000,0.0014089,0.001654,0.0014079,0.0014555,1.6301665755E7,1767398399999
1767398400000,0.0014333,0.0014585,0.0014325,0.0014406,478959.167,1767412799999
1767412800000,0.0014359,0.0014391,0.0014102,0.0014281,700614.373,1767427199999
1767427200000,0.0014282,0.001596,0.0014135,0.0014593,4142159.24,1767441599999
1767441600000,0.0014596,0.00154,0.0014426,0.0014798,7491249.214,1767455999999
1767456000000,0.0014818,0.0014891,0.0014616,0.0014882,1974486.407,1767470399999
1767470400000,0.00148,0.00148,0.0014677,0.0014677,113641.604,1767484799999
1767484800000,0.0014682,0.0014738,0.0014513,0.0014684,306524.508,1767499199999
1767499200000,0.0014792,0.0014918,0.0014695,0.0014695,713600.524,1767513599999
1767513600000,0.00148,0.0015689,0.0014494,0.0014957,9028641.076,1767527999999
1767528000000,0.0014762,0.0016168,0.0014441,0.0014474,6334400.657,1767542399999
1767542400000,0.0014449,0.001479,0.0014095,0.0014095,1.9056649157E7,1767556799999
1767556800000,0.0014018,0.0014626,0.0014002,0.001414,3050875.364,1767571199999
1767571200000,0.0014078,0.0014346,0.0014043,0.001418,366213.838,1767585599999
1767585600000,0.0014172,0.0014501,0.0013481,0.0013481,8436493.088,1767599999999
1767600000000,0.0013967,0.0013967,0.001291,0.0013502,7216327.095,1767614399999
1767614400000,0.0013471,0.0013697,0.0013191,0.0013642,5999511.338,1767628799999
1767628800000,0.0013636,0.0013677,0.0013336,0.0013457,2347508.126,1767643199999
1767643200000,0.0013558,0.0013699,0.0013471,0.0013698,3528450.596,1767657599999
1767657600000,0.0013624,0.0013699,0.0013442,0.0013699,1189357.587,1767671999999
1767672000000,0.0013657,0.0013774,0.0013635,0.0013774,1946388.419,1767686399999
1767686400000,0.0013769,0.0013865,0.0013622,0.0013626,1304541.852,1767700799999
1767700800000,0.0013746,0.0014099,0.0013746,0.0013848,879985.312,1767715199999
1767715200000,0.0013807,0.001385,0.0013461,0.0013835,6788996.248,1767729599999
1767729600000,0.0013954,0.00143,0.0013954,0.00143,622010.968,1767743999999
1767744000000,0.0014061,0.0014998,0.0014046,0.0014668,5956635.511,1767758399999
1767758400000,0.001459,0.0015351,0.0014589,0.001512,2.668694967E7,1767772799999
1767772800000,0.0015112,0.0015112,0.001453,0.001455,9056452.554,1767787199999
1767787200000,0.001472,0.0015039,0.001456,0.001456,4802445.022,1767801599999
1767801600000,0.0014641,0.0014669,0.0014344,0.0014446,323989.093,1767815999999
1767816000000,0.0014437,0.0014537,0.0014405,0.0014405,297457.381,1767830399999
1767830400000,0.0014323,0.0014323,0.0014078,0.0014236,1866298.956,1767844799999
1767844800000,0.0014195,0.0014195,0.0014136,0.0014161,92398.822,1767859199999
1767859200000,0.0014131,0.0014234,0.0014131,0.0014234,48134.948,1767873599999
1767873600000,0.0014172,0.0014311,0.0013895,0.0014311,2410308.001,1767887999999
1767888000000,0.0014186,0.0014529,0.0014041,0.0014529,2156978.87,1767902399999
1767902400000,0.0014441,0.0014645,0.0014209,0.0014474,3296868.355,1767916799999
1767916800000,0.0014383,0.0014383,0.0014383,0.0014383,10000.0,1767931199999
1767931200000,0.0014557,0.0014688,0.0014557,0.0014584,264533.811,1767945599999
1767945600000,0.0014668,0.0014798,0.0014456,0.0014484,1778710.539,1767959999999
1767960000000,0.0014493,0.001493,0.0014493,0.0014747,170444.787,1767974399999
1767974400000,0.0014861,0.0016799,0.0014861,0.0015051,4.8429059343E7,1767988799999
1767988800000,0.0015046,0.0015143,0.00143,0.0014612,5898165.685,1768003199999
1768003200000,0.0014542,0.0014579,0.0014424,0.0014485,488395.524,1768017599999
1768017600000,0.0014497,0.0014519,0.0014441,0.0014441,97333.287,1768031999999
1768032000000,0.00144,0.0014695,0.0014084,0.0014232,5453101.412,1768046399999
1768046400000,0.001423,0.0014318,0.0013845,0.0013965,8251092.242,1768060799999
1768060800000,0.0013827,0.0014079,0.0013672,0.00138,9252125.123,1768075199999
1768075200000,0.0013985,0.0014054,0.0013638,0.0013904,3712103.541,1768089599999
1768089600000,0.0013737,0.001377,0.0013636,0.0013636,266847.281,1768103999999
1768104000000,0.0013621,0.0013763,0.0013544,0.0013602,486278.78,1768118399999
1768118400000,0.0013563,0.0013658,0.0013422,0.0013469,2843427.386,1768132799999
1768132800000,0.001348,0.001367,0.0013349,0.0013547,1965690.682,1768147199999
1768147200000,0.001345,0.0014204,0.0012736,0.0013115,1.6967621112E7,1768161599999
1768161600000,0.0013114,0.0013479,0.0013015,0.001335,4926611.488,1768175999999
1768176000000,0.0013408,0.0013648,0.0013389,0.0013543,1032127.797,1768190399999
1768190400000,0.0013447,0.0013447,0.0013114,0.0013114,3144321.137,1768204799999
1768204800000,0.0013224,0.001331,0.0013127,0.0013127,1401190.306,1768219199999
1768219200000,0.001336,0.001451,0.0013299,0.001451,5395776.91,1768233599999
1768233600000,0.0014499,0.0014816,0.0014133,0.0014554,9375031.383,1768247999999
1768248000000,0.001445,0.0014926,0.0014089,0.0014163,1.4364572121E7,1768262399999
1768262400000,0.0014264,0.0014264,0.0013926,0.0014245,4003869.183,1768276799999
1768276800000,0.0014261,0.001437,0.0014033,0.0014033,151950.699,1768291199999
1768291200000,0.0014165,0.0015391,0.001373,0.0014676,4674300.297,1768305599999
1768305600000,0.0014754,0.0014938,0.0014041,0.0014373,1.4002502283E7,1768319999999
1768320000000,0.0014367,0.0015218,0.001388,0.001388,4159181.855,1768334399999
1768334400000,0.001435,0.00158,0.001435,0.001449,1823138.814,1768348799999
1768348800000,0.0015193,0.0015524,0.0014233,0.0014528,1183899.169,1768363199999
1768363200000,0.001444,0.0014652,0.0014223,0.0014325,168562.216,1768377599999
1768377600000,0.0014395,0.0014595,0.0014299,0.00145,666355.213,1768391999999
1768392000000,0.001447,0.0014619,0.0014419,0.0014522,1870131.107,1768406399999
1768406400000,0.0014607,0.001501,0.0014442,0.0014739,7924382.942,1768420799999
1768420800000,0.001491,0.0015131,0.0014226,0.0014398,1.0626491743E7,1768435199999
1768435200000,0.0014358,0.0014463,0.0014358,0.001445,75924.359,1768449599999
1768449600000,0.0014409,0.0014524,0.0014264,0.0014524,85319.965,1768463999999
1768464000000,0.0014643,0.0014819,0.0013927,0.0014003,1484514.763,1768478399999
1768478400000,0.0014025,0.0014066,0.0013716,0.0013716,634532.58,1768492799999
1768492800000,0.0013835,0.0013956,0.0013495,0.0013852,3730078.891,1768507199999
1768507200000,0.0014,0.0014186,0.0013982,0.0013998,5573740.614,1768521599999
1768521600000,0.0013944,0.0013944,0.0013944,0.0013944,663161.815,1768535999999
1768536000000,0.001389,0.0013999,0.0013769,0.0013999,759854.829,1768550399999
1768550400000,0.0013975,0.0014126,0.0013512,0.0013512,2105197.049,1768564799999
1768564800000,0.0013578,0.0013683,0.0013514,0.0013645,153801.828,1768579199999
1768579200000,0.0013447,0.0013528,0.0013139,0.0013424,5990406.401,1768593599999
1768593600000,0.0013385,0.0020499,0.00132,0.0016332,6.1909666789E7,1768607999999
1768608000000,0.0016139,0.0017363,0.0015463,0.0016104,1.6475752891E7,1768622399999
1768622400000,0.0016318,0.0016379,0.0015161,0.0015472,2119171.684,1768636799999
1768636800000,0.0015744,0.0015793,0.0014793,0.0014793,6028372.329,1768651199999
1768651200000,0.00147,0.0015075,0.0014445,0.0015075,4866855.581,1768665599999
1768665600000,0.0015147,0.0015287,0.0014527,0.0014539,2012904.23,1768679999999
1768680000000,0.0014495,0.0015036,0.0014406,0.001495,1733883.631,1768694399999
1768694400000,0.0014801,0.0014962,0.0014436,0.001467,1172169.483,1768708799999
1768708800000,0.00145,0.0015234,0.0014483,0.0014637,662997.004,1768723199999
1768723200000,0.0014551,0.0014691,0.0014231,0.0014434,1784363.902,1768737599999
1768737600000,0.0014605,0.0014894,0.0014332,0.0014332,1202319.25,1768751999999
1768752000000,0.0014356,0.0014635,0.0014211,0.001429,1602654.118,1768766399999
1768766400000,0.0014422,0.0014573,0.001421,0.001421,1494490.335,1768780799999
1768780800000,0.0014211,0.0014384,0.0014032,0.0014363,625830.945,1768795199999
1768795200000,0.0014089,0.0014092,0.0014,0.0014,1173966.5,1768809599999
1768809600000,0.0013982,0.0014218,0.0013894,0.0014083,655069.693,1768823999999
1768824000000,0.001388,0.0013899,0.001381,0.0013812,1588418.993,1768838399999
1768838400000,0.001381,0.0013838,0.0013673,0.0013769,1656766.281,1768852799999
1768852800000,0.0013814,0.0013925,0.0013736,0.0013736,165270.512,1768867199999
1768867200000,0.0013662,0.0013937,0.0013565,0.0013565,337561.063,1768881599999
1768881600000,0.0013502,0.0013503,0.00134,0.0013428,90163.501,1768895999999
1768896000000,0.0013412,0.0013412,0.001308,0.0013223,274276.952,1768910399999
1768910400000,0.0013313,0.0013364,0.0013235,0.0013254,61362.534,1768924799999
1768924800000,0.001327,0.001349,0.001327,0.0013447,9057582.544,1768939199999
1768939200000,0.0013499,0.0013628,0.001335,0.0013508,2454539.123,1768953599999
1768953600000,0.0013551,0.0013551,0.0013252,0.0013252,88737.454,1768967999999
1768968000000,0.0013303,0.0013667,0.0013303,0.001361,2721060.866,1768982399999
1768982400000,0.0013564,0.0013799,0.0013534,0.0013621,2650678.725,1768996799999
1768996800000,0.0013746,0.0014166,0.0013672,0.0013997,2269408.872,1769011199999
1769011200000,0.0013911,0.001407,0.0013809,0.0013916,466561.958,1769025599999
1769025600000,0.0013887,0.0014176,0.0013753,0.001399,537154.695,1769039999999
1769040000000,0.0014008,0.0014148,0.0013924,0.0014068,517109.27,1769054399999
1769054400000,0.00139,0.00139,0.0013898,0.0013898,7554.477,1769068799999
1769068800000,0.001392,0.0014006,0.0013831,0.0014006,955612.113,1769083199999
1769083200000,0.0013753,0.0013753,0.0013702,0.001372,780023.376,1769097599999
1769097600000,0.0013702,0.0013861,0.0013565,0.0013681,552118.107,1769111999999
1769112000000,0.0013574,0.0013574,0.0013574,0.0013574,8413.142,1769126399999
1769126400000,0.0013757,0.0013839,0.001372,0.001372,341349.271,1769140799999
1769140800000,0.0013715,0.0013843,0.0013715,0.0013843,210901.765,1769155199999
1769155200000,0.0013618,0.0013794,0.0013602,0.0013619,109158.374,1769169599999
1769169600000,0.0013583,0.0013805,0.0013583,0.0013805,721492.03,1769183999999
1769184000000,0.001356,0.001356,0.0013097,0.0013297,2652086.148,1769198399999
1769198400000,0.0013221,0.0013383,0.0013105,0.0013214,493383.268,1769212799999
1769212800000,0.0013271,0.0013407,0.0013271,0.0013407,17589.227,1769227199999
1769227200000,0.0013208,0.0013208,0.0013208,0.0013208,7548.455,1769241599999
1769241600000,0.001326,0.0013293,0.001326,0.0013293,23264.035,1769255999999
1769256000000,0.0013281,0.0013376,0.0013198,0.0013198,93467.464,1769270399999
1769270400000,0.0013267,0.0013396,0.0013251,0.0013396,1317110.291,1769284799999
1769284800000,0.0013289,0.0013453,0.0013277,0.0013416,997473.637,1769299199999
1769299200000,0.001342,0.0013541,0.0013394,0.0013394,387761.138,1769313599999
1769313600000,0.0013394,0.0013524,0.0013243,0.0013352,777603.936,1769327999999
1769328000000,0.0013403,0.0013441,0.0013164,0.0013327,1072054.467,1769342399999
1769342400000,0.0013339,0.001344,0.0013188,0.0013328,541444.284,1769356799999
1769356800000,0.0013202,0.0013368,0.0013101,0.0013186,1078418.53,1769371199999
1769371200000,0.0013247,0.0013351,0.0013044,0.0013117,287160.341,1769385599999
1769385600000,0.0013138,0.001317,0.0013138,0.001317,11615.207,1769399999999
1769400000000,0.0013251,0.0013324,0.0013085,0.0013324,2397446.73,1769414399999
1769414400000,0.0013241,0.0013362,0.0013241,0.0013362,148001.455,1769428799999
1769428800000,0.0013182,0.0013195,0.001307,0.001314,544640.341,1769443199999
1769443200000,0.0013134,0.0013232,0.0013134,0.0013178,160334.009,1769457599999
1769457600000,0.0013168,0.001328,0.0013138,0.001328,142251.511,1769471999999
1769472000000,0.0013108,0.0013243,0.0013014,0.0013093,235040.875,1769486399999
1769500800000,0.0013264,0.0013751,0.0013264,0.0013692,7397460.036,1769515199999
1769515200000,0.0013707,0.0013824,0.0013397,0.0013502,8031205.793,1769529599999
1769529600000,0.001357,0.0015,0.0013533,0.0014335,5.7146817134E7,1769543999999
1769544000000,0.0014456,0.0014586,0.0014139,0.001435,5940373.832,1769558399999
1769558400000,0.0014311,0.0014563,0.0014142,0.0014525,3547589.318,1769572799999
1769572800000,0.0014327,0.0014592,0.0014237,0.0014409,1359188.084,1769587199999
1769587200000,0.0014341,0.001456,0.001405,0.001434,5481248.576,1769601599999
1769601600000,0.0014348,0.0014363,0.0014348,0.0014363,12330.609,1769615999999
1769616000000,0.0014129,0.0014181,0.0013882,0.0014166,5227475.375,1769630399999
1769630400000,0.0014134,0.0014141,0.0013981,0.0014095,964408.637,1769644799999
1769644800000,0.0014058,0.0014058,0.001398,0.001398,106891.312,1769659199999
1769659200000,0.0014017,0.0014017,0.0013894,0.0013894,144039.009,1769673599999
1769673600000,0.0013976,0.0013976,0.0013815,0.0013815,180984.908,1769687999999
1769688000000,0.0013955,0.0013981,0.0013842,0.0013956,904109.397,1769702399999
1769702400000,0.0013946,0.0013957,0.0013569,0.0013569,331806.068,1769716799999
1769716800000,0.0013626,0.0013626,0.0013455,0.0013455,929630.459,1769731199999
1769760000000,0.0013739,0.0013739,0.0013734,0.0013734,37281.199,1769774399999
1769774400000,0.0013737,0.0013821,0.0013613,0.0013721,235373.952,1769788799999
1769788800000,0.0013752,0.0013752,0.0013752,0.0013752,3621.291,1769803199999
1769803200000,0.0013627,0.0013782,0.0013506,0.0013761,571036.201,1769817599999
1769817600000,0.001365,0.0013727,0.0013604,0.0013624,24088.566,1769831999999
1769832000000,0.0013661,0.0013661,0.00136,0.00136,1194041.49,1769846399999
1769846400000,0.00136,0.001364,0.0013508,0.00136,992164.896,1769860799999
1769860800000,0.0013684,0.001374,0.001347,0.0013512,273275.8,1769875199999
1769875200000,0.0013496,0.0013517,0.0012927,0.0013311,3143723.743,1769889599999
1769889600000,0.00133,0.0013673,0.0013086,0.0013292,565873.18,1769903999999
1769904000000,0.0013213,0.0013404,0.0013208,0.0013404,41234.447,1769918399999
1769918400000,0.001329,0.001329,0.0013175,0.0013175,167824.042,1769932799999
1769932800000,0.0013256,0.0013256,0.0013108,0.0013108,64168.607,1769947199999
1769947200000,0.0013092,0.0013547,0.0013077,0.0013077,1119175.487,1769961599999
1769961600000,0.0013199,0.0013562,0.0012985,0.0013558,3439518.58,1769975999999
1769976000000,0.0013554,0.0014148,0.0013224,0.0013707,4289765.839,1769990399999
1769990400000,0.0013906,0.0014023,0.0013738,0.0013738,308810.326,1770004799999
1770004800000,0.0013808,0.0013813,0.0013492,0.0013648,2899170.3,1770019199999
1770019200000,0.0013702,0.0013706,0.0012956,0.0013021,1890662.101,1770033599999
1770033600000,0.0013057,0.0013582,0.0013057,0.0013582,465294.198,1770047999999
1770048000000,0.001322,0.0013544,0.0013216,0.0013435,931138.368,1770062399999
1770062400000,0.001343,0.0014844,0.0013419,0.0013863,1.5558811804E7,1770076799999
1770076800000,0.0013896,0.00139,0.0013765,0.0013765,57264.802,1770091199999
1770105600000,0.0013265,0.0013265,0.0013265,0.0013265,7516.019,1770119999999
1770120000000,0.0013056,0.0013056,0.0013056,0.0013056,15299.413,1770134399999
1770134400000,0.0013092,0.001315,0.0012943,0.0012943,779500.399,1770148799999
1770148800000,0.0012974,0.0013211,0.0012832,0.0012953,1816055.383,1770163199999
1770163200000,0.0012986,0.0012986,0.0012918,0.0012918,7503.107,1770177599999
1770177600000,0.0012925,0.0012925,0.0012768,0.0012768,122181.186,1770191999999
1770192000000,0.0012888,0.0012888,0.0012596,0.0012596,759842.612,1770206399999
1770206400000,0.0012923,0.0013119,0.0012757,0.0013119,643562.43,1770220799999
1770220800000,0.0012981,0.001311,0.0012558,0.0012875,1651190.359,1770235199999
1770235200000,0.001287,0.0013114,0.001287,0.0013114,11492.14,1770249599999
1770249600000,0.0012872,0.0012872,0.0012872,0.0012872,3900.0,1770263999999
1770264000000,0.0013114,0.0013128,0.0012766,0.0012861,67626.01,1770278399999
1770278400000,0.0012867,0.0012994,0.0012695,0.0012695,178331.935,1770292799999
1770292800000,0.0012733,0.0012733,0.001188,0.0012664,717423.263,1770307199999
1770307200000,0.0012535,0.0012625,0.0012117,0.0012169,379278.429,1770321599999
1770321600000,0.0012658,0.0012958,0.0012273,0.001232,1301814.532,1770335999999
1770336000000,0.0012405,0.001241,0.0012405,0.001241,28058.017,1770350399999
1770350400000,0.0012283,0.0012283,0.0011709,0.0011709,1061095.477,1770364799999
1770364800000,0.0011741,0.0011897,0.0011498,0.0011794,2696346.291,1770379199999
1770379200000,0.0011757,0.0012,0.0011757,0.0012,1242869.986,1770393599999
1770393600000,0.0011832,0.001206,0.0011832,0.0011904,1125220.119,1770407999999
1770408000000,0.00119,0.0012166,0.00119,0.00119,375592.865,1770422399999
1770422400000,0.0011938,0.0012057,0.0011838,0.0011952,560078.173,1770436799999
1770436800000,0.001191,0.0012027,0.0011703,0.0011775,952970.372,1770451199999
1770451200000,0.0011822,0.0011958,0.0011822,0.0011858,3353521.533,1770465599999
1770465600000,0.0011869,0.0011971,0.0011294,0.0011886,1.9777908302E7,1770479999999
1770480000000,0.0011797,0.0011866,0.0011678,0.0011866,199921.544,1770494399999
1770494400000,0.0011794,0.0011799,0.0011708,0.0011799,69260.266,1770508799999
1770523200000,0.0011874,0.0011874,0.0011874,0.0011874,8060.11,1770537599999
1770537600000,0.0011822,0.0011822,0.0011822,0.0011822,40000.0,1770551999999
1770552000000,0.0011804,0.0011822,0.0011691,0.0011691,62879.491,1770566399999
1770566400000,0.0011673,0.0011717,0.0011673,0.0011717,27176.39,1770580799999
1770580800000,0.0011709,0.0011719,0.0011709,0.0011719,5645.45,1770595199999
1770609600000,0.0011674,0.0011681,0.0011674,0.0011681,38426.485,1770623999999
1770624000000,0.0011653,0.0011653,0.0011615,0.0011615,201944.0,1770638399999
1770638400000,0.0011615,0.0011649,0.0011387,0.0011494,555641.515,1770652799999
1770652800000,0.0011473,0.001158,0.0011338,0.001158,395639.5,1770667199999
1770667200000,0.0011439,0.001151,0.0011212,0.0011212,5505825.961,1770681599999
1770696000000,0.0011371,0.0011398,0.0011358,0.0011358,30349.703,1770710399999
1770710400000,0.0011358,0.001145,0.0011233,0.0011236,78883.333,1770724799999
1770724800000,0.001124,0.0011278,0.0010852,0.00111,3570625.596,1770739199999
1770739200000,0.0010889,0.0011267,0.0010889,0.0011267,24551.6,1770753599999
1770753600000,0.0011236,0.0011329,0.001076,0.001076,454014.168,1770767999999
1770768000000,0.0010919,0.0010919,0.0010919,0.0010919,13.506,1770782399999
1770782400000,0.0010951,0.0011204,0.0010948,0.0011204,69385.102,1770796799999
1770796800000,0.0010824,0.0010824,0.0010816,0.001082,87269.157,1770811199999
1770811200000,0.0011113,0.0011323,0.001102,0.0011241,303458.069,1770825599999
1770825600000,0.0011127,0.0011127,0.0011127,0.0011127,23429.496,1770839999999
1770840000000,0.0011257,0.0011257,0.001114,0.001114,693770.435,1770854399999
1770868800000,0.0011261,0.0011261,0.0011261,0.0011261,44525.354,1770883199999
1770883200000,0.001122,0.001122,0.001122,0.001122,10757.575,1770897599999
1770897600000,0.0011182,0.0011182,0.0011152,0.0011152,97477.806,1770911999999
1770912000000,0.0011147,0.0011194,0.0011127,0.0011193,186014.259,1770926399999
1770926400000,0.0011189,0.0011189,0.0011189,0.0011189,4450.799,1770940799999
1770940800000,0.0011189,0.0011189,0.0011189,0.0011189,264447.4,1770955199999
1770955200000,0.0011189,0.00112,0.0011078,0.0011078,2199084.603,1770969599999
1770969600000,0.0011105,0.0011122,0.0011105,0.0011122,160000.0,1770983999999
1770984000000,0.0011215,0.0011292,0.0011215,0.0011232,185598.697,1770998399999
1770998400000,0.0011228,0.0011237,0.0011173,0.0011173,173440.257,1771012799999
1771012800000,0.001124,0.001124,0.001124,0.001124,4430.604,1771027199999
1771027200000,0.0011173,0.0011173,0.0011124,0.0011124,4509.844,1771041599999
1771041600000,0.0011174,0.0011233,0.0011115,0.0011115,68244.642,1771055999999
1771056000000,0.0011174,0.0011238,0.0011174,0.00112,444030.97,1771070399999
1771084800000,0.0011243,0.0011334,0.0011184,0.0011184,136769.876,1771099199999
1771099200000,0.0011179,0.0011179,0.0011179,0.0011179,4431.828,1771113599999
1771128000000,0.0011185,0.0011185,0.0011094,0.0011094,99690.512,1771142399999
1771142400000,0.0011222,0.0011321,0.001105,0.001105,2410461.948,1771156799999
1771156800000,0.0011166,0.0011242,0.0011102,0.0011102,100406.549,1771171199999
1771171200000,0.0011036,0.0011119,0.0010934,0.0011073,308851.29,1771185599999
1771185600000,0.0011106,0.0011182,0.0011106,0.0011174,208877.423,1771199999999
1771214400000,0.0011134,0.0011134,0.0010903,0.0010903,233189.633,1771228799999
1771228800000,0.0011063,0.0011063,0.0011034,0.0011034,31834.711,1771243199999
1771257600000,0.0010994,0.001174,0.0010994,0.0011467,177435.452,1771271999999
1771272000000,0.001141,0.001141,0.001141,0.001141,4399.65,1771286399999
1771286400000,0.0011441,0.0011539,0.0011441,0.0011539,796636.913,1771300799999
1771315200000,0.0011401,0.0011457,0.0011401,0.0011457,43718.25,1771329599999
1771329600000,0.0011375,0.0011426,0.0011375,0.0011426,8771.667,1771343999999
1771344000000,0.0011163,0.0011361,0.0011135,0.0011319,116887.829,1771358399999
1771358400000,0.001125,0.001125,0.0010502,0.0010734,146504.203,1771372799999
1771372800000,0.0010566,0.0010566,0.00105,0.00105,13553.223,1771387199999
1771387200000,0.00108,0.0010845,0.00108,0.0010845,42725.23,1771401599999
1771401600000,0.001102,0.001102,0.001032,0.00108,4593107.317,1771415999999
1771416000000,0.001045,0.001045,0.001045,0.001045,136.839,1771430399999
1771430400000,0.0010636,0.0010799,0.001045,0.001045,1110022.125,1771444799999
1771444800000,0.001045,0.001045,0.0010206,0.0010446,3001059.015,1771459199999
1771459200000,0.0010436,0.0010467,0.0010436,0.0010467,47757.714,1771473599999
1771473600000,0.0010465,0.0010562,0.0010465,0.0010562,47295.6,1771487999999
1771488000000,0.0010478,0.0010727,0.0010478,0.0010557,1274766.42,1771502399999
1771502400000,0.0010616,0.0011823,0.0010616,0.0011057,1.9373156801E7,1771516799999
1771516800000,0.0011047,0.0011194,0.0010922,0.0011,2812129.727,1771531199999
1771531200000,0.0010998,0.0011007,0.0010987,0.001099,117039.526,1771545599999
1771545600000,0.0010972,0.0010974,0.0010919,0.0010919,53342.521,1771559999999
1771560000000,0.0010857,0.001095,0.0010772,0.0010792,700158.782,1771574399999
1771574400000,0.0010945,0.0011265,0.00109,0.0011265,275506.893,1771588799999
1771588800000,0.0011556,0.0012,0.0011,0.0011227,9789865.398,1771603199999
1771603200000,0.0011091,0.0011091,0.001084,0.0011044,379430.212,1771617599999
1771617600000,0.0010866,0.0010941,0.0010518,0.0010633,282076.039,1771631999999
1771632000000,0.0010678,0.0010678,0.0010678,0.0010678,4663.794,1771646399999
1771660800000,0.0010688,0.0010929,0.0010598,0.0010929,1596895.556,1771675199999
1771675200000,0.0011076,0.0011375,0.0010867,0.0011099,4839776.017,1771689599999
1771689600000,0.0011041,0.001188,0.0010952,0.0011641,1009010.472,1771703999999
1771704000000,0.0011115,0.0011115,0.0011115,0.0011115,0.563,1771718399999
1771718400000,0.0011061,0.0011061,0.0011061,0.0011061,10188.952,1771732799999
1771747200000,0.0010562,0.0010626,0.0010448,0.0010514,337544.462,1771761599999
1771761600000,0.0010411,0.0010411,0.0010088,0.0010269,600397.591,1771775999999
1771776000000,0.0010306,0.001062,0.0010306,0.0010412,1324559.816,1771790399999
1771790400000,0.0010392,0.0010392,0.0010392,0.0010392,9693.23,1771804799999
1771804800000,0.0010425,0.0010425,0.0010239,0.0010239,161228.206,1771819199999
1771819200000,0.0010448,0.001051,0.0010367,0.001051,86090.332,1771833599999
1771833600000,0.0010644,0.001075,0.0010483,0.0010486,849951.177,1771847999999
1771848000000,0.001052,0.0010632,0.001052,0.0010632,47140.904,1771862399999
1771862400000,0.0010434,0.0010434,0.0010326,0.0010326,48161.316,1771876799999
1771876800000,0.0010562,0.0010575,0.0010444,0.0010447,169437.86,1771891199999
1771891200000,0.0010411,0.0010443,0.0010411,0.0010443,83211.012,1771905599999
1771920000000,0.0010315,0.0010315,0.0010315,0.0010315,9723.704,1771934399999
1771934400000,0.0010343,0.0010343,0.0010343,0.0010343,9000.0,1771948799999
1771948800000,0.0010364,0.0010398,0.0010346,0.0010346,107676.59,1771963199999
1771963200000,0.0010309,0.0010421,0.0010237,0.0010243,802609.986,1771977599999
1771977600000,0.0010345,0.0010345,0.0010345,0.0010345,4813.919,1771991999999
1771992000000,0.0010285,0.0010285,0.0010285,0.0010285,4842.002,1772006399999
1772006400000,0.0010295,0.0010475,0.0010295,0.0010448,909931.036,1772020799999
1772020800000,0.0010432,0.0010693,0.0010432,0.0010693,51200.303,1772035199999
1772035200000,0.0010541,0.0010638,0.0010414,0.0010414,2381916.778,1772049599999
1772049600000,0.0010487,0.0010487,0.0010487,0.0010487,36.785,1772063999999
1772064000000,0.0010412,0.0010421,0.0010001,0.00102,236027.404,1772078399999
1772078400000,0.001014,0.0010157,0.001014,0.0010157,15269.489,1772092799999
1772092800000,0.0010254,0.0010565,0.0010254,0.001045,453303.066,1772107199999
1772107200000,0.0010481,0.0010725,0.0010434,0.0010434,211791.472,1772121599999
1772121600000,0.0010333,0.0010492,0.0010227,0.0010492,52802.261,1772135999999
1772136000000,0.0010522,0.0010556,0.00104,0.0010436,194122.669,1772150399999
1772150400000,0.0010289,0.00103,0.0010217,0.00103,271087.378,1772164799999
1772164800000,0.0010369,0.0010442,0.0010342,0.0010342,112618.381,1772179199999
1772179200000,0.0010245,0.0010376,0.0010056,0.0010056,1265649.264,1772193599999
1772193600000,0.0010108,0.0010531,0.0010091,0.0010435,793886.058,1772207999999
1772208000000,0.0010528,0.0010528,0.0010425,0.0010436,714253.913,1772222399999
1772222400000,0.0010349,0.0010373,0.0010349,0.0010373,154368.698,1772236799999
1772236800000,0.0010234,0.0010315,0.0010234,0.001031,468489.51,1772251199999
1772251200000,0.0010215,0.0010249,0.0010135,0.0010249,280853.604,1772265599999
1772265600000,0.0010056,0.0010281,9.9E-4,9.9E-4,1243183.967,1772279999999
1772280000000,0.0010132,0.0010519,0.0010009,0.0010155,2673787.978,1772294399999
1772294400000,0.0010213,0.001036,0.0010213,0.001036,27741.313,1772308799999
1772308800000,0.0010389,0.0010389,0.0010312,0.0010312,19453.993,1772323199999
1772323200000,0.0010399,0.0010452,0.0010052,0.0010052,1867578.351,1772337599999
1772337600000,0.0010535,0.001063,0.0010319,0.0010319,302617.355,1772351999999
1772352000000,0.0010378,0.0010427,0.0010095,0.0010095,177737.473,1772366399999
1772380800000,0.0010351,0.0010351,0.0010239,0.0010239,461133.931,1772395199999
1772395200000,0.0010268,0.0010386,0.0010268,0.0010386,239508.8,1772409599999
1772409600000,0.0010302,0.0010302,0.0010302,0.0010302,521.783,1772423999999
1772424000000,0.0010236,0.0010379,0.0010207,0.0010242,217374.491,1772438399999
1772438400000,0.0010181,0.0010212,0.0010104,0.0010207,2294632.705,1772452799999
1772452800000,0.0010166,0.001025,0.0010161,0.00102,3404383.216,1772467199999
1772467200000,0.001025,0.0010572,0.001016,0.001016,1608933.379,1772481599999
1772481600000,0.0010165,0.0010216,0.0010096,0.0010216,1843623.596,1772495999999
1772496000000,0.0010086,0.0010308,0.0010086,0.0010194,1079338.702,1772510399999
1772510400000,0.0010191,0.0010191,0.0010024,0.0010159,94821.719,1772524799999
1772524800000,0.0010149,0.0010214,0.0010073,0.0010183,1312677.191,1772539199999
1772539200000,0.001023,0.001023,0.001023,0.001023,80000.0,1772553599999
1772553600000,0.0010275,0.0010275,0.00101,0.0010126,315445.739,1772567999999
1772568000000,0.0010097,0.0010271,0.0010076,0.0010197,3482407.8,1772582399999
1772582400000,0.0010173,0.0010227,0.0010173,0.0010227,81910.219,1772596799999
1772596800000,0.0010144,0.0010152,0.0010051,0.0010152,91453.209,1772611199999
1772611200000,0.0010209,0.001028,0.0010165,0.0010175,458519.558,1772625599999
1772625600000,0.0010194,0.0010194,0.0010071,0.001009,1357333.118,1772639999999
1772640000000,0.0010111,0.0010198,0.0010046,0.0010131,3179350.709,1772654399999
1772654400000,0.0010071,0.0010159,0.001,0.0010099,2367864.816,1772668799999
1772668800000,0.001,0.0010052,9.941E-4,0.0010052,260954.921,1772683199999
1772683200000,0.0010036,0.0010082,9.949E-4,9.981E-4,569177.117,1772697599999
1772697600000,0.0010019,0.0010138,9.947E-4,9.953E-4,820296.573,1772711999999
1772712000000,0.0010091,0.0010182,9.952E-4,9.952E-4,72605.432,1772726399999
1772726400000,9.966E-4,0.0010033,9.768E-4,9.9E-4,725464.993,1772740799999
1772740800000,9.9E-4,0.0010098,9.863E-4,9.891E-4,2213448.509,1772755199999
1772755200000,9.873E-4,9.875E-4,9.873E-4,9.875E-4,92200.23,1772769599999
1772769600000,9.873E-4,9.873E-4,9.784E-4,9.784E-4,1022553.897,1772783999999
1772798400000,9.962E-4,9.962E-4,9.962E-4,9.962E-4,1012863.433,1772812799999
1772812800000,9.936E-4,9.936E-4,9.84E-4,9.922E-4,1352159.827,1772827199999
1772827200000,9.827E-4,0.001002,9.827E-4,9.88E-4,169892.496,1772841599999
1772841600000,9.941E-4,0.0010028,9.834E-4,9.834E-4,571596.984,1772855999999
1772856000000,9.924E-4,0.0010002,9.868E-4,9.906E-4,198154.368,1772870399999
1772870400000,9.869E-4,9.869E-4,9.77E-4,9.855E-4,181870.601,1772884799999
1772884800000,9.963E-4,0.0010025,9.954E-4,0.0010025,212262.379,1772899199999
1772899200000,0.001007,0.0010101,9.814E-4,9.95E-4,852931.29,1772913599999
1772928000000,9.979E-4,0.0010079,9.979E-4,0.0010079,85408.375,1772942399999
1772942400000,9.931E-4,9.931E-4,9.848E-4,9.848E-4,337882.453,1772956799999
1772956800000,0.0010035,0.0010166,9.991E-4,0.0010043,261321.789,1772971199999
1772971200000,0.0010031,0.0010117,9.979E-4,9.979E-4,121427.3,1772985599999
1772985600000,9.992E-4,0.0010157,9.949E-4,9.949E-4,1051825.8,1772999999999
1773000000000,9.97E-4,0.0010048,9.966E-4,0.0010025,240000.012,1773014399999
1773014400000,0.0010053,0.0010053,9.961E-4,9.961E-4,342371.222,1773028799999
1773028800000,9.979E-4,0.0010004,9.939E-4,9.939E-4,261207.137,1773043199999
1773043200000,0.0010032,0.0010112,0.0010026,0.0010112,221515.387,1773057599999
1773057600000,9.976E-4,0.0010042,9.838E-4,0.0010042,744523.467,1773071999999
1773072000000,9.898E-4,9.916E-4,9.898E-4,9.912E-4,40000.1,1773086399999
1773086400000,9.879E-4,9.927E-4,9.796E-4,9.927E-4,659572.361,1773100799999
1773100800000,9.88E-4,9.933E-4,9.842E-4,9.863E-4,420000.0,1773115199999
1773115200000,9.77E-4,9.77E-4,9.77E-4,9.77E-4,0.007,1773129599999
1773129600000,9.839E-4,9.91E-4,9.755E-4,9.755E-4,111922.062,1773143999999
1773144000000,9.783E-4,9.783E-4,9.75E-4,9.773E-4,284919.39,1773158399999
1773158400000,9.813E-4,0.0010003,9.613E-4,9.613E-4,3290878.795,1773172799999
1773172800000,9.702E-4,9.791E-4,9.641E-4,9.719E-4,235995.04,1773187199999
1773187200000,9.787E-4,9.804E-4,9.787E-4,9.804E-4,25445.408,1773201599999
1773201600000,9.745E-4,9.751E-4,9.745E-4,9.751E-4,125145.349,1773215999999
1773216000000,9.747E-4,9.853E-4,9.716E-4,9.853E-4,1324218.385,1773230399999
1773230400000,9.741E-4,9.812E-4,9.701E-4,9.812E-4,178555.819,1773244799999
1773244800000,9.764E-4,9.826E-4,9.648E-4,9.67E-4,989218.447,1773259199999
1773259200000,9.749E-4,9.749E-4,9.749E-4,9.749E-4,1786.208,1773273599999
1773273600000,9.803E-4,9.803E-4,9.689E-4,9.689E-4,108696.468,1773287999999
1773288000000,9.796E-4,9.796E-4,9.796E-4,9.796E-4,5124.541,1773302399999
1773302400000,9.92E-4,9.92E-4,9.92E-4,9.92E-4,103114.845,1773316799999
1773316800000,9.905E-4,9.905E-4,9.871E-4,9.871E-4,200000.002,1773331199999
1773331200000,9.947E-4,0.0010032,9.927E-4,9.927E-4,154940.863,1773345599999
1773345600000,9.949E-4,0.001,9.823E-4,9.823E-4,1069924.242,1773359999999
1773360000000,9.769E-4,9.892E-4,9.673E-4,9.887E-4,227227.34,1773374399999
1773374400000,9.854E-4,9.881E-4,9.835E-4,9.881E-4,40321.931,1773388799999
1773388800000,9.897E-4,9.905E-4,9.873E-4,9.905E-4,26354.457,1773403199999
1773403200000,9.92E-4,0.0010132,9.92E-4,0.0010132,108011.463,1773417599999
1773417600000,0.0010131,0.0010245,0.0010068,0.0010068,145794.541,1773431999999
1773432000000,0.0010157,0.0010246,0.0010157,0.0010246,160881.219,1773446399999
1773446400000,0.0010157,0.0010157,0.0010157,0.0010157,94982.324,1773460799999
1773460800000,0.0010087,0.0010087,0.0010062,0.0010062,229000.794,1773475199999
1773475200000,0.0010122,0.00106,0.0010106,0.0010259,1917090.806,1773489599999
1773489600000,0.0010315,0.0010451,0.0010235,0.0010378,3073534.709,1773503999999
1773504000000,0.0010376,0.0010536,0.0010246,0.0010246,2037374.724,1773518399999
1773518400000,0.0010381,0.0010504,0.0010293,0.0010504,536207.25,1773532799999
1773532800000,0.0010378,0.0010451,0.0010378,0.0010451,74372.787,1773547199999
1773547200000,0.0010284,0.0010362,0.0010219,0.0010362,120397.116,1773561599999
1773561600000,0.0010289,0.001038,0.0010199,0.0010199,166234.503,1773575999999
1773576000000,0.0010285,0.0010469,0.0010231,0.0010469,199941.112,1773590399999
1773590400000,0.0010295,0.0010469,0.0010295,0.0010459,50000.0,1773604799999
1773604800000,0.0010372,0.0010385,0.0010318,0.0010366,236952.915,1773619199999
1773619200000,0.0010188,0.0010188,0.0010188,0.0010188,4804.167,1773633599999
1773633600000,0.0010115,0.001021,9.0E-4,0.0010101,1513439.218,1773647999999
1773648000000,0.0010101,0.0010101,0.00101,0.00101,96946.207,1773662399999
1773662400000,0.0010109,0.0010155,0.001,0.001,250604.512,1773676799999
1773676800000,0.0010089,0.0010347,9.88E-4,9.906E-4,1923193.304,1773691199999
1773691200000,9.947E-4,9.998E-4,9.935E-4,9.998E-4,50464.358,1773705599999
1773705600000,0.0010005,0.001034,9.967E-4,0.0010273,876068.193,1773719999999
1773720000000,0.001035,0.0010458,0.0010331,0.0010331,153234.387,1773734399999
1773734400000,0.0010288,0.001145,0.0010288,0.0010538,1.196336016E7,1773748799999
1773748800000,0.0010836,0.0011089,0.0010126,0.0010126,1.4336854407E7,1773763199999
1773763200000,9.963E-4,0.0010061,9.614E-4,9.614E-4,2396062.059,1773777599999
1773777600000,9.724E-4,9.724E-4,9.594E-4,9.594E-4,260037.445,1773791999999
1773792000000,9.768E-4,9.768E-4,9.678E-4,9.678E-4,15799.449,1773806399999
1773806400000,9.563E-4,9.68E-4,9.563E-4,9.65E-4,172519.257,1773820799999
1773820800000,9.812E-4,9.812E-4,9.562E-4,9.683E-4,28966.747,1773835199999
1773835200000,9.548E-4,9.753E-4,9.548E-4,9.681E-4,890077.684,1773849599999
1773849600000,9.55E-4,9.56E-4,9.549E-4,9.56E-4,611668.143,1773863999999
1773864000000,9.593E-4,9.593E-4,9.5E-4,9.5E-4,36268.756,1773878399999
1773878400000,9.406E-4,9.406E-4,9.406E-4,9.406E-4,10624.77,1773892799999
1773921600000,9.274E-4,9.414E-4,9.048E-4,9.2E-4,859983.633,1773935999999
1773950400000,9.226E-4,9.4E-4,9.226E-4,9.226E-4,79046.264,1773964799999
1773964800000,9.226E-4,9.226E-4,9.191E-4,9.191E-4,853071.606,1773979199999
1773993600000,9.082E-4,9.3E-4,9.082E-4,9.3E-4,24539.699,1774007999999
1774008000000,9.123E-4,9.123E-4,9.103E-4,9.103E-4,183962.311,1774022399999
1774022400000,9.107E-4,9.3E-4,9.107E-4,9.3E-4,465652.795,1774036799999
1774036800000,9.245E-4,9.245E-4,9.245E-4,9.245E-4,10000.0,1774051199999
1774080000000,9.323E-4,9.399E-4,9.22E-4,9.22E-4,692436.342,1774094399999
1774108800000,9.116E-4,9.44E-4,9.116E-4,9.25E-4,1002515.008,1774123199999
1774123200000,9.441E-4,9.606E-4,9.215E-4,9.394E-4,280999.904,1774137599999
1774137600000,9.7E-4,0.0013029,9.415E-4,0.0010647,6.9478698974E7,1774151999999
1774152000000,0.001105,0.0011724,0.001045,0.0011007,2.3908995784E7,1774166399999
1774166400000,0.0010989,0.0011234,9.9E-4,0.0010414,1.7885714844E7,1774180799999
1774180800000,0.0010351,0.0012999,9.8E-4,0.00115,4.303244314600001E7,1774195199999
1774195200000,0.0011092,0.00117,0.0010016,0.0011319,3.7966003906E7,1774209599999
1774209600000,0.0010878,0.0011199,0.0010201,0.0010232,2.3259776719E7,1774223999999
1774224000000,0.00102,0.0010352,9.627E-4,9.929E-4,4607732.27,1774238399999
1774238400000,9.93E-4,0.0010825,9.336E-4,9.647E-4,2930274.54,1774252799999
1774252800000,9.557E-4,0.0010088,9.472E-4,9.553E-4,1.2225843907E7,1774267199999
1774267200000,9.715E-4,9.75E-4,8.328E-4,9.11E-4,1.7357647369E7,1774281599999
1774281600000,9.144E-4,9.665E-4,9.092E-4,9.302E-4,1.7057450269E7,1774295999999
1774296000000,9.373E-4,9.665E-4,9.303E-4,9.43E-4,3564481.319,1774310399999
1774310400000,9.31E-4,9.31E-4,9.3E-4,9.3E-4,1014116.097,1774324799999
1774324800000,9.3E-4,0.0010017,9.27E-4,9.752E-4,1.0427061578E7,1774339199999
1774339200000,9.567E-4,9.87E-4,9.3E-4,9.4E-4,8252298.974,1774353599999
1774353600000,9.5E-4,9.829E-4,9.29E-4,9.496E-4,3936261.683,1774367999999
1774368000000,9.485E-4,9.607E-4,9.484E-4,9.493E-4,4543780.626,1774382399999
1774382400000,9.485E-4,9.485E-4,9.484E-4,9.484E-4,329147.456,1774396799999
1774396800000,9.558E-4,9.558E-4,9.484E-4,9.484E-4,268412.438,1774411199999
1774411200000,9.505E-4,9.505E-4,9.489E-4,9.492E-4,2249769.115,1774425599999
1774425600000,9.584E-4,9.608E-4,9.275E-4,9.38E-4,3475148.129,1774439999999
1774440000000,9.428E-4,9.6E-4,9.428E-4,9.581E-4,2904936.419,1774454399999
1774454400000,9.596E-4,9.6E-4,9.48E-4,9.52E-4,1520038.553,1774468799999
1774468800000,9.449E-4,9.597E-4,9.176E-4,9.287E-4,2801492.191,1774483199999
1774483200000,9.599E-4,0.0010302,9.524E-4,9.728E-4,4778272.381,1774497599999
1774497600000,9.7E-4,9.701E-4,9.5E-4,9.532E-4,2030295.36,1774511999999
1774512000000,9.532E-4,9.88E-4,9.232E-4,9.3E-4,3934690.03,1774526399999
1774526400000,9.363E-4,9.363E-4,9.165E-4,9.165E-4,636346.385,1774540799999
1774540800000,9.164E-4,9.305E-4,9.0E-4,9.305E-4,1016753.29,1774555199999
1774555200000,9.166E-4,9.166E-4,9.131E-4,9.131E-4,8272.219,1774569599999
1774569600000,9.151E-4,9.151E-4,9.151E-4,9.151E-4,113991.848,1774583999999
1774584000000,9.151E-4,9.436E-4,9.15E-4,9.15E-4,927942.833,1774598399999
1774598400000,9.18E-4,9.288E-4,9.05E-4,9.05E-4,1024397.337,1774612799999
1774612800000,8.94E-4,8.941E-4,8.94E-4,8.941E-4,227015.189,1774627199999
1774627200000,9.189E-4,9.21E-4,9.189E-4,9.21E-4,1345007.726,1774641599999
1774641600000,9.21E-4,9.21E-4,8.941E-4,8.943E-4,958349.699,1774655999999
1774684800000,8.943E-4,8.943E-4,8.943E-4,8.943E-4,56171.816,1774699199999
1774713600000,8.941E-4,9.198E-4,8.939E-4,8.939E-4,1735278.842,1774727999999
1774728000000,8.922E-4,9.019E-4,8.8E-4,8.884E-4,7198748.338,1774742399999
1774742400000,8.858E-4,8.858E-4,8.769E-4,8.849E-4,56489.993,1774756799999
1774756800000,8.813E-4,8.813E-4,8.627E-4,8.627E-4,377246.053,1774771199999
1774771200000,8.87E-4,8.87E-4,8.626E-4,8.8E-4,1343793.773,1774785599999
1774785600000,8.721E-4,9.018E-4,8.688E-4,9.018E-4,508578.25,1774799999999
1774800000000,8.869E-4,8.869E-4,8.811E-4,8.811E-4,1091247.401,1774814399999
1774814400000,8.662E-4,8.959E-4,8.662E-4,8.722E-4,9673834.338,1774828799999
1774828800000,8.776E-4,8.776E-4,8.776E-4,8.776E-4,6613.136,1774843199999
1774843200000,8.831E-4,8.832E-4,8.83E-4,8.83E-4,2487761.632,1774857599999
1774857600000,8.83E-4,8.992E-4,8.83E-4,8.956E-4,96736.268,1774871999999
1774872000000,8.942E-4,8.942E-4,8.83E-4,8.83E-4,617725.294,1774886399999
1774886400000,8.801E-4,8.801E-4,8.464E-4,8.464E-4,3762422.515,1774900799999
1774900800000,8.721E-4,8.75E-4,8.512E-4,8.512E-4,972073.448,1774915199999
1774929600000,8.6E-4,8.65E-4,8.463E-4,8.463E-4,2343555.621,1774943999999
1774944000000,8.498E-4,8.5E-4,8.32E-4,8.4E-4,1189960.779,1774958399999
1774958400000,8.306E-4,8.306E-4,8.0E-4,8.1E-4,4592683.688,1774972799999
1774972800000,8.081E-4,8.27E-4,8.065E-4,8.145E-4,4523310.015,1774987199999
1774987200000,8.2E-4,8.2E-4,8.2E-4,8.2E-4,549815.14,1775001599999
1775001600000,8.069E-4,8.069E-4,8.055E-4,8.055E-4,1045998.67,1775015999999
1775016000000,8.055E-4,8.263E-4,8.001E-4,8.212E-4,465364.96,1775030399999
1775030400000,8.0E-4,8.082E-4,7.717E-4,8.047E-4,742579.811,1775044799999
1775044800000,8.088E-4,8.206E-4,7.711E-4,7.93E-4,835161.128,1775059199999
1775059200000,7.93E-4,8.057E-4,7.879E-4,8.057E-4,719755.483,1775073599999
1775073600000,8.035E-4,8.188E-4,8.035E-4,8.187E-4,304710.968,1775087999999
1775088000000,7.956E-4,7.956E-4,7.956E-4,7.956E-4,19356.46,1775102399999
1775102400000,7.98E-4,7.98E-4,7.98E-4,7.98E-4,30898.203,1775116799999
1775116800000,7.98E-4,8.01E-4,7.912E-4,8.01E-4,664510.908,1775131199999
1775145600000,8.115E-4,8.331E-4,7.878E-4,8.331E-4,366993.973,1775159999999
1775160000000,7.978E-4,8.188E-4,7.978E-4,8.188E-4,95547.5,1775174399999
1775174400000,8.173E-4,8.21E-4,7.769E-4,7.875E-4,961542.983,1775188799999
1775188800000,8.1E-4,8.1E-4,7.923E-4,7.96E-4,1474792.396,1775203199999
1775217600000,7.926E-4,7.926E-4,7.926E-4,7.926E-4,2.149,1775231999999
1775232000000,8.04E-4,8.04E-4,7.763E-4,7.81E-4,990424.937,1775246399999
1775246400000,8.041E-4,8.041E-4,8.041E-4,8.041E-4,7000.0,1775260799999
1775260800000,8.14E-4,8.14E-4,8.14E-4,8.14E-4,7346.437,1775275199999
1775275200000,7.838E-4,7.838E-4,7.838E-4,7.838E-4,7006.512,1775289599999
1775304000000,7.838E-4,8.419E-4,7.763E-4,8.024E-4,444852.563,1775318399999
1775332800000,8.108E-4,8.108E-4,8.108E-4,8.108E-4,107945.97,1775347199999
1775361600000,8.249E-4,8.249E-4,8.249E-4,8.249E-4,7249.363,1775375999999
1775390400000,8.23E-4,8.23E-4,8.08E-4,8.12E-4,1969732.313,1775404799999
1775404800000,8.12E-4,8.12E-4,8.12E-4,8.12E-4,15344.827,1775419199999
1775419200000,7.995E-4,8.001E-4,7.995E-4,8.001E-4,17.371,1775433599999
1775433600000,8.001E-4,8.12E-4,7.986E-4,7.986E-4,1594997.562,1775447999999
1775462400000,8.111E-4,8.165E-4,8.009E-4,8.165E-4,55235.818,1775476799999
1775476800000,8.009E-4,8.128E-4,7.956E-4,7.956E-4,528593.995,1775491199999
1775491200000,7.927E-4,8.0E-4,7.762E-4,7.771E-4,3238135.281,1775505599999
1775505600000,7.772E-4,7.772E-4,7.625E-4,7.625E-4,929570.405,1775519999999
1775520000000,7.5E-4,7.5E-4,7.184E-4,7.184E-4,729783.933,1775534399999
1775534400000,7.588E-4,7.697E-4,7.588E-4,7.697E-4,20202.461,1775548799999
1775563200000,7.67E-4,7.686E-4,7.67E-4,7.686E-4,164459.72,1775577599999
1775577600000,7.685E-4,7.777E-4,7.67E-4,7.67E-4,644185.067,1775591999999
1775592000000,7.648E-4,7.829E-4,7.644E-4,7.829E-4,1682966.845,1775606399999
1775606400000,7.87E-4,7.999E-4,7.729E-4,7.729E-4,259401.377,1775620799999
1775620800000,7.651E-4,7.651E-4,7.651E-4,7.651E-4,8678.605,1775635199999
1775635200000,7.689E-4,8.168E-4,7.689E-4,7.967E-4,1.1855215326E7,1775649599999
1775649600000,7.822E-4,8.071E-4,7.71E-4,8.03E-4,905536.945,1775663999999
1775664000000,8.032E-4,8.143E-4,7.828E-4,7.884E-4,1773595.653,1775678399999
1775678400000,8.072E-4,8.229E-4,8.02E-4,8.02E-4,587901.176,1775692799999
1775692800000,8.114E-4,8.23E-4,7.887E-4,7.969E-4,556272.969,1775707199999
1775707200000,7.942E-4,8.417E-4,7.88E-4,8.417E-4,2228745.863,1775721599999
1775721600000,7.983E-4,8.246E-4,7.983E-4,8.189E-4,238889.801,1775735999999
1775736000000,8.111E-4,8.196E-4,7.932E-4,8.196E-4,3030987.065,1775750399999
1775750400000,8.035E-4,8.05E-4,8.035E-4,8.05E-4,925204.701,1775764799999
1775793600000,8.111E-4,8.111E-4,8.081E-4,8.081E-4,151872.01,1775807999999
1775808000000,8.112E-4,8.112E-4,8.074E-4,8.074E-4,106026.484,1775822399999
1775836800000,8.329E-4,8.33E-4,8.171E-4,8.171E-4,142205.841,1775851199999
1775851200000,8.28E-4,8.28E-4,8.158E-4,8.26E-4,982794.986,1775865599999
1775865600000,8.233E-4,8.233E-4,8.199E-4,8.2E-4,2453810.19,1775879999999
1775880000000,8.176E-4,8.176E-4,8.001E-4,8.067E-4,1.1822366008E7,1775894399999
1775894400000,8.203E-4,8.235E-4,8.122E-4,8.223E-4,48666.506,1775908799999
1775908800000,8.221E-4,8.259E-4,8.089E-4,8.148E-4,261152.974,1775923199999
1775923200000,8.151E-4,8.157E-4,8.067E-4,8.067E-4,1154543.24,1775937599999
1775952000000,8.097E-4,8.158E-4,8.066E-4,8.158E-4,461099.076,1775966399999
1775966400000,8.195E-4,8.21E-4,8.181E-4,8.181E-4,2991618.143,1775980799999
1775980800000,8.15E-4,8.252E-4,8.066E-4,8.157E-4,2438173.726,1775995199999
1775995200000,8.161E-4,8.161E-4,8.161E-4,8.161E-4,85221.0,1776009599999
1776009600000,8.116E-4,8.186E-4,8.116E-4,8.133E-4,461478.27,1776023999999
1776024000000,8.252E-4,8.252E-4,8.143E-4,8.143E-4,184355.42,1776038399999
1776052800000,8.24E-4,8.494E-4,8.124E-4,8.222E-4,2059568.792,1776067199999
1776067200000,8.129E-4,8.129E-4,8.11E-4,8.11E-4,20118.594,1776081599999
1776081600000,8.22E-4,8.221E-4,8.092E-4,8.092E-4,1151429.025,1776095999999
1776110400000,8.148E-4,8.198E-4,8.148E-4,8.167E-4,890431.766,1776124799999
1776124800000,8.145E-4,8.145E-4,8.145E-4,8.145E-4,12277.47,1776139199999
1776139200000,8.09E-4,8.134E-4,8.034E-4,8.134E-4,1414692.785,1776153599999
1776168000000,8.152E-4,8.181E-4,8.017E-4,8.125E-4,455534.29,1776182399999
1776182400000,8.015E-4,8.015E-4,8.002E-4,8.002E-4,21598.709,1776196799999
1776225600000,8.005E-4,8.046E-4,7.75E-4,8.041E-4,8444718.795,1776239999999
1776240000000,8.007E-4,8.108E-4,8.002E-4,8.042E-4,1006166.132,1776254399999
1776254400000,8.0E-4,8.001E-4,7.827E-4,7.846E-4,3267795.958,1776268799999
1776312000000,8.021E-4,8.021E-4,7.83E-4,7.83E-4,333372.014,1776326399999
1776326400000,7.916E-4,8.069E-4,7.904E-4,8.028E-4,486437.227,1776340799999
1776340800000,7.978E-4,7.978E-4,7.936E-4,7.936E-4,126299.639,1776355199999
1776355200000,7.869E-4,8.033E-4,7.869E-4,8.033E-4,255407.968,1776369599999
1776369600000,8.041E-4,8.041E-4,8.041E-4,8.041E-4,248972.986,1776383999999
1776384000000,8.04E-4,8.04E-4,8.04E-4,8.04E-4,136822.053,1776398399999
1776398400000,7.983E-4,8.04E-4,7.802E-4,7.802E-4,3866429.393,1776412799999
1776412800000,7.99E-4,8.052E-4,7.975E-4,7.975E-4,729422.643,1776427199999
1776427200000,7.981E-4,8.044E-4,7.981E-4,8.024E-4,375562.709,1776441599999
1776441600000,8.01E-4,8.074E-4,8.002E-4,8.015E-4,1259159.888,1776455999999
1776456000000,8.026E-4,8.044E-4,8.026E-4,8.044E-4,12395.783,1776470399999
1776499200000,8.016E-4,8.016E-4,7.957E-4,7.957E-4,749832.999,1776513599999
1776513600000,8.016E-4,8.016E-4,8.016E-4,8.016E-4,13448.103,1776527999999
1776528000000,7.947E-4,8.021E-4,7.947E-4,8.019E-4,1213678.491,1776542399999
1776542400000,8.003E-4,8.003E-4,7.994E-4,7.994E-4,758247.809,1776556799999
1776556800000,8.017E-4,8.093E-4,7.911E-4,7.911E-4,868173.096,1776571199999
1776585600000,7.974E-4,8.019E-4,7.972E-4,8.019E-4,539743.375,1776599999999
1776600000000,7.945E-4,8.01E-4,7.944E-4,8.01E-4,764877.431,1776614399999
1776614400000,7.886E-4,7.98E-4,7.731E-4,7.979E-4,3729449.839,1776628799999
1776628800000,7.883E-4,7.98E-4,7.882E-4,7.98E-4,437750.958,1776643199999
1776657600000,7.719E-4,7.728E-4,7.671E-4,7.719E-4,379962.168,1776671999999
1776686400000,7.709E-4,7.98E-4,7.681E-4,7.98E-4,321259.892,1776700799999
1776700800000,7.899E-4,7.899E-4,7.89E-4,7.89E-4,248972.986,1776715199999
1776715200000,7.837E-4,7.863E-4,7.695E-4,7.863E-4,98296.753,1776729599999
1776744000000,7.979E-4,8.036E-4,7.692E-4,7.998E-4,4923695.001,1776758399999
1776758400000,7.999E-4,8.037E-4,7.702E-4,7.943E-4,9594801.777,1776772799999
1776772800000,7.956E-4,8.099E-4,7.91E-4,8.099E-4,5199659.783,1776787199999
1776787200000,7.917E-4,8.007E-4,7.656E-4,7.98E-4,1436832.868,1776801599999
1776816000000,7.875E-4,7.875E-4,7.827E-4,7.849E-4,89472.82,1776830399999
1776830400000,7.864E-4,8.013E-4,7.864E-4,8.012E-4,207547.145,1776844799999
1776844800000,7.992E-4,7.992E-4,7.724E-4,7.724E-4,168260.281,1776859199999
1776859200000,7.721E-4,8.107E-4,7.721E-4,8.107E-4,275837.763,1776873599999
1776931200000,7.903E-4,8.118E-4,7.902E-4,8.118E-4,415325.986,1776945599999
1776945600000,8.075E-4,8.075E-4,7.981E-4,8.061E-4,20892.777,1776959999999
1776960000000,8.032E-4,8.135E-4,7.894E-4,8.043E-4,1688838.842,1776974399999
1776974400000,8.081E-4,8.081E-4,7.937E-4,7.937E-4,49811.764,1776988799999
1776988800000,7.907E-4,7.907E-4,7.907E-4,7.907E-4,37261.53,1777003199999
1777003200000,8.0E-4,8.0E-4,8.0E-4,8.0E-4,39545.069,1777017599999
1777032000000,8.068E-4,8.068E-4,8.068E-4,8.068E-4,130580.773,1777046399999
1777046400000,8.215E-4,8.215E-4,8.1E-4,8.101E-4,266145.738,1777060799999
1777060800000,8.101E-4,8.101E-4,8.101E-4,8.101E-4,23489.826,1777075199999
1777104000000,8.043E-4,8.043E-4,7.859E-4,7.922E-4,349073.767,1777118399999
1777118400000,8.042E-4,8.069E-4,8.042E-4,8.069E-4,142480.39,1777132799999
1777132800000,7.886E-4,7.886E-4,7.75E-4,7.75E-4,724524.122,1777147199999
1777190400000,7.995E-4,7.995E-4,7.845E-4,7.845E-4,158852.904,1777204799999
1777204800000,7.91E-4,8.01E-4,7.796E-4,7.796E-4,385627.359,1777219199999
1777219200000,8.097E-4,8.1E-4,8.097E-4,8.1E-4,276933.855,1777233599999
1777233600000,8.02E-4,8.02E-4,8.02E-4,8.02E-4,310935.162,1777247999999
1777262400000,7.97E-4,7.971E-4,7.801E-4,7.946E-4,226386.858,1777276799999
1777276800000,7.826E-4,7.884E-4,7.816E-4,7.816E-4,351889.474,1777291199999
1777291200000,7.828E-4,7.828E-4,7.828E-4,7.828E-4,20.816,1777305599999
1777305600000,7.872E-4,7.872E-4,7.815E-4,7.816E-4,491280.142,1777319999999
1777320000000,7.87E-4,7.87E-4,7.87E-4,7.87E-4,54837.476,1777334399999
1777334400000,7.916E-4,7.994E-4,7.916E-4,7.994E-4,520351.703,1777348799999
1777348800000,7.92E-4,8.013E-4,7.86E-4,8.013E-4,5214859.124,1777363199999
1777363200000,7.859E-4,7.93E-4,7.859E-4,7.93E-4,510620.606,1777377599999
1777377600000,7.976E-4,7.977E-4,7.858E-4,7.861E-4,733754.456,1777391999999
1777392000000,7.943E-4,7.974E-4,7.893E-4,7.894E-4,258619.749,1777406399999
1777406400000,7.84E-4,7.866E-4,7.84E-4,7.866E-4,62703.937,1777420799999
1777420800000,7.948E-4,7.948E-4,7.818E-4,7.818E-4,523020.633,1777435199999
1777435200000,7.818E-4,7.818E-4,7.818E-4,7.818E-4,455000.0,1777449599999
1777449600000,7.842E-4,7.858E-4,7.77E-4,7.77E-4,531310.707,1777463999999
1777464000000,7.825E-4,7.863E-4,7.825E-4,7.863E-4,197924.071,1777478399999
1777492800000,7.811E-4,7.811E-4,7.811E-4,7.811E-4,12802.458,1777507199999
1777521600000,7.791E-4,7.818E-4,7.749E-4,7.75E-4,2025362.39,1777535999999
1777536000000,7.75E-4,7.75E-4,7.699E-4,7.716E-4,5199328.679,1777550399999
1777550400000,7.77E-4,7.821E-4,7.77E-4,7.821E-4,19305.1,1777564799999
1777564800000,7.737E-4,7.737E-4,7.737E-4,7.737E-4,5.65,1777579199999
1777636800000,7.686E-4,7.686E-4,7.686E-4,7.686E-4,3370.196,1777651199999
1777651200000,7.83E-4,7.845E-4,7.779E-4,7.779E-4,115534.5,1777665599999
1777665600000,7.842E-4,8.017E-4,7.531E-4,7.85E-4,8273974.571,1777679999999
1777694400000,7.853E-4,7.853E-4,7.74E-4,7.74E-4,36691.524,1777708799999
1777708800000,7.74E-4,7.793E-4,7.448E-4,7.767E-4,7748268.812,1777723199999
1777723200000,7.771E-4,7.771E-4,7.723E-4,7.723E-4,92829.751,1777737599999
1777737600000,7.766E-4,7.786E-4,7.651E-4,7.651E-4,597181.459,1777751999999
1777752000000,7.65E-4,7.737E-4,7.65E-4,7.714E-4,529842.952,1777766399999
1777780800000,7.65E-4,7.65E-4,7.65E-4,7.65E-4,5433.088,1777795199999
1777795200000,7.65E-4,7.65E-4,7.65E-4,7.65E-4,10543.57,1777809599999
1777809600000,7.756E-4,7.756E-4,7.756E-4,7.756E-4,128610.108,1777823999999
1777824000000,7.741E-4,7.741E-4,7.741E-4,7.741E-4,13350.54,1777838399999
1777838400000,7.677E-4,7.731E-4,7.66E-4,7.66E-4,221264.57,1777852799999
1777852800000,7.66E-4,7.66E-4,7.65E-4,7.65E-4,64294.024,1777867199999
1777867200000,7.651E-4,7.726E-4,7.65E-4,7.65E-4,1266193.958,1777881599999
1777881600000,7.638E-4,7.665E-4,7.585E-4,7.585E-4,205301.768,1777895999999
1777896000000,7.647E-4,7.648E-4,7.587E-4,7.587E-4,136993.462,1777910399999
1777910400000,7.67E-4,7.733E-4,7.66E-4,7.733E-4,697755.593,1777924799999
1777924800000,7.608E-4,7.608E-4,7.608E-4,7.608E-4,125184.017,1777939199999
1777968000000,7.708E-4,7.911E-4,7.666E-4,7.667E-4,1566905.448,1777982399999
1777982400000,7.585E-4,7.601E-4,7.527E-4,7.589E-4,1775995.483,1777996799999
1777996800000,7.549E-4,7.603E-4,7.541E-4,7.568E-4,351356.455,1778011199999
1778011200000,7.656E-4,8.099E-4,7.588E-4,7.956E-4,3148500.035,1778025599999
1778025600000,7.846E-4,7.88E-4,7.731E-4,7.831E-4,263630.094,1778039999999
1778040000000,7.839E-4,7.926E-4,7.75E-4,7.926E-4,1630655.586,1778054399999
1778054400000,7.847E-4,7.925E-4,7.778E-4,7.778E-4,1136289.954,1778068799999
1778068800000,7.887E-4,7.888E-4,7.761E-4,7.761E-4,350892.562,1778083199999
1778083200000,7.771E-4,7.771E-4,7.76E-4,7.763E-4,398097.869,1778097599999
1778097600000,7.819E-4,7.82E-4,7.763E-4,7.763E-4,284512.568,1778111999999
1778112000000,7.868E-4,7.868E-4,7.761E-4,7.761E-4,12279.064,1778126399999
1778126400000,7.843E-4,7.843E-4,7.761E-4,7.809E-4,82456.934,1778140799999
1778140800000,7.761E-4,7.824E-4,7.76E-4,7.76E-4,318785.932,1778155199999
1778155200000,7.76E-4,7.773E-4,7.689E-4,7.726E-4,737518.645,1778169599999
1778169600000,7.798E-4,7.798E-4,7.798E-4,7.798E-4,6386.252,1778183999999
1778184000000,7.69E-4,7.69E-4,7.652E-4,7.652E-4,29885.45,1778198399999
1778227200000,7.586E-4,7.586E-4,7.489E-4,7.489E-4,171533.118,1778241599999
1778241600000,7.605E-4,7.606E-4,7.567E-4,7.567E-4,376511.771,1778255999999
1778256000000,7.605E-4,7.605E-4,7.456E-4,7.537E-4,1773436.353,1778270399999
1778270400000,7.493E-4,7.505E-4,7.38E-4,7.42E-4,892802.328,1778284799999
1778284800000,7.38E-4,7.482E-4,7.38E-4,7.455E-4,192631.918,1778299199999
1778299200000,7.411E-4,7.415E-4,7.38E-4,7.395E-4,2397072.827,1778313599999
1778313600000,7.4E-4,7.44E-4,7.351E-4,7.433E-4,5712645.597,1778327999999
1778328000000,7.376E-4,7.376E-4,7.32E-4,7.322E-4,5393140.795,1778342399999
1778342400000,7.366E-4,7.367E-4,7.32E-4,7.362E-4,3910796.061,1778356799999
1778356800000,7.366E-4,7.367E-4,7.307E-4,7.343E-4,4214705.81,1778371199999
1778371200000,7.307E-4,7.343E-4,7.307E-4,7.307E-4,2000075.477,1778385599999
1778385600000,7.307E-4,7.344E-4,7.307E-4,7.307E-4,3225857.941,1778399999999
1778400000000,7.307E-4,7.311E-4,7.264E-4,7.31E-4,1174423.178,1778414399999
1778414400000,7.234E-4,7.311E-4,7.234E-4,7.306E-4,1424547.546,1778428799999
1778428800000,7.31E-4,7.311E-4,7.234E-4,7.266E-4,3243164.94,1778443199999
1778443200000,7.239E-4,7.309E-4,7.209E-4,7.309E-4,2141279.14,1778457599999
1778457600000,7.305E-4,7.398E-4,7.206E-4,7.278E-4,4374164.286,1778471999999
1778472000000,7.368E-4,7.368E-4,7.237E-4,7.284E-4,791445.016,1778486399999
1778486400000,7.299E-4,7.299E-4,7.299E-4,7.299E-4,28688.861,1778500799999
1778500800000,7.215E-4,7.283E-4,7.184E-4,7.196E-4,3021242.464,1778515199999
1778515200000,7.236E-4,7.26E-4,7.152E-4,7.224E-4,1775793.006,1778529599999
1778529600000,7.229E-4,7.325E-4,7.163E-4,7.202E-4,1882028.39,1778543999999
1778544000000,7.3E-4,7.3E-4,7.3E-4,7.3E-4,1337114.0,1778558399999
1778558400000,7.316E-4,7.316E-4,7.312E-4,7.312E-4,83370.464,1778572799999
1778572800000,7.353E-4,7.354E-4,7.229E-4,7.271E-4,2043293.976,1778587199999
1778587200000,7.265E-4,7.265E-4,7.15E-4,7.15E-4,3304814.168,1778601599999
1778601600000,7.181E-4,7.219E-4,7.002E-4,7.207E-4,7970984.859,1778615999999
1778616000000,7.16E-4,7.236E-4,7.126E-4,7.126E-4,647260.905,1778630399999
1778644800000,7.109E-4,7.109E-4,7.107E-4,7.107E-4,151561.142,1778659199999
1778659200000,7.18E-4,7.18E-4,7.066E-4,7.143E-4,2936792.573,1778673599999
1778673600000,7.1E-4,7.11E-4,7.016E-4,7.06E-4,2173658.702,1778687999999
1778688000000,7.0E-4,7.004E-4,6.95E-4,7.004E-4,254544.854,1778702399999
1778702400000,6.989E-4,7.086E-4,6.989E-4,7.028E-4,2193772.513,1778716799999
1778731200000,7.021E-4,7.024E-4,6.948E-4,7.004E-4,758885.294,1778745599999
1778745600000,6.913E-4,6.951E-4,6.911E-4,6.911E-4,1823716.538,1778759999999
1778760000000,6.911E-4,6.946E-4,6.906E-4,6.914E-4,2270149.119,1778774399999
1778774400000,6.913E-4,6.914E-4,6.845E-4,6.888E-4,3969567.427,1778788799999
1778788800000,6.885E-4,6.903E-4,6.865E-4,6.865E-4,1432380.766,1778803199999
1778803200000,6.866E-4,6.87E-4,6.859E-4,6.87E-4,988241.55,1778817599999
1778817600000,6.87E-4,6.87E-4,6.769E-4,6.853E-4,1540667.148,1778831999999
1778832000000,6.83E-4,6.83E-4,6.82E-4,6.82E-4,1134794.172,1778846399999
1778846400000,6.719E-4,6.719E-4,6.702E-4,6.702E-4,28953.618,1778860799999
1778860800000,6.672E-4,6.771E-4,6.646E-4,6.769E-4,1624461.245,1778875199999
1778875200000,6.784E-4,6.83E-4,6.709E-4,6.709E-4,565463.716,1778889599999
1778889600000,6.709E-4,6.709E-4,6.602E-4,6.602E-4,10906.2,1778903999999
1778918400000,6.652E-4,6.652E-4,6.533E-4,6.648E-4,1128555.802,1778932799999
1778932800000,6.582E-4,6.582E-4,6.503E-4,6.563E-4,824332.578,1778947199999
1778947200000,6.524E-4,6.566E-4,6.338E-4,6.338E-4,1355691.142,1778961599999
1778961600000,6.526E-4,6.57E-4,6.526E-4,6.57E-4,702801.792,1778975999999
1778976000000,6.452E-4,6.495E-4,6.452E-4,6.495E-4,97108.15,1778990399999
1778990400000,6.475E-4,6.475E-4,6.462E-4,6.465E-4,224076.889,1779004799999
1779004800000,6.458E-4,6.465E-4,6.368E-4,6.416E-4,2126074.034,1779019199999
1779019200000,6.363E-4,6.589E-4,6.35E-4,6.432E-4,4746785.09,1779033599999
1779033600000,6.392E-4,6.392E-4,6.321E-4,6.385E-4,3114035.472,1779047999999
1779076800000,6.293E-4,6.353E-4,6.157E-4,6.329E-4,2900547.543,1779091199999
1779091200000,6.326E-4,6.326E-4,6.314E-4,6.314E-4,17972.595,1779105599999
1779105600000,6.337E-4,6.337E-4,6.201E-4,6.238E-4,252974.485,1779119999999
1779120000000,6.238E-4,6.347E-4,6.238E-4,6.266E-4,185568.294,1779134399999
1779134400000,6.252E-4,6.252E-4,6.252E-4,6.252E-4,307.976,1779148799999
1779148800000,6.252E-4,6.252E-4,6.232E-4,6.232E-4,160261.812,1779163199999
1779163200000,6.231E-4,6.231E-4,6.201E-4,6.201E-4,169609.753,1779177599999
1779177600000,6.33E-4,6.33E-4,6.33E-4,6.33E-4,15750.394,1779191999999
1779192000000,6.334E-4,6.336E-4,6.254E-4,6.336E-4,1656192.195,1779206399999
1779206400000,6.334E-4,6.334E-4,6.269E-4,6.269E-4,212560.406,1779220799999
1779220800000,6.334E-4,6.334E-4,6.334E-4,6.334E-4,44711.083,1779235199999
1779235200000,6.239E-4,6.239E-4,6.235E-4,6.235E-4,496750.793,1779249599999
1779249600000,6.298E-4,6.337E-4,6.297E-4,6.337E-4,493171.507,1779263999999
1779264000000,6.295E-4,6.296E-4,6.294E-4,6.294E-4,293934.241,1779278399999
1779278400000,6.257E-4,6.305E-4,6.207E-4,6.207E-4,1011414.883,1779292799999
1779292800000,6.211E-4,6.328E-4,6.177E-4,6.19E-4,4067143.363,1779307199999
1779307200000,6.221E-4,6.328E-4,6.208E-4,6.208E-4,3376657.038,1779321599999
1779321600000,6.207E-4,6.213E-4,6.207E-4,6.213E-4,23874.701,1779335999999
1779336000000,6.214E-4,6.29E-4,6.214E-4,6.278E-4,573163.8,1779350399999
1779350400000,6.21E-4,6.237E-4,6.151E-4,6.237E-4,1463147.784,1779364799999
1779379200000,6.264E-4,6.264E-4,6.264E-4,6.264E-4,31848.659,1779393599999
1779393600000,6.207E-4,6.312E-4,6.207E-4,6.289E-4,668791.27,1779407999999
1779408000000,6.329E-4,6.329E-4,6.329E-4,6.329E-4,78796.018,1779422399999
1779422400000,6.335E-4,6.336E-4,6.24E-4,6.336E-4,1517230.717,1779436799999
1779436800000,6.283E-4,6.337E-4,6.1E-4,6.272E-4,2950711.644,1779451199999
1779451200000,6.331E-4,6.526E-4,6.168E-4,6.298E-4,5273342.924,1779465599999
1779465600000,6.297E-4,6.297E-4,6.067E-4,6.067E-4,4147597.068,1779479999999
1779480000000,6.3E-4,6.329E-4,6.3E-4,6.329E-4,1953775.278,1779494399999
1779494400000,6.268E-4,6.31E-4,6.25E-4,6.31E-4,1250389.6,1779508799999
1779508800000,6.325E-4,6.333E-4,6.277E-4,6.333E-4,213222.5,1779523199999
1779523200000,6.257E-4,6.432E-4,6.256E-4,6.26E-4,1520824.665,1779537599999
1779537600000,6.39E-4,6.923E-4,6.284E-4,6.551E-4,1.04865079031E8,1779551999999
1779552000000,6.551E-4,6.612E-4,6.431E-4,6.514E-4,1.2448729812E7,1779566399999
1779566400000,6.596E-4,6.625E-4,6.525E-4,6.525E-4,4253664.081,1779580799999
1779580800000,6.508E-4,6.552E-4,6.507E-4,6.552E-4,397118.272,1779595199999
1779595200000,6.515E-4,6.561E-4,6.49E-4,6.49E-4,5889228.017,1779609599999
1779609600000,6.482E-4,6.541E-4,6.371E-4,6.371E-4,9544211.071,1779623999999
1779624000000,6.473E-4,6.473E-4,5.926E-4,6.046E-4,1.831249627E7,1779638399999
1779638400000,6.047E-4,6.108E-4,6.035E-4,6.037E-4,5146743.252,1779652799999
1779652800000,6.037E-4,6.066E-4,5.949E-4,6.006E-4,3718330.742,1779667199999
1779667200000,6.006E-4,6.006E-4,6.006E-4,6.006E-4,1301679.5,1779681599999
1779681600000,6.006E-4,6.006E-4,5.932E-4,5.94E-4,6164084.694,1779695999999
1779696000000,6.032E-4,6.091E-4,5.919E-4,6.051E-4,6888480.813,1779710399999
1779710400000,6.05E-4,6.06E-4,5.802E-4,6.049E-4,2252488.118,1779724799999
1779724800000,6.044E-4,6.049E-4,5.91E-4,6.037E-4,1830653.64,1779739199999
1779739200000,6.022E-4,6.03E-4,5.951E-4,6.03E-4,239532.388,1779753599999
1779768000000,5.967E-4,6.045E-4,5.967E-4,5.99E-4,176762.785,1779782399999
1779782400000,5.99E-4,6.031E-4,5.954E-4,6.018E-4,563155.735,1779796799999
1779796800000,5.98E-4,6.042E-4,5.977E-4,6.042E-4,3284569.754,1779811199999
1779811200000,6.037E-4,6.04E-4,5.941E-4,5.941E-4,3443837.793,1779825599999
1779825600000,5.985E-4,6.048E-4,5.985E-4,6.018E-4,2469451.046,1779839999999
1779840000000,6.002E-4,6.009E-4,6.002E-4,6.009E-4,99839.561,1779854399999
1779854400000,5.973E-4,6.016E-4,5.971E-4,6.016E-4,316203.14,1779868799999
1779868800000,6.0E-4,6.016E-4,6.0E-4,6.013E-4,1122522.02,1779883199999
1779883200000,5.979E-4,6.019E-4,5.979E-4,6.019E-4,15203.373,1779897599999
1779897600000,6.019E-4,6.019E-4,6.019E-4,6.019E-4,51952.15,1779911999999
1779926400000,6.02E-4,6.107E-4,6.007E-4,6.107E-4,6871485.904,1779940799999
1779940800000,6.115E-4,6.155E-4,6.085E-4,6.085E-4,960887.894,1779955199999
1779955200000,6.107E-4,6.107E-4,6.03E-4,6.03E-4,1282282.963,1779969599999
1779969600000,6.038E-4,6.094E-4,6.029E-4,6.039E-4,1023647.989,1779983999999
1779984000000,6.04E-4,6.204E-4,6.04E-4,6.095E-4,2220969.941,1779998399999
1779998400000,6.097E-4,8.312E-4,6.008E-4,7.149E-4,2.0314808719000003E8,1780012799999
1780012800000,7.002E-4,7.207E-4,6.652E-4,6.828E-4,2.0923214738E7,1780027199999
1780027200000,6.832E-4,6.936E-4,5.981E-4,6.259E-4,3.614291172799999E7,1780041599999
1780041600000,6.337E-4,6.337E-4,5.807E-4,6.219E-4,4.4788789538E7,1780055999999
1780056000000,6.217E-4,6.217E-4,5.804E-4,6.07E-4,4635268.653,1780070399999
1780070400000,6.132E-4,6.163E-4,6.102E-4,6.103E-4,948757.523,1780084799999
1780084800000,6.06E-4,6.156E-4,5.8E-4,6.104E-4,4542958.908,1780099199999
1780099200000,6.066E-4,6.121E-4,6.066E-4,6.121E-4,255901.114,1780113599999
1780113600000,6.128E-4,6.147E-4,5.992E-4,5.992E-4,649636.518,1780127999999
1780128000000,6.102E-4,6.15E-4,6.035E-4,6.043E-4,1628965.854,1780142399999
1780142400000,6.043E-4,6.072E-4,6.011E-4,6.042E-4,9168035.163,1780156799999
1780156800000,6.023E-4,6.062E-4,5.9E-4,6.045E-4,3235156.936,1780171199999
1780171200000,5.939E-4,6.077E-4,5.939E-4,5.985E-4,2155734.196,1780185599999
1780185600000,6.02E-4,6.023E-4,6.02E-4,6.02E-4,1018959.575,1780199999999
1780214400000,6.087E-4,6.087E-4,6.087E-4,6.087E-4,8181.37,1780228799999
1780228800000,6.016E-4,6.016E-4,6.0E-4,6.0E-4,2231066.293,1780243199999
1780243200000,6.029E-4,6.314E-4,5.987E-4,6.184E-4,1.0994763759E7,1780257599999
1780257600000,6.263E-4,6.421E-4,6.026E-4,6.186E-4,1.9950452351E7,1780271999999
1780286400000,6.147E-4,6.204E-4,6.001E-4,6.141E-4,3597995.868,1780300799999
1780300800000,6.182E-4,6.33E-4,6.17E-4,6.221E-4,815665.605,1780315199999
1780315200000,6.287E-4,6.344E-4,6.18E-4,6.332E-4,4080122.074,1780329599999
1780329600000,6.328E-4,6.56E-4,6.281E-4,6.32E-4,4936004.558,1780343999999
1780344000000,6.326E-4,6.362E-4,6.101E-4,6.351E-4,5883280.795,1780358399999
1780358400000,6.306E-4,6.306E-4,6.295E-4,6.295E-4,183609.591,1780372799999
1780372800000,6.238E-4,6.251E-4,5.399E-4,5.399E-4,2.1864205762E7,1780387199999
1780387200000,5.4E-4,5.7E-4,5.125E-4,5.59E-4,2.1144213949E7,1780401599999
1780401600000,5.59E-4,5.704E-4,5.468E-4,5.537E-4,5671401.746,1780415999999
1780416000000,5.553E-4,5.65E-4,5.5E-4,5.5E-4,1285432.215,1780430399999
1780430400000,5.507E-4,5.658E-4,5.507E-4,5.658E-4,947624.871,1780444799999
1780444800000,5.605E-4,5.605E-4,5.574E-4,5.574E-4,41569.337,1780459199999
1780459200000,5.572E-4,5.664E-4,5.5E-4,5.604E-4,3782000.063,1780473599999
1780473600000,5.636E-4,5.692E-4,5.564E-4,5.565E-4,791956.99,1780487999999
1780488000000,5.546E-4,5.616E-4,5.544E-4,5.616E-4,50502.017,1780502399999
1780502400000,5.641E-4,5.816E-4,5.63E-4,5.69E-4,4878279.887,1780516799999
1780516800000,5.66E-4,5.846E-4,5.637E-4,5.717E-4,2750411.916,1780531199999
1780531200000,5.7E-4,5.708E-4,5.656E-4,5.708E-4,720165.391,1780545599999
1780545600000,5.763E-4,5.901E-4,5.709E-4,5.732E-4,2518445.013,1780559999999
1780560000000,5.73E-4,5.777E-4,5.554E-4,5.636E-4,9995929.335,1780574399999
1780574400000,5.679E-4,6.03E-4,5.534E-4,5.819E-4,9.8455160576E7,1780588799999
1780588800000,5.8E-4,5.8E-4,5.565E-4,5.756E-4,8540289.38,1780603199999
1780603200000,5.753E-4,5.859E-4,5.636E-4,5.636E-4,3506093.04,1780617599999
1780617600000,5.73E-4,5.73E-4,5.729E-4,5.729E-4,172339.363,1780631999999
1780632000000,5.789E-4,5.789E-4,5.725E-4,5.768E-4,2777506.241,1780646399999
1780646400000,5.766E-4,5.798E-4,5.621E-4,5.755E-4,5151748.054,1780660799999
1780660800000,5.756E-4,5.809E-4,5.75E-4,5.809E-4,159753.868,1780675199999
1780675200000,5.84E-4,5.856E-4,5.638E-4,5.648E-4,1943665.364,1780689599999
1780689600000,5.81E-4,5.825E-4,5.609E-4,5.609E-4,856246.82,1780703999999
1780718400000,5.766E-4,5.766E-4,5.618E-4,5.713E-4,6249271.538,1780732799999
1780732800000,5.752E-4,5.752E-4,5.752E-4,5.752E-4,14369.098,1780747199999
1780747200000,5.766E-4,5.766E-4,5.75E-4,5.75E-4,85333.145,1780761599999
1780761600000,5.766E-4,5.847E-4,5.723E-4,5.846E-4,702242.692,1780775999999
1780790400000,5.84E-4,5.84E-4,5.84E-4,5.84E-4,15890.41,1780804799999
1780804800000,5.835E-4,5.836E-4,5.835E-4,5.836E-4,315952.127,1780819199999
1780819200000,5.787E-4,5.85E-4,5.591E-4,5.615E-4,1.7727544661E7,1780833599999
1780848000000,5.711E-4,5.711E-4,5.711E-4,5.711E-4,0.005,1780862399999
1780862400000,5.766E-4,5.766E-4,5.65E-4,5.65E-4,42711.133,1780876799999
1780905600000,5.741E-4,5.801E-4,5.741E-4,5.801E-4,17330.411,1780919999999
1780920000000,5.8E-4,5.8E-4,5.65E-4,5.673E-4,310100.054,1780934399999
1780934400000,5.81E-4,5.872E-4,5.784E-4,5.785E-4,777841.09,1780948799999
1780948800000,5.827E-4,5.843E-4,5.827E-4,5.843E-4,419118.757,1780963199999
1780992000000,5.794E-4,5.796E-4,5.794E-4,5.796E-4,19115.419,1781006399999
1781006400000,5.796E-4,5.796E-4,5.796E-4,5.796E-4,15336.954,1781020799999
1781020800000,5.823E-4,5.823E-4,5.823E-4,5.823E-4,46517.0,1781035199999
1781035200000,5.836E-4,5.851E-4,5.836E-4,5.851E-4,17135.1,1781049599999
1781049600000,5.797E-4,5.797E-4,5.797E-4,5.797E-4,8481.672,1781063999999
1781078400000,5.78E-4,5.78E-4,5.678E-4,5.678E-4,175987.529,1781092799999
1781107200000,5.832E-4,5.836E-4,5.796E-4,5.796E-4,399704.144,1781121599999
1781136000000,5.853E-4,5.977E-4,5.853E-4,5.899E-4,230411.4,1781150399999
1781150400000,5.915E-4,5.991E-4,5.656E-4,5.844E-4,2629214.697,1781164799999
1781164800000,5.884E-4,5.884E-4,5.81E-4,5.81E-4,260329.354,1781179199999
1781179200000,5.864E-4,5.885E-4,5.864E-4,5.885E-4,181026.046,1781193599999
1781193600000,5.906E-4,5.906E-4,5.906E-4,5.906E-4,10125.296,1781207999999
1781208000000,5.92E-4,5.92E-4,5.881E-4,5.881E-4,17555.784,1781222399999
1781236800000,5.869E-4,5.87E-4,5.869E-4,5.87E-4,210637.414,1781251199999
1781251200000,5.868E-4,5.868E-4,5.62E-4,5.826E-4,3816421.096,1781265599999
1781265600000,5.837E-4,5.839E-4,5.798E-4,5.798E-4,171162.21,1781279999999
1781280000000,5.848E-4,5.848E-4,5.848E-4,5.848E-4,186701.75,1781294399999
1781294400000,5.809E-4,5.878E-4,5.809E-4,5.82E-4,30530.527,1781308799999
1781308800000,5.822E-4,5.822E-4,5.822E-4,5.822E-4,8965.992,1781323199999
1781337600000,5.814E-4,5.814E-4,5.701E-4,5.811E-4,958355.536,1781351999999
1781352000000,5.699E-4,5.699E-4,5.698E-4,5.698E-4,29590.476,1781366399999
1781366400000,5.759E-4,5.847E-4,5.624E-4,5.832E-4,2317651.046,1781380799999
1781380800000,5.877E-4,5.877E-4,5.877E-4,5.877E-4,8473.711,1781395199999
1781409600000,5.845E-4,5.874E-4,5.831E-4,5.847E-4,960026.801,1781423999999
1781438400000,5.851E-4,5.851E-4,5.851E-4,5.851E-4,2.154,1781452799999
1781452800000,5.904E-4,5.904E-4,5.752E-4,5.863E-4,2640895.085,1781467199999
1781467200000,5.819E-4,5.819E-4,5.819E-4,5.819E-4,38168.615,1781481599999
1781496000000,5.806E-4,5.806E-4,5.805E-4,5.805E-4,18459.66,1781510399999
1781510400000,5.864E-4,5.974E-4,5.864E-4,5.909E-4,1397589.881,1781524799999
1781524800000,5.908E-4,5.909E-4,5.849E-4,5.849E-4,560980.511,1781539199999
1781539200000,5.849E-4,5.935E-4,5.835E-4,5.865E-4,369248.35,1781553599999
1781553600000,5.934E-4,5.979E-4,5.857E-4,5.857E-4,894567.294,1781567999999
1781568000000,5.858E-4,5.858E-4,5.858E-4,5.858E-4,83626.024,1781582399999
1781582400000,5.836E-4,5.867E-4,5.831E-4,5.867E-4,553726.187,1781596799999
1781596800000,5.865E-4,5.878E-4,5.865E-4,5.878E-4,328803.0,1781611199999
1781611200000,5.878E-4,5.9E-4,5.823E-4,5.837E-4,106340.232,1781625599999
1781625600000,5.921E-4,5.921E-4,5.921E-4,5.921E-4,12751.224,1781639999999
1781640000000,5.926E-4,5.926E-4,5.842E-4,5.842E-4,17681.09,1781654399999
1781654400000,5.842E-4,5.842E-4,5.842E-4,5.842E-4,9260.571,1781668799999
1781683200000,5.902E-4,5.903E-4,5.902E-4,5.903E-4,177159.734,1781697599999
1781697600000,5.87E-4,5.87E-4,5.87E-4,5.87E-4,209503.2,1781711999999
1781712000000,5.898E-4,5.925E-4,5.859E-4,5.925E-4,38148.576,1781726399999
1781726400000,5.948E-4,5.949E-4,5.874E-4,5.877E-4,1211420.735,1781740799999
1781755200000,5.867E-4,5.867E-4,5.867E-4,5.867E-4,296812.68,1781769599999
1781784000000,5.898E-4,5.934E-4,5.898E-4,5.934E-4,355122.609,1781798399999
1781798400000,5.898E-4,5.922E-4,5.872E-4,5.905E-4,697191.376,1781812799999
1781827200000,5.927E-4,5.927E-4,5.927E-4,5.927E-4,160025.4,1781841599999
1781841600000,5.927E-4,5.95E-4,5.893E-4,5.92E-4,570782.17,1781855999999
1781856000000,5.875E-4,5.917E-4,5.728E-4,5.914E-4,2075988.176,1781870399999
1781884800000,5.886E-4,5.911E-4,5.725E-4,5.725E-4,498153.661,1781899199999
1781899200000,5.935E-4,5.935E-4,5.918E-4,5.918E-4,168734.1,1781913599999
1781913600000,5.918E-4,5.955E-4,5.895E-4,5.897E-4,2189397.502,1781927999999
1781928000000,5.916E-4,5.978E-4,5.713E-4,5.858E-4,1.2690677445E7,1781942399999
1781942400000,5.864E-4,5.888E-4,5.849E-4,5.888E-4,909094.067,1781956799999
1781956800000,5.857E-4,5.878E-4,5.852E-4,5.878E-4,336714.401,1781971199999
1782014400000,5.923E-4,5.964E-4,5.923E-4,5.964E-4,106543.2,1782028799999
1782028800000,5.943E-4,5.961E-4,5.922E-4,5.961E-4,315595.633,1782043199999
1782043200000,5.929E-4,5.953E-4,5.87E-4,5.953E-4,48111.282,1782057599999
1782100800000,5.889E-4,5.939E-4,5.847E-4,5.939E-4,1136030.034,1782115199999
1782115200000,5.877E-4,5.916E-4,5.877E-4,5.916E-4,138812.31,1782129599999
1782129600000,5.903E-4,5.937E-4,5.865E-4,5.865E-4,291385.897,1782143999999
1782144000000,5.932E-4,5.932E-4,5.932E-4,5.932E-4,16807.147,1782158399999
1782158400000,5.919E-4,5.968E-4,5.916E-4,5.918E-4,133493.7,1782172799999
1782172800000,5.893E-4,6.0E-4,5.893E-4,5.896E-4,889900.613,1782187199999
1782187200000,5.903E-4,5.942E-4,5.893E-4,5.931E-4,692301.851,1782201599999
1782201600000,5.93E-4,5.93E-4,5.856E-4,5.856E-4,1587605.055,1782215999999
1782216000000,5.924E-4,5.963E-4,5.856E-4,5.928E-4,1503232.609,1782230399999
1782230400000,5.885E-4,5.949E-4,5.866E-4,5.949E-4,1115211.373,1782244799999
1782244800000,5.942E-4,5.942E-4,5.942E-4,5.942E-4,8381.016,1782259199999
1782259200000,5.944E-4,5.944E-4,5.902E-4,5.93E-4,1314836.868,1782273599999
1782273600000,5.93E-4,5.991E-4,5.93E-4,5.991E-4,519505.868,1782287999999
1782288000000,6.038E-4,6.038E-4,5.848E-4,5.894E-4,1349459.63,1782302399999
1782302400000,5.896E-4,5.896E-4,5.871E-4,5.871E-4,204590.936,1782316799999
1782316800000,5.89E-4,5.949E-4,5.874E-4,5.915E-4,713685.351,1782331199999
1782331200000,5.915E-4,5.952E-4,5.914E-4,5.914E-4,509108.019,1782345599999
1782345600000,5.924E-4,5.928E-4,5.914E-4,5.916E-4,268408.0,1782359999999
1782360000000,5.92E-4,5.92E-4,5.92E-4,5.92E-4,54543.918,1782374399999
1782374400000,5.914E-4,5.914E-4,5.722E-4,5.722E-4,394218.714,1782388799999
1782403200000,5.915E-4,5.915E-4,5.915E-4,5.915E-4,16855.452,1782417599999
1782417600000,5.87E-4,5.87E-4,5.87E-4,5.87E-4,44.518,1782431999999
1782432000000,5.917E-4,5.926E-4,5.917E-4,5.926E-4,50701.4,1782446399999
1782475200000,5.834E-4,5.834E-4,5.834E-4,5.834E-4,13627.15,1782489599999
1782489600000,5.899E-4,5.899E-4,5.899E-4,5.899E-4,8442.108,1782503999999
1782504000000,5.866E-4,5.866E-4,5.866E-4,5.866E-4,100000.0,1782518399999
1782518400000,5.88E-4,5.88E-4,5.88E-4,5.88E-4,52344.2,1782532799999
1782532800000,5.867E-4,5.867E-4,5.835E-4,5.835E-4,429369.3,1782547199999
1782547200000,5.85E-4,5.893E-4,5.838E-4,5.893E-4,541509.04,1782561599999
1782561600000,5.893E-4,5.893E-4,5.893E-4,5.893E-4,8450.704,1782575999999
1782576000000,5.891E-4,5.944E-4,5.8E-4,5.894E-4,472236.81,1782590399999
1782590400000,5.888E-4,5.912E-4,5.888E-4,5.912E-4,135707.4,1782604799999
1782604800000,5.878E-4,5.878E-4,5.878E-4,5.878E-4,8457.707,1782619199999
1782619200000,5.894E-4,5.894E-4,5.894E-4,5.894E-4,30572.4,1782633599999
1782648000000,5.912E-4,5.936E-4,5.912E-4,5.936E-4,605473.678,1782662399999
1782662400000,5.871E-4,5.871E-4,5.856E-4,5.856E-4,232387.985,1782676799999
1782676800000,5.861E-4,5.957E-4,5.855E-4,5.957E-4,1053050.134,1782691199999
1782720000000,5.938E-4,5.952E-4,5.938E-4,5.948E-4,446098.534,1782734399999
1782734400000,5.91E-4,5.955E-4,5.896E-4,5.936E-4,1770415.51,1782748799999
1782748800000,5.933E-4,5.94E-4,5.874E-4,5.874E-4,943847.043,1782763199999
1782777600000,5.953E-4,5.977E-4,5.953E-4,5.977E-4,117053.76,1782791999999
1782792000000,5.99E-4,5.991E-4,5.913E-4,5.962E-4,1011635.01,1782806399999
1782806400000,5.963E-4,6.024E-4,5.866E-4,5.966E-4,4759888.826,1782820799999
1782820800000,5.949E-4,5.95E-4,5.949E-4,5.95E-4,4031603.178,1782835199999
1782835200000,5.95E-4,5.95E-4,5.95E-4,5.95E-4,1288270.0,1782849599999
1782864000000,5.95E-4,5.954E-4,5.95E-4,5.951E-4,505682.173,1782878399999
1782892800000,5.994E-4,5.995E-4,5.952E-4,5.953E-4,1346840.637,1782907199999
1782907200000,5.963E-4,5.973E-4,5.956E-4,5.973E-4,687181.898,1782921599999
1782921600000,5.976E-4,5.976E-4,5.753E-4,5.792E-4,1886559.091,1782935999999
1782964800000,5.983E-4,5.99E-4,5.983E-4,5.985E-4,738146.578,1782979199999
1782979200000,6.013E-4,6.081E-4,5.97E-4,6.051E-4,1025611.571,1782993599999
1782993600000,6.065E-4,6.065E-4,6.065E-4,6.065E-4,16438.798,1783007999999
1783008000000,6.068E-4,6.081E-4,6.068E-4,6.081E-4,35624.854,1783022399999
1783022400000,6.081E-4,6.429E-4,6.081E-4,6.23E-4,1.2827191482E7,1783036799999
1783036800000,6.35E-4,6.352E-4,6.274E-4,6.282E-4,1118281.979,1783051199999
1783051200000,6.251E-4,6.252E-4,6.175E-4,6.176E-4,1192471.03,1783065599999
1783065600000,6.328E-4,6.38E-4,6.174E-4,6.228E-4,1548616.187,1783079999999
1783080000000,6.296E-4,6.306E-4,6.112E-4,6.293E-4,1187749.394,1783094399999
1783094400000,6.22E-4,6.275E-4,6.191E-4,6.275E-4,1101149.829,1783108799999
1783108800000,6.283E-4,6.283E-4,6.283E-4,6.283E-4,7926.149,1783123199999
1783137600000,6.205E-4,6.287E-4,6.205E-4,6.287E-4,23684.32,1783151999999
1783152000000,6.283E-4,6.283E-4,6.208E-4,6.236E-4,30000.0,1783166399999
1783166400000,6.296E-4,6.301E-4,6.168E-4,6.194E-4,1077589.322,1783180799999
1783180800000,6.295E-4,6.295E-4,6.295E-4,6.295E-4,79428.118,1783195199999
1783195200000,6.189E-4,6.189E-4,6.113E-4,6.113E-4,364421.797,1783209599999
1783238400000,6.194E-4,6.194E-4,6.194E-4,6.194E-4,8397.085,1783252799999
1783252800000,6.317E-4,6.317E-4,6.317E-4,6.317E-4,15798.638,1783267199999
1783267200000,6.247E-4,6.247E-4,6.222E-4,6.222E-4,798971.266,1783281599999
1783324800000,6.254E-4,6.254E-4,6.254E-4,6.254E-4,10000.0,1783339199999
1783353600000,6.346E-4,6.346E-4,6.243E-4,6.243E-4,11789.269,1783367999999
1783368000000,6.28E-4,6.28E-4,6.28E-4,6.28E-4,1108837.58,1783382399999
1783425600000,6.17E-4,6.17E-4,6.17E-4,6.17E-4,11.271,1783439999999
1783440000000,6.245E-4,6.245E-4,6.245E-4,6.245E-4,15964.771,1783454399999
1783454400000,6.246E-4,6.3E-4,6.246E-4,6.3E-4,1626798.182,1783468799999
1783468800000,6.226E-4,6.226E-4,6.12E-4,6.222E-4,1932352.524,1783483199999
1783512000000,6.167E-4,6.167E-4,6.151E-4,6.151E-4,369475.793,1783526399999
1783526400000,6.189E-4,6.189E-4,6.189E-4,6.189E-4,8046.534,1783540799999
1783540800000,6.1E-4,6.1E-4,6.1E-4,6.1E-4,1.311,1783555199999
1783569600000,6.146E-4,6.153E-4,6.146E-4,6.152E-4,998258.057,1783583999999
1783598400000,6.07E-4,6.112E-4,6.07E-4,6.112E-4,480753.682,1783612799999
1783612800000,6.087E-4,6.087E-4,6.087E-4,6.087E-4,0.465,1783627199999
1783670400000,6.095E-4,6.095E-4,6.095E-4,6.095E-4,1.0,1783684799999
1783684800000,6.108E-4,6.108E-4,5.901E-4,5.901E-4,1244333.967,1783699199999
1783728000000,6.136E-4,6.136E-4,6.136E-4,6.136E-4,400620.893,1783742399999
1783756800000,6.12E-4,6.149E-4,6.087E-4,6.087E-4,561773.803,1783771199999
1783771200000,6.134E-4,6.134E-4,6.134E-4,6.134E-4,34996.68,1783785599999
1783785600000,6.16E-4,6.16E-4,6.16E-4,6.16E-4,15860.389,1783799999999
1783814400000,6.136E-4,6.138E-4,6.136E-4,6.138E-4,116350.14,1783828799999
1783843200000,6.089E-4,6.157E-4,6.074E-4,6.157E-4,1000640.482,1783857599999
1783915200000,6.111E-4,6.129E-4,6.086E-4,6.086E-4,1659059.047,1783929599999
1783929600000,6.115E-4,6.115E-4,6.114E-4,6.114E-4,2142543.352,1783943999999
1783958400000,6.064E-4,6.081E-4,6.064E-4,6.081E-4,25801.328,1783972799999
1783972800000,6.106E-4,6.106E-4,6.106E-4,6.106E-4,8155.912,1783987199999
1784001600000,6.082E-4,6.092E-4,6.082E-4,6.09E-4,967389.437,1784015999999
1784030400000,6.029E-4,6.107E-4,5.819E-4,6.035E-4,4178713.927,1784044799999
1784044800000,6.048E-4,6.087E-4,5.991E-4,5.991E-4,1077725.902,1784059199999
1784059200000,6.022E-4,6.022E-4,6.022E-4,6.022E-4,150298.904,1784073599999
1784102400000,5.997E-4,5.997E-4,5.997E-4,5.997E-4,8304.152,1784116799999
1784116800000,5.933E-4,5.934E-4,5.933E-4,5.934E-4,263941.383,1784131199999
1784131200000,5.901E-4,5.932E-4,5.901E-4,5.932E-4,335061.903,1784145599999
1784145600000,5.933E-4,5.939E-4,5.933E-4,5.939E-4,117952.933,1784159999999
1784203200000,5.893E-4,6.029E-4,5.717E-4,5.72E-4,3639261.58,1784217599999
1784217600000,5.951E-4,5.962E-4,5.951E-4,5.962E-4,256349.8,1784231999999
1784232000000,5.933E-4,5.938E-4,5.933E-4,5.938E-4,50550.445,1784246399999
1784260800000,5.931E-4,5.931E-4,5.834E-4,5.834E-4,487715.009,1784275199999
1784275200000,5.931E-4,5.931E-4,5.931E-4,5.931E-4,9000.0,1784289599999
1784289600000,5.805E-4,5.805E-4,5.802E-4,5.802E-4,20000.0,1784303999999
1784304000000,5.909E-4,6.0E-4,5.883E-4,5.909E-4,1316017.622,1784318399999
1784448000000,5.9E-4,5.9E-4,5.891E-4,5.891E-4,386219.906,1784462399999
1784462400000,5.895E-4,5.921E-4,5.895E-4,5.921E-4,60935.0,1784476799999
1784520000000,5.871E-4,5.871E-4,5.857E-4,5.857E-4,339641.666,1784534399999
1784534400000,5.808E-4,5.853E-4,5.731E-4,5.734E-4,2299908.26,1784548799999
1784563200000,5.839E-4,5.839E-4,5.76E-4,5.765E-4,34118.44,1784577599999
1784577600000,5.789E-4,5.818E-4,5.783E-4,5.818E-4,812785.068,1784591999999
1784606400000,5.85E-4,5.85E-4,5.625E-4,5.627E-4,550870.234,1784620799999
1784620800000,5.752E-4,5.755E-4,5.752E-4,5.755E-4,86659.091,1784635199999
1784649600000,5.778E-4,5.778E-4,5.778E-4,5.778E-4,10380.623,1784663999999
1784664000000,5.778E-4,5.778E-4,5.706E-4,5.757E-4,130742.232,1784678399999
1784692800000,5.7E-4,5.7E-4,5.7E-4,5.7E-4,87614.035,1784707199999
1784707200000,5.743E-4,5.817E-4,5.679E-4,5.754E-4,455120.398,1784721599999
1784721600000,5.732E-4,5.732E-4,5.732E-4,5.732E-4,61549.196,1784735999999
1784736000000,5.67E-4,5.67E-4,5.533E-4,5.66E-4,1566256.561,1784750399999
1784764800000,5.719E-4,5.719E-4,5.6E-4,5.6E-4,107759.273,1784779199999
1784779200000,5.71E-4,5.71E-4,5.71E-4,5.71E-4,17478.109,1784793599999
1784808000000,5.834E-4,8.0E-4,5.65E-4,6.381E-4,1.20749323752E8,1784822399999
1784822400000,6.382E-4,6.712E-4,5.64E-4,6.141E-4,6.575487898900001E7,1784836799999
1784836800000,6.142E-4,7.311E-4,5.996E-4,6.751E-4,1.8793047594E7,1784851199999
1784851200000,6.619E-4,6.71E-4,6.08E-4,6.146E-4,9489624.651,1784865599999
1784865600000,6.148E-4,6.244E-4,5.785E-4,6.149E-4,8856810.335,1784879999999
1784880000000,6.149E-4,6.17E-4,5.961E-4,6.149E-4,2238532.37,1784894399999
1784894400000,6.138E-4,6.34E-4,6.017E-4,6.15E-4,3963982.252,1784908799999
1784908800000,6.114E-4,6.153E-4,6.004E-4,6.058E-4,639106.755,1784923199999
1784923200000,6.017E-4,6.029E-4,6.001E-4,6.001E-4,639467.318,1784937599999
1784937600000,6.153E-4,6.153E-4,6.062E-4,6.062E-4,70440.88,1784951999999
1784952000000,6.116E-4,6.428E-4,6.0E-4,6.125E-4,7011819.492,1784966399999
1784980800000,6.128E-4,6.128E-4,5.922E-4,5.922E-4,1864170.053,1784995199999
1784995200000,5.922E-4,6.097E-4,5.904E-4,5.904E-4,2815239.855,1785009599999
1785009600000,5.887E-4,6.022E-4,5.866E-4,6.022E-4,428801.062,1785023999999
1785024000000,5.884E-4,5.884E-4,5.884E-4,5.884E-4,8706.244,1785038399999
1785052800000,5.794E-4,5.844E-4,5.72E-4,5.844E-4,683096.375,1785067199999
1785067200000,5.846E-4,6.179E-4,5.846E-4,5.983E-4,542634.115,1785081599999
1785081600000,6.132E-4,6.132E-4,6.132E-4,6.132E-4,919618.395,1785095999999
1785110400000,5.969E-4,5.996E-4,5.698E-4,5.961E-4,1810699.192,1785124799999
1785124800000,6.035E-4,6.071E-4,5.922E-4,5.922E-4,586323.353,1785139199999
1785139200000,5.917E-4,0.001,5.917E-4,7.485E-4,3.07832885403E8,1785153599999
1785153600000,7.512E-4,7.512E-4,6.563E-4,6.678E-4,1.35601296771E8,1785167999999
1785168000000,6.908E-4,7.47E-4,6.778E-4,6.936E-4,6.1946305901E7,1785182399999
1785182400000,6.931E-4,7.191E-4,6.458E-4,7.043E-4,3.2233634397E7,1785196799999
1785196800000,6.927E-4,7.275E-4,6.663E-4,7.215E-4,6499091.798,1785211199999
1785211200000,7.299E-4,7.343E-4,6.684E-4,6.922E-4,2.0458736781E7,1785225599999
1785225600000,6.816E-4,7.033E-4,6.679E-4,7.032E-4,7455547.209,1785239999999
1785240000000,6.826E-4,6.852E-4,6.632E-4,6.774E-4,4611399.679,1785254399999
1785254400000,6.774E-4,6.828E-4,6.668E-4,6.824E-4,1882219.835,1785268799999
1785268800000,6.829E-4,6.904E-4,6.672E-4,6.863E-4,1948065.755,1785283199999
1785283200000,6.511E-4,6.536E-4,6.314E-4,6.536E-4,2527377.125,1785297599999
1785297600000,6.515E-4,6.664E-4,6.49E-4,6.49E-4,2530240.729,1785311999999
1785326400000,6.543E-4,6.654E-4,6.543E-4,6.596E-4,583117.886,1785340799999
1785340800000,6.53E-4,6.804E-4,6.398E-4,6.61E-4,2600102.96,1785355199999
1785355200000,6.562E-4,6.746E-4,6.492E-4,6.522E-4,852104.759,1785369599999
1785369600000,6.522E-4,6.522E-4,6.437E-4,6.437E-4,278161.015,1785383999999
1785384000000,6.395E-4,6.515E-4,6.29E-4,6.491E-4,1971262.625,1785398399999
1785398400000,6.205E-4,6.305E-4,6.127E-4,6.25E-4,1792092.142,1785412799999
1785412800000,6.391E-4,6.437E-4,6.391E-4,6.437E-4,897511.674,1785427199999
1785427200000,6.491E-4,6.491E-4,6.429E-4,6.457E-4,46522.591,1785441599999
1785441600000,6.491E-4,6.549E-4,6.281E-4,6.472E-4,1101317.444,1785455999999
1785456000000,6.466E-4,6.466E-4,6.452E-4,6.452E-4,44703.105,1785470399999
1785470400000,6.496E-4,6.546E-4,6.496E-4,6.544E-4,1120761.989,1785484799999
1785484800000,6.491E-4,7.348E-4,6.491E-4,6.684E-4,1.6469254399E7,1785499199999
1785499200000,6.66E-4,8.0E-4,6.501E-4,6.925E-4,5.3712795588E7,1785513599999
1785513600000,6.914E-4,6.957E-4,6.748E-4,6.83E-4,4662021.665,1785527999999
1785528000000,6.851E-4,6.908E-4,6.721E-4,6.721E-4,4415123.898,1785542399999
1785542400000,6.761E-4,6.849E-4,6.671E-4,6.676E-4,2786730.543,1785556799999
1785556800000,6.625E-4,6.71E-4,6.408E-4,6.601E-4,8586782.821,1785571199999
1785571200000,6.727E-4,6.728E-4,6.59E-4,6.632E-4,2348114.17,1785585599999
1785585600000,6.62E-4,6.671E-4,6.51E-4,6.592E-4,4905855.653,1785599999999
1785600000000,6.608E-4,6.655E-4,6.606E-4,6.655E-4,2547937.678,1785614399999
1785614400000,6.601E-4,6.913E-4,6.595E-4,6.774E-4,9650446.552,1785628799999
1785628800000,6.716E-4,6.913E-4,6.505E-4,6.682E-4,6664654.541,1785643199999
1785643200000,6.622E-4,6.906E-4,6.606E-4,6.62E-4,5874799.188,1785657599999
1785657600000,6.626E-4,7.048E-4,6.626E-4,6.82E-4,4884615.233,1785671999999
1785672000000,6.833E-4,6.85E-4,6.782E-4,6.85E-4,1787374.145,1785686399999
1785686400000,6.791E-4,6.817E-4,6.733E-4,6.769E-4,865530.686,1785700799999
1785700800000,6.624E-4,6.624E-4,6.624E-4,6.624E-4,4.53,1785715199999
1785715200000,6.679E-4,6.69E-4,6.602E-4,6.69E-4,266892.112,1785729599999
1785729600000,6.625E-4,6.625E-4,6.466E-4,6.466E-4,1844903.812,1785743999999
1785758400000,6.328E-4,6.518E-4,6.271E-4,6.518E-4,831606.504,1785772799999
1785772800000,6.368E-4,6.639E-4,6.368E-4,6.547E-4,2152627.949,1785787199999
1785787200000,6.625E-4,6.625E-4,6.558E-4,6.558E-4,151194.851,1785801599999
1785816000000,6.703E-4,6.755E-4,6.703E-4,6.755E-4,40001.137,1785830399999
1785830400000,6.75E-4,6.9E-4,6.533E-4,6.598E-4,1200845.782,1785844799999
1785844800000,6.703E-4,6.703E-4,6.596E-4,6.598E-4,706930.279,1785859199999
1785859200000,6.703E-4,6.703E-4,6.703E-4,6.703E-4,75780.54,1785873599999
1785873600000,6.632E-4,6.632E-4,6.632E-4,6.632E-4,43478.199,1785887999999
1785888000000,6.742E-4,6.821E-4,6.701E-4,6.712E-4,422834.563,1785902399999
1785902400000,6.708E-4,6.708E-4,6.708E-4,6.708E-4,16323.367,1785916799999
1785916800000,6.784E-4,6.785E-4,6.784E-4,6.785E-4,250985.936,1785931199999
1785931200000,6.682E-4,6.715E-4,6.682E-4,6.7E-4,161143.109,1785945599999
1785945600000,6.702E-4,6.702E-4,6.701E-4,6.701E-4,291388.531,1785959999999
1785960000000,6.777E-4,6.8E-4,6.732E-4,6.732E-4,1081458.805,1785974399999
1785974400000,6.731E-4,6.731E-4,6.731E-4,6.731E-4,9.727,1785988799999
1785988800000,6.8E-4,6.8E-4,6.8E-4,6.8E-4,73338.235,1786003199999
1786003200000,6.75E-4,6.82E-4,6.75E-4,6.82E-4,657800.831,1786017599999
1786017600000,6.82E-4,6.85E-4,6.75E-4,6.781E-4,880019.608,1786031999999
1786032000000,6.782E-4,6.782E-4,6.782E-4,6.782E-4,4518.163,1786046399999
1786046400000,6.781E-4,6.781E-4,6.781E-4,6.781E-4,42298.192,1786060799999
1786075200000,6.849E-4,6.849E-4,6.849E-4,6.849E-4,151138.398,1786089599999
1786089600000,6.733E-4,6.733E-4,6.733E-4,6.733E-4,13.749,1786103999999
1786104000000,6.786E-4,6.799E-4,6.786E-4,6.799E-4,206467.883,1786118399999
1786118400000,6.833E-4,6.833E-4,6.686E-4,6.686E-4,319921.205,1786132799999
1786132800000,6.798E-4,7.11E-4,6.798E-4,6.962E-4,766706.254,1786147199999
1786161600000,7.11E-4,7.31E-4,7.11E-4,7.31E-4,3034054.169,1786175999999
1786176000000,7.281E-4,7.3E-4,6.901E-4,7.271E-4,4505392.408,1786190399999
1786190400000,7.343E-4,7.37E-4,7.235E-4,7.37E-4,635070.306,1786204799999
1786204800000,7.404E-4,7.845E-4,7.33E-4,7.678E-4,3135823.385,1786219199999
1786219200000,7.678E-4,8.8E-4,7.13E-4,7.444E-4,6.4608003197E7,1786233599999
1786233600000,7.452E-4,7.459E-4,7.432E-4,7.457E-4,1190158.667,1786247999999
1786248000000,7.47E-4,7.53E-4,7.135E-4,7.355E-4,1.6791249712E7,1786262399999
1786262400000,7.384E-4,7.497E-4,7.355E-4,7.399E-4,2477095.01,1786276799999
1786276800000,7.344E-4,7.389E-4,7.325E-4,7.33E-4,426178.153,1786291199999
1786291200000,7.453E-4,7.5E-4,7.363E-4,7.363E-4,591557.544,1786305599999
1786348800000,7.395E-4,7.395E-4,7.395E-4,7.395E-4,13077.233,1786363199999
1786363200000,7.479E-4,7.528E-4,7.454E-4,7.454E-4,697619.41,1786377599999
1786377600000,7.535E-4,7.552E-4,7.446E-4,7.52E-4,1368401.936,1786391999999
1786392000000,7.57E-4,7.572E-4,7.445E-4,7.445E-4,353052.753,1786406399999
1786406400000,7.53E-4,7.53E-4,7.53E-4,7.53E-4,1600.0,1786420799999
1786420800000,7.651E-4,7.651E-4,7.651E-4,7.651E-4,65171.953,1786435199999
1786435200000,7.564E-4,7.564E-4,7.562E-4,7.562E-4,178126.606,1786449599999
1786449600000,7.592E-4,7.623E-4,7.482E-4,7.482E-4,575400.159,1786463999999
1786464000000,7.469E-4,7.501E-4,7.328E-4,7.498E-4,601624.831,1786478399999
1786478400000,7.488E-4,7.519E-4,7.443E-4,7.477E-4,560305.277,1786492799999
1786492800000,7.32E-4,7.32E-4,7.275E-4,7.276E-4,385998.951,1786507199999
1786521600000,7.278E-4,7.279E-4,7.254E-4,7.255E-4,639624.216,1786535999999
1786536000000,7.307E-4,7.307E-4,7.254E-4,7.269E-4,989850.536,1786550399999
1786550400000,7.301E-4,7.341E-4,7.268E-4,7.275E-4,758009.672,1786564799999
1786564800000,7.332E-4,7.552E-4,7.3E-4,7.382E-4,858549.695,1786579199999
1786579200000,7.364E-4,7.4E-4,7.324E-4,7.379E-4,1045714.856,1786593599999
1786593600000,7.383E-4,7.419E-4,7.372E-4,7.419E-4,1476179.631,1786607999999
1786608000000,7.335E-4,7.388E-4,7.33E-4,7.383E-4,580386.759,1786622399999
1786622400000,7.343E-4,7.343E-4,7.343E-4,7.343E-4,67677.315,1786636799999
1786636800000,7.451E-4,7.451E-4,7.335E-4,7.363E-4,696645.58,1786651199999
1786651200000,7.405E-4,7.406E-4,7.323E-4,7.323E-4,158025.013,1786665599999
1786694400000,7.34E-4,7.34E-4,7.288E-4,7.299E-4,1039853.23,1786708799999
1786723200000,7.359E-4,7.365E-4,7.346E-4,7.346E-4,92943.89,1786737599999
1786737600000,7.508E-4,7.514E-4,7.426E-4,7.448E-4,1173551.384,1786751999999
1786766400000,7.515E-4,7.515E-4,7.501E-4,7.501E-4,241453.829,1786780799999
1786780800000,7.4E-4,7.597E-4,6.945E-4,7.525E-4,2478943.344,1786795199999
1786795200000,7.526E-4,7.6E-4,7.525E-4,7.6E-4,297075.88,1786809599999
1786809600000,7.56E-4,7.57E-4,7.526E-4,7.57E-4,602246.054,1786823999999
1786824000000,7.55E-4,7.595E-4,7.477E-4,7.513E-4,6054852.123,1786838399999
1786838400000,7.516E-4,7.516E-4,7.511E-4,7.514E-4,426202.114,1786852799999
1786852800000,7.455E-4,7.513E-4,7.437E-4,7.513E-4,37085.924,1786867199999
1786867200000,7.524E-4,7.553E-4,7.524E-4,7.553E-4,16593.406,1786881599999
1786881600000,7.531E-4,7.536E-4,7.53E-4,7.536E-4,299645.227,1786895999999
