openTime,open,high,low,close,volume,closeTime
1720612800000,0.49024,0.49915,0.47642,0.4802,1434657.84286949,1720655999999
1720656000000,0.47796,0.49195,0.47155,0.48816,217587.02706778,1720699199999
1720699200000,0.49013,0.492,0.45618,0.45618,366987.50157072,1720742399999
1720742400000,0.46258,0.47655,0.44494,0.44772,73121.81887542,1720785599999
1720785600000,0.4513,0.49771,0.45104,0.48198,632497.30432321,1720828799999
1720828800000,0.4893,0.50514,0.48299,0.4963,122573.64160683,1720871999999
1720872000000,0.49794,0.49861,0.46797,0.48,117484.44013571,1720915199999
1720915200000,0.47532,0.51466,0.4709,0.49478,185964.51895437,1720958399999
1720958400000,0.49566,0.53975,0.48296,0.52513,145844.79373927,1721001599999
1721001600000,0.51779,0.54462,0.50834,0.51397,177707.15724505,1721044799999
1721044800000,0.51885,0.55142,0.51763,0.55104,127109.12615433,1721087999999
1721088000000,0.54657,0.54657,0.49244,0.50709,225004.66599095,1721131199999
1721131200000,0.50259,0.52833,0.49905,0.51955,211889.04222732,1721174399999
1721174400000,0.52011,0.53387,0.50706,0.50887,214864.33804706,1721217599999
1721217600000,0.50993,0.52715,0.4992,0.51718,74393.49058156,1721260799999
1721260800000,0.51368,0.52994,0.50407,0.50918,50639.41203963,1721303999999
1721304000000,0.51412,0.51863,0.48316,0.51616,64142.74600155,1721347199999
1721347200000,0.51014,0.5124,0.47572,0.47749,24182.06138772,1721390399999
1721390400000,0.47835,0.51304,0.47759,0.50642,39301.44318114,1721433599999
1721433600000,0.51894,0.53294,0.50926,0.50926,90719.80423526,1721476799999
1721476800000,0.51457,0.58062,0.51436,0.54886,914534.1316629,1721519999999
1721520000000,0.54096,0.5804,0.53695,0.54601,231408.62612488,1721563199999
1721563200000,0.54669,0.5515,0.51446,0.52898,104808.97091938,1721606399999
1721606400000,0.53352,0.54525,0.51925,0.53727,75169.27718267,1721649599999
1721649600000,0.53753,0.54202,0.50203,0.50734,66224.49614086,1721692799999
1721692800000,0.51342,0.52421,0.50018,0.52421,46282.60128535,1721735999999
1721736000000,0.52309,0.531,0.50017,0.50339,44904.85687818,1721779199999
1721779200000,0.5091,0.5286,0.50077,0.51777,112683.13762329,1721822399999
1721822400000,0.52161,0.53878,0.51964,0.51964,64544.05871063,1721865599999
1721865600000,0.52306,0.52408,0.4832,0.4893,37321.96940987,1721908799999
1721908800000,0.48857,0.48999,0.45201,0.47753,72157.54381811,1721951999999
1721952000000,0.47787,0.49909,0.47787,0.48691,60154.53640405,1721995199999
1721995200000,0.48879,0.50247,0.48879,0.50135,27786.09890907,1722038399999
1722038400000,0.50446,0.55527,0.49978,0.54067,142047.75636226,1722081599999
1722081600000,0.54569,0.56202,0.5133,0.54927,199889.30611292,1722124799999
1722124800000,0.54503,0.5577,0.53137,0.54059,179263.72629321,1722167999999
1722168000000,0.54469,0.57578,0.52431,0.5255,174115.25502165,1722211199999
1722211200000,0.52899,0.6013,0.52899,0.56489,82186.73106249,1722254399999
1722254400000,0.56726,0.56957,0.54266,0.56281,106143.02304672,1722297599999
1722297600000,0.55755,0.60517,0.52949,0.5315,182324.96780239,1722340799999
1722340800000,0.52989,0.53016,0.49399,0.49399,211507.77851548,1722383999999
1722384000000,0.49143,0.51768,0.48955,0.5057,249121.63886592,1722427199999
1722427200000,0.50206,0.51035,0.47632,0.48174,69207.75236326,1722470399999
1722470400000,0.47991,0.48224,0.46678,0.47379,37658.9603108,1722513599999
1722513600000,0.47413,0.47741,0.41393,0.44482,105647.72445507,1722556799999
1722556800000,0.44692,0.44692,0.42473,0.43304,45849.53643213,1722599999999
1722600000000,0.43027,0.43447,0.39781,0.3992,84493.48294023,1722643199999
1722643200000,0.39648,0.39648,0.37456,0.38854,86666.862375,1722686399999
1722686400000,0.38824,0.39437,0.34148,0.34888,194252.92107456,1722729599999
1722729600000,0.34855,0.35941,0.34716,0.35431,253358.83334177,1722772799999
1722772800000,0.35353,0.35569,0.319,0.33063,71667.40072229,1722815999999
1722816000000,0.32616,0.32616,0.22943,0.23638,475603.84699059,1722859199999
1722859200000,0.23943,0.28773,0.23125,0.26735,606074.84029256,1722902399999
1722902400000,0.27347,0.32045,0.27318,0.30683,272540.72242903,1722945599999
1722945600000,0.3044,0.32299,0.30184,0.30801,261826.64105895,1722988799999
1722988800000,0.30286,0.31863,0.30284,0.30907,43181.72908667,1723031999999
1723032000000,0.30851,0.3101,0.28512,0.29164,67426.18511747,1723075199999
1723075200000,0.29589,0.3233,0.29589,0.31518,85199.30938679,1723118399999
1723118400000,0.31632,0.3566,0.31552,0.35591,213226.798183,1723161599999
1723161600000,0.34902,0.35115,0.3313,0.3362,34779.06807753,1723204799999
1723204800000,0.33836,0.33895,0.32945,0.33285,24868.29447591,1723247999999
1723248000000,0.33464,0.34243,0.33464,0.34243,15463.84804491,1723291199999
1723291200000,0.33706,0.3381,0.3331,0.3381,23521.94653561,1723334399999
1723334400000,0.33707,0.34308,0.3269,0.3269,21507.10055383,1723377599999
1723377600000,0.32269,0.336,0.31275,0.31869,55928.09119028,1723420799999
1723420800000,0.32212,0.35463,0.32031,0.35037,112149.14365364,1723463999999
1723464000000,0.34573,0.34782,0.33059,0.34203,58707.24628102,1723507199999
1723507200000,0.326,0.32954,0.32547,0.32547,5387.27412369,1723550399999
1723550400000,0.32712,0.36484,0.3261,0.34744,221340.08752723,1723593599999
1723593600000,0.34748,0.34771,0.3351,0.34644,49821.0002806,1723636799999
1723636800000,0.34672,0.34743,0.31771,0.32366,56974.31383319,1723679999999
1723680000000,0.32423,0.32423,0.31415,0.3196,17471.26171355,1723723199999
1723723200000,0.32006,0.32835,0.29936,0.30153,102024.18139825,1723766399999
1723766400000,0.30361,0.30361,0.29502,0.29502,21304.64120902,1723809599999
1723809600000,0.29825,0.30093,0.28646,0.29625,176234.24042436,1723852799999
1723852800000,0.29873,0.31685,0.29873,0.30413,88194.18218189,1723895999999
1723896000000,0.31054,0.43223,0.30971,0.39331,6223098.567679,1723939199999
1723939200000,0.39267,0.42172,0.35734,0.36298,2793271.39355827,1723982399999
1723982400000,0.36274,0.37263,0.35781,0.36062,789798.73102101,1724025599999
1724025600000,0.36,0.3679,0.34765,0.35805,146512.57762289,1724068799999
1724068800000,0.35928,0.3663,0.34917,0.3663,44488.73375381,1724111999999
1724112000000,0.36745,0.37811,0.36168,0.36168,103108.6053797,1724155199999
1724155200000,0.36104,0.36139,0.346,0.35396,83562.16302234,1724198399999
1724198400000,0.35238,0.35494,0.34702,0.34824,24772.78536689,1724241599999
1724241600000,0.34827,0.36146,0.34,0.35823,58806.55979442,1724284799999
1724284800000,0.35758,0.37694,0.3572,0.37609,416654.24435828,1724327999999
1724328000000,0.37486,0.3827,0.36824,0.3827,75446.73266271,1724371199999
1724371200000,0.37854,0.38888,0.37468,0.3779,29340.87859162,1724414399999
1724414400000,0.38382,0.43419,0.38108,0.42203,166609.99471014,1724457599999
1724457600000,0.42754,0.43042,0.41406,0.41911,67150.25692006,1724500799999
1724500800000,0.42118,0.4404,0.40484,0.41342,85268.08658205,1724543999999
1724544000000,0.39946,0.40942,0.38912,0.39849,19645.49750414,1724587199999
1724587200000,0.396,0.39954,0.38898,0.39035,140836.56167509,1724630399999
1724630400000,0.39162,0.39165,0.38787,0.3889,4792.65387458,1724673599999
1724673600000,0.38496,0.38496,0.35567,0.35967,86563.30982773,1724716799999
1724716800000,0.36142,0.36423,0.34279,0.34875,64769.3630707,1724759999999
1724760000000,0.34423,0.34584,0.30892,0.31253,54978.19515652,1724803199999
1724803200000,0.31156,0.32478,0.30652,0.3177,56905.24349734,1724846399999
1724846400000,0.31828,0.31955,0.29172,0.30181,82212.96475479,1724889599999
1724889600000,0.3093,0.32125,0.30757,0.31861,36840.82142935,1724932799999
1724932800000,0.31607,0.3323,0.30646,0.312,103333.70116584,1724975999999
1724976000000,0.31667,0.31667,0.30824,0.31192,31123.57351827,1725019199999
1725019200000,0.31512,0.31512,0.2971,0.31003,41753.96441466,1725062399999
1725062400000,0.3143,0.315,0.30723,0.31071,24401.65040593,1725105599999
1725105600000,0.30592,0.30592,0.30382,0.30494,3817.49751526,1725148799999
1725148800000,0.29929,0.29929,0.28972,0.29445,39762.11565357,1725191999999
1725192000000,0.29447,0.29449,0.28,0.28,44145.74271407,1725235199999
1725235200000,0.28156,0.29832,0.2764,0.29801,20799.02780815,1725278399999
1725278400000,0.29638,0.30832,0.29419,0.30213,108282.23772444,1725321599999
1725321600000,0.30328,0.30556,0.30066,0.3009,49158.32691782,1725364799999
1725364800000,0.30375,0.30375,0.29261,0.2945,36765.74996317,1725407999999
1725408000000,0.27122,0.29286,0.27122,0.29006,4927.77216212,1725451199999
1725451200000,0.28746,0.31073,0.2864,0.30203,84193.94966869,1725494399999
1725494400000,0.30169,0.3028,0.29323,0.29747,7580.29222856,1725537599999
1725537600000,0.29782,0.3028,0.28761,0.28914,5750.85691054,1725580799999
1725580800000,0.29011,0.29351,0.28542,0.28933,10414.77955613,1725623999999
1725624000000,0.29262,0.29799,0.26751,0.27922,49678.43895417,1725667199999
1725667200000,0.28309,0.28475,0.2822,0.28233,5814.53653316,1725710399999
1725710400000,0.28168,0.28651,0.27144,0.27144,14046.54539904,1725753599999
1725753600000,0.27812,0.28409,0.27812,0.28409,9458.64032509,1725796799999
1725796800000,0.27905,0.28871,0.27413,0.28871,15344.64846916,1725839999999
1725840000000,0.2836,0.28961,0.27889,0.28714,45996.64796505,1725883199999
1725883200000,0.28338,0.3077,0.28338,0.30225,75685.57078502,1725926399999
1725926400000,0.30041,0.31269,0.29987,0.31244,144451.42336339,1725969599999
1725969600000,0.31117,0.31643,0.30631,0.31134,40051.68030937,1726012799999
1726012800000,0.30843,0.30843,0.29125,0.29364,45094.39064766,1726055999999
1726056000000,0.29377,0.30105,0.28581,0.29781,14389.69437058,1726099199999
1726099200000,0.29869,0.32263,0.29864,0.3135,87431.02672658,1726142399999
1726142400000,0.31189,0.31837,0.3093,0.31623,33096.86616909,1726185599999
1726185600000,0.31675,0.31675,0.30736,0.30761,10028.8778333,1726228799999
1726228800000,0.30242,0.32631,0.30166,0.32591,24724.90740346,1726271999999
1726272000000,0.3246,0.33215,0.31626,0.31626,6836.11345144,1726315199999
1726315200000,0.31934,0.32107,0.31505,0.31505,3249.99264762,1726358399999
1726358400000,0.31416,0.31459,0.30928,0.30928,1125.94274452,1726401599999
1726401600000,0.31167,0.31241,0.29779,0.29925,9658.38725183,1726444799999
1726444800000,0.29206,0.3034,0.28857,0.30174,240633.56094973,1726487999999
1726488000000,0.30363,0.32666,0.28496,0.28601,375584.545725,1726531199999
1726531200000,0.29063,0.30464,0.29063,0.29728,58364.68236607,1726574399999
1726574400000,0.29771,0.31765,0.29658,0.30894,47402.51385033,1726617599999
1726617600000,0.31837,0.31919,0.30489,0.30489,32041.43699875,1726660799999
1726660800000,0.30489,0.33171,0.29712,0.33134,39786.06451201,1726703999999
1726704000000,0.33354,0.36581,0.33249,0.34258,270394.1066122,1726747199999
1726747200000,0.3444,0.3444,0.33193,0.33193,22622.09383931,1726790399999
1726790400000,0.33548,0.34973,0.32579,0.32797,46765.80770308,1726833599999
1726833600000,0.32355,0.32764,0.31544,0.32562,43676.70486479,1726876799999
1726876800000,0.32541,0.33731,0.32027,0.32896,89088.03937643,1726919999999
1726920000000,0.33355,0.39822,0.33355,0.37783,1206123.69364775,1726963199999
1726963200000,0.37852,0.38785,0.3511,0.35323,329903.39077201,1727006399999
1727006400000,0.35205,0.35278,0.33818,0.35167,181599.25536657,1727049599999
1727049600000,0.34265,0.35958,0.34265,0.34788,50122.44180753,1727092799999
1727092800000,0.35307,0.36103,0.34988,0.35978,49436.36397047,1727135999999
1727136000000,0.36062,0.36466,0.35263,0.35985,33519.24307179,1727179199999
1727179200000,0.36422,0.36877,0.34988,0.36877,26437.63347516,1727222399999
1727222400000,0.37035,0.37877,0.35589,0.35646,11808.71959115,1727265599999
1727265600000,0.3541,0.36045,0.345,0.34726,57870.40843642,1727308799999
1727308800000,0.34416,0.36189,0.34416,0.35572,61161.50092861,1727351999999
1727352000000,0.35389,0.37741,0.35156,0.37023,63146.29335775,1727395199999
1727395200000,0.37124,0.37996,0.36131,0.36131,88939.03543298,1727438399999
1727438400000,0.36741,0.37523,0.36321,0.37253,15815.62608635,1727481599999
1727481600000,0.3833,0.38748,0.35444,0.35609,23612.643372,1727524799999
1727524800000,0.35424,0.35796,0.34276,0.3478,24361.5508606,1727567999999
1727568000000,0.35804,0.35804,0.33948,0.3444,12314.25881228,1727611199999
1727611200000,0.33831,0.37792,0.33689,0.36627,53461.09670957,1727654399999
1727654400000,0.36215,0.37265,0.35525,0.35525,24502.06536912,1727697599999
1727697600000,0.35302,0.35302,0.32682,0.32682,19589.67142569,1727740799999
1727740800000,0.33379,0.34826,0.33379,0.33961,15634.14234016,1727783999999
1727784000000,0.33984,0.33984,0.27801,0.289,221242.40454457,1727827199999
1727827200000,0.28728,0.30709,0.28728,0.29589,57734.13124136,1727870399999
1727870400000,0.29381,0.30603,0.27903,0.28965,113335.73176723,1727913599999
1727913600000,0.29551,0.29551,0.27678,0.28679,4375.10053228,1727956799999
1727956800000,0.28093,0.28467,0.27729,0.28169,89805.62649006,1727999999999
1728000000000,0.28211,0.30202,0.28056,0.29531,40124.97244221,1728043199999
1728043200000,0.29957,0.30794,0.29798,0.30401,21151.11852316,1728086399999
1728086400000,0.30849,0.311,0.308,0.308,6081.44852419,1728129599999
1728129600000,0.30742,0.30798,0.29643,0.29643,9906.90247826,1728172799999
1728172800000,0.30473,0.30473,0.30219,0.30219,1991.55807068,1728215999999
1728216000000,0.30454,0.31141,0.30454,0.31141,35157.06709328,1728259199999
1728259200000,0.31628,0.32042,0.30708,0.30972,19533.95766116,1728302399999
1728302400000,0.3077,0.32067,0.30715,0.31152,40491.58874534,1728345599999
1728345600000,0.30044,0.30631,0.30044,0.304,1459.99645834,1728388799999
1728388800000,0.30718,0.30719,0.29806,0.30539,24788.60807916,1728431999999
1728432000000,0.3065,0.35196,0.30613,0.32774,578789.0519546,1728475199999
1728475200000,0.32949,0.34817,0.321,0.32962,1027152.20565719,1728518399999
1728518400000,0.33116,0.33599,0.3188,0.32356,120736.52084607,1728561599999
1728561600000,0.32471,0.326,0.31073,0.31592,120601.29539187,1728604799999
1728604800000,0.31811,0.33272,0.31811,0.33153,12647.81216458,1728647999999
1728648000000,0.33072,0.36671,0.33072,0.36436,183342.55103332,1728691199999
1728691200000,0.36585,0.36585,0.3417,0.34627,40435.644913,1728734399999
1728734400000,0.34613,0.3473,0.337,0.34451,81961.43070571,1728777599999
1728777600000,0.34811,0.34811,0.339,0.34318,8946.00198023,1728820799999
1728820800000,0.34047,0.34049,0.33089,0.33682,17312.24693102,1728863999999
1728864000000,0.3395,0.38141,0.33639,0.37526,79889.19311329,1728907199999
1728907200000,0.37334,0.41415,0.37247,0.38128,609511.3657419,1728950399999
1728950400000,0.38264,0.38264,0.35462,0.35679,58171.86441649,1728993599999
1728993600000,0.35985,0.37881,0.35182,0.35679,162299.32016036,1729036799999
1729036800000,0.355,0.37702,0.35422,0.36088,52744.62890651,1729079999999
1729080000000,0.36155,0.36742,0.35114,0.36289,51293.59500732,1729123199999
1729123200000,0.36173,0.36379,0.345,0.345,14659.32508895,1729166399999
1729166400000,0.34575,0.35671,0.34,0.34633,4876.96966533,1729209599999
1729209600000,0.3482,0.35939,0.3482,0.35261,65928.60100291,1729252799999
1729252800000,0.35214,0.36326,0.35088,0.35946,24852.93192581,1729295999999
1729296000000,0.36369,0.36869,0.35732,0.35732,20160.48393563,1729339199999
1729339200000,0.35963,0.35963,0.35274,0.35548,5268.0333595,1729382399999
1729382400000,0.35142,0.35765,0.35092,0.35119,23949.50964888,1729425599999
1729425600000,0.35184,0.365,0.35112,0.36097,43727.98907605,1729468799999
1729468800000,0.36565,0.36654,0.34901,0.34903,68608.49056931,1729511999999
1729512000000,0.34723,0.34723,0.33913,0.34254,103302.57975158,1729555199999
1729555200000,0.33943,0.34255,0.32927,0.33468,88174.2130888,1729598399999
1729598400000,0.33348,0.34748,0.3308,0.34271,119001.14192086,1729641599999
1729641600000,0.3425,0.3425,0.32741,0.32908,19149.22241249,1729684799999
1729684800000,0.32734,0.35574,0.32146,0.34674,114585.13971358,1729727999999
1729728000000,0.35031,0.35702,0.33867,0.34424,39297.0288847,1729771199999
1729771200000,0.34525,0.36394,0.34378,0.35069,122100.99014039,1729814399999
1729814400000,0.35044,0.35044,0.3402,0.34874,19250.95408019,1729857599999
1729857600000,0.34804,0.35006,0.31085,0.3179,110796.82582247,1729900799999
1729900800000,0.31385,0.32577,0.31385,0.32577,9494.70052682,1729943999999
1729944000000,0.32398,0.32694,0.31321,0.32694,15981.25713313,1729987199999
1729987200000,0.32481,0.34131,0.32481,0.3317,31834.99212688,1730030399999
1730030400000,0.33374,0.33498,0.32859,0.33012,13114.88807928,1730073599999
1730073600000,0.33237,0.33563,0.31946,0.33142,36029.33645694,1730116799999
1730116800000,0.32946,0.33768,0.31558,0.33768,47200.49729003,1730159999999
1730160000000,0.33334,0.34926,0.33334,0.34615,39288.75273568,1730203199999
1730203200000,0.34782,0.38323,0.3473,0.36908,282664.43313462,1730246399999
1730246400000,0.37144,0.38053,0.36376,0.37404,96803.58944771,1730289599999
1730289600000,0.37201,0.38975,0.37201,0.37874,150807.38297893,1730332799999
1730332800000,0.37548,0.37548,0.36782,0.36782,8493.18940714,1730375999999
1730376000000,0.36213,0.36566,0.34884,0.35095,10006.94662408,1730419199999
1730419200000,0.36018,0.36018,0.34657,0.35538,10166.64671771,1730462399999
1730462400000,0.35376,0.36474,0.34548,0.34548,17845.19546405,1730505599999
1730505600000,0.34723,0.34723,0.34533,0.34533,9036.20763276,1730548799999
1730548800000,0.34004,0.34004,0.33254,0.33254,3885.33172126,1730591999999
1730592000000,0.32,0.32529,0.30411,0.30411,66115.33314396,1730635199999
1730635200000,0.30586,0.30586,0.28364,0.30344,335586.91536548,1730678399999
1730678400000,0.30529,0.30774,0.29865,0.30541,31894.51058152,1730721599999
1730721600000,0.3065,0.32414,0.3018,0.30678,174811.25917822,1730764799999
1730764800000,0.3154,0.32281,0.30866,0.31654,40740.77781027,1730807999999
1730808000000,0.31781,0.34082,0.31781,0.33336,60999.10902468,1730851199999
1730851200000,0.3359,0.36596,0.3359,0.365,100762.9294563,1730894399999
1730894400000,0.36524,0.38472,0.3622,0.38472,46244.7367431,1730937599999
1730937600000,0.38429,0.38429,0.32769,0.34166,334155.20134353,1730980799999
1730980800000,0.34146,0.35041,0.33294,0.34043,286578.21358588,1731023999999
1731024000000,0.345,0.34815,0.33164,0.33306,46892.23247322,1731067199999
1731067200000,0.33444,0.33853,0.32014,0.32845,78062.79947368,1731110399999
1731110400000,0.32875,0.35462,0.32819,0.35462,94898.52845118,1731153599999
1731153600000,0.35313,0.37331,0.34482,0.36851,519632.87052378,1731196799999
1731196800000,0.3678,0.39,0.35818,0.38716,459634.64379239,1731239999999
1731240000000,0.38605,0.39146,0.34832,0.36736,486061.16537406,1731283199999
1731283200000,0.37041,0.39798,0.365,0.39528,238197.03344542,1731326399999
1731326400000,0.38942,0.4105,0.37672,0.40386,1034832.85178248,1731369599999
1731369600000,0.40253,0.4296,0.36442,0.39331,1307029.53657483,1731412799999
1731412800000,0.38974,0.39329,0.37044,0.38141,262443.03964546,1731455999999
1731456000000,0.37982,0.38483,0.33269,0.34177,264743.26993108,1731499199999
1731499200000,0.34129,0.38486,0.33653,0.37367,559105.7416075,1731542399999
1731542400000,0.37276,0.40439,0.36138,0.36672,314955.65340494,1731585599999
1731585600000,0.36621,0.37298,0.3546,0.35701,88606.62622634,1731628799999
1731628800000,0.35407,0.38087,0.35242,0.37023,121243.48003084,1731671999999
1731672000000,0.37557,0.38147,0.35717,0.3801,17807.75566356,1731715199999
1731715200000,0.37778,0.39517,0.37711,0.39517,55983.34904488,1731758399999
1731758400000,0.39647,0.40847,0.36309,0.37023,337683.75840289,1731801599999
1731801600000,0.37058,0.3761,0.35484,0.3657,143821.55491769,1731844799999
1731844800000,0.36669,0.36865,0.34805,0.34954,89763.50467576,1731887999999
1731888000000,0.35351,0.36596,0.35161,0.35434,85467.21547258,1731931199999
1731931200000,0.35059,0.37278,0.34987,0.36858,77751.95694527,1731974399999
1731974400000,0.36878,0.36878,0.35804,0.35888,73783.73184993,1732017599999
1732017600000,0.36158,0.36158,0.3472,0.3494,47454.42984547,1732060799999
1732060800000,0.3466,0.35927,0.3466,0.35416,12874.23306539,1732103999999
1732104000000,0.3499,0.36037,0.33,0.3384,79081.82024886,1732147199999
1732147200000,0.33399,0.34269,0.32837,0.33831,93944.93673406,1732190399999
1732190400000,0.34097,0.377,0.33919,0.36832,251429.46496036,1732233599999
1732233600000,0.36897,0.37087,0.35837,0.36192,112410.81456148,1732276799999
1732276800000,0.36226,0.37314,0.3463,0.37031,181056.54851649,1732319999999
1732320000000,0.37087,0.38274,0.36779,0.37681,83310.34747785,1732363199999
1732363200000,0.37856,0.396,0.3515,0.38361,268578.7234084,1732406399999
1732406400000,0.39286,0.40547,0.38446,0.39078,79863.39608855,1732449599999
1732449600000,0.38469,0.41324,0.3678,0.41004,189939.04565487,1732492799999
1732492800000,0.4112,0.46355,0.39745,0.41066,913174.91865781,1732535999999
1732536000000,0.41065,0.41862,0.39,0.40285,108056.91384394,1732579199999
1732579200000,0.39892,0.42137,0.39595,0.40999,182709.25026845,1732622399999
1732622400000,0.41585,0.44382,0.40054,0.43953,479687.99240369,1732665599999
1732665600000,0.43775,0.49968,0.42691,0.47331,832023.54681199,1732708799999
1732708800000,0.47283,0.61716,0.45728,0.53224,5331143.25236758,1732751999999
1732752000000,0.531,0.55258,0.50544,0.5283,1122871.60617947,1732795199999
1732795200000,0.52597,0.54453,0.50643,0.52708,764120.47997454,1732838399999
1732838400000,0.52271,0.52372,0.49769,0.51155,201768.77848528,1732881599999
1732881600000,0.5112,0.51961,0.50652,0.50745,95196.6608009,1732924799999
1732924800000,0.50643,0.53,0.50508,0.50717,45947.5834643,1732967999999
1732968000000,0.51093,0.52575,0.50634,0.52295,78533.50744965,1733011199999
1733011200000,0.518,0.53265,0.50576,0.51426,171443.40530269,1733054399999
1733054400000,0.51629,0.52419,0.50017,0.51015,95846.91785398,1733097599999
1733097600000,0.50822,0.5203,0.46407,0.48108,379365.65019832,1733140799999
1733140800000,0.48223,0.51455,0.48093,0.50892,455589.55892327,1733183999999
1733184000000,0.51619,0.53646,0.49596,0.50161,124011.59772203,1733227199999
1733227200000,0.50232,0.54364,0.462,0.54156,494340.5138546,1733270399999
1733270400000,0.54091,0.64275,0.53327,0.61039,873411.7141681,1733313599999
1733313600000,0.60782,0.61802,0.55243,0.56952,397422.41799148,1733356799999
1733356800000,0.56688,0.5747,0.52951,0.56877,257689.61006419,1733399999999
1733400000000,0.5723,0.60092,0.55386,0.57347,502721.49232838,1733443199999
1733443200000,0.57136,0.59999,0.56629,0.56629,79544.46002066,1733486399999
1733486400000,0.57028,0.6063,0.55444,0.59295,93656.78239502,1733529599999
1733529600000,0.59384,0.61825,0.57812,0.59117,155546.13347039,1733572799999
1733572800000,0.59118,0.59118,0.57452,0.57993,50243.39299202,1733615999999
1733616000000,0.57881,0.58149,0.54939,0.56868,220960.37002653,1733659199999
1733659200000,0.56367,0.58096,0.56277,0.57972,61043.92375808,1733702399999
1733702400000,0.57141,0.57141,0.51525,0.51525,121018.00318313,1733745599999
1733745600000,0.5143,0.54855,0.43661,0.50133,546207.19418642,1733788799999
1733788800000,0.48998,0.51637,0.4661,0.49115,183692.69385554,1733831999999
1733832000000,0.48975,0.49004,0.46153,0.4847,142776.61289559,1733875199999
1733875200000,0.4955,0.50959,0.48832,0.50579,38051.27067513,1733918399999
1733918400000,0.50906,0.53105,0.50792,0.52206,42826.02160959,1733961599999
1733961600000,0.5197,0.55114,0.51874,0.5247,14269.80701424,1734004799999
1734004800000,0.5301,0.55998,0.53005,0.53614,210032.6793469,1734047999999
1734048000000,0.52444,0.54846,0.52284,0.53519,68259.48897985,1734091199999
1734091200000,0.52997,0.53193,0.51914,0.52942,46169.4044755,1734134399999
1734134400000,0.54126,0.54238,0.50909,0.51228,12770.41151822,1734177599999
1734177600000,0.50737,0.50737,0.471,0.48392,123458.55790578,1734220799999
1734220800000,0.48273,0.48956,0.47002,0.48626,33282.08127192,1734263999999
1734264000000,0.48979,0.53689,0.48764,0.52408,110660.33659014,1734307199999
1734307200000,0.52952,0.546,0.49587,0.49606,99682.91419572,1734350399999
1734350400000,0.49659,0.5131,0.4927,0.50243,51301.54843604,1734393599999
1734393600000,0.49115,0.49963,0.48492,0.4927,32460.72109202,1734436799999
1734436800000,0.49329,0.49329,0.47441,0.47484,15823.27971952,1734479999999
1734480000000,0.47457,0.48803,0.46979,0.48135,44516.66268996,1734523199999
1734523200000,0.4738,0.48811,0.47039,0.47039,71880.89701057,1734566399999
1734566400000,0.46809,0.50194,0.46033,0.47596,26708.37288191,1734609599999
1734609600000,0.47234,0.47234,0.39717,0.40892,97516.51916385,1734652799999
1734652800000,0.4073,0.42426,0.34697,0.34754,153631.98665016,1734695999999
1734696000000,0.35111,0.42737,0.34383,0.41849,183473.50015289,1734739199999
1734739200000,0.42096,0.46439,0.42096,0.44149,28381.00241433,1734782399999
1734782400000,0.44166,0.44166,0.40945,0.40945,24635.37288797,1734825599999
1734825600000,0.41988,0.42444,0.40785,0.4244,15710.29771162,1734868799999
1734868800000,0.4251,0.43286,0.40753,0.42086,21733.56006974,1734911999999
1734912000000,0.40991,0.45621,0.40768,0.45029,65384.70850442,1734955199999
1734955200000,0.4465,0.4883,0.43611,0.47571,160679.23328005,1734998399999
1734998400000,0.46955,0.47832,0.42523,0.43708,152022.61595995,1735041599999
1735041600000,0.43708,0.45002,0.43117,0.44786,106890.19436618,1735084799999
1735084800000,0.44561,0.45848,0.43941,0.43941,51842.559673,1735127999999
1735128000000,0.43729,0.44249,0.42493,0.4283,20376.32092428,1735171199999
1735171200000,0.43122,0.43122,0.40078,0.40973,17769.8241074,1735214399999
1735214400000,0.405,0.40626,0.3932,0.39622,8441.23409793,1735257599999
1735257600000,0.40355,0.42166,0.40193,0.41937,58920.43229077,1735300799999
1735300800000,0.41767,0.42215,0.40682,0.41227,19419.66990069,1735343999999
1735344000000,0.40801,0.40828,0.39851,0.40147,2573.84379818,1735387199999
1735387200000,0.4037,0.42393,0.4037,0.41918,14107.55602971,1735430399999
1735430400000,0.41675,0.41675,0.41149,0.41484,9228.3068459,1735473599999
1735473600000,0.40804,0.41116,0.39853,0.39977,4418.40945775,1735516799999
1735516800000,0.4037,0.41398,0.40182,0.40202,6230.88664685,1735559999999
1735560000000,0.40842,0.41099,0.39036,0.39764,10533.84111072,1735603199999
1735603200000,0.39191,0.40218,0.38808,0.39729,8225.39176194,1735646399999
1735646400000,0.40568,0.41319,0.39696,0.39696,13173.36495022,1735689599999
1735689600000,0.39566,0.39566,0.38229,0.38876,20993.80569507,1735732799999
1735732800000,0.38831,0.40733,0.38831,0.40535,35574.71640417,1735775999999
1735776000000,0.40802,0.42034,0.40802,0.41791,122558.12627964,1735819199999
1735819200000,0.42234,0.42443,0.41656,0.41844,4028.24516783,1735862399999
1735862400000,0.41512,0.42601,0.41295,0.42482,11438.03949067,1735905599999
1735905600000,0.42428,0.44768,0.42428,0.44477,10741.76028062,1735948799999
1735948800000,0.4463,0.4625,0.4449,0.45787,11684.73904682,1735991999999
1735992000000,0.46381,0.46627,0.45028,0.45415,25218.668914,1736035199999
1736035200000,0.4498,0.4498,0.44231,0.44231,10664.80773349,1736078399999
1736078400000,0.44567,0.44992,0.4194,0.43419,95897.39168386,1736121599999
1736121600000,0.43322,0.43609,0.42441,0.42623,53160.4745366,1736164799999
1736164800000,0.42533,0.44313,0.41995,0.4222,37528.32649297,1736207999999
1736208000000,0.41589,0.41815,0.40841,0.40841,14613.32721133,1736251199999
1736251200000,0.40913,0.41095,0.37426,0.37426,40917.4160454,1736294399999
1736294400000,0.37633,0.37633,0.357,0.36792,65217.79106511,1736337599999
1736337600000,0.3672,0.37382,0.3448,0.3565,41460.5637401,1736380799999
1736380800000,0.3571,0.3571,0.3445,0.35634,15441.68808795,1736423999999
1736424000000,0.342,0.35594,0.34092,0.34875,8503.16342236,1736467199999
1736467200000,0.35231,0.35992,0.34948,0.35992,5568.29772287,1736510399999
1736510400000,0.35677,0.35867,0.34312,0.35096,23094.21028448,1736553599999
1736553600000,0.34866,0.34985,0.34317,0.34899,2307.56044238,1736596799999
1736596800000,0.34849,0.359,0.34484,0.35741,43681.69401792,1736639999999
1736640000000,0.34848,0.3592,0.34683,0.35894,81106.32034177,1736683199999
1736683200000,0.35822,0.37054,0.35294,0.35825,139913.20186545,1736726399999
1736726400000,0.362,0.36358,0.31764,0.31889,259844.88078834,1736769599999
1736769600000,0.31478,0.33549,0.31478,0.33414,62415.14071709,1736812799999
1736812800000,0.33895,0.34416,0.33524,0.3358,15025.1032483,1736855999999
1736856000000,0.33479,0.34383,0.33286,0.34139,12169.70474269,1736899199999
1736899200000,0.34173,0.34217,0.33383,0.33394,6247.5846146,1736942399999
1736942400000,0.32745,0.35571,0.32745,0.35261,79648.53234891,1736985599999
1736985600000,0.3485,0.35142,0.34087,0.34963,65544.13024207,1737028799999
1737028800000,0.35325,0.35486,0.33624,0.34124,127324.48927839,1737071999999
1737072000000,0.35204,0.36,0.34528,0.35301,114516.92176917,1737115199999
1737115200000,0.35163,0.3569,0.34471,0.35604,71111.85809975,1737158399999
1737158400000,0.35844,0.35844,0.32004,0.32028,42600.87012825,1737201599999
1737201600000,0.32324,0.32361,0.30601,0.31427,20283.49847873,1737244799999
1737244800000,0.31885,0.31886,0.29516,0.29897,50390.84359899,1737287999999
1737288000000,0.2973,0.32642,0.28761,0.28898,194299.35923667,1737331199999
1737331200000,0.28674,0.3248,0.28,0.32428,218192.97823079,1737374399999
1737374400000,0.31531,0.31531,0.29414,0.30243,270588.06349527,1737417599999
1737417600000,0.29303,0.29877,0.28829,0.29877,14236.32837246,1737460799999
1737460800000,0.30408,0.31602,0.30266,0.30907,6149.27348954,1737503999999
1737504000000,0.31122,0.31502,0.30919,0.31203,40256.89671696,1737547199999
1737547200000,0.31663,0.31663,0.30522,0.30522,14978.48530001,1737590399999
1737590400000,0.30151,0.30197,0.29848,0.29897,12767.76309661,1737633599999
1737633600000,0.294,0.30792,0.29322,0.30289,32299.5845089,1737676799999
1737676800000,0.30685,0.30685,0.30449,0.30578,8805.53180011,1737719999999
1737720000000,0.30356,0.30459,0.28927,0.28927,18981.66675334,1737763199999
1737763200000,0.28514,0.29136,0.28461,0.29136,11102.10080002,1737806399999
1737806400000,0.28937,0.29228,0.28937,0.29228,1506.23262748,1737849599999
1737849600000,0.29243,0.29243,0.29099,0.29099,220.48755044,1737892799999
1737892800000,0.29068,0.29591,0.28349,0.28349,25183.76386575,1737935999999
1737936000000,0.2758,0.2758,0.24655,0.24672,71983.8993875,1737979199999
1737979200000,0.2474,0.26172,0.24647,0.2591,49972.57804559,1738022399999
1738022400000,0.26093,0.26245,0.25043,0.25043,17586.87778414,1738065599999
1738065600000,0.2509,0.25581,0.22837,0.22837,33761.04448852,1738108799999
1738108800000,0.22752,0.23979,0.22752,0.23854,111821.37802016,1738151999999
1738152000000,0.23277,0.24568,0.22714,0.24255,46481.73101221,1738195199999
1738195200000,0.23225,0.24323,0.23225,0.24323,10924.76203762,1738238399999
1738238400000,0.24316,0.24909,0.24219,0.24342,31273.49398616,1738281599999
1738281600000,0.24625,0.25073,0.24205,0.25073,28264.73279314,1738324799999
1738324800000,0.2518,0.25889,0.2459,0.2459,54274.60804148,1738367999999
1738368000000,0.24765,0.24765,0.24088,0.24239,2748.06851282,1738411199999
1738411200000,0.24023,0.24023,0.22095,0.22205,13401.36947546,1738454399999
1738454400000,0.22,0.22009,0.20956,0.20956,28089.85829325,1738497599999
1738497600000,0.21183,0.21467,0.17213,0.17512,113532.5472001,1738540799999
1738540800000,0.17432,0.17432,0.13827,0.17129,680489.39830527,1738583999999
1738584000000,0.17319,0.19379,0.16411,0.19379,475184.92831844,1738627199999
1738627200000,0.18916,0.18916,0.16532,0.17335,190562.7476828,1738670399999
1738670400000,0.17556,0.18038,0.17029,0.17029,66985.10369057,1738713599999
1738713600000,0.17663,0.17853,0.17496,0.17688,9773.54990311,1738756799999
1738756800000,0.17845,0.17911,0.17006,0.17006,22287.50741194,1738799999999
1738800000000,0.17165,0.17382,0.1652,0.16815,72097.52453669,1738843199999
1738843200000,0.16705,0.16732,0.16311,0.16311,53382.69944747,1738886399999
1738886400000,0.16459,0.16579,0.16459,0.16579,3699.64752805,1738929599999
1738929600000,0.16856,0.17141,0.16491,0.16491,55733.75685323,1738972799999
1738972800000,0.16597,0.16823,0.16532,0.16578,27893.44611013,1739015999999
1739016000000,0.16607,0.18424,0.16409,0.18137,990094.26067634,1739059199999
1739059200000,0.17816,0.20779,0.17813,0.18515,1174101.49237368,1739102399999
1739102400000,0.18531,0.18531,0.16694,0.17272,128268.01000149,1739145599999
1739145600000,0.17635,0.17751,0.16646,0.17164,56501.60354948,1739188799999
1739188800000,0.17174,0.28448,0.17174,0.26605,2.14854504729032E7,1739231999999
1739232000000,0.26496,0.30199,0.25357,0.25747,8926272.86393682,1739275199999
1739275200000,0.25821,0.28,0.24673,0.27678,2813459.82956521,1739318399999
1739318400000,0.27385,0.29812,0.25471,0.2786,2406010.63178353,1739361599999
1739361600000,0.27948,0.32,0.2619,0.30596,7249694.61539174,1739404799999
1739404800000,0.30455,0.3251,0.28449,0.30117,1219940.73723004,1739447999999
1739448000000,0.29968,0.31217,0.27321,0.27647,1885610.02658721,1739491199999
1739491200000,0.27368,0.29863,0.27065,0.27988,564351.53421277,1739534399999
1739534400000,0.27819,0.29101,0.27253,0.2845,404495.17039034,1739577599999
1739577600000,0.28108,0.31424,0.24358,0.25418,1022052.75065493,1739620799999
1739620800000,0.25385,0.25959,0.24337,0.24585,1072823.55908577,1739663999999
1739664000000,0.2459,0.2698,0.235,0.2517,822680.17317213,1739707199999
1739707200000,0.25131,0.2524,0.23655,0.24388,641512.79354497,1739750399999
1739750400000,0.24406,0.24844,0.2357,0.24598,242884.47189857,1739793599999
1739793600000,0.24665,0.2535,0.23265,0.23568,293332.90554601,1739836799999
1739836800000,0.23488,0.2713,0.23247,0.23994,862935.35043019,1739879999999
1739880000000,0.24053,0.24454,0.21233,0.2224,637188.2638984,1739923199999
1739923200000,0.22374,0.23485,0.22374,0.23441,244714.76963614,1739966399999
1739966400000,0.23248,0.23325,0.2239,0.22536,154200.39840658,1740009599999
1740009600000,0.22626,0.23532,0.22511,0.2349,68291.63074548,1740052799999
1740052800000,0.23574,0.25263,0.23315,0.25247,361246.71591602,1740095999999
1740096000000,0.25176,0.29368,0.24997,0.27426,1809366.73637472,1740139199999
1740139200000,0.2761,0.28595,0.25397,0.25941,1097534.52555843,1740182399999
1740182400000,0.25797,0.27842,0.25527,0.27753,99199.16032121,1740225599999
1740225600000,0.27706,0.29044,0.26858,0.28334,256436.88687447,1740268799999
1740268800000,0.28224,0.29157,0.27636,0.27636,98788.22032947,1740311999999
1740312000000,0.27537,0.2781,0.21606,0.22911,1979342.50698396,1740355199999
1740355200000,0.23157,0.23578,0.2121,0.21573,419853.13206669,1740398399999
1740398400000,0.21544,0.22096,0.205,0.21024,692982.12392283,1740441599999
1740441600000,0.20894,0.22669,0.2,0.22268,675685.5764729,1740484799999
1740484800000,0.22268,0.238,0.21604,0.21766,827853.42337821,1740527999999
1740528000000,0.21785,0.22109,0.2173,0.21936,122481.38763858,1740571199999
1740571200000,0.21812,0.225,0.20588,0.22222,115465.97602822,1740614399999
1740614400000,0.21969,0.23299,0.21898,0.23133,73631.82298902,1740657599999
1740657600000,0.23023,0.23379,0.22257,0.22646,98373.12985928,1740700799999
1740700800000,0.22351,0.224,0.20862,0.21749,27679.22493801,1740743999999
1740744000000,0.21857,0.22833,0.21857,0.22316,73071.54903134,1740787199999
1740787200000,0.21969,0.22012,0.21561,0.21561,4047.96096535,1740830399999
1740830400000,0.21348,0.21516,0.21215,0.21493,4151.51376527,1740873599999
1740873600000,0.21268,0.21735,0.21268,0.21702,7913.84367939,1740916799999
1740916800000,0.21453,0.242,0.21218,0.24191,103477.798109,1740959999999
1740960000000,0.23417,0.23529,0.21762,0.21762,20369.1763283,1741003199999
1741003200000,0.21848,0.21911,0.19654,0.19715,129802.38372097,1741046399999
1741046400000,0.18778,0.18778,0.17311,0.17915,77025.99762007,1741089599999
1741089600000,0.17584,0.18325,0.1735,0.17816,156953.40924079,1741132799999
1741132800000,0.17644,0.17655,0.17171,0.17436,22194.56403127,1741175999999
1741176000000,0.17436,0.18392,0.16857,0.18118,168392.25961722,1741219199999
1741219200000,0.17801,0.18076,0.17581,0.17729,62385.83119892,1741262399999
1741262400000,0.17595,0.17595,0.16846,0.17104,28776.32461512,1741305599999
1741305600000,0.1646,0.17197,0.1646,0.17197,4748.67638901,1741348799999
1741348800000,0.17089,0.17723,0.16997,0.17008,45599.88892501,1741391999999
1741392000000,0.17101,0.17101,0.16703,0.16777,480.56964692,1741435199999
1741435200000,0.16556,0.16628,0.16213,0.16213,5003.46322314,1741478399999
1741478400000,0.16348,0.16348,0.15815,0.15821,6520.91382535,1741521599999
1741521600000,0.1592,0.16178,0.14623,0.14623,11251.82241645,1741564799999
1741564800000,0.14722,0.15802,0.14554,0.15802,40728.41914608,1741607999999
1741608000000,0.15827,0.15827,0.145,0.14553,37966.03709017,1741651199999
1741651200000,0.13963,0.1613,0.13416,0.15736,268299.60304017,1741694399999
1741694400000,0.15572,0.17254,0.15137,0.16225,467188.05581051,1741737599999
1741737600000,0.15988,0.16222,0.15627,0.16034,24329.13871116,1741780799999
1741780800000,0.16075,0.16443,0.15713,0.16267,27975.93985754,1741823999999
1741824000000,0.16196,0.16326,0.16171,0.16244,51575.21983372,1741867199999
1741867200000,0.16668,0.16668,0.16092,0.16602,27508.9931467,1741910399999
1741910400000,0.16559,0.17065,0.16559,0.167,178212.45219318,1741953599999
1741953600000,0.16699,0.17146,0.16699,0.16902,19860.19272874,1741996799999
1741996800000,0.16842,0.16901,0.14348,0.15441,1148158.57238701,1742039999999
1742040000000,0.15404,0.16512,0.15392,0.16106,725445.94467698,1742083199999
1742083200000,0.16154,0.1616,0.1529,0.1529,121408.23501287,1742126399999
1742126400000,0.1547,0.15577,0.15097,0.15116,13494.19575806,1742169599999
1742169600000,0.15102,0.17903,0.15099,0.16952,754335.84107158,1742212799999
1742212800000,0.1705,0.17186,0.16713,0.16775,121738.37672807,1742255999999
1742256000000,0.1675,0.1675,0.16299,0.16492,59622.0735048,1742299199999
1742299200000,0.16553,0.16602,0.1593,0.16031,48608.22311504,1742342399999
1742342400000,0.16196,0.16555,0.16157,0.16499,175603.71635572,1742385599999
1742385600000,0.16496,0.17308,0.16175,0.1698,162601.84869984,1742428799999
1742428800000,0.16973,0.16973,0.16502,0.16517,101209.372537,1742471999999
1742472000000,0.16382,0.16848,0.16382,0.16658,155302.83139036,1742515199999
1742515200000,0.1666,0.18232,0.1666,0.17856,338670.012228,1742558399999
1742558400000,0.17924,0.18358,0.17648,0.18184,202363.20108068,1742601599999
1742601600000,0.1806,0.1855,0.17818,0.185,27573.46118444,1742644799999
1742644800000,0.18317,0.18659,0.18005,0.18215,44030.67339866,1742687999999
1742688000000,0.18114,0.18563,0.17966,0.18072,28396.01921772,1742731199999
1742731200000,0.17868,0.17928,0.1766,0.17852,25427.80039852,1742774399999
1742774400000,0.17906,0.18431,0.17906,0.18413,12027.86875194,1742817599999
1742817600000,0.18398,0.18574,0.18296,0.18574,13520.27922311,1742860799999
1742860800000,0.18701,0.18755,0.1841,0.1841,1100.3810981,1742903999999
1742904000000,0.18057,0.18232,0.1796,0.18232,20759.68961474,1742947199999
1742947200000,0.18155,0.18451,0.17956,0.18428,1298.73027627,1742990399999
1742990400000,0.18446,0.18532,0.17787,0.17787,25109.58482454,1743033599999
1743033600000,0.17928,0.18008,0.17737,0.17737,13362.01027151,1743076799999
1743076800000,0.17738,0.17787,0.17637,0.17758,18456.36854318,1743119999999
1743120000000,0.1769,0.17838,0.16581,0.16581,67288.27758394,1743163199999
1743163200000,0.16581,0.16652,0.15926,0.15962,6268.19729107,1743206399999
1743206400000,0.16539,0.16539,0.15764,0.15907,3285.43700821,1743249599999
1743249600000,0.15671,0.15694,0.1558,0.1558,754.00955742,1743292799999
1743292800000,0.15988,0.16144,0.15988,0.16066,9565.62892395,1743335999999
1743336000000,0.16103,0.16517,0.16016,0.16253,7841.65112259,1743379199999
1743379200000,0.16116,0.16116,0.15518,0.15797,274535.65471472,1743422399999
1743422400000,0.1578,0.15971,0.1577,0.1577,36357.54081742,1743465599999
1743465600000,0.16323,0.16386,0.15212,0.15477,112775.95331859,1743508799999
1743508800000,0.15616,0.15948,0.1531,0.1551,11964.69177833,1743551999999
1743552000000,0.15283,0.15283,0.15283,0.15283,32.63450351,1743595199999
1743595200000,0.15093,0.15093,0.1353,0.1353,58772.23213271,1743638399999
1743638400000,0.13746,0.14006,0.1217,0.12323,76668.49454455,1743681599999
1743681600000,0.12302,0.12451,0.1193,0.12416,17052.20233201,1743724799999
1743724800000,0.12507,0.12881,0.12507,0.12585,12240.69013014,1743767999999
1743768000000,0.12548,0.13112,0.12548,0.13056,21731.29237643,1743811199999
1743811200000,0.12931,0.13151,0.12919,0.13086,25308.09618854,1743854399999
1743854400000,0.13251,0.13251,0.12719,0.12764,14037.83551631,1743897599999
1743897600000,0.12756,0.1294,0.12733,0.12733,852.92180649,1743940799999
1743940800000,0.1255,0.1255,0.1095,0.1095,48527.39461425,1743983999999
1743984000000,0.10794,0.1114,0.10026,0.1114,143601.56136608,1744027199999
1744027200000,0.11331,0.12196,0.11247,0.11771,25184.38102508,1744070399999
1744070400000,0.11762,0.11762,0.11605,0.11621,4849.19085588,1744113599999
1744113600000,0.11386,0.11386,0.11056,0.11056,28920.92755717,1744156799999
1744156800000,0.10932,0.11077,0.10932,0.11077,1447.01919311,1744199999999
1744200000000,0.11118,0.12159,0.11118,0.12008,5295.65124612,1744243199999
1744243200000,0.11154,0.11154,0.10752,0.1076,25200.94440305,1744286399999
1744286400000,0.10952,0.11072,0.10488,0.10597,26382.34562559,1744329599999
1744329600000,0.10643,0.11032,0.10608,0.10976,1460.7258409,1744372799999
1744372800000,0.11056,0.13561,0.11056,0.12543,2313081.69565963,1744415999999
1744416000000,0.1247,0.13244,0.12287,0.12904,723161.38808013,1744459199999
1744459200000,0.12883,0.13244,0.12692,0.12828,116134.06515191,1744502399999
1744502400000,0.12794,0.18086,0.12554,0.14168,6680768.25597767,1744545599999
1744545600000,0.14063,0.15741,0.13811,0.14806,2877511.36353413,1744588799999
1744588800000,0.1487,0.16101,0.14428,0.15538,1694796.06835807,1744631999999
1744632000000,0.15468,0.17571,0.1536,0.16542,3063350.55221211,1744675199999
1744675200000,0.16748,0.18278,0.16383,0.17936,1445930.89850361,1744718399999
1744718400000,0.17968,0.199,0.17626,0.19223,2557088.10330063,1744761599999
1744761600000,0.19291,0.20015,0.16714,0.16866,939705.96834715,1744804799999
1744804800000,0.1696,0.17761,0.16158,0.16332,466440.98199746,1744847999999
1744848000000,0.1618,0.16471,0.14827,0.15741,461434.56591236,1744891199999
1744891200000,0.15877,0.165,0.15508,0.15588,134560.2817669,1744934399999
1744934400000,0.15625,0.18646,0.1553,0.17319,1377956.79612446,1744977599999
1744977600000,0.17362,0.1791,0.15894,0.16813,821659.36058791,1745020799999
1745020800000,0.16661,0.17484,0.16661,0.17163,284116.74604231,1745063999999
1745064000000,0.17126,0.17337,0.1661,0.16783,63097.68364181,1745107199999
1745107200000,0.16743,0.16743,0.15896,0.16062,298187.80218843,1745150399999
1745150400000,0.16024,0.16256,0.15576,0.15774,164336.8538969,1745193599999
1745193600000,0.15741,0.17202,0.15699,0.162,846364.88419918,1745236799999
1745236800000,0.16265,0.16944,0.15799,0.15892,353537.398676,1745279999999
1745280000000,0.16092,0.16501,0.15386,0.15394,222934.35598633,1745323199999
1745323200000,0.15443,0.16272,0.1514,0.16193,991550.74552647,1745366399999
1745366400000,0.17174,0.17384,0.16192,0.16665,429250.70536526,1745409599999
1745409600000,0.16741,0.16995,0.15143,0.1585,363621.74728118,1745452799999
1745452800000,0.15811,0.16007,0.1514,0.15357,74243.56608688,1745495999999
1745496000000,0.15278,0.16209,0.1515,0.1592,492506.23424421,1745539199999
1745539200000,0.16043,0.16473,0.15317,0.16088,447866.13379112,1745582399999
1745582400000,0.16056,0.16127,0.15128,0.15788,195493.16377024,1745625599999
1745625600000,0.15802,0.18132,0.15802,0.16899,862461.65114322,1745668799999
1745668800000,0.1706,0.17234,0.16647,0.1698,186520.36387857,1745711999999
1745712000000,0.1702,0.1702,0.15478,0.16242,115894.95741423,1745755199999
1745755200000,0.16388,0.16388,0.15613,0.15814,122136.73074641,1745798399999
1745798400000,0.15706,0.16383,0.14097,0.16001,687935.59891237,1745841599999
1745841600000,0.1586,0.16006,0.14992,0.15371,171715.65811085,1745884799999
1745884800000,0.15427,0.16084,0.15312,0.15785,270644.88604176,1745927999999
1745928000000,0.15819,0.15887,0.15089,0.15238,283597.83498544,1745971199999
1745971200000,0.15308,0.15469,0.15063,0.15295,101693.84186238,1746014399999
1746014400000,0.14834,0.15305,0.1418,0.15305,295619.25334997,1746057599999
1746057600000,0.15179,0.15761,0.14897,0.15728,355176.34454134,1746100799999
1746100800000,0.15703,0.16474,0.15695,0.1605,579338.20690165,1746143999999
1746144000000,0.16039,0.1633,0.15377,0.15629,124129.32810795,1746187199999
1746187200000,0.1557,0.16056,0.15558,0.15922,53705.75901292,1746230399999
1746230400000,0.16184,0.1707,0.16112,0.16153,514376.48059202,1746273599999
1746273600000,0.16054,0.16366,0.15135,0.15369,144622.7215683,1746316799999
1746316800000,0.15034,0.1515,0.13891,0.14253,296952.58397303,1746359999999
1746360000000,0.14278,0.14369,0.1358,0.13717,326372.7362679,1746403199999
1746403200000,0.13765,0.14637,0.13765,0.14379,228221.72163937,1746446399999
1746446400000,0.14253,0.14619,0.14083,0.14197,488229.64549343,1746489599999
1746489600000,0.14125,0.14568,0.13844,0.13844,189248.53819499,1746532799999
1746532800000,0.13829,0.13973,0.1327,0.13814,231329.39232457,1746575999999
1746576000000,0.13965,0.15473,0.13965,0.15459,1571098.16278834,1746619199999
1746619200000,0.15358,0.16078,0.14294,0.14868,1302448.37117021,1746662399999
1746662400000,0.1484,0.16958,0.1484,0.16669,730674.41976943,1746705599999
1746705600000,0.16691,0.17544,0.16423,0.17025,175597.0642921,1746748799999
1746748800000,0.1725,0.18628,0.1725,0.1783,336612.21035774,1746791999999
1746792000000,0.1797,0.1858,0.16993,0.18545,165186.86657438,1746835199999
1746835200000,0.18771,0.207,0.1849,0.1849,535404.58460868,1746878399999
1746878400000,0.18615,0.19524,0.18254,0.19524,112033.2163705,1746921599999
1746921600000,0.19608,0.19752,0.17859,0.18364,177858.26354366,1746964799999
1746964800000,0.18679,0.18886,0.18172,0.18702,177370.4739962,1747007999999
1747008000000,0.18639,0.2174,0.1805,0.20356,273235.65237378,1747051199999
1747051200000,0.20637,0.21018,0.19035,0.19563,168599.73558478,1747094399999
1747094400000,0.19018,0.19081,0.1799,0.18778,91153.59576516,1747137599999
1747137600000,0.185,0.19919,0.18488,0.19915,142561.00308034,1747180799999
1747180800000,0.19553,0.20333,0.18953,0.1988,104315.59027009,1747223999999
1747224000000,0.19813,0.19813,0.18737,0.19127,151571.08062384,1747267199999
1747267200000,0.19314,0.19315,0.17402,0.1741,41536.64649954,1747310399999
1747310400000,0.17608,0.18093,0.16919,0.17319,2760.26635005,1747353599999
1747353600000,0.17165,0.17419,0.17017,0.17362,2985.90422206,1747396799999
1747396800000,0.17151,0.17215,0.16364,0.16364,12725.61360371,1747439999999
1747440000000,0.161,0.161,0.15752,0.15956,18142.62021701,1747483199999
1747483200000,0.16,0.16115,0.15685,0.15813,51136.64347051,1747526399999
1747526400000,0.1595,0.16544,0.1595,0.16518,1798.76582172,1747569599999
1747569600000,0.16282,0.1714,0.15724,0.16424,36384.29170659,1747612799999
1747612800000,0.16598,0.16598,0.15457,0.15471,17318.04172087,1747655999999
1747656000000,0.15368,0.16282,0.15368,0.16164,2558.81286203,1747699199999
1747699200000,0.16386,0.18202,0.16386,0.17279,127301.53193717,1747742399999
1747742400000,0.16977,0.17202,0.16796,0.1709,16476.54783553,1747785599999
1747785600000,0.17316,0.17701,0.16967,0.17258,5760.52264478,1747828799999
1747828800000,0.17436,0.18202,0.17123,0.18046,28246.55878857,1747871999999
1747872000000,0.18341,0.29592,0.18341,0.25008,4262743.03806057,1747915199999
1747915200000,0.25012,0.26184,0.23603,0.24645,2424535.58411793,1747958399999
1747958400000,0.24782,0.2606,0.2305,0.23051,536942.1600757,1748001599999
1748001600000,0.23169,0.24341,0.22703,0.23816,454384.00360551,1748044799999
1748044800000,0.2414,0.28722,0.23611,0.26228,1957626.16624514,1748087999999
1748088000000,0.261,0.27697,0.23204,0.23479,1645228.44936713,1748131199999
1748131200000,0.23518,0.25142,0.22583,0.23422,306609.06625949,1748174399999
1748174400000,0.23485,0.25819,0.23139,0.25819,368758.33672483,1748217599999
1748217600000,0.25591,0.27662,0.24506,0.24939,501828.28355912,1748260799999
1748260800000,0.249,0.25827,0.24668,0.24901,347254.21624982,1748303999999
1748304000000,0.24938,0.26364,0.24249,0.26215,339547.95271291,1748347199999
1748347200000,0.26281,0.26721,0.24285,0.24285,219655.58473053,1748390399999
1748390400000,0.24656,0.24656,0.23731,0.24452,157555.01622585,1748433599999
1748433600000,0.24448,0.2464,0.23223,0.24277,204941.92274435,1748476799999
1748476800000,0.24262,0.24921,0.236,0.23603,15605.48168238,1748519999999
1748520000000,0.23542,0.23542,0.21778,0.21778,112165.12967021,1748563199999
1748563200000,0.21805,0.21936,0.1992,0.20036,135588.16392213,1748606399999
1748606400000,0.19869,0.20209,0.17971,0.17971,120553.88229469,1748649599999
1748649600000,0.1755,0.18948,0.1755,0.18466,39260.80526521,1748692799999
1748692800000,0.18609,0.18747,0.18325,0.18469,97331.63075306,1748735999999
1748736000000,0.1831,0.1831,0.17606,0.1782,7371.08048663,1748779199999
1748779200000,0.17944,0.19558,0.17691,0.19476,62500.63874541,1748822399999
1748822400000,0.19367,0.19963,0.18256,0.18346,103081.41454524,1748865599999
1748865600000,0.18319,0.23084,0.18241,0.2259,2144167.05146991,1748908799999
1748908800000,0.2259,0.242,0.21729,0.21967,1248305.71317158,1748951999999
1748952000000,0.2204,0.23263,0.22026,0.2233,647237.14561465,1748995199999
1748995200000,0.223,0.22575,0.20937,0.20937,163637.20207511,1749038399999
1749038400000,0.20924,0.22,0.20901,0.2157,120243.27964511,1749081599999
1749081600000,0.21444,0.21902,0.2117,0.21425,62709.46368143,1749124799999
1749124800000,0.21667,0.2259,0.19569,0.19979,126504.73606588,1749167999999
1749168000000,0.202,0.21111,0.20143,0.20546,22287.04030529,1749211199999
1749211200000,0.21076,0.21076,0.20082,0.20082,19055.93429279,1749254399999
1749254400000,0.2014,0.21096,0.2014,0.20919,42108.80747008,1749297599999
1749297600000,0.21065,0.21065,0.20729,0.20931,5119.90423316,1749340799999
1749340800000,0.20677,0.20677,0.20255,0.20312,12657.96320815,1749383999999
1749384000000,0.20443,0.20574,0.20135,0.20368,1018.79041973,1749427199999
1749427200000,0.20014,0.20096,0.19037,0.19878,159804.78439431,1749470399999
1749470400000,0.20083,0.20981,0.19876,0.20981,13126.26556724,1749513599999
1749513600000,0.21096,0.22924,0.20419,0.22674,119710.72661957,1749556799999
1749556800000,0.22577,0.23875,0.21764,0.22162,209486.21651524,1749599999999
1749600000000,0.21905,0.21905,0.20966,0.20966,32736.27322534,1749643199999
1749643200000,0.21497,0.22269,0.20355,0.20397,4377.69875281,1749686399999
1749686400000,0.20544,0.20544,0.19672,0.19672,14494.98275656,1749729599999
1749729600000,0.19675,0.20353,0.18952,0.19081,9396.66486511,1749772799999
1749772800000,0.18881,0.18881,0.18124,0.18807,5564.04336887,1749815999999
1749816000000,0.19105,0.19322,0.16779,0.17666,150115.41989873,1749859199999
1749859200000,0.17486,0.17682,0.17009,0.17501,81693.55204287,1749902399999
1749902400000,0.17636,0.17636,0.16903,0.17424,43689.58104652,1749945599999
1749945600000,0.17662,0.18692,0.17617,0.1786,51090.64399678,1749988799999
1749988800000,0.17895,0.17911,0.1736,0.1736,34332.69708629,1750031999999
1750032000000,0.18358,0.18833,0.18143,0.18186,9555.06918135,1750075199999
1750075200000,0.18303,0.18303,0.17886,0.17886,3988.58389477,1750118399999
1750118400000,0.17412,0.17412,0.1688,0.16939,2111.57139773,1750161599999
1750161600000,0.17051,0.17144,0.16517,0.1678,11430.57713214,1750204799999
1750204800000,0.16915,0.16915,0.16421,0.16421,481.3549729,1750247999999
1750248000000,0.16,0.16766,0.1587,0.16712,20926.31614487,1750291199999
1750291200000,0.16701,0.17176,0.16415,0.1665,1093.02890601,1750334399999
1750334400000,0.163,0.1635,0.16139,0.162,7096.99778616,1750377599999
1750377600000,0.16176,0.16632,0.16176,0.16606,12483.46518756,1750420799999
1750420800000,0.16806,0.16908,0.16042,0.168,24035.95886596,1750463999999
1750464000000,0.1629,0.17047,0.1629,0.16968,6581.27178704,1750507199999
1750507200000,0.16953,0.16953,0.15366,0.155,57875.07876653,1750550399999
1750550400000,0.16495,0.1657,0.15506,0.15506,524.07202343,1750593599999
1750593600000,0.15212,0.16822,0.15,0.15866,116523.96368136,1750636799999
1750636800000,0.16336,0.17155,0.16336,0.17055,88122.34305072,1750679999999
1750680000000,0.17163,0.1844,0.17034,0.1844,494545.32569657,1750723199999
1750723200000,0.18281,0.18484,0.17927,0.18105,70171.77555045,1750766399999
1750766400000,0.18027,0.18485,0.17981,0.18074,16161.9203411,1750809599999
1750809600000,0.18289,0.18656,0.1808,0.18608,3121.4544803,1750852799999
1750852800000,0.18312,0.18313,0.17626,0.17626,2381.09584067,1750895999999
1750896000000,0.17851,0.18614,0.17851,0.18078,66624.94134093,1750939199999
1750939200000,0.17949,0.18159,0.17323,0.17401,11393.0135139,1750982399999
1750982400000,0.17624,0.17624,0.17274,0.17274,23009.4605425,1751025599999
1751025600000,0.17338,0.19293,0.1705,0.18607,318400.47674595,1751068799999
1751068800000,0.18555,0.20515,0.18216,0.2007,930337.02026411,1751111999999
1751112000000,0.2008,0.20438,0.19056,0.19287,311274.03966391,1751155199999
1751155200000,0.19069,0.19846,0.18949,0.19667,65944.15229669,1751198399999
1751198400000,0.197,0.19835,0.19149,0.19835,41941.67755672,1751241599999
1751241600000,0.19841,0.19956,0.194,0.19956,13000.37896469,1751284799999
1751284800000,0.19835,0.20186,0.19516,0.20186,15509.58254678,1751327999999
1751328000000,0.20232,0.20232,0.18961,0.19046,21786.75899526,1751371199999
1751371200000,0.19001,0.19157,0.1895,0.1895,3890.12401055,1751414399999
1751414400000,0.19072,0.19956,0.19034,0.19753,9424.08980329,1751457599999
1751457600000,0.2045,0.21201,0.2045,0.20602,54699.4006918,1751500799999
1751500800000,0.20062,0.20062,0.1964,0.19725,7987.3493501,1751543999999
1751544000000,0.19889,0.20023,0.19078,0.19078,46163.7013972,1751587199999
1751587200000,0.19192,0.19192,0.18158,0.1847,34831.52401063,1751630399999
1751630400000,0.17816,0.17816,0.175,0.17758,4765.16731657,1751673599999
1751673600000,0.17779,0.17779,0.17643,0.17752,4837.64775809,1751716799999
1751716800000,0.17676,0.17676,0.17194,0.17303,18796.40226034,1751759999999
1751760000000,0.16968,0.16989,0.16945,0.16989,135.37194655,1751803199999
1751803200000,0.17145,0.176,0.17145,0.176,14976.21791804,1751846399999
1751846400000,0.17425,0.1765,0.17425,0.17503,4000.66966185,1751889599999
1751889600000,0.173,0.1772,0.16883,0.16932,51167.08009442,1751932799999
1751932800000,0.16909,0.174,0.16431,0.172,143174.09511382,1751975999999
1751976000000,0.17297,0.17411,0.1695,0.17411,11116.93951131,1752019199999
1752019200000,0.17721,0.17821,0.17654,0.17673,4233.39335983,1752062399999
1752062400000,0.17415,0.18145,0.17414,0.18145,20233.38052557,1752105599999
1752105600000,0.18365,0.18646,0.18274,0.18274,14574.20605458,1752148799999
1752148800000,0.18506,0.20488,0.185,0.20088,103937.22771777,1752191999999
1752192000000,0.2123,0.23532,0.2123,0.21843,299098.32878572,1752235199999
1752235200000,0.22244,0.22792,0.21856,0.21918,102714.73037834,1752278399999
1752278400000,0.22134,0.22417,0.21254,0.21736,51567.17197095,1752321599999
1752321600000,0.21616,0.21616,0.2028,0.20935,43116.74356733,1752364799999
1752364800000,0.20667,0.21468,0.20623,0.21468,10176.48329917,1752407999999
1752408000000,0.22022,0.22351,0.21878,0.22314,8162.4031324,1752451199999
1752451200000,0.22376,0.2379,0.215,0.22372,90933.78124823,1752494399999
1752494400000,0.22506,0.22506,0.21854,0.22326,43691.24137876,1752537599999
1752537600000,0.22337,0.22757,0.21088,0.21952,99622.08340404,1752580799999
1752580800000,0.22312,0.24118,0.21871,0.23766,58113.6260104,1752623999999
1752624000000,0.24097,0.24701,0.2347,0.2347,77278.45325822,1752667199999
1752667200000,0.23757,0.23922,0.23144,0.23539,38052.2999339,1752710399999
1752710400000,0.22847,0.23215,0.22344,0.23086,5007.09337186,1752753599999
1752753600000,0.22804,0.23269,0.22178,0.22289,22712.13159092,1752796799999
1752796800000,0.235,0.248,0.23399,0.23748,55479.80148265,1752839999999
1752840000000,0.23842,0.23954,0.22589,0.22589,59811.5183726,1752883199999
1752883200000,0.22821,0.22821,0.22216,0.22393,8944.29488773,1752926399999
1752926400000,0.22397,0.23344,0.22396,0.23344,10675.49396738,1752969599999
1752969600000,0.23224,0.24462,0.23224,0.23759,25886.31534882,1753012799999
1753012800000,0.23632,0.24224,0.2355,0.23608,5642.76682807,1753055999999
1753056000000,0.23868,0.24509,0.23711,0.24048,17453.96184643,1753099199999
1753099200000,0.2401,0.24208,0.23376,0.23708,26311.69976417,1753142399999
1753142400000,0.23146,0.23805,0.2208,0.22694,59366.59897421,1753185599999
1753185600000,0.22747,0.23137,0.22343,0.23128,24511.85782307,1753228799999
1753228800000,0.24,0.26126,0.23597,0.24992,205602.7876655,1753271999999
1753272000000,0.23984,0.23984,0.21133,0.21746,155559.94562442,1753315199999
1753315200000,0.21944,0.3064,0.21944,0.23503,1006068.30099867,1753358399999
1753358400000,0.23346,0.2462,0.22778,0.23032,251425.77993681,1753401599999
1753401600000,0.22884,0.23488,0.22459,0.23383,86658.42556862,1753444799999
1753444800000,0.23381,0.24611,0.22546,0.24561,41538.56998712,1753487999999
1753488000000,0.24631,0.2486,0.239,0.239,9583.9799408,1753531199999
1753531200000,0.23899,0.23899,0.23516,0.23586,3012.27083863,1753574399999
1753574400000,0.23572,0.24647,0.23572,0.24484,27610.98833756,1753617599999
1753617600000,0.24509,0.26824,0.24385,0.25451,228182.63834473,1753660799999
1753660800000,0.25254,0.30787,0.25254,0.29899,734716.20148614,1753703999999
1753704000000,0.29904,0.30299,0.26181,0.26181,398365.98121825,1753747199999
1753747200000,0.26932,0.28988,0.25636,0.27738,128902.39252131,1753790399999
1753790400000,0.27581,0.282,0.26096,0.26351,64885.09187727,1753833599999
1753833600000,0.25829,0.26447,0.24547,0.24547,31887.84894099,1753876799999
1753876800000,0.24784,0.26508,0.24778,0.255,11984.46980828,1753919999999
1753920000000,0.26008,0.27621,0.26008,0.26423,100853.69884789,1753963199999
1753963200000,0.26382,0.26382,0.24244,0.24442,8647.59495207,1754006399999
1754006400000,0.23538,0.24645,0.23244,0.23969,37016.18867256,1754049599999
1754049600000,0.23762,0.23794,0.2286,0.2286,3776.42521107,1754092799999
1754092800000,0.23424,0.23424,0.22339,0.22488,1953.21276589,1754135999999
1754136000000,0.22584,0.22584,0.218,0.2237,111073.21623539,1754179199999
1754179200000,0.22382,0.23264,0.22382,0.23264,10224.4861659,1754222399999
1754222400000,0.23289,0.23563,0.2304,0.232,44155.18626836,1754265599999
1754265600000,0.237,0.24041,0.237,0.23897,137.74354785,1754308799999
1754308800000,0.23931,0.25269,0.2392,0.25108,134320.81273196,1754351999999
1754352000000,0.24894,0.24894,0.23506,0.24187,13283.33673617,1754395199999
1754395200000,0.23695,0.238,0.22338,0.226,106631.09102603,1754438399999
1754438400000,0.22639,0.23096,0.22341,0.23096,32244.47613515,1754481599999
1754481600000,0.23452,0.24427,0.23452,0.23965,19269.81262616,1754524799999
1754524800000,0.23842,0.24995,0.23634,0.24872,10483.69476068,1754567999999
1754568000000,0.24831,0.25167,0.24094,0.25167,6396.53446633,1754611199999
1754611200000,0.24941,0.25449,0.24644,0.24862,5182.82740301,1754654399999
1754654400000,0.24632,0.2539,0.24317,0.2506,72749.38902039,1754697599999
1754697600000,0.24936,0.26257,0.24936,0.26257,26035.71386734,1754740799999
1754740800000,0.2614,0.26852,0.2614,0.26313,25408.73229707,1754783999999
1754784000000,0.26585,0.2673,0.24939,0.24939,25409.282033,1754827199999
1754827200000,0.25298,0.26278,0.25166,0.26214,11319.93260437,1754870399999
1754870400000,0.2652,0.33615,0.2652,0.28311,1237316.36167873,1754913599999
1754913600000,0.28198,0.28609,0.25783,0.26044,209079.98744465,1754956799999
1754956800000,0.2582,0.26733,0.25,0.26022,111177.11676896,1754999999999
1755000000000,0.25521,0.26821,0.2521,0.26001,54013.18260909,1755043199999
1755043200000,0.26201,0.27339,0.25811,0.27108,151106.94937188,1755086399999
1755086400000,0.26822,0.26879,0.25888,0.26185,59109.51063013,1755129599999
1755129600000,0.261,0.26859,0.24731,0.25394,100650.43654989,1755172799999
1755172800000,0.25047,0.25047,0.2294,0.24219,89858.14962986,1755215999999
1755216000000,0.24214,0.24881,0.24214,0.24769,12457.594808,1755259199999
1755259200000,0.24317,0.24564,0.2375,0.23933,22067.91972341,1755302399999
1755302400000,0.242,0.2426,0.24081,0.24081,5299.10824874,1755345599999
1755345600000,0.24543,0.24543,0.24543,0.24543,330.0,1755388799999
1755388800000,0.24883,0.24954,0.24883,0.24954,35.07232815,1755431999999
1755432000000,0.24801,0.24846,0.24188,0.24331,8096.00618283,1755475199999
1755475200000,0.24227,0.24227,0.22976,0.23036,19954.80353996,1755518399999
1755518400000,0.23401,0.236,0.23163,0.236,10169.41557014,1755561599999
1755561600000,0.226,0.23333,0.22565,0.23333,38398.83326076,1755604799999
1755604800000,0.23317,0.23317,0.225,0.22837,9462.01846301,1755647999999
1755648000000,0.23193,0.23453,0.23131,0.23174,11185.63219474,1755691199999
1755691200000,0.23332,0.24846,0.22891,0.24695,32353.97913121,1755734399999
1755734400000,0.24473,0.24473,0.23668,0.23668,489.30565244,1755777599999
1755777600000,0.23729,0.24137,0.23635,0.23899,803.50623769,1755820799999
1755820800000,0.24402,0.24666,0.2384,0.24062,37932.93722126,1755863999999
1755864000000,0.235,0.2632,0.23401,0.2632,43801.7401687,1755907199999
1755907200000,0.26321,0.26321,0.25896,0.2604,17552.26216217,1755950399999
1755950400000,0.26112,0.27612,0.25793,0.26114,124132.99336657,1755993599999
1755993600000,0.2597,0.2597,0.24912,0.24912,2756.05960561,1756036799999
1756036800000,0.25109,0.25727,0.24985,0.25584,36320.45694508,1756079999999
1756080000000,0.24338,0.24338,0.23634,0.23744,15515.84959972,1756123199999
1756123200000,0.24231,0.24231,0.22463,0.22545,5651.40252124,1756166399999
1756166400000,0.23232,0.23377,0.22936,0.22936,1494.13051648,1756209599999
1756209600000,0.23347,0.24117,0.23146,0.2396,14245.97106002,1756252799999
1756252800000,0.2358,0.2358,0.2358,0.2358,21.62849873,1756295999999
1756296000000,0.23765,0.23765,0.23765,0.23765,653.58259701,1756339199999
1756339200000,0.23822,0.24101,0.23822,0.24039,2313.65798774,1756382399999
1756382400000,0.24343,0.24343,0.23627,0.23627,130.09934467,1756425599999
1756425600000,0.23828,0.23828,0.22294,0.2267,3515.39758547,1756468799999
1756468800000,0.22635,0.22743,0.22297,0.22551,2777.33751232,1756511999999
1756512000000,0.22338,0.23097,0.22338,0.23097,2148.42685793,1756555199999
1756555200000,0.23002,0.23035,0.22897,0.23035,2530.03100022,1756598399999
1756598400000,0.23445,0.24168,0.23376,0.23955,64190.22330148,1756641599999
1756641600000,0.23907,0.24279,0.23178,0.23178,26302.25488735,1756684799999
1756684800000,0.22701,0.22701,0.22465,0.22465,4219.87921641,1756727999999
1756728000000,0.2274,0.2274,0.209,0.2109,26143.62579584,1756771199999
1756771200000,0.2186,0.22146,0.2171,0.22044,25821.2003725,1756814399999
1756814400000,0.21176,0.21808,0.21176,0.21808,1669.44912915,1756857599999
1756857600000,0.21624,0.21804,0.2147,0.21534,19265.16790522,1756900799999
1756900800000,0.21805,0.22091,0.21784,0.21899,3059.60201286,1756943999999
1756944000000,0.21662,0.21662,0.20657,0.20762,4233.19935435,1756987199999
1756987200000,0.2075,0.2075,0.2,0.20508,77190.21470043,1757030399999
1757030400000,0.2086,0.21114,0.2086,0.21114,4236.09913411,1757073599999
1757073600000,0.21225,0.21225,0.20595,0.21026,2033.08634994,1757116799999
1757116800000,0.21164,0.2118,0.20614,0.20614,4748.66931178,1757159999999
1757160000000,0.20644,0.20657,0.20494,0.20657,11035.04031687,1757203199999
1757203200000,0.21251,0.21573,0.21251,0.21477,2199.39350566,1757246399999
1757246400000,0.21416,0.218,0.2123,0.2123,8466.22601921,1757289599999
1757289600000,0.21722,0.21722,0.21536,0.21659,186.33128802,1757332799999
1757332800000,0.22047,0.22103,0.2145,0.2145,14209.87722665,1757375999999
1757376000000,0.22167,0.22243,0.21954,0.22017,2731.25109278,1757419199999
1757419200000,0.21951,0.21951,0.20906,0.20906,17004.56138379,1757462399999
1757462400000,0.21556,0.21975,0.21556,0.21693,166.41709551,1757505599999
1757505600000,0.21972,0.22713,0.21505,0.21736,61550.57161477,1757548799999
1757592000000,0.21623,0.21713,0.21167,0.21713,5163.47878063,1757635199999
1757635200000,0.21762,0.21909,0.21606,0.21606,31964.60961,1757678399999
1757678400000,0.22038,0.22744,0.22038,0.22744,8337.46059164,1757721599999
1757721600000,0.23017,0.23389,0.22734,0.23389,4474.72151656,1757764799999
1757764800000,0.22931,0.22936,0.22193,0.22508,15184.02521822,1757807999999
1757808000000,0.22861,0.22861,0.22134,0.22134,3162.73986076,1757851199999
1757851200000,0.21745,0.22221,0.21745,0.22203,12453.99597026,1757894399999
1757894400000,0.2183,0.2183,0.20969,0.21129,2060.8475482,1757937599999
1757937600000,0.20786,0.20786,0.20604,0.20743,629.81724931,1757980799999
1757980800000,0.2091,0.21123,0.20767,0.20767,1937.83477491,1758023999999
1758024000000,0.20848,0.22095,0.20848,0.21837,155275.56370639,1758067199999
1758067200000,0.22347,0.2357,0.21679,0.22178,73621.71843659,1758110399999
1758110400000,0.22173,0.23315,0.21296,0.23315,23390.44240525,1758153599999
1758153600000,0.23199,0.24033,0.23165,0.23403,40180.62670718,1758196799999
1758196800000,0.23304,0.246,0.23304,0.2397,20654.68889019,1758239999999
1758240000000,0.2395,0.24136,0.23498,0.23498,10049.46900693,1758283199999
1758283200000,0.22648,0.23015,0.22563,0.23015,9551.17743367,1758326399999
1758326400000,0.23149,0.2551,0.23149,0.24214,210044.95892425,1758369599999
1758369600000,0.2494,0.398,0.24794,0.34189,6663757.01390651,1758412799999
1758412800000,0.34139,0.35815,0.27369,0.2756,9169957.95761763,1758455999999
1758456000000,0.27528,0.3062,0.27528,0.30146,3177191.16189982,1758499199999
1758499200000,0.29713,0.3005,0.24148,0.25006,2052755.50751305,1758542399999
1758542400000,0.25391,0.27343,0.24408,0.26585,539141.6223607,1758585599999
1758585600000,0.26418,0.26877,0.25094,0.25611,352881.00493363,1758628799999
1758628800000,0.25635,0.28965,0.25635,0.27204,1146594.22785528,1758671999999
1758672000000,0.27281,0.28355,0.25486,0.27438,504617.86525379,1758715199999
1758715200000,0.27653,0.29479,0.266,0.26766,277757.75523709,1758758399999
1758758400000,0.26766,0.26766,0.24659,0.24931,147041.42659326,1758801599999
1758801600000,0.24723,0.25026,0.23286,0.23286,370538.43491016,1758844799999
1758844800000,0.2392,0.2423,0.22891,0.23171,126645.84550863,1758887999999
1758888000000,0.228,0.24034,0.22446,0.23474,73204.35131086,1758931199999
1758931200000,0.23528,0.24888,0.23226,0.24412,84354.68734432,1758974399999
1758974400000,0.2454,0.25426,0.24395,0.24576,441479.29085737,1759017599999
1759017600000,0.23859,0.24648,0.23859,0.23993,39615.56588161,1759060799999
1759060800000,0.23753,0.2462,0.23753,0.24574,255682.48933538,1759103999999
1759104000000,0.24365,0.24994,0.23742,0.23742,59014.79919083,1759147199999
1759147200000,0.23427,0.24123,0.23029,0.23462,14285.17270481,1759190399999
1759190400000,0.23164,0.2356,0.22905,0.22905,57690.37293002,1759233599999
1759233600000,0.22864,0.23766,0.21945,0.23727,562330.27382535,1759276799999
1759276800000,0.24049,0.25375,0.2385,0.25375,46721.56622879,1759319999999
1759320000000,0.25143,0.26457,0.24709,0.25443,427802.41118075,1759363199999
1759363200000,0.25341,0.25726,0.25094,0.2556,203959.42988562,1759406399999
1759406400000,0.25605,0.2706,0.25451,0.26875,433799.08039938,1759449599999
1759449600000,0.26437,0.275,0.26031,0.26304,136433.87207761,1759492799999
1759492800000,0.26209,0.28,0.26209,0.27305,76899.00833946,1759535999999
1759536000000,0.26967,0.27487,0.2629,0.26793,58150.76408695,1759579199999
1759579200000,0.26355,0.28392,0.26033,0.2785,287359.48847066,1759622399999
1759622400000,0.27837,0.2868,0.27405,0.27645,64188.32798811,1759665599999
1759665600000,0.27472,0.28035,0.26783,0.27108,12974.53500497,1759708799999
1759708800000,0.27472,0.30006,0.27327,0.29643,279314.4660182,1759751999999
1759752000000,0.29635,0.31186,0.29173,0.2929,262939.52260006,1759795199999
1759795200000,0.29816,0.39937,0.29,0.37349,804403.41035431,1759838399999
1759838400000,0.37666,0.392,0.32673,0.34621,2478360.69202984,1759881599999
1759881600000,0.34705,0.4939,0.34124,0.44851,4439237.62364549,1759924799999
1759924800000,0.44839,0.48939,0.42415,0.45389,3431927.14173604,1759967999999
1759968000000,0.45521,0.46338,0.37807,0.38367,925199.75104149,1760011199999
1760011200000,0.38245,0.399,0.36802,0.38266,451459.52496456,1760054399999
1760054400000,0.38309,0.3835,0.35401,0.37099,214160.16083952,1760097599999
1760097600000,0.37418,0.379,0.24,0.29334,394344.83392398,1760140799999
1760140800000,0.30089,0.32918,0.29619,0.3175,270443.52847109,1760183999999
1760184000000,0.31698,0.34139,0.29933,0.31056,212007.57123422,1760227199999
1760227200000,0.31003,0.36765,0.30245,0.35128,278213.47634917,1760270399999
1760270400000,0.357,0.37667,0.34068,0.34879,389154.58101568,1760313599999
1760313600000,0.34609,0.36335,0.33406,0.33675,76559.43870226,1760356799999
1760356800000,0.33658,0.34815,0.33066,0.34768,77035.15400308,1760399999999
1760400000000,0.351,0.35562,0.30329,0.30811,81171.3765064,1760443199999
1760443200000,0.3068,0.32679,0.30359,0.32277,27969.59871549,1760486399999
1760486400000,0.31641,0.32442,0.31071,0.31071,5899.22212709,1760529599999
1760529600000,0.31201,0.31532,0.29417,0.29454,30853.16174113,1760572799999
1760572800000,0.29864,0.30551,0.285,0.29696,31612.86071154,1760615999999
1760616000000,0.29568,0.29632,0.28001,0.281,17355.79329244,1760659199999
1760659200000,0.284,0.286,0.24959,0.26777,424469.38544984,1760702399999
1760702400000,0.26777,0.27349,0.26431,0.26993,22314.2937013,1760745599999
1760745600000,0.26796,0.27338,0.263,0.26601,697614.12656817,1760788799999
1760788800000,0.26659,0.26659,0.25816,0.25941,85743.84977487,1760831999999
1760832000000,0.26403,0.26488,0.2541,0.26453,33562.10688592,1760875199999
1760875200000,0.25977,0.26476,0.25796,0.25978,45665.49530041,1760918399999
1760918400000,0.25,0.27498,0.2496,0.2701,86110.83082997,1760961599999
1760961600000,0.27142,0.27429,0.26467,0.26695,18370.08566712,1761004799999
1761004800000,0.25806,0.259,0.25449,0.25449,15657.61985985,1761047999999
1761048000000,0.25537,0.2759,0.25537,0.25624,33959.72259444,1761091199999
1761091200000,0.24747,0.24917,0.23911,0.24261,26825.03105003,1761134399999
1761134400000,0.24478,0.24807,0.23,0.2323,41917.89694991,1761177599999
1761177600000,0.23584,0.24422,0.23584,0.23975,14476.86658804,1761220799999
1761220800000,0.238,0.252,0.23784,0.2471,36893.20470226,1761263999999
1761264000000,0.24996,0.25814,0.24782,0.24782,123770.91900496,1761307199999
1761307200000,0.24821,0.2483,0.23641,0.24486,85360.80315574,1761350399999
1761350400000,0.2443,0.24642,0.24243,0.24523,7598.69728589,1761393599999
1761393600000,0.24689,0.26329,0.24689,0.25809,185359.84834619,1761436799999
1761436800000,0.25612,0.25919,0.25302,0.25893,25786.3856776,1761479999999
1761480000000,0.25825,0.26255,0.25522,0.26255,21624.64008298,1761523199999
1761523200000,0.26155,0.26766,0.25279,0.25363,12096.26076043,1761566399999
1761566400000,0.2575,0.25932,0.24789,0.2506,24203.01014586,1761609599999
1761609600000,0.25139,0.25944,0.24592,0.25944,39907.97297288,1761652799999
1761652800000,0.25927,0.25927,0.2441,0.24694,213079.50838375,1761695999999
1761696000000,0.24463,0.24463,0.24463,0.24463,36.62674242,1761739199999
1761739200000,0.24463,0.24463,0.2348,0.24381,18940.93639016,1761782399999
1761782400000,0.2414,0.2414,0.23595,0.23595,4174.91359611,1761825599999
1761825600000,0.22799,0.2295,0.22383,0.22526,35012.90631583,1761868799999
1761868800000,0.23178,0.23413,0.22957,0.22957,1702.7628067,1761911999999
1761912000000,0.22125,0.22656,0.2195,0.22656,390.42338983,1761955199999
1761955200000,0.232,0.232,0.232,0.232,67025.0,1761998399999
1761998400000,0.23204,0.23204,0.22902,0.22942,478.42471444,1762041599999
1762041600000,0.24326,0.24505,0.23502,0.23541,10373.45877591,1762084799999
1762084800000,0.23108,0.2439,0.22643,0.23603,14942.90076211,1762127999999
1762128000000,0.21455,0.21455,0.21239,0.21239,3975.62204541,1762171199999
1762171200000,0.21799,0.21799,0.19668,0.21027,29846.14481797,1762214399999
1762214400000,0.1997,0.2031,0.19852,0.2017,2988.37601159,1762257599999
1762257600000,0.19801,0.20699,0.19073,0.1975,13213.99707153,1762300799999
1762300800000,0.20096,0.21047,0.20096,0.20455,2532.1323855,1762343999999
1762344000000,0.20684,0.21204,0.20577,0.20937,10838.64175881,1762387199999
1762387200000,0.21282,0.21282,0.20716,0.20993,16307.61547634,1762430399999
1762430400000,0.20649,0.20675,0.20551,0.20551,1165.79152328,1762473599999
1762473600000,0.21481,0.21626,0.20901,0.20953,3421.00585224,1762516799999
1762516800000,0.20561,0.23349,0.20561,0.23349,3173.00384698,1762559999999
1762560000000,0.23156,0.24018,0.23156,0.24018,10546.57300182,1762603199999
1762603200000,0.2365,0.2365,0.22614,0.23077,9545.82245078,1762646399999
1762646400000,0.22639,0.22869,0.22639,0.22869,921.73497636,1762689599999
1762689600000,0.23313,0.23316,0.22851,0.23253,8912.63195477,1762732799999
1762732800000,0.23542,0.23542,0.23542,0.23542,21.66341008,1762775999999
1762776000000,0.23108,0.237,0.22977,0.237,15741.61492383,1762819199999
1762819200000,0.22756,0.22976,0.22321,0.22976,16962.37935798,1762862399999
1762862400000,0.23056,0.23056,0.22,0.22,181.79624025,1762905599999
1762905600000,0.21697,0.228,0.21697,0.228,833.11841134,1762948799999
1762948800000,0.225,0.225,0.21072,0.21159,31919.91915843,1762991999999
1762992000000,0.21575,0.21575,0.21,0.21,1228.38268142,1763035199999
1763035200000,0.20878,0.21226,0.18589,0.1937,47450.03475354,1763078399999
1763078400000,0.19178,0.19178,0.18097,0.18247,8963.80067114,1763121599999
1763121600000,0.18017,0.1842,0.17775,0.17987,15460.04413698,1763164799999
1763164800000,0.18045,0.18615,0.18045,0.1826,2680.2075911,1763207999999
1763208000000,0.18454,0.18737,0.18453,0.18737,3307.22738748,1763251199999
1763251200000,0.1834,0.18719,0.18214,0.18719,12468.89018164,1763294399999
1763294400000,0.18277,0.18371,0.17227,0.17529,1053.80473868,1763337599999
1763337600000,0.17691,0.20986,0.17222,0.1846,351510.35997938,1763380799999
1763380800000,0.18113,0.18113,0.17159,0.17159,18595.58044992,1763423999999
1763424000000,0.17612,0.17612,0.17,0.17348,3308.64148688,1763467199999
1763467200000,0.18152,0.1822,0.17986,0.1822,26117.99028683,1763510399999
1763510400000,0.18881,0.1922,0.18519,0.18799,134270.52226122,1763553599999
1763553600000,0.18731,0.18741,0.17597,0.18337,11459.80121766,1763596799999
1763596800000,0.18353,0.18697,0.18323,0.18591,3781.17077608,1763639999999
1763640000000,0.17646,0.18263,0.17646,0.18213,10304.1410134,1763683199999
1763683200000,0.16849,0.16849,0.16004,0.16096,21205.74599039,1763726399999
1763726400000,0.164,0.166,0.15793,0.15793,3094.33830202,1763769599999
1763769600000,0.16319,0.16319,0.16071,0.16071,1201.88595564,1763812799999
1763856000000,0.16646,0.16653,0.16382,0.16594,5926.28164596,1763899199999
1763899200000,0.16629,0.16629,0.16598,0.16598,2144.23053932,1763942399999
1763942400000,0.16769,0.16865,0.16421,0.16421,1130.48045441,1763985599999
1763985600000,0.16592,0.17256,0.16592,0.17256,395.68644654,1764028799999
1764028800000,0.17012,0.17012,0.16959,0.16959,253.19425677,1764071999999
1764072000000,0.16807,0.16807,0.1671,0.1671,30.22438091,1764115199999
1764158400000,0.165,0.1712,0.165,0.17031,42038.39538842,1764201599999
1764201600000,0.17055,0.17405,0.16939,0.17371,41147.6522749,1764244799999
1764244800000,0.17316,0.17316,0.16924,0.16924,353.02620514,1764287999999
1764288000000,0.16852,0.16852,0.16087,0.16237,4023.29534632,1764331199999
1764331200000,0.16605,0.16608,0.16201,0.16368,17511.91743209,1764374399999
1764374400000,0.16234,0.16234,0.16209,0.16209,12632.11811263,1764417599999
1764417600000,0.16114,0.16118,0.16114,0.16117,1866.08768613,1764460799999
1764460800000,0.16227,0.16227,0.16158,0.16158,127.10773621,1764503999999
1764504000000,0.16673,0.16673,0.16521,0.16578,10818.82293574,1764547199999
1764547200000,0.15967,0.15967,0.14691,0.14898,1557.64754412,1764590399999
1764590400000,0.145,0.15057,0.14474,0.15012,3406.12618283,1764633599999
1764633600000,0.15149,0.1532,0.15057,0.1532,7850.55089086,1764676799999
1764676800000,0.15273,0.1625,0.15272,0.1625,9205.5472315,1764719999999
1764720000000,0.16909,0.16924,0.16686,0.1692,384.51631203,1764763199999
1764763200000,0.16469,0.16646,0.16199,0.16642,775.46386966,1764806399999
1764849600000,0.16267,0.16267,0.16055,0.16055,330.15794814,1764892799999
1764892800000,0.15957,0.15957,0.15849,0.15916,10171.32039326,1764935999999
1764936000000,0.15649,0.15649,0.15211,0.1545,6422.60787151,1764979199999
1764979200000,0.15979,0.16548,0.15979,0.16,29923.703339,1765022399999
1765022400000,0.15864,0.1613,0.15803,0.16054,14852.69227814,1765065599999
1765065600000,0.16127,0.162,0.16025,0.16025,3347.82177609,1765108799999
1765108800000,0.15588,0.161,0.15321,0.15321,7574.47672884,1765151999999
1765152000000,0.16156,0.1618,0.16156,0.1618,2357.95217686,1765195199999
1765195200000,0.1618,0.1635,0.15761,0.16009,2065.04802351,1765238399999
1765238400000,0.15627,0.15923,0.15603,0.15655,13330.72089593,1765281599999
1765281600000,0.16464,0.1658,0.16147,0.16147,7145.95777428,1765324799999
1765324800000,0.15985,0.15985,0.1575,0.1575,1394.72555255,1765367999999
1765368000000,0.15675,0.15675,0.15675,0.15675,31.96172249,1765411199999
1765411200000,0.15734,0.15734,0.14815,0.14816,22861.47796448,1765454399999
1765454400000,0.14812,0.14813,0.14812,0.14813,9875.35833505,1765497599999
1765497600000,0.15142,0.15142,0.14936,0.14936,1468.08921288,1765540799999
1765540800000,0.14504,0.14504,0.14436,0.14436,350.94281468,1765583999999
1765584000000,0.14184,0.14185,0.13882,0.14052,1559.50954299,1765627199999
1765627200000,0.14251,0.14251,0.14251,0.14251,718.24596774,1765670399999
1765670400000,0.14073,0.14073,0.13828,0.13828,110.69431351,1765713599999
1765713600000,0.13935,0.13935,0.13405,0.13405,2356.64287382,1765756799999
1765756800000,0.13782,0.13788,0.13782,0.13788,928.78936186,1765799999999
1765800000000,0.13649,0.13649,0.12658,0.12658,5551.6362344,1765843199999
1765886400000,0.12973,0.13079,0.12876,0.13079,1685.34076739,1765929599999
1765929600000,0.1315,0.14018,0.1315,0.13165,5345.76822998,1765972799999
1765972800000,0.1315,0.1315,0.1247,0.1247,830.56806786,1766015999999
1766059200000,0.12488,0.12488,0.11355,0.11778,183178.19828613,1766102399999
1766102400000,0.11927,0.12187,0.11927,0.12125,8161.50159701,1766145599999
1766145600000,0.12022,0.12179,0.12022,0.12179,693.31781209,1766188799999
1766188800000,0.12097,0.12318,0.12097,0.12194,1778.34693054,1766231999999
1766232000000,0.12456,0.12456,0.12207,0.12353,1935.91999216,1766275199999
1766275200000,0.1228,0.1228,0.12007,0.12021,2196.98155483,1766318399999
1766361600000,0.12204,0.12204,0.12204,0.12204,40.80629301,1766404799999
1766404800000,0.12435,0.12818,0.12435,0.12738,99754.43412449,1766447999999
1766448000000,0.12657,0.12821,0.12411,0.12491,43675.05149132,1766491199999
1766491200000,0.12484,0.12803,0.12266,0.12706,12393.52942244,1766534399999
1766534400000,0.12469,0.12469,0.12469,0.12469,76.06372738,1766577599999
1766577600000,0.12844,0.12849,0.12778,0.12778,27830.03981988,1766620799999
1766620800000,0.13057,0.13117,0.12957,0.12957,16454.04479109,1766663999999
1766664000000,0.12794,0.13753,0.12794,0.13296,40102.73007126,1766707199999
1766707200000,0.13471,0.14037,0.13471,0.1352,135672.10383214,1766750399999
1766750400000,0.13844,0.1444,0.13567,0.13874,39430.47796968,1766793599999
1766793600000,0.14183,0.14753,0.1409,0.14688,47812.6265608,1766836799999
1766836800000,0.14712,0.14836,0.14455,0.14816,28422.38142587,1766879999999
1766880000000,0.14763,0.14763,0.14498,0.14498,9180.39579218,1766923199999
1766923200000,0.144,0.144,0.14103,0.14261,2725.42414949,1766966399999
1766966400000,0.14427,0.14427,0.14,0.14,61725.10524124,1767009599999
1767052800000,0.1419,0.14356,0.1419,0.14356,134.59181811,1767095999999
1767096000000,0.14211,0.14211,0.14043,0.14043,3741.10409616,1767139199999
1767139200000,0.1412,0.14881,0.1412,0.14789,43539.63144363,1767182399999
1767182400000,0.14682,0.14759,0.14428,0.14471,10686.48731651,1767225599999
1767225600000,0.14804,0.149,0.14487,0.14548,22899.52263042,1767268799999
1767312000000,0.14595,0.14595,0.14326,0.14369,13066.88901898,1767355199999
1767355200000,0.14345,0.14631,0.14344,0.1459,12421.13726539,1767398399999
1767398400000,0.14714,0.152,0.14714,0.1483,2437.43281552,1767441599999
1767441600000,0.14508,0.14548,0.14376,0.14508,2466.34883715,1767484799999
1767484800000,0.14747,0.1482,0.14639,0.1482,10491.35328204,1767527999999
1767528000000,0.15103,0.15629,0.15103,0.15395,77797.02228466,1767571199999
1767571200000,0.15168,0.15168,0.15168,0.15168,10047.7519411,1767614399999
1767614400000,0.15244,0.15378,0.14914,0.15356,2625.02728307,1767657599999
1767657600000,0.15542,0.15656,0.15542,0.15656,10464.77619431,1767700799999
1767700800000,0.15718,0.15874,0.1536,0.1576,1337.15948701,1767743999999
1767744000000,0.15297,0.15533,0.15249,0.15533,10186.3044772,1767787199999
1767787200000,0.15157,0.15157,0.14626,0.14698,31221.15598512,1767830399999
1767830400000,0.14228,0.14228,0.1382,0.1382,22696.25505169,1767873599999
1767873600000,0.13868,0.13887,0.13787,0.13887,28029.29947715,1767916799999
1767916800000,0.13638,0.14117,0.13638,0.14049,102131.45649439,1767959999999
1767960000000,0.14134,0.14969,0.14134,0.14528,194154.03348591,1768003199999
1768003200000,0.14557,0.14781,0.14557,0.14781,53021.37970583,1768046399999
1768046400000,0.14623,0.14658,0.1457,0.14602,54317.13601123,1768089599999
1768089600000,0.14627,0.14639,0.14541,0.14567,21837.05280514,1768132799999
1768132800000,0.14434,0.14434,0.14224,0.14238,41145.01963061,1768175999999
1768176000000,0.13822,0.13916,0.1373,0.1373,44703.93948371,1768219199999
1768219200000,0.13456,0.13687,0.13456,0.13687,426.73701718,1768262399999
1768262400000,0.13734,0.13921,0.1371,0.13832,24941.45490666,1768305599999
1768305600000,0.13717,0.14093,0.137,0.14075,48608.54037042,1768348799999
1768348800000,0.14202,0.14795,0.14202,0.14552,145089.8491893,1768391999999
1768392000000,0.14298,0.14299,0.14284,0.14299,371.99278658,1768435199999
1768435200000,0.13934,0.14242,0.13749,0.14238,1408.83334955,1768478399999
1768478400000,0.14373,0.14429,0.1351,0.13531,2590.44252234,1768521599999
1768521600000,0.13737,0.13737,0.137,0.137,3666.22741397,1768564799999
1768564800000,0.13694,0.13975,0.13497,0.13975,1733.28330591,1768607999999
1768608000000,0.14062,0.14896,0.14062,0.14697,7780.2701203,1768651199999
1768651200000,0.14781,0.171,0.14781,0.14784,1098275.30721712,1768694399999
1768694400000,0.14727,0.14727,0.14374,0.14464,35406.79438689,1768737599999
1768737600000,0.14455,0.14641,0.14438,0.14525,31593.07053154,1768780799999
1768780800000,0.1307,0.1335,0.11001,0.13107,50825.04331813,1768823999999
1768824000000,0.1314,0.13284,0.1314,0.13197,2225.03495558,1768867199999
1768867200000,0.12835,0.12881,0.12381,0.12381,26365.46851656,1768910399999
1768910400000,0.12416,0.12446,0.11875,0.11875,5223.2855963,1768953599999
1768953600000,0.12343,0.12365,0.12149,0.12229,80744.89881547,1768996799999
1768996800000,0.12206,0.12539,0.12145,0.12343,79629.44762775,1769039999999
1769040000000,0.125,0.12699,0.12421,0.12421,30435.31990053,1769083199999
1769083200000,0.12348,0.12353,0.12096,0.12096,9021.76421908,1769126399999
1769126400000,0.12472,0.12542,0.12472,0.12542,448.11074054,1769169599999
1769169600000,0.12264,0.12361,0.12088,0.12096,1271.86853561,1769212799999
1769212800000,0.12219,0.12337,0.12219,0.12241,1095.89124221,1769255999999
1769256000000,0.12281,0.12281,0.1195,0.11995,1699.21599276,1769299199999
1769299200000,0.1205,0.12274,0.1205,0.12237,35101.47730358,1769342399999
1769342400000,0.11888,0.11888,0.11134,0.11134,59413.31825074,1769385599999
1769385600000,0.11303,0.11588,0.11303,0.11507,92331.58886085,1769428799999
1769428800000,0.11504,0.11504,0.11366,0.11502,13423.55806495,1769471999999
1769472000000,0.11554,0.11554,0.11456,0.11456,8072.0835167,1769515199999
1769515200000,0.11506,0.11596,0.11431,0.11591,84538.79501199,1769558399999
1769558400000,0.11583,0.11583,0.11583,0.11583,7779.29278693,1769601599999
1769644800000,0.11,0.11,0.10974,0.10974,1081.13299256,1769687999999
1769688000000,0.10836,0.10836,0.10316,0.10619,119954.5512762,1769731199999
1769731200000,0.10637,0.10637,0.10358,0.10609,32418.80088025,1769774399999
1769774400000,0.10599,0.11176,0.10599,0.11176,8549.02046482,1769817599999
1769817600000,0.11059,0.11059,0.1063,0.1063,44527.56080495,1769860799999
1769860800000,0.10464,0.10491,0.08795,0.09421,362773.95721955,1769903999999
1769904000000,0.09439,0.09995,0.09439,0.09995,35781.13720358,1769947199999
1769947200000,0.09841,0.10496,0.09624,0.09698,284453.84677346,1769990399999
1769990400000,0.09599,0.09831,0.09569,0.09592,42179.57474413,1770033599999
1770033600000,0.09518,0.09936,0.09518,0.09812,48875.6415653,1770076799999
1770076800000,0.09829,0.09912,0.09829,0.09856,31383.24208188,1770119999999
1770120000000,0.09787,0.09787,0.09013,0.09428,50165.44762315,1770163199999
1770163200000,0.09473,0.09484,0.09408,0.09408,100644.29509649,1770206399999
1770206400000,0.09296,0.09296,0.08917,0.09141,42873.65271858,1770249599999
1770249600000,0.09323,0.0938,0.08898,0.08898,20798.51516977,1770292799999
1770292800000,0.08784,0.08784,0.07673,0.07715,123511.2878902,1770335999999
1770336000000,0.07331,0.08096,0.07,0.08096,220451.01708057,1770379199999
1770379200000,0.08204,0.08506,0.08196,0.08506,20698.96475583,1770422399999
1770422400000,0.08499,0.08499,0.0815,0.08231,1873.25385461,1770465599999
1770465600000,0.08284,0.08781,0.08284,0.0862,44954.48647127,1770508799999
1770508800000,0.0846,0.0846,0.08374,0.08374,2092.06136663,1770551999999
1770552000000,0.08381,0.08381,0.08359,0.08359,2761.70999215,1770595199999
1770595200000,0.08289,0.08289,0.07989,0.07989,2264.95851427,1770638399999
1770638400000,0.07908,0.07908,0.07908,0.07908,125.17211165,1770681599999
1770681600000,0.07923,0.07923,0.07834,0.07834,700.34293368,1770724799999
1770724800000,0.07843,0.07884,0.07843,0.07884,254.34139921,1770767999999
1770768000000,0.0756,0.0756,0.07546,0.07546,3514.07104371,1770811199999
1770811200000,0.07585,0.07628,0.07564,0.07628,25505.37731655,1770854399999
1770854400000,0.08023,0.08193,0.08023,0.08156,65674.29319211,1770897599999
1770897600000,0.07771,0.0783,0.07771,0.0783,21891.95596093,1770940799999
1770940800000,0.07595,0.07595,0.07595,0.07595,20396.79860131,1770983999999
1770984000000,0.07537,0.0785,0.07537,0.0785,1079.28082062,1771027199999
1771027200000,0.07896,0.08003,0.07896,0.07932,976.16312143,1771070399999
1771070400000,0.07895,0.08117,0.07895,0.08117,676.63973643,1771113599999
1771113600000,0.08051,0.08106,0.07926,0.07949,26006.28256134,1771156799999
1771156800000,0.07934,0.07934,0.07713,0.07713,39356.90110831,1771199999999
1771200000000,0.07741,0.07741,0.07677,0.07682,2935.97023567,1771243199999
1771243200000,0.07873,0.08517,0.0769,0.08044,970086.21700775,1771286399999
1771286400000,0.08171,0.08414,0.079,0.07951,226914.08173481,1771329599999
1771329600000,0.08009,0.08304,0.07889,0.08056,584844.27572365,1771372799999
1771372800000,0.08003,0.08003,0.07761,0.07831,107946.05162345,1771415999999
1771416000000,0.07791,0.07791,0.07331,0.07401,64554.47818909,1771459199999
1771459200000,0.07395,0.07454,0.07221,0.07221,52949.09104443,1771502399999
1771502400000,0.07228,0.073588,0.07228,0.073248,63486.02837024,1771545599999
1771545600000,0.074,0.074612,0.073538,0.073538,26923.28989272,1771588799999
1771588800000,0.073306,0.074,0.070743,0.073969,136945.14114926,1771631999999
1771632000000,0.073927,0.076262,0.073926,0.074967,329350.61092221,1771675199999
1771675200000,0.074752,0.074752,0.072609,0.072609,87186.24809531,1771718399999
1771718400000,0.071152,0.071954,0.071152,0.071929,45834.08547328,1771761599999
1771761600000,0.071636,0.071636,0.069919,0.069919,21559.82195586,1771804799999
1771804800000,0.068633,0.069593,0.068633,0.069593,851.77839538,1771847999999
1771934400000,0.067783,0.06823,0.067538,0.067879,23010.75096873,1771977599999
1771977600000,0.07,0.072125,0.07,0.071144,75328.16187829,1772020799999
1772020800000,0.072718,0.074418,0.07229,0.07229,131947.29683573,1772063999999
1772064000000,0.072468,0.073176,0.071385,0.071385,57842.50990151,1772107199999
1772107200000,0.071783,0.071783,0.068481,0.070755,151644.21479899,1772150399999
1772150400000,0.070903,0.07172,0.070511,0.070511,49328.01368917,1772193599999
1772193600000,0.07059,0.071267,0.070004,0.071081,10494.3509714,1772236799999
1772236800000,0.071127,0.071205,0.066472,0.066472,107122.1295306,1772279999999
1772280000000,0.067865,0.07118,0.067477,0.07118,85058.33358102,1772323199999
1772323200000,0.071444,0.073238,0.071444,0.07197,1080.60389161,1772366399999
1772366400000,0.069584,0.070498,0.068967,0.068982,87967.67237347,1772409599999
1772409600000,0.069992,0.07071,0.069544,0.070623,784.0131732,1772452799999
1772452800000,0.070665,0.074252,0.070665,0.072866,242077.58406145,1772495999999
1772496000000,0.071305,0.074392,0.071236,0.072417,6416.76752427,1772539199999
1772539200000,0.072153,0.073189,0.071305,0.072905,108728.80562233,1772582399999
1772582400000,0.072725,0.076441,0.071885,0.074859,517579.10052242,1772625599999
1772625600000,0.075,0.076935,0.075,0.0765,10539.9851096,1772668799999
1772668800000,0.074949,0.076783,0.074874,0.076435,35512.7586256,1772711999999
1772712000000,0.075727,0.076907,0.074374,0.075739,72137.91125576,1772755199999
1772755200000,0.077,0.07713,0.075087,0.075995,17168.6437841,1772798399999
1772798400000,0.07707,0.077578,0.073796,0.0745,45279.06574453,1772841599999
1772841600000,0.0744,0.0744,0.07282,0.073579,34928.07589858,1772884799999
1772884800000,0.071929,0.072168,0.07054,0.07054,30272.96179698,1772927999999
1772928000000,0.071196,0.071196,0.070532,0.070532,844.40629645,1772971199999
1772971200000,0.071187,0.071609,0.071102,0.071271,5742.17388632,1773014399999
1773014400000,0.072765,0.073037,0.072765,0.073037,412.28612656,1773057599999
1773057600000,0.072953,0.072953,0.071055,0.0712,5454.55003502,1773100799999
1773100800000,0.071887,0.072223,0.071887,0.072223,7685.71830788,1773143999999
1773144000000,0.071936,0.072848,0.070942,0.070942,23595.45344502,1773187199999
1773187200000,0.070479,0.071172,0.07041,0.071172,45006.09807761,1773230399999
1773230400000,0.07238,0.077369,0.07238,0.076511,294866.73495345,1773273599999
1773273600000,0.077489,0.081799,0.074638,0.074962,720118.44513342,1773316799999
1773316800000,0.075705,0.079591,0.075694,0.078119,112915.50918249,1773359999999
1773360000000,0.077399,0.07768,0.076759,0.076959,8473.65598124,1773403199999
1773403200000,0.077709,0.083305,0.077708,0.080002,74522.80954719,1773446399999
1773446400000,0.079545,0.079714,0.079545,0.079714,384.83009425,1773489599999
1773489600000,0.0797,0.08021,0.0797,0.080179,4106.190427,1773532799999
1773532800000,0.079845,0.079987,0.079773,0.079987,2072.22221891,1773575999999
1773576000000,0.080336,0.10884,0.075,0.075624,5439152.30851223,1773619199999
1773619200000,0.075408,0.079548,0.074699,0.076429,36040.40276493,1773662399999
1773662400000,0.076676,0.078645,0.075625,0.076915,49138.65247837,1773705599999
1773705600000,0.076895,0.076895,0.075514,0.076826,21922.41978819,1773748799999
1773748800000,0.076562,0.081146,0.076537,0.080119,191852.23595385,1773791999999
1773792000000,0.080773,0.083966,0.078724,0.078724,92256.63798215,1773835199999
1773835200000,0.077299,0.0773,0.076355,0.076708,8505.67515687,1773878399999
1773878400000,0.076381,0.078014,0.076381,0.077758,2024.30524648,1773921599999
1773921600000,0.075063,0.076382,0.074715,0.075138,127208.30048082,1773964799999
1773964800000,0.075187,0.075262,0.07511,0.07511,7741.06823472,1774007999999
1774008000000,0.075516,0.075516,0.074024,0.074024,7629.79595643,1774051199999
1774051200000,0.074951,0.075113,0.073841,0.073841,1209.98741843,1774094399999
1774094400000,0.073658,0.073658,0.071816,0.071816,1554.24664564,1774137599999
1774137600000,0.070501,0.072429,0.0705,0.071395,5610.90411352,1774180799999
1774180800000,0.072143,0.072569,0.070268,0.070874,28682.2012616,1774223999999
1774224000000,0.070709,0.073809,0.070709,0.073809,1923.41106349,1774267199999
1774267200000,0.072761,0.073958,0.072761,0.073203,6010.4783816,1774310399999
1774310400000,0.072955,0.072955,0.071881,0.072293,13349.71022028,1774353599999
1774353600000,0.07259,0.07259,0.071269,0.071751,4230.61311609,1774396799999
1774396800000,0.072013,0.072526,0.072013,0.072064,2091.7497517,1774439999999
1774440000000,0.072037,0.073038,0.071641,0.073038,2915.12349179,1774483199999
1774483200000,0.073181,0.073181,0.06972,0.070488,4077.84375876,1774526399999
1774526400000,0.068983,0.069241,0.068983,0.069241,420.54403831,1774569599999
1774612800000,0.069687,0.072471,0.069328,0.072018,39964.34710301,1774655999999
1774656000000,0.072264,0.073113,0.071712,0.072452,67782.26970264,1774699199999
1774699200000,0.072296,0.072516,0.071842,0.072377,5319.76559816,1774742399999
1774742400000,0.07155,0.07155,0.071219,0.071219,1706.39675172,1774785599999
1774785600000,0.070511,0.070829,0.06855,0.069036,5640.42075859,1774828799999
1774828800000,0.071475,0.072782,0.071475,0.072782,5741.68673458,1774871999999
1774872000000,0.072311,0.072311,0.071,0.071263,17521.71577671,1774915199999
1774915200000,0.070797,0.071036,0.070153,0.070912,706.75721271,1774958399999
1774958400000,0.072529,0.077155,0.072529,0.076127,191075.78803927,1775001599999
1775001600000,0.075789,0.077153,0.075219,0.075219,139957.96737588,1775044799999
1775044800000,0.074484,0.076336,0.074187,0.075258,19754.59128621,1775087999999
1775088000000,0.073551,0.079433,0.073358,0.079104,117558.45465459,1775131199999
1775131200000,0.079211,0.081224,0.077173,0.079476,80828.87848737,1775174399999
1775174400000,0.078235,0.078235,0.077771,0.078149,36293.15046303,1775217599999
1775217600000,0.077964,0.078777,0.077964,0.078777,246.42603048,1775260799999
1775260800000,0.078131,0.079815,0.078019,0.079815,7849.51399971,1775303999999
1775304000000,0.079207,0.079207,0.078964,0.078964,1441.50884375,1775347199999
1775347200000,0.078509,0.07955,0.0767,0.079504,2242.569319,1775390399999
1775433600000,0.075263,0.075833,0.074469,0.075833,16090.83650277,1775476799999
1775476800000,0.076516,0.08262,0.076516,0.077355,4621.17011286,1775519999999
1775520000000,0.073775,0.077712,0.07187,0.075188,178506.88912243,1775563199999
1775563200000,0.07665,0.07665,0.076108,0.076358,21896.66855063,1775606399999
1775606400000,0.076091,0.07714,0.075967,0.075967,13034.39221003,1775649599999
1775649600000,0.075614,0.075614,0.070039,0.07048,98705.61950819,1775692799999
1775692800000,0.068155,0.073212,0.067853,0.069965,336251.5608927,1775735999999
1775736000000,0.069894,0.071484,0.069535,0.069981,8635.07994317,1775779199999
1775779200000,0.068661,0.068661,0.068661,0.068661,79.8124117,1775822399999
1775822400000,0.068705,0.068734,0.068506,0.068734,7065.2846155,1775865599999
1775865600000,0.067189,0.067701,0.067189,0.067394,428.00653512,1775908799999
1775908800000,0.067642,0.067642,0.067642,0.067642,1476.15386889,1775951999999
1775952000000,0.06702,0.06702,0.064664,0.064883,1953.70547385,1775995199999
1775995200000,0.063913,0.064008,0.062249,0.062249,14092.9676247,1776038399999
1776038400000,0.061718,0.065471,0.061718,0.063759,126505.49522577,1776081599999
1776081600000,0.064129,0.066083,0.063902,0.065874,87371.7422472,1776124799999
1776124800000,0.064739,0.069598,0.064296,0.068602,385630.58573117,1776167999999
1776168000000,0.069191,0.072445,0.067499,0.069399,137130.22439857,1776211199999
1776211200000,0.069173,0.069173,0.068016,0.068835,452201.64874555,1776254399999
1776254400000,0.067676,0.068568,0.067177,0.068524,112403.46188447,1776297599999
1776297600000,0.068338,0.07204,0.068299,0.070535,92129.02238984,1776340799999
1776340800000,0.071698,0.074926,0.071385,0.074926,205861.11281297,1776383999999
1776384000000,0.075423,0.094763,0.074934,0.081964,1391390.39310491,1776427199999
1776427200000,0.082464,0.084999,0.076981,0.076981,283473.56767804,1776470399999
1776470400000,0.077161,0.08155,0.076277,0.078263,37130.62180845,1776513599999
1776513600000,0.082039,0.082754,0.079645,0.081706,182360.87530245,1776556799999
1776556800000,0.079545,0.079874,0.074976,0.07645,25743.08168156,1776599999999
1776600000000,0.079274,0.082133,0.07877,0.07877,93968.13742387,1776643199999
1776643200000,0.076523,0.07658,0.075338,0.075693,13167.81132391,1776686399999
1776686400000,0.076771,0.07703,0.075653,0.075653,23193.06528025,1776729599999
1776729600000,0.075798,0.075798,0.075046,0.075548,50430.91568014,1776772799999
1776772800000,0.07446,0.07446,0.065723,0.06703,434096.34895295,1776815999999
1776816000000,0.067457,0.071,0.067157,0.0696,63010.43132898,1776859199999
1776859200000,0.069297,0.074407,0.069297,0.07216,93224.1095424,1776902399999
1776902400000,0.071484,0.072712,0.069409,0.071665,99868.46603693,1776945599999
1776945600000,0.071213,0.071664,0.070347,0.071664,1411.65708824,1776988799999
1776988800000,0.071498,0.071498,0.071498,0.071498,139.86405214,1777031999999
1777032000000,0.07172,0.073185,0.07172,0.07265,13657.86783393,1777075199999
1777075200000,0.074002,0.076626,0.074002,0.074566,74312.39217105,1777118399999
1777118400000,0.076004,0.078687,0.071664,0.07347,271665.5200832,1777161599999
1777161600000,0.073123,0.073407,0.071864,0.073233,44414.53628946,1777204799999
1777204800000,0.07334,0.074802,0.07334,0.074176,30659.81870714,1777247999999
1777248000000,0.074463,0.074522,0.071139,0.071714,48764.59363145,1777291199999
1777291200000,0.071936,0.076908,0.070849,0.075447,66614.26735556,1777334399999
1777334400000,0.076021,0.076021,0.074051,0.074051,3437.19799331,1777377599999
1777377600000,0.076739,0.078619,0.07621,0.07678,76454.59721194,1777420799999
1777420800000,0.077388,0.077388,0.075648,0.075648,12682.33350706,1777463999999
1777464000000,0.074879,0.074879,0.071668,0.073442,180013.39819756,1777507199999
1777507200000,0.073938,0.073938,0.071642,0.071642,56035.73361299,1777550399999
1777550400000,0.070907,0.071157,0.069687,0.069687,43967.12141509,1777593599999
1777593600000,0.070998,0.070999,0.069648,0.070738,74924.03177114,1777636799999
1777636800000,0.071149,0.071149,0.070614,0.070614,423.50185343,1777679999999
1777680000000,0.071017,0.071017,0.071017,0.071017,140.81135502,1777723199999
1777723200000,0.071026,0.072424,0.071026,0.072424,44077.04900083,1777766399999
1777766400000,0.071581,0.073064,0.070742,0.073064,79328.03637353,1777809599999
1777852800000,0.071163,0.074148,0.070959,0.072201,55211.723019,1777895999999
1777896000000,0.072549,0.074647,0.072549,0.073169,28779.81513722,1777939199999
1777939200000,0.074038,0.074038,0.073228,0.073228,39408.15803682,1777982399999
1777982400000,0.072825,0.073516,0.072825,0.073497,86613.46119738,1778025599999
1778025600000,0.073564,0.076707,0.073564,0.076198,42212.10901574,1778068799999
1778068800000,0.076733,0.077387,0.074935,0.074935,115698.6023701,1778111999999
1778112000000,0.075174,0.075569,0.074967,0.075375,4163.66512091,1778155199999
1778155200000,0.075475,0.076,0.07379,0.075346,61354.77931887,1778198399999
1778198400000,0.075313,0.075313,0.074463,0.074463,86504.80118999,1778241599999
1778241600000,0.074717,0.0766,0.074717,0.076258,75553.71633114,1778284799999
1778284800000,0.077641,0.078679,0.077237,0.077237,101084.47315572,1778327999999
1778328000000,0.078003,0.078003,0.076046,0.076924,93931.0843825,1778371199999
1778371200000,0.075295,0.079155,0.075295,0.079155,35731.95369478,1778414399999
1778414400000,0.079507,0.080472,0.077356,0.079017,162924.90713052,1778457599999
1778457600000,0.076478,0.078477,0.076478,0.078362,32183.25330786,1778500799999
1778500800000,0.077424,0.079384,0.077424,0.079282,100353.39197083,1778543999999
1778544000000,0.079282,0.0825,0.078285,0.081594,217388.51275801,1778587199999
1778587200000,0.082458,0.084243,0.081287,0.082291,299972.56229086,1778630399999
1778630400000,0.082159,0.084041,0.081607,0.081607,233216.00653466,1778673599999
1778673600000,0.080714,0.080714,0.074285,0.074347,218938.47676506,1778716799999
1778716800000,0.073916,0.074154,0.073402,0.074154,1061.58052646,1778759999999
1778760000000,0.074094,0.077895,0.074094,0.077005,23325.12069629,1778803199999
1778803200000,0.076142,0.076142,0.0735,0.073634,21217.3384159,1778846399999
1778846400000,0.074035,0.074035,0.070673,0.071213,88431.55579176,1778889599999
1778889600000,0.071154,0.071154,0.067474,0.06889,138270.1553351,1778932799999
1778976000000,0.070411,0.070411,0.069859,0.069859,1244.8896224,1779019199999
1779019200000,0.069009,0.069009,0.066642,0.066642,413.94834988,1779062399999
1779062400000,0.066918,0.06727,0.066639,0.06727,973.96384937,1779105599999
1779105600000,0.066659,0.067941,0.0665,0.067941,4603.9016624,1779148799999
1779148800000,0.067488,0.067488,0.067121,0.067121,296.34898054,1779191999999
1779192000000,0.066678,0.067392,0.065581,0.066899,65456.85466637,1779235199999
1779235200000,0.066928,0.067744,0.066884,0.067587,44158.62486782,1779278399999
1779278400000,0.067299,0.068213,0.067299,0.067949,17472.54578016,1779321599999
1779321600000,0.067639,0.067639,0.067579,0.067579,12579.05256697,1779364799999
1779364800000,0.067755,0.068886,0.067755,0.068886,3430.7033977,1779407999999
1779408000000,0.068393,0.068861,0.068393,0.068861,24698.06483848,1779451199999
1779451200000,0.067837,0.067837,0.064282,0.064282,29143.76545866,1779494399999
1779494400000,0.064502,0.065501,0.062379,0.063144,176095.62549623,1779537599999
1779537600000,0.064574,0.06727,0.064574,0.06727,2726.80832272,1779580799999
1779580800000,0.065844,0.065844,0.065844,0.065844,151.87412672,1779623999999
1779624000000,0.06475,0.064846,0.06287,0.063742,69300.75722531,1779667199999
1779667200000,0.064345,0.066435,0.064345,0.06573,4306.84140666,1779710399999
1779710400000,0.066,0.066454,0.064723,0.064723,60951.32118473,1779753599999
1779753600000,0.064582,0.064652,0.064122,0.064479,2167.92320081,1779796799999
1779796800000,0.064878,0.064878,0.063552,0.063552,17911.13286953,1779839999999
1779840000000,0.064016,0.064016,0.062218,0.063456,86252.44896145,1779883199999
1779883200000,0.063587,0.064407,0.060989,0.060989,232845.71915636,1779926399999
1779926400000,0.061369,0.061369,0.052878,0.05381,645003.38759047,1779969599999
1779969600000,0.053519,0.05551,0.0532,0.054875,210218.78544399,1780012799999
1780012800000,0.055211,0.05589,0.054439,0.055418,114904.62932297,1780055999999
1780056000000,0.055571,0.057324,0.054373,0.055446,91177.64194055,1780099199999
1780099200000,0.056059,0.058915,0.056059,0.058423,181094.15722833,1780142399999
1780142400000,0.057637,0.061334,0.057144,0.0581,257994.8805536,1780185599999
1780185600000,0.058723,0.061232,0.058126,0.058441,134396.17081631,1780228799999
1780228800000,0.058554,0.059454,0.057149,0.059454,81270.03006438,1780271999999
1780272000000,0.059899,0.060177,0.057461,0.058198,75876.10571218,1780315199999
1780315200000,0.058347,0.05936,0.057336,0.058783,202722.74493907,1780358399999
1780358400000,0.059589,0.059589,0.056854,0.056911,225824.55364443,1780401599999
1780401600000,0.056768,0.056868,0.05266,0.052938,550714.7823211,1780444799999
1780444800000,0.053581,0.057828,0.053068,0.057569,188624.00935347,1780487999999
1780488000000,0.057058,0.057311,0.055178,0.056034,94231.25164613,1780531199999
1780531200000,0.055427,0.055494,0.049789,0.050785,753509.17617125,1780574399999
1780574400000,0.051209,0.053932,0.049875,0.050113,157800.20805515,1780617599999
1780617600000,0.050134,0.050134,0.045274,0.04628,316104.82597409,1780660799999
1780660800000,0.045951,0.047385,0.043387,0.04506,214822.80392813,1780703999999
1780704000000,0.045229,0.045229,0.04301,0.044674,74132.37085086,1780747199999
1780747200000,0.04496,0.045086,0.044033,0.044805,44046.22928306,1780790399999
1780790400000,0.045609,0.046705,0.045609,0.046503,54357.83892325,1780833599999
1780833600000,0.046051,0.046908,0.044179,0.045939,78495.72803075,1780876799999
1780876800000,0.045923,0.046495,0.044814,0.046495,172766.33195713,1780919999999
1780920000000,0.046427,0.046832,0.045899,0.046166,101857.89968096,1780963199999
1780963200000,0.044822,0.045454,0.044469,0.044469,9723.49898065,1781006399999
1781006400000,0.044792,0.045292,0.043716,0.044313,128507.4505226,1781049599999
1781049600000,0.044283,0.044415,0.042607,0.043023,14109.20073906,1781092799999
1781092800000,0.042934,0.044626,0.042055,0.042147,30502.12366051,1781135999999
1781136000000,0.043265,0.044,0.043024,0.043442,3910.45058954,1781179199999
1781179200000,0.043594,0.045073,0.043166,0.044198,106713.10053099,1781222399999
1781222400000,0.04473,0.0466,0.043907,0.046021,192838.49137348,1781265599999
1781265600000,0.045933,0.046137,0.044249,0.044256,429551.82288036,1781308799999
1781308800000,0.044,0.045276,0.043818,0.045276,77993.73788921,1781351999999
1781352000000,0.044961,0.045151,0.044878,0.044878,2364.73845533,1781395199999
1781395200000,0.044586,0.045194,0.044306,0.044519,6114.86298155,1781438399999
1781438400000,0.044663,0.045647,0.044051,0.045647,90356.26308966,1781481599999
1781481600000,0.045592,0.046187,0.045134,0.046187,76300.82176498,1781524799999
1781524800000,0.046561,0.047317,0.045803,0.045803,49781.84861597,1781567999999
1781568000000,0.045573,0.046107,0.044642,0.045473,18156.61959313,1781611199999
1781611200000,0.045677,0.045677,0.044152,0.045532,16655.27348882,1781654399999
1781654400000,0.045697,0.046046,0.044819,0.044906,6767.52726413,1781697599999
1781697600000,0.04493,0.046704,0.044677,0.045233,113974.15266645,1781740799999
1781740800000,0.045491,0.045491,0.044121,0.04477,50863.06182096,1781783999999
1781784000000,0.044249,0.044249,0.042087,0.042808,5797.50426463,1781827199999
1781827200000,0.043303,0.043303,0.042285,0.042441,47868.3714766,1781870399999
1781870400000,0.042534,0.047847,0.042391,0.047299,316682.50910223,1781913599999
1781913600000,0.047511,0.049261,0.045693,0.04877,1129144.97471507,1781956799999
1781956800000,0.048451,0.050571,0.047172,0.050238,359713.59855353,1781999999999
1782000000000,0.050037,0.050037,0.04717,0.04765,163000.70872809,1782043199999
1782043200000,0.047488,0.048101,0.046289,0.046317,181351.2727558,1782086399999
1782086400000,0.046684,0.0476,0.046547,0.047016,66821.79273236,1782129599999
1782129600000,0.048079,0.048079,0.0454,0.046019,111526.76714658,1782172799999
1782172800000,0.045954,0.046235,0.043014,0.044776,163481.93371242,1782215999999
1782216000000,0.044756,0.045727,0.04398,0.044078,167661.31563736,1782259199999
1782259200000,0.044602,0.046956,0.044602,0.046437,308620.73858424,1782302399999
1782302400000,0.046115,0.046676,0.04212,0.04448,767665.10272402,1782345599999
1782345600000,0.044506,0.045166,0.043462,0.044735,236643.98063123,1782388799999
1782388800000,0.04471,0.045078,0.040754,0.042021,209387.36852169,1782431999999
1782432000000,0.042176,0.043103,0.04095,0.042066,100764.08366183,1782475199999
1782475200000,0.042142,0.044069,0.041825,0.042485,46489.4581608,1782518399999
1782518400000,0.042306,0.042382,0.041604,0.041604,44471.80771677,1782561599999
1782561600000,0.041747,0.041951,0.040464,0.040601,43478.86156453,1782604799999
1782604800000,0.040669,0.040904,0.040669,0.040823,73922.61401208,1782647999999
1782648000000,0.041422,0.041959,0.04,0.040229,41002.65010366,1782691199999
1782691200000,0.041171,0.041401,0.040779,0.040844,81902.44456839,1782734399999
1782734400000,0.040942,0.041701,0.040197,0.040459,64706.64628903,1782777599999
1782777600000,0.040251,0.040469,0.040036,0.040281,7053.7418225,1782820799999
1782820800000,0.039331,0.040621,0.039051,0.039921,89781.49068196,1782863999999
1782864000000,0.039943,0.041262,0.039046,0.039952,57534.31919328,1782907199999
1782907200000,0.039928,0.041684,0.039813,0.041317,69461.42707767,1782950399999
1782950400000,0.041437,0.042146,0.041112,0.042,21385.19728217,1782993599999
1782993600000,0.042126,0.042883,0.041647,0.041976,105553.36706316,1783036799999
1783036800000,0.042037,0.04599,0.042037,0.043964,291325.75523249,1783079999999
1783080000000,0.044756,0.045265,0.044153,0.044733,166787.46742479,1783123199999
1783123200000,0.044168,0.045109,0.044168,0.045109,6034.97751258,1783166399999
1783166400000,0.045163,0.045981,0.044707,0.044707,47184.8174533,1783209599999
1783209600000,0.044773,0.044988,0.044034,0.044034,3059.39944517,1783252799999
1783252800000,0.04402,0.044687,0.043732,0.044687,54554.55701472,1783295999999
1783296000000,0.044219,0.044219,0.042953,0.043378,2735.79697798,1783339199999
1783339200000,0.042919,0.044234,0.042308,0.043718,7715.23011461,1783382399999
1783382400000,0.043422,0.043552,0.042864,0.043243,8533.77474993,1783425599999
1783425600000,0.04357,0.043866,0.042011,0.042198,239585.1736473,1783468799999
1783468800000,0.042463,0.042463,0.041118,0.041733,32630.13822959,1783511999999
1783512000000,0.041374,0.041458,0.040894,0.041366,62038.12198128,1783555199999
1783555200000,0.041299,0.042445,0.041183,0.042445,54623.13211041,1783598399999
1783598400000,0.042107,0.042107,0.041565,0.041973,112606.42241899,1783641599999
1783641600000,0.042214,0.042582,0.042214,0.042394,85770.92460748,1783684799999
1783684800000,0.042316,0.042945,0.042168,0.042553,11790.85678483,1783727999999
1783728000000,0.042665,0.042713,0.04261,0.04261,14204.46069466,1783771199999
1783771200000,0.04321,0.043476,0.042289,0.042289,391094.02188457,1783814399999
1783814400000,0.041918,0.042534,0.041918,0.042231,38782.42677763,1783857599999
1783857600000,0.042312,0.042312,0.041729,0.041729,55217.94474736,1783900799999
1783900800000,0.042117,0.042117,0.040748,0.040939,55875.11868872,1783943999999
1783944000000,0.040654,0.04098,0.040146,0.040146,24955.84259212,1783987199999
1783987200000,0.040714,0.043387,0.040702,0.043313,241502.28182434,1784030399999
1784030400000,0.043078,0.043974,0.042327,0.042556,359253.20161568,1784073599999
1784073600000,0.04192,0.042574,0.041904,0.042357,122951.18358546,1784116799999
1784116800000,0.042562,0.04269,0.041843,0.042099,49616.66965854,1784159999999
1784160000000,0.042052,0.042435,0.041032,0.041491,27269.32431616,1784203199999
1784203200000,0.041566,0.041566,0.04117,0.041216,23502.62389634,1784246399999
1784246400000,0.04104,0.041119,0.040556,0.040844,5484.91899431,1784289599999
1784289600000,0.040805,0.041611,0.040132,0.040184,10457.26262952,1784332799999
1784332800000,0.040511,0.040511,0.0398,0.0398,16609.97436228,1784375999999
1784376000000,0.039797,0.040329,0.039649,0.039894,5843.27167817,1784419199999
1784419200000,0.040228,0.040962,0.040228,0.040823,12248.88275582,1784462399999
1784462400000,0.040614,0.040923,0.039927,0.040021,5150.66392093,1784505599999
1784505600000,0.040556,0.04111,0.040055,0.04111,8890.37147487,1784548799999
1784548800000,0.041278,0.043031,0.040867,0.042443,164890.17705322,1784591999999
1784592000000,0.04253,0.04253,0.041929,0.041929,54980.15269992,1784635199999
1784635200000,0.042096,0.0426,0.042096,0.042202,25627.92317773,1784678399999
1784678400000,0.042232,0.04237,0.04178,0.042319,4805.55062138,1784721599999
1784721600000,0.042315,0.05694,0.042158,0.043753,5512523.89284881,1784764799999
1784764800000,0.043564,0.046211,0.043564,0.044274,1258519.45938866,1784807999999
1784808000000,0.044054,0.045314,0.041102,0.041746,332790.18425246,1784851199999
1784851200000,0.041909,0.043372,0.041909,0.042229,195379.87016856,1784894399999
1784894400000,0.041817,0.041817,0.038172,0.038803,53816.68030711,1784937599999
1784937600000,0.038519,0.041421,0.038315,0.041421,1172284.30115137,1784980799999
1784980800000,0.041595,0.044737,0.041595,0.043744,865509.61128926,1785023999999
1785024000000,0.044083,0.044083,0.041613,0.041961,94917.54994662,1785067199999
1785067200000,0.041611,0.041844,0.04142,0.041844,84990.32833305,1785110399999
1785110400000,0.041469,0.041469,0.040621,0.040621,29474.81995909,1785153599999
1785153600000,0.041228,0.042098,0.040112,0.040906,31161.36033131,1785196799999
1785196800000,0.041932,0.042522,0.04072,0.041236,17932.98910673,1785239999999
1785240000000,0.040979,0.041309,0.040432,0.041004,2200.38524407,1785283199999
1785283200000,0.040534,0.040534,0.039656,0.040445,7593.70188549,1785326399999
1785326400000,0.0407,0.041633,0.0407,0.040935,2801.94942315,1785369599999
1785369600000,0.041432,0.041725,0.041376,0.041386,7222.90951815,1785412799999
1785412800000,0.041023,0.041023,0.041023,0.041023,1154.30099233,1785455999999
1785456000000,0.040962,0.043852,0.040962,0.042446,212827.58994785,1785499199999
1785499200000,0.042447,0.044845,0.042244,0.044411,310571.86669016,1785542399999
1785542400000,0.04489,0.04489,0.04345,0.043703,285805.82481672,1785585599999
1785585600000,0.043607,0.0477,0.043607,0.04621,432825.13072665,1785628799999
1785628800000,0.046613,0.047016,0.043997,0.044128,161112.92714746,1785671999999
1785672000000,0.043405,0.044502,0.043267,0.044502,234827.36228109,1785715199999
1785715200000,0.044381,0.04533,0.043763,0.043979,56035.86406682,1785758399999
1785758400000,0.043776,0.04525,0.043726,0.04525,9100.78487819,1785801599999
1785801600000,0.045227,0.045356,0.044583,0.044583,39745.74279471,1785844799999
1785844800000,0.044404,0.044596,0.044179,0.044503,5379.65638034,1785887999999
1785888000000,0.044287,0.045785,0.044287,0.045057,10471.66738148,1785931199999
1785931200000,0.044889,0.045806,0.044827,0.045053,5724.17645986,1785974399999
1785974400000,0.045098,0.046196,0.044748,0.04599,14164.29817591,1786017599999
1786017600000,0.046053,0.047462,0.045965,0.047419,3380.85301867,1786060799999
1786060800000,0.048107,0.0483,0.04711,0.047411,10270.3007081,1786103999999
1786104000000,0.047361,0.047361,0.046427,0.046673,1335.80678709,1786147199999
1786147200000,0.046808,0.047334,0.046808,0.047334,1199.05028718,1786190399999
1786190400000,0.048249,0.052646,0.048249,0.052094,463371.99709552,1786233599999
1786233600000,0.052501,0.05834,0.050988,0.053154,1309754.62083006,1786276799999
1786276800000,0.052918,0.057778,0.0526,0.054771,417559.87020961,1786319999999
1786320000000,0.055702,0.06199,0.05546,0.057308,693993.52623544,1786363199999
1786363200000,0.057092,0.060938,0.054275,0.055799,472472.72760301,1786406399999
