openTime,open,high,low,close,volume,closeTime
1630483200000,0.70834,0.71733,0.69615,0.70563,51477.85395991,1630511999999
1630512000000,0.70493,0.71548,0.69411,0.70185,59778.4793949,1630540799999
1630540800000,0.702,0.71352,0.69979,0.70073,24794.7843324,1630569599999
1630569600000,0.70192,0.70471,0.6885,0.69571,47301.27760969,1630598399999
1630598400000,0.69458,0.69654,0.68905,0.69107,18871.58103375,1630627199999
1630627200000,0.69527,0.69527,0.67822,0.68735,9251.182508,1630655999999
1630656000000,0.6863,0.70553,0.68077,0.69969,32114.95843723,1630684799999
1630684800000,0.70023,0.70402,0.68812,0.69603,44821.88955642,1630713599999
1630713600000,0.69649,0.70284,0.69058,0.6946,33295.61412196,1630742399999
1630742400000,0.69325,0.70107,0.68578,0.68699,44639.46274142,1630771199999
1630771200000,0.68653,0.69041,0.68158,0.6904,23724.1764814,1630799999999
1630800000000,0.69025,0.6921,0.6825,0.685,23986.50792759,1630828799999
1630828800000,0.68638,0.69578,0.68511,0.68952,39693.79120398,1630857599999
1630857600000,0.68805,0.7,0.68416,0.6925,35720.68241771,1630886399999
1630886400000,0.69408,0.7123,0.6905,0.7085,38561.16376488,1630915199999
1630915200000,0.71021,0.71866,0.67777,0.70331,67675.52555291,1630943999999
1630944000000,0.70331,0.71261,0.69727,0.71255,42098.19342605,1630972799999
1630972800000,0.71137,0.92298,0.69792,0.82282,567827.46704244,1631001599999
1631001600000,0.82187,0.8314,0.66276,0.74205,1024145.11941499,1631030399999
1631030400000,0.74205,0.86616,0.71155,0.77409,850181.91097161,1631059199999
1631059200000,0.77932,0.84999,0.70802,0.72252,240140.2810206,1631087999999
1631088000000,0.72122,0.80225,0.69646,0.73148,164957.26149904,1631116799999
1631116800000,0.73818,0.74725,0.72515,0.73441,70856.40392665,1631145599999
1631145600000,0.73298,0.78035,0.7177,0.76294,38572.48702889,1631174399999
1631174400000,0.76362,0.76694,0.72075,0.74393,47287.38670064,1631203199999
1631203200000,0.75759,0.79737,0.73427,0.74143,50651.33767542,1631231999999
1631232000000,0.74237,0.76992,0.74154,0.74516,33137.62025652,1631260799999
1631260800000,0.74662,0.7635,0.71554,0.73505,34722.74940143,1631289599999
1631289600000,0.73535,0.73906,0.72125,0.72829,27639.62069835,1631318399999
1631318400000,0.73266,0.73287,0.69915,0.69915,3625.95551698,1631347199999
1631347200000,0.70173,0.71992,0.70168,0.71562,13105.9539096,1631375999999
1631376000000,0.7155,0.72142,0.7077,0.71316,16978.78412254,1631404799999
1631404800000,0.71424,0.71753,0.70553,0.71125,19699.27829982,1631433599999
1631433600000,0.71095,0.75033,0.71018,0.74679,39961.4071286,1631462399999
1631462400000,0.74334,0.75149,0.71819,0.73044,24927.14027961,1631491199999
1631491200000,0.7387,0.75829,0.70442,0.7073,15847.79704894,1631519999999
1631520000000,0.70608,0.7199,0.6908,0.70103,18938.32140377,1631548799999
1631548800000,0.7,0.7191,0.69917,0.70227,3383.05288427,1631577599999
1631577600000,0.70366,0.72148,0.70366,0.71985,8880.17510316,1631606399999
1631606400000,0.72198,0.74621,0.72006,0.74008,60951.52671279,1631635199999
1631635200000,0.73683,0.74716,0.72163,0.7303,17759.78163561,1631663999999
1631664000000,0.73109,0.80718,0.73109,0.7728,83587.56302748,1631692799999
1631692800000,0.7798,0.81315,0.7768,0.80235,111717.19194245,1631721599999
1631721600000,0.80322,0.97425,0.77801,0.918,667194.90325299,1631750399999
1631750400000,0.91164,0.95686,0.8648,0.93596,315092.73886102,1631779199999
1631779200000,0.93631,1.0623,0.89103,0.90184,1108743.98642021,1631807999999
1631808000000,0.90808,0.96835,0.84926,0.87923,524852.92230384,1631836799999
1631836800000,0.87953,0.92516,0.85621,0.88193,67247.95704155,1631865599999
1631865600000,0.88155,0.89174,0.8232,0.84867,127843.70624305,1631894399999
1631894400000,0.83836,0.87576,0.82888,0.87196,57540.90313006,1631923199999
1631923200000,0.86136,0.86315,0.83461,0.85197,36424.43569613,1631951999999
1631952000000,0.85399,0.85845,0.81835,0.81948,38138.501492,1631980799999
1631980800000,0.82323,0.82375,0.77286,0.80576,68006.33001499,1632009599999
1632009600000,0.79985,0.80268,0.77819,0.80042,40020.41663604,1632038399999
1632038400000,0.80325,0.80325,0.78044,0.78546,17756.39739156,1632067199999
1632067200000,0.78612,0.78612,0.76334,0.76761,41349.29212551,1632095999999
1632096000000,0.76465,0.76495,0.72163,0.72171,27553.59463802,1632124799999
1632124800000,0.7279,0.73577,0.68781,0.72,28575.61909665,1632153599999
1632153600000,0.72246,0.72449,0.69061,0.70146,17924.66845011,1632182399999
1632182400000,0.69056,0.69845,0.67,0.69845,15414.8232858,1632211199999
1632211200000,0.69753,0.71944,0.69381,0.70697,15571.99082084,1632239999999
1632240000000,0.70927,0.70927,0.67293,0.67293,14785.72675403,1632268799999
1632268800000,0.6828,0.69915,0.67732,0.69915,8631.69461268,1632297599999
1632297600000,0.69768,0.72613,0.67458,0.72009,39660.19760724,1632326399999
1632326400000,0.71602,0.73789,0.71072,0.73789,41127.3416135,1632355199999
1632355200000,0.73636,0.75403,0.731,0.74062,28205.76327977,1632383999999
1632384000000,0.74374,0.74416,0.71855,0.72408,16794.77634435,1632412799999
1632412800000,0.72185,0.74104,0.72185,0.7312,75248.07096397,1632441599999
1632441600000,0.73964,0.73964,0.71859,0.72216,4831.87746876,1632470399999
1632470400000,0.72414,0.73437,0.59075,0.63013,237923.29370582,1632499199999
1632499200000,0.63495,0.648,0.62481,0.63557,123945.66761078,1632527999999
1632528000000,0.63791,0.64312,0.62875,0.63198,37257.1138065,1632556799999
1632556800000,0.63564,0.63564,0.60679,0.6221,42380.46849097,1632585599999
1632585600000,0.6202,0.62077,0.60344,0.60669,53790.32151998,1632614399999
1632614400000,0.6099,0.6099,0.53204,0.53204,33430.94375899,1632643199999
1632643200000,0.5314,0.57205,0.51044,0.55865,172984.14115684,1632671999999
1632672000000,0.55866,0.57424,0.55183,0.56033,129960.97167946,1632700799999
1632700800000,0.55292,0.57912,0.55292,0.57051,47570.19826687,1632729599999
1632729600000,0.57436,0.59577,0.56691,0.57689,93996.75629708,1632758399999
1632758400000,0.57569,0.57848,0.55091,0.55812,49613.53578225,1632787199999
1632787200000,0.55208,0.55208,0.53501,0.54043,9756.98002045,1632815999999
1632816000000,0.54143,0.55211,0.52607,0.53035,31554.10680283,1632844799999
1632844800000,0.53244,0.55473,0.52261,0.52301,70321.12220522,1632873599999
1632873600000,0.52463,0.55336,0.5218,0.53905,31852.22453319,1632902399999
1632902400000,0.5528,0.5528,0.53569,0.53693,37153.96832262,1632931199999
1632931200000,0.5394,0.5394,0.52612,0.534,22348.89253621,1632959999999
1632960000000,0.53226,0.55063,0.53205,0.54053,12577.62525714,1632988799999
1632988800000,0.54001,0.54143,0.53383,0.5366,25130.83703788,1633017599999
1633017600000,0.53676,0.54547,0.53206,0.54317,30472.82622799,1633046399999
1633046400000,0.54446,0.57994,0.5435,0.57994,33488.69526491,1633075199999
1633075200000,0.56934,0.59861,0.56085,0.57593,123092.42434142,1633103999999
1633104000000,0.57742,0.59478,0.57458,0.59478,42908.34081911,1633132799999
1633132800000,0.58935,0.59313,0.57765,0.5903,49180.74240302,1633161599999
1633161600000,0.58968,0.59911,0.58067,0.59781,66262.85708207,1633190399999
1633190400000,0.59372,0.60128,0.58025,0.58595,65775.9153588,1633219199999
1633219200000,0.58863,0.64409,0.57869,0.61887,107956.00578967,1633247999999
1633248000000,0.62192,0.63514,0.60757,0.6208,83024.78792474,1633276799999
1633276800000,0.62222,0.6478,0.61994,0.63465,32057.54113195,1633305599999
1633305600000,0.63168,0.63168,0.60241,0.61117,22864.10354542,1633334399999
1633334400000,0.61065,0.61296,0.59315,0.60227,27007.65459057,1633363199999
1633363200000,0.60679,0.60998,0.59968,0.60555,45057.58318253,1633391999999
1633392000000,0.60321,0.6239,0.60321,0.6208,37141.74463123,1633420799999
1633420800000,0.61884,0.6252,0.60499,0.60783,33352.38561536,1633449599999
1633449600000,0.6113,0.62074,0.60706,0.6154,29297.79471962,1633478399999
1633478400000,0.61321,0.61452,0.60519,0.60596,10303.97790969,1633507199999
1633507200000,0.60383,0.61693,0.59001,0.61537,78041.73771365,1633535999999
1633536000000,0.61598,0.61598,0.60001,0.60627,31830.8166619,1633564799999
1633564800000,0.60144,0.60175,0.58629,0.60027,25831.39161852,1633593599999
1633593600000,0.6003,0.61998,0.59418,0.60935,97525.23445285,1633622399999
1633622400000,0.60529,0.72316,0.60529,0.65804,436052.98597941,1633651199999
1633651200000,0.65024,0.65024,0.6321,0.64049,53206.11366469,1633679999999
1633680000000,0.64493,0.66232,0.63356,0.6474,69697.90433501,1633708799999
1633708800000,0.65413,0.70742,0.65413,0.67937,89582.33344848,1633737599999
1633737600000,0.68015,0.70733,0.68015,0.68676,39764.77927796,1633766399999
1633766400000,0.69137,0.94,0.69074,0.744,1085080.62345177,1633795199999
1633795200000,0.74401,0.79,0.72031,0.72339,341308.28156789,1633823999999
1633824000000,0.71977,0.73315,0.7044,0.71172,74320.75630899,1633852799999
1633852800000,0.71206,0.72998,0.70405,0.70909,88000.8304182,1633881599999
1633881600000,0.71374,0.71398,0.68826,0.69101,65468.2198594,1633910399999
1633910400000,0.68814,0.70409,0.68518,0.70409,77518.13646167,1633939199999
1633939200000,0.70343,0.73332,0.68609,0.69929,122394.73609771,1633967999999
1633968000000,0.69964,0.70379,0.68098,0.68257,18600.785924,1633996799999
1633996800000,0.68397,0.68397,0.65568,0.66087,14451.2952244,1634025599999
1634025600000,0.65788,0.66017,0.64001,0.6558,44794.20086841,1634054399999
1634054400000,0.65334,0.67999,0.64552,0.65958,32743.99636338,1634083199999
1634083200000,0.663,0.67373,0.64001,0.64141,25766.26684428,1634111999999
1634112000000,0.6428,0.66063,0.64109,0.65654,82401.83685037,1634140799999
1634140800000,0.6569,0.8374,0.65325,0.72966,2156211.91468401,1634169599999
1634169600000,0.72578,0.73652,0.70687,0.72389,129217.43246144,1634198399999
1634198400000,0.72338,0.77998,0.70188,0.711,1154157.78561111,1634227199999
1634227200000,0.7054,0.716,0.69927,0.716,379814.67656756,1634255999999
1634256000000,0.71616,0.7198,0.6924,0.71403,157227.01194995,1634284799999
1634284800000,0.70964,0.71271,0.68293,0.69567,404814.08315942,1634313599999
1634313600000,0.69368,0.70576,0.68505,0.69245,93884.05298724,1634342399999
1634342400000,0.69525,0.725,0.68541,0.68685,137864.16893228,1634371199999
1634371200000,0.6869,0.70362,0.67911,0.68862,190163.94792382,1634399999999
1634400000000,0.6889,0.69109,0.66503,0.66503,65365.9016396,1634428799999
1634428800000,0.66655,0.67612,0.66218,0.67441,86460.66359274,1634457599999
1634457600000,0.67561,0.68176,0.667,0.67293,80450.16384031,1634486399999
1634486400000,0.66854,0.70594,0.66052,0.67195,116775.56767418,1634515199999
1634515200000,0.67535,0.67555,0.66429,0.66429,23485.64678952,1634543999999
1634544000000,0.66548,0.67839,0.66194,0.66832,84463.49976402,1634572799999
1634572800000,0.67035,0.679,0.66343,0.67505,46263.22998265,1634601599999
1634601600000,0.67317,0.69679,0.66984,0.68503,160831.47680136,1634630399999
1634630400000,0.68025,0.68244,0.66274,0.66554,96016.48941287,1634659199999
1634659200000,0.66439,0.6748,0.6622,0.6737,79767.48030208,1634687999999
1634688000000,0.67017,0.67217,0.66505,0.66652,22327.9210104,1634716799999
1634716800000,0.66762,0.67999,0.66099,0.66871,130496.05148505,1634745599999
1634745600000,0.66853,0.69493,0.66735,0.6752,152969.66751739,1634774399999
1634774400000,0.67305,0.68252,0.6708,0.68244,30958.90115549,1634803199999
1634803200000,0.68137,0.68792,0.65739,0.66806,100610.67006893,1634831999999
1634832000000,0.66597,0.66597,0.65461,0.65589,76274.77395342,1634860799999
1634860800000,0.65669,0.66423,0.65595,0.66117,45097.84276347,1634889599999
1634889600000,0.66298,0.66467,0.64444,0.64533,101815.14152728,1634918399999
1634918400000,0.64452,0.65137,0.63378,0.64364,64239.35822552,1634947199999
1634947200000,0.64515,0.64879,0.63982,0.64318,11846.93590531,1634975999999
1634976000000,0.64249,0.64467,0.63675,0.64078,35102.52793777,1635004799999
1635004800000,0.64349,0.64922,0.63539,0.64765,107566.88629022,1635033599999
1635033600000,0.64999,0.66594,0.64642,0.65434,84041.1991025,1635062399999
1635062400000,0.65385,0.6565,0.62784,0.63303,77447.15301133,1635091199999
1635091200000,0.63125,0.64739,0.62276,0.64475,40942.70028948,1635119999999
1635120000000,0.64449,0.66193,0.64415,0.66177,62540.51115729,1635148799999
1635148800000,0.66355,0.6734,0.66088,0.6634,40001.8544832,1635177599999
1635177600000,0.6617,0.66677,0.652,0.66256,80590.62171365,1635206399999
1635206400000,0.66167,0.66402,0.64835,0.65264,70614.01906981,1635235199999
1635235200000,0.655,0.66,0.64803,0.65372,45831.48558189,1635263999999
1635264000000,0.64914,0.6583,0.64741,0.65813,71537.77380104,1635292799999
1635292800000,0.65999,0.66198,0.63555,0.63555,30755.24246055,1635321599999
1635321600000,0.63275,0.63705,0.6053,0.60594,124460.91304867,1635350399999
1635350400000,0.60573,0.61599,0.57004,0.60263,96251.53370432,1635379199999
1635379200000,0.60862,0.61012,0.58744,0.59078,34160.79542951,1635407999999
1635408000000,0.58824,0.62492,0.58824,0.60118,187149.64623242,1635436799999
1635436800000,0.6018,0.60998,0.58629,0.59415,207221.11507448,1635465599999
1635465600000,0.59264,0.60487,0.59264,0.59764,124006.74359487,1635494399999
1635494400000,0.6005,0.63749,0.6005,0.62859,112372.24234448,1635523199999
1635523200000,0.62883,0.63281,0.60633,0.60633,47827.10517056,1635551999999
1635552000000,0.60534,0.61229,0.60314,0.60391,80507.49055391,1635580799999
1635580800000,0.60567,0.65398,0.60295,0.64054,208935.97026392,1635609599999
1635609600000,0.64063,0.64998,0.62001,0.62201,123359.18414248,1635638399999
1635638400000,0.62254,0.62878,0.61035,0.61338,87538.57831099,1635667199999
1635667200000,0.61355,0.62994,0.5932,0.61705,333691.1200301,1635695999999
1635696000000,0.61716,0.7,0.61284,0.66096,330538.94787103,1635724799999
1635724800000,0.65757,0.65953,0.62049,0.64328,62865.24142608,1635753599999
1635753600000,0.64505,0.71554,0.63242,0.69489,377909.38576864,1635782399999
1635782400000,0.69318,0.79028,0.66775,0.74313,1420082.85070342,1635811199999
1635811200000,0.74426,0.76099,0.69324,0.69324,249315.43953975,1635839999999
1635840000000,0.6929,0.78599,0.6929,0.76806,627207.92507057,1635868799999
1635868800000,0.76241,0.814,0.74531,0.77465,245268.06185807,1635897599999
1635897600000,0.77638,0.82919,0.75628,0.76154,62682.66347336,1635926399999
1635926400000,0.76107,0.76241,0.70001,0.72405,208137.01467562,1635955199999
1635955200000,0.72228,0.73991,0.714,0.72817,182332.30093975,1635983999999
1635984000000,0.72564,0.73186,0.71015,0.71015,26464.02666118,1636012799999
1636012800000,0.71028,0.72999,0.7,0.70099,74693.5045779,1636041599999
1636041600000,0.70222,0.71255,0.6945,0.70315,90822.45256347,1636070399999
1636070400000,0.70143,0.70347,0.67672,0.67949,47380.29044339,1636099199999
1636099200000,0.67965,0.70348,0.67,0.67082,139964.40377217,1636127999999
1636128000000,0.67001,0.68178,0.6628,0.66426,95705.25728134,1636156799999
1636156800000,0.66409,0.67997,0.66151,0.67997,10640.67783579,1636185599999
1636185600000,0.66151,0.67998,0.64374,0.66569,73590.29235952,1636214399999
1636214400000,0.6642,0.68973,0.65001,0.6896,101995.83427769,1636243199999
1636243200000,0.68969,0.72999,0.67729,0.69462,15492.35416158,1636271999999
1636272000000,0.67871,0.69514,0.66655,0.68191,44313.84976648,1636300799999
1636300800000,0.6682,0.68974,0.66504,0.68317,26733.88359491,1636329599999
1636329600000,0.67002,0.69998,0.66373,0.68787,16231.05659293,1636358399999
1636358400000,0.69685,0.70999,0.67314,0.67314,49534.59144672,1636387199999
1636387200000,0.6748,0.67999,0.66001,0.66447,108244.38706497,1636415999999
1636416000000,0.66531,0.67496,0.66155,0.66759,62760.870152,1636444799999
1636444800000,0.66614,0.677,0.65642,0.66442,173284.39677061,1636473599999
1636473600000,0.66596,0.70968,0.65821,0.68001,210128.69247355,1636502399999
1636502400000,0.68112,0.68755,0.66881,0.67555,29004.11868774,1636531199999
1636531200000,0.67359,0.68649,0.67072,0.68647,43318.12962339,1636559999999
1636560000000,0.68719,0.68929,0.61911,0.63307,327402.27246539,1636588799999
1636588800000,0.63209,0.65235,0.6283,0.65047,70308.6361802,1636617599999
1636617600000,0.65072,0.65546,0.63001,0.63636,94403.5316141,1636646399999
1636646400000,0.63787,0.65704,0.63738,0.65062,59569.60211601,1636675199999
1636675200000,0.64739,0.65102,0.63488,0.63706,59964.70456457,1636703999999
1636704000000,0.63757,0.6565,0.62055,0.63884,57277.54778786,1636732799999
1636732800000,0.63453,0.67084,0.6255,0.66803,93209.69899264,1636761599999
1636761600000,0.66442,0.66442,0.64556,0.65162,27404.26247416,1636790399999
1636790400000,0.6493,0.65073,0.63916,0.64999,33441.17148921,1636819199999
1636819200000,0.64999,0.65644,0.63,0.63881,132611.98945391,1636847999999
1636848000000,0.6388,0.64404,0.63741,0.63883,15668.90765224,1636876799999
1636876800000,0.6382,0.64641,0.63002,0.63002,86689.57690068,1636905599999
1636905600000,0.63001,0.63693,0.62458,0.63585,67782.06443071,1636934399999
1636934400000,0.63632,0.64257,0.62967,0.63112,42293.22603556,1636963199999
1636963200000,0.63129,0.63734,0.62436,0.62981,139694.65777972,1636991999999
1636992000000,0.63169,0.63299,0.62151,0.62431,77835.39432756,1637020799999
1637020800000,0.62279,0.62279,0.59568,0.60352,98303.64208749,1637049599999
1637049600000,0.60468,0.60981,0.57,0.59761,90151.13573387,1637078399999
1637078400000,0.60061,0.6027,0.58315,0.598,65045.23306196,1637107199999
1637107200000,0.59499,0.59585,0.58259,0.58686,12688.02846057,1637135999999
1637136000000,0.5845,0.59995,0.5751,0.58468,20565.4373951,1637164799999
1637164800000,0.58344,0.67,0.58344,0.60476,299826.14119444,1637193599999
1637193600000,0.60593,0.62471,0.5861,0.5875,23336.03817642,1637222399999
1637222400000,0.58593,0.59486,0.55,0.55592,42968.18157041,1637251199999
1637251200000,0.5567,0.57801,0.53931,0.55078,92622.27183501,1637279999999
1637280000000,0.55167,0.56503,0.54708,0.55001,49877.3156059,1637308799999
1637308800000,0.55297,0.59947,0.55297,0.58438,30458.71630807,1637337599999
1637337600000,0.5847,0.63999,0.58357,0.62472,66418.60833213,1637366399999
1637366400000,0.61656,0.61959,0.5946,0.59847,52796.9232649,1637395199999
1637395200000,0.59959,0.60139,0.58167,0.58167,15360.40751367,1637423999999
1637424000000,0.58167,0.60851,0.58062,0.60533,143715.55781152,1637452799999
1637452800000,0.60576,0.60583,0.58846,0.6031,25712.96568469,1637481599999
1637481600000,0.59894,0.64304,0.59535,0.63444,107847.25302162,1637510399999
1637510400000,0.63628,0.6466,0.61135,0.61135,65757.77015558,1637539199999
1637539200000,0.61049,0.61499,0.59379,0.60746,97297.18493518,1637567999999
1637568000000,0.60528,0.6191,0.59403,0.60523,49896.26397176,1637596799999
1637596800000,0.60238,0.64998,0.59878,0.61436,125454.56965363,1637625599999
1637625600000,0.61237,0.63851,0.602,0.60449,17245.19265286,1637654399999
1637654400000,0.60368,0.61949,0.59,0.60132,47005.18319877,1637683199999
1637683200000,0.59965,0.61861,0.59382,0.59701,76341.67524673,1637711999999
1637712000000,0.60179,0.60221,0.57713,0.58547,36996.35237267,1637740799999
1637740800000,0.58642,0.60265,0.56001,0.5812,35025.36106313,1637769599999
1637769600000,0.57783,0.57787,0.56054,0.57294,27238.79875919,1637798399999
1637798400000,0.56845,0.58039,0.56845,0.57323,18343.39015555,1637827199999
1637827200000,0.57522,0.61961,0.57326,0.6122,91384.13602813,1637855999999
1637856000000,0.6122,0.61488,0.58069,0.60854,94688.43309823,1637884799999
1637884800000,0.60365,0.61197,0.58149,0.58727,32336.35760739,1637913599999
1637913600000,0.59153,0.59178,0.54292,0.55572,107270.41252619,1637942399999
1637942400000,0.55628,0.56319,0.54271,0.55618,51277.93469057,1637971199999
1637971200000,0.5549,0.6516,0.5549,0.59918,251173.72416846,1637999999999
1638000000000,0.6037,0.64998,0.60157,0.62493,209225.81316282,1638028799999
1638028800000,0.6284,0.6284,0.59898,0.60599,83118.73850285,1638057599999
1638057600000,0.60795,0.60795,0.56961,0.57457,73028.53273719,1638086399999
1638086400000,0.57228,0.58999,0.56861,0.58158,114332.18175669,1638115199999
1638115200000,0.58037,0.60379,0.56626,0.59331,120570.99818475,1638143999999
1638144000000,0.59614,0.59841,0.57959,0.58278,38768.58878666,1638172799999
1638172800000,0.58516,0.595,0.57266,0.58103,99385.07909233,1638201599999
1638201600000,0.58121,0.58931,0.575,0.57709,125524.38868699,1638230399999
1638230400000,0.57933,0.58118,0.55713,0.56245,50158.94103273,1638259199999
1638259200000,0.5635,0.58239,0.55201,0.57861,98132.35388968,1638287999999
1638288000000,0.57473,0.57483,0.55147,0.55485,109233.25717278,1638316799999
1638316800000,0.553,0.56581,0.55119,0.56055,28903.42016746,1638345599999
1638345600000,0.55708,0.56376,0.55431,0.56029,40964.14821708,1638374399999
1638374400000,0.56245,0.56449,0.54891,0.55258,51694.80365376,1638403199999
1638403200000,0.5495,0.5495,0.52001,0.53667,39014.11681831,1638431999999
1638432000000,0.53532,0.53714,0.52024,0.53276,107976.24460347,1638460799999
1638460800000,0.53434,0.5764,0.53194,0.55337,202008.97344448,1638489599999
1638489600000,0.55315,0.57397,0.55192,0.56428,43067.24581906,1638518399999
1638518400000,0.56561,0.58726,0.5486,0.55076,64357.1075132,1638547199999
1638547200000,0.55143,0.55152,0.52001,0.54029,67093.02717532,1638575999999
1638576000000,0.53866,0.53866,0.42015,0.45998,69419.17299045,1638604799999
1638604800000,0.44983,0.5,0.42005,0.46192,163289.49087454,1638633599999
1638633600000,0.46246,0.46999,0.44003,0.44423,47656.98610108,1638662399999
1638662400000,0.46997,0.48405,0.44137,0.46003,9462.89478402,1638691199999
1638691200000,0.46003,0.48999,0.43001,0.43001,77620.98903184,1638719999999
1638720000000,0.43002,0.6,0.41557,0.41557,547174.78869036,1638748799999
1638748800000,0.423,0.44479,0.39991,0.39991,36788.94461829,1638777599999
1638777600000,0.40999,0.4164,0.35514,0.38038,178986.51855698,1638806399999
1638806400000,0.3829,0.41364,0.37164,0.40337,802103.77473351,1638835199999
1638835200000,0.40178,0.41064,0.391,0.39994,219611.39635749,1638863999999
1638864000000,0.39959,0.41657,0.39024,0.41093,227657.60528791,1638892799999
1638892800000,0.4104,0.415,0.38416,0.3904,142725.03980259,1638921599999
1638921600000,0.38712,0.39669,0.37482,0.38939,64488.83074573,1638950399999
1638950400000,0.394,0.39847,0.374,0.38805,68424.63921758,1638979199999
1638979200000,0.39059,0.415,0.37068,0.39442,204125.36454318,1639007999999
1639008000000,0.39285,0.42402,0.39227,0.40968,269887.31078606,1639036799999
1639036800000,0.41179,0.46586,0.39158,0.41728,1217424.06504254,1639065599999
1639065600000,0.41686,0.52218,0.395,0.44987,2577475.51049048,1639094399999
1639094400000,0.45607,0.45957,0.395,0.3961,693883.23917852,1639123199999
1639123200000,0.39757,0.4242,0.38085,0.38697,653940.36521179,1639151999999
1639152000000,0.38588,0.38742,0.36457,0.36641,338744.79407919,1639180799999
1639180800000,0.36665,0.37792,0.36165,0.37348,145381.36015335,1639209599999
1639209600000,0.37311,0.37943,0.37012,0.37671,201752.02869593,1639238399999
1639238400000,0.37675,0.38181,0.36717,0.36809,194842.57967093,1639267199999
1639267200000,0.37006,0.37233,0.36002,0.3656,120954.36724018,1639295999999
1639296000000,0.36704,0.37043,0.36001,0.36813,163398.88631256,1639324799999
1639324800000,0.36515,0.38697,0.36515,0.37621,225105.48089706,1639353599999
1639353600000,0.38029,0.38029,0.35768,0.35768,79264.80957579,1639382399999
1639382400000,0.35793,0.36111,0.33027,0.33383,106551.80779577,1639411199999
1639411200000,0.33129,0.33783,0.32001,0.32503,304138.77061337,1639439999999
1639440000000,0.32337,0.32426,0.30517,0.31672,229194.58008976,1639468799999
1639468800000,0.31685,0.31959,0.30896,0.31306,237385.90088752,1639497599999
1639497600000,0.31101,0.31896,0.30936,0.31444,118532.36668076,1639526399999
1639526400000,0.31508,0.31746,0.31091,0.31147,24252.30738876,1639555199999
1639555200000,0.31319,0.31513,0.30109,0.30109,90399.39646262,1639583999999
1639584000000,0.3035,0.3255,0.30023,0.31859,161142.75426378,1639612799999
1639612800000,0.31787,0.31966,0.31097,0.31473,25815.99787639,1639641599999
1639641600000,0.31644,0.33194,0.31514,0.32733,131801.04000981,1639670399999
1639670400000,0.32596,0.32753,0.31512,0.31512,228616.25807057,1639699199999
1639699200000,0.31606,0.32645,0.31606,0.32071,161875.21503894,1639727999999
1639728000000,0.32085,0.32171,0.29681,0.30672,220040.37880862,1639756799999
1639756800000,0.30569,0.31348,0.3045,0.30938,226619.04086622,1639785599999
1639785600000,0.31269,0.31823,0.30842,0.31577,32389.21732789,1639814399999
1639814400000,0.31714,0.32144,0.31475,0.31643,133033.99682799,1639843199999
1639843200000,0.31763,0.37836,0.31381,0.31951,727607.14503526,1639871999999
1639872000000,0.31976,0.33375,0.31812,0.33052,67931.39999899,1639900799999
1639900800000,0.3309,0.3368,0.32113,0.32827,284397.34201562,1639929599999
1639929600000,0.32769,0.33097,0.31779,0.32179,88077.58089969,1639958399999
1639958400000,0.31622,0.32303,0.31073,0.31303,87669.44094118,1639987199999
1639987200000,0.31205,0.31205,0.29302,0.29757,169383.74274622,1640015999999
1640016000000,0.29697,0.3105,0.29697,0.30865,60752.13785552,1640044799999
1640044800000,0.30639,0.31229,0.30489,0.30797,57583.53860427,1640073599999
1640073600000,0.3094,0.31326,0.30643,0.31028,51683.89276199,1640102399999
1640102400000,0.31056,0.31618,0.30969,0.31449,55960.98386838,1640131199999
1640131200000,0.31464,0.32969,0.31383,0.32341,68656.90558594,1640159999999
1640160000000,0.32485,0.3275,0.31001,0.31553,43952.12785424,1640188799999
1640188800000,0.3176,0.32084,0.31452,0.31452,77200.97699016,1640217599999
1640217600000,0.3144,0.31531,0.31001,0.31091,26397.50097202,1640246399999
1640246400000,0.31076,0.32262,0.30857,0.32172,97600.173868,1640275199999
1640275200000,0.32331,0.33093,0.31744,0.3283,239151.85992801,1640303999999
1640304000000,0.32899,0.3404,0.32847,0.33102,62996.07608713,1640332799999
1640332800000,0.3315,0.3406,0.32429,0.32738,75876.3758685,1640361599999
1640361600000,0.32859,0.33456,0.32524,0.32622,57448.5469518,1640390399999
1640390400000,0.32736,0.33006,0.325,0.32852,32867.65087599,1640419199999
1640419200000,0.32856,0.34222,0.3254,0.33958,156457.75663741,1640447999999
1640448000000,0.33904,0.58165,0.33367,0.47557,1.009304579247434E7,1640476799999
1640476800000,0.47427,0.47756,0.42922,0.4473,2235987.89484033,1640505599999
1640505600000,0.44344,0.52772,0.43856,0.46685,5685597.59961092,1640534399999
1640534400000,0.46717,0.48362,0.42967,0.43651,2585164.78588058,1640563199999
1640563200000,0.43624,0.4496,0.42691,0.44203,639454.87191131,1640591999999
1640592000000,0.44192,0.45911,0.43118,0.44578,1830952.09521388,1640620799999
1640620800000,0.44491,0.4466,0.41262,0.41435,912979.54001299,1640649599999
1640649600000,0.41427,0.41524,0.383,0.39821,419788.39988369,1640678399999
1640678400000,0.39753,0.404,0.38949,0.39382,477635.29518094,1640707199999
1640707200000,0.39382,0.39502,0.36765,0.37445,1300796.34952706,1640735999999
1640736000000,0.37389,0.38712,0.37159,0.37203,106370.76443903,1640764799999
1640764800000,0.37205,0.38709,0.35645,0.37254,403425.38904201,1640793599999
1640793600000,0.37143,0.37189,0.35304,0.35637,205005.57235033,1640822399999
1640822400000,0.35486,0.36439,0.34891,0.36421,136617.51786492,1640851199999
1640851200000,0.36645,0.36983,0.35639,0.36434,148589.64391253,1640879999999
1640880000000,0.36121,0.36526,0.35248,0.35902,101952.30845853,1640908799999
1640908800000,0.35703,0.39075,0.35495,0.38416,354914.43265753,1640937599999
1640937600000,0.38248,0.418,0.37463,0.38487,1244505.24799864,1640966399999
1640966400000,0.38531,0.4091,0.3653,0.37171,857783.70561311,1640995199999
1640995200000,0.37655,0.39159,0.37409,0.38067,156711.52571453,1641023999999
1641024000000,0.38059,0.38243,0.37068,0.37556,247811.63009005,1641052799999
1641052800000,0.37615,0.38489,0.37305,0.37757,324161.46020097,1641081599999
1641081600000,0.38019,0.38785,0.37713,0.38294,110175.26777746,1641110399999
1641110400000,0.38081,0.38081,0.37203,0.37809,280403.56910178,1641139199999
1641139200000,0.37793,0.3804,0.36203,0.36757,203972.39725059,1641167999999
1641168000000,0.36757,0.3681,0.3645,0.36648,63769.14629296,1641196799999
1641196800000,0.36725,0.38403,0.36451,0.37399,138419.79906145,1641225599999
1641225600000,0.3727,0.37535,0.36242,0.36587,199743.46844452,1641254399999
1641254400000,0.36517,0.36651,0.35754,0.36101,28812.84088369,1641283199999
1641283200000,0.36169,0.36753,0.35825,0.36496,97514.86926797,1641311999999
1641312000000,0.36476,0.37131,0.36163,0.36451,86769.06118707,1641340799999
1641340800000,0.36121,0.37999,0.3607,0.37218,53661.95220722,1641369599999
1641369600000,0.37349,0.47999,0.36824,0.39745,4150797.8224549,1641398399999
1641398400000,0.39898,0.40067,0.33637,0.35124,770223.95218729,1641427199999
1641427200000,0.34783,0.35147,0.33397,0.34542,147585.14313038,1641455999999
1641456000000,0.3445,0.3544,0.32843,0.34225,744709.81297837,1641484799999
1641484800000,0.34273,0.35535,0.3403,0.34207,258468.5510045,1641513599999
1641513600000,0.34092,0.34244,0.3195,0.3269,153333.25038408,1641542399999
1641542400000,0.32695,0.34027,0.31965,0.32534,108270.07197263,1641571199999
1641571200000,0.32526,0.33461,0.32153,0.32392,98855.02471196,1641599999999
1641600000000,0.3245,0.33263,0.3245,0.33145,49891.29794087,1641628799999
1641628800000,0.33286,0.36245,0.32001,0.32083,402383.24917503,1641657599999
1641657600000,0.32057,0.32282,0.30107,0.30912,140016.05197335,1641686399999
1641686400000,0.3083,0.31767,0.30789,0.31508,97162.74578102,1641715199999
1641715200000,0.31376,0.32153,0.31128,0.31607,118463.19814429,1641743999999
1641744000000,0.3175,0.32518,0.3175,0.31896,87329.52967573,1641772799999
1641772800000,0.31877,0.31877,0.31595,0.31658,20219.65024323,1641801599999
1641801600000,0.31702,0.36945,0.29736,0.30352,1710481.77202994,1641830399999
1641830400000,0.30409,0.31313,0.2992,0.30366,137430.84560441,1641859199999
1641859200000,0.30271,0.35282,0.30176,0.33316,465827.46265707,1641887999999
1641888000000,0.33312,0.3401,0.31149,0.31503,646579.52665287,1641916799999
1641916800000,0.31419,0.32578,0.31418,0.32069,150422.83979377,1641945599999
1641945600000,0.31947,0.3271,0.31824,0.32051,157456.88328431,1641974399999
1641974400000,0.32219,0.34038,0.3207,0.33508,873377.53692818,1642003199999
1642003200000,0.33654,0.33657,0.3256,0.33118,248325.54628099,1642031999999
1642032000000,0.33171,0.33464,0.32882,0.33252,25642.29887385,1642060799999
1642060800000,0.332,0.34717,0.32147,0.32335,340611.25818803,1642089599999
1642089600000,0.32369,0.32854,0.31081,0.31165,563151.88204796,1642118399999
1642118400000,0.31096,0.32009,0.31096,0.31241,112734.06234702,1642147199999
1642147200000,0.31191,0.31976,0.30951,0.31686,127016.33050854,1642175999999
1642176000000,0.31665,0.33154,0.314,0.3207,202087.18652964,1642204799999
1642204800000,0.32218,0.33742,0.32001,0.32514,154404.39103604,1642233599999
1642233600000,0.32512,0.32905,0.31951,0.32472,75212.75912725,1642262399999
1642262400000,0.32499,0.33389,0.32462,0.33314,68537.23773129,1642291199999
1642291200000,0.32911,0.33557,0.32354,0.32576,54720.82848888,1642319999999
1642320000000,0.32504,0.33205,0.32001,0.3259,67521.37042888,1642348799999
1642348800000,0.3259,0.32675,0.32211,0.3224,45565.42351131,1642377599999
1642377600000,0.32143,0.32143,0.31339,0.31488,70832.63576419,1642406399999
1642406400000,0.31349,0.31754,0.31154,0.31154,77840.98008794,1642435199999
1642435200000,0.31119,0.31239,0.30167,0.30553,241552.11938231,1642463999999
1642464000000,0.30783,0.31111,0.30511,0.30665,76242.67718066,1642492799999
1642492800000,0.30447,0.37989,0.2956,0.31764,3137612.16796745,1642521599999
1642521600000,0.3177,0.33263,0.31251,0.33155,967207.45855351,1642550399999
1642550400000,0.33169,0.33244,0.30545,0.30545,151602.27716752,1642579199999
1642579200000,0.30772,0.31999,0.30676,0.31445,288546.5681635,1642607999999
1642608000000,0.3167,0.31751,0.31049,0.31049,78653.78793801,1642636799999
1642636800000,0.3076,0.31292,0.30668,0.31292,29150.36646339,1642665599999
1642665600000,0.31238,0.32127,0.30922,0.31858,77366.64813277,1642694399999
1642694400000,0.31852,0.31928,0.28473,0.28955,330991.55305673,1642723199999
1642723200000,0.28831,0.29292,0.276,0.2801,291486.99781864,1642751999999
1642752000000,0.28046,0.28133,0.25518,0.26781,301889.92569289,1642780799999
1642780800000,0.26786,0.26901,0.23254,0.23757,459135.90118674,1642809599999
1642809600000,0.23723,0.24181,0.21134,0.21417,201223.28007667,1642838399999
1642838400000,0.21248,0.22883,0.20001,0.20966,606315.32608439,1642867199999
1642867200000,0.20929,0.2186,0.20727,0.21668,200948.14758422,1642895999999
1642896000000,0.2173,0.23693,0.2173,0.23283,133062.53523486,1642924799999
1642924800000,0.23033,0.27416,0.22371,0.23658,417593.21682965,1642953599999
1642953600000,0.23459,0.24274,0.2235,0.23736,189945.26402617,1642982399999
1642982400000,0.23633,0.25338,0.22871,0.22984,154560.99492213,1643011199999
1643011200000,0.23369,0.24263,0.20402,0.21283,509166.13241212,1643039999999
1643040000000,0.21336,0.23014,0.21015,0.22562,209827.47454161,1643068799999
1643068800000,0.22577,0.22577,0.21814,0.22168,52637.15525323,1643097599999
1643097600000,0.22403,0.2298,0.21383,0.21819,159604.22290013,1643126399999
1643126400000,0.2177,0.22202,0.2128,0.2162,256523.77818341,1643155199999
1643155200000,0.2157,0.22518,0.21268,0.2222,148582.58684034,1643183999999
1643184000000,0.22289,0.23197,0.22245,0.22645,150484.07629216,1643212799999
1643212800000,0.22751,0.24554,0.218,0.22126,321659.25925082,1643241599999
1643241600000,0.2223,0.2223,0.21414,0.22016,34001.04331698,1643270399999
1643270400000,0.21906,0.22577,0.21906,0.22207,30240.62431416,1643299199999
1643299200000,0.22254,0.22254,0.21279,0.21819,43942.34695195,1643327999999
1643328000000,0.21944,0.22062,0.2168,0.21862,29290.090711,1643356799999
1643356800000,0.21688,0.21815,0.2138,0.217,12702.24552561,1643385599999
1643385600000,0.21771,0.22395,0.21771,0.22323,56425.0613665,1643414399999
1643414400000,0.22336,0.22506,0.22149,0.22445,18108.03205544,1643443199999
1643443200000,0.22606,0.22606,0.2214,0.22294,68825.46514009,1643471999999
1643472000000,0.2222,0.22591,0.2214,0.22314,56265.032056,1643500799999
1643500800000,0.22451,0.22575,0.22071,0.22447,35210.76074047,1643529599999
1643529600000,0.22586,0.22646,0.22182,0.22588,126918.41716115,1643558399999
1643558400000,0.22515,0.25424,0.21943,0.22534,518484.15667688,1643587199999
1643587200000,0.22435,0.22435,0.21039,0.21636,103638.05178844,1643615999999
1643616000000,0.21627,0.21801,0.21187,0.21686,93982.272468,1643644799999
1643644800000,0.21785,0.22135,0.21674,0.22125,37132.70937718,1643673599999
1643673600000,0.22038,0.22408,0.21945,0.22171,50596.50041917,1643702399999
1643702400000,0.22294,0.2267,0.21805,0.22289,66388.63087923,1643731199999
1643731200000,0.2248,0.23879,0.22277,0.22589,167002.34716778,1643759999999
1643760000000,0.22582,0.23883,0.22132,0.22548,115141.3874897,1643788799999
1643788800000,0.22602,0.22957,0.21689,0.21689,142530.73162707,1643817599999
1643817600000,0.21718,0.24,0.21372,0.21895,279009.34908687,1643846399999
1643846400000,0.21891,0.22604,0.21787,0.22365,53758.44873933,1643875199999
1643875200000,0.22146,0.22926,0.21561,0.21929,56190.80954745,1643903999999
1643904000000,0.21958,0.2269,0.21764,0.22129,84480.4834003,1643932799999
1643932800000,0.22296,0.23088,0.21762,0.22147,186679.98815099,1643961599999
1643961600000,0.2217,0.2278,0.22002,0.22523,102513.41657036,1643990399999
1643990400000,0.22538,0.23427,0.2253,0.2319,138416.61297458,1644019199999
1644019200000,0.23266,0.24394,0.23055,0.23513,139393.79500508,1644047999999
1644048000000,0.23579,0.24069,0.23367,0.2395,222658.36356988,1644076799999
1644076800000,0.23842,0.23842,0.2295,0.2333,124090.2369503,1644105599999
1644105600000,0.23291,0.24566,0.2325,0.23544,256448.61474164,1644134399999
1644134400000,0.23811,0.24008,0.2304,0.2327,138816.43368973,1644163199999
1644163200000,0.23349,0.23888,0.23112,0.23757,59607.2703408,1644191999999
1644192000000,0.2373,0.24643,0.23458,0.24567,200948.15816723,1644220799999
1644220800000,0.24528,0.25827,0.24164,0.25144,267515.48829097,1644249599999
1644249600000,0.25015,0.25667,0.24558,0.24971,486573.70751201,1644278399999
1644278400000,0.24878,0.2567,0.24727,0.25258,210708.38875842,1644307199999
1644307200000,0.25402,0.25402,0.23327,0.23973,851518.69775414,1644335999999
1644336000000,0.23864,0.25999,0.23355,0.24536,833318.86182735,1644364799999
1644364800000,0.24576,0.24595,0.23903,0.24094,119123.91121533,1644393599999
1644393600000,0.2416,0.24999,0.2389,0.2486,245706.7887312,1644422399999
1644422400000,0.24775,0.25597,0.24679,0.25177,188600.39043192,1644451199999
1644451200000,0.25174,0.25599,0.24634,0.25067,228599.07648591,1644479999999
1644480000000,0.24969,0.25564,0.24001,0.24825,406314.10613969,1644508799999
1644508800000,0.2482,0.266,0.24148,0.24487,515186.75689854,1644537599999
1644537600000,0.24425,0.2505,0.24127,0.2505,339032.37041443,1644566399999
1644566400000,0.24805,0.28039,0.24441,0.25913,2015371.7598653,1644595199999
1644595200000,0.25832,0.35762,0.24522,0.26769,8373180.76863385,1644623999999
1644624000000,0.2667,0.33368,0.26127,0.30704,4986281.6973179,1644652799999
1644652800000,0.30834,0.31613,0.27898,0.28398,4691524.01933738,1644681599999
1644681600000,0.28476,0.34317,0.28437,0.29643,1.103693915267213E7,1644710399999
1644710400000,0.29748,0.2985,0.26966,0.27445,1567767.49911211,1644739199999
1644739200000,0.27464,0.27518,0.26582,0.26861,1915134.24875044,1644767999999
1644768000000,0.26895,0.28566,0.25619,0.25619,1468818.25639702,1644796799999
1644796800000,0.25543,0.25543,0.2442,0.24874,753784.74719414,1644825599999
1644825600000,0.25007,0.26603,0.24424,0.25004,1754242.84610327,1644854399999
1644854400000,0.2506,0.25433,0.24323,0.25015,584254.51329788,1644883199999
1644883200000,0.25201,0.2587,0.24996,0.25717,121923.36914822,1644911999999
1644912000000,0.25726,0.2643,0.25592,0.2563,873010.5901227,1644940799999
1644940800000,0.2558,0.26075,0.25246,0.25762,327561.76911167,1644969599999
1644969600000,0.25727,0.25739,0.25346,0.25448,105923.39671067,1644998399999
1644998400000,0.2545,0.25673,0.24642,0.24835,381897.50775919,1645027199999
1645027200000,0.24845,0.25753,0.24789,0.25251,416168.18802553,1645055999999
1645056000000,0.2525,0.25482,0.25004,0.25085,141419.08477437,1645084799999
1645084800000,0.25105,0.2511,0.24298,0.24556,169271.89429972,1645113599999
1645113600000,0.24363,0.24631,0.23018,0.236,377789.53899023,1645142399999
1645142400000,0.23292,0.24335,0.23239,0.24169,193404.20979316,1645171199999
1645171200000,0.24169,0.24233,0.23408,0.23408,177239.09123861,1645199999999
1645200000000,0.23506,0.23624,0.23125,0.23125,81508.97213399,1645228799999
1645228800000,0.23129,0.23251,0.23047,0.2311,25054.95683159,1645257599999
1645257600000,0.23081,0.23132,0.22126,0.22303,159251.61996291,1645286399999
1645286400000,0.22528,0.2295,0.223,0.22433,157396.08606589,1645315199999
1645315200000,0.22516,0.22516,0.2161,0.21886,55472.62916627,1645343999999
1645344000000,0.21861,0.21861,0.21001,0.21324,123667.25134527,1645372799999
1645372800000,0.21322,0.21443,0.21049,0.2131,102295.89598533,1645401599999
1645401600000,0.21074,0.22243,0.21074,0.22243,109749.84790568,1645430399999
1645430400000,0.22185,0.23873,0.21318,0.22371,1075812.96009972,1645459199999
1645459200000,0.22387,0.23652,0.21603,0.22036,1606613.60435761,1645487999999
1645488000000,0.21925,0.22303,0.20668,0.2076,240961.24153593,1645516799999
1645516800000,0.20699,0.21426,0.20692,0.21185,173127.81870044,1645545599999
1645545600000,0.21096,0.21271,0.20789,0.21252,359693.03581516,1645574399999
1645574400000,0.21265,0.21675,0.21107,0.21675,108823.48173115,1645603199999
1645603200000,0.21559,0.2227,0.21332,0.21332,148891.11664062,1645631999999
1645632000000,0.21336,0.21686,0.20446,0.20572,347064.85761061,1645660799999
1645660800000,0.20546,0.20693,0.18843,0.19063,183853.95279361,1645689599999
1645689600000,0.18983,0.19248,0.1832,0.19159,134215.67560458,1645718399999
1645718400000,0.19249,0.20551,0.18859,0.19723,189133.62653803,1645747199999
1645747200000,0.19672,0.20149,0.19672,0.20122,61262.59509477,1645775999999
1645776000000,0.20154,0.206,0.19801,0.20364,202597.00194332,1645804799999
1645804800000,0.20385,0.20671,0.20067,0.20326,211201.61318797,1645833599999
1645833600000,0.20498,0.20809,0.20439,0.20678,95661.55435099,1645862399999
1645862400000,0.20753,0.21177,0.20443,0.20818,171740.37923662,1645891199999
1645891200000,0.20762,0.21354,0.20666,0.20666,177347.1872813,1645919999999
1645920000000,0.20748,0.21228,0.2001,0.20392,118070.51701858,1645948799999
1645948800000,0.20208,0.21708,0.20115,0.20347,308976.40387618,1645977599999
1645977600000,0.20392,0.20923,0.19282,0.19507,183673.70079895,1646006399999
1646006400000,0.19454,0.19734,0.19454,0.19694,37944.28174069,1646035199999
1646035200000,0.19914,0.20539,0.1946,0.20502,280641.29578574,1646063999999
1646064000000,0.20433,0.21107,0.20341,0.21107,221544.16157544,1646092799999
1646092800000,0.21191,0.2133,0.20967,0.2126,168768.34581184,1646121599999
1646121600000,0.21262,0.21876,0.21048,0.21185,334296.13040287,1646150399999
1646150400000,0.21254,0.21866,0.21185,0.21799,276630.71678575,1646179199999
1646179200000,0.21856,0.21856,0.21358,0.21461,51156.40183502,1646207999999
1646208000000,0.21435,0.24178,0.21435,0.22404,723887.86394076,1646236799999
1646236800000,0.22447,0.23174,0.22064,0.22172,415850.57351118,1646265599999
1646265600000,0.22169,0.26196,0.22145,0.25256,2086243.66920206,1646294399999
1646294400000,0.25026,0.29995,0.23388,0.23637,9363650.351146,1646323199999
1646323200000,0.23672,0.2607,0.22965,0.24748,3111037.98768068,1646351999999
1646352000000,0.24593,0.24603,0.22523,0.23,771095.79932183,1646380799999
1646380800000,0.22909,0.2499,0.22906,0.22968,1219970.7802231,1646409599999
1646409600000,0.2306,0.23088,0.21876,0.21924,237995.17690513,1646438399999
1646438400000,0.2197,0.22856,0.21809,0.22494,181649.62873917,1646467199999
1646467200000,0.22463,0.22646,0.22166,0.22241,101930.6786179,1646495999999
1646496000000,0.22222,0.22727,0.22221,0.22427,185200.46962454,1646524799999
1646524800000,0.22415,0.22435,0.21991,0.22226,76522.13357459,1646553599999
1646553600000,0.22238,0.22999,0.21355,0.22122,178315.04434613,1646582399999
1646582400000,0.22323,0.22522,0.22199,0.22273,45345.58485723,1646611199999
1646611200000,0.22001,0.22448,0.21538,0.21538,31772.06086466,1646639999999
1646640000000,0.21532,0.22891,0.21447,0.21973,105344.00719377,1646668799999
1646668800000,0.21907,0.22018,0.21227,0.2134,89090.869716,1646697599999
1646697600000,0.21368,0.21546,0.2123,0.21353,43162.98114989,1646726399999
1646726400000,0.21365,0.21618,0.21118,0.21223,223370.8284294,1646755199999
1646755200000,0.21187,0.21821,0.21187,0.2149,372886.35625162,1646783999999
1646784000000,0.21812,0.22463,0.21778,0.22272,117075.15917854,1646812799999
1646812800000,0.22194,0.22688,0.21542,0.218,271704.55163691,1646841599999
1646841600000,0.21831,0.219,0.21117,0.2139,593060.15990984,1646870399999
1646870400000,0.21535,0.21729,0.20491,0.20752,274149.48257473,1646899199999
1646899200000,0.2078,0.21088,0.20601,0.20858,86400.03335668,1646927999999
1646928000000,0.20811,0.22485,0.20679,0.20712,377431.12050136,1646956799999
1646956800000,0.20692,0.20815,0.205,0.20811,15260.5616188,1646985599999
1646985600000,0.20815,0.20949,0.2061,0.20662,157535.61263332,1647014399999
1647014400000,0.20633,0.20779,0.206,0.20638,16511.35204131,1647043199999
1647043200000,0.2062,0.2103,0.2062,0.21023,4260.74379222,1647071999999
1647072000000,0.20945,0.211,0.20607,0.20713,96464.88100702,1647100799999
1647100800000,0.20709,0.20891,0.20637,0.20782,29725.76171571,1647129599999
1647129600000,0.20668,0.2085,0.20632,0.2072,36613.09359845,1647158399999
1647158400000,0.20696,0.20702,0.20466,0.20606,24745.31336158,1647187199999
1647187200000,0.20616,0.20948,0.20468,0.20469,78425.20267373,1647215999999
1647216000000,0.20243,0.20505,0.20243,0.20455,31700.4334678,1647244799999
1647244800000,0.20506,0.21252,0.20506,0.20651,333930.12510863,1647273599999
1647273600000,0.20551,0.20873,0.20341,0.20723,141216.05151943,1647302399999
1647302400000,0.20688,0.20688,0.19893,0.19941,38001.47973836,1647331199999
1647331200000,0.19856,0.20507,0.19826,0.20002,226745.6214723,1647359999999
1647360000000,0.20081,0.20402,0.19994,0.20061,139221.13077775,1647388799999
1647388800000,0.2,0.20314,0.19856,0.20197,45850.72288169,1647417599999
1647417600000,0.20195,0.20917,0.20182,0.20614,265759.34995614,1647446399999
1647446400000,0.20616,0.20857,0.2029,0.20709,84925.61499181,1647475199999
1647475200000,0.20844,0.20938,0.20804,0.2087,83653.73195828,1647503999999
1647504000000,0.20953,0.2152,0.20781,0.20838,162306.71390699,1647532799999
1647532800000,0.20676,0.20977,0.20503,0.20559,129403.5440494,1647561599999
1647561600000,0.20462,0.20462,0.20328,0.20328,29969.15468885,1647590399999
1647590400000,0.20393,0.20916,0.20345,0.20697,425986.56181998,1647619199999
1647619200000,0.20797,0.2104,0.20797,0.21029,43919.52919552,1647647999999
1647648000000,0.21062,0.21506,0.21025,0.215,36285.93793028,1647676799999
1647676800000,0.21496,0.22101,0.21496,0.21794,179507.42841241,1647705599999
1647705600000,0.21812,0.23244,0.21516,0.21617,452648.94703534,1647734399999
1647734400000,0.21705,0.21725,0.214,0.21599,40001.44685122,1647763199999
1647763200000,0.21587,0.21714,0.2121,0.2129,136515.86370175,1647791999999
1647792000000,0.21289,0.22215,0.21012,0.22077,256968.22628334,1647820799999
1647820800000,0.2228,0.23847,0.21632,0.21941,574623.66106214,1647849599999
1647849600000,0.21982,0.239,0.21982,0.22582,358815.68654373,1647878399999
1647878400000,0.22644,0.25888,0.22597,0.23002,2286969.48330721,1647907199999
1647907200000,0.23079,0.23687,0.23026,0.23325,168895.34346206,1647935999999
1647936000000,0.23314,0.23957,0.22951,0.22951,184405.15990012,1647964799999
1647964800000,0.23009,0.23076,0.22719,0.22906,180011.96753151,1647993599999
1647993600000,0.22866,0.22886,0.22404,0.22724,98208.26634251,1648022399999
1648022400000,0.22587,0.23426,0.22587,0.23398,194191.78328793,1648051199999
1648051200000,0.23404,0.23582,0.22921,0.23278,111725.12890799,1648079999999
1648080000000,0.23204,0.2386,0.23204,0.23732,45627.13282278,1648108799999
1648108800000,0.2357,0.23942,0.23401,0.23448,110934.22834837,1648137599999
1648137600000,0.23436,0.23687,0.234,0.23566,80452.06655452,1648166399999
1648166400000,0.23519,0.23682,0.234,0.2355,35638.1554359,1648195199999
1648195200000,0.2355,0.24163,0.23402,0.23509,211969.7670267,1648223999999
1648224000000,0.23477,0.2353,0.23086,0.2318,31984.17285144,1648252799999
1648252800000,0.23273,0.23651,0.23181,0.23651,17664.4485649,1648281599999
1648281600000,0.23571,0.23949,0.23305,0.23427,408279.70128457,1648310399999
1648310400000,0.23444,0.23734,0.23444,0.23681,21099.37094239,1648339199999
1648339200000,0.23709,0.23949,0.23551,0.23653,417943.41805997,1648367999999
1648368000000,0.23626,0.246,0.23566,0.24102,278564.09852717,1648396799999
1648396800000,0.24079,0.2477,0.24036,0.24731,81303.63141029,1648425599999
1648425600000,0.24713,0.25277,0.24638,0.25203,134837.49045309,1648454399999
1648454400000,0.25149,0.25344,0.25001,0.25013,81790.33552655,1648483199999
1648483200000,0.25093,0.25173,0.24265,0.24306,161515.64739426,1648511999999
1648512000000,0.24359,0.25015,0.24294,0.24922,37204.43066078,1648540799999
1648540800000,0.2501,0.26783,0.2476,0.2476,787273.96213279,1648569599999
1648569600000,0.24691,0.25632,0.24557,0.25453,199545.4964526,1648598399999
1648598400000,0.2524,0.2557,0.24783,0.25505,147418.31066009,1648627199999
1648627200000,0.25485,0.25485,0.24726,0.24979,109604.9177596,1648655999999
1648656000000,0.25027,0.2639,0.25027,0.26036,250798.33023143,1648684799999
1648684800000,0.25475,0.25855,0.25358,0.25759,113234.90991311,1648713599999
1648713600000,0.25936,0.26939,0.24849,0.2492,282682.81502768,1648742399999
1648742400000,0.24989,0.25922,0.24353,0.25502,358996.77131105,1648771199999
1648771200000,0.25529,0.25708,0.24926,0.25708,66326.84042851,1648799999999
1648800000000,0.25745,0.28115,0.25667,0.27154,503476.47565534,1648828799999
1648828800000,0.27031,0.29345,0.27031,0.27512,796637.0846964,1648857599999
1648857600000,0.27497,0.28062,0.2749,0.27766,155750.973992,1648886399999
1648886400000,0.27736,0.3034,0.275,0.27754,530305.08745782,1648915199999
1648915200000,0.2789,0.3032,0.27341,0.29176,430074.92377647,1648943999999
1648944000000,0.28894,0.29285,0.27939,0.29222,175441.22282277,1648972799999
1648972800000,0.29216,0.29217,0.27979,0.28279,211308.84953217,1649001599999
1649001600000,0.28142,0.28473,0.27689,0.28425,248436.21135227,1649030399999
1649030400000,0.28347,0.28347,0.27894,0.28241,26868.22658972,1649059199999
1649059200000,0.28182,0.2823,0.26857,0.26857,115398.68668757,1649087999999
1649088000000,0.27043,0.27669,0.26461,0.27669,211870.42417785,1649116799999
1649116800000,0.277,0.29881,0.277,0.28866,271841.02091617,1649145599999
1649145600000,0.28684,0.29833,0.2808,0.285,170134.07131629,1649174399999
1649174400000,0.28479,0.32161,0.28479,0.2916,1828956.89857036,1649203199999
1649203200000,0.29001,0.29001,0.26519,0.26633,440076.57833954,1649231999999
1649232000000,0.26675,0.26771,0.25669,0.26038,208673.23552454,1649260799999
1649260800000,0.25934,0.26553,0.25607,0.25868,196623.42846549,1649289599999
1649289600000,0.25902,0.25942,0.25513,0.25916,31429.4735552,1649318399999
1649318400000,0.2593,0.26513,0.2579,0.26215,101097.20136365,1649347199999
1649347200000,0.26187,0.27169,0.26187,0.26622,107138.14089989,1649375999999
1649376000000,0.26527,0.27467,0.26527,0.26752,70933.78644938,1649404799999
1649404800000,0.26828,0.26974,0.25976,0.26692,63951.64578736,1649433599999
1649433600000,0.2676,0.319,0.261,0.26245,1091875.67636214,1649462399999
1649462400000,0.26279,0.26486,0.2583,0.25891,204182.87043603,1649491199999
1649491200000,0.25932,0.29642,0.25635,0.27466,969790.76931405,1649519999999
1649520000000,0.27872,0.29384,0.2752,0.27595,542952.62741581,1649548799999
1649548800000,0.27629,0.28595,0.27344,0.28302,95903.51151285,1649577599999
1649577600000,0.28126,0.30868,0.27648,0.27899,1512816.06180058,1649606399999
1649606400000,0.27919,0.288,0.27315,0.28048,115294.17905691,1649635199999
1649635200000,0.27978,0.28261,0.27179,0.27382,89049.22056074,1649663999999
1649664000000,0.27643,0.27695,0.26,0.26,267008.60064429,1649692799999
1649692800000,0.26001,0.26194,0.24505,0.24867,457902.69038585,1649721599999
1649721600000,0.24863,0.25664,0.24863,0.25664,142219.63052989,1649750399999
1649750400000,0.25908,0.26158,0.25726,0.25989,16982.20523829,1649779199999
1649779200000,0.25864,0.26017,0.25296,0.25846,32418.27039534,1649807999999
1649808000000,0.25603,0.25917,0.25599,0.25657,4318.49189775,1649836799999
1649836800000,0.25656,0.25812,0.25001,0.25723,22750.70955201,1649865599999
1649865600000,0.25527,0.2575,0.25339,0.25473,57948.17698024,1649894399999
1649894400000,0.25478,0.25824,0.2535,0.25499,116138.43712768,1649923199999
1649923200000,0.25502,0.25583,0.24656,0.24663,33601.56457532,1649951999999
1649952000000,0.24775,0.24916,0.2457,0.24754,12720.49752323,1649980799999
1649980800000,0.24941,0.25027,0.24836,0.24855,1551.09360076,1650009599999
1650009600000,0.24861,0.25087,0.24858,0.25087,21688.82311696,1650038399999
1650038400000,0.25016,0.25141,0.24815,0.24815,7733.78846315,1650067199999
1650067200000,0.25025,0.25068,0.24813,0.24999,8147.10855882,1650095999999
1650096000000,0.24877,0.25023,0.24822,0.24868,19622.38968343,1650124799999
1650124800000,0.2489,0.24913,0.24667,0.24913,253.17897326,1650153599999
1650153600000,0.24923,0.25289,0.24923,0.25019,17217.35826044,1650182399999
1650182400000,0.25022,0.25443,0.24951,0.25165,15031.4678796,1650211199999
1650211200000,0.25382,0.25443,0.24648,0.24703,15072.4320839,1650239999999
1650240000000,0.24747,0.24747,0.23765,0.23765,50667.81539888,1650268799999
1650268800000,0.23765,0.23979,0.235,0.23897,59999.39619555,1650297599999
1650297600000,0.2405,0.24492,0.24049,0.24492,17307.05782439,1650326399999
1650326400000,0.24775,0.24775,0.24497,0.24497,15499.43363715,1650355199999
1650355200000,0.24578,0.25046,0.24505,0.24879,75792.1774657,1650383999999
1650384000000,0.24939,0.25002,0.2471,0.24905,8669.41896693,1650412799999
1650412800000,0.24932,0.25044,0.24622,0.24938,165031.85246697,1650441599999
1650441600000,0.24852,0.25203,0.24724,0.25044,208366.11851101,1650470399999
1650470400000,0.25035,0.27492,0.24992,0.26292,815355.56139144,1650499199999
1650499200000,0.26304,0.27121,0.26026,0.26104,276787.32866375,1650527999999
1650528000000,0.26159,0.26237,0.25764,0.25924,73092.89135408,1650556799999
1650556800000,0.2592,0.2592,0.24968,0.25168,60046.59813333,1650585599999
1650585600000,0.25094,0.2518,0.24892,0.25086,10476.2249277,1650614399999
1650614400000,0.2508,0.251,0.2494,0.25055,66682.84178311,1650643199999
1650643200000,0.24968,0.25243,0.24845,0.24916,36818.11007636,1650671999999
1650672000000,0.24895,0.2628,0.24895,0.25778,270327.06017806,1650700799999
1650700800000,0.25878,0.26183,0.25532,0.25631,105292.24607063,1650729599999
1650729600000,0.25649,0.30932,0.25601,0.29394,2473485.06219748,1650758399999
1650758400000,0.29871,0.30657,0.26615,0.26673,1108821.88922317,1650787199999
1650787200000,0.26737,0.26767,0.25943,0.25943,326017.5274526,1650815999999
1650816000000,0.25998,0.2612,0.25451,0.25656,120661.17351798,1650844799999
1650844800000,0.25651,0.25656,0.24864,0.24899,123083.03973203,1650873599999
1650873600000,0.24958,0.25438,0.24944,0.25355,148379.04654548,1650902399999
1650902400000,0.25238,0.2547,0.25144,0.25276,53178.37577641,1650931199999
1650931200000,0.25244,0.26188,0.24972,0.25545,948992.2203697,1650959999999
1650960000000,0.25576,0.25653,0.24505,0.24505,58338.13754928,1650988799999
1650988800000,0.24632,0.24824,0.24398,0.24398,72739.23794421,1651017599999
1651017600000,0.24354,0.24937,0.24117,0.24937,22178.92637013,1651046399999
1651046400000,0.24934,0.24994,0.24502,0.24959,29620.13799575,1651075199999
1651075200000,0.24856,0.25025,0.24766,0.24936,1196.44613467,1651103999999
1651104000000,0.24983,0.24985,0.24821,0.24935,17032.66045402,1651132799999
1651132800000,0.2493,0.2515,0.24281,0.2452,62663.21652645,1651161599999
1651161600000,0.24589,0.25109,0.24461,0.24739,18510.91569015,1651190399999
1651190400000,0.24576,0.24772,0.24162,0.24568,23423.36858742,1651219199999
1651219200000,0.24426,0.24442,0.23773,0.23773,59569.76729847,1651247999999
1651248000000,0.23941,0.23955,0.23226,0.23378,41280.0726881,1651276799999
1651276800000,0.23742,0.23824,0.23179,0.23335,11051.39783276,1651305599999
1651305600000,0.23186,0.23324,0.22703,0.22794,31161.0518315,1651334399999
1651334400000,0.22861,0.22861,0.21536,0.21681,13556.67182347,1651363199999
1651363200000,0.2163,0.21895,0.213,0.21658,28831.93031986,1651391999999
1651392000000,0.21709,0.22358,0.21611,0.22358,113666.78504363,1651420799999
1651420800000,0.22341,0.22405,0.21644,0.2215,122693.02295528,1651449599999
1651449600000,0.22279,0.22459,0.22197,0.22404,1659.52759684,1651478399999
1651478400000,0.22292,0.22292,0.2108,0.21909,47780.21501871,1651507199999
1651507200000,0.21876,0.21942,0.21518,0.21784,18336.80584969,1651535999999
1651536000000,0.21697,0.21915,0.21697,0.21814,5252.8225909,1651564799999
1651564800000,0.218,0.2198,0.21707,0.21707,8116.78310122,1651593599999
1651593600000,0.21693,0.21806,0.21522,0.21542,76999.27335997,1651622399999
1651622400000,0.21566,0.21672,0.21294,0.21459,35394.71261565,1651651199999
1651651200000,0.21521,0.21801,0.20959,0.21425,18052.59257381,1651679999999
1651680000000,0.21415,0.2255,0.21381,0.22228,266517.26579395,1651708799999
1651708800000,0.22383,0.22461,0.22098,0.22098,25651.72568088,1651737599999
1651737600000,0.22122,0.22122,0.21019,0.21084,54291.74272495,1651766399999
1651766400000,0.21001,0.2133,0.20844,0.20936,37832.51559627,1651795199999
1651795200000,0.2093,0.21102,0.20762,0.20957,78090.22349068,1651823999999
1651824000000,0.20866,0.20892,0.20516,0.2082,30373.19168421,1651852799999
1651852800000,0.20831,0.20933,0.20703,0.20703,10049.05453311,1651881599999
1651881600000,0.20538,0.20572,0.20044,0.20243,12540.06896241,1651910399999
1651910400000,0.20263,0.20981,0.20263,0.20953,30947.80877145,1651939199999
1651939200000,0.20973,0.20974,0.20217,0.20526,22430.32611541,1651967999999
1651968000000,0.20002,0.20259,0.19908,0.20114,66327.41638371,1651996799999
1651996800000,0.19981,0.21339,0.19941,0.20101,52530.23112761,1652025599999
1652025600000,0.20001,0.20251,0.19924,0.20251,23908.41876329,1652054399999
1652054400000,0.19965,0.20134,0.1929,0.19372,39135.45339454,1652083199999
1652083200000,0.19426,0.1943,0.18728,0.1888,126743.23919094,1652111999999
1652112000000,0.18909,0.19059,0.18109,0.18111,135625.81776996,1652140799999
1652140800000,0.18001,0.1888,0.17795,0.18415,99135.53711174,1652169599999
1652169600000,0.1837,0.18806,0.18101,0.18469,13582.10027724,1652198399999
1652198400000,0.183,0.18524,0.17968,0.18079,19932.55243503,1652227199999
1652227200000,0.18585,0.18585,0.16247,0.16248,117213.07213374,1652255999999
1652256000000,0.16386,0.17183,0.066,0.13632,320384.74720189,1652284799999
1652284800000,0.13634,0.13661,0.11077,0.11488,269179.61873702,1652313599999
1652313600000,0.11496,0.11856,0.087931,0.096766,89484.36257906,1652342399999
1652342400000,0.09979,0.10443,0.05,0.10291,328248.98646396,1652371199999
1652371200000,0.10286,0.10864,0.10005,0.10256,43401.66634255,1652399999999
1652400000000,0.10706,0.12118,0.10706,0.11722,149649.67723229,1652428799999
1652428800000,0.1161,0.12306,0.116,0.12003,222458.02931326,1652457599999
1652457600000,0.11957,0.11996,0.11634,0.11637,70709.28352229,1652486399999
1652486400000,0.11775,0.11991,0.11512,0.11663,26925.82967223,1652515199999
1652515200000,0.11653,0.11708,0.10554,0.10595,141677.20391655,1652543999999
1652544000000,0.10592,0.11467,0.10586,0.11439,31267.03988376,1652572799999
1652572800000,0.11466,0.1158,0.11003,0.11245,32367.82923795,1652601599999
1652601600000,0.11228,0.11966,0.11157,0.11722,105944.84183071,1652630399999
1652630400000,0.11587,0.1223,0.11587,0.12221,91657.46144575,1652659199999
1652659200000,0.1212,0.1212,0.11119,0.11216,46853.91551326,1652687999999
1652688000000,0.11232,0.11468,0.11034,0.11185,30843.5610973,1652716799999
1652716800000,0.11123,0.11597,0.1109,0.1125,64421.91115155,1652745599999
1652745600000,0.11336,0.11845,0.11336,0.11779,37277.93289623,1652774399999
1652774400000,0.11786,0.11958,0.11578,0.11579,92817.32962002,1652803199999
1652803200000,0.1177,0.12999,0.11643,0.12523,391428.12215933,1652831999999
1652832000000,0.1246,0.12759,0.1222,0.12334,90331.66777167,1652860799999
1652860800000,0.12345,0.124,0.10873,0.10972,302873.24622852,1652889599999
1652889600000,0.1093,0.11481,0.1093,0.11295,21256.67299188,1652918399999
1652918400000,0.1126,0.12071,0.1126,0.12022,113022.43797705,1652947199999
1652947200000,0.1176,0.14501,0.11624,0.12623,1766683.57717589,1652975999999
1652976000000,0.12625,0.13742,0.12445,0.13069,655991.7452508,1653004799999
1653004800000,0.13051,0.13051,0.12324,0.12324,186507.35585176,1653033599999
1653033600000,0.12401,0.12467,0.11681,0.1172,299486.8578656,1653062399999
1653062400000,0.11726,0.132,0.11634,0.11753,185807.60707055,1653091199999
1653091200000,0.11808,0.11999,0.11628,0.11999,45137.79359741,1653119999999
1653120000000,0.11954,0.1204,0.11739,0.1204,22206.08946489,1653148799999
1653148800000,0.1211,0.12465,0.11838,0.12009,325614.67985466,1653177599999
1653177600000,0.12046,0.12231,0.1196,0.12222,33489.16601174,1653206399999
1653206400000,0.12328,0.12518,0.12126,0.12226,137627.22628457,1653235199999
1653235200000,0.12066,0.12431,0.11996,0.12428,91088.55176711,1653263999999
1653264000000,0.1246,0.12497,0.12214,0.12402,131820.98311371,1653292799999
1653292800000,0.1229,0.12563,0.12141,0.12563,153206.28443423,1653321599999
1653321600000,0.12524,0.12577,0.1187,0.1187,207554.90123854,1653350399999
1653350400000,0.11965,0.12142,0.11887,0.11887,33299.73021377,1653379199999
1653379200000,0.11995,0.12044,0.11699,0.11995,36669.94781425,1653407999999
1653408000000,0.12029,0.13847,0.11867,0.12597,1037292.95600303,1653436799999
1653436800000,0.12506,0.13145,0.12506,0.12659,126052.39907874,1653465599999
1653465600000,0.12682,0.13115,0.12682,0.12736,289559.98250927,1653494399999
1653494400000,0.12756,0.12756,0.12569,0.12589,38750.88173171,1653523199999
1653523200000,0.12646,0.12646,0.122,0.12238,17408.32549243,1653551999999
1653552000000,0.122,0.122,0.11641,0.12022,165465.9963774,1653580799999
1653580800000,0.12154,0.12154,0.11772,0.11792,11163.19797449,1653609599999
1653609600000,0.11655,0.11773,0.11414,0.11632,45158.14829977,1653638399999
1653638400000,0.11702,0.12119,0.11646,0.11976,54806.70373767,1653667199999
1653667200000,0.11864,0.11919,0.11495,0.11495,25864.11082923,1653695999999
1653696000000,0.11681,0.1191,0.11681,0.1185,37840.47604134,1653724799999
1653724800000,0.11846,0.11953,0.11753,0.11882,41351.91401256,1653753599999
1653753600000,0.11838,0.11847,0.11615,0.11615,14388.22361111,1653782399999
1653782400000,0.11805,0.11805,0.11664,0.11672,6413.26056103,1653811199999
1653811200000,0.11622,0.11941,0.11595,0.11909,61968.95773521,1653839999999
1653840000000,0.11892,0.12237,0.11828,0.12135,140865.4096819,1653868799999
1653868800000,0.1211,0.12626,0.1211,0.12557,21689.67685014,1653897599999
1653897600000,0.12547,0.12547,0.12035,0.12157,79009.46159532,1653926399999
1653926400000,0.12087,0.12591,0.11969,0.12569,94534.6136089,1653955199999
1653955200000,0.12607,0.12607,0.12213,0.12289,190816.28197088,1653983999999
1653984000000,0.12328,0.12476,0.12134,0.12196,136178.28338124,1654012799999
1654012800000,0.12361,0.12423,0.1214,0.12258,110105.3125134,1654041599999
1654041600000,0.12323,0.12323,0.12062,0.12123,45828.30663936,1654070399999
1654070400000,0.12066,0.12225,0.12,0.12,37527.6754577,1654099199999
1654099200000,0.1196,0.11967,0.11515,0.11564,95552.27029704,1654127999999
1654128000000,0.11629,0.11739,0.1156,0.11717,3051.85316183,1654156799999
1654156800000,0.11712,0.14919,0.11712,0.1202,2575547.14473949,1654185599999
1654185600000,0.12079,0.12079,0.11761,0.11969,199182.77315446,1654214399999
1654214400000,0.11896,0.11896,0.11709,0.11733,52683.38066974,1654243199999
1654243200000,0.11778,0.11778,0.11399,0.11512,119416.46916693,1654271999999
1654272000000,0.11519,0.11618,0.11478,0.11588,15865.26961692,1654300799999
1654300800000,0.11547,0.11678,0.11547,0.11651,1586.68970445,1654329599999
1654329600000,0.11573,0.11668,0.11418,0.11646,40550.32200665,1654358399999
1654358400000,0.11595,0.12011,0.11595,0.11802,32159.5630389,1654387199999
1654387200000,0.11865,0.11867,0.11638,0.11638,6992.05827559,1654415999999
1654416000000,0.11558,0.11756,0.11558,0.11721,6800.70203779,1654444799999
1654444800000,0.11885,0.11964,0.11874,0.11961,23136.13601757,1654473599999
1654473600000,0.11934,0.12149,0.11931,0.12011,107964.5711316,1654502399999
1654502400000,0.12091,0.12124,0.11904,0.12028,84514.79524015,1654531199999
1654531200000,0.12007,0.12078,0.11846,0.12031,31691.55950584,1654559999999
1654560000000,0.1179,0.1179,0.11557,0.11557,121279.70006313,1654588799999
1654588800000,0.11554,0.11659,0.1145,0.11658,25471.73955724,1654617599999
1654617600000,0.11505,0.12137,0.11505,0.11697,59929.75655948,1654646399999
1654646400000,0.11949,0.12409,0.11771,0.12401,368084.03109684,1654675199999
1654675200000,0.1236,0.12409,0.12008,0.12159,67545.69632105,1654703999999
1654704000000,0.12123,0.12123,0.11912,0.11968,53734.32096724,1654732799999
1654732800000,0.11837,0.11878,0.11837,0.11862,8022.6409883,1654761599999
1654761600000,0.11956,0.11956,0.11588,0.1161,62375.87591159,1654790399999
1654790400000,0.11722,0.11819,0.11704,0.11782,137318.98140951,1654819199999
1654819200000,0.11856,0.11856,0.11794,0.11794,883.9543039,1654847999999
1654848000000,0.11765,0.11765,0.11392,0.11517,105149.80859801,1654876799999
1654876800000,0.11367,0.11367,0.11301,0.1135,1898.6256179,1654905599999
1654905600000,0.11467,0.11616,0.11463,0.11478,13676.9323754,1654934399999
1654934400000,0.11328,0.11328,0.1039,0.10447,181967.94098738,1654963199999
1654963200000,0.10456,0.10708,0.10456,0.10547,26799.58225364,1654991999999
1654992000000,0.10102,0.10102,0.097119,0.099354,5308.76096312,1655020799999
1655020800000,0.099767,0.10428,0.098276,0.10428,35000.3909919,1655049599999
1655049600000,0.10213,0.10263,0.10143,0.10143,14713.59894131,1655078399999
1655078400000,0.099434,0.099434,0.093295,0.093295,161697.42476309,1655107199999
1655107200000,0.094117,0.098793,0.09293,0.096789,210779.0575537,1655135999999
1655136000000,0.097582,0.099753,0.093031,0.093031,110530.79452558,1655164799999
1655164800000,0.094443,0.097817,0.09001,0.096111,156371.42281857,1655193599999
1655193600000,0.097232,0.097734,0.095299,0.097734,73261.0526029,1655222399999
1655222400000,0.098525,0.098525,0.093319,0.093319,41156.68265803,1655251199999
1655251200000,0.095327,0.10303,0.094461,0.096047,675732.09973676,1655279999999
1655280000000,0.095347,0.10886,0.092561,0.099736,1170733.7435165,1655308799999
1655308800000,0.09982,0.10549,0.097921,0.10488,293682.27922856,1655337599999
1655337600000,0.10486,0.10603,0.10467,0.10514,60935.80917443,1655366399999
1655366400000,0.1058,0.10679,0.10073,0.10167,73035.63090097,1655395199999
1655395200000,0.10121,0.10185,0.099302,0.099481,77802.78258662,1655423999999
1655424000000,0.10003,0.1032,0.099838,0.1032,45649.63977732,1655452799999
1655452800000,0.10265,0.10296,0.10104,0.10288,7105.67955165,1655481599999
1655481600000,0.10221,0.10221,0.10043,0.10043,43934.77551955,1655510399999
1655510400000,0.1001,0.10072,0.1,0.10015,34338.92771129,1655539199999
1655539200000,0.10002,0.10002,0.095776,0.095776,44201.84414362,1655567999999
1655568000000,0.095211,0.095723,0.090878,0.094716,45569.03391702,1655596799999
1655596800000,0.092405,0.093727,0.090737,0.092864,85773.66293989,1655625599999
1655625600000,0.092985,0.098337,0.092985,0.098337,111487.32070933,1655654399999
1655654400000,0.10038,0.10364,0.09895,0.099719,126957.66786859,1655683199999
1655683200000,0.097989,0.098544,0.097007,0.098544,24995.71502253,1655711999999
1655712000000,0.10007,0.10215,0.1,0.1011,56589.15744135,1655740799999
1655740800000,0.10082,0.10098,0.098466,0.09902,40304.8666765,1655769599999
1655769600000,0.099817,0.10269,0.099225,0.10162,96297.39111717,1655798399999
1655798400000,0.10154,0.1036,0.10079,0.10283,193287.08673772,1655827199999
1655827200000,0.10291,0.10292,0.1003,0.1003,9173.13604449,1655855999999
1655856000000,0.10015,0.10015,0.096236,0.096236,16755.28832672,1655884799999
1655884800000,0.096373,0.098981,0.095927,0.095927,30472.05358009,1655913599999
1655913600000,0.096827,0.097256,0.095437,0.095726,7788.81830727,1655942399999
1655942400000,0.096274,0.1006,0.096274,0.10041,62113.50247198,1655971199999
1655971200000,0.10083,0.10376,0.099043,0.099847,183216.25770647,1655999999999
1656000000000,0.099517,0.10212,0.098801,0.10092,116592.17423246,1656028799999
1656028800000,0.1026,0.1026,0.10037,0.10037,81684.95010863,1656057599999
1656057600000,0.10173,0.10899,0.10042,0.10335,135789.12481443,1656086399999
1656086400000,0.10221,0.1039,0.10192,0.10366,24839.02698586,1656115199999
1656115200000,0.10287,0.10699,0.10287,0.10699,39228.66335116,1656143999999
1656144000000,0.10633,0.1289,0.10517,0.10666,2326415.12148872,1656172799999
1656172800000,0.10594,0.10761,0.10478,0.10651,340583.23313213,1656201599999
1656201600000,0.10706,0.10854,0.10639,0.10755,66214.0948724,1656230399999
1656230400000,0.10841,0.10945,0.10424,0.10424,104604.71788058,1656259199999
1656259200000,0.1041,0.1041,0.098617,0.098617,259191.36917567,1656287999999
1656288000000,0.098134,0.099857,0.098134,0.099589,151500.8400334,1656316799999
1656316800000,0.099526,0.10081,0.096648,0.09676,203030.96641531,1656345599999
1656345600000,0.097103,0.098236,0.09642,0.096756,181232.26359736,1656374399999
1656374400000,0.096841,0.098364,0.095568,0.098364,52063.00627622,1656403199999
1656403200000,0.097849,0.099408,0.097849,0.098209,26481.67779291,1656431999999
1656432000000,0.097707,0.098369,0.096533,0.097612,15651.89842514,1656460799999
1656460800000,0.096409,0.097154,0.096205,0.097124,33601.95948877,1656489599999
1656489600000,0.096616,0.1041,0.096558,0.1041,195156.46126587,1656518399999
1656518400000,0.10354,0.10354,0.099538,0.10055,277613.04641487,1656547199999
1656547200000,0.10007,0.10007,0.096929,0.097588,134343.4080791,1656575999999
1656576000000,0.096611,0.10234,0.095732,0.097793,329364.75871652,1656604799999
1656604800000,0.098195,0.09926,0.097614,0.09926,4336.48453992,1656633599999
1656633600000,0.10245,0.10245,0.099209,0.10131,33165.01272176,1656662399999
1656662400000,0.10169,0.10246,0.099088,0.10066,81532.02779196,1656691199999
1656691200000,0.10068,0.10127,0.1004,0.10069,5605.57961903,1656719999999
1656720000000,0.1004,0.1004,0.096759,0.097168,11938.17099508,1656748799999
1656748800000,0.096822,0.098143,0.096367,0.097909,19563.89295425,1656777599999
1656777600000,0.09727,0.10161,0.09727,0.09976,14098.5919275,1656806399999
1656806400000,0.09927,0.099645,0.098477,0.098704,3744.15115455,1656835199999
1656835200000,0.098649,0.1035,0.098649,0.099879,311608.52890597,1656863999999
1656864000000,0.098937,0.1002,0.098367,0.099071,109136.91259432,1656892799999
1656892800000,0.09887,0.09982,0.097928,0.099198,171778.19855627,1656921599999
1656921600000,0.099489,0.10133,0.098338,0.10119,151779.69101432,1656950399999
1656950400000,0.10057,0.1015,0.1003,0.10108,42696.34157175,1656979199999
1656979200000,0.10188,0.10253,0.10154,0.10154,4400.87056108,1657007999999
1657008000000,0.10044,0.10076,0.098548,0.098681,13281.4057507,1657036799999
1657036800000,0.099548,0.10147,0.099194,0.10017,19597.58751589,1657065599999
1657065600000,0.099761,0.10076,0.099263,0.099853,52524.5319397,1657094399999
1657094400000,0.099993,0.10356,0.099993,0.10356,108497.07327117,1657123199999
1657123200000,0.10278,0.10545,0.10231,0.10458,151324.42307695,1657151999999
1657152000000,0.1042,0.1062,0.10278,0.10587,58055.17783357,1657180799999
1657180800000,0.10862,0.128,0.10781,0.1114,3120529.50295206,1657209599999
1657209600000,0.1115,0.11276,0.10905,0.11106,208673.23277074,1657238399999
1657238400000,0.11133,0.11189,0.10782,0.10921,3522.15380574,1657267199999
1657267200000,0.10821,0.11003,0.10545,0.10935,256410.61626701,1657295999999
1657296000000,0.10978,0.10979,0.10764,0.10866,52142.94869139,1657324799999
1657324800000,0.10699,0.10979,0.10699,0.10957,30034.32465561,1657353599999
1657353600000,0.10919,0.11363,0.10891,0.11145,205907.13368998,1657382399999
1657382400000,0.11097,0.11147,0.10999,0.11072,12935.28263693,1657411199999
1657411200000,0.10994,0.10996,0.10583,0.10665,21813.54723433,1657439999999
1657440000000,0.10682,0.10803,0.1013,0.10212,195098.00699704,1657468799999
1657468800000,0.10176,0.10422,0.10095,0.10316,106375.63233002,1657497599999
1657497600000,0.10265,0.10269,0.10143,0.10143,21124.42619877,1657526399999
1657526400000,0.10188,0.10323,0.10188,0.10271,93236.36059305,1657555199999
1657555200000,0.10273,0.10424,0.097548,0.098342,176156.49229442,1657583999999
1657584000000,0.097857,0.099791,0.097857,0.099326,9182.9917986,1657612799999
1657612800000,0.099318,0.10158,0.096978,0.10158,47302.92441373,1657641599999
1657641600000,0.10066,0.10346,0.099337,0.10153,198931.22481994,1657670399999
1657670400000,0.09998,0.10025,0.099618,0.10016,14267.17507214,1657699199999
1657699200000,0.10064,0.10373,0.094482,0.10163,195024.16324524,1657727999999
1657728000000,0.10093,0.10324,0.10024,0.10321,186844.38836242,1657756799999
1657756800000,0.10321,0.10321,0.10111,0.10149,1270.91372631,1657785599999
1657785600000,0.10096,0.12994,0.10096,0.10777,3414112.16198486,1657814399999
1657814400000,0.10734,0.10983,0.10629,0.10791,272482.59162262,1657843199999
1657843200000,0.10734,0.10898,0.10593,0.10898,53057.16158038,1657871999999
1657872000000,0.10797,0.12479,0.10774,0.111,4135890.7972364,1657900799999
1657900800000,0.11047,0.11053,0.10615,0.10676,123918.13069842,1657929599999
1657929600000,0.10646,0.10804,0.10645,0.10712,129055.09421837,1657958399999
1657958400000,0.10777,0.1141,0.10771,0.11115,421842.72280084,1657987199999
1657987200000,0.11243,0.11317,0.10903,0.10977,151062.4461296,1658015999999
1658016000000,0.11059,0.11411,0.11059,0.11331,68462.56968348,1658044799999
1658044800000,0.11248,0.11358,0.10931,0.11062,197009.75473045,1658073599999
1658073600000,0.11017,0.11017,0.10781,0.10781,18845.28931499,1658102399999
1658102400000,0.10792,0.1142,0.10792,0.1124,77102.62235498,1658131199999
1658131200000,0.11184,0.11673,0.11184,0.11377,186227.40571819,1658159999999
1658160000000,0.11391,0.13332,0.11206,0.11504,2721698.84760878,1658188799999
1658188800000,0.11595,0.11605,0.11094,0.11094,307421.4189956,1658217599999
1658217600000,0.1109,0.1164,0.11051,0.11389,243652.40773513,1658246399999
1658246400000,0.11511,0.12395,0.11496,0.12395,442505.56555289,1658275199999
1658275200000,0.12317,0.12461,0.11944,0.12244,162893.95472979,1658303999999
1658304000000,0.12217,0.14172,0.12003,0.12196,2041480.44898697,1658332799999
1658332800000,0.12179,0.12179,0.11453,0.11671,264607.96696738,1658361599999
1658361600000,0.11609,0.11619,0.11039,0.11258,62231.43510815,1658390399999
1658390400000,0.11303,0.12405,0.11284,0.12005,809728.82232065,1658419199999
1658419200000,0.12034,0.12362,0.11994,0.1206,232556.42375576,1658447999999
1658448000000,0.12091,0.12449,0.12073,0.1234,50757.05830296,1658476799999
1658476800000,0.1234,0.13585,0.11796,0.11855,1638057.00771149,1658505599999
1658505600000,0.11831,0.11958,0.11706,0.11799,161208.80724859,1658534399999
1658534400000,0.11946,0.1228,0.11918,0.11957,63744.21700068,1658563199999
1658563200000,0.12109,0.12126,0.11683,0.12126,166299.78668829,1658591999999
1658592000000,0.12191,0.12317,0.12028,0.12123,91770.35060579,1658620799999
1658620800000,0.12243,0.12259,0.12177,0.12209,3028.71181512,1658649599999
1658649600000,0.12162,0.12328,0.1209,0.12232,108755.22328597,1658678399999
1658678400000,0.12141,0.12237,0.12048,0.12083,29217.42144632,1658707199999
1658707200000,0.11788,0.12098,0.11692,0.12078,112083.55843512,1658735999999
1658736000000,0.12093,0.1222,0.11319,0.11425,135668.90441199,1658764799999
1658764800000,0.11577,0.11597,0.11128,0.11128,28487.73064756,1658793599999
1658793600000,0.11081,0.11214,0.11001,0.11146,25275.92704037,1658822399999
1658822400000,0.11182,0.11446,0.11001,0.11001,29563.64428102,1658851199999
1658851200000,0.10915,0.11097,0.10888,0.11097,4473.31114333,1658879999999
1658880000000,0.11205,0.11408,0.11205,0.11408,82942.62823382,1658908799999
1658908800000,0.11442,0.12112,0.11404,0.11673,458654.74604976,1658937599999
1658937600000,0.1178,0.1198,0.11487,0.1189,186802.64638364,1658966399999
1658966400000,0.11848,0.1213,0.11848,0.11938,123785.52230102,1658995199999
1658995200000,0.11986,0.12341,0.11867,0.12341,272159.67456259,1659023999999
1659024000000,0.12368,0.12555,0.12146,0.12297,195495.20163292,1659052799999
1659052800000,0.12299,0.12756,0.12299,0.12635,124261.02657246,1659081599999
1659081600000,0.12442,0.12828,0.12127,0.12533,107983.30453211,1659110399999
1659110400000,0.12342,0.12633,0.12322,0.12544,44081.68608657,1659139199999
1659139200000,0.12403,0.12505,0.12198,0.12452,70930.91428118,1659167999999
1659168000000,0.12544,0.13086,0.12544,0.12996,310328.19949147,1659196799999
1659196800000,0.12957,0.13284,0.12671,0.12671,94091.63640806,1659225599999
1659225600000,0.12698,0.12821,0.12698,0.12821,3482.23946323,1659254399999
1659254400000,0.12795,0.13559,0.12795,0.1326,766813.52853367,1659283199999
1659283200000,0.13245,0.13344,0.1257,0.1264,175939.76814664,1659311999999
1659312000000,0.12586,0.12817,0.12456,0.12485,35496.78010664,1659340799999
1659340800000,0.12475,0.12587,0.12228,0.12526,151639.56437633,1659369599999
1659369600000,0.12449,0.12538,0.12204,0.12388,23408.16337374,1659398399999
1659398400000,0.12198,0.1223,0.119,0.1212,113106.41349043,1659427199999
1659427200000,0.12111,0.12273,0.11916,0.12121,52148.47629979,1659455999999
1659456000000,0.1212,0.12475,0.1212,0.12313,68212.64396731,1659484799999
1659484800000,0.12155,0.12389,0.12155,0.12389,19147.70534101,1659513599999
1659513600000,0.12454,0.12996,0.12454,0.12772,208323.18641612,1659542399999
1659542400000,0.12766,0.1313,0.12555,0.12704,150818.87009345,1659571199999
1659571200000,0.12775,0.12893,0.12688,0.12738,20186.55296588,1659599999999
1659600000000,0.12648,0.1291,0.12616,0.12642,172221.81273479,1659628799999
1659628800000,0.12805,0.12881,0.12144,0.12199,263565.07574646,1659657599999
1659657600000,0.12327,0.1273,0.12327,0.12602,67169.29033478,1659686399999
1659686400000,0.12661,0.12855,0.12535,0.12643,153738.41905086,1659715199999
1659715200000,0.12599,0.12853,0.12572,0.12842,95601.56817977,1659743999999
1659744000000,0.12784,0.12901,0.12658,0.12862,77611.53538846,1659772799999
1659772800000,0.12936,0.12936,0.12726,0.12843,88341.96265361,1659801599999
1659801600000,0.12768,0.12848,0.12692,0.12715,22654.92281097,1659830399999
1659830400000,0.12686,0.12707,0.12653,0.12653,8014.0840903,1659859199999
1659859200000,0.12645,0.13016,0.12634,0.12891,92300.05992936,1659887999999
1659888000000,0.12844,0.12974,0.12828,0.12857,25327.44509944,1659916799999
1659916800000,0.1288,0.12961,0.12798,0.1296,25846.70463689,1659945599999
1659945600000,0.13038,0.13244,0.1275,0.128,150038.50605246,1659974399999
1659974400000,0.12832,0.12918,0.12747,0.12784,22672.21689447,1660003199999
1660003200000,0.12869,0.13207,0.12869,0.13031,32999.11296529,1660031999999
1660032000000,0.12999,0.13225,0.1238,0.12547,195135.46656648,1660060799999
1660060800000,0.12476,0.12666,0.12476,0.12501,123759.87636009,1660089599999
1660089600000,0.12443,0.12443,0.12263,0.12321,66815.76083499,1660118399999
1660118400000,0.12305,0.12999,0.12305,0.12785,117147.76318037,1660147199999
1660147200000,0.12775,0.13138,0.12741,0.13138,106868.33782173,1660175999999
1660176000000,0.13084,0.13148,0.12794,0.1285,26230.72914637,1660204799999
1660204800000,0.12858,0.13312,0.1282,0.13312,105018.34437414,1660233599999
1660233600000,0.1345,0.13569,0.12833,0.12869,278904.93742644,1660262399999
1660262400000,0.12954,0.13112,0.12894,0.13096,40968.40390001,1660291199999
1660291200000,0.13047,0.14003,0.13047,0.13344,225239.50148133,1660319999999
1660320000000,0.13315,0.13443,0.13287,0.13443,91752.73388056,1660348799999
1660348800000,0.13378,0.13523,0.13327,0.13462,109080.24368548,1660377599999
1660377600000,0.13435,0.13435,0.13197,0.13383,57335.91442942,1660406399999
1660406400000,0.13235,0.13293,0.13132,0.13237,21043.68315678,1660435199999
1660435200000,0.13153,0.1331,0.13111,0.1331,4219.62182815,1660463999999
1660464000000,0.13288,0.13295,0.13127,0.13225,36518.91214576,1660492799999
1660492800000,0.13229,0.13229,0.12674,0.12765,59272.95799494,1660521599999
1660521600000,0.12688,0.13109,0.12683,0.12725,36576.75222365,1660550399999
1660550400000,0.12645,0.12798,0.12607,0.12696,25651.2778603,1660579199999
1660579200000,0.12745,0.12868,0.12722,0.12868,32640.49825611,1660607999999
1660608000000,0.12689,0.12788,0.12629,0.12629,39704.10788233,1660636799999
1660636800000,0.12622,0.12739,0.12413,0.12447,45671.35471395,1660665599999
1660665600000,0.12459,0.12576,0.12412,0.12417,10011.54642613,1660694399999
1660694400000,0.12413,0.12703,0.12357,0.1238,45533.50835969,1660723199999
1660723200000,0.12344,0.12344,0.1187,0.11909,119180.88946724,1660751999999
1660752000000,0.11976,0.12149,0.11902,0.11903,70695.97086696,1660780799999
1660780800000,0.11942,0.12054,0.11942,0.11957,14818.07369038,1660809599999
1660809600000,0.12011,0.12052,0.11921,0.1197,11821.96905175,1660838399999
1660838400000,0.12048,0.12078,0.1173,0.11757,26124.11964158,1660867199999
1660867200000,0.11583,0.11583,0.10555,0.10619,122294.81011231,1660895999999
1660896000000,0.10692,0.10729,0.10516,0.10729,20580.60360531,1660924799999
1660924800000,0.10818,0.10848,0.10547,0.10586,8797.37466603,1660953599999
1660953600000,0.10658,0.10831,0.10658,0.10831,44530.27976419,1660982399999
1660982400000,0.10876,0.11324,0.10792,0.1097,203075.42880678,1661011199999
1661011200000,0.10905,0.10905,0.10585,0.10736,16025.49159388,1661039999999
1661040000000,0.10741,0.1109,0.10726,0.11081,133375.43119108,1661068799999
1661068800000,0.11205,0.11268,0.10914,0.10937,110851.47224409,1661097599999
1661097600000,0.10942,0.11069,0.10902,0.11013,128370.86650266,1661126399999
1661126400000,0.10843,0.10856,0.1071,0.1071,6112.02143898,1661155199999
1661155200000,0.10667,0.10731,0.10501,0.10635,124126.64533158,1661183999999
1661184000000,0.10685,0.10815,0.10616,0.10686,89813.03917905,1661212799999
1661212800000,0.1087,0.10948,0.10676,0.10686,58781.62258112,1661241599999
1661241600000,0.10852,0.1104,0.10852,0.10955,56093.4066924,1661270399999
1661270400000,0.10874,0.11002,0.1087,0.10989,18204.99012298,1661299199999
1661299200000,0.10851,0.10971,0.10738,0.10877,18669.9496646,1661327999999
1661328000000,0.10862,0.10919,0.10648,0.10803,106219.00490553,1661356799999
1661356800000,0.10834,0.10946,0.10753,0.10759,154231.88950907,1661385599999
1661385600000,0.10736,0.10967,0.10703,0.10967,79963.90685301,1661414399999
1661414400000,0.1096,0.10972,0.10803,0.10803,26933.5009147,1661443199999
1661443200000,0.10819,0.10915,0.10753,0.1087,86934.36096025,1661471999999
1661472000000,0.10757,0.10811,0.1067,0.10757,26364.73037555,1661500799999
1661500800000,0.10691,0.10752,0.10226,0.10249,173188.54528963,1661529599999
1661529600000,0.10237,0.10304,0.09967,0.09967,86768.95366176,1661558399999
1661558400000,0.10142,0.10142,0.098503,0.10031,36400.32313972,1661587199999
1661587200000,0.10119,0.11381,0.10119,0.10302,1224891.39198558,1661615999999
1661616000000,0.10509,0.10509,0.10183,0.10255,80243.97587637,1661644799999
1661644800000,0.10247,0.10365,0.10194,0.10353,97978.35538431,1661673599999
1661673600000,0.10387,0.10479,0.10049,0.1012,139788.27714612,1661702399999
1661702400000,0.10393,0.10393,0.10121,0.10121,88878.78527215,1661731199999
1661731200000,0.1008,0.10207,0.099638,0.099638,15728.07758194,1661759999999
1661760000000,0.099623,0.10238,0.099367,0.10208,52831.81820467,1661788799999
1661788800000,0.10208,0.10442,0.10154,0.10291,170169.65057158,1661817599999
1661817600000,0.10325,0.10457,0.10261,0.10361,16599.53771072,1661846399999
1661846400000,0.1035,0.10559,0.097001,0.09941,199186.60289738,1661875199999
1661875200000,0.10005,0.10102,0.097688,0.10007,26529.78003655,1661903999999
1661904000000,0.10095,0.10158,0.10068,0.10068,445.74088458,1661932799999
1661932800000,0.10079,0.10143,0.098274,0.099336,69109.34152645,1661961599999
1661961600000,0.099421,0.1011,0.098405,0.098705,4519.25714831,1661990399999
1661990400000,0.099461,0.099969,0.098512,0.098512,2614.89193198,1662019199999
1662019200000,0.09923,0.10021,0.098278,0.098908,22484.33696927,1662047999999
1662048000000,0.098908,0.10236,0.098907,0.1009,64099.06174991,1662076799999
1662076800000,0.10026,0.10142,0.10024,0.10053,6655.96738825,1662105599999
1662105600000,0.10107,0.10163,0.10033,0.10138,92033.68571474,1662134399999
1662134400000,0.10138,0.10144,0.10085,0.10114,36304.40523349,1662163199999
1662163200000,0.10048,0.10124,0.10048,0.10074,4531.15746766,1662191999999
1662192000000,0.10061,0.10189,0.10059,0.10168,53095.90501251,1662220799999
1662220800000,0.10137,0.10141,0.10103,0.10111,2065.23054229,1662249599999
1662249600000,0.10106,0.10235,0.10106,0.10156,16414.3288951,1662278399999
1662278400000,0.10185,0.1031,0.10165,0.1031,94878.38701432,1662307199999
1662307200000,0.10358,0.10463,0.103,0.10463,11391.00116945,1662335999999
1662336000000,0.1046,0.10738,0.10339,0.10577,39723.80733544,1662364799999
1662364800000,0.10403,0.10403,0.10219,0.103,17662.84735149,1662393599999
1662393600000,0.10261,0.1032,0.10199,0.10208,37134.46538847,1662422399999
1662422400000,0.10251,0.10334,0.10209,0.10301,12370.41389198,1662451199999
1662451200000,0.10332,0.10347,0.10167,0.10236,32824.15882045,1662479999999
1662480000000,0.10127,0.10206,0.097622,0.098488,194317.38925451,1662508799999
1662508800000,0.097255,0.097895,0.096293,0.096293,16639.30413247,1662537599999
1662537600000,0.0964,0.097845,0.096108,0.096846,106910.36475467,1662566399999
1662566400000,0.096854,0.10107,0.096584,0.098628,16640.1413377,1662595199999
1662595200000,0.098809,0.099386,0.097791,0.098358,3697.03927104,1662623999999
1662624000000,0.098128,0.10049,0.098128,0.10049,89530.40264069,1662652799999
1662652800000,0.10073,0.10493,0.099584,0.10042,85055.9993396,1662681599999
1662681600000,0.10178,0.10268,0.1011,0.1011,15870.95893519,1662710399999
1662710400000,0.10107,0.10378,0.10107,0.10302,151952.81950682,1662739199999
1662739200000,0.10207,0.10266,0.10146,0.10185,46087.6049596,1662767999999
1662768000000,0.10268,0.10354,0.10264,0.10264,15182.88326096,1662796799999
1662796800000,0.10247,0.10329,0.10172,0.10172,113394.70331203,1662825599999
1662825600000,0.10168,0.1034,0.10166,0.1029,60766.43085846,1662854399999
1662854400000,0.10183,0.10254,0.10151,0.10254,29602.22283614,1662883199999
1662883200000,0.10273,0.10482,0.10246,0.10473,107376.32858614,1662911999999
1662912000000,0.10402,0.11894,0.10025,0.10068,655757.00881831,1662940799999
1662940800000,0.10043,0.10161,0.099704,0.099965,135883.27611835,1662969599999
1662969600000,0.10053,0.10234,0.09993,0.10027,333274.06269429,1662998399999
1662998400000,0.09983,0.10097,0.099377,0.10058,97605.08493714,1663027199999
1663027200000,0.10033,0.10138,0.098001,0.1011,105849.80734276,1663055999999
1663056000000,0.10094,0.10123,0.095866,0.096465,229404.33942269,1663084799999
1663084800000,0.096842,0.097751,0.096405,0.097565,39615.24810965,1663113599999
1663113600000,0.096472,0.097463,0.096332,0.096332,25679.35974953,1663142399999
1663142400000,0.096515,0.098857,0.095233,0.095807,151055.33359525,1663171199999
1663171200000,0.095435,0.09746,0.094197,0.096948,113821.8946687,1663199999999
1663200000000,0.096568,0.098008,0.093804,0.095838,36793.28891747,1663228799999
1663228800000,0.095091,0.11998,0.094763,0.097612,5021312.91458984,1663257599999
1663257600000,0.097115,0.10126,0.095813,0.097466,1216179.67567232,1663286399999
1663286400000,0.097178,0.098089,0.094898,0.095465,310853.38994583,1663315199999
1663315200000,0.095223,0.095938,0.093052,0.093262,269003.0032564,1663343999999
1663344000000,0.093216,0.095454,0.09256,0.094761,16281.16322145,1663372799999
1663372800000,0.094227,0.096259,0.094226,0.095149,19122.2863357,1663401599999
1663401600000,0.095275,0.097709,0.095275,0.096691,114985.39565416,1663430399999
1663430400000,0.096584,0.099147,0.096584,0.097267,60884.73456938,1663459199999
1663459200000,0.097399,0.10036,0.097003,0.10006,424443.47182765,1663487999999
1663488000000,0.099916,0.10074,0.097338,0.097338,122287.87910124,1663516799999
1663516800000,0.096731,0.096847,0.092625,0.092836,183265.7331878,1663545599999
1663545600000,0.092,0.092717,0.090863,0.091001,14574.76006345,1663574399999
1663574400000,0.09164,0.095165,0.091182,0.093242,23093.76567116,1663603199999
1663603200000,0.0935,0.094269,0.092374,0.093898,54289.43037093,1663631999999
1663632000000,0.094636,0.094636,0.093833,0.094244,32102.78728646,1663660799999
1663660800000,0.093253,0.094034,0.092604,0.093097,28409.67165556,1663689599999
1663689600000,0.093429,0.093597,0.092098,0.092615,39539.97035191,1663718399999
1663718400000,0.093369,0.093369,0.092624,0.092815,1156.3647254,1663747199999
1663747200000,0.092368,0.093925,0.092106,0.092853,34802.79228971,1663775999999
1663776000000,0.093628,0.096,0.089236,0.091652,216402.01331536,1663804799999
1663804800000,0.091768,0.093932,0.091768,0.093932,5905.49974672,1663833599999
1663833600000,0.094344,0.094948,0.092649,0.093046,17288.11756362,1663862399999
1663862400000,0.093241,0.095,0.093205,0.095,55259.89136596,1663891199999
1663891200000,0.095232,0.096079,0.094413,0.094728,54776.96512414,1663919999999
1663920000000,0.095262,0.095262,0.092012,0.092705,59208.88585769,1663948799999
1663948800000,0.092992,0.094917,0.092222,0.094917,44770.75475962,1663977599999
1663977600000,0.094303,0.094904,0.094303,0.094343,20506.32507286,1664006399999
1664006400000,0.094701,0.095583,0.094516,0.095124,64890.95905631,1664035199999
1664035200000,0.094906,0.095128,0.093761,0.093761,13230.1189438,1664063999999
1664064000000,0.093751,0.093839,0.093285,0.093783,2642.0284684,1664092799999
1664092800000,0.094246,0.094302,0.092813,0.092813,14137.68928548,1664121599999
1664121600000,0.093136,0.093583,0.092257,0.09307,27869.47637712,1664150399999
1664150400000,0.092597,0.093488,0.092248,0.092625,51538.14423516,1664179199999
1664179200000,0.094532,0.095454,0.09287,0.094104,92485.88535019,1664207999999
1664208000000,0.094304,0.094348,0.093759,0.093771,5236.01436946,1664236799999
1664236800000,0.094555,0.096074,0.094063,0.095067,113010.04660379,1664265599999
1664265600000,0.09557,0.096252,0.094711,0.09521,123387.28993359,1664294399999
1664294400000,0.0947,0.094959,0.092891,0.093834,153967.40151329,1664323199999
1664323200000,0.09316,0.09316,0.091338,0.091519,73895.90829165,1664351999999
1664352000000,0.091789,0.093003,0.091525,0.09234,42013.32249405,1664380799999
1664380800000,0.092786,0.092787,0.091502,0.092231,62722.93095749,1664409599999
1664409600000,0.092749,0.093162,0.092329,0.092375,11032.09362823,1664438399999
1664438400000,0.0924,0.095093,0.091557,0.09203,54463.72559774,1664467199999
1664467200000,0.092644,0.093355,0.092076,0.092281,47722.39864942,1664495999999
1664496000000,0.092515,0.095997,0.092515,0.093749,117504.17333677,1664524799999
1664524800000,0.093634,0.096708,0.092663,0.094127,126019.91422935,1664553599999
1664553600000,0.093904,0.097211,0.093194,0.093499,9696.68227085,1664582399999
1664582400000,0.0935,0.093798,0.093254,0.093406,14931.82490734,1664611199999
1664611200000,0.092979,0.093488,0.092647,0.092941,12039.46030608,1664639999999
1664640000000,0.093382,0.0975,0.090114,0.090856,1051432.2522449,1664668799999
1664668800000,0.0908,0.090872,0.08993,0.090201,147080.2316057,1664697599999
1664697600000,0.090549,0.091469,0.089101,0.089881,28563.84075469,1664726399999
1664726400000,0.09,0.091056,0.089778,0.090176,154964.79182013,1664755199999
1664755200000,0.0901,0.091391,0.089843,0.091391,78308.33908595,1664783999999
1664784000000,0.090356,0.091552,0.089763,0.091026,81352.00368579,1664812799999
1664812800000,0.090778,0.091663,0.090333,0.091663,78023.93677114,1664841599999
1664841600000,0.091589,0.091589,0.090286,0.090934,13143.94929333,1664870399999
1664870400000,0.089824,0.09091,0.089416,0.089792,95625.99161076,1664899199999
1664899200000,0.089757,0.090456,0.089414,0.090404,34629.44486678,1664927999999
1664928000000,0.090143,0.090489,0.089637,0.089637,793.80669692,1664956799999
1664956800000,0.089897,0.089968,0.088822,0.089544,28979.97720745,1664985599999
1664985600000,0.089588,0.090294,0.089078,0.089677,34544.65346435,1665014399999
1665014400000,0.08945,0.090122,0.08931,0.0898,21750.90273189,1665043199999
1665043200000,0.089804,0.09031,0.089283,0.090259,76866.78593419,1665071999999
1665072000000,0.090693,0.090693,0.089624,0.0897,36848.64648999,1665100799999
1665100800000,0.0897,0.090141,0.089482,0.090141,1815.63284624,1665129599999
1665129600000,0.089944,0.092864,0.08981,0.090098,176689.78179611,1665158399999
1665158400000,0.09056,0.090873,0.089902,0.090659,8919.69362403,1665187199999
1665187200000,0.09077,0.09077,0.089491,0.089978,2696.46113389,1665215999999
1665216000000,0.090117,0.090117,0.088937,0.089604,8485.08040201,1665244799999
1665244800000,0.089485,0.089485,0.087473,0.08808,133541.53463221,1665273599999
1665273600000,0.088157,0.088157,0.08717,0.087693,70377.92319812,1665302399999
1665302400000,0.087418,0.08872,0.087312,0.087645,28222.46720225,1665331199999
1665331200000,0.088056,0.088056,0.086772,0.087028,116995.33155126,1665359999999
1665360000000,0.087159,0.087889,0.087159,0.087366,18116.07466121,1665388799999
1665388800000,0.086686,0.087268,0.086095,0.086095,39442.1049292,1665417599999
1665417600000,0.086095,0.086232,0.0848,0.0848,198574.16318655,1665446399999
1665446400000,0.0848,0.085365,0.082509,0.082509,22835.5342199,1665475199999
1665475200000,0.082796,0.082908,0.081831,0.082143,55048.15318659,1665503999999
1665504000000,0.082457,0.082538,0.081725,0.082388,10117.59715488,1665532799999
1665532800000,0.082012,0.082199,0.081788,0.082199,23188.04103417,1665561599999
1665561600000,0.081928,0.083067,0.081928,0.082353,21785.33765252,1665590399999
1665590400000,0.081437,0.081437,0.078983,0.078983,33442.1744128,1665619199999
1665619200000,0.07834,0.07834,0.074155,0.074294,121245.5297483,1665647999999
1665648000000,0.074428,0.075199,0.07233,0.072755,103461.7762429,1665676799999
1665676800000,0.075584,0.076724,0.075336,0.076199,233434.98887994,1665705599999
1665705600000,0.076561,0.078861,0.076561,0.078161,40638.71548976,1665734399999
1665734400000,0.078345,0.11998,0.078345,0.10351,2.036866622408957E7,1665763199999
1665763200000,0.1044,0.21494,0.10148,0.16473,9.873658972627112E7,1665791999999
1665792000000,0.16469,0.18878,0.14144,0.15466,3.058805931634589E7,1665820799999
1665820800000,0.1542,0.295,0.15321,0.28632,1.5584898000737327E8,1665849599999
1665849600000,0.28832,0.52,0.27127,0.32397,1.6425364984076732E8,1665878399999
1665878400000,0.32619,0.39453,0.233,0.30291,6.001336355031456E7,1665907199999
1665907200000,0.30139,0.32448,0.22632,0.22854,7.260721558443923E7,1665935999999
1665936000000,0.22873,0.233,0.2,0.21424,2.208151477470921E7,1665964799999
1665964800000,0.21428,0.24576,0.1972,0.20889,7336792.27121795,1665993599999
1665993600000,0.20888,0.21129,0.19011,0.19963,1.655264226498787E7,1666022399999
1666022400000,0.19905,0.32406,0.19905,0.26192,1.1908456559039885E8,1666051199999
1666051200000,0.26097,0.3,0.22942,0.27366,5.528120050476985E7,1666079999999
1666080000000,0.27364,0.29746,0.25301,0.2711,5.291374634669205E7,1666108799999
1666108800000,0.27098,0.2989,0.24037,0.24603,4.637284312366164E7,1666137599999
1666137600000,0.24576,0.25395,0.22723,0.23756,1.109717900906822E7,1666166399999
1666166400000,0.23799,0.23832,0.21961,0.23123,1.024023024520321E7,1666195199999
1666195200000,0.23077,0.23868,0.20764,0.21384,1.007825803340721E7,1666223999999
1666224000000,0.21412,0.22292,0.20914,0.21654,4396411.67067566,1666252799999
1666252800000,0.21617,0.24377,0.21336,0.22111,1.820398539743934E7,1666281599999
1666281600000,0.22112,0.26491,0.21197,0.24471,4.621693072246288E7,1666310399999
1666310400000,0.24441,0.26799,0.23214,0.24773,2.323156278605894E7,1666339199999
1666339200000,0.2477,0.26,0.2405,0.24834,1.897409995465561E7,1666367999999
1666368000000,0.24834,0.26415,0.22921,0.231,2.223952550914193E7,1666396799999
1666396800000,0.23119,0.23286,0.22041,0.2247,5641669.74852351,1666425599999
1666425600000,0.2244,0.22591,0.21377,0.21476,9770594.14607331,1666454399999
1666454400000,0.21455,0.21981,0.20954,0.218,6898056.49672046,1666483199999
1666483200000,0.2176,0.22356,0.21167,0.21596,3833334.10407845,1666511999999
1666512000000,0.21638,0.23782,0.21,0.21666,1.110160498971944E7,1666540799999
1666540800000,0.2163,0.22195,0.2118,0.21543,7177043.44509494,1666569599999
1666569600000,0.21542,0.22068,0.20426,0.20528,3133223.16990224,1666598399999
1666598400000,0.20517,0.2104,0.20005,0.20093,6503345.31543338,1666627199999
1666627200000,0.20156,0.20592,0.1928,0.19352,5425074.78055609,1666655999999
1666656000000,0.19373,0.19835,0.1875,0.19176,1859827.91245166,1666684799999
1666684800000,0.19113,0.2034,0.18901,0.19128,7212303.85204789,1666713599999
1666713600000,0.19068,0.19548,0.18701,0.18721,3914351.89380832,1666742399999
1666742400000,0.18705,0.19475,0.18257,0.18611,2407148.20816288,1666771199999
1666771200000,0.187,0.19332,0.18161,0.18354,2783820.46177881,1666799999999
1666800000000,0.1843,0.1845,0.17256,0.17464,4868759.61099575,1666828799999
1666828800000,0.17446,0.18829,0.17377,0.18301,3011163.80693781,1666857599999
1666857600000,0.18331,0.18532,0.17494,0.17644,2759739.97280063,1666886399999
1666886400000,0.17605,0.19071,0.16712,0.17901,1.294892540708278E7,1666915199999
1666915200000,0.17943,0.19388,0.17161,0.18774,9307800.41947938,1666943999999
1666944000000,0.1884,0.20392,0.1821,0.18461,1.444835780909253E7,1666972799999
1666972800000,0.18454,0.18592,0.17894,0.18078,8151728.57637649,1667001599999
1667001600000,0.18068,0.18272,0.17628,0.17666,3201137.83555019,1667030399999
1667030400000,0.17635,0.17709,0.16597,0.166,4088693.62307959,1667059199999
1667059200000,0.166,0.17263,0.16154,0.16378,5683056.47845523,1667087999999
1667088000000,0.16426,0.16712,0.16088,0.16707,2840583.87197177,1667116799999
1667116800000,0.16713,0.1691,0.15439,0.155,4979711.83286518,1667145599999
1667145600000,0.15534,0.1648,0.15371,0.15588,3973856.04713409,1667174399999
1667174400000,0.15561,0.17169,0.1524,0.16129,4784756.68738668,1667203199999
1667203200000,0.16072,0.16983,0.15515,0.15855,4104515.88334581,1667231999999
1667232000000,0.15923,0.15924,0.15431,0.15692,1468055.84381125,1667260799999
1667260800000,0.15705,0.16364,0.15424,0.15733,2496127.80996661,1667289599999
1667289600000,0.15801,0.15897,0.15444,0.15757,2022269.19968127,1667318399999
1667318400000,0.15808,0.1983,0.15752,0.18328,5.860656042785599E7,1667347199999
1667347200000,0.1835,0.18679,0.16336,0.16786,1.201476554115658E7,1667375999999
1667376000000,0.16766,0.1776,0.15751,0.16997,1.377496267345349E7,1667404799999
1667404800000,0.1698,0.17099,0.16101,0.16322,6308697.54472879,1667433599999
1667433600000,0.16297,0.17106,0.1599,0.16477,2937223.52058449,1667462399999
1667462400000,0.16478,0.17214,0.16254,0.16642,5122949.10635915,1667491199999
1667491200000,0.1662,0.16798,0.1597,0.16174,4694499.6645683,1667519999999
1667520000000,0.16076,0.16633,0.15916,0.16491,2544231.10600033,1667548799999
1667548800000,0.1647,0.1659,0.16023,0.16152,2147469.99732193,1667577599999
1667577600000,0.16222,0.16418,0.15873,0.1618,2723658.95551991,1667606399999
1667606400000,0.16189,0.17238,0.16135,0.16582,4399431.2651945,1667635199999
1667635200000,0.16525,0.17099,0.16289,0.16599,2051261.51342599,1667663999999
1667664000000,0.16599,0.16649,0.16324,0.16348,789597.27348358,1667692799999
1667692800000,0.16357,0.16529,0.16188,0.1638,556555.12130419,1667721599999
1667721600000,0.16382,0.18049,0.16326,0.17757,5081295.31305333,1667750399999
1667750400000,0.17798,0.29,0.17798,0.24642,9.348927304474454E7,1667779199999
1667779200000,0.24675,0.26646,0.22416,0.23814,2.112874648091092E7,1667807999999
1667808000000,0.23811,0.25167,0.20218,0.20834,2.757856851229283E7,1667836799999
1667836800000,0.20732,0.21166,0.19319,0.19768,1.411880954861273E7,1667865599999
1667865600000,0.19841,0.20239,0.17766,0.19181,6374709.744536,1667894399999
1667894400000,0.19104,0.19104,0.16877,0.17432,6457754.93594865,1667923199999
1667923200000,0.1738,0.18647,0.131,0.14691,1.269538207494333E7,1667951999999
1667952000000,0.14674,0.1489,0.13501,0.13649,7322523.88984588,1667980799999
1667980800000,0.13664,0.14808,0.12365,0.13524,5857313.91218438,1668009599999
1668009600000,0.13577,0.13838,0.11753,0.12217,5614735.36519672,1668038399999
1668038400000,0.1221,0.15839,0.12103,0.15226,5278773.32729543,1668067199999
1668067200000,0.15248,0.19599,0.15045,0.16447,3.121217339526797E7,1668095999999
1668096000000,0.16393,0.18308,0.16018,0.16487,9160356.70019678,1668124799999
1668124800000,0.16472,0.17137,0.1482,0.16699,3347373.01349981,1668153599999
1668153600000,0.16631,0.16902,0.14801,0.15494,5812081.35765931,1668182399999
1668182400000,0.15436,0.1568,0.14812,0.1541,4888872.06257653,1668211199999
1668211200000,0.15434,0.17244,0.15224,0.15538,4728526.8975193,1668239999999
1668240000000,0.15543,0.15994,0.15003,0.15919,3044906.59034899,1668268799999
1668268800000,0.15924,0.1683,0.15512,0.16074,6934597.83145565,1668297599999
1668297600000,0.16111,0.16455,0.156,0.15793,1686700.95749642,1668326399999
1668326400000,0.15858,0.15881,0.15219,0.15343,2080327.07465069,1668355199999
1668355200000,0.15291,0.1554,0.14608,0.15185,2445603.11889599,1668383999999
1668384000000,0.15056,0.15213,0.13754,0.15186,1854805.12248309,1668412799999
1668412800000,0.15144,0.15634,0.14519,0.15317,2536529.91507241,1668441599999
1668441600000,0.15315,0.16073,0.14671,0.15062,2659821.987747,1668470399999
1668470400000,0.15083,0.15949,0.14847,0.15413,1440755.03160835,1668499199999
1668499200000,0.15488,0.15699,0.151,0.15612,1509105.11170149,1668527999999
1668528000000,0.1545,0.15584,0.14954,0.15148,1476665.84912431,1668556799999
1668556800000,0.15195,0.15482,0.15041,0.15086,643662.4367755,1668585599999
1668585600000,0.15085,0.15322,0.14575,0.14575,1475683.37987578,1668614399999
1668614400000,0.14538,0.15081,0.14501,0.14781,1049286.19497852,1668643199999
1668643200000,0.14765,0.14915,0.14599,0.14777,299297.42519681,1668671999999
1668672000000,0.14813,0.17216,0.14755,0.16642,1.714709622674289E7,1668700799999
1668700800000,0.16609,0.16896,0.1529,0.15543,7168049.18329752,1668729599999
1668729600000,0.15592,0.15784,0.15008,0.15121,777413.32459884,1668758399999
1668758400000,0.15153,0.1578,0.15002,0.1525,1951875.80704924,1668787199999
1668787200000,0.15316,0.15454,0.1504,0.15241,903728.88669685,1668815999999
1668816000000,0.15282,0.15296,0.14971,0.15149,361067.22153899,1668844799999
1668844800000,0.15164,0.17025,0.14932,0.15601,1.551588225856789E7,1668873599999
1668873600000,0.1559,0.16456,0.1555,0.15755,4375699.59963749,1668902399999
1668902400000,0.15769,0.17492,0.15705,0.16776,6536158.28359046,1668931199999
1668931200000,0.16895,0.16895,0.15584,0.15836,4283868.53295553,1668959999999
1668960000000,0.15801,0.15896,0.14921,0.15342,2350794.38623195,1668988799999
1668988800000,0.15419,0.1544,0.14482,0.14925,1673714.1390998,1669017599999
1669017600000,0.14888,0.15544,0.14313,0.14967,2980514.18999594,1669046399999
1669046400000,0.14965,0.15318,0.14414,0.14549,1400815.28635452,1669075199999
1669075200000,0.14549,0.14797,0.13941,0.14169,1070895.22320937,1669103999999
1669104000000,0.14221,0.14719,0.13838,0.14486,1959919.16434291,1669132799999
1669132800000,0.14557,0.15093,0.14367,0.14387,969439.77395436,1669161599999
1669161600000,0.14369,0.14902,0.14249,0.1483,583213.44876989,1669190399999
1669190400000,0.14781,0.15149,0.14356,0.14464,1114727.87884149,1669219199999
1669219200000,0.14435,0.14758,0.14373,0.1451,880454.70015529,1669247999999
1669248000000,0.1451,0.14586,0.14371,0.14502,591113.380189,1669276799999
1669276800000,0.14502,0.14898,0.14416,0.14605,816839.10972552,1669305599999
1669305600000,0.14574,0.14879,0.1424,0.14353,724314.11170394,1669334399999
1669334400000,0.14326,0.14342,0.13854,0.14225,353721.94333454,1669363199999
1669363200000,0.14164,0.14655,0.1402,0.14507,900249.41307484,1669391999999
1669392000000,0.14492,0.14516,0.14234,0.14262,638621.79582675,1669420799999
1669420800000,0.1435,0.14554,0.14259,0.14356,192079.04867203,1669449599999
1669449600000,0.14326,0.14889,0.14272,0.14356,1491981.38374869,1669478399999
1669478400000,0.1439,0.14632,0.1422,0.14386,1953685.60440961,1669507199999
1669507200000,0.14381,0.14516,0.14235,0.14479,393195.37139914,1669535999999
1669536000000,0.14513,0.14578,0.14269,0.14494,834745.08758071,1669564799999
1669564800000,0.1444,0.14583,0.14066,0.1435,990241.41896716,1669593599999
1669593600000,0.14351,0.1442,0.13967,0.14141,516378.93660644,1669622399999
1669622400000,0.14121,0.14151,0.13805,0.1408,567084.524834,1669651199999
1669651200000,0.14036,0.15376,0.13893,0.14565,5208237.57052946,1669679999999
1669680000000,0.14574,0.1508,0.14418,0.14477,1057111.04486433,1669708799999
1669708800000,0.14528,0.14819,0.1444,0.14461,555227.0037732,1669737599999
1669737600000,0.14474,0.14762,0.144,0.1459,430936.27386253,1669766399999
1669766400000,0.14541,0.14831,0.14517,0.14592,434356.29552731,1669795199999
1669795200000,0.14537,0.14759,0.144,0.14759,293747.23551916,1669823999999
1669824000000,0.14725,0.14768,0.14403,0.14516,557867.8459693,1669852799999
1669852800000,0.14565,0.15012,0.1446,0.147,787973.09698556,1669881599999
1669881600000,0.14665,0.14769,0.14288,0.1433,821302.0724972,1669910399999
1669910400000,0.14331,0.14428,0.1414,0.14228,488703.30601238,1669939199999
1669939200000,0.1423,0.14288,0.14058,0.1416,435680.38062962,1669967999999
1669968000000,0.1416,0.15094,0.14133,0.1494,2291806.27489375,1669996799999
1669996800000,0.14941,0.16515,0.14399,0.14584,8347654.4294306,1670025599999
1670025600000,0.14671,0.14698,0.14475,0.14522,383425.82756665,1670054399999
1670054400000,0.14451,0.14614,0.14273,0.14441,1236580.49448157,1670083199999
1670083200000,0.14398,0.14442,0.14093,0.14175,734855.17680904,1670111999999
1670112000000,0.14116,0.14756,0.14116,0.1437,696609.45509166,1670140799999
1670140800000,0.14296,0.14682,0.14231,0.14446,559920.9342717,1670169599999
1670169600000,0.14425,0.14594,0.14287,0.14359,813681.04591819,1670198399999
1670198400000,0.14356,0.14551,0.14287,0.14512,332023.14847303,1670227199999
1670227200000,0.14571,0.14571,0.1425,0.14314,545009.151827,1670255999999
1670256000000,0.14298,0.14433,0.14171,0.14333,791835.27259557,1670284799999
1670284800000,0.14361,0.14432,0.14257,0.14289,187148.48164982,1670313599999
1670313600000,0.14254,0.14323,0.14087,0.14149,491332.62685129,1670342399999
1670342400000,0.14168,0.14323,0.14125,0.14216,119635.7189168,1670371199999
1670371200000,0.1429,0.14396,0.13429,0.13489,502693.34239076,1670399999999
1670400000000,0.13427,0.13952,0.13427,0.13554,586205.90742438,1670428799999
1670428800000,0.13489,0.13691,0.13447,0.13579,208821.02535448,1670457599999
1670457600000,0.13562,0.13638,0.13365,0.13418,160064.11792813,1670486399999
1670486400000,0.13371,0.1356,0.13354,0.13461,357908.97809769,1670515199999
1670515200000,0.1345,0.13691,0.1342,0.13554,671676.60293003,1670543999999
1670544000000,0.13524,0.14,0.1344,0.1399,306995.19646478,1670572799999
1670572800000,0.14091,0.145,0.13702,0.1415,2131345.16519738,1670601599999
1670601600000,0.14161,0.16001,0.1401,0.14108,1.05441209131935E7,1670630399999
1670630400000,0.14047,0.15656,0.1382,0.14331,5583840.07537982,1670659199999
1670659200000,0.14236,0.15157,0.14114,0.14483,4294946.40305969,1670687999999
1670688000000,0.14427,0.14506,0.13781,0.13781,1494005.25178771,1670716799999
1670716800000,0.13781,0.14326,0.13781,0.14127,596244.96388597,1670745599999
1670745600000,0.14156,0.14278,0.13807,0.13992,931570.18501478,1670774399999
1670774400000,0.13978,0.13978,0.13698,0.13738,1163948.86659816,1670803199999
1670803200000,0.13709,0.13709,0.13375,0.13465,685852.3642449,1670831999999
1670832000000,0.13427,0.13497,0.132,0.13497,678301.53170321,1670860799999
1670860800000,0.13403,0.13439,0.13245,0.13372,113130.32349909,1670889599999
1670889600000,0.13352,0.13552,0.12835,0.13031,368500.63412607,1670918399999
1670918400000,0.13024,0.1333,0.12944,0.13305,333975.05107804,1670947199999
1670947200000,0.13196,0.13366,0.13177,0.13256,547216.82697445,1670975999999
1670976000000,0.13241,0.13315,0.13117,0.13166,117351.33562123,1671004799999
1671004800000,0.13181,0.13261,0.13037,0.1321,203896.5372203,1671033599999
1671033600000,0.13217,0.13313,0.12906,0.13071,537779.82171091,1671062399999
1671062400000,0.13038,0.13084,0.12909,0.12987,143981.76541956,1671091199999
1671091200000,0.13009,0.13305,0.12805,0.13304,264833.9868456,1671119999999
1671120000000,0.1327,0.13946,0.13046,0.13456,2433066.45512635,1671148799999
1671148800000,0.13488,0.13674,0.13141,0.13289,323458.25115456,1671177599999
1671177600000,0.13341,0.1347,0.1257,0.12712,887751.53912788,1671206399999
1671206400000,0.12682,0.12707,0.11593,0.11769,608463.38997826,1671235199999
1671235200000,0.11672,0.11805,0.11305,0.11634,253416.56300709,1671263999999
1671264000000,0.11616,0.11826,0.11441,0.1154,188528.26129243,1671292799999
1671292800000,0.1155,0.11954,0.11462,0.11954,81374.91998493,1671321599999
1671321600000,0.11938,0.11938,0.11677,0.11728,18065.73068737,1671350399999
1671350400000,0.11677,0.1173,0.11376,0.11376,280080.91012849,1671379199999
1671379200000,0.11315,0.11522,0.11229,0.11339,339257.84143852,1671407999999
1671408000000,0.11403,0.11419,0.11118,0.11209,659316.89289633,1671436799999
1671436800000,0.1114,0.11548,0.11102,0.11224,343713.58965952,1671465599999
1671465600000,0.112,0.11263,0.1037,0.1086,946996.58669337,1671494399999
1671494400000,0.108,0.11,0.10713,0.10909,245076.49269178,1671523199999
1671523200000,0.10859,0.11027,0.1085,0.10913,263870.10780056,1671551999999
1671552000000,0.10854,0.1244,0.10854,0.11307,2622727.92903505,1671580799999
1671580800000,0.11281,0.113,0.10927,0.10954,232196.05587671,1671609599999
1671609600000,0.10987,0.1225,0.10916,0.11399,1432191.39033,1671638399999
1671638400000,0.11276,0.11456,0.1116,0.11316,881048.889468,1671667199999
1671667200000,0.11335,0.11938,0.11233,0.1146,979069.30583392,1671695999999
1671696000000,0.11452,0.12503,0.11348,0.11489,3542650.71350343,1671724799999
1671724800000,0.11488,0.11687,0.11332,0.11569,689238.00700455,1671753599999
1671753600000,0.11506,0.11682,0.11444,0.1158,310845.06857063,1671782399999
1671782400000,0.11567,0.11647,0.11402,0.1148,1179508.19201346,1671811199999
1671811200000,0.11495,0.11495,0.11193,0.11247,211782.33563003,1671839999999
1671840000000,0.1128,0.11303,0.11184,0.11264,70251.13625678,1671868799999
1671868800000,0.11248,0.11369,0.11181,0.11235,235064.85498549,1671897599999
1671897600000,0.11261,0.11357,0.1124,0.11269,41733.45982453,1671926399999
1671926400000,0.11267,0.11305,0.11211,0.11284,90001.83589525,1671955199999
1671955200000,0.11291,0.11336,0.11141,0.11191,149392.30519141,1671983999999
1671984000000,0.11199,0.11229,0.11,0.11,396178.76631635,1672012799999
1672012800000,0.11,0.1116,0.10867,0.10921,490877.38454055,1672041599999
1672041600000,0.10946,0.11055,0.10868,0.10977,473341.15130745,1672070399999
1672070400000,0.10968,0.11152,0.10916,0.11152,296482.70389002,1672099199999
1672099200000,0.11151,0.1126,0.11104,0.11104,206799.82782093,1672127999999
1672128000000,0.11115,0.11115,0.10901,0.11068,501141.64731111,1672156799999
1672156800000,0.11023,0.11028,0.10771,0.10909,122665.56802846,1672185599999
1672185600000,0.10935,0.10963,0.10598,0.10688,96602.54673956,1672214399999
1672214400000,0.1064,0.10672,0.10439,0.1061,456137.71789236,1672243199999
1672243200000,0.10618,0.10626,0.10372,0.10471,143824.63285894,1672271999999
1672272000000,0.10437,0.105,0.10413,0.10473,32065.26117624,1672300799999
1672300800000,0.10516,0.10568,0.10401,0.10477,71566.13289495,1672329599999
1672329600000,0.10538,0.10592,0.10065,0.10378,723778.2859632,1672358399999
1672358400000,0.10319,0.10572,0.1,0.10001,677752.27046656,1672387199999
1672387200000,0.10001,0.10153,0.09859,0.10039,301152.30674989,1672415999999
1672416000000,0.10064,0.10074,0.099459,0.099659,232120.93099299,1672444799999
1672444800000,0.099925,0.1,0.098868,0.09983,74441.097532,1672473599999
1672473600000,0.1,0.10369,0.099513,0.10075,346439.28541533,1672502399999
1672502400000,0.10109,0.10298,0.09956,0.10094,521453.68681648,1672531199999
1672531200000,0.10154,0.10232,0.10059,0.10098,40414.46740015,1672559999999
1672560000000,0.10051,0.10095,0.099998,0.099998,90595.10047701,1672588799999
1672588800000,0.10018,0.10061,0.099394,0.099421,184672.24076915,1672617599999
1672617600000,0.099413,0.10178,0.09899,0.10178,308132.63515404,1672646399999
1672646400000,0.10073,0.10182,0.1005,0.10159,184826.08297037,1672675199999
1672675200000,0.10138,0.10324,0.10071,0.10211,482752.29519154,1672703999999
1672704000000,0.10248,0.10377,0.10085,0.10135,417587.81803486,1672732799999
1672732800000,0.10183,0.10278,0.10147,0.10169,85826.5035682,1672761599999
1672761600000,0.10266,0.10412,0.10078,0.10213,474605.73611503,1672790399999
1672790400000,0.10297,0.10421,0.10118,0.10396,276922.34414155,1672819199999
1672819200000,0.10313,0.11042,0.10304,0.10664,1075168.13866088,1672847999999
1672848000000,0.10699,0.10738,0.10448,0.10659,767548.09587448,1672876799999
1672876800000,0.10673,0.10765,0.10556,0.10556,358032.91040034,1672905599999
1672905600000,0.10478,0.1066,0.10416,0.10637,343573.15562443,1672934399999
1672934400000,0.10668,0.10697,0.10491,0.10532,219641.21757532,1672963199999
1672963200000,0.10546,0.10559,0.10388,0.10388,148187.36377704,1672991999999
1672992000000,0.10412,0.10621,0.10323,0.10489,717947.59852313,1673020799999
1673020800000,0.1053,0.10595,0.10241,0.1047,511798.33247579,1673049599999
1673049600000,0.10478,0.10489,0.10374,0.10471,46053.63465806,1673078399999
1673078400000,0.10497,0.10561,0.10395,0.10444,309587.52870778,1673107199999
1673107200000,0.10415,0.10597,0.10415,0.10443,490426.95920776,1673135999999
1673136000000,0.10515,0.10605,0.10415,0.10605,243656.91575304,1673164799999
1673164800000,0.10658,0.1225,0.10604,0.11362,8125141.50972043,1673193599999
1673193600000,0.11308,0.11882,0.10871,0.10963,6346562.29073333,1673222399999
1673222400000,0.10979,0.11348,0.10977,0.11138,2151822.6692295,1673251199999
1673251200000,0.11147,0.11549,0.11022,0.11387,973429.6517375,1673279999999
1673280000000,0.11399,0.11685,0.11017,0.11102,1995587.48014264,1673308799999
1673308800000,0.11108,0.11561,0.11107,0.11507,587535.7443717,1673337599999
1673337600000,0.11435,0.116,0.11228,0.11342,512196.3704612,1673366399999
1673366400000,0.11354,0.12112,0.1123,0.11827,2190797.38018161,1673395199999
1673395200000,0.11796,0.11909,0.11395,0.11585,678292.5699118,1673423999999
1673424000000,0.11618,0.11815,0.114,0.114,568541.59279224,1673452799999
1673452800000,0.1136,0.1174,0.11333,0.11619,1823636.85257121,1673481599999
1673481600000,0.11557,0.11716,0.11501,0.11571,293619.79585742,1673510399999
1673510400000,0.11571,0.11612,0.11272,0.11424,396164.66858782,1673539199999
1673539200000,0.11369,0.11982,0.11369,0.11691,790542.21747544,1673567999999
1673568000000,0.11676,0.11963,0.11613,0.11807,811331.24324203,1673596799999
1673596800000,0.11783,0.12481,0.11694,0.12359,1093022.84590032,1673625599999
1673625600000,0.12346,0.12361,0.11873,0.12074,1324813.99641904,1673654399999
1673654400000,0.12086,0.13,0.12052,0.12915,2203009.60201971,1673683199999
1673683200000,0.12919,0.13286,0.1186,0.12502,1283757.47700241,1673711999999
1673712000000,0.12484,0.12795,0.12327,0.1248,1422470.90461671,1673740799999
1673740800000,0.12482,0.12523,0.12112,0.12255,731816.13719111,1673769599999
1673769600000,0.12257,0.1251,0.12046,0.1251,614377.93028522,1673798399999
1673798400000,0.12468,0.12863,0.12326,0.12699,644512.78011064,1673827199999
1673827200000,0.12831,0.12968,0.12474,0.12627,400383.06599635,1673855999999
1673856000000,0.12614,0.12662,0.12344,0.12599,587407.65180369,1673884799999
1673884800000,0.12625,0.13124,0.12515,0.12515,982519.83718297,1673913599999
1673913600000,0.1255,0.12726,0.12454,0.12709,184713.46269753,1673942399999
1673942400000,0.1271,0.12753,0.12506,0.12537,235323.21337808,1673971199999
1673971200000,0.12531,0.14584,0.12515,0.14344,2774141.59758925,1673999999999
1674000000000,0.14159,0.14159,0.13139,0.13189,1237149.02432795,1674028799999
1674028800000,0.13166,0.1324,0.12002,0.12002,1132369.08344686,1674057599999
1674057600000,0.12321,0.12597,0.11251,0.12023,1209133.02014367,1674086399999
1674086400000,0.11982,0.12202,0.11845,0.11998,346733.27224764,1674115199999
1674115200000,0.11998,0.12002,0.11548,0.11834,559867.04467967,1674143999999
1674144000000,0.11812,0.11987,0.11717,0.11873,688459.6223953,1674172799999
1674172800000,0.11906,0.11991,0.11766,0.11872,364847.39279216,1674201599999
1674201600000,0.11817,0.12015,0.11712,0.12015,292713.20182837,1674230399999
1674230400000,0.11987,0.129,0.11948,0.12568,2565352.63843752,1674259199999
1674259200000,0.12559,0.12864,0.12389,0.1275,217641.37144766,1674287999999
1674288000000,0.12749,0.12876,0.1219,0.12421,862278.00423301,1674316799999
1674316800000,0.12399,0.12578,0.12214,0.12214,319162.79444836,1674345599999
1674345600000,0.12246,0.12549,0.1207,0.12422,772886.56079757,1674374399999
1674374400000,0.12443,0.12805,0.12226,0.12559,440618.74027642,1674403199999
1674403200000,0.12483,0.13961,0.12442,0.13329,2751924.13425442,1674431999999
1674432000000,0.13192,0.1385,0.12897,0.1304,678179.39299595,1674460799999
1674460800000,0.13013,0.13726,0.12926,0.13252,607405.13799843,1674489599999
1674489600000,0.13259,0.13546,0.12745,0.13061,380786.19863986,1674518399999
1674518400000,0.12993,0.13304,0.12928,0.13242,278606.45384651,1674547199999
1674547200000,0.13279,0.1383,0.13119,0.13563,1068731.80719461,1674575999999
1674576000000,0.13611,0.18,0.13399,0.16359,1.723545707444777E7,1674604799999
1674604800000,0.16406,0.16893,0.13725,0.14333,5630013.55810117,1674633599999
1674633600000,0.14289,0.14887,0.1334,0.13433,4749788.45108983,1674662399999
1674662400000,0.13513,0.14456,0.135,0.14297,2850707.18724527,1674691199999
1674691200000,0.1438,0.14716,0.13963,0.13963,1419468.92683049,1674719999999
1674720000000,0.1393,0.14229,0.1385,0.14084,996319.76032317,1674748799999
1674748800000,0.14046,0.14099,0.13627,0.13736,869811.2103342,1674777599999
1674777600000,0.13731,0.13898,0.13436,0.13739,389059.81898423,1674806399999
1674806400000,0.13819,0.13918,0.13481,0.13667,490643.59987012,1674835199999
1674835200000,0.13767,0.14044,0.1362,0.13763,509861.49933573,1674863999999
1674864000000,0.13854,0.1443,0.13727,0.14286,1026020.80639164,1674892799999
1674892800000,0.14288,0.14993,0.13897,0.14185,931514.46099295,1674921599999
1674921600000,0.1416,0.14838,0.13984,0.14039,675642.82678725,1674950399999
1674950400000,0.14064,0.14625,0.1402,0.14533,411689.46393809,1674979199999
1674979200000,0.14446,0.14627,0.14219,0.14396,305869.43581597,1675007999999
1675008000000,0.14378,0.14595,0.14333,0.14385,719292.46638521,1675036799999
1675036800000,0.1445,0.14499,0.1411,0.14289,243038.54965142,1675065599999
1675065600000,0.14258,0.14281,0.13425,0.13736,655546.47143572,1675094399999
1675094400000,0.13799,0.13868,0.13002,0.13216,548082.71299304,1675123199999
1675123200000,0.1327,0.13493,0.13123,0.13415,99062.33289748,1675151999999
1675152000000,0.13395,0.13842,0.1338,0.13842,271509.17786385,1675180799999
1675180800000,0.137,0.14761,0.13638,0.14254,2339788.54171822,1675209599999
1675209600000,0.14204,0.14696,0.13896,0.13936,484560.67300347,1675238399999
1675238400000,0.13892,0.14281,0.13759,0.13891,899048.23692124,1675267199999
1675267200000,0.13831,0.15612,0.13828,0.14571,4060042.76263882,1675295999999
1675296000000,0.1457,0.14894,0.14511,0.14856,253507.00993609,1675324799999
1675324800000,0.14828,0.15296,0.14733,0.15033,1357611.4510759,1675353599999
1675353600000,0.14975,0.15491,0.14457,0.14676,1069659.23856385,1675382399999
1675382400000,0.14666,0.14687,0.14411,0.14545,375963.09980188,1675411199999
1675411200000,0.14579,0.14908,0.14286,0.14846,287265.97451038,1675439999999
1675440000000,0.14929,0.15184,0.14785,0.15159,348159.4976648,1675468799999
1675468800000,0.15174,0.15203,0.14899,0.15156,239682.52330001,1675497599999
1675497600000,0.15213,0.15457,0.14913,0.1533,779725.00045113,1675526399999
1675526400000,0.15285,0.16,0.15075,0.15368,1766369.75883004,1675555199999
1675555200000,0.15401,0.1605,0.15398,0.15708,207507.66315736,1675583999999
1675584000000,0.15735,0.178,0.15657,0.16766,7909525.77824869,1675612799999
1675612800000,0.16723,0.17875,0.16352,0.17568,2604754.84983499,1675641599999
1675641600000,0.17616,0.18123,0.16456,0.17175,996217.36397341,1675670399999
1675670400000,0.17136,0.19373,0.16828,0.18788,1508103.67842309,1675699199999
1675699200000,0.18792,0.18849,0.178,0.18036,1718013.66418483,1675727999999
1675728000000,0.1804,0.20699,0.17973,0.20295,1140650.84857102,1675756799999
1675756800000,0.2022,0.20683,0.18915,0.19233,2636301.72477861,1675785599999
1675785600000,0.19248,0.19952,0.18424,0.19623,1129841.59189669,1675814399999
1675814400000,0.19792,0.19817,0.18651,0.18888,783011.48381026,1675843199999
1675843200000,0.18882,0.18882,0.175,0.17626,1754322.40122971,1675871999999
1675872000000,0.17582,0.17709,0.16725,0.17615,1207280.92437001,1675900799999
1675900800000,0.17665,0.17763,0.16,0.1767,489121.25220461,1675929599999
1675929600000,0.17577,0.1795,0.1707,0.1707,345394.97035125,1675958399999
1675958400000,0.17084,0.18166,0.1583,0.16224,1065955.2518883,1675987199999
1675987200000,0.16194,0.17999,0.156,0.17172,1782997.23460829,1676015999999
1676016000000,0.17263,0.17532,0.16185,0.16453,731498.47941266,1676044799999
1676044800000,0.16655,0.17162,0.16289,0.16515,204678.0099381,1676073599999
1676073600000,0.16423,0.17108,0.16319,0.16904,261054.85813511,1676102399999
1676102400000,0.16877,0.16905,0.1649,0.16631,157313.84357681,1676131199999
1676131200000,0.16685,0.17304,0.16685,0.17211,551253.59239609,1676159999999
1676160000000,0.17291,0.17601,0.16976,0.17487,306186.53779797,1676188799999
1676188800000,0.17264,0.17465,0.16991,0.17094,186463.17789435,1676217599999
1676217600000,0.1709,0.17452,0.1635,0.16481,117041.19856751,1676246399999
1676246400000,0.1647,0.16746,0.16221,0.16614,94359.11219729,1676275199999
1676275200000,0.16608,0.16608,0.15576,0.15772,603724.95053591,1676303999999
1676304000000,0.15693,0.16005,0.15333,0.16005,602143.49310605,1676332799999
1676332800000,0.1607,0.16389,0.16021,0.16329,44181.29260547,1676361599999
1676361600000,0.16231,0.18281,0.16066,0.17008,2522701.34929143,1676390399999
1676390400000,0.17317,0.17432,0.16866,0.1718,345516.57801086,1676419199999
1676419200000,0.1718,0.17205,0.1683,0.16908,161786.20965269,1676447999999
1676448000000,0.16905,0.1758,0.16846,0.1758,456777.85809951,1676476799999
1676476800000,0.17543,0.18004,0.17235,0.17913,1225275.92887391,1676505599999
1676505600000,0.1785,0.1804,0.17585,0.17856,187876.55796596,1676534399999
1676534400000,0.17791,0.17994,0.17259,0.17802,535651.88023929,1676563199999
1676563200000,0.1777,0.17837,0.16468,0.16522,789247.16053004,1676591999999
1676592000000,0.16572,0.181,0.16549,0.18029,593767.53174757,1676620799999
1676620800000,0.1802,0.18724,0.18005,0.18233,559319.34729405,1676649599999
1676649600000,0.18216,0.18303,0.17651,0.17784,470625.5775406,1676678399999
1676678400000,0.18001,0.18532,0.17941,0.18084,252213.61520857,1676707199999
1676707200000,0.18122,0.1818,0.1775,0.17933,138202.36256284,1676735999999
1676736000000,0.17932,0.18564,0.178,0.18254,466002.47478618,1676764799999
1676764800000,0.182,0.18342,0.18097,0.18141,243454.38272368,1676793599999
1676793600000,0.18125,0.187,0.1798,0.18356,642296.68579616,1676822399999
1676822400000,0.18345,0.184,0.175,0.175,356338.33128529,1676851199999
1676851200000,0.17545,0.179,0.17075,0.17812,126949.30988204,1676879999999
1676880000000,0.17903,0.18,0.1761,0.17918,209769.57036316,1676908799999
1676908800000,0.17818,0.18304,0.169,0.17875,460442.98793491,1676937599999
1676937600000,0.17947,0.18359,0.17896,0.17972,67143.01670399,1676966399999
1676966400000,0.17955,0.18283,0.17455,0.17634,967602.87504823,1676995199999
1676995200000,0.17596,0.17891,0.17001,0.17246,484040.12248243,1677023999999
1677024000000,0.1723,0.17395,0.16529,0.1665,168779.01876208,1677052799999
1677052800000,0.166,0.16837,0.16305,0.16305,399773.66375082,1677081599999
1677081600000,0.16425,0.16981,0.163,0.16981,201971.00965196,1677110399999
1677110400000,0.1689,0.17309,0.1689,0.17226,86419.07762914,1677139199999
1677139200000,0.17203,0.17303,0.16682,0.16756,104716.68521802,1677167999999
1677168000000,0.16798,0.1707,0.16614,0.16614,152263.72287978,1677196799999
1677196800000,0.1672,0.17088,0.16636,0.16886,54035.96485657,1677225599999
1677225600000,0.16967,0.17048,0.16501,0.16583,215425.83925396,1677254399999
1677254400000,0.16363,0.16476,0.16133,0.16133,224590.59329237,1677283199999
1677283200000,0.16323,0.1642,0.15758,0.16042,30463.26190275,1677311999999
1677312000000,0.15988,0.16041,0.15655,0.15911,46491.3934208,1677340799999
1677340800000,0.15883,0.16153,0.15349,0.15918,132576.63560938,1677369599999
1677369600000,0.15837,0.16071,0.15836,0.16006,45754.59621087,1677398399999
1677398400000,0.16019,0.16366,0.15936,0.16151,108975.007676,1677427199999
1677427200000,0.16193,0.16449,0.15929,0.16316,214440.8669673,1677455999999
1677456000000,0.16317,0.16317,0.16104,0.16171,34626.6731123,1677484799999
1677484800000,0.161,0.16247,0.15954,0.16241,106439.0899788,1677513599999
1677513600000,0.16218,0.16218,0.15678,0.15944,114351.72007412,1677542399999
1677542400000,0.15916,0.172,0.15823,0.15823,220705.54991836,1677571199999
1677571200000,0.15646,0.15772,0.155,0.15772,67523.54005207,1677599999999
1677600000000,0.15853,0.16525,0.156,0.15743,213741.03703809,1677628799999
1677628800000,0.1582,0.16902,0.15696,0.16749,187181.68710858,1677657599999
1677657600000,0.16704,0.16704,0.1625,0.16611,606094.19496014,1677686399999
1677686400000,0.16666,0.1726,0.16151,0.16489,387473.46062711,1677715199999
1677715200000,0.16491,0.17,0.16161,0.16642,623000.23433547,1677743999999
1677744000000,0.16558,0.16959,0.16287,0.1654,1077198.62394223,1677772799999
1677772800000,0.16582,0.16976,0.16437,0.16797,450718.69079059,1677801599999
1677801600000,0.16868,0.17108,0.15623,0.15623,355800.28651045,1677830399999
1677830400000,0.15651,0.15762,0.15501,0.15566,55062.87221936,1677859199999
1677859200000,0.15509,0.15788,0.1544,0.15581,53334.22193517,1677887999999
1677888000000,0.158,0.16087,0.15739,0.16087,53386.3671741,1677916799999
1677916800000,0.1569,0.17282,0.15622,0.16375,2736155.51729543,1677945599999
1677945600000,0.16336,0.16929,0.15803,0.16138,1186136.06434719,1677974399999
1677974400000,0.16103,0.16439,0.15859,0.15859,315705.32462443,1678003199999
1678003200000,0.15858,0.1653,0.15858,0.16221,554119.44613953,1678031999999
1678032000000,0.16137,0.16759,0.16011,0.16279,801005.9155722,1678060799999
1678060800000,0.1628,0.16378,0.1576,0.1597,127225.18466166,1678089599999
1678089600000,0.15926,0.15961,0.15689,0.1589,59315.59456402,1678118399999
1678118400000,0.15984,0.15984,0.15637,0.1564,161177.03256801,1678147199999
1678147200000,0.15696,0.15842,0.15601,0.15609,31603.67152368,1678175999999
1678176000000,0.1566,0.157,0.15146,0.15461,97617.30376844,1678204799999
1678204800000,0.15464,0.15752,0.153,0.1541,104606.29729895,1678233599999
1678233600000,0.15426,0.15522,0.1497,0.15036,148808.59085985,1678262399999
1678262400000,0.1498,0.1519,0.14466,0.14824,214637.36106631,1678291199999
1678291200000,0.14773,0.1482,0.14182,0.14196,189200.76770564,1678319999999
1678320000000,0.14178,0.14335,0.14123,0.14218,89583.09888415,1678348799999
1678348800000,0.14137,0.14516,0.14103,0.14333,99285.20858745,1678377599999
1678377600000,0.14211,0.14267,0.12926,0.13352,445063.57370138,1678406399999
1678406400000,0.13406,0.13407,0.12936,0.13013,253156.95291512,1678435199999
1678435200000,0.13032,0.13138,0.12294,0.12826,578122.34752063,1678463999999
1678464000000,0.12899,0.13398,0.12899,0.13398,526277.69087844,1678492799999
1678492800000,0.134,0.13594,0.12893,0.12893,101391.2176869,1678521599999
1678521600000,0.12792,0.12919,0.12555,0.12581,10652.50006374,1678550399999
1678550400000,0.12624,0.12798,0.12379,0.12689,161833.38800123,1678579199999
1678579200000,0.12734,0.1293,0.12714,0.12798,191874.0405651,1678607999999
1678608000000,0.12803,0.13158,0.12803,0.12806,464802.83003894,1678636799999
1678636800000,0.128,0.13755,0.12784,0.13638,408092.45730964,1678665599999
1678665600000,0.1385,0.1419,0.13501,0.13928,232742.85069538,1678694399999
1678694400000,0.13977,0.14519,0.13567,0.14332,392206.8097168,1678723199999
1678723200000,0.14336,0.14427,0.14069,0.14311,371791.292668,1678751999999
1678752000000,0.144,0.14417,0.14013,0.14134,26401.37768424,1678780799999
1678780800000,0.14099,0.156,0.1,0.15315,526258.47982415,1678809599999
1678809600000,0.15337,0.15619,0.14623,0.14992,724125.20414977,1678838399999
1678838400000,0.14932,0.15661,0.14779,0.15661,276375.08570856,1678867199999
1678867200000,0.15603,0.16245,0.15003,0.15104,319094.1499575,1678895999999
1678896000000,0.15216,0.15789,0.14553,0.15123,998163.14231834,1678924799999
1678924800000,0.15306,0.16099,0.15147,0.15261,347591.24123726,1678953599999
1678953600000,0.15242,0.15242,0.15,0.152,93728.1453232,1678982399999
1678982400000,0.15176,0.15397,0.14979,0.1539,151601.01847039,1679011199999
1679011200000,0.1539,0.15619,0.15265,0.15524,52242.4215851,1679039999999
1679040000000,0.15484,0.15805,0.15253,0.15442,284194.59785571,1679068799999
1679068800000,0.15299,0.15804,0.15241,0.15804,89086.65984785,1679097599999
1679097600000,0.15817,0.16141,0.153,0.15816,220850.33627657,1679126399999
1679126400000,0.1562,0.15909,0.153,0.15399,91004.4382519,1679155199999
1679155200000,0.153,0.15409,0.148,0.1482,124418.74845262,1679183999999
1679184000000,0.14819,0.15115,0.14591,0.14862,32323.26829553,1679212799999
1679212800000,0.14864,0.1528,0.14594,0.1528,253530.54785388,1679241599999
1679241600000,0.15213,0.15394,0.14866,0.15079,595563.85237572,1679270399999
1679270400000,0.14987,0.14988,0.14502,0.1494,83503.58338833,1679299199999
1679299200000,0.14933,0.14933,0.1447,0.14479,229889.87423855,1679327999999
1679328000000,0.14428,0.14495,0.14028,0.14131,206554.44821705,1679356799999
1679356800000,0.1415,0.14201,0.13949,0.14096,52482.50859404,1679385599999
1679385600000,0.14074,0.14998,0.13961,0.14401,144550.3725325,1679414399999
1679414400000,0.14423,0.1451,0.14352,0.14388,35758.24697664,1679443199999
1679443200000,0.14322,0.1435,0.14173,0.142,4189.74159489,1679471999999
1679472000000,0.14753,0.14753,0.14,0.1401,47792.00669788,1679500799999
1679500800000,0.1401,0.14684,0.13554,0.14353,122802.54009475,1679529599999
1679529600000,0.14171,0.14519,0.14171,0.14388,106808.46567853,1679558399999
1679558400000,0.1447,0.15031,0.13964,0.14348,336329.31896157,1679587199999
1679587200000,0.14327,0.14895,0.14318,0.14332,364631.51569333,1679615999999
1679616000000,0.1434,0.14505,0.14199,0.14424,72525.43162567,1679644799999
1679644800000,0.14315,0.14457,0.13982,0.14044,131755.40827335,1679673599999
1679673600000,0.13913,0.13966,0.13614,0.13652,102469.33314278,1679702399999
1679702400000,0.1366,0.13826,0.1366,0.13711,18594.1947867,1679731199999
1679731200000,0.13676,0.13814,0.13553,0.13758,198456.259025,1679759999999
1679760000000,0.13814,0.1396,0.13452,0.1396,273184.27913411,1679788799999
1679788800000,0.13815,0.13815,0.13695,0.13695,18909.3534106,1679817599999
1679817600000,0.13758,0.13927,0.13729,0.13827,84853.62736505,1679846399999
1679846400000,0.13841,0.13999,0.13788,0.13945,64084.18408738,1679875199999
1679875200000,0.13882,0.14045,0.13829,0.13849,74408.68249185,1679903999999
1679904000000,0.13798,0.1388,0.13287,0.13295,139809.09121937,1679932799999
1679932800000,0.13369,0.13435,0.132,0.13248,21427.92835075,1679961599999
1679961600000,0.13216,0.13216,0.13087,0.132,46131.77171277,1679990399999
1679990400000,0.13156,0.13198,0.12947,0.13198,84086.15140723,1680019199999
1680019200000,0.13144,0.13484,0.13,0.13446,440445.52564784,1680047999999
1680048000000,0.13241,0.13559,0.13155,0.13541,234344.55400174,1680076799999
1680076800000,0.13507,0.13662,0.13417,0.13618,283347.04751746,1680105599999
1680105600000,0.13601,0.13717,0.13528,0.1354,113018.94727162,1680134399999
1680134400000,0.13516,0.13708,0.13454,0.13553,11306.67294628,1680163199999
1680163200000,0.13658,0.13725,0.13396,0.13415,102424.43317123,1680191999999
1680192000000,0.13402,0.13402,0.13158,0.13347,90883.35474638,1680220799999
1680220800000,0.13229,0.13232,0.13094,0.13096,41372.74796436,1680249599999
1680249600000,0.13155,0.13415,0.13094,0.13315,120478.96814219,1680278399999
1680278400000,0.13425,0.13442,0.1327,0.13442,76619.78065278,1680307199999
1680307200000,0.13431,0.13583,0.13407,0.13459,156948.25111816,1680335999999
1680336000000,0.13323,0.1351,0.13289,0.13398,71157.44678516,1680364799999
1680364800000,0.13415,0.13474,0.13359,0.13449,28272.3595103,1680393599999
1680393600000,0.1342,0.13427,0.13342,0.13342,28746.60040166,1680422399999
1680422400000,0.135,0.14178,0.13405,0.13539,1260762.77672455,1680451199999
1680451200000,0.13541,0.13962,0.13507,0.13642,344633.99022503,1680479999999
1680480000000,0.1368,0.14798,0.13574,0.13919,2588799.15594638,1680508799999
1680508800000,0.14009,0.14062,0.13287,0.13341,962601.99325967,1680537599999
1680537600000,0.13364,0.13459,0.13102,0.1334,866603.95190574,1680566399999
1680566400000,0.13263,0.13382,0.13234,0.13324,258536.80416373,1680595199999
1680595200000,0.1332,0.13518,0.13197,0.13322,106622.19976897,1680623999999
1680624000000,0.13258,0.13715,0.13236,0.13486,151014.47531673,1680652799999
1680652800000,0.13698,0.13822,0.13578,0.13741,306102.56351776,1680681599999
1680681600000,0.13757,0.13757,0.13399,0.13433,182176.90010439,1680710399999
1680710400000,0.13504,0.13644,0.13444,0.13642,40221.38113482,1680739199999
1680739200000,0.1358,0.1368,0.13529,0.1353,67300.61728642,1680767999999
1680768000000,0.13533,0.1357,0.13303,0.13552,221454.61184175,1680796799999
1680796800000,0.13393,0.13393,0.13229,0.13328,49155.77790492,1680825599999
1680825600000,0.13365,0.13399,0.13191,0.13191,82595.76557613,1680854399999
1680854400000,0.13203,0.13263,0.13162,0.13227,19189.96359981,1680883199999
1680883200000,0.13263,0.13326,0.13214,0.13242,19483.87097233,1680911999999
1680912000000,0.13206,0.13481,0.13173,0.13439,139965.39815224,1680940799999
1680940800000,0.13411,0.1371,0.13401,0.13609,146342.9037134,1680969599999
1680969600000,0.13671,0.14464,0.13519,0.13979,558644.58829108,1680998399999
1680998400000,0.13971,0.14082,0.13601,0.13601,175304.89213122,1681027199999
1681027200000,0.136,0.14234,0.136,0.13822,233840.34473955,1681055999999
1681056000000,0.13798,0.1404,0.13798,0.13942,124764.9252837,1681084799999
1681084800000,0.13911,0.13911,0.13733,0.13733,48819.35082523,1681113599999
1681113600000,0.13726,0.13921,0.13708,0.13812,63570.7271656,1681142399999
1681142400000,0.13735,0.13946,0.13733,0.13864,175965.0830855,1681171199999
1681171200000,0.13892,0.145,0.1377,0.14429,186917.49996461,1681199999999
1681200000000,0.14436,0.1461,0.14144,0.14354,539761.48217935,1681228799999
1681228800000,0.14229,0.143,0.14098,0.14158,36836.26832728,1681257599999
1681257600000,0.14208,0.14208,0.13631,0.13782,383931.84325347,1681286399999
1681286400000,0.1377,0.13813,0.13637,0.13665,32600.81730211,1681315199999
1681315200000,0.13797,0.13797,0.13452,0.13548,122162.36854101,1681343999999
1681344000000,0.13548,0.13653,0.13497,0.13605,153969.9252919,1681372799999
1681372800000,0.13574,0.1411,0.13574,0.13898,144626.11997115,1681401599999
1681401600000,0.13981,0.14103,0.13829,0.13903,194138.34316003,1681430399999
1681430400000,0.14024,0.142,0.13893,0.13945,54210.42225735,1681459199999
1681459200000,0.13994,0.14088,0.13688,0.13744,100869.09763805,1681487999999
1681488000000,0.13718,0.14476,0.13693,0.14181,224593.24109995,1681516799999
1681516800000,0.14344,0.14791,0.14096,0.14776,176847.95510948,1681545599999
1681545600000,0.14689,0.15,0.14533,0.1474,420054.52202887,1681574399999
1681574400000,0.14651,0.14755,0.14501,0.14571,123845.96398296,1681603199999
1681603200000,0.14575,0.14694,0.14477,0.14602,67025.19205692,1681631999999
1681632000000,0.14556,0.14648,0.14538,0.14648,65013.85886076,1681660799999
1681660800000,0.14659,0.14815,0.14624,0.148,77143.8137716,1681689599999
1681689600000,0.14685,0.14688,0.14411,0.1457,120621.47932555,1681718399999
1681718400000,0.14616,0.155,0.14616,0.15182,561829.43033571,1681747199999
1681747200000,0.15248,0.17453,0.15225,0.15431,3162619.63583937,1681775999999
1681776000000,0.15359,0.15364,0.14738,0.14773,361002.32508227,1681804799999
1681804800000,0.14737,0.15189,0.14674,0.14984,467222.32965418,1681833599999
1681833600000,0.14963,0.15072,0.14795,0.14934,469083.61069043,1681862399999
1681862400000,0.14986,0.1511,0.14795,0.14841,97444.28447277,1681891199999
1681891200000,0.14805,0.14805,0.13933,0.14176,834079.92375566,1681919999999
1681920000000,0.14185,0.14205,0.13883,0.13894,180894.23292583,1681948799999
1681948800000,0.13887,0.13965,0.1369,0.1376,45165.17195652,1681977599999
1681977600000,0.1376,0.14125,0.1376,0.13878,280270.06520828,1682006399999
1682006400000,0.13766,0.1386,0.13565,0.13598,300433.40559936,1682035199999
1682035200000,0.13605,0.13785,0.13385,0.13444,37175.30167891,1682063999999
1682064000000,0.13524,0.13524,0.13298,0.13316,143512.10331638,1682092799999
1682092800000,0.13278,0.13278,0.12671,0.12788,181890.2514987,1682121599999
1682121600000,0.12773,0.12778,0.12576,0.1274,39363.28471929,1682150399999
1682150400000,0.12764,0.12983,0.12764,0.12983,66128.20233644,1682179199999
1682179200000,0.12968,0.13499,0.12968,0.13198,64421.87757302,1682207999999
1682208000000,0.13199,0.13199,0.13055,0.13148,5103.10478311,1682236799999
1682236800000,0.13153,0.13198,0.1275,0.12802,113691.11797992,1682265599999
1682265600000,0.12818,0.12889,0.1269,0.12768,133264.43952054,1682294399999
1682294400000,0.12818,0.12853,0.12687,0.12687,33607.44876743,1682323199999
1682323200000,0.12691,0.12758,0.12566,0.12645,48543.7797846,1682351999999
1682352000000,0.12624,0.12664,0.12477,0.12657,65065.20705499,1682380799999
1682380800000,0.12538,0.12553,0.12492,0.12515,33136.94390924,1682409599999
1682409600000,0.12495,0.12587,0.12346,0.12387,51185.31729152,1682438399999
1682438400000,0.12379,0.12902,0.12329,0.12902,61573.3598166,1682467199999
1682467200000,0.12885,0.12894,0.12592,0.12592,12403.39374811,1682495999999
1682496000000,0.12623,0.135,0.12617,0.135,132797.53890796,1682524799999
1682524800000,0.13458,0.13621,0.12267,0.1265,629137.49077712,1682553599999
1682553600000,0.12667,0.13046,0.12667,0.12931,272097.26520385,1682582399999
1682582400000,0.12934,0.13187,0.12789,0.12873,144990.57143518,1682611199999
1682611200000,0.12838,0.12975,0.12823,0.12893,79292.44865401,1682639999999
1682640000000,0.12901,0.12929,0.12874,0.12886,37235.47826101,1682668799999
1682668800000,0.12897,0.12903,0.12567,0.12627,110304.0030838,1682697599999
1682697600000,0.12621,0.12689,0.12583,0.12667,10972.59603902,1682726399999
1682726400000,0.12682,0.12841,0.12674,0.12841,15393.51616622,1682755199999
1682755200000,0.1285,0.13382,0.12822,0.13302,619369.00163304,1682783999999
1682784000000,0.13255,0.13541,0.13089,0.1309,376349.67127001,1682812799999
1682812800000,0.13027,0.13048,0.12972,0.13,19857.19791046,1682841599999
1682841600000,0.12906,0.13477,0.12906,0.13242,360001.48854272,1682870399999
1682870400000,0.13308,0.13308,0.1303,0.1318,93316.23933556,1682899199999
1682899200000,0.1317,0.13222,0.13054,0.13074,15483.28543171,1682927999999
1682928000000,0.13037,0.13281,0.12847,0.12898,158799.17469292,1682956799999
1682956800000,0.12836,0.12931,0.12549,0.12679,192903.19192709,1682985599999
1682985600000,0.12651,0.12651,0.12557,0.12635,15064.29036799,1683014399999
1683014400000,0.12661,0.12805,0.12622,0.1279,93151.63313224,1683043199999
1683043200000,0.12747,0.13477,0.12747,0.13336,317214.12266682,1683071999999
1683072000000,0.13102,0.14151,0.13027,0.13492,1007676.24168476,1683100799999
1683100800000,0.13636,0.1445,0.12917,0.13143,1798718.92093441,1683129599999
1683129600000,0.13192,0.13192,0.12914,0.1309,124108.02996746,1683158399999
1683158400000,0.13195,0.13195,0.13019,0.13027,133697.80082522,1683187199999
1683187200000,0.13075,0.13244,0.12978,0.13038,224323.47662844,1683215999999
1683216000000,0.13034,0.13035,0.12914,0.12914,50815.41661746,1683244799999
1683244800000,0.12988,0.13026,0.1283,0.12852,70987.2142235,1683273599999
1683273600000,0.12874,0.12937,0.12772,0.12863,89837.98723824,1683302399999
1683302400000,0.12867,0.12939,0.12788,0.1281,73014.24274494,1683331199999
1683331200000,0.12795,0.12873,0.12694,0.12694,16914.49393571,1683359999999
1683360000000,0.12631,0.12657,0.12326,0.12326,142424.77440026,1683388799999
1683388800000,0.12362,0.12492,0.1234,0.12397,92459.67889252,1683417599999
1683417600000,0.12438,0.12521,0.12379,0.12427,23903.25178628,1683446399999
1683446400000,0.1244,0.12443,0.12302,0.12345,56081.24636611,1683475199999
1683475200000,0.12332,0.12391,0.12174,0.12176,29345.22504497,1683503999999
1683504000000,0.12185,0.12186,0.11306,0.11306,76991.57090929,1683532799999
1683532800000,0.11301,0.11423,0.11276,0.11287,127535.03700446,1683561599999
1683561600000,0.1127,0.1127,0.10711,0.10772,279836.44299827,1683590399999
1683590400000,0.10931,0.10969,0.10753,0.10833,158073.71825246,1683619199999
1683619200000,0.10871,0.10996,0.10846,0.10959,135188.83065932,1683647999999
1683648000000,0.10905,0.11029,0.10905,0.10964,67650.77581039,1683676799999
1683676800000,0.10963,0.1102,0.10908,0.1102,33987.62204619,1683705599999
1683705600000,0.10975,0.11424,0.10866,0.1129,205363.9636387,1683734399999
1683734400000,0.11345,0.11362,0.10846,0.1113,267121.06219574,1683763199999
1683763200000,0.11117,0.11117,0.10957,0.1101,117106.02339246,1683791999999
1683792000000,0.10943,0.10943,0.10393,0.10414,266970.53366022,1683820799999
1683820800000,0.10436,0.10445,0.10255,0.10372,185833.62636869,1683849599999
1683849600000,0.10427,0.10427,0.10184,0.10255,22492.8610601,1683878399999
1683878400000,0.10255,0.10692,0.10255,0.10636,277750.35675156,1683907199999
1683907200000,0.1067,0.108,0.10476,0.10729,70242.9999108,1683935999999
1683936000000,0.10809,0.10809,0.10634,0.10684,7530.11201636,1683964799999
1683964800000,0.1065,0.10663,0.10547,0.10557,65551.16604715,1683993599999
1683993600000,0.10567,0.10678,0.10559,0.10678,17294.73846709,1684022399999
1684022400000,0.10585,0.10799,0.10536,0.10799,1477.48414978,1684051199999
1684051200000,0.10806,0.10933,0.10721,0.10891,40487.64363859,1684079999999
1684080000000,0.10852,0.10894,0.10731,0.10797,44305.10901529,1684108799999
1684108800000,0.10725,0.11041,0.10725,0.10965,32732.30005455,1684137599999
1684137600000,0.1098,0.11146,0.1098,0.11007,21618.70537549,1684166399999
1684166400000,0.11096,0.11097,0.11019,0.11064,37047.06879204,1684195199999
1684195200000,0.11055,0.11066,0.10933,0.10987,16746.07126117,1684223999999
1684224000000,0.10985,0.10985,0.10911,0.1095,12215.87464696,1684252799999
1684252800000,0.10909,0.11257,0.10903,0.11257,221970.77545132,1684281599999
1684281600000,0.11236,0.11397,0.11134,0.11134,158047.9321975,1684310399999
1684310400000,0.11051,0.1114,0.10989,0.10995,8003.21746874,1684339199999
1684339200000,0.1095,0.1126,0.1095,0.11154,51785.40730289,1684367999999
1684368000000,0.11143,0.11433,0.11123,0.11433,40064.23866113,1684396799999
1684396800000,0.11374,0.11385,0.11293,0.11315,49700.20447605,1684425599999
1684425600000,0.11288,0.11695,0.11146,0.11515,307046.89379022,1684454399999
1684454400000,0.11555,0.11555,0.11272,0.11401,99686.00051231,1684483199999
1684483200000,0.11323,0.11391,0.11231,0.11278,56462.63071102,1684511999999
1684512000000,0.11267,0.12522,0.11257,0.11583,1282099.99815253,1684540799999
1684540800000,0.11673,0.11862,0.11408,0.11408,162585.16735393,1684569599999
1684569600000,0.11428,0.11428,0.113,0.11428,85369.48741052,1684598399999
1684598400000,0.11383,0.11567,0.11343,0.114,139251.73396029,1684627199999
1684627200000,0.11391,0.11391,0.1125,0.1125,21079.85133957,1684655999999
1684656000000,0.1128,0.11349,0.11173,0.11286,44778.50523495,1684684799999
1684684800000,0.11149,0.11149,0.10936,0.10993,63725.32746309,1684713599999
1684713600000,0.10908,0.10908,0.10735,0.10774,31650.7747186,1684742399999
1684742400000,0.10812,0.10907,0.10745,0.10844,133376.05299599,1684771199999
1684771200000,0.10835,0.10993,0.10835,0.10963,119527.99589977,1684799999999
1684800000000,0.10941,0.11279,0.10941,0.11201,142556.9507982,1684828799999
1684828800000,0.11127,0.11176,0.11044,0.11125,26363.22832949,1684857599999
1684857600000,0.11096,0.11215,0.11096,0.11215,3389.20635932,1684886399999
1684886400000,0.11192,0.11238,0.10917,0.10917,28237.15786432,1684915199999
1684915200000,0.10912,0.10935,0.10758,0.10819,20881.70820717,1684943999999
1684944000000,0.10828,0.11165,0.1076,0.11165,122499.38186921,1684972799999
1684972800000,0.11055,0.11523,0.11017,0.11315,505913.98674465,1685001599999
1685001600000,0.11315,0.11971,0.1125,0.11419,1421777.95202569,1685030399999
1685030400000,0.1149,0.1192,0.11468,0.11541,572508.31508199,1685059199999
1685059200000,0.11538,0.11844,0.11474,0.11499,266090.78021248,1685087999999
1685088000000,0.11596,0.11636,0.11336,0.11511,128999.37886686,1685116799999
1685116800000,0.11491,0.11668,0.1139,0.11527,63101.42764137,1685145599999
1685145600000,0.11603,0.11612,0.11403,0.11426,74088.34893588,1685174399999
1685174400000,0.11362,0.11458,0.11314,0.11314,14003.66053023,1685203199999
1685203200000,0.11308,0.11422,0.11307,0.1142,11466.41812921,1685231999999
1685232000000,0.11378,0.11568,0.11366,0.1154,97537.19926501,1685260799999
1685260800000,0.11494,0.11591,0.11434,0.11473,194880.40153769,1685289599999
1685289600000,0.11563,0.11892,0.11563,0.11772,33250.2745235,1685318399999
1685318400000,0.11775,0.12127,0.11716,0.1207,150887.70699976,1685347199999
1685347200000,0.12098,0.12266,0.11997,0.12078,310802.20270561,1685375999999
1685376000000,0.11991,0.12108,0.11862,0.12042,340835.23790193,1685404799999
1685404800000,0.12077,0.12442,0.12009,0.12442,95343.73358759,1685433599999
1685433600000,0.12363,0.13556,0.12294,0.13349,2202491.00300933,1685462399999
1685462400000,0.13288,0.13433,0.13044,0.13138,1185816.75281672,1685491199999
1685491200000,0.13287,0.1358,0.12339,0.12614,847618.11619013,1685519999999
1685520000000,0.12575,0.126,0.11879,0.11969,312720.8103772,1685548799999
1685548800000,0.11942,0.12099,0.11844,0.12066,297893.43133882,1685577599999
1685577600000,0.12056,0.12071,0.11715,0.11759,86919.88215748,1685606399999
1685606400000,0.11695,0.11922,0.11678,0.11808,109583.23710112,1685635199999
1685635200000,0.11784,0.124,0.11767,0.12049,582244.99798036,1685663999999
1685664000000,0.12093,0.12273,0.12068,0.12217,86880.00164202,1685692799999
1685692800000,0.12291,0.12858,0.12267,0.12602,870456.14055116,1685721599999
1685721600000,0.12583,0.1289,0.12531,0.126,234388.90431568,1685750399999
1685750400000,0.1262,0.1262,0.12223,0.12291,59366.9338766,1685779199999
1685779200000,0.12319,0.12348,0.12214,0.12348,56360.99724558,1685807999999
1685808000000,0.12309,0.1233,0.12095,0.12109,32721.80087608,1685836799999
1685836800000,0.12112,0.1215,0.12075,0.12131,26826.97527326,1685865599999
1685865600000,0.12144,0.12264,0.12001,0.12001,77882.57712914,1685894399999
1685894400000,0.12016,0.12135,0.11977,0.12068,218161.14631699,1685923199999
1685923200000,0.12,0.12,0.11785,0.11808,6432.98114203,1685951999999
1685952000000,0.11783,0.11886,0.10766,0.10905,390547.69064207,1685980799999
1685980800000,0.10803,0.11018,0.10596,0.10908,1073432.22555576,1686009599999
1686009600000,0.10824,0.10884,0.10773,0.10864,28425.83647492,1686038399999
1686038400000,0.10872,0.10877,0.10324,0.1075,207666.30207204,1686067199999
1686067200000,0.108,0.11163,0.10798,0.11034,381581.41034385,1686095999999
1686096000000,0.10957,0.10957,0.10694,0.10713,232174.16200038,1686124799999
1686124800000,0.10714,0.1074,0.10271,0.10316,181983.85441247,1686153599999
1686153600000,0.10324,0.10364,0.10188,0.10238,159336.41565782,1686182399999
1686182400000,0.10245,0.10258,0.1,0.10123,180533.66970238,1686211199999
1686211200000,0.10108,0.10219,0.10056,0.10162,40312.74586707,1686239999999
1686240000000,0.10163,0.104,0.10123,0.10269,41566.56649948,1686268799999
1686268800000,0.1032,0.10333,0.10212,0.10306,99594.81570273,1686297599999
1686297600000,0.10315,0.10788,0.10302,0.10447,337851.9001121,1686326399999
1686326400000,0.10453,0.10527,0.10329,0.10429,136449.70271026,1686355199999
1686355200000,0.10378,0.10378,0.088396,0.091804,238430.42479408,1686383999999
1686384000000,0.091999,0.093476,0.09015,0.090559,539484.38075321,1686412799999
1686412800000,0.090423,0.093126,0.08993,0.09162,33114.69873024,1686441599999
1686441600000,0.09142,0.09181,0.091044,0.091741,4006.69462244,1686470399999
1686470400000,0.092098,0.093246,0.089278,0.089278,85750.1485569,1686499199999
1686499200000,0.090139,0.09146,0.0896,0.0896,49275.26302129,1686527999999
1686528000000,0.091047,0.091047,0.086367,0.086592,58895.62067044,1686556799999
1686556800000,0.086717,0.089188,0.086334,0.08793,27125.65552792,1686585599999
1686585600000,0.08808,0.08808,0.086272,0.08799,29290.5198074,1686614399999
1686614400000,0.088445,0.088734,0.08757,0.088391,67906.02032043,1686643199999
1686643200000,0.088663,0.08977,0.08783,0.08783,121768.20020444,1686671999999
1686672000000,0.08705,0.09003,0.08705,0.08938,251457.00695939,1686700799999
1686700800000,0.090968,0.09185,0.09002,0.0905,282843.50526679,1686729599999
1686729600000,0.090399,0.098733,0.090399,0.0958,2675070.91293917,1686758399999
1686758400000,0.096214,0.1015,0.091616,0.094999,2837298.0570053,1686787199999
1686787200000,0.094756,0.094756,0.089716,0.090137,311980.27350054,1686815999999
1686816000000,0.089919,0.090144,0.087965,0.087969,334160.82962428,1686844799999
1686844800000,0.087959,0.09072,0.087319,0.08992,126465.74076949,1686873599999
1686873600000,0.089596,0.090541,0.089447,0.090541,141152.42092237,1686902399999
1686902400000,0.090571,0.091394,0.08858,0.08946,195876.53803358,1686931199999
1686931200000,0.08956,0.091108,0.08956,0.08983,96994.4925932,1686959999999
1686960000000,0.089594,0.094205,0.089591,0.092887,93515.52060427,1686988799999
1686988800000,0.093499,0.0942,0.092732,0.09293,121780.84159719,1687017599999
1687017600000,0.092157,0.09226,0.091345,0.09192,56582.25267804,1687046399999
1687046400000,0.091,0.093541,0.091,0.093541,284992.85473773,1687075199999
1687075200000,0.092716,0.095651,0.092162,0.094173,217229.94792064,1687103999999
1687104000000,0.093592,0.0943,0.09093,0.090976,111187.94058092,1687132799999
1687132800000,0.09052,0.092312,0.09045,0.092312,11937.93234838,1687161599999
1687161600000,0.092164,0.09393,0.09188,0.09188,125601.46632793,1687190399999
1687190400000,0.09169,0.092919,0.091183,0.092449,100418.52214218,1687219199999
1687219200000,0.093,0.093,0.091679,0.09178,37154.45920584,1687247999999
1687248000000,0.091561,0.092022,0.09056,0.09133,109274.31219428,1687276799999
1687276800000,0.091827,0.095,0.09133,0.09458,53751.6027034,1687305599999
1687305600000,0.095389,0.096543,0.094976,0.095492,34451.88027588,1687334399999
1687334400000,0.0954,0.09544,0.094039,0.095109,142386.10180858,1687363199999
1687363200000,0.095929,0.097946,0.094877,0.09729,249657.73125825,1687391999999
1687392000000,0.097188,0.099437,0.097188,0.098042,196641.79535593,1687420799999
1687420800000,0.098218,0.09867,0.09532,0.096224,208371.09092139,1687449599999
1687449600000,0.09647,0.09647,0.09464,0.09464,118218.30837375,1687478399999
1687478400000,0.094424,0.096648,0.094424,0.095628,35183.90899811,1687507199999
1687507200000,0.09692,0.09924,0.094833,0.09924,129273.71350281,1687535999999
1687536000000,0.09905,0.10034,0.09839,0.099299,284517.47255821,1687564799999
1687564800000,0.09932,0.10111,0.098951,0.09913,294973.59956802,1687593599999
1687593600000,0.099748,0.099932,0.094415,0.094822,354348.22589866,1687622399999
1687622400000,0.09498,0.0993,0.094864,0.097452,153075.82866579,1687651199999
1687651200000,0.098155,0.10073,0.098155,0.099882,41070.20054846,1687679999999
1687680000000,0.099975,0.10069,0.09784,0.098184,226897.44983952,1687708799999
1687708800000,0.098144,0.098605,0.09692,0.09734,164240.60463373,1687737599999
1687737600000,0.096337,0.096337,0.094497,0.095939,17594.31828917,1687766399999
1687766400000,0.095819,0.096384,0.094509,0.09525,176823.01112676,1687795199999
1687795200000,0.095644,0.095644,0.091622,0.092482,425862.94369807,1687823999999
1687824000000,0.092859,0.093903,0.092786,0.0928,85124.19635854,1687852799999
1687852800000,0.09303,0.09812,0.09303,0.096489,658538.79584992,1687881599999
1687881600000,0.095867,0.10093,0.095437,0.09741,1440684.32606458,1687910399999
1687910400000,0.098275,0.098918,0.095132,0.095132,249016.03066728,1687939199999
1687939200000,0.095326,0.095326,0.093611,0.09379,78193.95382104,1687967999999
1687968000000,0.094839,0.09484,0.090805,0.092,534300.52211538,1687996799999
1687996800000,0.092189,0.09496,0.09181,0.09483,92509.33213214,1688025599999
1688025600000,0.095429,0.09597,0.09445,0.09445,35463.19215926,1688054399999
1688054400000,0.09484,0.09485,0.092589,0.094104,103102.55876538,1688083199999
1688083200000,0.094837,0.097563,0.0945,0.094639,691023.96951688,1688111999999
1688112000000,0.095904,0.097076,0.091872,0.092413,430153.88421174,1688140799999
1688140800000,0.092585,0.096816,0.092585,0.09541,132696.9940111,1688169599999
1688169600000,0.095402,0.095402,0.093809,0.095138,186205.46239168,1688198399999
1688198400000,0.095293,0.09593,0.094523,0.0952,202552.00209755,1688227199999
1688227200000,0.09514,0.09592,0.09514,0.095827,71530.55848145,1688255999999
1688256000000,0.09525,0.09525,0.09405,0.094352,123423.89570278,1688284799999
1688284800000,0.094613,0.09661,0.093289,0.094352,215869.22116463,1688313599999
1688313600000,0.09417,0.09483,0.093382,0.09483,74039.98354022,1688342399999
1688342400000,0.0947,0.096168,0.09467,0.09599,117564.93045774,1688371199999
1688371200000,0.095712,0.10219,0.095712,0.10048,1615128.89478856,1688399999999
1688400000000,0.10041,0.10253,0.09994,0.1005,483638.48794564,1688428799999
1688428800000,0.1,0.10069,0.098675,0.099759,168723.73058684,1688457599999
1688457600000,0.099304,0.10185,0.09911,0.09976,269448.45303644,1688486399999
1688486400000,0.099198,0.10029,0.097952,0.099676,217307.9739908,1688515199999
1688515200000,0.098756,0.099051,0.098354,0.098717,99447.69097253,1688543999999
1688544000000,0.098345,0.098345,0.09492,0.09511,46407.62011941,1688572799999
1688572800000,0.09498,0.09636,0.09493,0.095753,87107.94515111,1688601599999
1688601600000,0.09561,0.09725,0.09561,0.09725,38371.20640485,1688630399999
1688630400000,0.09705,0.098002,0.094165,0.09506,79057.83976849,1688659199999
1688659200000,0.095751,0.095986,0.093891,0.093891,139983.18103718,1688687999999
1688688000000,0.093474,0.094639,0.093183,0.094639,27868.52700392,1688716799999
1688716800000,0.093251,0.095791,0.093251,0.09336,262963.09083514,1688745599999
1688745600000,0.09373,0.094056,0.093,0.09301,96241.23416515,1688774399999
1688774400000,0.09334,0.094469,0.09334,0.09344,80788.69574797,1688803199999
1688803200000,0.093557,0.093557,0.092096,0.092878,329429.59668802,1688831999999
1688832000000,0.09301,0.093177,0.091833,0.09277,91026.82044071,1688860799999
1688860800000,0.09313,0.09381,0.0931,0.09381,111216.00610141,1688889599999
1688889600000,0.093598,0.10694,0.093519,0.098307,3629993.87800991,1688918399999
1688918400000,0.09786,0.10233,0.097199,0.098744,3567161.85658839,1688947199999
1688947200000,0.098698,0.098698,0.094,0.094,815571.95017541,1688975999999
1688976000000,0.093883,0.094287,0.092521,0.092726,790661.96013831,1689004799999
1689004800000,0.092569,0.095289,0.092569,0.093348,459368.13103119,1689033599999
1689033600000,0.093492,0.09399,0.093029,0.093865,103761.97706354,1689062399999
1689062400000,0.093505,0.09378,0.09221,0.09272,130271.13258593,1689091199999
1689091200000,0.092545,0.093204,0.091588,0.092553,329769.84920151,1689119999999
1689120000000,0.092121,0.092699,0.09175,0.09251,16279.74690239,1689148799999
1689148800000,0.092,0.092908,0.091782,0.09179,170980.26768716,1689177599999
1689177600000,0.0915,0.097158,0.090653,0.093111,1081798.93141486,1689206399999
1689206400000,0.093693,0.095228,0.092521,0.093521,262020.37771574,1689235199999
1689235200000,0.09371,0.095,0.093361,0.094661,131561.19019835,1689263999999
1689264000000,0.094444,0.097312,0.094444,0.0966,301886.76775712,1689292799999
1689292800000,0.096732,0.09748,0.095749,0.096155,128277.72523727,1689321599999
1689321600000,0.09612,0.096789,0.09553,0.09649,133950.33939715,1689350399999
1689350400000,0.09691,0.096948,0.0935,0.09449,49220.32977846,1689379199999
1689379200000,0.09484,0.09484,0.09402,0.094538,2656.16985692,1689407999999
1689408000000,0.09453,0.09498,0.093833,0.093833,96962.71974248,1689436799999
1689436800000,0.093593,0.09484,0.09354,0.09445,42056.00889931,1689465599999
1689465600000,0.094105,0.094105,0.09315,0.09367,14368.60959216,1689494399999
1689494400000,0.09383,0.09383,0.092221,0.092801,87058.92695814,1689523199999
1689523200000,0.092608,0.09289,0.0911,0.0911,44734.48595117,1689551999999
1689552000000,0.0918,0.092256,0.0914,0.0914,30490.89209496,1689580799999
1689580800000,0.09143,0.09208,0.090732,0.09129,40401.82312817,1689609599999
1689609600000,0.09139,0.09157,0.09027,0.09157,71730.46124154,1689638399999
1689638400000,0.09133,0.09173,0.09063,0.090921,27420.66662763,1689667199999
1689667200000,0.09118,0.09131,0.090103,0.090103,69344.41082647,1689695999999
1689696000000,0.090227,0.091688,0.090227,0.091278,122591.56955992,1689724799999
1689724800000,0.091428,0.09239,0.091426,0.091788,76524.96125779,1689753599999
1689753600000,0.09118,0.091274,0.090468,0.090848,76532.7814522,1689782399999
1689782400000,0.090392,0.091468,0.09035,0.091468,39016.57726119,1689811199999
1689811200000,0.0912,0.092282,0.09078,0.092277,41412.76013153,1689839999999
1689840000000,0.092142,0.093437,0.09171,0.092002,101749.80588821,1689868799999
1689868800000,0.09165,0.093,0.09128,0.092668,114097.45754596,1689897599999
1689897600000,0.09243,0.093,0.0924,0.092448,61614.69915092,1689926399999
1689926400000,0.092198,0.09227,0.091473,0.09198,79785.89963929,1689955199999
1689955200000,0.09199,0.093899,0.091743,0.0925,163671.12566363,1689983999999
1689984000000,0.092969,0.092969,0.09189,0.09189,43972.54187012,1690012799999
1690012800000,0.091765,0.09204,0.090867,0.09101,194735.18154053,1690041599999
1690041600000,0.091179,0.091997,0.089811,0.089852,184254.36256538,1690070399999
1690070400000,0.089792,0.090756,0.089792,0.090268,39904.3716806,1690099199999
1690099200000,0.090323,0.090979,0.089923,0.090799,50240.95332195,1690127999999
1690128000000,0.09117,0.09154,0.091003,0.09124,24577.8727638,1690156799999
1690156800000,0.09102,0.091357,0.09027,0.09052,17355.90497726,1690185599999
1690185600000,0.090863,0.090863,0.08583,0.08655,141719.47934048,1690214399999
1690214400000,0.086658,0.087,0.085891,0.086509,84117.57674216,1690243199999
1690243200000,0.08629,0.086426,0.085363,0.085603,83918.85079443,1690271999999
1690272000000,0.086174,0.091641,0.08594,0.090364,658305.42522719,1690300799999
1690300800000,0.090163,0.090347,0.088496,0.088682,84404.93515751,1690329599999
1690329600000,0.088572,0.088656,0.087608,0.087792,100138.90387841,1690358399999
1690358400000,0.08796,0.089902,0.087652,0.089678,218440.02227445,1690387199999
1690387200000,0.08919,0.08959,0.088614,0.089246,28958.3209913,1690415999999
1690416000000,0.089294,0.091419,0.08916,0.09097,186489.08204395,1690444799999
1690444800000,0.09117,0.091883,0.090364,0.090387,527801.94933406,1690473599999
1690473600000,0.09027,0.090949,0.089916,0.090301,60498.66444202,1690502399999
1690502400000,0.090371,0.090739,0.089849,0.08985,7799.91046597,1690531199999
1690531200000,0.089461,0.09055,0.089262,0.090232,74313.49207161,1690559999999
1690560000000,0.090166,0.0903,0.089418,0.0903,9153.23202134,1690588799999
1690588800000,0.09049,0.091064,0.09009,0.090231,5844.71326879,1690617599999
1690617600000,0.090579,0.09058,0.08947,0.089652,88886.59192519,1690646399999
1690646400000,0.089918,0.09001,0.08951,0.089932,42074.17851478,1690675199999
1690675200000,0.089581,0.089585,0.088613,0.088673,38911.15205749,1690703999999
1690704000000,0.0885,0.0885,0.08762,0.088,63849.06128109,1690732799999
1690732800000,0.08816,0.088499,0.08589,0.087084,157230.61359093,1690761599999
1690761600000,0.08728,0.08728,0.086523,0.08714,32207.1858575,1690790399999
1690790400000,0.08694,0.088496,0.08589,0.08589,174368.05351402,1690819199999
1690819200000,0.08565,0.089502,0.085011,0.08691,784134.60633288,1690847999999
1690848000000,0.086849,0.086849,0.085442,0.086408,42687.56870658,1690876799999
1690876800000,0.086667,0.086699,0.08579,0.08605,65368.59182524,1690905599999
1690905600000,0.086593,0.08735,0.08622,0.08707,73206.6463086,1690934399999
1690934400000,0.087823,0.08795,0.087234,0.087354,89350.54286309,1690963199999
1690963200000,0.087537,0.08756,0.085001,0.085497,162260.64977479,1690991999999
1690992000000,0.085559,0.085713,0.084781,0.085713,153987.67293685,1691020799999
1691020800000,0.085301,0.085301,0.084522,0.084574,66476.59989227,1691049599999
1691049600000,0.08486,0.084896,0.084085,0.084838,17328.39938979,1691078399999
1691078400000,0.08484,0.085267,0.084,0.08408,49792.78794859,1691107199999
1691107200000,0.08489,0.084907,0.084343,0.084618,20749.77260584,1691135999999
1691136000000,0.08478,0.085016,0.08353,0.08382,89181.4845582,1691164799999
1691164800000,0.085072,0.085937,0.08385,0.08433,188051.77300847,1691193599999
1691193600000,0.084427,0.084427,0.08331,0.083687,8038.92287735,1691222399999
1691222400000,0.083707,0.083717,0.08256,0.083477,24945.1797366,1691251199999
1691251200000,0.08309,0.08358,0.083009,0.08358,49916.03099654,1691279999999
1691280000000,0.083536,0.08457,0.083536,0.08457,68011.27919975,1691308799999
1691308800000,0.08439,0.085369,0.08275,0.08343,184438.54576231,1691337599999
1691337600000,0.083102,0.083649,0.082136,0.082611,66259.54612573,1691366399999
1691366400000,0.082857,0.082857,0.082511,0.082511,11246.37686371,1691395199999
1691395200000,0.082867,0.0839,0.08232,0.08232,18726.24897329,1691423999999
1691424000000,0.0818,0.083119,0.080823,0.08303,70477.06868551,1691452799999
1691452800000,0.08291,0.084565,0.08291,0.084212,60212.82546484,1691481599999
1691481600000,0.084389,0.087051,0.084389,0.08608,668854.96253677,1691510399999
1691510400000,0.086062,0.08643,0.085059,0.085059,163030.31015515,1691539199999
1691539200000,0.08541,0.086455,0.08527,0.08626,130059.13185271,1691567999999
1691568000000,0.08611,0.08691,0.0855,0.08675,261077.05511269,1691596799999
1691596800000,0.086571,0.086989,0.08501,0.085469,386383.62528089,1691625599999
1691625600000,0.085462,0.085462,0.084172,0.084172,96437.62160264,1691654399999
1691654400000,0.08412,0.084762,0.083761,0.084583,111681.1993118,1691683199999
1691683200000,0.084172,0.084663,0.08403,0.084285,59224.49743926,1691711999999
1691712000000,0.084047,0.084209,0.083434,0.084209,43246.63348431,1691740799999
1691740800000,0.084209,0.084209,0.083229,0.083557,27336.01895305,1691769599999
1691769600000,0.08339,0.083459,0.082834,0.083341,56586.32844265,1691798399999
1691798400000,0.08338,0.08338,0.083209,0.083281,6621.44428972,1691827199999
1691827200000,0.083342,0.083353,0.082813,0.083042,42054.27255078,1691855999999
1691856000000,0.08306,0.083647,0.0829,0.08358,60393.35045951,1691884799999
1691884800000,0.083458,0.083458,0.08317,0.08317,8697.9637261,1691913599999
1691913600000,0.08337,0.084582,0.08337,0.083852,395514.1000366,1691942399999
1691942400000,0.0838,0.08664,0.083387,0.08559,354711.57708237,1691971199999
1691971200000,0.085601,0.08588,0.085181,0.085757,71685.87283637,1691999999999
1692000000000,0.085901,0.11978,0.085901,0.11365,2.508822941061844E7,1692028799999
1692028800000,0.11285,0.11457,0.098031,0.10429,1.630753551639491E7,1692057599999
1692057600000,0.10392,0.11223,0.0959,0.097926,1.07241999568777E7,1692086399999
1692086400000,0.09789,0.09789,0.090662,0.091894,6090416.66447821,1692115199999
1692115200000,0.092139,0.093319,0.087231,0.088568,2802822.13473713,1692143999999
1692144000000,0.088181,0.088533,0.086,0.086151,965366.66956883,1692172799999
1692172800000,0.08602,0.086347,0.08333,0.083678,1253077.73299435,1692201599999
1692201600000,0.083907,0.08662,0.081691,0.082515,1126241.06477394,1692230399999
1692230400000,0.081828,0.081828,0.079273,0.081347,718668.31524521,1692259199999
1692259200000,0.081343,0.081592,0.08,0.08,280774.72299533,1692287999999
1692288000000,0.08,0.081179,0.075,0.075409,992833.48248396,1692316799999
1692316800000,0.075417,0.076558,0.075183,0.07655,361306.44563149,1692345599999
1692345600000,0.0766,0.07929,0.075845,0.0762,815435.63117679,1692374399999
1692374400000,0.07626,0.080788,0.076014,0.079199,454945.44568706,1692403199999
1692403200000,0.078819,0.084234,0.078051,0.082414,921298.07673916,1692431999999
1692432000000,0.082183,0.084375,0.077223,0.077872,1317204.33734144,1692460799999
1692460800000,0.077946,0.07923,0.077411,0.078071,779193.19502831,1692489599999
1692489600000,0.078742,0.078742,0.077143,0.077514,316500.31529648,1692518399999
1692518400000,0.077829,0.089604,0.077653,0.085607,3456862.46342869,1692547199999
1692547200000,0.085267,0.087364,0.081093,0.081486,2456913.7991506,1692575999999
1692576000000,0.08115,0.08689,0.080495,0.082879,1264444.44133023,1692604799999
1692604800000,0.083446,0.089564,0.078001,0.07849,5192714.38442674,1692633599999
1692633600000,0.078527,0.079621,0.078212,0.078828,1352739.08644565,1692662399999
1692662400000,0.078481,0.08081,0.078043,0.079443,698433.09403303,1692691199999
1692691200000,0.079396,0.081963,0.079149,0.07985,1313280.6677966,1692719999999
1692720000000,0.079599,0.079599,0.075177,0.078603,1065383.92861801,1692748799999
1692748800000,0.078976,0.079364,0.077746,0.078954,167783.30533046,1692777599999
1692777600000,0.07886,0.079801,0.078253,0.078493,637250.66330407,1692806399999
1692806400000,0.078314,0.080351,0.078314,0.078787,717784.56227945,1692835199999
1692835200000,0.078905,0.079653,0.07809,0.07923,111820.90750821,1692863999999
1692864000000,0.078972,0.07948,0.0775,0.078,315870.31286354,1692892799999
1692892800000,0.078001,0.078794,0.075812,0.076828,1855261.65117472,1692921599999
1692921600000,0.076522,0.076523,0.074505,0.075618,489013.23097995,1692950399999
1692950400000,0.075313,0.075313,0.074464,0.075,215174.85227822,1692979199999
1692979200000,0.074893,0.076363,0.074596,0.075651,137173.34811439,1693007999999
1693008000000,0.076674,0.077711,0.076371,0.07721,168911.13131487,1693036799999
1693036800000,0.077506,0.077653,0.075665,0.075665,206767.14349162,1693065599999
1693065600000,0.075591,0.077422,0.075334,0.076433,278733.4935843,1693094399999
1693094400000,0.076478,0.076484,0.075554,0.076,165405.18599441,1693123199999
1693123200000,0.076143,0.076143,0.074944,0.075575,233581.45522807,1693151999999
1693152000000,0.075916,0.076669,0.075416,0.076669,49579.24316295,1693180799999
1693180800000,0.075465,0.075465,0.074019,0.074019,26681.91211572,1693209599999
1693209600000,0.074227,0.075431,0.074227,0.075173,104554.19554082,1693238399999
1693238400000,0.075435,0.083898,0.074885,0.076905,3082289.85182969,1693267199999
1693267200000,0.0769,0.081995,0.076082,0.080406,1739519.19247513,1693295999999
1693296000000,0.080119,0.080645,0.07501,0.076886,1375000.21022372,1693324799999
1693324800000,0.077091,0.078635,0.076782,0.077127,181822.42787477,1693353599999
1693353600000,0.0774,0.078065,0.077166,0.078064,85174.01311054,1693382399999
1693382400000,0.078401,0.08,0.075938,0.076271,305881.30704588,1693411199999
1693411200000,0.076307,0.076753,0.076108,0.076489,67532.55752619,1693439999999
1693440000000,0.0765,0.077323,0.076137,0.077323,19443.51009757,1693468799999
1693468800000,0.07735,0.07954,0.076359,0.077141,385592.47111821,1693497599999
1693497600000,0.076895,0.077213,0.07447,0.074647,487779.78855201,1693526399999
1693526400000,0.074491,0.075285,0.074491,0.074496,20836.8449705,1693555199999
1693555200000,0.074632,0.083,0.0742,0.078963,5905551.45097302,1693583999999
1693584000000,0.079,0.087999,0.078597,0.081373,1.218410410470497E7,1693612799999
1693612800000,0.081212,0.08496,0.079312,0.081693,5668480.06476513,1693641599999
1693641600000,0.08149,0.11382,0.08149,0.086246,5.222135604315251E7,1693670399999
1693670400000,0.087091,0.093297,0.083563,0.084766,1.304342289839297E7,1693699199999
1693699200000,0.084641,0.085237,0.08068,0.080802,3078018.30046617,1693727999999
1693728000000,0.081094,0.0869,0.080262,0.085822,7224987.61454156,1693756799999
1693756800000,0.085822,0.08629,0.082,0.082273,2401434.69838398,1693785599999
1693785600000,0.082258,0.084981,0.081744,0.082029,1589944.07169538,1693814399999
1693814400000,0.082114,0.082206,0.08,0.081052,4759077.48095376,1693843199999
1693843200000,0.081052,0.083102,0.080222,0.081204,1510977.09051851,1693871999999
1693872000000,0.081173,0.083801,0.080195,0.081709,697070.07781607,1693900799999
1693900800000,0.081778,0.083666,0.081496,0.082708,1904839.40911367,1693929599999
1693929600000,0.082349,0.085348,0.081775,0.084517,1925841.88312176,1693958399999
1693958400000,0.084375,0.086,0.082105,0.084883,1075381.25360901,1693987199999
1693987200000,0.084993,0.086,0.082464,0.083824,2885694.60792798,1694015999999
1694016000000,0.083787,0.085703,0.082006,0.085006,1341867.60921621,1694044799999
1694044800000,0.084911,0.084911,0.08362,0.0845,295680.7429772,1694073599999
1694073600000,0.084366,0.092999,0.083989,0.087125,7318003.7187467,1694102399999
1694102400000,0.087124,0.09,0.086717,0.088166,4560093.67748038,1694131199999
1694131200000,0.08836,0.09,0.087598,0.088992,1656366.59845932,1694159999999
1694160000000,0.089206,0.090599,0.086,0.088655,2617597.60524386,1694188799999
1694188800000,0.088628,0.088628,0.086277,0.087307,988952.72878337,1694217599999
1694217600000,0.087211,0.088656,0.086,0.088656,962653.38441755,1694246399999
1694246400000,0.087479,0.088638,0.086401,0.086723,1013465.18158693,1694275199999
1694275200000,0.086715,0.088281,0.085167,0.087761,1430388.20184544,1694303999999
1694304000000,0.087474,0.087797,0.084554,0.085655,534922.96740813,1694332799999
1694332800000,0.085582,0.085583,0.083569,0.083942,1066532.65754259,1694361599999
1694361600000,0.084262,0.084291,0.083,0.083156,518640.99639307,1694390399999
1694390400000,0.083308,0.083352,0.082,0.082413,784155.2577734,1694419199999
1694419200000,0.082538,0.083294,0.080028,0.080234,1496598.15344997,1694447999999
1694448000000,0.080372,0.081953,0.07998,0.081153,884515.12468418,1694476799999
1694476800000,0.081172,0.10179,0.081172,0.091532,8456212.03913971,1694505599999
1694505600000,0.091358,0.0935,0.084787,0.088497,9871716.1182807,1694534399999
1694534400000,0.088214,0.089999,0.08551,0.088373,3581995.75553833,1694563199999
1694563200000,0.087575,0.091193,0.084283,0.085972,1909098.35338085,1694591999999
1694592000000,0.085938,0.086783,0.085,0.086119,1813365.51139833,1694620799999
1694620800000,0.086237,0.08698,0.085403,0.0866,1146064.13626272,1694649599999
1694649600000,0.086635,0.088286,0.0855,0.086669,687488.07039409,1694678399999
1694678400000,0.086691,0.089276,0.085844,0.087939,1707325.68328862,1694707199999
1694707200000,0.087883,0.088446,0.08773,0.087784,467398.64507699,1694735999999
1694736000000,0.088113,0.089639,0.08689,0.087132,922513.90218138,1694764799999
1694764800000,0.086891,0.089352,0.0868,0.087736,1046821.26243135,1694793599999
1694793600000,0.087582,0.0895,0.087431,0.089093,784377.47886775,1694822399999
1694822400000,0.088884,0.090991,0.087612,0.090911,1214074.48577586,1694851199999
1694851200000,0.090982,0.091998,0.088825,0.089648,1405754.21228075,1694879999999
1694880000000,0.089648,0.091572,0.088649,0.090587,1454896.93880291,1694908799999
1694908800000,0.090587,0.091061,0.088632,0.089176,869143.10177886,1694937599999
1694937600000,0.088957,0.090591,0.088639,0.090474,1213919.5915435,1694966399999
1694966400000,0.090466,0.090466,0.088,0.088572,1911929.28385319,1694995199999
1694995200000,0.088473,0.089718,0.088,0.08944,523206.60434745,1695023999999
1695024000000,0.08957,0.09092,0.088508,0.089378,1772898.80419507,1695052799999
1695052800000,0.089411,0.090067,0.0881,0.088852,1160302.13152305,1695081599999
1695081600000,0.0887,0.089069,0.08749,0.088619,690428.24590355,1695110399999
1695110400000,0.088642,0.09,0.088123,0.089498,1487583.56716061,1695139199999
1695139200000,0.089292,0.091163,0.089001,0.090321,1806342.55712228,1695167999999
1695168000000,0.090311,0.0905,0.08901,0.09,1284200.77517276,1695196799999
1695196800000,0.090093,0.090499,0.088501,0.088998,1524343.59933889,1695225599999
1695225600000,0.088683,0.089951,0.088002,0.08946,1024187.09203046,1695254399999
1695254400000,0.089541,0.091,0.088,0.0885,1514729.37287391,1695283199999
1695283200000,0.088751,0.0893,0.0878,0.088588,1514841.7655497,1695311999999
1695312000000,0.088579,0.0893,0.087801,0.088723,1702691.72899127,1695340799999
1695340800000,0.088435,0.08946,0.08781,0.08897,824495.17798405,1695369599999
1695369600000,0.089263,0.09058,0.088345,0.090033,1448080.60124851,1695398399999
1695398400000,0.090023,0.09058,0.089552,0.09058,826898.76434316,1695427199999
1695427200000,0.09058,0.090699,0.0896,0.090408,323617.65220261,1695455999999
1695456000000,0.090032,0.090894,0.089086,0.089366,1027248.66821655,1695484799999
1695484800000,0.089292,0.090798,0.088906,0.090163,655117.32796558,1695513599999
1695513600000,0.089805,0.090349,0.089231,0.089517,303676.02180251,1695542399999
1695542400000,0.089517,0.091811,0.089063,0.090614,1517136.30433545,1695571199999
1695571200000,0.090617,0.092,0.0893,0.089389,771981.4562077,1695599999999
1695600000000,0.08975,0.093016,0.089301,0.092299,1670326.52731863,1695628799999
1695628800000,0.0923,0.10599,0.091517,0.098089,1.487467372885447E7,1695657599999
1695657600000,0.098325,0.11282,0.096494,0.098839,2.453316902509369E7,1695686399999
1695686400000,0.099142,0.10498,0.09551,0.1036,4821001.74913063,1695715199999
1695715200000,0.10455,0.10765,0.099,0.099763,7631192.9290806,1695743999999
1695744000000,0.09954,0.10419,0.099056,0.10399,3320848.84347653,1695772799999
1695772800000,0.10376,0.106,0.099733,0.10029,2440329.91699815,1695801599999
1695801600000,0.10042,0.10428,0.099961,0.10271,2981737.48850243,1695830399999
1695830400000,0.10176,0.10451,0.10094,0.10284,2378496.53451116,1695859199999
1695859200000,0.10306,0.10327,0.10062,0.10243,698295.7910611,1695887999999
1695888000000,0.10246,0.104,0.10001,0.1014,2191825.23360385,1695916799999
1695916800000,0.10146,0.1024,0.1006,0.10177,868619.72315816,1695945599999
1695945600000,0.10196,0.10196,0.10042,0.10161,1085170.47325821,1695974399999
1695974400000,0.10159,0.10167,0.0995,0.10118,1364819.74164913,1696003199999
1696003200000,0.10119,0.10197,0.10043,0.10157,313255.78108382,1696031999999
1696032000000,0.10157,0.10198,0.10066,0.10116,297931.45922207,1696060799999
1696060800000,0.10122,0.10232,0.1007,0.10148,1054405.35098334,1696089599999
1696089600000,0.10148,0.105,0.1005,0.10075,4312665.40335578,1696118399999
1696118400000,0.101,0.10281,0.1005,0.10236,429683.59257639,1696147199999
1696147200000,0.10262,0.10338,0.10126,0.10155,892245.48987707,1696175999999
1696176000000,0.10143,0.10375,0.10089,0.10335,658092.53257615,1696204799999
1696204800000,0.10336,0.10336,0.10245,0.10282,910207.45213127,1696233599999
1696233600000,0.10298,0.10534,0.10213,0.1023,1626929.42546845,1696262399999
1696262400000,0.1023,0.105,0.1015,0.10349,2242170.0007748,1696291199999
1696291200000,0.10312,0.10488,0.10178,0.10217,999788.79450579,1696319999999
1696320000000,0.10194,0.10373,0.1015,0.10153,820445.08921779,1696348799999
1696348800000,0.10236,0.1035,0.10152,0.1028,985780.34672764,1696377599999
1696377600000,0.10205,0.1022,0.094773,0.099749,5144593.26875603,1696406399999
1696406400000,0.099825,0.10136,0.09506,0.095363,3957357.57496159,1696435199999
1696435200000,0.095386,0.097,0.095,0.096365,914449.99442349,1696463999999
1696464000000,0.096091,0.096429,0.090021,0.090683,3259915.75378951,1696492799999
1696492800000,0.0904,0.096099,0.0904,0.091585,5491964.59542637,1696521599999
1696521600000,0.091272,0.09188,0.08791,0.090216,6939870.52627347,1696550399999
1696550400000,0.090196,0.092157,0.089301,0.091902,980254.70556858,1696579199999
1696579200000,0.09178,0.094451,0.0915,0.092196,3294749.30615742,1696607999999
1696608000000,0.092091,0.092847,0.091608,0.0918,519812.60512108,1696636799999
1696636800000,0.091808,0.091917,0.0915,0.0915,287860.89854379,1696665599999
1696665600000,0.091535,0.093206,0.0915,0.091858,1236408.42445928,1696694399999
1696694400000,0.091857,0.092551,0.090383,0.090692,609627.13835583,1696723199999
1696723200000,0.090781,0.092748,0.090692,0.09257,259589.0392121,1696751999999
1696752000000,0.092217,0.092529,0.09039,0.091851,741278.41666745,1696780799999
1696780800000,0.091922,0.09235,0.091,0.092102,533750.4541427,1696809599999
1696809600000,0.091944,0.09217,0.090752,0.090752,226224.91954255,1696838399999
1696838400000,0.09075,0.091144,0.086363,0.086981,2648577.01578444,1696867199999
1696867200000,0.0868,0.089481,0.086072,0.087505,1482751.94455018,1696895999999
1696896000000,0.087272,0.087738,0.086094,0.087278,516793.88059385,1696924799999
1696924800000,0.087608,0.088322,0.086085,0.086711,1775265.5462332,1696953599999
1696953600000,0.086507,0.087074,0.084305,0.084547,2169360.60555011,1696982399999
1696982400000,0.084246,0.085519,0.081202,0.083329,4348757.41934641,1697011199999
1697011200000,0.083272,0.085499,0.08285,0.083311,1398179.80251154,1697039999999
1697040000000,0.083414,0.08523,0.083326,0.085143,671961.53923074,1697068799999
1697068800000,0.085217,0.085217,0.082629,0.08338,382774.51560075,1697097599999
1697097600000,0.083107,0.084058,0.07952,0.081879,3133032.99735588,1697126399999
1697126400000,0.0818,0.083344,0.081218,0.083201,598914.74413646,1697155199999
1697155200000,0.0835,0.083999,0.08306,0.083643,573703.04419051,1697183999999
1697184000000,0.08388,0.099158,0.083465,0.08655,1.649453300625075E7,1697212799999
1697212800000,0.086507,0.08872,0.085501,0.085817,3114503.10237916,1697241599999
1697241600000,0.086079,0.086096,0.085139,0.085419,596496.93010536,1697270399999
1697270400000,0.085219,0.088701,0.085002,0.086999,2450506.59549978,1697299199999
1697299200000,0.086925,0.086984,0.085311,0.086304,1111800.12251493,1697327999999
1697328000000,0.086552,0.086959,0.086109,0.086519,405888.25089212,1697356799999
1697356800000,0.086542,0.087238,0.084299,0.085208,2139942.05404279,1697385599999
1697385600000,0.085208,0.085755,0.084811,0.085004,1155854.51915268,1697414399999
1697414400000,0.085291,0.086792,0.085066,0.086748,469936.8899626,1697443199999
1697443200000,0.086723,0.09016,0.086393,0.087777,4870739.37960477,1697471999999
1697472000000,0.087777,0.087933,0.086301,0.087933,1070366.74395974,1697500799999
1697500800000,0.087931,0.08926,0.08699,0.088462,419970.27123249,1697529599999
1697529600000,0.088453,0.089369,0.087,0.087376,2150295.01142267,1697558399999
1697558400000,0.087091,0.088109,0.086641,0.087495,1183230.89379833,1697587199999
1697587200000,0.08758,0.087751,0.08575,0.087004,858133.88163795,1697615999999
1697616000000,0.086857,0.087006,0.085751,0.086254,885868.38676366,1697644799999
1697644800000,0.086005,0.086959,0.084599,0.085854,1652404.92383183,1697673599999
1697673600000,0.085771,0.085791,0.084533,0.085305,308150.58449421,1697702399999
1697702400000,0.085614,0.089,0.085302,0.086039,4431325.82616162,1697731199999
1697731200000,0.086,0.087094,0.085003,0.086131,833697.01056121,1697759999999
1697760000000,0.08613,0.087667,0.085924,0.087162,913336.10789159,1697788799999
1697788800000,0.087238,0.091,0.086971,0.088194,2531926.53596051,1697817599999
1697817600000,0.0881,0.089662,0.087606,0.088508,1005458.08033305,1697846399999
1697846400000,0.088664,0.090056,0.087403,0.089567,1373722.57794244,1697875199999
1697875200000,0.089872,0.09105,0.087983,0.088697,2656775.13944089,1697903999999
1697904000000,0.08879,0.090082,0.08879,0.089572,1317074.32371908,1697932799999
1697932800000,0.08932,0.089986,0.087738,0.08832,1005836.0391149,1697961599999
1697961600000,0.088691,0.089779,0.087861,0.089109,1165873.33099924,1697990399999
1697990400000,0.089327,0.089787,0.088907,0.089506,763764.92588207,1698019199999
1698019200000,0.089594,0.09096,0.089192,0.089828,1788626.72106077,1698047999999
1698048000000,0.090268,0.09197,0.089083,0.089718,3251822.11606228,1698076799999
1698076800000,0.089842,0.092,0.089471,0.091999,1917869.60753333,1698105599999
1698105600000,0.092,0.094925,0.090839,0.093063,2922603.28627533,1698134399999
1698134400000,0.093063,0.095947,0.091527,0.093639,4158522.67723962,1698163199999
1698163200000,0.093633,0.098791,0.092638,0.096618,3074756.64745797,1698191999999
1698192000000,0.096767,0.0978,0.094,0.095229,1225067.85581965,1698220799999
1698220800000,0.094834,0.09673,0.09434,0.096288,2340702.03294023,1698249599999
1698249600000,0.096289,0.0965,0.0952,0.096409,1326831.00439219,1698278399999
1698278400000,0.096405,0.098406,0.096051,0.09816,671239.11982795,1698307199999
1698307200000,0.097943,0.09999,0.0965,0.097461,3123615.06191568,1698335999999
1698336000000,0.097583,0.1,0.097018,0.098322,2068484.72218978,1698364799999
1698364800000,0.098534,0.099322,0.097,0.098049,1603051.41553634,1698393599999
1698393600000,0.097997,0.0981,0.09651,0.097583,1862480.08831236,1698422399999
1698422400000,0.096955,0.099,0.0952,0.097192,1350220.87657772,1698451199999
1698451200000,0.097839,0.098514,0.097018,0.098061,332275.98835447,1698479999999
1698480000000,0.098082,0.1,0.097174,0.098896,1981388.75400616,1698508799999
1698508800000,0.098764,0.1,0.09838,0.099095,1441108.27219813,1698537599999
1698537600000,0.098655,0.099186,0.09765,0.098115,435897.45644657,1698566399999
1698566400000,0.098423,0.1,0.097911,0.099372,1426713.13425731,1698595199999
1698595200000,0.099072,0.10063,0.0985,0.099835,1135149.90124036,1698623999999
1698624000000,0.099731,0.1008,0.098741,0.1,624894.33437189,1698652799999
1698652800000,0.10009,0.10626,0.099662,0.10343,3682655.92208865,1698681599999
1698681600000,0.1031,0.1095,0.10252,0.10502,6209268.03754625,1698710399999
1698710400000,0.105,0.11,0.10197,0.10211,3324727.95390675,1698739199999
1698739200000,0.10243,0.10479,0.0965,0.0977,5358616.52773767,1698767999999
1698768000000,0.0981,0.104,0.09758,0.10059,1703790.60611068,1698796799999
1698796800000,0.10082,0.10266,0.1,0.10214,1852584.71129469,1698825599999
1698825600000,0.10136,0.10345,0.098116,0.098601,2452409.82760422,1698854399999
1698854400000,0.0986,0.10339,0.0986,0.10246,1515549.31530172,1698883199999
1698883200000,0.1024,0.10338,0.10152,0.10188,946054.0683055,1698911999999
1698912000000,0.10204,0.10391,0.097701,0.09826,3464681.33294143,1698940799999
1698940800000,0.098192,0.10036,0.096541,0.099714,1452921.45205152,1698969599999
1698969600000,0.099346,0.099608,0.09676,0.098129,355497.08310284,1698998399999
1698998400000,0.098119,0.098547,0.096,0.0985,1642316.44600242,1699027199999
1699027200000,0.09849,0.099264,0.097132,0.098176,1206652.8285836,1699055999999
1699056000000,0.098446,0.099304,0.09773,0.098843,258251.94552323,1699084799999
1699084800000,0.098687,0.1004,0.098111,0.098754,1355823.67512734,1699113599999
1699113600000,0.098856,0.1008,0.098856,0.09979,935121.05332382,1699142399999
1699142400000,0.10003,0.1008,0.099794,0.1008,467539.02542328,1699171199999
1699171200000,0.1008,0.10255,0.098673,0.099738,2742108.25761465,1699199999999
1699200000000,0.099745,0.10142,0.099411,0.10139,569715.03194458,1699228799999
1699228800000,0.10108,0.10217,0.099,0.10029,816992.35149689,1699257599999
1699257600000,0.10029,0.1025,0.099615,0.1007,2346986.64272758,1699286399999
1699286400000,0.10079,0.10082,0.098,0.098876,6301454.46843077,1699315199999
1699315200000,0.09817,0.099009,0.096,0.097197,2959520.38979431,1699343999999
1699344000000,0.097141,0.099557,0.096,0.096219,4855342.44146335,1699372799999
1699372800000,0.096183,0.097669,0.094641,0.0958,2333942.50466559,1699401599999
1699401600000,0.095781,0.098679,0.09488,0.097709,2043823.31373107,1699430399999
1699430400000,0.09749,0.1008,0.096885,0.10012,4888409.27093712,1699459199999
1699459200000,0.10024,0.10052,0.098501,0.098593,1638640.39511923,1699487999999
1699488000000,0.098506,0.10061,0.098,0.099347,1768388.26034002,1699516799999
1699516800000,0.099511,0.10089,0.099108,0.099512,3115212.62215901,1699545599999
1699545600000,0.099428,0.099716,0.0937,0.097431,5554262.33832605,1699574399999
1699574400000,0.097189,0.0997,0.096001,0.096983,2132163.46879348,1699603199999
1699603200000,0.096973,0.09773,0.0948,0.096138,2334621.68000401,1699631999999
1699632000000,0.09615,0.099826,0.096088,0.099187,4092179.52085524,1699660799999
1699660800000,0.099291,0.1,0.097027,0.098499,640654.69608176,1699689599999
1699689600000,0.0984,0.1006,0.098,0.098334,3529324.6926959,1699718399999
1699718400000,0.099179,0.1006,0.097,0.098699,2543946.90816387,1699747199999
1699747200000,0.09871,0.1,0.096,0.099185,1339512.74655893,1699775999999
1699776000000,0.099133,0.099945,0.09701,0.098387,1327950.00285523,1699804799999
1699804800000,0.098387,0.0999,0.0973,0.097771,1188587.36088079,1699833599999
1699833600000,0.097353,0.0998,0.09706,0.097339,559297.65953808,1699862399999
1699862400000,0.098098,0.0997,0.097134,0.09789,2302829.69687778,1699891199999
1699891200000,0.098254,0.098429,0.095,0.095871,2360375.51990311,1699919999999
1699920000000,0.095611,0.096169,0.094105,0.09592,476631.1123337,1699948799999
1699948800000,0.095816,0.096288,0.093515,0.093946,1191748.28626702,1699977599999
1699977600000,0.09391,0.09391,0.087982,0.09163,2626725.35760351,1700006399999
1700006400000,0.091289,0.0971,0.091289,0.096103,3073305.60888619,1700035199999
1700035200000,0.09642,0.097692,0.09494,0.096487,1258605.5048191,1700063999999
1700064000000,0.0964,0.098998,0.095652,0.098469,2301325.67002868,1700092799999
1700092800000,0.098038,0.098954,0.0975,0.098242,428879.90363809,1700121599999
1700121600000,0.098585,0.0986,0.09391,0.094241,1773477.95774897,1700150399999
1700150400000,0.094214,0.095608,0.09243,0.094003,764751.60596507,1700179199999
1700179200000,0.093375,0.095316,0.093375,0.094,271030.77312027,1700207999999
1700208000000,0.094048,0.094646,0.090644,0.091577,884617.04858169,1700236799999
1700236800000,0.091308,0.093345,0.090012,0.092453,536785.21496089,1700265599999
1700265600000,0.092196,0.092387,0.0885,0.09029,385992.64065699,1700294399999
1700294400000,0.09,0.091548,0.089435,0.091548,602407.85650439,1700323199999
1700323200000,0.091489,0.091902,0.090007,0.090007,382367.8387392,1700351999999
1700352000000,0.090231,0.09236,0.089235,0.092354,181276.19856702,1700380799999
1700380800000,0.09206,0.09465,0.09206,0.092892,658404.4826334,1700409599999
1700409600000,0.0933,0.0959,0.092407,0.095325,1057858.30973518,1700438399999
1700438400000,0.094941,0.096998,0.0935,0.095974,1199405.00529684,1700467199999
1700467200000,0.095974,0.099,0.095,0.097543,3819974.40116661,1700495999999
1700496000000,0.098,0.09842,0.095,0.095711,2391216.99513795,1700524799999
1700524800000,0.095694,0.09676,0.095168,0.095666,310945.18472928,1700553599999
1700553600000,0.095736,0.1018,0.095587,0.1,6657212.36177612,1700582399999
1700582400000,0.09991,0.103,0.092584,0.092962,5154392.24609382,1700611199999
1700611200000,0.092508,0.10007,0.09206,0.0989,3009044.98843833,1700639999999
1700640000000,0.098901,0.10141,0.096687,0.097758,3910584.6491955,1700668799999
1700668800000,0.0975,0.0992,0.096,0.0992,1519650.0958631,1700697599999
1700697600000,0.098477,0.10008,0.095387,0.097344,1560312.46785173,1700726399999
1700726400000,0.097299,0.098799,0.095103,0.095103,1076882.18057375,1700755199999
1700755200000,0.095103,0.098495,0.095103,0.097626,534322.06658069,1700783999999
1700784000000,0.097404,0.099,0.097404,0.098672,488433.48865582,1700812799999
1700812800000,0.098327,0.10289,0.097,0.10123,4009040.0316599,1700841599999
1700841600000,0.10146,0.102,0.09838,0.10179,1628132.48053146,1700870399999
1700870400000,0.10172,0.10273,0.099831,0.10171,854966.02958376,1700899199999
1700899200000,0.10145,0.10283,0.097826,0.099,1335837.40702323,1700927999999
1700928000000,0.09936,0.10086,0.098776,0.09979,507668.47319437,1700956799999
1700956800000,0.099864,0.102,0.099,0.1015,367157.35554841,1700985599999
1700985600000,0.10193,0.105,0.10069,0.1015,2410669.33146643,1701014399999
1701014400000,0.1015,0.10247,0.099263,0.10158,1138092.62195159,1701043199999
1701043200000,0.10122,0.10204,0.098327,0.098545,863965.17419179,1701071999999
1701072000000,0.098432,0.099251,0.09676,0.096762,1132466.73762884,1701100799999
1701100800000,0.096762,0.098999,0.09666,0.098438,536560.06040879,1701129599999
1701129600000,0.098168,0.098707,0.096288,0.097659,519962.48901495,1701158399999
1701158400000,0.09773,0.099594,0.09707,0.098727,957576.20138114,1701187199999
1701187200000,0.098935,0.1065,0.098325,0.1042,6134221.56782566,1701215999999
1701216000000,0.10407,0.10779,0.10112,0.10464,1649799.49361276,1701244799999
1701244800000,0.10449,0.1078,0.101,0.10276,1906727.26948678,1701273599999
1701273600000,0.10376,0.119,0.10227,0.10375,1.381119987175563E7,1701302399999
1701302400000,0.10347,0.10376,0.10142,0.10161,325191.8344873,1701331199999
1701331200000,0.10178,0.10381,0.1012,0.10135,1142715.40785293,1701359999999
1701360000000,0.1018,0.1025,0.1012,0.10149,744445.54322718,1701388799999
1701388800000,0.10154,0.10255,0.101,0.10135,368621.87232153,1701417599999
1701417600000,0.10164,0.10329,0.10101,0.10199,1108391.76241124,1701446399999
1701446400000,0.10215,0.10312,0.10122,0.10311,504902.85652827,1701475199999
1701475200000,0.10289,0.10316,0.10208,0.10294,66583.96284441,1701503999999
1701504000000,0.10316,0.10316,0.1016,0.10211,314065.8305095,1701532799999
1701532800000,0.10217,0.10305,0.10095,0.10231,953934.20926867,1701561599999
1701561600000,0.10241,0.1033,0.10152,0.10288,166838.6268022,1701590399999
1701590400000,0.10265,0.10292,0.10172,0.10184,822186.47148323,1701619199999
1701619200000,0.10173,0.10436,0.1017,0.10266,1307293.13451463,1701647999999
1701648000000,0.103,0.10525,0.1025,0.10423,1158485.89073892,1701676799999
1701676800000,0.10401,0.10571,0.1002,0.10115,2576511.94831926,1701705599999
1701705600000,0.10108,0.10273,0.10088,0.10263,1273753.19422346,1701734399999
1701734400000,0.10255,0.10297,0.101,0.10133,302615.47364758,1701763199999
1701763200000,0.10156,0.105,0.1,0.1044,2660996.09662577,1701791999999
1701792000000,0.10405,0.105,0.10219,0.10344,1165522.93103062,1701820799999
1701820800000,0.1035,0.104,0.10113,0.10295,384304.44307154,1701849599999
1701849600000,0.10298,0.10378,0.10139,0.1029,1257270.61412529,1701878399999
1701878400000,0.10267,0.10395,0.1018,0.1027,779013.8492175,1701907199999
1701907200000,0.10299,0.10566,0.10251,0.10464,363013.89299127,1701935999999
1701936000000,0.10433,0.10492,0.101,0.10332,624481.45999023,1701964799999
1701964800000,0.10328,0.10497,0.10215,0.10297,966507.59643357,1701993599999
1701993600000,0.10263,0.10363,0.10241,0.10329,174667.50607894,1702022399999
1702022400000,0.10321,0.1061,0.10261,0.10567,1061023.90356593,1702051199999
1702051200000,0.10539,0.1075,0.10539,0.10677,782041.81617608,1702079999999
1702080000000,0.10677,0.1099,0.10667,0.10951,613532.32475914,1702108799999
1702108800000,0.1094,0.11092,0.10633,0.10979,1976166.47459724,1702137599999
1702137600000,0.10983,0.11432,0.10906,0.10938,1720814.28685596,1702166399999
1702166400000,0.10994,0.11366,0.10994,0.11052,573700.19756418,1702195199999
1702195200000,0.1105,0.11071,0.10317,0.10489,2108960.95531567,1702223999999
1702224000000,0.10511,0.1065,0.10275,0.10508,2176934.38146562,1702252799999
1702252800000,0.10487,0.10524,0.098321,0.10059,1938854.77962021,1702281599999
1702281600000,0.1009,0.1035,0.099955,0.1022,892719.19627162,1702310399999
1702310400000,0.10154,0.10189,0.09731,0.10006,1714720.77583176,1702339199999
1702339200000,0.10066,0.10368,0.1002,0.10232,375377.1624225,1702367999999
1702368000000,0.10232,0.10259,0.099689,0.1004,690405.59506675,1702396799999
1702396800000,0.10077,0.10077,0.098,0.09975,752369.8114183,1702425599999
1702425600000,0.099853,0.099853,0.095565,0.096499,710268.04378965,1702454399999
1702454400000,0.096445,0.09806,0.0947,0.097787,944312.8816833,1702483199999
1702483200000,0.097417,0.1,0.096623,0.098291,568572.99049489,1702511999999
1702512000000,0.098839,0.101,0.098522,0.099715,378809.18652763,1702540799999
1702540800000,0.0997,0.1019,0.098,0.098371,699055.38533552,1702569599999
1702569600000,0.098229,0.10049,0.098229,0.099571,705084.83044892,1702598399999
1702598400000,0.1001,0.10017,0.097278,0.097807,165833.42935241,1702627199999
1702627200000,0.097811,0.099111,0.096225,0.096931,850351.9381688,1702655999999
1702656000000,0.096937,0.09787,0.09616,0.09616,390445.91445039,1702684799999
1702684800000,0.096486,0.097521,0.095601,0.096536,410133.79780941,1702713599999
1702713600000,0.096548,0.098849,0.096484,0.097702,412817.48810291,1702742399999
1702742400000,0.097682,0.098,0.09631,0.096865,334872.03035544,1702771199999
1702771200000,0.097002,0.097002,0.0952,0.095225,485798.61527146,1702799999999
1702800000000,0.0952,0.104,0.095,0.099692,3620789.37719338,1702828799999
1702828800000,0.099314,0.1042,0.0987,0.099786,3799561.86281586,1702857599999
1702857600000,0.099622,0.10807,0.0981,0.10359,4204366.1502402,1702886399999
1702886400000,0.10368,0.1135,0.098,0.099006,1.74947228016837E7,1702915199999
1702915200000,0.098933,0.1,0.096177,0.098373,3765068.94346108,1702943999999
1702944000000,0.098396,0.10088,0.097151,0.1001,1272499.9869707,1702972799999
1702972800000,0.1006,0.10285,0.097601,0.098139,3498095.05228113,1703001599999
1703001600000,0.097997,0.1005,0.096718,0.09766,1865245.51534556,1703030399999
1703030400000,0.097969,0.10099,0.097639,0.098519,1958268.48904248,1703059199999
1703059200000,0.098617,0.10155,0.09811,0.10092,1429576.366437,1703087999999
1703088000000,0.10085,0.10111,0.098207,0.10033,1006288.19351549,1703116799999
1703116800000,0.10057,0.10057,0.099,0.099599,259667.53162697,1703145599999
1703145600000,0.09996,0.1022,0.099015,0.10027,912809.18748098,1703174399999
1703174400000,0.1007,0.10338,0.099592,0.1025,1187845.50054737,1703203199999
1703203200000,0.10296,0.10842,0.10172,0.10607,3252899.2463465,1703231999999
1703232000000,0.10642,0.11,0.10379,0.10816,2982898.85578255,1703260799999
1703260800000,0.10793,0.1105,0.10511,0.10825,2316596.63206283,1703289599999
1703289600000,0.10846,0.10912,0.103,0.10521,580418.71956586,1703318399999
1703318400000,0.1052,0.112,0.10368,0.11066,2007253.48019171,1703347199999
1703347200000,0.11139,0.12268,0.11049,0.11653,7855009.54263487,1703375999999
1703376000000,0.11704,0.12141,0.11365,0.11567,2043882.75065965,1703404799999
1703404800000,0.11546,0.12913,0.11502,0.12179,7832001.76070653,1703433599999
1703433600000,0.12166,0.1225,0.11069,0.11336,2750099.14096001,1703462399999
1703462400000,0.11352,0.122,0.11103,0.11627,1374196.89413659,1703491199999
1703491200000,0.11623,0.1211,0.11576,0.11621,1686972.6719806,1703519999999
1703520000000,0.11628,0.11755,0.11414,0.11527,1087799.97321552,1703548799999
1703548800000,0.11545,0.11592,0.1113,0.11226,649627.02248295,1703577599999
1703577600000,0.11289,0.11691,0.11135,0.11512,633757.11269692,1703606399999
1703606400000,0.11479,0.11548,0.10964,0.11394,845454.48096797,1703635199999
1703635200000,0.11416,0.11416,0.1077,0.10914,386700.46760902,1703663999999
1703664000000,0.10915,0.11277,0.10849,0.11139,880760.00727021,1703692799999
1703692800000,0.11148,0.11788,0.11125,0.11367,1500499.75485367,1703721599999
1703721600000,0.11337,0.11575,0.10913,0.11125,392276.29006856,1703750399999
1703750400000,0.11125,0.11401,0.10801,0.10848,1300697.2586198,1703779199999
1703779200000,0.10809,0.10914,0.1075,0.10884,695861.40489729,1703807999999
1703808000000,0.1087,0.10905,0.10554,0.1061,403196.51013127,1703836799999
1703836800000,0.10632,0.11236,0.10632,0.10941,686543.5631806,1703865599999
1703865600000,0.10941,0.116,0.10381,0.10673,1921679.89159594,1703894399999
1703894400000,0.10691,0.10855,0.10561,0.10561,183099.14098407,1703923199999
1703923200000,0.10562,0.10739,0.1033,0.10563,1124252.83278522,1703951999999
1703952000000,0.10593,0.10707,0.1051,0.10524,202309.79610906,1703980799999
1703980800000,0.10545,0.10687,0.10451,0.10609,147180.2495067,1704009599999
1704009600000,0.10606,0.11,0.10606,0.10738,1275620.26584868,1704038399999
1704038400000,0.10717,0.1087,0.105,0.105,614628.48553055,1704067199999
1704067200000,0.10508,0.10691,0.10376,0.10376,434471.89263154,1704095999999
1704096000000,0.10442,0.10631,0.10324,0.10603,366077.88348444,1704124799999
1704124800000,0.10614,0.1091,0.10581,0.10783,893152.6448887,1704153599999
1704153600000,0.10769,0.111,0.10763,0.10946,1168271.50615947,1704182399999
1704182400000,0.10914,0.11168,0.10772,0.10895,1009844.43232289,1704211199999
1704211200000,0.10899,0.112,0.10828,0.11155,410909.06320189,1704239999999
1704240000000,0.11133,0.11424,0.11044,0.11045,1069635.90960989,1704268799999
1704268800000,0.11117,0.11315,0.1,0.10522,3809252.12690875,1704297599999
1704297600000,0.10596,0.10716,0.1017,0.10302,1031697.80921733,1704326399999
1704326400000,0.1029,0.10366,0.10172,0.10225,503550.91133391,1704355199999
1704355200000,0.10263,0.10545,0.1012,0.10421,797153.55288825,1704383999999
1704384000000,0.10428,0.106,0.10357,0.10464,663279.85897768,1704412799999
1704412800000,0.10523,0.10541,0.10159,0.10356,641590.76125838,1704441599999
1704441600000,0.10353,0.10525,0.1,0.10001,681103.99259308,1704470399999
1704470400000,0.10001,0.1019,0.1,0.10115,1050999.00424427,1704499199999
1704499200000,0.1012,0.10285,0.09707,0.098781,1047120.24503428,1704527999999
1704528000000,0.098849,0.10121,0.097481,0.10055,411693.29790451,1704556799999
1704556800000,0.10022,0.106,0.10022,0.10422,3534006.067259,1704585599999
1704585600000,0.10426,0.10838,0.104,0.10404,1592352.76320949,1704614399999
1704614400000,0.10401,0.10423,0.1006,0.10196,1046570.00680958,1704643199999
1704643200000,0.10216,0.10392,0.09871,0.099648,1567994.74404004,1704671999999
1704672000000,0.099897,0.099897,0.094447,0.09645,1150369.52718848,1704700799999
1704700800000,0.096414,0.099229,0.095011,0.09743,951371.69541013,1704729599999
1704729600000,0.09808,0.10102,0.096624,0.10102,1339598.93044855,1704758399999
1704758400000,0.1007,0.10101,0.098613,0.098613,162002.23236609,1704787199999
1704787200000,0.098879,0.099013,0.09549,0.09708,645074.70047687,1704815999999
1704816000000,0.096678,0.098005,0.094605,0.096833,846265.91865591,1704844799999
1704844800000,0.097499,0.098099,0.095269,0.095299,122543.46969661,1704873599999
1704873600000,0.095498,0.097395,0.09331,0.094848,845609.87109349,1704902399999
1704902400000,0.0949,0.10213,0.094543,0.10007,4000978.1017977,1704931199999
1704931200000,0.10055,0.10069,0.098031,0.099131,422822.33684762,1704959999999
1704960000000,0.09947,0.10459,0.09946,0.10129,1630876.29885795,1704988799999
1704988800000,0.10163,0.10213,0.099713,0.10129,699357.17828311,1705017599999
1705017600000,0.10063,0.10144,0.10002,0.10065,349989.90576333,1705046399999
1705046400000,0.10052,0.1029,0.099788,0.10043,1018014.50041822,1705075199999
1705075200000,0.1006,0.10697,0.099,0.10328,6226467.754255,1705103999999
1705104000000,0.10314,0.10733,0.0995,0.10542,2267507.00213093,1705132799999
1705132800000,0.10565,0.10816,0.10352,0.10451,2382113.05984474,1705161599999
1705161600000,0.10459,0.10496,0.10261,0.10316,1312407.26575715,1705190399999
1705190400000,0.10302,0.11186,0.1029,0.10858,1516106.20390241,1705219199999
1705219200000,0.10938,0.10984,0.10682,0.10815,908478.24905799,1705247999999
1705248000000,0.10808,0.10882,0.10376,0.10376,445119.67983198,1705276799999
1705276800000,0.10376,0.1073,0.10376,0.10608,431139.64539986,1705305599999
1705305600000,0.10637,0.11187,0.10564,0.109,964979.82384797,1705334399999
1705334400000,0.10951,0.11061,0.10832,0.10877,445073.44776148,1705363199999
1705363200000,0.10913,0.10938,0.10549,0.10599,382878.82351775,1705391999999
1705392000000,0.10581,0.10797,0.10551,0.10692,507670.90825582,1705420799999
1705420800000,0.10751,0.10789,0.10622,0.10696,436625.50669464,1705449599999
1705449600000,0.10741,0.10752,0.10376,0.10376,161997.56867126,1705478399999
1705478400000,0.10407,0.10557,0.10388,0.10502,258490.65745245,1705507199999
1705507200000,0.10463,0.10502,0.10395,0.10412,245600.64402756,1705535999999
1705536000000,0.1044,0.10461,0.10318,0.10427,70290.55418578,1705564799999
1705564800000,0.10392,0.10479,0.10029,0.10117,805113.01464866,1705593599999
1705593600000,0.1007,0.10105,0.096501,0.097765,1969536.23966626,1705622399999
1705622400000,0.097645,0.098274,0.095891,0.097072,441748.15852326,1705651199999
1705651200000,0.096997,0.098273,0.0955,0.0955,418866.34922934,1705679999999
1705680000000,0.0955,0.099672,0.092734,0.099672,706718.03652916,1705708799999
1705708800000,0.099698,0.104,0.099172,0.099899,1937520.82513113,1705737599999
1705737600000,0.0996,0.1035,0.098671,0.10156,2414359.47979413,1705766399999
1705766400000,0.10198,0.10273,0.1007,0.10076,741536.92893556,1705795199999
1705795200000,0.10083,0.10288,0.10021,0.10243,100171.54424343,1705823999999
1705824000000,0.10237,0.10439,0.10204,0.10394,2180078.29624294,1705852799999
1705852800000,0.10365,0.10535,0.10251,0.10251,1161947.25981416,1705881599999
1705881600000,0.10291,0.103,0.099975,0.10047,822580.08216573,1705910399999
1705910400000,0.10017,0.10017,0.097429,0.098312,1521381.23305076,1705939199999
1705939200000,0.098358,0.09877,0.095001,0.095001,1081652.24249223,1705967999999
1705968000000,0.095353,0.096521,0.09391,0.09434,368929.50056382,1705996799999
1705996800000,0.09457,0.095018,0.091403,0.094218,727305.54350549,1706025599999
1706025600000,0.094135,0.0955,0.093419,0.0955,626610.64679981,1706054399999
1706054400000,0.095756,0.096,0.094,0.095351,78330.93020578,1706083199999
1706083200000,0.095949,0.096586,0.093705,0.095506,564993.25977533,1706111999999
1706112000000,0.095167,0.096756,0.094175,0.096114,417867.82008799,1706140799999
1706140800000,0.095821,0.0965,0.093679,0.094461,301461.58242246,1706169599999
1706169600000,0.094598,0.095285,0.09325,0.093682,1056492.46812816,1706198399999
1706198400000,0.09334,0.095569,0.092826,0.094358,741200.98709889,1706227199999
1706227200000,0.094318,0.096,0.09425,0.094278,230932.8811788,1706255999999
1706256000000,0.094355,0.0963,0.094051,0.095671,426549.66488106,1706284799999
1706284800000,0.096012,0.0963,0.095401,0.095878,301026.96508234,1706313599999
1706313600000,0.09578,0.096489,0.095233,0.095233,161136.35343276,1706342399999
1706342400000,0.095202,0.096448,0.0952,0.096062,206421.71034985,1706371199999
1706371200000,0.096246,0.09739,0.095422,0.096637,539512.78176101,1706399999999
1706400000000,0.0969,0.098128,0.096212,0.096614,206179.81757482,1706428799999
1706428800000,0.096444,0.097123,0.095336,0.095863,643275.83287018,1706457599999
1706457600000,0.096381,0.097098,0.095,0.095689,310435.42739608,1706486399999
1706486400000,0.095942,0.097179,0.095352,0.095655,250449.46605228,1706515199999
1706515200000,0.09582,0.097452,0.095711,0.096814,331545.12729054,1706543999999
1706544000000,0.096995,0.098065,0.096485,0.09687,990978.37999685,1706572799999
1706572800000,0.096915,0.097538,0.0963,0.097103,97411.00542326,1706601599999
1706601600000,0.097173,0.0978,0.09606,0.097094,762835.23454088,1706630399999
1706630400000,0.096814,0.09747,0.0958,0.0958,251084.34326277,1706659199999
1706659200000,0.096305,0.09676,0.094835,0.095303,497652.68504439,1706687999999
1706688000000,0.09528,0.095311,0.092884,0.094099,1135849.92658338,1706716799999
1706716800000,0.0938,0.094819,0.09268,0.093343,519013.08842427,1706745599999
1706745600000,0.093805,0.093831,0.091569,0.092542,270994.46212415,1706774399999
1706774400000,0.092093,0.092424,0.091149,0.091341,445146.17965826,1706803199999
1706803200000,0.091701,0.093701,0.091001,0.093384,480260.9784034,1706831999999
1706832000000,0.093361,0.093502,0.091774,0.092469,520116.10794902,1706860799999
1706860800000,0.09225,0.09295,0.09107,0.092522,241453.61098077,1706889599999
1706889600000,0.092962,0.093473,0.09206,0.093053,118158.94894467,1706918399999
1706918400000,0.092477,0.093511,0.092062,0.092392,29368.10688353,1706947199999
1706947200000,0.092215,0.093012,0.0918,0.092543,156315.56368958,1706975999999
1706976000000,0.092262,0.092989,0.091934,0.092298,175531.16067444,1707004799999
1707004800000,0.092266,0.092467,0.0912,0.091562,122954.99968626,1707033599999
1707033600000,0.092033,0.094999,0.091697,0.093384,416866.03888252,1707062399999
1707062400000,0.09331,0.09331,0.0914,0.0914,331668.44908389,1707091199999
1707091200000,0.091551,0.09236,0.090072,0.09236,99502.0387286,1707119999999
1707120000000,0.092307,0.09387,0.091676,0.091676,705596.15132768,1707148799999
1707148800000,0.092295,0.092842,0.091682,0.092115,193365.79949665,1707177599999
1707177600000,0.091954,0.094089,0.091715,0.092131,324800.51236251,1707206399999
1707206400000,0.092659,0.093965,0.09237,0.093047,447732.2756273,1707235199999
1707235200000,0.092966,0.095552,0.092683,0.094571,824643.01154285,1707263999999
1707264000000,0.094505,0.094979,0.093651,0.094063,55461.09135603,1707292799999
1707292800000,0.094562,0.0978,0.093495,0.094001,2140282.83017394,1707321599999
1707321600000,0.0949,0.09625,0.094471,0.095496,425210.08479204,1707350399999
1707350400000,0.095793,0.0975,0.09564,0.097174,185124.54930032,1707379199999
1707379200000,0.0975,0.097981,0.09616,0.096363,622675.55523418,1707407999999
1707408000000,0.096897,0.097119,0.095537,0.0958,248200.79090742,1707436799999
1707436800000,0.0956,0.09773,0.0956,0.096761,175826.96114425,1707465599999
1707465600000,0.097377,0.0989,0.096662,0.097409,458941.10098611,1707494399999
1707494400000,0.097353,0.099101,0.096789,0.098151,523903.03745413,1707523199999
1707523200000,0.098728,0.098946,0.097108,0.098278,117618.13537283,1707551999999
1707552000000,0.098012,0.099066,0.096599,0.098607,384882.739867,1707580799999
1707580800000,0.09784,0.09899,0.097726,0.09811,225059.90184586,1707609599999
1707609600000,0.097815,0.0986,0.097436,0.09801,73832.52911013,1707638399999
1707638400000,0.09801,0.0996,0.097864,0.099489,679838.97484535,1707667199999
1707667200000,0.099599,0.0997,0.0975,0.097546,1172269.94336727,1707695999999
1707696000000,0.098113,0.0994,0.0975,0.098719,281381.00087933,1707724799999
1707724800000,0.098956,0.0993,0.097,0.099299,320090.18549122,1707753599999
1707753600000,0.09928,0.1,0.098905,0.099488,819709.80731676,1707782399999
1707782400000,0.099517,0.10198,0.098902,0.10177,1354831.7476881,1707811199999
1707811200000,0.1016,0.10339,0.10014,0.10223,1904386.511893,1707839999999
1707840000000,0.10234,0.10714,0.10201,0.10388,1773095.50140828,1707868799999
1707868800000,0.10373,0.1093,0.1028,0.1091,1763901.85426842,1707897599999
1707897600000,0.10878,0.12982,0.1083,0.11369,1.281941964657574E7,1707926399999
1707926400000,0.11409,0.11577,0.10843,0.11169,3264969.22178849,1707955199999
1707955200000,0.11153,0.11271,0.10887,0.11014,793945.07455893,1707983999999
1707984000000,0.10977,0.11347,0.10928,0.11125,3021179.8611895,1708012799999
1708012800000,0.11101,0.11644,0.11052,0.11644,1758373.14587748,1708041599999
1708041600000,0.11624,0.11692,0.11423,0.11423,537632.50318045,1708070399999
1708070400000,0.11421,0.11546,0.10942,0.11133,968526.45201078,1708099199999
1708099200000,0.11176,0.11399,0.11043,0.11393,380495.66619775,1708127999999
1708128000000,0.11362,0.11408,0.11212,0.11261,254791.06561219,1708156799999
1708156800000,0.11234,0.11498,0.1098,0.11145,680782.26181474,1708185599999
1708185600000,0.11208,0.11992,0.1115,0.11864,2216788.44969722,1708214399999
1708214400000,0.11869,0.125,0.11601,0.11674,1223876.63050131,1708243199999
1708243200000,0.11703,0.11927,0.11563,0.11876,477772.64180109,1708271999999
1708272000000,0.11876,0.11877,0.11653,0.11692,306258.02797263,1708300799999
1708300800000,0.11744,0.12288,0.11681,0.12129,605869.41977627,1708329599999
1708329600000,0.12142,0.1232,0.11527,0.11874,1224259.19122045,1708358399999
1708358400000,0.11896,0.11913,0.11618,0.11828,656981.64477864,1708387199999
1708387200000,0.11825,0.11995,0.11692,0.11894,331969.30193313,1708415999999
1708416000000,0.11892,0.12708,0.11607,0.11771,2229249.86538643,1708444799999
1708444800000,0.11776,0.12166,0.11446,0.12093,2025433.44844092,1708473599999
1708473600000,0.12089,0.12691,0.12004,0.12257,1408539.50884559,1708502399999
1708502400000,0.12167,0.12275,0.11462,0.11674,1785390.41216581,1708531199999
1708531200000,0.11657,0.1208,0.11433,0.12049,748313.30210705,1708559999999
1708560000000,0.12058,0.12554,0.11848,0.12411,1898297.38636895,1708588799999
1708588800000,0.12463,0.12748,0.12,0.12112,1793971.89358429,1708617599999
1708617600000,0.12112,0.125,0.12066,0.12284,774697.04090552,1708646399999
1708646400000,0.12278,0.12353,0.11876,0.12066,388605.03127471,1708675199999
1708675200000,0.12079,0.12136,0.11717,0.11717,731242.31559745,1708703999999
1708704000000,0.11712,0.11897,0.11549,0.11655,622529.77488719,1708732799999
1708732800000,0.11636,0.11878,0.11375,0.11878,297758.03124728,1708761599999
1708761600000,0.11867,0.119,0.11646,0.11698,379830.76537976,1708790399999
1708790400000,0.11731,0.11943,0.11668,0.1186,709901.91224312,1708819199999
1708819200000,0.118,0.122,0.11781,0.12099,331394.15600641,1708847999999
1708848000000,0.12088,0.1227,0.1205,0.12113,560448.90748848,1708876799999
1708876800000,0.12115,0.1218,0.11966,0.1214,669985.20015867,1708905599999
1708905600000,0.1212,0.12266,0.11951,0.11951,173136.29836194,1708934399999
1708934400000,0.11945,0.1204,0.11677,0.11965,2921400.51615857,1708963199999
1708963200000,0.12035,0.12699,0.12029,0.12511,3293312.97736293,1708991999999
1708992000000,0.12531,0.12938,0.12385,0.12852,653791.75137839,1709020799999
1709020800000,0.1288,0.15648,0.127,0.14182,1.204953856713987E7,1709049599999
1709049600000,0.1428,0.15458,0.1349,0.14019,1.012481625435049E7,1709078399999
1709078400000,0.14024,0.14302,0.1326,0.13793,1946468.64425512,1709107199999
1709107200000,0.13706,0.13754,0.126,0.13634,8121102.91388098,1709135999999
1709136000000,0.13635,0.14779,0.12842,0.14618,5542447.19361183,1709164799999
1709164800000,0.14552,0.16721,0.14108,0.16185,6414595.76832519,1709193599999
1709193600000,0.16139,0.17136,0.1532,0.16002,7193890.43568194,1709222399999
1709222400000,0.15974,0.17897,0.152,0.15252,9744677.230421,1709251199999
1709251200000,0.15304,0.16455,0.15166,0.15841,1322090.01929693,1709279999999
1709280000000,0.15767,0.16138,0.15089,0.15255,2430574.35960519,1709308799999
1709308800000,0.15319,0.16783,0.15251,0.1674,3905060.01220501,1709337599999
1709337600000,0.16701,0.1675,0.15542,0.15807,1733040.69365219,1709366399999
1709366400000,0.15731,0.16215,0.15415,0.15595,1782734.44337726,1709395199999
1709395200000,0.15598,0.15822,0.15455,0.15784,807906.77005972,1709423999999
1709424000000,0.15786,0.1586,0.14754,0.15249,732062.0288741,1709452799999
1709452800000,0.1525,0.15851,0.14961,0.15835,1505643.26053502,1709481599999
1709481600000,0.15814,0.16084,0.15695,0.15823,895671.13150556,1709510399999
1709510400000,0.15869,0.16028,0.15345,0.15839,828662.48923211,1709539199999
1709539200000,0.15804,0.16,0.15468,0.15503,1165243.25984736,1709567999999
1709568000000,0.15509,0.15587,0.1466,0.14712,2286744.09641971,1709596799999
1709596800000,0.1483,0.15107,0.14488,0.14823,1142851.61159297,1709625599999
1709625600000,0.14886,0.1543,0.14667,0.14889,3010562.9042535,1709654399999
1709654400000,0.14845,0.14852,0.125,0.13677,4316218.67641657,1709683199999
1709683200000,0.13704,0.144,0.13289,0.14398,401965.06062821,1709711999999
1709712000000,0.14361,0.14591,0.13944,0.14136,1222753.3016023,1709740799999
1709740800000,0.14148,0.15275,0.14148,0.1505,1945005.23927544,1709769599999
1709769600000,0.14965,0.15263,0.14556,0.15079,789428.60962018,1709798399999
1709798400000,0.15042,0.16143,0.15038,0.15686,3476463.94439909,1709827199999
1709827200000,0.15669,0.17788,0.15572,0.17648,4454482.53953847,1709855999999
1709856000000,0.17438,0.17986,0.16678,0.17237,3066965.68050734,1709884799999
1709884800000,0.17245,0.17374,0.16217,0.16442,2890974.41236689,1709913599999
1709913600000,0.16512,0.1722,0.16112,0.17174,1967133.56274382,1709942399999
1709942400000,0.17101,0.177,0.1679,0.17611,1036528.73722806,1709971199999
1709971200000,0.17646,0.17826,0.1702,0.17313,2009874.15278529,1709999999999
1710000000000,0.17337,0.17337,0.16846,0.17211,832614.2112822,1710028799999
1710028800000,0.17222,0.205,0.17185,0.18503,5897087.42630685,1710057599999
1710057600000,0.18575,0.19,0.17422,0.17667,1538433.43164831,1710086399999
1710086400000,0.17703,0.18304,0.17577,0.17898,1294417.19461475,1710115199999
1710115200000,0.17924,0.19232,0.17399,0.18863,1435089.39467123,1710143999999
1710144000000,0.18865,0.19152,0.18212,0.18501,1187916.75132487,1710172799999
1710172800000,0.18501,0.18665,0.18113,0.18296,701077.22686324,1710201599999
1710201600000,0.18376,0.18454,0.17582,0.17905,396954.58200749,1710230399999
1710230400000,0.18,0.18067,0.17437,0.17884,1003895.73067943,1710259199999
1710259200000,0.17886,0.18045,0.16811,0.17957,1271894.20977377,1710287999999
1710288000000,0.17943,0.18721,0.17875,0.1844,518272.85658936,1710316799999
1710316800000,0.18445,0.18711,0.17548,0.17894,1267096.48756229,1710345599999
1710345600000,0.17905,0.205,0.17835,0.19811,8224616.07061655,1710374399999
1710374400000,0.19789,0.19861,0.18848,0.19046,1315498.52655504,1710403199999
1710403200000,0.18986,0.2,0.18201,0.1853,3808145.66274403,1710431999999
1710432000000,0.18576,0.19581,0.18373,0.19497,2152933.12271889,1710460799999
1710460800000,0.19477,0.21749,0.18615,0.20332,5367131.27201347,1710489599999
1710489600000,0.20427,0.21632,0.18462,0.20393,8735674.48970815,1710518399999
1710518400000,0.20321,0.21318,0.1933,0.201,4250003.84476697,1710547199999
1710547200000,0.20099,0.20583,0.19419,0.19807,1176823.23004249,1710575999999
1710576000000,0.19825,0.20283,0.19,0.19255,2284635.71351506,1710604799999
1710604800000,0.19352,0.29,0.18026,0.23706,3.288870517496399E7,1710633599999
1710633600000,0.23784,0.285,0.22845,0.25,1.880317591910458E7,1710662399999
1710662400000,0.24879,0.35,0.23318,0.28129,6.040185543315127E7,1710691199999
1710691200000,0.28129,0.3049,0.26632,0.27272,1.844987610754547E7,1710719999999
1710720000000,0.27162,0.27584,0.25515,0.2709,6915108.31616248,1710748799999
1710748800000,0.27036,0.325,0.2633,0.27185,2.272046931220145E7,1710777599999
1710777600000,0.27196,0.2808,0.24852,0.26821,6453598.74529218,1710806399999
1710806400000,0.26921,0.292,0.22386,0.24556,6938112.85233833,1710835199999
1710835200000,0.24577,0.25844,0.23195,0.25325,6760004.14949819,1710863999999
1710864000000,0.25393,0.27904,0.23958,0.24358,6029902.37565301,1710892799999
1710892800000,0.24437,0.32,0.24437,0.28451,1.20316029611906E7,1710921599999
1710921600000,0.28424,0.31332,0.28295,0.28576,8801718.22508469,1710950399999
1710950400000,0.28615,0.35,0.27962,0.31528,1.262545659825412E7,1710979199999
1710979200000,0.31546,0.32746,0.29313,0.30371,3485142.63999317,1711007999999
1711008000000,0.30362,0.30667,0.292,0.29998,3355589.65452469,1711036799999
1711036800000,0.29998,0.30091,0.28979,0.29054,2479474.29845531,1711065599999
1711065600000,0.29039,0.30043,0.28825,0.2915,1576413.9793064,1711094399999
1711094400000,0.29059,0.29239,0.2625,0.27237,4463369.29851553,1711123199999
1711123200000,0.27075,0.27409,0.26245,0.27023,1933755.4746306,1711151999999
1711152000000,0.26871,0.2885,0.26796,0.28684,2028473.13627922,1711180799999
1711180800000,0.28694,0.32685,0.279,0.29727,7878147.83980174,1711209599999
1711209600000,0.2977,0.30815,0.28603,0.28711,2775819.14933999,1711238399999
1711238400000,0.28796,0.29356,0.27617,0.27901,1324983.12321386,1711267199999
1711267200000,0.27898,0.29281,0.27742,0.2862,3067015.26430521,1711295999999
1711296000000,0.28503,0.293,0.2774,0.28995,1354134.38731529,1711324799999
1711324800000,0.29027,0.3189,0.2888,0.29355,3336563.3723555,1711353599999
1711353600000,0.29356,0.29993,0.29001,0.29855,2548967.84052443,1711382399999
1711382400000,0.29817,0.32137,0.2934,0.2984,4671064.66507233,1711411199999
1711411200000,0.29825,0.30543,0.29687,0.30079,1227232.64152126,1711439999999
1711440000000,0.30078,0.316,0.28328,0.29152,2862200.79280379,1711468799999
1711468800000,0.28987,0.29233,0.27925,0.28367,1973715.93655918,1711497599999
1711497600000,0.2846,0.28803,0.27365,0.27475,1401611.83783101,1711526399999
1711526400000,0.27474,0.28283,0.27086,0.27182,2463962.83839291,1711555199999
1711555200000,0.27135,0.27313,0.26459,0.26561,1287999.33254198,1711583999999
1711584000000,0.26591,0.27312,0.26303,0.27092,658163.15387139,1711612799999
1711612800000,0.27054,0.27246,0.26258,0.26595,1057757.888228,1711641599999
1711641600000,0.26592,0.26767,0.25582,0.25582,1030127.15725589,1711670399999
1711670400000,0.25582,0.25582,0.24001,0.24668,1705873.21219978,1711699199999
1711699200000,0.24812,0.26182,0.24722,0.25084,2305696.26856953,1711727999999
1711728000000,0.25172,0.25361,0.24466,0.24834,809432.20517385,1711756799999
1711756800000,0.24883,0.25491,0.24635,0.24837,334227.44912114,1711785599999
1711785600000,0.24806,0.24915,0.2325,0.23652,2284305.94145801,1711814399999
1711814400000,0.23611,0.26873,0.23382,0.25565,3978461.18285234,1711843199999
1711843200000,0.2551,0.27534,0.25443,0.26571,1176185.02406775,1711871999999
1711872000000,0.26582,0.29013,0.25868,0.26065,5808025.40370166,1711900799999
1711900800000,0.26074,0.28986,0.25921,0.27309,4275716.98265907,1711929599999
1711929600000,0.27291,0.27304,0.25641,0.26844,1140936.58130514,1711958399999
1711958400000,0.26898,0.27412,0.24679,0.2507,1403774.62772218,1711987199999
1711987200000,0.2502,0.25234,0.24242,0.25041,1011648.62402626,1712015999999
1712016000000,0.25118,0.25118,0.23441,0.23605,885038.78995771,1712044799999
1712044800000,0.23556,0.24907,0.22748,0.23807,1665133.53216869,1712073599999
1712073600000,0.23833,0.24044,0.2353,0.23642,980627.68470355,1712102399999
1712102400000,0.23576,0.24375,0.22336,0.22816,960892.37478617,1712131199999
1712131200000,0.22778,0.23218,0.22012,0.22204,1117592.06815935,1712159999999
1712160000000,0.22197,0.22933,0.21549,0.22151,1236672.75701389,1712188799999
1712188800000,0.22042,0.23767,0.21641,0.23234,1499748.46324961,1712217599999
1712217600000,0.23332,0.23863,0.22545,0.23285,869422.63726344,1712246399999
1712246400000,0.23293,0.2362,0.22506,0.22675,609306.98171659,1712275199999
1712275200000,0.22561,0.22749,0.2062,0.20982,1172910.04201509,1712303999999
1712304000000,0.20991,0.212,0.20101,0.21043,1164707.2239559,1712332799999
1712332800000,0.21045,0.21676,0.20974,0.2151,571762.94388364,1712361599999
1712361600000,0.21483,0.22025,0.21468,0.21667,177443.06304826,1712390399999
1712390400000,0.21621,0.23,0.21539,0.22423,1024049.03673194,1712419199999
1712419200000,0.22425,0.24,0.22342,0.23526,2028033.28202226,1712447999999
1712448000000,0.23584,0.24478,0.23449,0.23756,850178.90757672,1712476799999
1712476800000,0.237,0.24,0.2316,0.23204,758920.83710658,1712505599999
1712505600000,0.23202,0.26,0.225,0.23982,2812825.1020174,1712534399999
1712534400000,0.24144,0.25818,0.23872,0.25568,1176623.13052213,1712563199999
1712563200000,0.25654,0.2585,0.24549,0.24731,943337.67877845,1712591999999
1712592000000,0.24818,0.25764,0.24507,0.24528,1238512.11177083,1712620799999
1712620800000,0.24566,0.25186,0.24405,0.24526,416659.6898067,1712649599999
1712649600000,0.24471,0.252,0.23746,0.23927,731809.11890593,1712678399999
1712678400000,0.2385,0.24155,0.23457,0.23552,921439.33551882,1712707199999
1712707200000,0.23693,0.23863,0.22864,0.23036,360249.91781311,1712735999999
1712736000000,0.23039,0.23181,0.22061,0.22853,734992.11733599,1712764799999
1712764800000,0.2285,0.23356,0.22582,0.23013,416883.54328416,1712793599999
1712793600000,0.22926,0.23325,0.22712,0.23251,243252.03126065,1712822399999
1712822400000,0.23252,0.23466,0.22109,0.22339,445209.56199493,1712851199999
1712851200000,0.22423,0.22423,0.21866,0.2206,334587.0924808,1712879999999
1712880000000,0.21924,0.22625,0.21924,0.22048,184732.46303534,1712908799999
1712908800000,0.22065,0.22176,0.20708,0.20759,524577.42757371,1712937599999
1712937600000,0.20784,0.21117,0.18596,0.1903,1937188.20964536,1712966399999
1712966400000,0.1907,0.2045,0.18281,0.20428,607743.77704017,1712995199999
1712995200000,0.20449,0.245,0.20195,0.23299,4480540.74675957,1713023999999
1713024000000,0.23297,0.2355,0.16625,0.19294,5986534.67486782,1713052799999
1713052800000,0.19303,0.22,0.193,0.21515,2304810.04424492,1713081599999
1713081600000,0.21512,0.2282,0.20281,0.20958,3329502.01277704,1713110399999
1713110400000,0.20953,0.21112,0.19648,0.20675,1156282.00917462,1713139199999
1713139200000,0.20534,0.22709,0.20513,0.22332,1296682.07937826,1713167999999
1713168000000,0.22336,0.22934,0.2129,0.21586,843709.13224562,1713196799999
1713196800000,0.2161,0.21702,0.19433,0.20055,1337701.47209381,1713225599999
1713225600000,0.20008,0.206,0.194,0.20328,369019.80926262,1713254399999
1713254400000,0.2032,0.2032,0.18704,0.18809,633345.72876316,1713283199999
1713283200000,0.18799,0.206,0.18693,0.19932,1101093.90208358,1713311999999
1713312000000,0.1993,0.20299,0.19434,0.19534,517010.05213811,1713340799999
1713340800000,0.19569,0.19569,0.17796,0.17941,689318.67912829,1713369599999
1713369600000,0.17928,0.188,0.17642,0.17916,1273663.43175308,1713398399999
1713398400000,0.17801,0.18407,0.175,0.17627,421295.32637404,1713427199999
1713427200000,0.17627,0.18599,0.17456,0.18565,1107979.80673598,1713455999999
1713456000000,0.18552,0.18665,0.18164,0.18524,530315.82168793,1713484799999
1713484800000,0.18496,0.18665,0.16918,0.18411,642359.37297878,1713513599999
1713513600000,0.18398,0.19245,0.17939,0.1846,1019559.24697069,1713542399999
1713542400000,0.18474,0.18598,0.1794,0.18177,582493.04552922,1713571199999
1713571200000,0.18131,0.19,0.17932,0.18316,229292.84635223,1713599999999
1713600000000,0.18385,0.18816,0.1801,0.18771,591081.94301231,1713628799999
1713628800000,0.18779,0.19657,0.18779,0.19577,692753.27696406,1713657599999
1713657600000,0.19657,0.20102,0.19403,0.19706,401625.55282775,1713686399999
1713686400000,0.19722,0.19995,0.19263,0.19995,580045.1722406,1713715199999
1713715200000,0.19895,0.22206,0.19695,0.20497,6936143.99888684,1713743999999
1713744000000,0.20495,0.20994,0.20305,0.20382,778409.04297441,1713772799999
1713772800000,0.20358,0.20432,0.198,0.19988,687479.78570021,1713801599999
1713801600000,0.19976,0.20432,0.19791,0.20298,887270.9370417,1713830399999
1713830400000,0.2038,0.22416,0.20242,0.21609,2204291.38994024,1713859199999
1713859200000,0.21686,0.21836,0.2098,0.2106,1881005.13793936,1713887999999
1713888000000,0.21091,0.217,0.20738,0.20857,600238.61350781,1713916799999
1713916800000,0.21038,0.2154,0.20726,0.20797,408516.70039742,1713945599999
1713945600000,0.20735,0.21405,0.20091,0.20096,766767.54441765,1713974399999
1713974400000,0.20117,0.20847,0.1957,0.19893,488157.32584353,1714003199999
1714003200000,0.19916,0.20054,0.19239,0.19271,310397.48487567,1714031999999
1714032000000,0.19337,0.19447,0.18571,0.19046,764570.40286768,1714060799999
1714060800000,0.19166,0.19343,0.18973,0.19128,444846.15031197,1714089599999
1714089600000,0.19083,0.19157,0.18301,0.18371,375068.35499364,1714118399999
1714118400000,0.18344,0.1845,0.17,0.17461,1396749.85612833,1714147199999
1714147200000,0.17478,0.18111,0.17436,0.17592,569080.81929977,1714175999999
1714176000000,0.17592,0.17723,0.17242,0.1752,230669.52256234,1714204799999
1714204800000,0.17552,0.18387,0.175,0.18068,730191.09442481,1714233599999
1714233600000,0.18162,0.18429,0.17847,0.18243,559643.0127453,1714262399999
1714262400000,0.18256,0.18775,0.18256,0.18619,319820.69776745,1714291199999
1714291200000,0.18616,0.18924,0.18,0.18924,576902.59417021,1714319999999
1714320000000,0.18852,0.1889,0.18189,0.18292,250683.55025621,1714348799999
1714348800000,0.18278,0.18278,0.17273,0.17483,293176.2187444,1714377599999
1714377600000,0.17453,0.17659,0.17175,0.1761,284282.66059922,1714406399999
1714406400000,0.17724,0.18047,0.17575,0.18033,352674.0535168,1714435199999
1714435200000,0.18005,0.1813,0.17729,0.17826,177291.07775712,1714463999999
1714464000000,0.17747,0.17747,0.16065,0.16536,1049385.02992136,1714492799999
1714492800000,0.16372,0.16881,0.16008,0.16742,629629.05024869,1714521599999
1714521600000,0.16818,0.16818,0.15762,0.15842,260104.8143003,1714550399999
1714550400000,0.15779,0.16531,0.15364,0.15909,497907.5749672,1714579199999
1714579200000,0.15836,0.16642,0.15735,0.16478,347870.64291555,1714607999999
1714608000000,0.165,0.165,0.158,0.1609,123457.4227645,1714636799999
1714636800000,0.1608,0.16796,0.1608,0.16742,504274.12352282,1714665599999
1714665600000,0.16734,0.1683,0.16521,0.16695,439232.91450795,1714694399999
1714694400000,0.16716,0.17164,0.16637,0.16739,236682.15253576,1714723199999
1714723200000,0.1678,0.17558,0.16519,0.1753,646625.64212977,1714751999999
1714752000000,0.1753,0.18777,0.17509,0.18139,1043530.99678561,1714780799999
1714780800000,0.18183,0.18665,0.18133,0.18283,155877.09033341,1714809599999
1714809600000,0.18283,0.1851,0.17711,0.17754,507080.87059815,1714838399999
1714838400000,0.1773,0.17938,0.17547,0.17656,267680.06762009,1714867199999
1714867200000,0.17552,0.1775,0.17028,0.17492,441676.03457304,1714895999999
1714896000000,0.17451,0.188,0.17392,0.18522,1186852.35098464,1714924799999
1714924800000,0.18528,0.18799,0.18145,0.18491,654768.43484874,1714953599999
1714953600000,0.18413,0.20311,0.1838,0.19268,1998429.48314028,1714982399999
1714982400000,0.19261,0.19391,0.184,0.18692,1354315.12834202,1715011199999
1715011200000,0.1868,0.18785,0.1835,0.18446,618048.30474712,1715039999999
1715040000000,0.1853,0.18694,0.18342,0.1845,138547.73305906,1715068799999
1715068800000,0.18436,0.19017,0.18261,0.18512,500017.36654837,1715097599999
1715097600000,0.18501,0.188,0.179,0.179,380723.72892789,1715126399999
1715126400000,0.17968,0.17985,0.1726,0.17356,563433.79240177,1715155199999
1715155200000,0.17416,0.18167,0.17404,0.17982,782564.64248854,1715183999999
1715184000000,0.17936,0.18159,0.17526,0.17673,274156.91731485,1715212799999
1715212800000,0.1764,0.18145,0.1764,0.17663,162918.38092734,1715241599999
1715241600000,0.17612,0.17716,0.17019,0.17607,487926.721719,1715270399999
1715270400000,0.17619,0.17997,0.17516,0.17971,325980.82699489,1715299199999
1715299200000,0.17928,0.18539,0.17877,0.1846,328358.94582905,1715327999999
1715328000000,0.18354,0.1849,0.173,0.17489,592909.65003734,1715356799999
1715356800000,0.1746,0.17617,0.1716,0.17331,454543.79692826,1715385599999
1715385600000,0.17257,0.17555,0.17189,0.17443,95088.81003316,1715414399999
1715414400000,0.17386,0.17676,0.17,0.17573,389757.18920134,1715443199999
1715443200000,0.17635,0.1769,0.17327,0.17382,232440.83226515,1715471999999
1715472000000,0.17394,0.17743,0.17394,0.17536,124676.0882711,1715500799999
1715500800000,0.17545,0.17702,0.17365,0.17573,84807.26066084,1715529599999
1715529600000,0.17592,0.17653,0.17,0.17067,226580.39784769,1715558399999
1715558400000,0.17109,0.17109,0.15981,0.16758,220379.31737068,1715587199999
1715587200000,0.16757,0.16945,0.16517,0.16701,227838.4569464,1715615999999
1715616000000,0.16683,0.16892,0.16403,0.16449,149311.58795695,1715644799999
1715644800000,0.16613,0.16613,0.15823,0.16129,158858.25480852,1715673599999
1715673600000,0.16046,0.16082,0.15505,0.1574,134706.25952833,1715702399999
1715702400000,0.1573,0.15734,0.15176,0.15422,501081.15735229,1715731199999
1715731200000,0.15481,0.15734,0.15392,0.15595,109435.92854278,1715759999999
1715760000000,0.15464,0.16141,0.15034,0.1593,874707.21217519,1715788799999
1715788800000,0.15934,0.165,0.15859,0.16302,354591.35305276,1715817599999
1715817600000,0.16465,0.16663,0.16138,0.1644,180427.96775133,1715846399999
1715846400000,0.16444,0.16649,0.15354,0.16032,441951.65749452,1715875199999
1715875200000,0.16054,0.16406,0.15744,0.16326,396620.46751129,1715903999999
1715904000000,0.16296,0.165,0.16055,0.16434,179757.56043177,1715932799999
1715932800000,0.16509,0.17127,0.16478,0.17063,698434.62078442,1715961599999
1715961600000,0.16999,0.17182,0.16445,0.16661,282910.80820381,1715990399999
1715990400000,0.16685,0.16881,0.16659,0.1678,61838.10737981,1716019199999
1716019200000,0.16838,0.17049,0.166,0.166,315922.54405173,1716047999999
1716048000000,0.16648,0.171,0.16601,0.1709,92241.11298987,1716076799999
1716076800000,0.16973,0.18899,0.16948,0.18312,2643650.71575241,1716105599999
1716105600000,0.1837,0.1985,0.179,0.18855,7726323.42378473,1716134399999
1716134400000,0.18856,0.19039,0.179,0.18063,1874494.49638721,1716163199999
1716163200000,0.17981,0.18927,0.175,0.18403,1400972.63668266,1716191999999
1716192000000,0.18395,0.18682,0.175,0.18155,754901.07265138,1716220799999
1716220800000,0.182,0.19211,0.181,0.19036,1505778.05692807,1716249599999
1716249600000,0.19053,0.191,0.182,0.18589,1116372.94229309,1716278399999
1716278400000,0.18552,0.19277,0.18432,0.18739,771720.37797828,1716307199999
1716307200000,0.18756,0.18906,0.18383,0.18753,665994.35219182,1716335999999
1716336000000,0.18718,0.18718,0.17964,0.18146,529971.1185189,1716364799999
1716364800000,0.18094,0.1832,0.1766,0.18151,486114.28747615,1716393599999
1716393600000,0.18088,0.18302,0.17716,0.17781,334130.2293755,1716422399999
1716422400000,0.17752,0.1855,0.17752,0.18331,333266.74401478,1716451199999
1716451200000,0.1825,0.1825,0.1688,0.17206,830951.03464552,1716479999999
1716480000000,0.17192,0.17393,0.16376,0.17305,550943.41750243,1716508799999
1716508800000,0.17236,0.17723,0.1707,0.17358,137054.85430257,1716537599999
1716537600000,0.17342,0.18058,0.17053,0.1769,525310.39968354,1716566399999
1716566400000,0.17688,0.17721,0.17428,0.17521,192547.56460098,1716595199999
1716595200000,0.17546,0.18525,0.17541,0.18305,499345.00412461,1716623999999
1716624000000,0.1824,0.18431,0.17685,0.17908,333481.66026853,1716652799999
1716652800000,0.17886,0.18042,0.17788,0.17969,101701.18396151,1716681599999
1716681600000,0.17938,0.1803,0.17598,0.17649,157135.0710044,1716710399999
1716710400000,0.1766,0.1775,0.17415,0.17558,290600.81030029,1716739199999
1716739200000,0.17668,0.17727,0.1737,0.17727,165950.98830866,1716767999999
1716768000000,0.17664,0.17868,0.17241,0.17354,196615.85498188,1716796799999
1716796800000,0.17387,0.17885,0.17324,0.17799,274668.17331564,1716825599999
1716825600000,0.1785,0.17973,0.17582,0.17702,684698.56934144,1716854399999
1716854400000,0.17654,0.17731,0.17177,0.1733,83113.31093344,1716883199999
1716883200000,0.17341,0.17565,0.17052,0.17161,254677.6403536,1716911999999
1716912000000,0.17173,0.17397,0.16973,0.17363,300092.37420197,1716940799999
1716940800000,0.17298,0.1763,0.17243,0.17482,86660.57208323,1716969599999
1716969600000,0.17417,0.17813,0.17297,0.17683,466336.83908119,1716998399999
1716998400000,0.17685,0.178,0.1745,0.17612,383654.64062956,1717027199999
1717027200000,0.17512,0.17999,0.16934,0.16936,432214.95891521,1717055999999
1717056000000,0.16943,0.17573,0.16846,0.17534,367697.60201356,1717084799999
1717084800000,0.17619,0.17665,0.17108,0.17163,220401.44239639,1717113599999
1717113600000,0.17146,0.17176,0.16849,0.1713,257326.41692882,1717142399999
1717142400000,0.17069,0.18115,0.17069,0.17333,1267697.90585133,1717171199999
1717171200000,0.17305,0.17663,0.17168,0.17588,152084.45171214,1717199999999
1717200000000,0.17478,0.17505,0.17278,0.17319,235363.18723908,1717228799999
1717228800000,0.17252,0.17305,0.17008,0.17196,112277.85825447,1717257599999
1717257600000,0.17173,0.17775,0.17173,0.17582,323297.23633091,1717286399999
1717286400000,0.1754,0.17676,0.17058,0.17109,218973.95228065,1717315199999
1717315200000,0.17057,0.1732,0.16923,0.17166,184152.61216376,1717343999999
1717344000000,0.17251,0.1727,0.16882,0.1697,139382.08567746,1717372799999
1717372800000,0.16968,0.17345,0.16796,0.17104,311848.00073664,1717401599999
1717401600000,0.17159,0.17372,0.16931,0.17071,257833.64264848,1717430399999
1717430400000,0.17095,0.17134,0.16877,0.16901,151257.91776559,1717459199999
1717459200000,0.16852,0.17006,0.16741,0.16844,128622.51546111,1717487999999
1717488000000,0.16899,0.17019,0.16774,0.17019,113194.85762571,1717516799999
1717516800000,0.17048,0.17453,0.16988,0.17391,336170.32712246,1717545599999
1717545600000,0.17446,0.17688,0.1738,0.1749,248665.73044376,1717574399999
1717574400000,0.17523,0.17782,0.17289,0.17719,262847.37395504,1717603199999
1717603200000,0.17755,0.1778,0.17555,0.17689,201562.25372217,1717631999999
1717632000000,0.17689,0.20716,0.17588,0.19274,3741447.54774037,1717660799999
1717660800000,0.19301,0.2024,0.18676,0.18988,3739425.48466599,1717689599999
1717689600000,0.18977,0.20133,0.18934,0.19858,1898150.41692981,1717718399999
1717718400000,0.19926,0.20486,0.19002,0.19683,934811.74409893,1717747199999
1717747200000,0.19666,0.20022,0.19147,0.19271,758148.71455349,1717775999999
1717776000000,0.19278,0.19311,0.17625,0.1797,1401271.71660446,1717804799999
1717804800000,0.17973,0.18294,0.17777,0.1808,219861.48616759,1717833599999
1717833600000,0.18111,0.18204,0.17183,0.175,600570.10208251,1717862399999
1717862400000,0.1747,0.17488,0.17009,0.17063,380344.53645681,1717891199999
1717891200000,0.17,0.17,0.16546,0.16879,138636.40371684,1717919999999
1717920000000,0.16827,0.17162,0.16827,0.17072,86288.74334229,1717948799999
1717948800000,0.17116,0.17553,0.1695,0.17478,343924.53349099,1717977599999
1717977600000,0.17328,0.1747,0.16491,0.16501,204179.90007611,1718006399999
1718006400000,0.16554,0.16955,0.16367,0.16856,406257.4359459,1718035199999
1718035200000,0.168,0.16881,0.16301,0.16476,264489.95636233,1718063999999
1718064000000,0.16464,0.1647,0.15776,0.16007,338914.38734803,1718092799999
1718092800000,0.16032,0.16208,0.15394,0.15534,336227.25088222,1718121599999
1718121600000,0.15574,0.15895,0.15438,0.15767,421997.9980067,1718150399999
1718150400000,0.15705,0.16215,0.15511,0.16107,156785.16630499,1718179199999
1718179200000,0.16146,0.16802,0.16014,0.16703,223783.67510078,1718207999999
1718208000000,0.16663,0.16706,0.1572,0.15862,194209.60142274,1718236799999
1718236800000,0.15806,0.15849,0.1453,0.1515,439385.19153371,1718265599999
1718265600000,0.15181,0.15893,0.15044,0.15145,585860.9247112,1718294399999
1718294400000,0.15115,0.15367,0.14993,0.15062,298506.45526163,1718323199999
1718323200000,0.15153,0.15576,0.14956,0.15546,101890.81433065,1718351999999
1718352000000,0.15576,0.15823,0.15079,0.15083,217858.41234248,1718380799999
1718380800000,0.15149,0.15149,0.1429,0.14703,667774.72052244,1718409599999
1718409600000,0.14722,0.15314,0.14671,0.15148,131169.8358356,1718438399999
1718438400000,0.15211,0.15211,0.14906,0.15035,252249.24317098,1718467199999
1718467200000,0.151,0.151,0.14757,0.14848,105616.81709025,1718495999999
1718496000000,0.14762,0.14905,0.1459,0.14829,53458.04831747,1718524799999
1718524800000,0.14791,0.15223,0.14732,0.15223,128408.2780355,1718553599999
1718553600000,0.15182,0.15236,0.1495,0.15056,132132.78367239,1718582399999
1718582400000,0.15086,0.15138,0.13921,0.14158,288402.45341218,1718611199999
1718611200000,0.14127,0.14127,0.13415,0.13675,687783.7354755,1718639999999
1718640000000,0.13628,0.14209,0.13458,0.13762,246835.33630646,1718668799999
1718668800000,0.13768,0.13768,0.12154,0.12889,724943.76432267,1718697599999
1718697600000,0.12871,0.13036,0.11946,0.12307,556739.20209377,1718726399999
1718726400000,0.1227,0.12649,0.12124,0.12584,187511.01762499,1718755199999
1718755200000,0.12634,0.12931,0.125,0.12889,106718.11768176,1718783999999
1718784000000,0.12811,0.12972,0.12448,0.12548,199343.91589293,1718812799999
1718812800000,0.12582,0.12827,0.12419,0.12445,99079.53229295,1718841599999
1718841600000,0.12467,0.1338,0.12456,0.13356,515715.57339928,1718870399999
1718870400000,0.13349,0.135,0.12741,0.12804,223435.91365197,1718899199999
1718899200000,0.12741,0.13285,0.12741,0.1303,515447.06746845,1718927999999
1718928000000,0.13,0.13176,0.1275,0.1275,96100.89179577,1718956799999
1718956800000,0.12778,0.13061,0.12551,0.12962,185028.82603238,1718985599999
1718985600000,0.13008,0.13129,0.12681,0.1273,138577.75792496,1719014399999
1719014400000,0.12614,0.12731,0.12419,0.12439,98354.05420273,1719043199999
1719043200000,0.12367,0.12421,0.12141,0.12295,548833.25694892,1719071999999
1719072000000,0.12256,0.12281,0.11769,0.11857,1212293.65635102,1719100799999
1719100800000,0.11824,0.12092,0.11708,0.11984,326428.89491195,1719129599999
1719129600000,0.11984,0.12082,0.1155,0.11576,512486.75534421,1719158399999
1719158400000,0.1157,0.1157,0.11054,0.11084,392032.88744046,1719187199999
1719187200000,0.1113,0.11233,0.1055,0.10673,628518.59038724,1719215999999
1719216000000,0.10673,0.1122,0.10441,0.10804,686688.27669615,1719244799999
1719244800000,0.10907,0.113,0.1074,0.113,530932.5878613,1719273599999
1719273600000,0.11304,0.11497,0.11268,0.11298,146711.12154737,1719302399999
1719302400000,0.11283,0.11691,0.1116,0.11664,429014.36423125,1719331199999
1719331200000,0.11652,0.11779,0.11532,0.11538,202256.70885767,1719359999999
1719360000000,0.11599,0.11702,0.11433,0.11433,140664.34204483,1719388799999
1719388800000,0.11524,0.11738,0.1135,0.11522,312829.33941637,1719417599999
1719417600000,0.11522,0.11738,0.11356,0.11648,371393.15085849,1719446399999
1719446400000,0.11643,0.11643,0.113,0.1137,393580.79681396,1719475199999
1719475200000,0.11379,0.13,0.11355,0.12009,3926923.49876916,1719503999999
1719504000000,0.12,0.12451,0.11944,0.12199,682232.75630191,1719532799999
1719532800000,0.1234,0.12613,0.1197,0.12017,520208.63190738,1719561599999
1719561600000,0.12026,0.12177,0.11876,0.12004,493744.72097789,1719590399999
1719590400000,0.11966,0.11966,0.11553,0.11553,882195.12939552,1719619199999
1719619200000,0.11608,0.12006,0.11608,0.11964,80031.56635426,1719647999999
1719648000000,0.11872,0.12038,0.11642,0.11762,341259.97888107,1719676799999
1719676800000,0.1173,0.13262,0.11488,0.12786,4871992.00466343,1719705599999
1719705600000,0.1285,0.14334,0.12151,0.13098,4966760.83152059,1719734399999
1719734400000,0.13057,0.16391,0.13057,0.13793,1.967039448609783E7,1719763199999
1719763200000,0.13738,0.14517,0.13556,0.13802,4191594.07253306,1719791999999
1719792000000,0.13762,0.15419,0.13492,0.13867,2821054.83128403,1719820799999
1719820800000,0.13883,0.1405,0.13161,0.13166,2180371.43179727,1719849599999
1719849600000,0.13174,0.13592,0.13092,0.13338,908872.76313777,1719878399999
1719878400000,0.13469,0.13808,0.133,0.13703,498783.21647942,1719907199999
1719907200000,0.1376,0.15156,0.13467,0.14728,3390647.32817982,1719935999999
1719936000000,0.1483,0.15013,0.14237,0.14407,1888184.17700466,1719964799999
1719964800000,0.14411,0.14905,0.13865,0.14358,586779.08853044,1719993599999
1719993600000,0.14303,0.14704,0.13341,0.13564,1336904.12042648,1720022399999
1720022400000,0.13572,0.13683,0.13161,0.13273,380679.13858628,1720051199999
1720051200000,0.13417,0.13437,0.12665,0.12758,551044.03826732,1720079999999
1720080000000,0.12739,0.12851,0.11909,0.12362,877256.86536554,1720108799999
1720108800000,0.1231,0.124,0.11738,0.11802,589905.79328907,1720137599999
1720137600000,0.1178,0.1178,0.097517,0.10116,1755114.61310922,1720166399999
1720166400000,0.10072,0.113,0.095,0.11299,1717746.32056025,1720195199999
1720195200000,0.11272,0.11414,0.11069,0.11372,573405.81654466,1720223999999
1720224000000,0.11262,0.11657,0.11078,0.11548,624436.55239861,1720252799999
1720252800000,0.1156,0.12496,0.1146,0.11596,2008976.33656772,1720281599999
1720281600000,0.11575,0.12046,0.11575,0.1189,378316.84387091,1720310399999
1720310400000,0.11891,0.11926,0.11265,0.11385,71314.55981933,1720339199999
1720339200000,0.11367,0.11577,0.11004,0.11234,273178.09408477,1720367999999
1720368000000,0.11214,0.11356,0.1088,0.10918,268843.06668958,1720396799999
1720396800000,0.10933,0.11057,0.10522,0.10896,261359.95133905,1720425599999
1720425600000,0.10894,0.11651,0.10894,0.1102,519215.08909025,1720454399999
1720454400000,0.11058,0.11082,0.10701,0.10915,650883.76836684,1720483199999
1720483200000,0.10899,0.11298,0.10745,0.11194,212580.29026345,1720511999999
1720512000000,0.11267,0.11363,0.10879,0.11089,639254.4941947,1720540799999
1720540800000,0.11076,0.11393,0.11076,0.1115,489267.99191261,1720569599999
1720569600000,0.1124,0.11712,0.11205,0.1154,207868.05496417,1720598399999
1720598400000,0.11553,0.1156,0.11157,0.11449,318169.23273854,1720627199999
1720627200000,0.11408,0.11499,0.1121,0.11337,156132.18888904,1720655999999
1720656000000,0.1134,0.11638,0.1128,0.11597,190405.68621354,1720684799999
1720684800000,0.11639,0.12041,0.11431,0.11476,703511.21517395,1720713599999
1720713600000,0.11503,0.11735,0.1128,0.11305,376695.4792832,1720742399999
1720742400000,0.11308,0.1136,0.11058,0.11163,231995.73043051,1720771199999
1720771200000,0.11163,0.11507,0.11007,0.11406,1036543.38599173,1720799999999
1720800000000,0.11335,0.11604,0.11263,0.11481,702693.77641869,1720828799999
1720828800000,0.11473,0.11607,0.11402,0.11557,85963.47261093,1720857599999
1720857600000,0.11576,0.11748,0.11515,0.11628,368738.5119309,1720886399999
1720886400000,0.11663,0.11699,0.114,0.11617,816724.85509112,1720915199999
1720915200000,0.11609,0.11974,0.11455,0.11849,520858.08656264,1720943999999
1720944000000,0.11737,0.119,0.11523,0.11642,789366.62656519,1720972799999
1720972800000,0.11618,0.12089,0.11565,0.11953,276423.75160564,1721001599999
1721001600000,0.1196,0.12355,0.11933,0.12261,420152.01262449,1721030399999
1721030400000,0.12216,0.12308,0.12019,0.12226,401756.03881808,1721059199999
1721059200000,0.1222,0.12648,0.1222,0.12537,701052.53297314,1721087999999
1721088000000,0.1264,0.12675,0.12079,0.12138,548354.75882029,1721116799999
1721116800000,0.121,0.1264,0.11885,0.1264,492689.09152862,1721145599999
1721145600000,0.12639,0.12966,0.12402,0.12591,735473.04607014,1721174399999
1721174400000,0.126,0.12696,0.12279,0.12474,609383.1031328,1721203199999
1721203200000,0.12469,0.1313,0.12363,0.12842,625446.27050442,1721231999999
1721232000000,0.1284,0.1284,0.12366,0.12523,435704.80731016,1721260799999
1721260800000,0.12548,0.129,0.12369,0.12642,247287.82129573,1721289599999
1721289600000,0.12614,0.12762,0.1163,0.11847,2595584.59523522,1721318399999
1721318400000,0.11753,0.12016,0.116,0.11836,610191.38953241,1721347199999
1721347200000,0.11873,0.12293,0.117,0.12,562434.0218407,1721375999999
1721376000000,0.11996,0.12351,0.11878,0.12214,1333541.63160453,1721404799999
1721404800000,0.12258,0.12432,0.12132,0.12308,844733.28125377,1721433599999
1721433600000,0.12337,0.12678,0.12237,0.12531,476253.87777557,1721462399999
1721462400000,0.12569,0.127,0.1244,0.12663,220712.5673992,1721491199999
1721491200000,0.12711,0.12774,0.12362,0.12372,490467.39325964,1721519999999
1721520000000,0.12483,0.12612,0.12162,0.12253,235141.41111159,1721548799999
1721548800000,0.12244,0.12381,0.12117,0.12257,514518.30730804,1721577599999
1721577600000,0.12262,0.12633,0.12,0.12524,642419.38852014,1721606399999
1721606400000,0.12585,0.12594,0.11996,0.12058,538865.75903879,1721635199999
1721635200000,0.12136,0.12288,0.11876,0.11901,215541.03969722,1721663999999
1721664000000,0.1189,0.12238,0.11809,0.1187,732734.85700785,1721692799999
1721692800000,0.11929,0.12118,0.116,0.11694,498715.19288548,1721721599999
1721721600000,0.11681,0.12046,0.11539,0.1162,426020.25848213,1721750399999
1721750400000,0.1155,0.11572,0.11281,0.11414,124881.53109212,1721779199999
1721779200000,0.11364,0.11594,0.11246,0.11594,255829.14967016,1721807999999
1721808000000,0.116,0.12009,0.115,0.11561,202610.0921778,1721836799999
1721836800000,0.11489,0.11743,0.1113,0.11305,432907.62415628,1721865599999
1721865600000,0.11318,0.11323,0.10868,0.11159,366687.08675438,1721894399999
1721894400000,0.11167,0.11232,0.10887,0.11035,156969.88579193,1721923199999
1721923200000,0.11109,0.11238,0.10821,0.11222,138406.27749378,1721951999999
1721952000000,0.11225,0.11756,0.11225,0.1171,246949.4063931,1721980799999
1721980800000,0.11656,0.1188,0.11472,0.11832,320305.26237262,1722009599999
1722009600000,0.1188,0.11935,0.11744,0.11871,231412.23358194,1722038399999
1722038400000,0.11885,0.11885,0.11611,0.11758,107936.30114479,1722067199999
1722067200000,0.11784,0.11789,0.11517,0.11563,242981.05902887,1722095999999
1722096000000,0.11598,0.11638,0.11254,0.11432,402663.0708231,1722124799999
1722124800000,0.11393,0.11393,0.11069,0.11244,128236.68433939,1722153599999
1722153600000,0.11201,0.11518,0.11169,0.11225,261623.87277673,1722182399999
1722182400000,0.11263,0.11654,0.11248,0.11549,513233.95427922,1722211199999
1722211200000,0.11588,0.12652,0.11544,0.11897,1188551.84098484,1722239999999
1722240000000,0.11876,0.12658,0.11834,0.11976,1844567.00159832,1722268799999
1722268800000,0.11955,0.12196,0.11757,0.11881,741701.96600939,1722297599999
1722297600000,0.11815,0.12086,0.1175,0.11965,231168.89438002,1722326399999
1722326400000,0.11951,0.12014,0.11486,0.11594,848897.94957433,1722355199999
1722355200000,0.11563,0.11637,0.1115,0.11315,711688.05334026,1722383999999
1722384000000,0.11318,0.11683,0.11168,0.11523,349411.61643823,1722412799999
1722412800000,0.11523,0.11648,0.1133,0.11566,303850.13764584,1722441599999
1722441600000,0.11609,0.11715,0.1121,0.11301,320099.59119181,1722470399999
1722470400000,0.1132,0.1137,0.1077,0.11005,350494.10568344,1722499199999
1722499200000,0.10996,0.1118,0.1075,0.10892,403555.3551328,1722527999999
1722528000000,0.1074,0.11131,0.10281,0.10991,712466.94568852,1722556799999
1722556800000,0.10964,0.11004,0.10449,0.10644,314646.34764583,1722585599999
1722585600000,0.10609,0.10773,0.10035,0.10285,651542.93185565,1722614399999
1722614400000,0.10257,0.10284,0.09816,0.10162,421494.15158288,1722643199999
1722643200000,0.10144,0.10185,0.098,0.10143,324295.15599852,1722671999999
1722672000000,0.10082,0.10169,0.09675,0.096829,350849.13887516,1722700799999
1722700800000,0.096944,0.097393,0.091956,0.095743,832569.34305744,1722729599999
1722729600000,0.0954,0.0992,0.094987,0.0992,273558.59291267,1722758399999
1722758400000,0.09746,0.098394,0.092807,0.092807,509847.58620248,1722787199999
1722787200000,0.092501,0.095405,0.087229,0.091081,735511.61520304,1722815999999
1722816000000,0.090945,0.092579,0.074956,0.082333,2267318.46540533,1722844799999
1722844800000,0.082084,0.085929,0.074662,0.08567,1701697.8997875,1722873599999
1722873600000,0.08594,0.088961,0.084162,0.086675,596838.88959164,1722902399999
1722902400000,0.08962,0.090797,0.087574,0.09042,369203.65432428,1722931199999
1722931200000,0.089606,0.090166,0.084495,0.089885,1105558.65012867,1722959999999
1722960000000,0.089763,0.092038,0.088924,0.089072,295690.65367166,1722988799999
1722988800000,0.089135,0.092397,0.089135,0.091079,86293.22887547,1723017599999
1723017600000,0.090969,0.093521,0.085,0.085642,692280.3605689,1723046399999
1723046400000,0.085279,0.08575,0.083313,0.084885,323486.19331674,1723075199999
1723075200000,0.084983,0.08962,0.083,0.088056,296474.44377007,1723103999999
1723104000000,0.08831,0.09144,0.087651,0.090001,695484.89317936,1723132799999
1723132800000,0.09046,0.09344,0.089661,0.092266,306382.23244083,1723161599999
1723161600000,0.092652,0.095548,0.092617,0.09425,366252.6095447,1723190399999
1723190400000,0.09364,0.094029,0.090997,0.091929,215778.73265336,1723219199999
1723219200000,0.091104,0.092961,0.091104,0.092533,31900.10782991,1723247999999
1723248000000,0.0933,0.094,0.091239,0.092611,150985.66466612,1723276799999
1723276800000,0.093065,0.093609,0.092103,0.09295,121401.81290065,1723305599999
1723305600000,0.092344,0.094036,0.092,0.093625,149221.24418668,1723334399999
1723334400000,0.09424,0.09541,0.093105,0.09541,408689.02360628,1723363199999
1723363200000,0.09563,0.09563,0.08869,0.089863,436813.08414781,1723391999999
1723392000000,0.089293,0.09052,0.087574,0.087676,321356.19290811,1723420799999
1723420800000,0.088275,0.089742,0.087522,0.08962,281159.33386628,1723449599999
1723449600000,0.08962,0.0933,0.089,0.091937,586923.03324947,1723478399999
1723478400000,0.09236,0.09236,0.089315,0.091049,90333.21472692,1723507199999
1723507200000,0.090505,0.090505,0.08873,0.089193,96202.67055547,1723535999999
1723536000000,0.088967,0.089792,0.087549,0.088463,133092.49839611,1723564799999
1723564800000,0.088805,0.091386,0.08876,0.090449,95049.94841079,1723593599999
1723593600000,0.090309,0.091188,0.0897,0.0897,186591.09493892,1723622399999
1723622400000,0.090283,0.091734,0.087525,0.08971,411857.23421633,1723651199999
1723651200000,0.089792,0.089792,0.08785,0.088434,122855.38985268,1723679999999
1723680000000,0.088128,0.088496,0.086698,0.086773,41254.9427065,1723708799999
1723708800000,0.087097,0.089814,0.08697,0.08697,274808.27454044,1723737599999
1723737600000,0.086678,0.087287,0.082701,0.084082,388232.14791862,1723766399999
1723766400000,0.083947,0.08523,0.083154,0.084401,117916.31168189,1723795199999
1723795200000,0.084052,0.084827,0.081702,0.081702,266055.60034958,1723823999999
1723824000000,0.082126,0.084184,0.081892,0.083577,116407.38295951,1723852799999
1723852800000,0.083819,0.084265,0.083548,0.083961,2377.47680392,1723881599999
1723881600000,0.083863,0.08961,0.083863,0.087648,1192173.40083542,1723910399999
1723910400000,0.087928,0.088113,0.0861,0.087084,50617.00345363,1723939199999
1723939200000,0.087563,0.087563,0.08649,0.086615,92236.64400397,1723967999999
1723968000000,0.086443,0.092423,0.086443,0.090816,552406.39101441,1723996799999
1723996800000,0.091251,0.091316,0.088723,0.089675,394007.94990174,1724025599999
1724025600000,0.089307,0.0923,0.08827,0.091435,418690.33409263,1724054399999
1724054400000,0.092139,0.09733,0.091,0.095,2043138.69707485,1724083199999
1724083200000,0.093868,0.101,0.091211,0.094865,3110042.54266396,1724111999999
1724112000000,0.094581,0.096508,0.093715,0.095406,583598.63497488,1724140799999
1724140800000,0.095414,0.10053,0.093663,0.095418,1671218.80864848,1724169599999
1724169600000,0.094427,0.09519,0.0934,0.094135,252101.96430714,1724198399999
1724198400000,0.09615,0.09712,0.094554,0.097008,190622.21966562,1724227199999
1724227200000,0.097563,0.098232,0.094693,0.0981,676379.86090662,1724255999999
1724256000000,0.097681,0.10049,0.096865,0.1,842995.83569433,1724284799999
1724284800000,0.09915,0.10141,0.098,0.098391,300470.92952319,1724313599999
1724313600000,0.098411,0.10351,0.098087,0.10035,666293.6397246,1724342399999
1724342400000,0.10043,0.10248,0.10012,0.10134,111746.03170858,1724371199999
1724371200000,0.10078,0.10361,0.1,0.10331,171679.03826677,1724399999999
1724400000000,0.10379,0.10554,0.10379,0.10514,1357920.93843763,1724428799999
1724428800000,0.10541,0.10817,0.1053,0.10622,464571.98747378,1724457599999
1724457600000,0.10609,0.10648,0.10393,0.10528,84065.89156212,1724486399999
1724486400000,0.10573,0.10728,0.10431,0.10495,418289.01884969,1724515199999
1724515200000,0.10479,0.10692,0.10421,0.10561,195205.95618451,1724543999999
1724544000000,0.1062,0.10629,0.099,0.10012,384577.43003183,1724572799999
1724572800000,0.10036,0.1038,0.099,0.10332,420546.67268339,1724601599999
1724601600000,0.10371,0.10625,0.1028,0.10448,325305.99261258,1724630399999
1724630400000,0.10501,0.10514,0.10179,0.10418,131374.79429144,1724659199999
1724659200000,0.10448,0.11609,0.10399,0.11113,3347669.98940704,1724687999999
1724688000000,0.11028,0.12097,0.10795,0.10795,5799085.22555546,1724716799999
1724716800000,0.10795,0.1287,0.10795,0.12449,4190618.56210064,1724745599999
1724745600000,0.12363,0.12487,0.11113,0.11445,4099898.65239723,1724774399999
1724774400000,0.1139,0.12073,0.10891,0.11213,1151554.23169813,1724803199999
1724803200000,0.11142,0.12432,0.11055,0.11055,1704652.76054782,1724831999999
1724832000000,0.11101,0.11485,0.10442,0.10562,828839.9202884,1724860799999
1724860800000,0.10553,0.108,0.10205,0.10648,502554.04087447,1724889599999
1724889600000,0.10667,0.1083,0.10401,0.10778,302858.21634369,1724918399999
1724918400000,0.10701,0.11,0.10526,0.1063,199549.01355635,1724947199999
1724947200000,0.10526,0.10565,0.101,0.10269,239747.55155584,1724975999999
1724976000000,0.10245,0.10632,0.10214,0.10506,107196.0011739,1725004799999
1725004800000,0.10537,0.10537,0.09616,0.097261,674612.81253106,1725033599999
1725033600000,0.097001,0.10143,0.096572,0.10065,298647.43548903,1725062399999
1725062400000,0.10033,0.10111,0.098023,0.098684,399242.15956052,1725091199999
1725091200000,0.098958,0.10272,0.097572,0.10094,158074.26828046,1725119999999
1725120000000,0.10045,0.10104,0.097124,0.098083,299369.15090223,1725148799999
1725148800000,0.09799,0.098002,0.095891,0.09712,73384.09058232,1725177599999
1725177600000,0.097872,0.10757,0.096945,0.1067,2692510.95129418,1725206399999
1725206400000,0.10633,0.11267,0.10214,0.10341,2167128.06000849,1725235199999
1725235200000,0.10404,0.10404,0.098494,0.099596,874306.38857057,1725263999999
1725264000000,0.099091,0.10334,0.098792,0.10184,488797.11625573,1725292799999
1725292800000,0.10147,0.10316,0.10008,0.10274,252124.04086158,1725321599999
1725321600000,0.10326,0.10525,0.10221,0.10292,79029.43422252,1725350399999
1725350400000,0.10272,0.10353,0.098642,0.10007,326827.321163,1725379199999
1725379200000,0.099622,0.10849,0.0996,0.0996,770708.42179551,1725407999999
1725408000000,0.10024,0.10352,0.0965,0.10094,334475.55783561,1725436799999
1725436800000,0.10139,0.1015,0.09616,0.10138,734462.0460312,1725465599999
1725465600000,0.1008,0.1016,0.098587,0.098955,206827.1546996,1725494399999
1725494400000,0.098271,0.099,0.095781,0.098997,250852.09690642,1725523199999
1725523200000,0.098543,0.098576,0.095221,0.096605,210594.02531315,1725551999999
1725552000000,0.096324,0.096362,0.093598,0.094995,320267.26046302,1725580799999
1725580800000,0.094466,0.096627,0.0932,0.096627,60458.94133028,1725609599999
1725609600000,0.096627,0.10101,0.095655,0.09682,1792560.29204533,1725638399999
1725638400000,0.096966,0.096966,0.09121,0.093929,558296.69712187,1725667199999
1725667200000,0.095189,0.095313,0.0935,0.095313,35151.07978342,1725695999999
1725696000000,0.095256,0.095799,0.094408,0.095713,273618.54936373,1725724799999
1725724800000,0.09567,0.09756,0.09331,0.093765,224720.20179555,1725753599999
1725753600000,0.093757,0.095674,0.09331,0.09547,191612.78167857,1725782399999
1725782400000,0.095676,0.096353,0.093928,0.093934,229839.0204974,1725811199999
1725811200000,0.094414,0.09657,0.094414,0.095782,102216.42603167,1725839999999
1725840000000,0.096466,0.097358,0.095943,0.096839,78210.22122086,1725868799999
1725868800000,0.096388,0.09809,0.095662,0.096093,147301.49640016,1725897599999
1725897600000,0.096039,0.102,0.096039,0.099632,994981.92152238,1725926399999
1725926400000,0.099692,0.10476,0.098967,0.1043,287281.62828321,1725955199999
1725955200000,0.10367,0.1041,0.0991,0.10006,565903.71077157,1725983999999
1725984000000,0.10015,0.10153,0.099521,0.10019,217061.37525586,1726012799999
1726012800000,0.10009,0.10012,0.09668,0.098359,62075.95278227,1726041599999
1726041600000,0.098247,0.1,0.096145,0.098107,367852.39642846,1726070399999
1726070400000,0.098322,0.099067,0.097392,0.09858,72523.92978587,1726099199999
1726099200000,0.09909,0.0999,0.098969,0.099281,106937.58930961,1726127999999
1726128000000,0.099488,0.099932,0.094864,0.09579,280990.8563245,1726156799999
1726156800000,0.095599,0.098644,0.095599,0.09747,387074.65500093,1726185599999
1726185600000,0.097154,0.097247,0.095817,0.096292,152261.74761422,1726214399999
1726214400000,0.096453,0.098851,0.096033,0.098725,422563.03754379,1726243199999
1726243200000,0.098387,0.10092,0.098205,0.10012,343794.83590242,1726271999999
1726272000000,0.10009,0.101,0.098112,0.101,299211.35229961,1726300799999
1726300800000,0.0991,0.099415,0.097524,0.098999,451851.018728,1726329599999
1726329600000,0.098875,0.099154,0.097739,0.098434,118097.73886202,1726358399999
1726358400000,0.098679,0.1005,0.098179,0.099749,171583.49226338,1726387199999
1726387200000,0.099888,0.099888,0.098523,0.099433,111646.43954872,1726415999999
1726416000000,0.099022,0.099254,0.094,0.094684,524726.73651275,1726444799999
1726444800000,0.094,0.09519,0.092263,0.094829,247034.5972587,1726473599999
1726473600000,0.09436,0.095029,0.090291,0.092353,332337.22510736,1726502399999
1726502400000,0.092343,0.092343,0.090662,0.092076,252508.2599077,1726531199999
1726531200000,0.09236,0.093189,0.09123,0.092763,75227.85949556,1726559999999
1726560000000,0.092775,0.094146,0.091732,0.093946,467996.56511884,1726588799999
1726588800000,0.093599,0.094469,0.092,0.092531,248451.41132323,1726617599999
1726617600000,0.0933,0.094297,0.09284,0.093741,152859.77101088,1726646399999
1726646400000,0.093199,0.093492,0.08873,0.089398,331222.90313276,1726675199999
1726675200000,0.089192,0.094864,0.08869,0.094864,403111.14834185,1726703999999
1726704000000,0.095,0.097063,0.094817,0.095747,317152.55966445,1726732799999
1726732800000,0.095639,0.10149,0.095011,0.099919,960675.0713591,1726761599999
1726761600000,0.099662,0.10122,0.098201,0.098751,282848.05657286,1726790399999
1726790400000,0.099226,0.1025,0.096853,0.10135,296809.00672977,1726819199999
1726819200000,0.10138,0.10622,0.10011,0.10397,1035321.01884705,1726847999999
1726848000000,0.10489,0.1105,0.10346,0.10646,1346268.03512494,1726876799999
1726876800000,0.10676,0.10676,0.10215,0.10425,98863.0252281,1726905599999
1726905600000,0.10439,0.10593,0.10289,0.10593,744015.55624808,1726934399999
1726934400000,0.10574,0.10596,0.10416,0.10552,46873.85452731,1726963199999
1726963200000,0.10486,0.10486,0.10177,0.10398,156025.51043445,1726991999999
1726992000000,0.10316,0.10647,0.10192,0.1044,999334.23036685,1727020799999
1727020800000,0.10317,0.10663,0.10053,0.10605,516597.42232086,1727049599999
1727049600000,0.10721,0.123,0.10562,0.11299,2154500.75993078,1727078399999
1727078400000,0.11224,0.11743,0.10849,0.11208,1962868.0847085,1727107199999
1727107200000,0.11232,0.1158,0.10928,0.11228,554871.93630229,1727135999999
1727136000000,0.11151,0.11251,0.109,0.11251,96792.53520167,1727164799999
1727164800000,0.11243,0.11366,0.11008,0.11087,660765.38750323,1727193599999
1727193600000,0.11092,0.11437,0.10947,0.11354,335675.37589353,1727222399999
1727222400000,0.1117,0.116,0.11136,0.11394,265441.55710615,1727251199999
1727251200000,0.11375,0.11668,0.11235,0.11432,665282.31308603,1727279999999
1727280000000,0.11463,0.11583,0.11279,0.1128,288772.30611593,1727308799999
1727308800000,0.11431,0.11457,0.11069,0.11457,252312.57621794,1727337599999
1727337600000,0.11464,0.115,0.10958,0.11171,1024321.00925222,1727366399999
1727366400000,0.11198,0.11423,0.11135,0.11328,439641.99402904,1727395199999
1727395200000,0.1132,0.11764,0.11145,0.11717,697055.80514677,1727423999999
1727424000000,0.11651,0.12004,0.11233,0.11529,734843.18008956,1727452799999
1727452800000,0.11505,0.118,0.11454,0.118,403207.11426279,1727481599999
1727481600000,0.1182,0.11875,0.1148,0.11557,689006.3891538,1727510399999
1727510400000,0.11522,0.11634,0.11151,0.11225,1774864.3156863,1727539199999
1727539200000,0.11233,0.11432,0.11167,0.11432,399014.91130399,1727567999999
1727568000000,0.11431,0.116,0.11132,0.11132,329055.2368706,1727596799999
1727596800000,0.11226,0.1176,0.11181,0.11745,624107.12144125,1727625599999
1727625600000,0.1176,0.127,0.11641,0.11995,1811424.71451459,1727654399999
1727654400000,0.11974,0.12116,0.11639,0.12116,256709.38454593,1727683199999
1727683200000,0.12117,0.12305,0.1146,0.1146,1618775.90646505,1727711999999
1727712000000,0.11454,0.11896,0.11263,0.11427,443155.20282536,1727740799999
1727740800000,0.11335,0.11708,0.11335,0.11541,256556.48189595,1727769599999
1727769600000,0.11602,0.12043,0.10581,0.10968,1143884.83793123,1727798399999
1727798400000,0.10977,0.10988,0.099411,0.10308,1421540.03276465,1727827199999
1727827200000,0.10236,0.10735,0.10236,0.10699,417871.71922329,1727855999999
1727856000000,0.10682,0.10691,0.10214,0.10553,142389.96995653,1727884799999
1727884800000,0.1062,0.10739,0.098248,0.1001,569121.5229553,1727913599999
1727913600000,0.099699,0.10449,0.099699,0.10434,90774.68397354,1727942399999
1727942400000,0.10068,0.10102,0.095487,0.09753,517703.81253698,1727971199999
1727971200000,0.098019,0.099479,0.09616,0.09822,129530.51432551,1727999999999
1728000000000,0.098434,0.1,0.097903,0.09897,283465.22931323,1728028799999
1728028800000,0.09893,0.10125,0.09821,0.10029,416030.46044577,1728057599999
1728057600000,0.10111,0.10419,0.10062,0.10323,523091.35818377,1728086399999
1728086400000,0.10311,0.10311,0.10011,0.10214,75077.69392392,1728115199999
1728115200000,0.10202,0.10377,0.1,0.10074,60994.94622571,1728143999999
1728144000000,0.099331,0.10151,0.097616,0.1015,1729360.65853439,1728172799999
1728172800000,0.1015,0.10213,0.10098,0.10131,156112.45658451,1728201599999
1728201600000,0.10068,0.10359,0.098865,0.10263,988858.48401689,1728230399999
1728230400000,0.10342,0.10558,0.10128,0.10477,323766.68785516,1728259199999
1728259200000,0.10501,0.1066,0.10421,0.10494,1161437.42825813,1728287999999
1728288000000,0.10494,0.10632,0.10225,0.10374,684787.08732068,1728316799999
1728316800000,0.10367,0.10525,0.102,0.10211,332752.59646391,1728345599999
1728345600000,0.10184,0.10265,0.10097,0.10155,738900.05189103,1728374399999
1728374400000,0.101,0.10411,0.10028,0.10125,701612.08898189,1728403199999
1728403200000,0.10158,0.10255,0.1,0.10092,387768.25529577,1728431999999
1728432000000,0.10062,0.10135,0.1,0.10087,109744.10408099,1728460799999
1728460800000,0.101,0.10123,0.09713,0.099585,689992.02360986,1728489599999
1728489600000,0.098436,0.099105,0.096601,0.097665,435255.6143388,1728518399999
1728518400000,0.097143,0.10048,0.096606,0.10023,828796.47047089,1728547199999
1728547200000,0.10067,0.10067,0.096466,0.097768,670624.0783165,1728575999999
1728576000000,0.097742,0.0981,0.094602,0.09731,390046.06960389,1728604799999
1728604800000,0.097748,0.09826,0.096886,0.098014,33235.12351752,1728633599999
1728633600000,0.098159,0.10089,0.098159,0.10089,598634.18522704,1728662399999
1728662400000,0.10008,0.10194,0.10005,0.10101,633610.5389736,1728691199999
1728691200000,0.10147,0.10237,0.10052,0.10198,408512.92342078,1728719999999
1728720000000,0.1025,0.10349,0.10193,0.10227,445204.00408273,1728748799999
1728748800000,0.10231,0.1042,0.102,0.10296,511750.35658425,1728777599999
1728777600000,0.10359,0.10369,0.10051,0.10258,383281.81020025,1728806399999
1728806400000,0.10229,0.11095,0.10168,0.10542,2340581.14660547,1728835199999
1728835200000,0.10406,0.10857,0.10298,0.1075,1930956.71183769,1728863999999
1728864000000,0.10721,0.1082,0.105,0.10626,601656.78729572,1728892799999
1728892800000,0.1068,0.1085,0.10513,0.10818,916685.22180391,1728921599999
1728921600000,0.10848,0.11033,0.10719,0.10923,695940.78536532,1728950399999
1728950400000,0.1087,0.10914,0.10499,0.10736,468059.72183357,1728979199999
1728979200000,0.10701,0.10785,0.10382,0.10486,301089.25736728,1729007999999
1729008000000,0.10537,0.10655,0.10354,0.10571,820926.03208749,1729036799999
1729036800000,0.10553,0.10553,0.103,0.10343,520728.17792143,1729065599999
1729065600000,0.1034,0.10553,0.103,0.10363,424207.09224287,1729094399999
1729094400000,0.10354,0.1045,0.103,0.103,247079.34514204,1729123199999
1729123200000,0.10301,0.10392,0.10112,0.10207,93986.18209546,1729151999999
1729152000000,0.10208,0.10216,0.099665,0.10142,1151073.32671542,1729180799999
1729180800000,0.10148,0.10255,0.10008,0.10166,194008.13804704,1729209599999
1729209600000,0.10179,0.10399,0.10154,0.1037,718765.50928548,1729238399999
1729238400000,0.10343,0.10433,0.10189,0.1033,662271.44036524,1729267199999
1729267200000,0.10368,0.1041,0.10161,0.10297,742826.62694312,1729295999999
1729296000000,0.10316,0.10657,0.10316,0.1057,534699.0968523,1729324799999
1729324800000,0.10576,0.10619,0.10422,0.10575,707287.0386953,1729353599999
1729353600000,0.10541,0.11041,0.1052,0.10642,2422819.76005391,1729382399999
1729382400000,0.10685,0.10836,0.10552,0.10769,85289.15208852,1729411199999
1729411200000,0.10726,0.10962,0.10719,0.1081,1447777.25471086,1729439999999
1729440000000,0.10854,0.1125,0.108,0.11129,654991.49990819,1729468799999
1729468800000,0.1126,0.115,0.1094,0.1094,577664.70540803,1729497599999
1729497600000,0.10961,0.11021,0.10555,0.10709,1315169.31655687,1729526399999
1729526400000,0.10633,0.10965,0.1055,0.10881,345947.61820718,1729555199999
1729555200000,0.10872,0.1096,0.107,0.10829,279928.97820372,1729583999999
1729584000000,0.10854,0.10854,0.10339,0.10577,683654.94237129,1729612799999
1729612800000,0.1054,0.10599,0.1037,0.10524,950362.59291506,1729641599999
1729641600000,0.10405,0.106,0.10236,0.10236,266734.48436064,1729670399999
1729670400000,0.10257,0.10367,0.10043,0.1017,582679.62561309,1729699199999
1729699200000,0.10148,0.10315,0.10043,0.10147,376725.91129604,1729727999999
1729728000000,0.1017,0.1042,0.10147,0.10222,490991.34174127,1729756799999
1729756800000,0.10178,0.10258,0.10012,0.10169,356486.49407622,1729785599999
1729785600000,0.10126,0.1062,0.101,0.10302,1286054.07326321,1729814399999
1729814400000,0.10359,0.10448,0.10001,0.10051,278990.82893615,1729843199999
1729843200000,0.1003,0.102,0.09946,0.09946,1389320.82982593,1729871999999
1729872000000,0.0994,0.10057,0.0933,0.09494,1144258.08621243,1729900799999
1729900800000,0.094348,0.096343,0.09309,0.0952,112234.12046063,1729929599999
1729929600000,0.095627,0.09709,0.092591,0.092928,252927.96949614,1729958399999
1729958400000,0.093321,0.09513,0.09286,0.09496,178193.1001513,1729987199999
1729987200000,0.09475,0.096198,0.094429,0.095739,146847.98772217,1730015999999
1730016000000,0.095591,0.096635,0.094664,0.096302,217127.81119292,1730044799999
1730044800000,0.09645,0.097307,0.095604,0.096041,57980.7863939,1730073599999
1730073600000,0.09604,0.096687,0.09426,0.096687,193731.53241506,1730102399999
1730102400000,0.096875,0.09909,0.095,0.095369,613806.3198409,1730131199999
1730131200000,0.095117,0.098271,0.09331,0.097671,271689.63436979,1730159999999
1730160000000,0.097415,0.1001,0.097415,0.09888,542279.72360406,1730188799999
1730188800000,0.099201,0.1025,0.099167,0.1019,727366.18785568,1730217599999
1730217600000,0.10205,0.10558,0.10112,0.10233,717441.53961366,1730246399999
1730246400000,0.10197,0.10232,0.10089,0.10226,138828.06835333,1730275199999
1730275200000,0.10241,0.10632,0.10116,0.10447,1031758.24924485,1730303999999
1730304000000,0.10441,0.10485,0.10077,0.10233,308507.51734432,1730332799999
1730332800000,0.10194,0.1068,0.10194,0.10508,403508.8508866,1730361599999
1730361600000,0.10421,0.1045,0.097962,0.10081,691249.64148228,1730390399999
1730390400000,0.10026,0.1003,0.096919,0.098629,89267.83169591,1730419199999
1730419200000,0.098437,0.09901,0.097072,0.097769,560159.80067373,1730447999999
1730448000000,0.09775,0.10129,0.0972,0.098814,179914.67223124,1730476799999
1730476800000,0.099142,0.09997,0.09593,0.096105,514060.25161154,1730505599999
1730505600000,0.096894,0.097134,0.095,0.097134,240272.29246192,1730534399999
1730534400000,0.096983,0.097185,0.094,0.094709,277484.39737891,1730563199999
1730563200000,0.09446,0.09519,0.093232,0.093232,188488.17639419,1730591999999
1730592000000,0.093408,0.093473,0.09,0.091695,157384.56773566,1730620799999
1730620800000,0.091567,0.091732,0.086223,0.088537,259178.41730941,1730649599999
1730649600000,0.088403,0.091585,0.088277,0.090634,178547.85743483,1730678399999
1730678400000,0.09057,0.092,0.088969,0.089688,46040.0190884,1730707199999
1730707200000,0.089251,0.0909,0.088849,0.089266,118933.58859848,1730735999999
1730736000000,0.089115,0.089456,0.086798,0.08842,131849.41260151,1730764799999
1730764800000,0.088148,0.09001,0.088148,0.09001,55087.95956534,1730793599999
1730793600000,0.089666,0.091832,0.089493,0.091344,181908.86467182,1730822399999
1730822400000,0.091735,0.092034,0.089446,0.090135,309292.01448907,1730851199999
1730851200000,0.0912,0.099899,0.0912,0.098141,627948.51964305,1730879999999
1730880000000,0.098251,0.099123,0.0952,0.096803,511230.13055129,1730908799999
1730908800000,0.096671,0.10005,0.096671,0.09942,301201.88409326,1730937599999
1730937600000,0.099192,0.10177,0.097944,0.098971,346651.35759335,1730966399999
1730966400000,0.098224,0.09909,0.09678,0.097819,1017696.80268091,1730995199999
1730995200000,0.098707,0.10065,0.098088,0.099182,1414860.44854757,1731023999999
1731024000000,0.099543,0.099827,0.09811,0.098957,199842.65425558,1731052799999
1731052800000,0.098835,0.10006,0.097463,0.099803,1038157.69063042,1731081599999
1731081600000,0.099952,0.1033,0.0991,0.10212,1284425.03511308,1731110399999
1731110400000,0.102,0.1056,0.10128,0.10304,503551.84958451,1731139199999
1731139200000,0.1042,0.10445,0.10081,0.10141,1506321.06493905,1731167999999
1731168000000,0.101,0.10391,0.10011,0.10326,549939.10096893,1731196799999
1731196800000,0.10341,0.107,0.10248,0.107,807563.20672453,1731225599999
1731225600000,0.10651,0.10999,0.10554,0.10995,2431239.4750816,1731254399999
1731254400000,0.10999,0.11091,0.10137,0.10804,952044.56947129,1731283199999
1731283200000,0.10744,0.11079,0.10688,0.10857,614200.51017941,1731311999999
1731312000000,0.10905,0.1125,0.10836,0.11036,1120244.00935509,1731340799999
1731340800000,0.11036,0.115,0.1096,0.11264,2507885.91796138,1731369599999
1731369600000,0.11201,0.115,0.11121,0.11401,1297025.15290818,1731398399999
1731398400000,0.11443,0.1159,0.1,0.10614,2199366.03780878,1731427199999
1731427200000,0.1059,0.10925,0.10316,0.10727,1385057.0319959,1731455999999
1731456000000,0.107,0.10867,0.099075,0.10096,2030557.21436189,1731484799999
1731484800000,0.10061,0.10734,0.1006,0.10546,953101.97812296,1731513599999
1731513600000,0.10555,0.10611,0.0975,0.1016,2015922.9801005,1731542399999
1731542400000,0.10155,0.10782,0.0992,0.1072,1040484.78716218,1731571199999
1731571200000,0.10751,0.10811,0.1023,0.10367,2438834.98518481,1731599999999
1731600000000,0.1032,0.10834,0.10227,0.10302,998950.4213062,1731628799999
1731628800000,0.10365,0.10461,0.10088,0.10246,225187.12327778,1731657599999
1731657600000,0.10214,0.106,0.10214,0.10284,419063.97262962,1731686399999
1731686400000,0.10268,0.10699,0.10209,0.10625,572446.41903062,1731715199999
1731715200000,0.1059,0.108,0.10566,0.10714,222638.42476541,1731743999999
1731744000000,0.10713,0.1104,0.106,0.10711,2248658.629834,1731772799999
1731772800000,0.10739,0.11367,0.10708,0.11104,1763412.19249749,1731801599999
1731801600000,0.11188,0.12082,0.1065,0.119,1492370.71884576,1731830399999
1731830400000,0.11912,0.14798,0.11498,0.117,1.798493900868987E7,1731859199999
1731859200000,0.11635,0.11979,0.11,0.11276,2926568.54782372,1731887999999
1731888000000,0.11275,0.1274,0.10633,0.12002,3067050.75829471,1731916799999
1731916800000,0.12002,0.12966,0.1195,0.12261,2519171.5248343,1731945599999
1731945600000,0.12295,0.12744,0.12153,0.12407,918301.73558259,1731974399999
1731974400000,0.12414,0.12428,0.119,0.1192,466029.99758688,1732003199999
1732003200000,0.1192,0.12278,0.11649,0.11845,865303.20847102,1732031999999
1732032000000,0.11827,0.12211,0.11516,0.11846,807849.24074485,1732060799999
1732060800000,0.11842,0.11843,0.11362,0.117,372988.57351329,1732089599999
1732089600000,0.11756,0.12057,0.11653,0.11988,294703.63859299,1732118399999
1732118400000,0.11995,0.12027,0.11001,0.11381,696620.92173214,1732147199999
1732147200000,0.11314,0.11631,0.11,0.11242,387192.41592899,1732175999999
1732176000000,0.1125,0.11772,0.11062,0.11555,1202642.33218477,1732204799999
1732204800000,0.11547,0.11929,0.11536,0.11876,1312374.40035526,1732233599999
1732233600000,0.11874,0.12026,0.11686,0.11805,325374.45050969,1732262399999
1732262400000,0.11805,0.12846,0.11805,0.11993,1697842.57268459,1732291199999
1732291200000,0.1195,0.12486,0.11917,0.1242,864310.36361776,1732319999999
1732320000000,0.12365,0.12592,0.12,0.12541,765156.30360247,1732348799999
1732348800000,0.12521,0.13692,0.12477,0.13315,3071669.00810981,1732377599999
1732377600000,0.13305,0.14145,0.12573,0.13986,3884321.60526669,1732406399999
1732406400000,0.1392,0.14585,0.136,0.13664,655175.1677997,1732435199999
1732435200000,0.1366,0.13713,0.12457,0.12641,2069242.30432594,1732463999999
1732464000000,0.12634,0.13654,0.12634,0.13654,1304827.79806421,1732492799999
1732492800000,0.13638,0.13855,0.13322,0.1375,742580.80448431,1732521599999
1732521600000,0.1375,0.143,0.13131,0.13758,3101392.57737938,1732550399999
1732550400000,0.13641,0.13799,0.129,0.13259,787256.46598067,1732579199999
1732579200000,0.13305,0.13901,0.13159,0.13304,414643.14581174,1732607999999
1732608000000,0.13375,0.13399,0.12702,0.13166,1216397.81006669,1732636799999
1732636800000,0.13111,0.138,0.13007,0.13685,1141813.34637066,1732665599999
1732665600000,0.1375,0.14241,0.1375,0.13876,759802.83402023,1732694399999
1732694400000,0.13808,0.14663,0.1355,0.14324,1504266.26327675,1732723199999
1732723200000,0.14384,0.15069,0.14149,0.14935,865843.31586107,1732751999999
1732752000000,0.1492,0.15195,0.14226,0.14755,293573.9203335,1732780799999
1732780800000,0.14711,0.15114,0.14401,0.14688,670354.50396902,1732809599999
1732809600000,0.14813,0.156,0.14727,0.155,1113407.02065555,1732838399999
1732838400000,0.15481,0.15758,0.14911,0.1506,523795.77717185,1732867199999
1732867200000,0.15139,0.16082,0.15099,0.15907,1028719.82512597,1732895999999
1732896000000,0.15988,0.1637,0.15623,0.16079,765999.86278221,1732924799999
1732924800000,0.15959,0.16215,0.15681,0.16051,622294.79875135,1732953599999
1732953600000,0.16072,0.163,0.15766,0.16058,1360903.93618058,1732982399999
1732982400000,0.1611,0.16967,0.15905,0.16481,1291630.52386221,1733011199999
1733011200000,0.16478,0.16573,0.15864,0.16501,450806.86888682,1733039999999
1733040000000,0.16425,0.16667,0.16186,0.16435,835383.75082648,1733068799999
1733068800000,0.16535,0.16535,0.15691,0.15917,1079753.73557376,1733097599999
1733097600000,0.15956,0.16273,0.155,0.15904,1063370.32643366,1733126399999
1733126400000,0.15888,0.15941,0.14835,0.15923,1996627.63607101,1733155199999
1733155200000,0.15881,0.16277,0.15182,0.16277,1341500.68217782,1733183999999
1733184000000,0.16198,0.16945,0.1605,0.16391,2105885.91261883,1733212799999
1733212800000,0.16351,0.16844,0.15115,0.16002,2397646.5950953,1733241599999
1733241600000,0.16053,0.17484,0.15867,0.17297,1894432.7468717,1733270399999
1733270400000,0.17337,0.18107,0.1695,0.17748,717807.03895312,1733299199999
1733299200000,0.17763,0.1816,0.17553,0.17862,801703.87514251,1733327999999
1733328000000,0.17948,0.1804,0.17055,0.1752,1454403.12782786,1733356799999
1733356800000,0.17321,0.17937,0.16647,0.17696,815751.83549493,1733385599999
1733385600000,0.1764,0.18321,0.1712,0.17308,1133822.08413293,1733414399999
1733414400000,0.17397,0.17689,0.16546,0.16955,684799.72982679,1733443199999
1733443200000,0.16963,0.1814,0.1678,0.17961,418968.58347145,1733471999999
1733472000000,0.17943,0.18154,0.17004,0.17701,1239606.6829658,1733500799999
1733500800000,0.17781,0.18252,0.17573,0.17994,945183.26592664,1733529599999
1733529600000,0.17978,0.18062,0.17752,0.1783,78074.8738658,1733558399999
1733558400000,0.17752,0.17915,0.175,0.17643,480238.09167392,1733587199999
1733587200000,0.17678,0.17793,0.1727,0.17413,546629.531194,1733615999999
1733616000000,0.17369,0.17519,0.17017,0.17327,248452.80603614,1733644799999
1733644800000,0.17337,0.18605,0.17062,0.18259,1299104.87410252,1733673599999
1733673600000,0.18303,0.18779,0.17979,0.18738,898322.26571272,1733702399999
1733702400000,0.18692,0.18762,0.175,0.17926,382865.89141354,1733731199999
1733731200000,0.17743,0.17743,0.1649,0.16777,1098686.71763955,1733759999999
1733760000000,0.16739,0.16921,0.14344,0.16006,1598930.09467203,1733788799999
1733788800000,0.15757,0.16325,0.15192,0.1611,393254.90255002,1733817599999
1733817600000,0.16098,0.16471,0.1452,0.14542,359720.12254435,1733846399999
1733846400000,0.145,0.15351,0.14262,0.15116,644080.24299965,1733875199999
1733875200000,0.15198,0.16215,0.14746,0.15956,160184.55372258,1733903999999
1733904000000,0.15903,0.16795,0.15828,0.16619,489929.42251857,1733932799999
1733932800000,0.16663,0.16822,0.1616,0.16186,290428.33465959,1733961599999
1733961600000,0.16186,0.17223,0.16186,0.17007,338547.46901117,1733990399999
1733990400000,0.16913,0.17249,0.16381,0.16518,194555.38664826,1734019199999
1734019200000,0.16544,0.17007,0.162,0.16976,622514.54510177,1734047999999
1734048000000,0.16973,0.1701,0.15998,0.16231,406740.47848142,1734076799999
1734076800000,0.163,0.16975,0.16217,0.1629,927969.87669568,1734105599999
1734105600000,0.16303,0.16894,0.16269,0.16394,214036.91470997,1734134399999
1734134400000,0.16492,0.16643,0.1625,0.16527,371146.55670279,1734163199999
1734163200000,0.1656,0.1658,0.15467,0.15717,592448.3363608,1734191999999
1734192000000,0.15612,0.1571,0.15196,0.15563,239479.83567195,1734220799999
1734220800000,0.155,0.15503,0.14964,0.15107,244023.59148386,1734249599999
1734249600000,0.15088,0.16161,0.15088,0.16,522318.77171719,1734278399999
1734278400000,0.15895,0.16106,0.1542,0.16106,538653.66526663,1734307199999
1734307200000,0.15998,0.16346,0.1566,0.15762,142662.70486859,1734335999999
1734336000000,0.1566,0.15832,0.1505,0.15792,308983.10510771,1734364799999
1734364800000,0.15824,0.16095,0.15538,0.15538,320010.59437981,1734393599999
1734393600000,0.155,0.1562,0.15268,0.15441,200852.1129969,1734422399999
1734422400000,0.15522,0.15724,0.14832,0.14949,363644.6915124,1734451199999
1734451200000,0.1497,0.15266,0.145,0.14652,575856.04547934,1734479999999
1734480000000,0.14702,0.14756,0.14201,0.14442,220814.1128983,1734508799999
1734508800000,0.14372,0.144,0.13794,0.14172,757474.10573985,1734537599999
1734537600000,0.1419,0.14368,0.13264,0.13451,629892.58101775,1734566399999
1734566400000,0.13431,0.13625,0.12763,0.13599,234410.8857088,1734595199999
1734595200000,0.13492,0.13612,0.12699,0.12878,401685.3544872,1734623999999
1734624000000,0.12849,0.13101,0.1155,0.11972,661446.58610306,1734652799999
1734652800000,0.12023,0.12362,0.11723,0.11988,282644.74096821,1734681599999
1734681600000,0.1199,0.11995,0.10515,0.11737,1013849.21350522,1734710399999
1734710400000,0.11683,0.12178,0.11523,0.12066,346041.11837424,1734739199999
1734739200000,0.12066,0.12701,0.11977,0.12628,180954.43291885,1734767999999
1734768000000,0.12612,0.12612,0.115,0.11837,290112.17881011,1734796799999
1734796800000,0.11875,0.12,0.11132,0.1133,796588.30819156,1734825599999
1734825600000,0.11307,0.11874,0.11095,0.11794,193807.68825777,1734854399999
1734854400000,0.11831,0.1205,0.11408,0.11492,220363.89934698,1734883199999
1734883200000,0.11408,0.11537,0.11033,0.11299,141266.59474392,1734911999999
1734912000000,0.1124,0.11648,0.10975,0.11648,96898.84318952,1734940799999
1734940800000,0.11654,0.12016,0.11565,0.11607,271985.32043376,1734969599999
1734969600000,0.11574,0.124,0.11528,0.12239,191691.44688425,1734998399999
1734998400000,0.1224,0.19913,0.12201,0.17703,1.003783240087225E7,1735027199999
1735027200000,0.17664,0.225,0.15903,0.22301,3.525322555271548E7,1735055999999
1735056000000,0.22314,0.22441,0.188,0.19271,1.477060013684241E7,1735084799999
1735084800000,0.19287,0.223,0.1875,0.19512,8753057.39033456,1735113599999
1735113600000,0.192,0.28204,0.18826,0.2487,2.867866294138198E7,1735142399999
1735142400000,0.24837,0.27667,0.24574,0.2715,1.164404131444993E7,1735171199999
1735171200000,0.27017,0.30631,0.25602,0.27647,1.358826664805549E7,1735199999999
1735200000000,0.27589,0.28345,0.22115,0.22911,1.672738002662779E7,1735228799999
1735228800000,0.22944,0.24068,0.22861,0.23324,4777628.15164579,1735257599999
1735257600000,0.23345,0.27666,0.22501,0.26812,8576916.53720775,1735286399999
1735286400000,0.26834,0.40678,0.26001,0.37386,3.410512344950119E7,1735315199999
1735315200000,0.37363,0.53434,0.36996,0.47877,5.994251828333203E7,1735343999999
1735344000000,0.47742,0.52,0.41167,0.45794,1.612011066405645E7,1735372799999
1735372800000,0.45702,0.57721,0.40501,0.41232,3.94790191679908E7,1735401599999
1735401600000,0.41077,0.45597,0.3749,0.41719,1.686474490867105E7,1735430399999
1735430400000,0.41738,0.50837,0.41738,0.46428,1.074550526650046E7,1735459199999
1735459200000,0.46562,0.49822,0.39696,0.44078,1.626717440686853E7,1735487999999
1735488000000,0.43896,0.49879,0.42512,0.47029,1.981020260489598E7,1735516799999
1735516800000,0.47016,0.56,0.46317,0.4845,9793975.61202562,1735545599999
1735545600000,0.4833,0.51979,0.40522,0.43013,2.019284587546212E7,1735574399999
1735574400000,0.42928,0.44663,0.38469,0.39508,1.403257062228632E7,1735603199999
1735603200000,0.39486,0.42823,0.38654,0.39362,5284993.31356695,1735631999999
1735632000000,0.39313,0.40364,0.3411,0.3661,1.397108612640611E7,1735660799999
1735660800000,0.36796,0.39105,0.3603,0.3797,7891124.38721149,1735689599999
1735689600000,0.37978,0.41528,0.37257,0.3817,7425679.73898297,1735718399999
1735718400000,0.38146,0.39191,0.35257,0.35639,8998968.14116602,1735747199999
1735747200000,0.35671,0.35671,0.33674,0.34754,8947336.44790623,1735775999999
1735776000000,0.3478,0.36571,0.34268,0.35442,5189161.64683123,1735804799999
1735804800000,0.35452,0.3836,0.32296,0.33619,1.646101049942269E7,1735833599999
1735833600000,0.33664,0.35336,0.3274,0.32776,8997438.27242075,1735862399999
1735862400000,0.32751,0.3392,0.32076,0.32903,3566144.90018673,1735891199999
1735891200000,0.32967,0.33268,0.3063,0.31566,8698604.82585359,1735919999999
1735920000000,0.31539,0.34826,0.31453,0.33942,9174891.01483166,1735948799999
1735948800000,0.33942,0.34705,0.2923,0.30769,6053541.08404081,1735977599999
1735977600000,0.30723,0.38416,0.30327,0.33851,2.430366598426258E7,1736006399999
1736006400000,0.33871,0.34992,0.33142,0.33826,8842912.45975504,1736035199999
1736035200000,0.33887,0.36096,0.33018,0.35919,6289050.5829282,1736063999999
1736064000000,0.35906,0.3725,0.34298,0.34993,1.19678439470118E7,1736092799999
1736092800000,0.34934,0.3502,0.34,0.34672,2919147.29952507,1736121599999
1736121600000,0.3464,0.36808,0.3445,0.34744,4962898.32240902,1736150399999
1736150400000,0.34756,0.35211,0.33919,0.35069,3493636.78132955,1736179199999
1736179200000,0.35075,0.36134,0.34078,0.35079,5003535.62748803,1736207999999
1736208000000,0.35081,0.35259,0.33,0.33381,1708955.71187561,1736236799999
1736236800000,0.33307,0.3355,0.311,0.31881,3755860.4500797,1736265599999
1736265600000,0.31859,0.31944,0.301,0.30286,2482737.24081346,1736294399999
1736294400000,0.30271,0.31672,0.29845,0.31571,1147322.68744257,1736323199999
1736323200000,0.31467,0.35409,0.31464,0.33017,9775638.65912207,1736351999999
1736352000000,0.32803,0.33575,0.30552,0.31161,4512638.69588432,1736380799999
1736380800000,0.31061,0.31336,0.28763,0.28888,1599397.9033758,1736409599999
1736409600000,0.28897,0.3081,0.281,0.30104,2784198.87484134,1736438399999
1736438400000,0.29971,0.30467,0.2834,0.29333,1507770.29470516,1736467199999
1736467200000,0.29413,0.317,0.29134,0.31009,1208091.42068621,1736495999999
1736496000000,0.31129,0.33056,0.3026,0.31433,4129768.37711726,1736524799999
1736524800000,0.315,0.335,0.30989,0.32503,2944556.54567064,1736553599999
1736553600000,0.32488,0.32519,0.31107,0.3155,731412.63818174,1736582399999
1736582400000,0.31609,0.31833,0.308,0.31,973429.06890339,1736611199999
1736611200000,0.31108,0.31457,0.30252,0.30565,2265958.78626824,1736639999999
1736640000000,0.30535,0.30771,0.29519,0.29822,585976.90323472,1736668799999
1736668800000,0.29805,0.29864,0.29049,0.2947,1434231.17867817,1736697599999
1736697600000,0.29472,0.29491,0.276,0.28338,1553489.32798373,1736726399999
1736726400000,0.28269,0.28666,0.26168,0.26302,1024024.64704257,1736755199999
1736755200000,0.26393,0.269,0.24428,0.26546,2878353.65458212,1736783999999
1736784000000,0.265,0.27258,0.25576,0.26898,1486193.35974955,1736812799999
1736812800000,0.26805,0.2726,0.26456,0.26459,460308.49433372,1736841599999
1736841600000,0.26531,0.275,0.26,0.26912,1280539.99588619,1736870399999
1736870400000,0.26896,0.27915,0.265,0.27668,745797.6905413,1736899199999
1736899200000,0.2759,0.27663,0.26163,0.27169,1064515.04088085,1736927999999
1736928000000,0.27056,0.29789,0.25934,0.28383,3513912.93802048,1736956799999
1736956800000,0.28439,0.348,0.28417,0.33883,8610353.50852946,1736985599999
1736985600000,0.33812,0.37765,0.33293,0.36199,7356736.14054133,1737014399999
1737014400000,0.36248,0.37783,0.34919,0.3601,7084960.73617447,1737043199999
1737043200000,0.35963,0.395,0.35882,0.36049,7580362.57146689,1737071999999
1737072000000,0.36081,0.3708,0.34144,0.34656,2767774.84748868,1737100799999
1737100800000,0.34734,0.35401,0.3416,0.34658,3045680.70229346,1737129599999
1737129600000,0.34677,0.37373,0.34271,0.36157,2843616.89789487,1737158399999
1737158400000,0.3638,0.37387,0.31286,0.32113,1383827.74426397,1737187199999
1737187200000,0.32092,0.3228,0.29513,0.29639,2627383.65536718,1737215999999
1737216000000,0.29638,0.29808,0.28801,0.29439,1950335.24159859,1737244799999
1737244800000,0.29458,0.2953,0.278,0.28361,685859.29265784,1737273599999
1737273600000,0.28325,0.28325,0.2631,0.27866,2568539.48341458,1737302399999
1737302400000,0.27822,0.28544,0.24217,0.24625,3048936.60306508,1737331199999
1737331200000,0.24587,0.27,0.2339,0.26433,1201746.7191309,1737359999999
1737360000000,0.26374,0.26645,0.24179,0.24487,1362571.95269903,1737388799999
1737388800000,0.24536,0.24903,0.2326,0.24143,1166641.77133868,1737417599999
1737417600000,0.24224,0.24405,0.22375,0.23383,516601.06235977,1737446399999
1737446400000,0.2322,0.24054,0.23155,0.23613,805967.5965065,1737475199999
1737475200000,0.23545,0.2525,0.23545,0.24338,2276324.79615603,1737503999999
1737504000000,0.24296,0.26245,0.23788,0.26,1534959.62474906,1737532799999
1737532800000,0.25934,0.2647,0.24413,0.25151,1822124.21857459,1737561599999
1737561600000,0.2523,0.2588,0.23842,0.24165,1504423.83907651,1737590399999
1737590400000,0.24085,0.24636,0.23383,0.24286,1228545.76365477,1737619199999
1737619200000,0.24201,0.24274,0.22886,0.2324,1085120.71476442,1737647999999
1737648000000,0.23333,0.23919,0.22567,0.23426,884794.88650407,1737676799999
1737676800000,0.23451,0.23997,0.2222,0.23931,300220.89933222,1737705599999
1737705600000,0.23946,0.24318,0.23472,0.23735,579993.33622054,1737734399999
1737734400000,0.23723,0.23827,0.22107,0.2224,525276.75187262,1737763199999
1737763200000,0.2213,0.2213,0.2077,0.20902,883147.76459286,1737791999999
1737792000000,0.20918,0.21965,0.20773,0.21733,559534.06353046,1737820799999
1737820800000,0.21759,0.21914,0.21251,0.21274,390985.44134108,1737849599999
1737849600000,0.2113,0.21616,0.20918,0.2105,401364.91033011,1737878399999
1737878400000,0.2108,0.21783,0.20768,0.21588,1223526.59851582,1737907199999
1737907200000,0.21722,0.22058,0.20027,0.20048,1067239.13142534,1737935999999
1737936000000,0.20058,0.20058,0.18296,0.18651,1397364.19224377,1737964799999
1737964800000,0.18682,0.20588,0.1796,0.20133,1458496.67478291,1737993599999
1737993600000,0.20227,0.20897,0.19558,0.20597,1051996.91079755,1738022399999
1738022400000,0.205,0.20645,0.19433,0.19454,463913.1474292,1738051199999
1738051200000,0.19537,0.20088,0.19261,0.19482,875044.92764896,1738079999999
1738080000000,0.19365,0.19365,0.17491,0.17735,1172007.59931505,1738108799999
1738108800000,0.17638,0.18863,0.17399,0.18694,515623.85849001,1738137599999
1738137600000,0.18712,0.18757,0.17767,0.17931,508621.7430266,1738166399999
1738166400000,0.17938,0.195,0.17819,0.18469,1272135.15861912,1738195199999
1738195200000,0.18533,0.193,0.18296,0.19005,468244.71331386,1738223999999
1738224000000,0.18955,0.19832,0.18822,0.19567,1688248.82739938,1738252799999
1738252800000,0.196,0.19899,0.19153,0.19155,513296.43019812,1738281599999
1738281600000,0.19109,0.19862,0.18856,0.19839,683277.49637707,1738310399999
1738310400000,0.19881,0.215,0.19266,0.2044,1738078.067963,1738339199999
1738339200000,0.20443,0.20444,0.19237,0.19498,606238.83923699,1738367999999
1738368000000,0.19411,0.19788,0.1906,0.1906,244333.37448416,1738396799999
1738396800000,0.19115,0.19121,0.18034,0.18224,1232607.95159382,1738425599999
1738425600000,0.1826,0.18356,0.16615,0.16987,1009730.8720449,1738454399999
1738454400000,0.16819,0.1712,0.16381,0.16569,381869.58033184,1738483199999
1738483200000,0.16655,0.17112,0.16336,0.16536,481602.62824051,1738511999999
1738512000000,0.16461,0.16466,0.143,0.15216,1184826.0956625,1738540799999
1738540800000,0.15297,0.15312,0.11332,0.13936,1326109.21794904,1738569599999
1738569600000,0.1392,0.15235,0.13591,0.15108,1394334.85088146,1738598399999
1738598400000,0.15157,0.16379,0.15065,0.16184,1216396.63487275,1738627199999
1738627200000,0.16233,0.16379,0.14347,0.14382,195528.8442163,1738655999999
1738656000000,0.14397,0.15494,0.14335,0.151,302470.79709212,1738684799999
1738684800000,0.15162,0.156,0.144,0.14998,449148.75694924,1738713599999
1738713600000,0.14977,0.15809,0.14896,0.15755,579599.84283112,1738742399999
1738742400000,0.15754,0.1651,0.15466,0.16332,1338053.32527171,1738771199999
1738771200000,0.16217,0.16954,0.15295,0.15787,3781664.39049559,1738799999999
1738800000000,0.1589,0.16053,0.15434,0.15714,712585.6924148,1738828799999
1738828800000,0.15736,0.15764,0.145,0.14501,944919.17075331,1738857599999
1738857600000,0.145,0.14813,0.14271,0.14456,486747.27853832,1738886399999
1738886400000,0.1463,0.15038,0.14464,0.14666,147500.93588661,1738915199999
1738915200000,0.14637,0.15898,0.14609,0.15257,386729.15610461,1738943999999
1738944000000,0.15284,0.15321,0.13844,0.14213,498973.30383013,1738972799999
1738972800000,0.14152,0.14512,0.1412,0.14438,73610.13305215,1739001599999
1739001600000,0.14383,0.14813,0.14292,0.14541,169909.00918109,1739030399999
1739030400000,0.1455,0.15279,0.14529,0.15187,329440.25273599,1739059199999
1739059200000,0.15155,0.158,0.14964,0.15766,204597.44811908,1739087999999
1739088000000,0.15771,0.15809,0.15,0.15296,489235.81564167,1739116799999
1739116800000,0.15321,0.15435,0.14543,0.15416,574202.58123033,1739145599999
1739145600000,0.15418,0.16148,0.14916,0.15942,884881.02096746,1739174399999
1739174400000,0.1598,0.17433,0.15702,0.16855,1560213.01398943,1739203199999
1739203200000,0.16711,0.173,0.16266,0.16412,1763904.22793519,1739231999999
1739232000000,0.16462,0.1793,0.16401,0.17668,516691.66401718,1739260799999
1739260800000,0.17647,0.17813,0.16338,0.16656,934371.33263663,1739289599999
1739289600000,0.16642,0.16732,0.15935,0.16298,366519.00536892,1739318399999
1739318400000,0.16259,0.16545,0.15894,0.16185,151405.60905657,1739347199999
1739347200000,0.16287,0.16379,0.15094,0.15449,755600.7141323,1739375999999
1739376000000,0.15424,0.17019,0.15335,0.166,811008.68444584,1739404799999
1739404800000,0.16531,0.17051,0.16268,0.16455,169702.35823719,1739433599999
1739433600000,0.16381,0.16453,0.1604,0.1604,539044.71433926,1739462399999
1739462400000,0.16025,0.1646,0.15579,0.16126,329494.07758287,1739491199999
1739491200000,0.16081,0.16306,0.15975,0.16167,33042.23120721,1739519999999
1739520000000,0.16167,0.16725,0.15962,0.16702,415435.6421183,1739548799999
1739548800000,0.16706,0.1953,0.16493,0.17388,3777683.58432853,1739577599999
1739577600000,0.17362,0.1775,0.1674,0.16843,435592.70613787,1739606399999
1739606400000,0.16869,0.16869,0.16134,0.16212,843601.98251573,1739635199999
1739635200000,0.16254,0.169,0.16233,0.16654,568157.67286265,1739663999999
1739664000000,0.16641,0.16774,0.16308,0.16465,145500.59737548,1739692799999
1739692800000,0.16518,0.17204,0.16513,0.16853,666431.73139449,1739721599999
1739721600000,0.16833,0.16971,0.1646,0.16628,301816.4767258,1739750399999
1739750400000,0.16731,0.1695,0.16109,0.16232,261922.85950838,1739779199999
1739779200000,0.16217,0.1715,0.16136,0.166,888774.8980892,1739807999999
1739808000000,0.167,0.167,0.15894,0.16064,631725.14082944,1739836799999
1739836800000,0.16315,0.16424,0.15094,0.15421,316673.56036348,1739865599999
1739865600000,0.15313,0.15738,0.14941,0.1501,218039.45732795,1739894399999
1739894400000,0.15139,0.15372,0.14829,0.15336,128379.39693759,1739923199999
1739923200000,0.1538,0.16247,0.1538,0.16144,162625.01360732,1739951999999
1739952000000,0.16184,0.1642,0.1572,0.15769,214975.68883698,1739980799999
1739980800000,0.15893,0.16053,0.15546,0.15876,448806.99215183,1740009599999
1740009600000,0.15837,0.16053,0.15559,0.15721,72068.70282532,1740038399999
1740038400000,0.15708,0.15893,0.15268,0.15296,269579.75552864,1740067199999
1740067200000,0.1537,0.15948,0.15274,0.1589,427188.37615657,1740095999999
1740096000000,0.15872,0.1633,0.15763,0.16244,306469.26343307,1740124799999
1740124800000,0.16261,0.16924,0.15894,0.16215,1487114.72668853,1740153599999
1740153600000,0.16073,0.16419,0.15229,0.15465,369431.86995602,1740182399999
1740182400000,0.15369,0.15576,0.1527,0.1531,81897.8916856,1740211199999
1740211200000,0.15318,0.16053,0.15318,0.16037,146935.74279669,1740239999999
1740240000000,0.16107,0.16322,0.15888,0.16205,167005.46394514,1740268799999
1740268800000,0.16224,0.16257,0.15684,0.16053,23218.18943592,1740297599999
1740297600000,0.16017,0.16017,0.153,0.15389,146095.62315113,1740326399999
1740326400000,0.1538,0.15592,0.152,0.15522,122537.66398729,1740355199999
1740355200000,0.15517,0.15517,0.14885,0.15139,127862.64388856,1740383999999
1740384000000,0.14986,0.15039,0.1429,0.1449,295488.60100973,1740412799999
1740412800000,0.14477,0.14704,0.13175,0.13447,370353.13375526,1740441599999
1740441600000,0.13486,0.13639,0.12445,0.12896,519912.13671725,1740470399999
1740470400000,0.12895,0.13733,0.12895,0.13584,705377.62658017,1740499199999
1740499200000,0.13493,0.13941,0.13381,0.13765,207898.01572893,1740527999999
1740528000000,0.13737,0.14229,0.13616,0.14138,93552.17390687,1740556799999
1740556800000,0.14162,0.14202,0.13447,0.14034,210270.84635063,1740585599999
1740585600000,0.14083,0.14305,0.13457,0.14076,455370.20059351,1740614399999
1740614400000,0.14068,0.1489,0.14058,0.14782,126264.10012884,1740643199999
1740643200000,0.14757,0.15047,0.14548,0.15047,169374.51266154,1740671999999
1740672000000,0.14995,0.15027,0.14231,0.14518,221730.98237372,1740700799999
1740700800000,0.14523,0.1453,0.13533,0.13793,192769.49584364,1740729599999
1740729600000,0.13798,0.1444,0.13533,0.1444,357870.24709285,1740758399999
1740758400000,0.14518,0.15047,0.14518,0.14815,150261.52725544,1740787199999
1740787200000,0.14737,0.14737,0.14181,0.14273,116721.98887183,1740815999999
1740816000000,0.1432,0.14407,0.13738,0.13876,184818.22537762,1740844799999
1740844800000,0.13884,0.14037,0.13677,0.13954,234482.07784311,1740873599999
1740873600000,0.1385,0.14059,0.13808,0.13893,19334.36427983,1740902399999
1740902400000,0.1389,0.14513,0.1367,0.14294,251517.58183409,1740931199999
1740931200000,0.14242,0.1565,0.14195,0.1545,833425.4687314,1740959999999
1740960000000,0.15406,0.15406,0.14258,0.14633,268356.70160318,1740988799999
1740988800000,0.14651,0.14662,0.14061,0.14088,186758.08598043,1741017599999
1741017600000,0.14001,0.14057,0.12614,0.12787,651696.26895155,1741046399999
1741046400000,0.12835,0.12849,0.1168,0.12035,204529.30919652,1741075199999
1741075200000,0.12023,0.12487,0.11697,0.12033,280396.91833184,1741103999999
1741104000000,0.11965,0.1254,0.11332,0.12304,198039.17419709,1741132799999
1741132800000,0.123,0.12411,0.12058,0.12299,224996.04673865,1741161599999
1741161600000,0.12288,0.128,0.12029,0.1208,341829.15071031,1741190399999
1741190400000,0.1208,0.12554,0.11974,0.12384,502336.89375846,1741219199999
1741219200000,0.1241,0.127,0.12239,0.12404,600776.03547205,1741247999999
1741248000000,0.12424,0.12507,0.12043,0.1232,253442.2663987,1741276799999
1741276800000,0.1233,0.1233,0.11867,0.12109,169249.41802477,1741305599999
1741305600000,0.12066,0.12116,0.11471,0.12116,181976.34323643,1741334399999
1741334400000,0.1212,0.1215,0.11858,0.12126,89043.35990103,1741363199999
1741363200000,0.12,0.1225,0.1118,0.11377,298450.0008884,1741391999999
1741392000000,0.11406,0.11914,0.11406,0.11637,274819.8247588,1741420799999
1741420800000,0.11689,0.11692,0.11377,0.11585,87209.88520884,1741449599999
1741449600000,0.11619,0.11756,0.11408,0.11579,46617.58400588,1741478399999
1741478400000,0.1161,0.1161,0.11197,0.11391,255199.21059081,1741507199999
1741507200000,0.11357,0.11443,0.10582,0.10623,385873.92329393,1741535999999
1741536000000,0.10651,0.10673,0.101,0.10284,286575.7519647,1741564799999
1741564800000,0.10307,0.107,0.10196,0.1068,87428.58709573,1741593599999
1741593600000,0.10634,0.11142,0.10444,0.10672,451014.94565749,1741622399999
1741622400000,0.10578,0.10578,0.09616,0.099379,424294.64922572,1741651199999
1741651200000,0.099324,0.1034,0.092425,0.10147,270982.55987098,1741679999999
1741680000000,0.101,0.1042,0.098269,0.10213,163735.77977695,1741708799999
1741708800000,0.1017,0.10638,0.10112,0.10478,537423.32795494,1741737599999
1741737600000,0.10421,0.10485,0.101,0.10485,78888.87247761,1741766399999
1741766400000,0.1047,0.109,0.1038,0.10485,278049.9414358,1741795199999
1741795200000,0.10563,0.1086,0.10563,0.10795,320523.66166057,1741823999999
1741824000000,0.10682,0.1085,0.10569,0.10681,61908.16761235,1741852799999
1741852800000,0.10638,0.10957,0.10576,0.1069,266829.31174485,1741881599999
1741881600000,0.10608,0.10739,0.10304,0.10662,267575.06852067,1741910399999
1741910400000,0.10738,0.11102,0.10734,0.11084,69269.46672602,1741939199999
1741939200000,0.11106,0.11407,0.10912,0.11258,409600.3358588,1741967999999
1741968000000,0.113,0.11547,0.11237,0.11429,415948.87720636,1741996799999
1741996800000,0.113,0.11361,0.11069,0.11113,97810.99899524,1742025599999
1742025600000,0.11121,0.11251,0.11036,0.11228,124306.54780499,1742054399999
1742054400000,0.11177,0.11389,0.11162,0.11224,95870.94173677,1742083199999
1742083200000,0.11181,0.11189,0.10992,0.1106,369306.74577014,1742111999999
1742112000000,0.11,0.11129,0.10525,0.10675,435731.19436557,1742140799999
1742140800000,0.10732,0.10897,0.10363,0.10483,258229.9828881,1742169599999
1742169600000,0.10516,0.10848,0.10516,0.10848,200657.3577135,1742198399999
1742198400000,0.10848,0.1118,0.108,0.1118,266188.39677469,1742227199999
1742227200000,0.11175,0.115,0.11002,0.11258,417204.16107024,1742255999999
1742256000000,0.11202,0.11202,0.107,0.10815,135648.90216512,1742284799999
1742284800000,0.10794,0.11229,0.10738,0.10958,398110.0630351,1742313599999
1742313600000,0.1097,0.11092,0.10633,0.11092,183119.39741624,1742342399999
1742342400000,0.11134,0.112,0.10943,0.10943,100106.19717252,1742371199999
1742371200000,0.11001,0.11414,0.10958,0.11414,335754.71166601,1742399999999
1742400000000,0.11386,0.1149,0.11103,0.11478,323756.45224875,1742428799999
1742428800000,0.11314,0.11344,0.11065,0.111,67738.61300345,1742457599999
1742457600000,0.11089,0.112,0.10849,0.10933,148232.49986325,1742486399999
1742486400000,0.10912,0.11003,0.1077,0.10899,129366.80467885,1742515199999
1742515200000,0.10943,0.11007,0.105,0.10556,169782.32866561,1742543999999
1742544000000,0.10545,0.10581,0.1031,0.10516,268054.19560224,1742572799999
1742572800000,0.1048,0.1067,0.10473,0.10522,230423.6789012,1742601599999
1742601600000,0.10496,0.11462,0.10394,0.1135,580194.29034021,1742630399999
1742630400000,0.114,0.125,0.1119,0.1133,4917644.78211412,1742659199999
1742659200000,0.11274,0.11728,0.11247,0.11554,1444595.88423756,1742687999999
1742688000000,0.11456,0.12668,0.11439,0.11803,2761186.20707739,1742716799999
1742716800000,0.11809,0.12082,0.11636,0.11741,1295583.55728927,1742745599999
1742745600000,0.11703,0.11765,0.114,0.1162,772584.4010831,1742774399999
1742774400000,0.11563,0.12209,0.11393,0.12143,483188.14074032,1742803199999
1742803200000,0.12158,0.12279,0.11957,0.1204,815585.65769126,1742831999999
1742832000000,0.12022,0.12158,0.1188,0.12122,431716.79132105,1742860799999
1742860800000,0.12081,0.12081,0.11702,0.11777,328418.65510213,1742889599999
1742889600000,0.11794,0.11869,0.11562,0.11738,531248.455242,1742918399999
1742918400000,0.11773,0.1188,0.11625,0.11835,151690.38355876,1742947199999
1742947200000,0.11874,0.12025,0.11723,0.12023,162146.56672476,1742975999999
1742976000000,0.12014,0.12014,0.11245,0.11399,352777.12243108,1743004799999
1743004800000,0.11396,0.11414,0.11,0.11186,757082.59968415,1743033599999
1743033600000,0.11279,0.11638,0.11279,0.11413,322914.43737199,1743062399999
1743062400000,0.11389,0.11455,0.1105,0.11199,108267.1961867,1743091199999
1743091200000,0.11241,0.11562,0.11069,0.11505,244934.27487374,1743119999999
1743120000000,0.11408,0.11621,0.10633,0.10707,328726.57691753,1743148799999
1743148800000,0.10701,0.10811,0.1045,0.10497,271623.78551904,1743177599999
1743177600000,0.10482,0.10643,0.10366,0.10634,139094.38454886,1743206399999
1743206400000,0.10688,0.10701,0.1015,0.10191,116093.29104029,1743235199999
1743235200000,0.10242,0.10289,0.0985,0.099971,558629.67194471,1743263999999
1743264000000,0.099864,0.099864,0.097,0.09909,479782.4327872,1743292799999
1743292800000,0.097931,0.10029,0.09755,0.099949,286807.3684355,1743321599999
1743321600000,0.099764,0.10055,0.097216,0.098227,178246.09314652,1743350399999
1743350400000,0.098103,0.09909,0.0961,0.09703,498589.30283758,1743379199999
1743379200000,0.096,0.097948,0.094771,0.094819,160997.53314563,1743407999999
1743408000000,0.095529,0.0976,0.092591,0.097025,359216.49070988,1743436799999
1743436800000,0.097115,0.097156,0.092141,0.093883,419948.44270884,1743465599999
1743465600000,0.09424,0.0956,0.093381,0.095269,160638.7213595,1743494399999
1743494400000,0.096,0.098205,0.093854,0.097631,426091.6731838,1743523199999
1743523200000,0.097863,0.097863,0.093703,0.094868,436928.28311411,1743551999999
1743552000000,0.094109,0.094115,0.0877,0.089116,327247.71421274,1743580799999
1743580800000,0.088171,0.09052,0.08764,0.089898,316226.34615119,1743609599999
1743609600000,0.090828,0.091632,0.083386,0.08445,2267000.15426699,1743638399999
1743638400000,0.08424,0.087831,0.08424,0.086319,323033.15840438,1743667199999
1743667200000,0.086628,0.086729,0.079928,0.082611,814541.60530586,1743695999999
1743696000000,0.082814,0.085522,0.08188,0.084623,391915.53046116,1743724799999
1743724800000,0.086,0.086271,0.08495,0.086164,164063.16779868,1743753599999
1743753600000,0.085959,0.086274,0.081579,0.084362,269047.91102736,1743782399999
1743782400000,0.084428,0.0865,0.083919,0.08532,90534.54559897,1743811199999
1743811200000,0.08526,0.086146,0.084809,0.086146,159556.01594991,1743839999999
1743840000000,0.086003,0.086499,0.083,0.083463,211084.4121451,1743868799999
1743868800000,0.083262,0.085,0.083,0.085,320275.49631387,1743897599999
1743897600000,0.084676,0.086,0.083,0.084418,171278.94832521,1743926399999
1743926400000,0.084638,0.084882,0.080909,0.082415,414575.1468306,1743955199999
1743955200000,0.082239,0.082239,0.07434,0.0755,547865.56925476,1743983999999
1743984000000,0.076671,0.079,0.068324,0.071071,712038.23483241,1744012799999
1744012800000,0.070822,0.0805,0.070385,0.077389,1207266.00998178,1744041599999
1744041600000,0.077421,0.080059,0.076062,0.078802,641750.74582218,1744070399999
1744070400000,0.078648,0.08024,0.076356,0.076642,174711.06494107,1744099199999
1744099200000,0.076567,0.0801,0.07625,0.077821,707753.25095214,1744127999999
1744128000000,0.077924,0.077934,0.073,0.073954,776798.27598253,1744156799999
1744156800000,0.074,0.076,0.070416,0.076,235954.82511588,1744185599999
1744185600000,0.076257,0.076666,0.07318,0.07619,230016.54743026,1744214399999
1744214400000,0.07642,0.084107,0.076326,0.083393,818747.11433483,1744243199999
1744243200000,0.083163,0.083336,0.080626,0.082062,142169.03909197,1744271999999
1744272000000,0.081716,0.08187,0.0775,0.0775,315816.13514399,1744300799999
1744300800000,0.077371,0.08,0.07692,0.079158,187548.64240298,1744329599999
1744329600000,0.079361,0.084932,0.078833,0.082785,425640.83561155,1744358399999
1744358400000,0.0827,0.082831,0.080479,0.082693,321285.98084888,1744387199999
1744387200000,0.0828,0.083736,0.081052,0.081052,175592.25717731,1744415999999
1744416000000,0.081196,0.082151,0.08025,0.082151,52200.63987336,1744444799999
1744444800000,0.0827,0.085323,0.08188,0.085191,345406.09792873,1744473599999
1744473600000,0.08548,0.085651,0.083775,0.084505,245082.95206875,1744502399999
1744502400000,0.084429,0.084429,0.081576,0.082331,70236.65118713,1744531199999
1744531200000,0.082429,0.084,0.08078,0.081532,247587.51483881,1744559999999
1744560000000,0.081624,0.08605,0.0783,0.079882,769652.26568814,1744588799999
1744588800000,0.080005,0.082334,0.079042,0.080056,233732.87851239,1744617599999
1744617600000,0.080167,0.093112,0.080167,0.08438,5925573.91207202,1744646399999
1744646400000,0.084599,0.08751,0.0835,0.084528,1021942.52891955,1744675199999
1744675200000,0.08438,0.092097,0.083959,0.089897,1534641.17195788,1744703999999
1744704000000,0.089703,0.0912,0.086184,0.087302,1319752.49329694,1744732799999
1744732800000,0.08739,0.08784,0.084314,0.084314,210086.10527118,1744761599999
1744761600000,0.084883,0.090145,0.08401,0.08438,577109.3285147,1744790399999
1744790400000,0.08438,0.0875,0.083855,0.085954,323776.076746,1744819199999
1744819200000,0.08581,0.08875,0.083714,0.0855,585154.04359893,1744847999999
1744848000000,0.086173,0.086749,0.08325,0.086385,222638.70422298,1744876799999
1744876800000,0.086456,0.086582,0.08325,0.085039,241747.18698292,1744905599999
1744905600000,0.084734,0.08725,0.084,0.084445,573286.60838429,1744934399999
1744934400000,0.0839,0.08609,0.0837,0.08609,95255.65653426,1744963199999
1744963200000,0.085941,0.0885,0.085279,0.085719,1508971.05100809,1744991999999
1744992000000,0.085735,0.086661,0.084764,0.085633,133822.10080464,1745020799999
1745020800000,0.085865,0.0915,0.085865,0.0915,370895.16842983,1745049599999
1745049600000,0.088836,0.090012,0.087686,0.088327,109534.21035011,1745078399999
1745078400000,0.088398,0.0905,0.087986,0.088745,116179.7905077,1745107199999
1745107200000,0.088657,0.09144,0.08785,0.088036,126545.31154782,1745135999999
1745136000000,0.088036,0.088605,0.0865,0.086864,298004.96574259,1745164799999
1745164800000,0.087055,0.089105,0.0869,0.087126,157458.97828368,1745193599999
1745193600000,0.086917,0.08945,0.086917,0.089257,85552.54463626,1745222399999
1745222400000,0.08941,0.0901,0.088384,0.088388,310171.97610426,1745251199999
1745251200000,0.088614,0.08888,0.0858,0.086792,312848.08333911,1745279999999
1745280000000,0.0863,0.089,0.0846,0.086824,405020.03871649,1745308799999
1745308800000,0.087051,0.091211,0.085702,0.09,1975668.74488308,1745337599999
1745337600000,0.090444,0.09424,0.089209,0.094073,665572.98730746,1745366399999
1745366400000,0.09862,0.10243,0.098125,0.098335,661885.10388098,1745395199999
1745395200000,0.098283,0.10153,0.09616,0.098709,452659.13988822,1745423999999
1745424000000,0.098275,0.10012,0.096179,0.098107,524141.79758439,1745452799999
1745452800000,0.0963,0.097249,0.09335,0.09363,131434.23543758,1745481599999
1745481600000,0.093864,0.095263,0.090731,0.094729,506587.31540052,1745510399999
1745510400000,0.094616,0.096868,0.093038,0.096307,363336.62673536,1745539199999
1745539200000,0.096307,0.10157,0.0953,0.10071,563746.13783959,1745567999999
1745568000000,0.10072,0.1066,0.0991,0.10324,2221406.38380306,1745596799999
1745596800000,0.103,0.10549,0.10244,0.10404,734122.94215795,1745625599999
1745625600000,0.10436,0.10715,0.10325,0.10384,463629.8418864,1745654399999
1745654400000,0.10396,0.10408,0.09978,0.10339,265709.81524701,1745683199999
1745683200000,0.10328,0.10328,0.10141,0.10315,375371.68350425,1745711999999
1745712000000,0.10336,0.10336,0.095423,0.097618,480975.29487599,1745740799999
1745740800000,0.097627,0.098786,0.09579,0.096367,397136.95541066,1745769599999
1745769600000,0.096826,0.09712,0.09504,0.09528,224404.12046745,1745798399999
1745798400000,0.095427,0.099414,0.09237,0.098911,191659.63557621,1745827199999
1745827200000,0.099231,0.09982,0.093933,0.093933,251889.06359625,1745855999999
1745856000000,0.0945,0.097372,0.09331,0.097177,179010.35643598,1745884799999
1745884800000,0.097587,0.099597,0.096422,0.099531,56602.73044849,1745913599999
1745913600000,0.09969,0.0998,0.093901,0.095705,405735.68215405,1745942399999
1745942400000,0.095914,0.0969,0.09331,0.094598,262256.17116972,1745971199999
1745971200000,0.093598,0.096379,0.093102,0.095397,216595.06112414,1745999999999
1746000000000,0.095759,0.097568,0.09145,0.094083,418636.88601094,1746028799999
1746028800000,0.093357,0.095786,0.093357,0.095266,380258.20160788,1746057599999
1746057600000,0.095155,0.097804,0.095155,0.097,493823.52981108,1746086399999
1746086400000,0.096723,0.10035,0.096312,0.099492,616744.97927781,1746115199999
1746115200000,0.099079,0.09965,0.09693,0.097815,304432.48159648,1746143999999
1746144000000,0.097657,0.09909,0.096615,0.096717,155998.78123202,1746172799999
1746172800000,0.096465,0.097363,0.09425,0.094573,375824.91968495,1746201599999
1746201600000,0.094537,0.095622,0.093529,0.094685,197503.27184942,1746230399999
1746230400000,0.094376,0.094704,0.093,0.09331,222502.00545787,1746259199999
1746259200000,0.093568,0.094,0.090372,0.090478,376775.81965451,1746287999999
1746288000000,0.090229,0.090229,0.086747,0.08804,541510.5197906,1746316799999
1746316800000,0.087584,0.090105,0.08697,0.089925,130235.31270737,1746345599999
1746345600000,0.090175,0.092756,0.0881,0.091583,1105334.73848158,1746374399999
1746374400000,0.0916,0.093794,0.089199,0.092654,1560605.36842571,1746403199999
1746403200000,0.09249,0.097339,0.091,0.096181,565288.31487393,1746431999999
1746432000000,0.096426,0.0994,0.093618,0.099,1340853.0850521,1746460799999
1746460800000,0.099,0.10491,0.096721,0.10084,2596444.95578844,1746489599999
1746489600000,0.10092,0.10435,0.098,0.10105,600910.99537542,1746518399999
1746518400000,0.10105,0.10122,0.094609,0.095251,1045912.38705605,1746547199999
1746547200000,0.094881,0.09778,0.091705,0.09778,453810.12933645,1746575999999
1746576000000,0.09759,0.10046,0.095436,0.10046,252757.62046107,1746604799999
1746604800000,0.10055,0.10316,0.0991,0.10009,603518.19859834,1746633599999
1746633600000,0.099725,0.1014,0.09713,0.10072,578671.32139948,1746662399999
1746662400000,0.10196,0.1103,0.10157,0.10956,862432.09714727,1746691199999
1746691200000,0.10967,0.11271,0.10809,0.11042,906622.2147235,1746719999999
1746720000000,0.11051,0.11656,0.11024,0.11433,486582.29417452,1746748799999
1746748800000,0.11493,0.12011,0.11432,0.11858,377988.62509576,1746777599999
1746777600000,0.11885,0.12198,0.11615,0.12172,692987.08022917,1746806399999
1746806400000,0.12174,0.1255,0.11891,0.12436,1271521.18742108,1746835199999
1746835200000,0.1255,0.12811,0.12331,0.12636,485636.31071672,1746863999999
1746864000000,0.12655,0.1284,0.12265,0.1229,489556.46253275,1746892799999
1746892800000,0.1229,0.12949,0.1229,0.12901,291758.62766333,1746921599999
1746921600000,0.12877,0.12952,0.11968,0.1206,428511.15332424,1746950399999
1746950400000,0.12052,0.12506,0.11908,0.12166,524461.28291147,1746979199999
1746979200000,0.12117,0.128,0.12016,0.12595,1177107.71076157,1747007999999
1747008000000,0.12568,0.13329,0.12239,0.12978,474939.02258445,1747036799999
1747036800000,0.12951,0.13235,0.12391,0.12472,516996.74896561,1747065599999
1747065600000,0.12493,0.12835,0.11876,0.12419,393508.03356245,1747094399999
1747094400000,0.12302,0.1232,0.11799,0.1222,506517.29578457,1747123199999
1747123200000,0.12172,0.12494,0.12117,0.12284,421639.59266024,1747151999999
1747152000000,0.12298,0.12815,0.12298,0.12683,438931.02941833,1747180799999
1747180800000,0.12636,0.13164,0.12488,0.12909,373887.64359671,1747209599999
1747209600000,0.12849,0.14173,0.12565,0.13722,3222257.5142835,1747238399999
1747238400000,0.13724,0.13807,0.13,0.13102,1262470.47414609,1747267199999
1747267200000,0.13066,0.13266,0.12167,0.122,493193.82445089,1747295999999
1747296000000,0.12252,0.12386,0.11753,0.12228,522928.30167085,1747324799999
1747324800000,0.12184,0.13,0.11949,0.12282,1067165.80764191,1747353599999
1747353600000,0.1233,0.12427,0.12167,0.12359,143717.29874766,1747382399999
1747382400000,0.12345,0.1242,0.1207,0.12315,135330.7161737,1747411199999
1747411200000,0.12306,0.12388,0.11582,0.11682,132800.68741864,1747439999999
1747440000000,0.11675,0.11678,0.11101,0.11237,167480.45427533,1747468799999
1747468800000,0.11246,0.11398,0.1107,0.11305,175046.39280518,1747497599999
1747497600000,0.11249,0.11293,0.10936,0.11,149172.09510424,1747526399999
1747526400000,0.11013,0.11687,0.11013,0.11687,255886.83766197,1747555199999
1747555200000,0.11689,0.12,0.1162,0.11989,639593.34354145,1747583999999
1747584000000,0.11907,0.11907,0.11181,0.11875,179908.51752451,1747612799999
1747612800000,0.11904,0.11904,0.108,0.1105,320950.24390663,1747641599999
1747641600000,0.11015,0.11223,0.10765,0.11141,739655.39375156,1747670399999
1747670400000,0.11126,0.11407,0.11103,0.11264,210063.38349314,1747699199999
1747699200000,0.11383,0.11585,0.11127,0.11172,251092.81117606,1747727999999
1747728000000,0.1116,0.11206,0.10839,0.10919,131195.8580865,1747756799999
1747756800000,0.1094,0.11219,0.10839,0.11152,40409.15088811,1747785599999
1747785600000,0.1125,0.11418,0.11074,0.11181,85902.82339055,1747814399999
1747814400000,0.11147,0.11385,0.10958,0.11281,334265.81970364,1747843199999
1747843200000,0.11314,0.11609,0.11147,0.11453,398717.35094766,1747871999999
1747872000000,0.11421,0.12161,0.11421,0.12068,627986.84360755,1747900799999
1747900800000,0.12027,0.12605,0.11959,0.12454,770444.13159355,1747929599999
1747929600000,0.12472,0.12496,0.12035,0.12223,418418.54088617,1747958399999
1747958400000,0.12282,0.129,0.12254,0.12691,458127.85154501,1747987199999
1747987200000,0.1272,0.13807,0.12239,0.12649,3595394.73952718,1748015999999
1748016000000,0.12699,0.12763,0.11708,0.11731,668929.97754693,1748044799999
1748044800000,0.11734,0.11933,0.11549,0.11579,228287.93115834,1748073599999
1748073600000,0.11582,0.11871,0.11443,0.1167,411819.50094157,1748102399999
1748102400000,0.11642,0.12224,0.11638,0.11738,392356.27469585,1748131199999
1748131200000,0.11743,0.11743,0.1124,0.11316,115605.80149712,1748159999999
1748160000000,0.11207,0.11249,0.10797,0.10933,717921.72094249,1748188799999
1748188800000,0.10889,0.11395,0.10799,0.11393,1015117.74043266,1748217599999
1748217600000,0.11382,0.11756,0.1129,0.11699,249321.35711323,1748246399999
1748246400000,0.1173,0.11769,0.11303,0.11575,713288.18250068,1748275199999
1748275200000,0.11657,0.11915,0.11323,0.11715,767287.71713316,1748303999999
1748304000000,0.11706,0.121,0.11323,0.12041,502578.08204006,1748332799999
1748332800000,0.12097,0.12497,0.11964,0.12483,475973.34139009,1748361599999
1748361600000,0.12476,0.12967,0.12284,0.12808,1252384.96370543,1748390399999
1748390400000,0.1285,0.1374,0.12598,0.12695,1545707.57716223,1748419199999
1748419200000,0.12635,0.12652,0.12184,0.12238,686999.85456527,1748447999999
1748448000000,0.12239,0.12556,0.1207,0.12507,316685.34924878,1748476799999
1748476800000,0.12401,0.12778,0.1228,0.12292,139833.4093478,1748505599999
1748505600000,0.12291,0.12487,0.11883,0.11923,516273.25897986,1748534399999
1748534400000,0.11944,0.12062,0.11757,0.11757,159017.16785294,1748563199999
1748563200000,0.11825,0.11866,0.1105,0.11509,380563.66016709,1748591999999
1748592000000,0.11413,0.13646,0.1127,0.13609,3284617.0790814,1748620799999
1748620800000,0.1362,0.1362,0.11678,0.11867,4951710.60851846,1748649599999
1748649600000,0.11864,0.12816,0.11523,0.12389,2493315.39429731,1748678399999
1748678400000,0.12316,0.13599,0.11866,0.12586,5692226.32464358,1748707199999
1748707200000,0.12601,0.12721,0.1185,0.12073,2787312.79141836,1748735999999
1748736000000,0.12087,0.12165,0.1162,0.11672,564959.39372039,1748764799999
1748764800000,0.11672,0.11786,0.11154,0.11673,1695707.11004945,1748793599999
1748793600000,0.11683,0.12041,0.11541,0.11861,1087056.11675196,1748822399999
1748822400000,0.11897,0.12613,0.11486,0.12193,778468.6347191,1748851199999
1748851200000,0.12188,0.12478,0.11501,0.11989,985906.84385229,1748879999999
1748880000000,0.12042,0.12623,0.11923,0.12535,1474045.50388477,1748908799999
1748908800000,0.12565,0.129,0.12153,0.12183,890389.77146855,1748937599999
1748937600000,0.12231,0.12335,0.12013,0.12152,513758.0927839,1748966399999
1748966400000,0.12156,0.12245,0.1185,0.11925,292030.64618535,1748995199999
1748995200000,0.11965,0.12399,0.11675,0.12017,410184.58752105,1749023999999
1749024000000,0.12116,0.122,0.11832,0.1213,353999.5583737,1749052799999
1749052800000,0.121,0.12545,0.11956,0.12375,1402783.76879932,1749081599999
1749081600000,0.12316,0.12342,0.11597,0.11608,656590.35339863,1749110399999
1749110400000,0.11652,0.11794,0.113,0.11506,619124.62239332,1749139199999
1749139200000,0.11408,0.11499,0.1041,0.10634,1317813.40118891,1749167999999
1749168000000,0.10586,0.11109,0.10586,0.10786,418864.76540883,1749196799999
1749196800000,0.10818,0.11068,0.10525,0.10869,375553.13668367,1749225599999
1749225600000,0.10849,0.10865,0.1032,0.10411,491772.94759008,1749254399999
1749254400000,0.10418,0.10714,0.10388,0.10678,251755.54853754,1749283199999
1749283200000,0.10649,0.10673,0.104,0.10405,177718.79226712,1749311999999
1749312000000,0.104,0.10632,0.10346,0.10567,305766.30048877,1749340799999
1749340800000,0.10539,0.10542,0.10445,0.1047,59689.32376126,1749369599999
1749369600000,0.10485,0.11197,0.10366,0.10944,1348350.9965086,1749398399999
1749398400000,0.11024,0.11073,0.10682,0.10682,824407.60232882,1749427199999
1749427200000,0.10687,0.10778,0.10433,0.10653,326603.99443799,1749455999999
1749456000000,0.10696,0.10914,0.10583,0.10768,1149132.84917585,1749484799999
1749484800000,0.10727,0.111,0.10715,0.111,301988.89430768,1749513599999
1749513600000,0.111,0.1129,0.10835,0.10984,860849.84492712,1749542399999
1749542400000,0.11027,0.1141,0.10964,0.11137,1005385.92055719,1749571199999
1749571200000,0.11143,0.11407,0.11099,0.11362,545683.17415803,1749599999999
1749600000000,0.11414,0.1145,0.11221,0.11332,97108.54937103,1749628799999
1749628800000,0.11326,0.11354,0.10958,0.11327,292396.92020136,1749657599999
1749657600000,0.11318,0.11332,0.10614,0.10707,503585.56301672,1749686399999
1749686400000,0.10668,0.10735,0.104,0.1045,451556.30500931,1749715199999
1749715200000,0.10421,0.10425,0.099288,0.10038,489353.46096751,1749743999999
1749744000000,0.10038,0.10304,0.097396,0.098113,700996.09235388,1749772799999
1749772800000,0.097803,0.097803,0.091076,0.093341,452742.55681835,1749801599999
1749801600000,0.093338,0.09424,0.089349,0.090883,353588.57172111,1749830399999
1749830400000,0.091472,0.094278,0.09093,0.093879,413053.68673468,1749859199999
1749859200000,0.093541,0.093541,0.0918,0.092249,102700.05832032,1749887999999
1749888000000,0.092319,0.093218,0.09043,0.09043,206224.05655727,1749916799999
1749916800000,0.091175,0.091175,0.085,0.089586,896973.6445754,1749945599999
1749945600000,0.090014,0.091178,0.089842,0.090066,84087.71927995,1749974399999
1749974400000,0.090156,0.091499,0.090101,0.09046,156068.80188102,1750003199999
1750003200000,0.090637,0.090994,0.08841,0.089783,586637.46980892,1750031999999
1750032000000,0.088681,0.093044,0.0875,0.093044,354763.48208219,1750060799999
1750060800000,0.093044,0.0949,0.091422,0.093015,649533.02374869,1750089599999
1750089600000,0.093315,0.095838,0.0895,0.0895,680111.42707418,1750118399999
1750118400000,0.089665,0.091269,0.088265,0.088744,132155.47929243,1750147199999
1750147200000,0.088744,0.088837,0.085972,0.086469,144089.3027172,1750175999999
1750176000000,0.086331,0.08813,0.083193,0.087552,1138787.64041304,1750204799999
1750204800000,0.087411,0.088354,0.086474,0.086709,112813.63107098,1750233599999
1750233600000,0.086889,0.087178,0.08,0.084025,1021129.49646722,1750262399999
1750262400000,0.083821,0.08588,0.083,0.085352,468485.62148049,1750291199999
1750291200000,0.085676,0.087353,0.085146,0.086633,195719.27762554,1750319999999
1750320000000,0.087019,0.08729,0.084933,0.085246,300203.55026829,1750348799999
1750348800000,0.085223,0.086358,0.08421,0.08524,249067.80523371,1750377599999
1750377600000,0.084751,0.08675,0.083501,0.086671,260710.78194677,1750406399999
1750406400000,0.08696,0.087725,0.084337,0.084761,298724.91181629,1750435199999
1750435200000,0.084644,0.084644,0.080546,0.082517,199583.97806769,1750463999999
1750464000000,0.082661,0.083506,0.082129,0.082652,75950.89706054,1750492799999
1750492800000,0.082849,0.083111,0.078603,0.07952,335736.57311249,1750521599999
1750521600000,0.079912,0.080163,0.075971,0.077464,855239.01597249,1750550399999
1750550400000,0.078499,0.07892,0.076346,0.077263,72282.81150274,1750579199999
1750579200000,0.077368,0.07738,0.07257,0.072619,822723.57243044,1750607999999
1750608000000,0.073092,0.081231,0.072629,0.078927,1167058.22337046,1750636799999
1750636800000,0.07869,0.081047,0.078293,0.079271,375930.44238013,1750665599999
1750665600000,0.079506,0.081322,0.078261,0.078896,694267.25745725,1750694399999
1750694400000,0.07865,0.084644,0.076444,0.084525,900799.72415351,1750723199999
1750723200000,0.083855,0.087744,0.083479,0.08635,787892.91241844,1750751999999
1750752000000,0.086443,0.08696,0.084326,0.08696,499845.0451571,1750780799999
1750780800000,0.086673,0.088114,0.085421,0.086361,1041311.88112173,1750809599999
1750809600000,0.086937,0.087194,0.085828,0.08671,151881.58218729,1750838399999
1750838400000,0.086693,0.086693,0.082858,0.083313,358673.16632482,1750867199999
1750867200000,0.083345,0.084071,0.082462,0.0827,232993.87006666,1750895999999
1750896000000,0.0827,0.085014,0.082569,0.084241,28690.61083602,1750924799999
1750924800000,0.084417,0.084589,0.079201,0.08106,559918.21198368,1750953599999
1750953600000,0.080562,0.082341,0.080491,0.080491,108854.79647336,1750982399999
1750982400000,0.080293,0.082146,0.0792,0.081103,269672.21228179,1751011199999
1751011200000,0.080838,0.081913,0.07945,0.081568,407002.80421196,1751039999999
1751040000000,0.081466,0.082535,0.080369,0.082352,73315.6555193,1751068799999
1751068800000,0.081974,0.082068,0.081484,0.081489,6033.53799122,1751097599999
1751097600000,0.081626,0.082753,0.081389,0.082753,289844.12967531,1751126399999
1751126400000,0.082922,0.08438,0.082823,0.083995,267571.02034022,1751155199999
1751155200000,0.08428,0.084613,0.08338,0.084449,43706.22001937,1751183999999
1751184000000,0.085,0.085838,0.083819,0.084058,266475.15044024,1751212799999
1751212800000,0.084167,0.087558,0.083743,0.087007,330740.04775177,1751241599999
1751241600000,0.087063,0.087155,0.084435,0.086053,127832.49943678,1751270399999
1751270400000,0.085511,0.085796,0.08412,0.084583,280998.79538526,1751299199999
1751299200000,0.084381,0.089267,0.08,0.084177,744502.03135839,1751327999999
1751328000000,0.084257,0.084257,0.081963,0.08293,77333.60002689,1751356799999
1751356800000,0.082272,0.082398,0.08066,0.081279,242738.4282837,1751385599999
1751385600000,0.081313,0.081772,0.079828,0.079828,360395.92167113,1751414399999
1751414400000,0.080157,0.08143,0.07945,0.08143,64353.93937125,1751443199999
1751443200000,0.0813,0.083301,0.081244,0.083301,79827.13190193,1751471999999
1751472000000,0.08353,0.085865,0.08353,0.084694,199160.89029511,1751500799999
1751500800000,0.0848,0.08696,0.0848,0.086893,490845.00765423,1751529599999
1751529600000,0.086892,0.087283,0.084871,0.085187,320763.51761052,1751558399999
1751558400000,0.084899,0.08609,0.084873,0.085828,37339.74138469,1751587199999
1751587200000,0.085111,0.08609,0.082836,0.082836,40807.43795642,1751615999999
1751616000000,0.08279,0.08353,0.08188,0.081991,240440.36400593,1751644799999
1751644800000,0.081875,0.082162,0.080733,0.081892,255130.1883052,1751673599999
1751673600000,0.08183,0.0827,0.081773,0.082569,41314.97165575,1751702399999
1751702400000,0.082569,0.082569,0.080653,0.080653,165354.05921996,1751731199999
1751731200000,0.080804,0.08087,0.07929,0.080423,120751.66486932,1751759999999
1751760000000,0.080156,0.080385,0.079722,0.079951,47483.78907137,1751788799999
1751788800000,0.079923,0.08187,0.079307,0.081406,180112.48400439,1751817599999
1751817600000,0.081532,0.083235,0.081529,0.082475,98826.46068271,1751846399999
1751846400000,0.082329,0.08341,0.082,0.08341,56872.15614559,1751875199999
1751875200000,0.083269,0.084116,0.08197,0.082524,132433.46684492,1751903999999
1751904000000,0.08259,0.083244,0.0815,0.081645,214117.35192645,1751932799999
1751932800000,0.08166,0.081667,0.080676,0.080909,48239.80034952,1751961599999
1751961600000,0.080571,0.082142,0.080206,0.080206,343906.92231548,1751990399999
1751990400000,0.080306,0.082962,0.080186,0.082172,466034.08952466,1752019199999
1752019200000,0.082693,0.08345,0.08235,0.083335,40323.58145459,1752047999999
1752048000000,0.0832,0.08422,0.082602,0.083251,547893.13000265,1752076799999
1752076800000,0.083168,0.086569,0.082485,0.085816,198162.22318433,1752105599999
1752105600000,0.08501,0.087486,0.08501,0.086553,326873.38030678,1752134399999
1752134400000,0.086907,0.088219,0.086327,0.086922,872710.38057851,1752163199999
1752163200000,0.08688,0.093334,0.086,0.093144,919218.01605248,1752191999999
1752192000000,0.093144,0.097684,0.08785,0.0934,970556.74822276,1752220799999
1752220800000,0.093379,0.09737,0.093379,0.095371,592978.03060188,1752249599999
1752249600000,0.094724,0.096599,0.091439,0.093096,310191.39720796,1752278399999
1752278400000,0.093086,0.095948,0.0917,0.09521,182717.29384355,1752307199999
1752307200000,0.094749,0.095377,0.088,0.088496,208634.62288825,1752335999999
1752336000000,0.088413,0.091146,0.088,0.090482,316444.0080075,1752364799999
1752364800000,0.091112,0.093,0.091069,0.092888,179045.8406613,1752393599999
1752393600000,0.092791,0.095369,0.092164,0.094872,193705.57934151,1752422399999
1752422400000,0.09494,0.09615,0.093248,0.094142,204768.37816895,1752451199999
1752451200000,0.093593,0.098322,0.093593,0.097523,218382.61812984,1752479999999
1752480000000,0.09756,0.099642,0.094429,0.095386,556202.19792528,1752508799999
1752508800000,0.095183,0.096713,0.0926,0.093896,248237.33281074,1752537599999
1752537600000,0.094273,0.09448,0.090819,0.09212,168262.41084917,1752566399999
1752566400000,0.091584,0.09535,0.09145,0.094715,259383.55801884,1752595199999
1752595200000,0.09519,0.0981,0.0949,0.0981,260281.64069911,1752623999999
1752624000000,0.097714,0.10103,0.09696,0.10095,485068.26797626,1752652799999
1752652800000,0.10081,0.10525,0.1,0.10113,1599779.22529993,1752681599999
1752681600000,0.10123,0.10316,0.1,0.10071,598998.23816237,1752710399999
1752710400000,0.10176,0.10456,0.099,0.10439,338089.11355918,1752739199999
1752739200000,0.10432,0.105,0.10112,0.10272,247001.06113673,1752767999999
1752768000000,0.10252,0.10329,0.096539,0.09917,498879.83762574,1752796799999
1752796800000,0.098592,0.1059,0.092986,0.1044,1332416.23696883,1752825599999
1752825600000,0.1043,0.10474,0.09951,0.10032,604102.05649785,1752854399999
1752854400000,0.10046,0.10196,0.098,0.10104,353691.97336821,1752883199999
1752883200000,0.10117,0.10361,0.09901,0.10132,428367.50656491,1752911999999
1752912000000,0.10096,0.1018,0.098861,0.10002,437188.45178833,1752940799999
1752940800000,0.099209,0.10183,0.098874,0.10175,332754.25502516,1752969599999
1752969600000,0.10133,0.10304,0.10071,0.10237,129220.19104833,1752998399999
1752998400000,0.10289,0.10614,0.10289,0.10606,395686.47342555,1753027199999
1753027200000,0.10593,0.10957,0.10523,0.10666,758945.58714619,1753055999999
1753056000000,0.10504,0.10813,0.10363,0.1067,384266.00409766,1753084799999
1753084800000,0.10691,0.11306,0.10666,0.10893,1058647.96467521,1753113599999
1753113600000,0.10904,0.1095,0.10588,0.10863,280763.60893909,1753142399999
1753142400000,0.10857,0.111,0.10455,0.10625,423788.05155099,1753171199999
1753171200000,0.10604,0.1064,0.10323,0.10578,384778.15939753,1753199999999
1753200000000,0.10625,0.10906,0.10466,0.10825,333112.02372031,1753228799999
1753228800000,0.10815,0.11111,0.1035,0.11111,482060.43583353,1753257599999
1753257600000,0.111,0.111,0.1015,0.10466,257662.00065978,1753286399999
1753286400000,0.1038,0.10382,0.09681,0.099582,284052.3686637,1753315199999
1753315200000,0.099718,0.1009,0.092,0.095499,248858.7926301,1753343999999
1753344000000,0.095315,0.1002,0.095315,0.0989,250978.32615544,1753372799999
1753372800000,0.09913,0.09918,0.096482,0.096691,252306.78851722,1753401599999
1753401600000,0.09616,0.096701,0.093802,0.095026,182994.26866027,1753430399999
1753430400000,0.09615,0.098365,0.09425,0.09425,153220.18923658,1753459199999
1753459200000,0.095329,0.0981,0.09519,0.098072,57915.20866132,1753487999999
1753488000000,0.098255,0.099113,0.097541,0.098306,38609.53420348,1753516799999
1753516800000,0.098859,0.099214,0.096629,0.0975,90036.35624541,1753545599999
1753545600000,0.097546,0.098623,0.09713,0.09748,66935.11936147,1753574399999
1753574400000,0.09713,0.103,0.0971,0.10235,325181.21214092,1753603199999
1753603200000,0.1023,0.10287,0.0991,0.099798,270521.0711257,1753631999999
1753632000000,0.10111,0.10173,0.10016,0.10173,255388.11840674,1753660799999
1753660800000,0.102,0.10342,0.10029,0.1021,262090.77277313,1753689599999
1753689600000,0.10208,0.10316,0.098,0.098602,326707.06499676,1753718399999
1753718400000,0.0982,0.098749,0.094228,0.094938,565649.75148192,1753747199999
1753747200000,0.094224,0.09823,0.093,0.097842,218036.50446622,1753775999999
1753776000000,0.09787,0.0981,0.09401,0.094589,248425.39274004,1753804799999
1753804800000,0.09455,0.09615,0.09237,0.09519,283228.14531872,1753833599999
1753833600000,0.094671,0.09622,0.093471,0.09425,131126.23115537,1753862399999
1753862400000,0.094182,0.09562,0.090603,0.093496,539254.73204916,1753891199999
1753891200000,0.093365,0.096466,0.091662,0.09445,568385.90466608,1753919999999
1753920000000,0.094229,0.096347,0.094229,0.09583,115428.50163639,1753948799999
1753948800000,0.095718,0.096514,0.09227,0.093426,239922.44980737,1753977599999
1753977600000,0.093256,0.0951,0.088852,0.089104,634641.76599577,1754006399999
1754006400000,0.0892,0.089629,0.0861,0.088092,423000.42384693,1754035199999
1754035200000,0.0873,0.088941,0.083847,0.08698,169625.79085844,1754063999999
1754064000000,0.087352,0.087352,0.083,0.08465,308208.0901134,1754092799999
1754092800000,0.08465,0.08516,0.0825,0.08438,207539.69937321,1754121599999
1754121600000,0.0842,0.084371,0.081,0.081079,425061.57992405,1754150399999
1754150400000,0.08115,0.082272,0.079883,0.081366,450002.10370274,1754179199999
1754179200000,0.081766,0.08464,0.08141,0.08464,127074.38325229,1754207999999
1754208000000,0.08458,0.087488,0.084091,0.086892,519182.07475203,1754236799999
1754236800000,0.086642,0.087181,0.0827,0.08589,495581.51089605,1754265599999
1754265600000,0.08696,0.087541,0.0861,0.087161,97609.11626924,1754294399999
1754294400000,0.087405,0.087848,0.085952,0.087388,197312.42380945,1754323199999
1754323200000,0.088,0.090555,0.087771,0.090555,282381.76693692,1754351999999
1754352000000,0.090028,0.090586,0.086592,0.086592,127467.99483992,1754380799999
1754380800000,0.086677,0.09219,0.08354,0.085785,1787737.25293244,1754409599999
1754409600000,0.085772,0.086601,0.084,0.08609,353932.21842949,1754438399999
1754438400000,0.085621,0.086592,0.083498,0.086428,274825.06609676,1754467199999
1754467200000,0.086042,0.08696,0.085,0.08696,196253.42722199,1754495999999
1754496000000,0.087039,0.087039,0.085743,0.086304,210644.82565647,1754524799999
1754524800000,0.086229,0.0871,0.085388,0.0861,61974.82012297,1754553599999
1754553600000,0.0869,0.08962,0.0861,0.089,444691.78924717,1754582399999
1754582400000,0.089,0.08999,0.086887,0.08999,158929.21185676,1754611199999
1754611200000,0.09015,0.091022,0.089136,0.089759,80489.83050339,1754639999999
1754640000000,0.090122,0.0917,0.089014,0.089104,419863.79173446,1754668799999
1754668800000,0.089485,0.09522,0.089485,0.094646,813364.81375821,1754697599999
1754697600000,0.094794,0.0975,0.094659,0.097342,342145.35272347,1754726399999
1754726400000,0.0974,0.098437,0.095918,0.098,496740.61983712,1754755199999
1754755200000,0.0981,0.099166,0.09713,0.09713,257206.69356604,1754783999999
1754784000000,0.098089,0.09891,0.094751,0.094937,219265.3357516,1754812799999
1754812800000,0.09425,0.095473,0.093244,0.094909,299572.64762518,1754841599999
1754841600000,0.094532,0.095888,0.094171,0.095018,155015.12324674,1754870399999
1754870400000,0.095045,0.097314,0.094671,0.095403,398271.44603502,1754899199999
1754899200000,0.095141,0.095721,0.091974,0.0946,476897.09592414,1754927999999
1754928000000,0.095182,0.0953,0.09,0.09102,357369.74676016,1754956799999
1754956800000,0.09062,0.09166,0.090141,0.09143,190155.79332317,1754985599999
1754985600000,0.09093,0.0945,0.089252,0.0945,233974.15704271,1755014399999
1755014400000,0.094392,0.097022,0.094214,0.096086,224218.29456265,1755043199999
1755043200000,0.095904,0.09754,0.09507,0.097027,141351.38347699,1755071999999
1755072000000,0.097141,0.09925,0.097,0.098784,635923.70953015,1755100799999
1755100800000,0.09896,0.0991,0.0974,0.098493,211096.15205925,1755129599999
1755129600000,0.098795,0.10132,0.096877,0.09785,236789.54397809,1755158399999
1755158400000,0.0972,0.0972,0.090819,0.092685,479065.75612783,1755187199999
1755187200000,0.09237,0.09237,0.08963,0.091009,307404.9447352,1755215999999
1755216000000,0.091337,0.092603,0.09127,0.092123,81625.47663185,1755244799999
1755244800000,0.092376,0.092524,0.087525,0.087936,282584.17902006,1755273599999
1755273600000,0.08785,0.091,0.08697,0.089926,211874.39089318,1755302399999
1755302400000,0.091233,0.091251,0.089971,0.091018,42140.59880394,1755331199999
1755331200000,0.090962,0.091743,0.089092,0.091743,131268.03575195,1755359999999
1755360000000,0.092,0.09307,0.09189,0.092494,194905.48787393,1755388799999
1755388800000,0.09145,0.095055,0.09,0.094368,194738.42122706,1755417599999
1755417600000,0.094782,0.09965,0.094782,0.09789,1951549.5175877,1755446399999
1755446400000,0.09796,0.098,0.094709,0.095714,463384.77517402,1755475199999
1755475200000,0.095163,0.096672,0.0896,0.089719,770765.31763437,1755503999999
1755504000000,0.08995,0.091953,0.088596,0.090601,279578.3070341,1755532799999
1755532800000,0.091017,0.09207,0.08963,0.09111,543392.00137402,1755561599999
1755561600000,0.08963,0.092149,0.08785,0.089328,185598.43227137,1755590399999
1755590400000,0.089224,0.0927,0.089063,0.090686,494743.20764365,1755619199999
1755619200000,0.090414,0.1,0.090259,0.092606,3803788.37439536,1755647999999
1755648000000,0.092878,0.1036,0.09196,0.10117,4713551.59958921,1755676799999
1755676800000,0.10121,0.11,0.09425,0.09746,3486100.04703398,1755705599999
1755705600000,0.097382,0.09999,0.09588,0.097661,1072000.99575961,1755734399999
1755734400000,0.097531,0.105,0.09588,0.10378,662482.03413008,1755763199999
1755763200000,0.10422,0.10539,0.09964,0.10228,1698203.99900687,1755791999999
1755792000000,0.10275,0.10717,0.10117,0.1068,2220555.41533951,1755820799999
1755820800000,0.10642,0.10966,0.1025,0.10321,2019737.40056323,1755849599999
1755849600000,0.10307,0.10557,0.098031,0.10421,1616184.65909828,1755878399999
1755878400000,0.10472,0.12548,0.10472,0.12091,4494407.65782867,1755907199999
1755907200000,0.11835,0.11835,0.11107,0.11119,380752.09436942,1755935999999
1755936000000,0.11151,0.11401,0.11034,0.11034,462941.83211549,1755964799999
1755964800000,0.1105,0.11118,0.109,0.10976,453650.83278583,1755993599999
1755993600000,0.10946,0.10946,0.10401,0.10415,376228.35063402,1756022399999
1756022400000,0.104,0.10524,0.102,0.10524,861425.22309748,1756051199999
1756051200000,0.10524,0.10927,0.102,0.10404,574630.98590068,1756079999999
1756080000000,0.10372,0.1045,0.09811,0.09811,312776.33343116,1756108799999
1756108800000,0.098012,0.099437,0.096383,0.096683,619523.45754688,1756137599999
1756137600000,0.09616,0.096536,0.091183,0.092633,917104.3810623,1756166399999
1756166400000,0.093004,0.09519,0.092646,0.094061,192537.38947088,1756195199999
1756195200000,0.094317,0.09535,0.09236,0.094317,325499.26768447,1756223999999
1756224000000,0.09428,0.09615,0.093568,0.095376,162525.28432566,1756252799999
1756252800000,0.095643,0.10348,0.094702,0.101,1558679.7875078,1756281599999
1756281600000,0.10147,0.10292,0.097487,0.099478,876024.99194126,1756310399999
1756310400000,0.099365,0.10367,0.096958,0.10278,1425375.68022084,1756339199999
1756339200000,0.10203,0.104,0.098213,0.099,662631.7941741,1756367999999
1756368000000,0.09937,0.10054,0.097747,0.09801,480143.39510488,1756396799999
1756396800000,0.098193,0.098525,0.0947,0.096922,177299.72401555,1756425599999
1756425600000,0.096569,0.097087,0.091191,0.091854,1084520.4995498,1756454399999
1756454400000,0.091885,0.0933,0.0896,0.090456,979927.87834636,1756483199999
1756483200000,0.090356,0.090424,0.08788,0.090173,875360.50909411,1756511999999
1756512000000,0.089995,0.094738,0.089376,0.093479,522472.65173284,1756540799999
1756540800000,0.0937,0.096736,0.09331,0.094412,778103.48496474,1756569599999
1756569600000,0.094129,0.094381,0.09237,0.092529,373176.22053833,1756598399999
1756598400000,0.0933,0.094319,0.092691,0.093283,503362.05312125,1756627199999
1756627200000,0.093441,0.09519,0.093137,0.093196,146643.84515283,1756655999999
1756656000000,0.092726,0.095,0.092,0.092,132484.81412268,1756684799999
1756684800000,0.09145,0.09145,0.0885,0.091397,358166.26347871,1756713599999
1756713600000,0.09144,0.09236,0.08777,0.08785,484674.29211589,1756742399999
1756742400000,0.08765,0.088231,0.084791,0.086633,1302461.08764197,1756771199999
1756771200000,0.086888,0.0895,0.086416,0.08873,186898.34981181,1756799999999
1756800000000,0.08887,0.089298,0.086505,0.08697,299923.71103178,1756828799999
1756828800000,0.087131,0.088893,0.08697,0.088768,412056.24046947,1756857599999
1756857600000,0.088516,0.089822,0.087922,0.088911,793694.73156866,1756886399999
1756886400000,0.088872,0.089758,0.087716,0.089489,555926.44301004,1756915199999
1756915200000,0.089475,0.089529,0.088496,0.088944,588449.45440333,1756943999999
1756944000000,0.088842,0.088842,0.0861,0.087124,148553.81659875,1756972799999
1756972800000,0.086808,0.088013,0.0855,0.085838,513180.08356835,1757001599999
1757001600000,0.085506,0.086558,0.084727,0.085915,259968.36347649,1757030399999
1757030400000,0.086584,0.090123,0.085504,0.089435,1068366.13257106,1757059199999
1757059200000,0.088952,0.089471,0.085703,0.086184,181633.86041048,1757087999999
1757088000000,0.086098,0.087557,0.086032,0.087118,216417.39246061,1757116799999
1757116800000,0.08738,0.08784,0.086392,0.086505,445738.39801605,1757145599999
1757145600000,0.086559,0.0895,0.085513,0.088498,728145.39770826,1757174399999
1757174400000,0.088581,0.090258,0.087758,0.08962,384768.92593964,1757203199999
1757203200000,0.089808,0.090663,0.08901,0.089676,336567.78161105,1757231999999
1757232000000,0.089236,0.089629,0.088651,0.088651,490728.72544956,1757260799999
1757260800000,0.088734,0.08962,0.087776,0.089293,111457.64935423,1757289599999
1757289600000,0.089806,0.091999,0.089719,0.0903,292543.6433657,1757318399999
1757318400000,0.090891,0.09237,0.090016,0.091792,632161.35254694,1757347199999
1757347200000,0.092007,0.092216,0.089791,0.091882,904280.6213182,1757375999999
1757376000000,0.0921,0.096294,0.091972,0.095565,1264156.03262991,1757404799999
1757404800000,0.0957,0.09653,0.090971,0.090971,539983.52970656,1757433599999
1757433600000,0.090715,0.09251,0.0904,0.09251,306445.50255377,1757462399999
1757462400000,0.092711,0.0933,0.09145,0.092872,141422.47911634,1757491199999
1757491200000,0.0925,0.09438,0.0925,0.093211,1153894.36529736,1757519999999
1757520000000,0.093184,0.0934,0.09145,0.092758,120785.4869047,1757548799999
1757548800000,0.0933,0.09519,0.093062,0.094515,272291.13725777,1757577599999
1757577600000,0.094636,0.094704,0.09102,0.091632,334744.23320478,1757606399999
1757606400000,0.09227,0.0946,0.09204,0.09444,102551.05079973,1757635199999
1757635200000,0.095021,0.09692,0.094096,0.095233,203774.33199944,1757663999999
1757664000000,0.09477,0.09477,0.092142,0.092875,301614.52460351,1757692799999
1757692800000,0.09296,0.095848,0.09296,0.095408,731140.57582436,1757721599999
1757721600000,0.095568,0.0965,0.0952,0.095758,400975.68563104,1757750399999
1757750400000,0.095563,0.09631,0.093004,0.09342,513811.78990379,1757779199999
1757779200000,0.093609,0.094931,0.09237,0.094614,264533.73674509,1757807999999
1757808000000,0.095002,0.0952,0.092,0.093,212292.02235993,1757836799999
1757836800000,0.09326,0.094699,0.0905,0.09105,537066.6113893,1757865599999
1757865600000,0.09103,0.092965,0.090795,0.092657,252449.26014789,1757894399999
1757894400000,0.092,0.0933,0.091661,0.092131,80622.12903095,1757923199999
1757923200000,0.090622,0.090622,0.086653,0.087409,525503.90777306,1757951999999
1757952000000,0.086632,0.088987,0.086332,0.088867,453923.68617231,1757980799999
1757980800000,0.08866,0.089616,0.087874,0.088999,35441.26664581,1758009599999
1758009600000,0.08962,0.089857,0.088039,0.089231,355916.75115199,1758038399999
1758038400000,0.088924,0.090105,0.088717,0.090105,38041.58237221,1758067199999
1758067200000,0.090056,0.09052,0.08785,0.089372,43593.63228039,1758095999999
1758096000000,0.088926,0.088926,0.086858,0.086975,212046.66144345,1758124799999
1758124800000,0.086582,0.0921,0.086514,0.0914,346468.58238268,1758153599999
1758153600000,0.091826,0.093378,0.091269,0.091453,202928.45654263,1758182399999
1758182400000,0.091914,0.093,0.091742,0.092374,345170.55109013,1758211199999
1758211200000,0.092356,0.0933,0.092046,0.092504,633755.36464356,1758239999999
1758240000000,0.093169,0.097404,0.093069,0.0951,1734262.23674585,1758268799999
1758268800000,0.0951,0.10236,0.092417,0.0978,4445070.7040443,1758297599999
1758297600000,0.097057,0.099769,0.093,0.093,2490888.50831901,1758326399999
1758326400000,0.093,0.095784,0.09145,0.09574,792857.15204772,1758355199999
1758355200000,0.094524,0.094524,0.091858,0.093726,412403.10243608,1758383999999
1758384000000,0.094145,0.09452,0.092756,0.092789,317820.84009581,1758412799999
1758412800000,0.093231,0.093678,0.0922,0.093678,144285.80018663,1758441599999
1758441600000,0.093118,0.093118,0.090459,0.091291,384014.15976808,1758470399999
1758470400000,0.091236,0.091322,0.089,0.089264,456251.51010621,1758499199999
1758499200000,0.089196,0.089405,0.0804,0.082888,941919.33781663,1758527999999
1758528000000,0.082855,0.084072,0.081761,0.082568,348960.1082184,1758556799999
1758556800000,0.082433,0.082882,0.080706,0.082882,235973.30188495,1758585599999
1758585600000,0.083333,0.083452,0.081036,0.083237,304209.27083357,1758614399999
1758614400000,0.083118,0.08353,0.081643,0.082418,205443.64086979,1758643199999
1758643200000,0.081906,0.0827,0.080962,0.08188,346790.6216257,1758671999999
1758672000000,0.082734,0.083561,0.0804,0.082869,118973.62739547,1758700799999
1758700800000,0.082931,0.084639,0.082927,0.084133,132969.85657787,1758729599999
1758729600000,0.083681,0.084118,0.082423,0.082423,72791.34804446,1758758399999
1758758400000,0.08251,0.082544,0.079586,0.079718,337836.67681125,1758787199999
1758787200000,0.080169,0.081203,0.078155,0.080223,369392.86379076,1758815999999
1758816000000,0.08044,0.080465,0.07631,0.077429,684397.45931596,1758844799999
1758844800000,0.078275,0.079773,0.077775,0.078554,67459.15789184,1758873599999
1758873600000,0.079,0.07944,0.07741,0.079436,307562.2333959,1758902399999
1758902400000,0.07944,0.080775,0.07944,0.080153,90833.62789274,1758931199999
1758931200000,0.080091,0.080586,0.079723,0.079723,32840.26874172,1758959999999
1758960000000,0.07945,0.082,0.07945,0.080987,38708.84129652,1758988799999
1758988800000,0.080898,0.081326,0.079791,0.08035,20880.1980179,1759017599999
1759017600000,0.079451,0.079683,0.0792,0.079403,24799.29659105,1759046399999
1759046400000,0.079083,0.079838,0.07865,0.079796,87913.83287598,1759075199999
1759075200000,0.08024,0.082136,0.079744,0.082136,106365.28501154,1759103999999
1759104000000,0.081593,0.081593,0.080455,0.080783,111222.11759675,1759132799999
1759132800000,0.080766,0.081335,0.079076,0.079478,153120.63725545,1759161599999
1759161600000,0.079642,0.080819,0.07865,0.079817,286494.31110062,1759190399999
1759190400000,0.07945,0.079635,0.078708,0.079539,33116.47630354,1759219199999
1759219200000,0.079202,0.079202,0.076525,0.076949,567869.59469197,1759247999999
1759248000000,0.076818,0.07859,0.076515,0.077858,176148.69874839,1759276799999
1759276800000,0.07752,0.078366,0.077186,0.077741,86289.67228378,1759305599999
1759305600000,0.078264,0.084116,0.078264,0.082999,1108318.0606063,1759334399999
1759334400000,0.08316,0.085419,0.082002,0.083777,1110941.72678329,1759363199999
1759363200000,0.08523,0.088202,0.08523,0.087783,437166.13575702,1759391999999
1759392000000,0.087972,0.090081,0.08595,0.087812,474551.19185625,1759420799999
1759420800000,0.08784,0.090858,0.08784,0.088609,586579.09038898,1759449599999
1759449600000,0.088512,0.0897,0.08785,0.08785,153808.98793955,1759478399999
1759478400000,0.088058,0.0901,0.087134,0.0901,174532.39645723,1759507199999
1759507200000,0.090078,0.09052,0.08785,0.089337,213183.01260275,1759535999999
1759536000000,0.088,0.088377,0.08697,0.088036,73541.63468423,1759564799999
1759564800000,0.087395,0.087395,0.083256,0.08496,206669.92119969,1759593599999
1759593600000,0.084651,0.086176,0.084368,0.086176,54846.34259671,1759622399999
1759622400000,0.085895,0.088244,0.085582,0.088072,63115.76258717,1759651199999
1759651200000,0.088543,0.088543,0.086097,0.086484,75452.83032593,1759679999999
1759680000000,0.086958,0.086958,0.085068,0.086211,93240.48783207,1759708799999
1759708800000,0.086958,0.087056,0.086351,0.086351,30387.66309562,1759737599999
1759737600000,0.086969,0.0886,0.086795,0.088555,139673.81332789,1759766399999
1759766400000,0.088,0.0886,0.087111,0.087429,223376.33342702,1759795199999
1759795200000,0.087,0.088206,0.085742,0.085742,41439.60063645,1759823999999
1759824000000,0.0855,0.087597,0.083231,0.083234,267417.40077897,1759852799999
1759852800000,0.0831,0.085083,0.082721,0.08354,113389.2682818,1759881599999
1759881600000,0.084,0.084099,0.0827,0.084099,154426.29085541,1759910399999
1759910400000,0.084375,0.085227,0.08354,0.085227,302391.02789494,1759939199999
1759939200000,0.084921,0.086958,0.084921,0.085764,129629.68940135,1759967999999
1759968000000,0.085532,0.086089,0.08354,0.083693,121556.50478854,1759996799999
1759996800000,0.083662,0.083662,0.080378,0.081282,263756.00394786,1760025599999
1760025600000,0.081404,0.085227,0.080526,0.085059,69011.87640093,1760054399999
1760054400000,0.084323,0.086088,0.084323,0.084384,96911.21962707,1760083199999
1760083200000,0.084587,0.088323,0.08072,0.081783,547931.55908905,1760111999999
1760112000000,0.081907,0.083053,0.022,0.05801,1930385.13681233,1760140799999
1760140800000,0.06006,0.066,0.06,0.064985,1029826.19052626,1760169599999
1760169600000,0.064,0.06697,0.061578,0.065984,565963.4889337,1760198399999
1760198400000,0.066,0.066,0.056827,0.058287,226861.97021717,1760227199999
1760227200000,0.058017,0.059534,0.056421,0.058275,434461.83316936,1760255999999
1760256000000,0.058536,0.0631,0.058,0.0631,1011225.18071455,1760284799999
1760284800000,0.0633,0.06453,0.0625,0.0625,490572.10206939,1760313599999
1760313600000,0.062804,0.064484,0.061698,0.0641,460279.70044125,1760342399999
1760342400000,0.064102,0.065338,0.063,0.064107,411021.96421268,1760371199999
1760371200000,0.064007,0.066523,0.064,0.0656,531840.36967615,1760399999999
1760400000000,0.065332,0.065489,0.059369,0.059972,661412.73478146,1760428799999
1760428800000,0.0595,0.0624,0.058991,0.0624,591715.59230375,1760457599999
1760457600000,0.062386,0.063175,0.061489,0.062554,341445.27357407,1760486399999
1760486400000,0.062508,0.062568,0.061506,0.062474,205462.74909862,1760515199999
1760515200000,0.063,0.063972,0.059002,0.059002,492710.31457822,1760543999999
1760544000000,0.059163,0.0599,0.057039,0.0578,315874.29806014,1760572799999
1760572800000,0.057732,0.059981,0.057435,0.059494,95769.41933346,1760601599999
1760601600000,0.058796,0.060156,0.056984,0.056984,238145.4832512,1760630399999
1760630400000,0.05685,0.057959,0.053963,0.054484,709128.07363142,1760659199999
1760659200000,0.054934,0.055579,0.049874,0.05,503715.92743512,1760687999999
1760688000000,0.049845,0.052517,0.049457,0.052,550742.80878379,1760716799999
1760716800000,0.052773,0.052773,0.051636,0.052608,514148.69153789,1760745599999
1760745600000,0.052007,0.05281,0.051736,0.052575,79973.00125819,1760774399999
1760774400000,0.052391,0.052546,0.051297,0.051779,250542.89323387,1760803199999
1760803200000,0.051872,0.053217,0.051574,0.05275,79531.4191089,1760831999999
1760832000000,0.052866,0.052866,0.051753,0.051753,49165.26294091,1760860799999
1760860800000,0.05198,0.055148,0.051382,0.054887,103640.31437511,1760889599999
1760889600000,0.05471,0.055694,0.054476,0.054476,644213.80664427,1760918399999
1760918400000,0.054162,0.056147,0.05349,0.055538,181635.68819116,1760947199999
1760947200000,0.055568,0.055612,0.054305,0.054406,245986.99122264,1760975999999
1760976000000,0.05355,0.054139,0.053227,0.054139,295919.99793195,1761004799999
1761004800000,0.0535,0.0535,0.051158,0.051897,124725.87128348,1761033599999
1761033600000,0.05189,0.055364,0.051288,0.055144,192804.45668763,1761062399999
1761062400000,0.055114,0.0553,0.050995,0.051049,270475.01143005,1761091199999
1761091200000,0.0508,0.05177,0.0508,0.051168,157248.7840015,1761119999999
1761120000000,0.051229,0.051462,0.049888,0.050955,81192.66524672,1761148799999
1761148800000,0.05067,0.051062,0.048,0.049706,247812.37859927,1761177599999
1761177600000,0.04974,0.051386,0.049721,0.051338,49489.33010084,1761206399999
1761206400000,0.051488,0.051514,0.050077,0.050837,294224.32545684,1761235199999
1761235200000,0.050968,0.051795,0.0503,0.050602,283969.20355913,1761263999999
1761264000000,0.051,0.052067,0.050669,0.05097,82460.05246565,1761292799999
1761292800000,0.051229,0.051545,0.05,0.05,374878.82032107,1761321599999
1761321600000,0.050088,0.051057,0.049414,0.051057,218527.17695527,1761350399999
1761350400000,0.050533,0.050671,0.0505,0.050535,51136.31371484,1761379199999
1761379200000,0.05085,0.051332,0.050173,0.051282,388706.60907229,1761407999999
1761408000000,0.05155,0.055399,0.051383,0.053873,2928377.99502541,1761436799999
1761436800000,0.053966,0.054811,0.053655,0.054081,913514.04921915,1761465599999
1761465600000,0.054065,0.058264,0.053985,0.054603,2616924.35420861,1761494399999
1761494400000,0.054615,0.054788,0.053651,0.054604,338420.9286292,1761523199999
1761523200000,0.05488,0.058565,0.054782,0.056474,1373016.99116223,1761551999999
1761552000000,0.056206,0.056288,0.054,0.05418,743392.7095949,1761580799999
1761580800000,0.05418,0.05615,0.053344,0.053549,704558.05794219,1761609599999
1761609600000,0.053684,0.053684,0.0512,0.051795,317531.80955197,1761638399999
1761638400000,0.051924,0.054387,0.051899,0.052527,523460.19860773,1761667199999
1761667200000,0.052595,0.053077,0.049534,0.050412,882970.07174311,1761695999999
1761696000000,0.050341,0.05107,0.050325,0.05089,122343.25795369,1761724799999
1761724800000,0.050722,0.051611,0.0498,0.05012,200146.20598394,1761753599999
1761753600000,0.0495,0.052014,0.048972,0.051077,318764.63521524,1761782399999
1761782400000,0.05069,0.051062,0.048436,0.049965,103167.18491768,1761811199999
1761811200000,0.049802,0.049802,0.045833,0.04767,760457.96398505,1761839999999
1761840000000,0.046301,0.047722,0.045,0.046634,326909.16367002,1761868799999
1761868800000,0.0475,0.04792,0.047255,0.047601,58573.22391506,1761897599999
1761897600000,0.04738,0.048553,0.047126,0.047787,85272.16399891,1761926399999
1761926400000,0.047806,0.048064,0.046487,0.047141,187976.70839525,1761955199999
1761955200000,0.047502,0.04817,0.046966,0.047962,63651.54267831,1761983999999
1761984000000,0.049376,0.049581,0.048159,0.048981,238873.87606668,1762012799999
1762012800000,0.0495,0.050582,0.049163,0.050581,871971.37657434,1762041599999
1762041600000,0.050582,0.052857,0.049437,0.052615,841671.6762044,1762070399999
1762070400000,0.05243,0.059142,0.050073,0.05054,4654914.66736259,1762099199999
1762099200000,0.050735,0.054269,0.050383,0.0537,1851295.36328278,1762127999999
1762128000000,0.053021,0.053021,0.0465,0.047073,1416046.6014578,1762156799999
1762156800000,0.046861,0.047669,0.042919,0.043716,1090586.35752125,1762185599999
1762185600000,0.0435,0.045869,0.0432,0.043936,1339522.84440045,1762214399999
1762214400000,0.044272,0.047482,0.044,0.044326,1373450.14485952,1762243199999
1762243200000,0.044266,0.0456,0.043642,0.043795,698440.95351246,1762271999999
1762272000000,0.044225,0.044449,0.039811,0.042967,758531.03630522,1762300799999
1762300800000,0.042602,0.042616,0.040749,0.041584,151759.68509193,1762329599999
1762329600000,0.041444,0.043174,0.040998,0.043174,556001.5497958,1762358399999
1762358400000,0.043185,0.045985,0.043008,0.0448,990898.83121062,1762387199999
1762387200000,0.044146,0.044642,0.043258,0.044247,372072.9758471,1762415999999
1762416000000,0.044399,0.046,0.043357,0.043379,805179.90848922,1762444799999
1762444800000,0.043348,0.044295,0.042556,0.043706,402638.23128942,1762473599999
1762473600000,0.04381,0.049414,0.04381,0.048958,1267769.83105574,1762502399999
1762502400000,0.049041,0.072,0.04808,0.054796,2.635912918777362E7,1762531199999
1762531200000,0.054883,0.057,0.0512,0.0542,9137734.45821673,1762559999999
1762560000000,0.05431,0.0575,0.053741,0.056433,1926138.82176469,1762588799999
1762588800000,0.056098,0.061651,0.052674,0.05307,6228717.77194129,1762617599999
1762617600000,0.05367,0.054501,0.052615,0.052787,1318238.38993141,1762646399999
1762646400000,0.052653,0.052973,0.049469,0.050481,1146161.57357885,1762675199999
1762675200000,0.050257,0.056866,0.049221,0.05562,4480881.32673709,1762703999999
1762704000000,0.055726,0.058311,0.053565,0.058311,2318513.39257907,1762732799999
1762732800000,0.058015,0.058045,0.05346,0.054327,2004458.73053959,1762761599999
1762761600000,0.054327,0.055038,0.052387,0.053653,2548127.58873863,1762790399999
1762790400000,0.053125,0.055254,0.052013,0.05427,1269376.64299139,1762819199999
1762819200000,0.05427,0.0558,0.050909,0.051193,1073587.98300696,1762847999999
1762848000000,0.051267,0.052529,0.04985,0.050706,1613177.48042287,1762876799999
1762876800000,0.050581,0.051657,0.04865,0.049038,847443.37461752,1762905599999
1762905600000,0.048964,0.050331,0.048652,0.0495,193735.39795058,1762934399999
1762934400000,0.049824,0.051023,0.048675,0.048675,430489.93985694,1762963199999
1762963200000,0.0485,0.048848,0.047,0.04793,1032683.14593408,1762991999999
1762992000000,0.048111,0.05,0.047986,0.048827,254427.84781591,1763020799999
1763020800000,0.048552,0.048802,0.047066,0.047443,306048.31210338,1763049599999
1763049600000,0.04725,0.04853,0.0444,0.04716,1044354.340131,1763078399999
1763078400000,0.046618,0.046902,0.0439,0.046642,417509.89219704,1763107199999
1763107200000,0.046471,0.046471,0.044283,0.046441,1721236.94929285,1763135999999
1763136000000,0.046218,0.046464,0.044134,0.045421,1770557.77722039,1763164799999
1763164800000,0.04524,0.047347,0.045065,0.046609,319846.25253691,1763193599999
1763193600000,0.04674,0.046758,0.045,0.046298,1676739.92300026,1763222399999
1763222400000,0.04623,0.048348,0.0454,0.047716,1160613.24767491,1763251199999
1763251200000,0.047577,0.047577,0.045585,0.046468,704197.25522948,1763279999999
1763280000000,0.0464,0.048608,0.0447,0.0447,2347215.49328687,1763308799999
1763308800000,0.044615,0.044956,0.042187,0.043739,1943546.6046519,1763337599999
1763337600000,0.043585,0.044869,0.043215,0.044288,256485.8056249,1763366399999
1763366400000,0.044456,0.046548,0.043506,0.044939,625738.32662219,1763395199999
1763395200000,0.044855,0.045564,0.043398,0.0437,554429.60989262,1763423999999
1763424000000,0.04345,0.04542,0.04345,0.043828,306817.19536475,1763452799999
1763452800000,0.043907,0.04472,0.043296,0.044475,343540.31431769,1763481599999
1763481600000,0.044641,0.045286,0.043359,0.04376,515334.84474159,1763510399999
1763510400000,0.0432,0.043857,0.041746,0.043492,217606.93836311,1763539199999
1763539200000,0.043512,0.044136,0.042753,0.042753,255035.21696149,1763567999999
1763568000000,0.042621,0.043801,0.041275,0.043672,611927.01988821,1763596799999
1763596800000,0.043635,0.044864,0.043336,0.044561,370346.8412318,1763625599999
1763625600000,0.044563,0.046145,0.043794,0.044608,1032660.63687275,1763654399999
1763654400000,0.044,0.044,0.0414,0.042509,432741.62104872,1763683199999
1763683200000,0.043107,0.04351,0.037914,0.039627,956948.88773172,1763711999999
1763712000000,0.039731,0.04026,0.038,0.039614,832771.98125017,1763740799999
1763740800000,0.039648,0.040817,0.037757,0.039143,220841.0995314,1763769599999
1763769600000,0.039149,0.039254,0.037691,0.038649,318104.29995409,1763798399999
1763798400000,0.038212,0.038843,0.037911,0.038398,179597.43823544,1763827199999
1763827200000,0.038641,0.039357,0.038188,0.038915,411471.53599042,1763855999999
1763856000000,0.038754,0.039376,0.038628,0.039089,193604.76184879,1763884799999
1763884800000,0.039212,0.0402,0.038953,0.039979,540721.08539205,1763913599999
1763913600000,0.039761,0.041712,0.03918,0.039665,1908480.57479317,1763942399999
1763942400000,0.03948,0.040263,0.039,0.039169,225005.88386971,1763971199999
1763971200000,0.039142,0.03924,0.038361,0.03924,290093.07444934,1763999999999
1764000000000,0.039144,0.040427,0.039144,0.039874,534293.40586391,1764028799999
1764028800000,0.039723,0.0411,0.039597,0.0411,846784.20418996,1764057599999
1764057600000,0.041283,0.044704,0.040144,0.041076,4574928.77962221,1764086399999
1764086400000,0.04103,0.042211,0.040947,0.042006,476378.64940407,1764115199999
1764115200000,0.041858,0.04229,0.04096,0.041078,236012.01816136,1764143999999
1764144000000,0.041029,0.041029,0.0395,0.0395,448888.1899901,1764172799999
1764172800000,0.040257,0.041226,0.04,0.040858,534944.37639196,1764201599999
1764201600000,0.040753,0.040841,0.04021,0.0406,216309.46189352,1764230399999
1764230400000,0.040256,0.040583,0.03989,0.040583,359634.77138316,1764259199999
1764259200000,0.040713,0.041293,0.040174,0.040239,155034.95438161,1764287999999
1764288000000,0.040509,0.040509,0.039768,0.039904,131456.05866531,1764316799999
1764316800000,0.040055,0.04088,0.039561,0.040624,400070.07136748,1764345599999
1764345600000,0.0401,0.040292,0.038995,0.039402,529984.3338997,1764374399999
1764374400000,0.039315,0.041301,0.039315,0.041174,189534.11447815,1764403199999
1764403200000,0.041532,0.042915,0.041,0.04253,1880214.37539093,1764431999999
1764432000000,0.04237,0.042776,0.0399,0.04024,493828.76876473,1764460799999
1764460800000,0.040672,0.0422,0.040118,0.0422,228681.66514061,1764489599999
1764489600000,0.04236,0.0435,0.041786,0.042075,1571202.40706172,1764518399999
1764518400000,0.042473,0.043129,0.0409,0.0409,538419.03820617,1764547199999
1764547200000,0.0405,0.0405,0.0355,0.036638,745369.3974733,1764575999999
1764576000000,0.037643,0.037643,0.03545,0.035995,550578.86577486,1764604799999
1764604800000,0.035872,0.037949,0.035286,0.037949,618497.90698649,1764633599999
1764633600000,0.037949,0.037949,0.034776,0.034776,209926.20714525,1764662399999
1764662400000,0.03497,0.0374,0.033771,0.037237,721841.25179732,1764691199999
1764691200000,0.037499,0.037499,0.036152,0.036793,1065194.24389506,1764719999999
1764720000000,0.036614,0.037358,0.036614,0.037133,68904.46882458,1764748799999
1764748800000,0.037127,0.037219,0.035939,0.035939,167230.11722418,1764777599999
1764777600000,0.036618,0.037496,0.036329,0.037368,388752.98383815,1764806399999
1764806400000,0.037102,0.037102,0.036852,0.036855,51755.31664075,1764835199999
1764835200000,0.036891,0.0374,0.0358,0.036456,262872.49696325,1764863999999
1764864000000,0.03668,0.03668,0.035,0.035379,104486.47924181,1764892799999
1764892800000,0.035809,0.036379,0.035468,0.036269,401126.24306906,1764921599999
1764921600000,0.036208,0.036208,0.035015,0.035913,186651.16575465,1764950399999
1764950400000,0.035,0.035074,0.033863,0.034615,212061.05219769,1764979199999
1764979200000,0.035215,0.035234,0.034683,0.034702,247968.3740642,1765007999999
1765008000000,0.034853,0.035155,0.034735,0.034973,255233.15939634,1765036799999
1765036800000,0.035049,0.035999,0.035049,0.0351,121199.45671679,1765065599999
1765065600000,0.0355,0.035543,0.035362,0.035543,32802.97208504,1765094399999
1765094400000,0.035,0.041227,0.034613,0.03675,4350519.53526464,1765123199999
1765123200000,0.03761,0.037672,0.034533,0.034883,2592874.80187664,1765151999999
1765152000000,0.035197,0.037496,0.035175,0.037496,585787.08866504,1765180799999
1765180800000,0.036998,0.037764,0.03623,0.03655,1137664.41182639,1765209599999
1765209600000,0.036464,0.044817,0.036464,0.038192,1.164659711773656E7,1765238399999
1765238400000,0.038267,0.0413,0.03786,0.038781,3031392.64350088,1765267199999
1765267200000,0.038633,0.0401,0.038,0.038919,1948060.67175745,1765295999999
1765296000000,0.0392,0.0399,0.038055,0.038812,1800405.70588478,1765324799999
1765324800000,0.038579,0.038579,0.0379,0.037936,208487.27852072,1765353599999
1765353600000,0.037958,0.037958,0.036784,0.036955,781297.95460711,1765382399999
1765382400000,0.036817,0.037836,0.0358,0.03656,1056343.4012805,1765411199999
1765411200000,0.036361,0.036361,0.0349,0.035554,828922.35535741,1765439999999
1765440000000,0.035608,0.036091,0.0351,0.036017,676476.03450476,1765468799999
1765468800000,0.035417,0.038236,0.035417,0.036855,1037375.15975802,1765497599999
1765497600000,0.037096,0.037096,0.03661,0.037016,43470.97064072,1765526399999
1765526400000,0.03701,0.037176,0.034592,0.034592,363576.27139378,1765555199999
1765555200000,0.034609,0.035499,0.03402,0.034915,801995.35059286,1765583999999
1765584000000,0.035301,0.035515,0.034726,0.035134,119293.24208814,1765612799999
1765612800000,0.035245,0.03548,0.035,0.03515,269125.86445477,1765641599999
1765641600000,0.035052,0.035495,0.03491,0.035489,161089.90586392,1765670399999
1765670400000,0.035306,0.035313,0.034601,0.034631,42462.58422253,1765699199999
1765699200000,0.034563,0.034563,0.033819,0.033992,532721.13840167,1765727999999
1765728000000,0.033991,0.034002,0.033,0.033379,603335.52842352,1765756799999
1765756800000,0.03335,0.034311,0.033321,0.033801,91332.09843031,1765785599999
1765785600000,0.033872,0.033968,0.031589,0.031605,636715.0176155,1765814399999
1765814400000,0.0315,0.031949,0.030572,0.031887,682779.31433718,1765843199999
1765843200000,0.031944,0.031944,0.031,0.031237,78869.15450652,1765871999999
1765872000000,0.031269,0.031876,0.031008,0.031459,429097.25261929,1765900799999
1765900800000,0.03177,0.031957,0.031528,0.031957,113857.08859222,1765929599999
1765929600000,0.031721,0.032064,0.0314,0.031638,296584.4355156,1765958399999
1765958400000,0.031638,0.031982,0.031115,0.0316,460047.38875082,1765987199999
1765987200000,0.0307,0.030796,0.029448,0.029734,319404.4546689,1766015999999
1766016000000,0.029751,0.029751,0.028431,0.028799,448530.62506024,1766044799999
1766044800000,0.0288,0.030144,0.0288,0.029796,332260.4438625,1766073599999
1766073600000,0.029374,0.02964,0.02734,0.028226,605260.37724536,1766102399999
1766102400000,0.028343,0.029463,0.028053,0.029463,320435.9149558,1766131199999
1766131200000,0.02899,0.029923,0.028877,0.029553,398313.54219948,1766159999999
1766160000000,0.029734,0.0308,0.029418,0.030507,516717.86847051,1766188799999
1766188800000,0.030632,0.030924,0.030558,0.030818,47151.17791688,1766217599999
1766217600000,0.031245,0.031245,0.030505,0.030561,269281.10642975,1766246399999
1766246400000,0.030601,0.030914,0.030498,0.030914,136289.41947905,1766275199999
1766275200000,0.030659,0.030822,0.030165,0.030464,66501.23510836,1766303999999
1766304000000,0.030515,0.03053,0.029089,0.029559,298081.57274438,1766332799999
1766332800000,0.029523,0.029856,0.029389,0.029856,514515.31287515,1766361599999
1766361600000,0.029912,0.030327,0.029497,0.030012,72074.87479854,1766390399999
1766390400000,0.029946,0.030202,0.029717,0.029768,325630.89640671,1766419199999
1766419200000,0.029893,0.030083,0.029054,0.029663,183559.94944909,1766447999999
1766448000000,0.030021,0.030021,0.029,0.029099,207902.23144237,1766476799999
1766476800000,0.029068,0.029228,0.02866,0.029013,349665.88725967,1766505599999
1766505600000,0.029172,0.030107,0.029169,0.029829,254093.66096123,1766534399999
1766534400000,0.02939,0.029762,0.028777,0.029063,146953.85134491,1766563199999
1766563200000,0.02924,0.029536,0.028837,0.02949,179831.59740869,1766591999999
1766592000000,0.029463,0.029758,0.029463,0.029758,146417.48869702,1766620799999
1766620800000,0.029857,0.030485,0.029736,0.030485,203359.43712088,1766649599999
1766649600000,0.030485,0.030609,0.029875,0.03015,38737.88891362,1766678399999
1766678400000,0.030234,0.030376,0.029,0.029,263533.1630503,1766707199999
1766707200000,0.028854,0.029797,0.028711,0.029303,211888.82251264,1766735999999
1766736000000,0.029575,0.029725,0.029158,0.029345,218106.77417419,1766764799999
1766764800000,0.029293,0.030011,0.029293,0.03,72476.74503869,1766793599999
1766793600000,0.030009,0.031496,0.029915,0.031496,339455.28909314,1766822399999
1766822400000,0.031138,0.032555,0.030574,0.03226,2892923.68320875,1766851199999
1766851200000,0.032225,0.034299,0.031341,0.031913,2845116.7056105,1766879999999
1766880000000,0.032053,0.032082,0.031657,0.031969,437392.44160894,1766908799999
1766908800000,0.031847,0.031868,0.0313,0.031506,395927.29379724,1766937599999
1766937600000,0.031505,0.031505,0.030784,0.03114,512662.49094525,1766966399999
1766966400000,0.031237,0.031732,0.031194,0.031532,251917.61115787,1766995199999
1766995200000,0.0315,0.031511,0.0303,0.030677,534549.30699712,1767023999999
1767024000000,0.03069,0.030838,0.030426,0.030524,535354.46996228,1767052799999
1767052800000,0.030576,0.030827,0.0302,0.030689,143855.91994301,1767081599999
1767081600000,0.030699,0.03093,0.030391,0.030536,199727.22458344,1767110399999
1767110400000,0.030657,0.030701,0.030147,0.030413,186122.07314185,1767139199999
1767139200000,0.030392,0.030569,0.03004,0.030298,258857.91163612,1767167999999
1767168000000,0.030169,0.030494,0.029761,0.029807,192483.00597664,1767196799999
1767196800000,0.03008,0.03008,0.028963,0.030036,483053.58197273,1767225599999
1767225600000,0.030213,0.030503,0.030069,0.03037,118055.71926936,1767254399999
1767254400000,0.030299,0.034299,0.030299,0.03182,1675244.05569314,1767283199999
1767283200000,0.031975,0.032316,0.0313,0.031818,1281808.48425205,1767311999999
1767312000000,0.032101,0.032101,0.031408,0.031491,549122.09629181,1767340799999
1767340800000,0.031527,0.03271,0.031526,0.032148,324067.2738203,1767369599999
1767369600000,0.032029,0.033103,0.032028,0.03292,642681.19294782,1767398399999
1767398400000,0.032975,0.0333,0.032237,0.032885,301105.19541821,1767427199999
1767427200000,0.032983,0.034195,0.032221,0.032645,698558.98720705,1767455999999
1767456000000,0.032498,0.033062,0.032321,0.033062,421958.15629478,1767484799999
1767484800000,0.033052,0.033578,0.032811,0.032977,53694.06009084,1767513599999
1767513600000,0.033201,0.033857,0.033201,0.0338,643924.29152581,1767542399999
1767542400000,0.033648,0.034028,0.033343,0.033687,368456.64831216,1767571199999
1767571200000,0.034,0.034012,0.033207,0.033207,151591.95358763,1767599999999
1767600000000,0.03375,0.034051,0.0331,0.034046,282117.86907531,1767628799999
1767628800000,0.033932,0.035285,0.033751,0.034969,506780.12337193,1767657599999
1767657600000,0.034603,0.034992,0.034359,0.034387,132252.69356048,1767686399999
1767686400000,0.034461,0.035983,0.034388,0.035411,711588.43814511,1767715199999
1767715200000,0.035995,0.03719,0.034476,0.035833,1014711.61330874,1767743999999
1767744000000,0.035,0.035246,0.034499,0.03522,148551.5945515,1767772799999
1767772800000,0.035189,0.035189,0.033895,0.033937,533602.42638299,1767801599999
1767801600000,0.034196,0.034825,0.034089,0.034191,31976.23642401,1767830399999
1767830400000,0.034822,0.034822,0.032818,0.033178,407050.1656535,1767859199999
1767859200000,0.033274,0.033288,0.03205,0.032725,399687.97062269,1767887999999
1767888000000,0.032992,0.0335,0.032888,0.033375,339300.20295534,1767916799999
1767916800000,0.03302,0.033835,0.032975,0.033835,20526.84238915,1767945599999
1767945600000,0.033583,0.033583,0.032881,0.033452,121654.47973634,1767974399999
1767974400000,0.033606,0.034442,0.032654,0.03355,1427582.06291127,1768003199999
1768003200000,0.033593,0.034108,0.033244,0.033763,706830.56385998,1768031999999
1768032000000,0.033789,0.033849,0.03351,0.033656,490775.44416824,1768060799999
1768060800000,0.033506,0.0342,0.033228,0.033313,812671.060315,1768089599999
1768089600000,0.033319,0.034117,0.03314,0.033919,1311009.59326794,1768118399999
1768118400000,0.033987,0.0344,0.033646,0.033646,343674.1457323,1768147199999
1768147200000,0.033637,0.03386,0.0326,0.032884,212135.32819135,1768175999999
1768176000000,0.032976,0.033706,0.0324,0.032727,44877.71775072,1768204799999
1768204800000,0.032769,0.032982,0.0322,0.032982,160583.78936731,1768233599999
1768233600000,0.033011,0.033364,0.0322,0.032397,100537.74465005,1768262399999
1768262400000,0.032488,0.033012,0.032398,0.032955,147902.4804003,1768291199999
1768291200000,0.032954,0.033749,0.03289,0.033748,313485.13912624,1768319999999
1768320000000,0.033955,0.035,0.033755,0.034535,815999.09514694,1768348799999
1768348800000,0.034596,0.035099,0.034172,0.03428,187527.75625293,1768377599999
1768377600000,0.03455,0.035578,0.034302,0.035199,596648.13524286,1768406399999
1768406400000,0.035375,0.035375,0.0342,0.034384,289795.09863064,1768435199999
1768435200000,0.0338,0.034033,0.033612,0.034033,18893.22214633,1768463999999
1768464000000,0.034347,0.034413,0.03324,0.03324,84190.28177892,1768492799999
1768492800000,0.033665,0.033829,0.03282,0.0332,363565.38918193,1768521599999
1768521600000,0.03318,0.033492,0.033119,0.033268,132183.1685273,1768550399999
1768550400000,0.033283,0.03355,0.032532,0.032532,160681.56591943,1768579199999
1768579200000,0.033214,0.0343,0.033133,0.0343,67805.17665986,1768607999999
1768608000000,0.0343,0.035106,0.034184,0.034813,339148.5863653,1768636799999
1768636800000,0.034918,0.035277,0.0346,0.035128,171921.02324371,1768665599999
1768665600000,0.035216,0.0356,0.034677,0.0347,566434.95360666,1768694399999
1768694400000,0.0347,0.035066,0.034619,0.035066,180264.3688594,1768723199999
1768723200000,0.035054,0.0371,0.034972,0.036424,2086854.97561108,1768751999999
1768752000000,0.036302,0.0366,0.033427,0.033638,1430586.37796288,1768780799999
1768780800000,0.033039,0.033057,0.02988,0.032544,1714985.23602166,1768809599999
1768809600000,0.032467,0.0399,0.032175,0.0365,8651015.09941228,1768838399999
1768838400000,0.03613,0.0389,0.034532,0.034972,7312977.65819366,1768867199999
1768867200000,0.03488,0.0385,0.034866,0.034915,3128802.50648293,1768895999999
1768896000000,0.034819,0.03674,0.033575,0.034204,2624405.88041198,1768924799999
1768924800000,0.034649,0.039006,0.034109,0.039,6852706.39114849,1768953599999
1768953600000,0.03885,0.040548,0.035647,0.0362,5123114.88745413,1768982399999
1768982400000,0.036249,0.038657,0.035742,0.038464,3963258.87779769,1769011199999
1769011200000,0.038596,0.038596,0.036145,0.036482,2034485.53695014,1769039999999
1769040000000,0.036827,0.038376,0.036827,0.036883,543169.88130063,1769068799999
1769068800000,0.0375,0.0377,0.035104,0.035619,1425540.87463429,1769097599999
1769097600000,0.035578,0.03575,0.034357,0.034357,527812.80680637,1769126399999
1769126400000,0.03462,0.035816,0.034368,0.035108,201543.04393072,1769155199999
1769155200000,0.035061,0.035062,0.0335,0.034157,1426512.85670015,1769183999999
1769184000000,0.034245,0.034622,0.032649,0.033079,567901.48548975,1769212799999
1769212800000,0.03255,0.032558,0.0322,0.03238,302634.26773244,1769241599999
1769241600000,0.032336,0.032521,0.031698,0.032114,314217.41447976,1769270399999
1769270400000,0.031657,0.032186,0.031325,0.032024,612813.06891764,1769299199999
1769299200000,0.031811,0.036645,0.031811,0.035616,2702073.05257823,1769327999999
1769328000000,0.03557,0.036244,0.033549,0.034502,8317542.65259066,1769356799999
1769356800000,0.0343,0.036,0.03315,0.033986,1.095896136085717E7,1769385599999
1769385600000,0.03394,0.034156,0.033201,0.0333,635796.73472959,1769414399999
1769414400000,0.033251,0.033601,0.0325,0.0332,1405215.49428709,1769443199999
1769443200000,0.033363,0.034369,0.03323,0.0336,859894.63831419,1769471999999
1769472000000,0.033483,0.033483,0.032339,0.03268,623356.92054946,1769500799999
1769500800000,0.03251,0.03257,0.030933,0.031337,984665.90367173,1769529599999
1769529600000,0.0315,0.032,0.030811,0.031944,749650.06753247,1769558399999
1769558400000,0.03166,0.034108,0.03166,0.033302,2424262.64325466,1769587199999
1769587200000,0.033703,0.034,0.03231,0.032814,6064704.64491106,1769615999999
1769616000000,0.032972,0.033061,0.032289,0.03282,705246.83618557,1769644799999
1769644800000,0.0326,0.0326,0.031828,0.032055,256901.89957982,1769673599999
1769673600000,0.031979,0.031979,0.029538,0.030278,1988658.44424746,1769702399999
1769702400000,0.030185,0.030556,0.0295,0.029689,333458.44478748,1769731199999
1769731200000,0.029802,0.02999,0.028874,0.029477,753480.85646414,1769759999999
1769760000000,0.029388,0.0297,0.029,0.0294,263934.38705622,1769788799999
1769788800000,0.029878,0.030391,0.029387,0.029946,413333.90012707,1769817599999
1769817600000,0.02978,0.02978,0.029,0.029,367464.8422904,1769846399999
1769846400000,0.028937,0.028937,0.026342,0.026665,1719748.51363496,1769875199999
1769875200000,0.026506,0.026506,0.02321,0.026064,1936949.5151502,1769903999999
1769904000000,0.026776,0.027036,0.026774,0.027028,23076.7107106,1769932799999
1769932800000,0.027209,0.027458,0.026066,0.026396,756477.01140732,1769961599999
1769961600000,0.026243,0.026676,0.025696,0.025987,570825.24956398,1769990399999
1769990400000,0.02616,0.026467,0.0253,0.026207,290387.52380581,1770019199999
1770019200000,0.026329,0.026855,0.026085,0.02677,494728.90755565,1770047999999
1770048000000,0.026796,0.026796,0.026231,0.026454,630686.60044841,1770076799999
1770076800000,0.026536,0.026536,0.026129,0.026265,92712.106977,1770105599999
1770105600000,0.026376,0.026414,0.025818,0.026414,440916.13638421,1770134399999
1770134400000,0.026243,0.026403,0.02474,0.025726,1358041.21130003,1770163199999
1770163200000,0.025628,0.026042,0.025627,0.025753,28491.38093792,1770191999999
1770192000000,0.025849,0.026073,0.02515,0.025179,1245909.93032188,1770220799999
1770220800000,0.025219,0.025556,0.02449,0.02532,772764.93822513,1770249599999
1770249600000,0.025146,0.025312,0.024559,0.024811,340956.98295687,1770278399999
1770278400000,0.024859,0.025284,0.0235,0.024449,463360.6940347,1770307199999
1770307200000,0.023808,0.024233,0.021888,0.021888,2121667.21175218,1770335999999
1770336000000,0.022125,0.023353,0.01998,0.02295,1426630.05951245,1770364799999
1770364800000,0.02286,0.0242,0.022793,0.024093,376545.26375372,1770393599999
1770393600000,0.024077,0.024904,0.024077,0.024328,680532.25864696,1770422399999
1770422400000,0.024254,0.024751,0.023695,0.023801,850592.46447249,1770451199999
1770451200000,0.023745,0.024323,0.023661,0.023685,515444.08592132,1770479999999
1770480000000,0.023795,0.024258,0.023795,0.02403,359313.53165558,1770508799999
1770508800000,0.023911,0.023911,0.0234,0.023404,113682.32165232,1770537599999
1770537600000,0.0234,0.023788,0.023353,0.02355,1341001.5287659,1770566399999
1770566400000,0.023408,0.0237,0.02315,0.0237,323324.27484155,1770595199999
1770595200000,0.023288,0.02343,0.022715,0.022715,353904.7554595,1770623999999
1770624000000,0.0226,0.0226,0.02187,0.022411,1640709.65258858,1770652799999
1770652800000,0.022403,0.023097,0.02224,0.022929,1192862.43845327,1770681599999
1770681600000,0.022957,0.023097,0.022066,0.022066,907768.92181243,1770710399999
1770710400000,0.022089,0.022695,0.022089,0.022565,888718.32569166,1770739199999
1770739200000,0.022513,0.02265,0.022185,0.022509,2868153.54730831,1770767999999
1770768000000,0.022471,0.022725,0.021601,0.021601,1908301.18476373,1770796799999
1770796800000,0.0216,0.021993,0.021095,0.021465,2501171.92484481,1770825599999
1770825600000,0.021449,0.02211,0.021449,0.021946,707520.24929486,1770854399999
1770854400000,0.022118,0.022417,0.022117,0.022417,275280.08194165,1770883199999
1770883200000,0.022408,0.022743,0.021967,0.0221,1176043.46138577,1770911999999
1770912000000,0.021731,0.022035,0.021711,0.022034,156337.45218711,1770940799999
1770940800000,0.02182,0.021889,0.021666,0.021698,165320.28848485,1770969599999
1770969600000,0.022015,0.02239,0.021637,0.022048,50760.86032148,1770998399999
1770998400000,0.022112,0.022518,0.022112,0.022518,842418.34454213,1771027199999
1771027200000,0.022606,0.02267,0.022558,0.022602,13271.74304991,1771055999999
1771056000000,0.022799,0.023003,0.022658,0.022843,272726.4016318,1771084799999
1771084800000,0.022847,0.023674,0.022847,0.023423,491258.21895786,1771113599999
1771113600000,0.023355,0.023797,0.023236,0.023504,182047.46174022,1771142399999
1771142400000,0.023416,0.023416,0.022169,0.022448,266991.1557877,1771171199999
1771171200000,0.0223,0.022335,0.0219,0.022207,535767.02985817,1771199999999
1771200000000,0.02219,0.022244,0.021936,0.02195,380634.0665816,1771228799999
1771228800000,0.02197,0.022395,0.021538,0.021813,189059.42529558,1771257599999
1771257600000,0.022193,0.022549,0.022076,0.022454,416249.27617815,1771286399999
1771286400000,0.022494,0.022499,0.02199,0.022089,203024.44357917,1771315199999
1771315200000,0.022,0.022096,0.021622,0.021622,141800.85883498,1771343999999
1771344000000,0.02222,0.02239,0.021732,0.021732,242760.9901866,1771372799999
1771372800000,0.0217,0.021992,0.021646,0.021768,43884.80592919,1771401599999
1771401600000,0.02189,0.02189,0.0213,0.021665,34767.18122754,1771430399999
1771430400000,0.021518,0.021533,0.020495,0.020495,559804.90437471,1771459199999
1771459200000,0.020832,0.021041,0.020832,0.020913,276916.59909483,1771487999999
1771488000000,0.02069,0.020786,0.020461,0.020517,847652.31408194,1771516799999
1771516800000,0.020368,0.021097,0.020205,0.021097,572061.64640382,1771545599999
1771545600000,0.020943,0.020943,0.020717,0.0208,424023.68560089,1771574399999
1771574400000,0.020938,0.021207,0.020361,0.020857,1028852.71064888,1771603199999
1771603200000,0.021078,0.021176,0.020685,0.021158,391522.35909689,1771631999999
1771632000000,0.021098,0.021532,0.021007,0.021532,677792.34210376,1771660799999
1771660800000,0.021398,0.021879,0.021367,0.021692,421740.34609348,1771689599999
1771689600000,0.021457,0.021526,0.0213,0.021366,334145.1897767,1771718399999
1771718400000,0.0209,0.020936,0.02045,0.020514,264260.04474825,1771747199999
1771747200000,0.020471,0.020473,0.019928,0.019986,2308687.20979784,1771775999999
1771776000000,0.020183,0.0202,0.01988,0.0202,451588.4664998,1771804799999
1771804800000,0.019721,0.020168,0.01934,0.020126,847566.47308188,1771833599999
1771833600000,0.020131,0.020144,0.019001,0.019001,478020.97360851,1771862399999
1771862400000,0.018934,0.019576,0.018815,0.019464,1196597.56350814,1771891199999
1771891200000,0.019406,0.019591,0.01884,0.018843,1111020.23870733,1771919999999
1771920000000,0.018803,0.019386,0.018756,0.01926,361360.78107753,1771948799999
1771948800000,0.01942,0.019658,0.019354,0.019392,1318156.44506433,1771977599999
1771977600000,0.019364,0.020119,0.019357,0.020119,239218.16717873,1772006399999
1772006400000,0.020167,0.0208,0.020167,0.020731,1404686.69727463,1772035199999
1772035200000,0.020674,0.021309,0.020323,0.020323,747272.63670501,1772063999999
1772064000000,0.020396,0.020466,0.020136,0.020261,191328.26891605,1772092799999
1772092800000,0.020364,0.020364,0.020072,0.0201,434186.70504518,1772121599999
1772121600000,0.020031,0.020298,0.019672,0.020128,1187282.78540041,1772150399999
1772150400000,0.020231,0.023094,0.02021,0.021233,4824690.59271111,1772179199999
1772179200000,0.021234,0.021407,0.020247,0.020249,2434291.60260264,1772207999999
1772208000000,0.020229,0.020229,0.019536,0.019906,1811738.06157101,1772236799999
1772236800000,0.019919,0.019962,0.018,0.018762,2529558.90140785,1772265599999
1772265600000,0.018571,0.018725,0.018225,0.018488,3120797.4224082,1772294399999
1772294400000,0.018266,0.019692,0.018266,0.019692,344493.16225724,1772323199999
1772323200000,0.01975,0.02006,0.019452,0.019664,725468.73786738,1772351999999
1772352000000,0.01966,0.019691,0.018873,0.018916,1155178.49584851,1772380799999
1772380800000,0.018861,0.018927,0.018,0.018494,2009341.13718519,1772409599999
1772409600000,0.018843,0.021223,0.018778,0.020333,6253429.5678058,1772438399999
1772438400000,0.020323,0.024972,0.02017,0.02282,1.764913229857328E7,1772467199999
1772467200000,0.022834,0.022837,0.021169,0.021169,2716477.39774402,1772495999999
1772496000000,0.021221,0.033606,0.02117,0.0335,1.738946651291643E7,1772524799999
1772524800000,0.032345,0.033999,0.028965,0.030948,3.292188147995191E7,1772553599999
1772553600000,0.0309,0.038921,0.030213,0.031884,7.490447520313106E7,1772582399999
1772582400000,0.031668,0.035541,0.030051,0.033385,3.416826402590514E7,1772611199999
1772611200000,0.033131,0.045388,0.03211,0.043801,7.552433648907346E7,1772639999999
1772640000000,0.043537,0.045623,0.040016,0.040703,5.962840489894092E7,1772668799999
1772668800000,0.040524,0.047252,0.038687,0.04718,4.924611323013881E7,1772697599999
1772697600000,0.047252,0.047763,0.039187,0.041951,4.024147964941131E7,1772726399999
1772726400000,0.041719,0.044807,0.040936,0.041695,1.963231780041697E7,1772755199999
1772755200000,0.04165,0.04278,0.038576,0.0395,2.560067052517541E7,1772783999999
1772784000000,0.039424,0.039424,0.035115,0.035423,3.041260556281372E7,1772812799999
1772812800000,0.0355,0.037339,0.032761,0.03607,2.440796703945001E7,1772841599999
1772841600000,0.035978,0.036332,0.032856,0.033006,1.266889463549103E7,1772870399999
1772870400000,0.033135,0.034015,0.031754,0.031897,9401884.60631727,1772899199999
1772899200000,0.031837,0.032,0.030482,0.031144,8558779.34505341,1772927999999
1772928000000,0.031261,0.031261,0.028488,0.028834,1.078773238983239E7,1772956799999
1772956800000,0.029,0.03236,0.028436,0.029769,1.647188288822472E7,1772985599999
1772985600000,0.029771,0.031,0.029109,0.030191,9337755.86429799,1773014399999
1773014400000,0.030064,0.034144,0.029804,0.033583,2.031057790921204E7,1773043199999
1773043200000,0.0336,0.0357,0.031696,0.033165,2.799729645281221E7,1773071999999
1773072000000,0.033183,0.03395,0.030997,0.031062,1.214631687789411E7,1773100799999
1773100800000,0.030949,0.031444,0.03,0.03016,1.09365093106122E7,1773129599999
1773129600000,0.0301,0.030433,0.029619,0.0303,8076318.36761229,1773158399999
1773158400000,0.030196,0.030212,0.027658,0.027658,1.506295803476997E7,1773187199999
1773187200000,0.027606,0.027606,0.026168,0.026685,1.267947069847771E7,1773215999999
1773216000000,0.026706,0.027577,0.026286,0.026354,1.596612915645494E7,1773244799999
1773244800000,0.026305,0.027197,0.026177,0.026658,4650052.55437379,1773273599999
1773273600000,0.026571,0.027651,0.026477,0.026617,8674208.3834841,1773302399999
1773302400000,0.026611,0.026743,0.02625,0.026648,3855785.58013516,1773331199999
1773331200000,0.026487,0.026489,0.025596,0.026068,3245826.39087237,1773359999999
1773360000000,0.025955,0.02829,0.025947,0.027484,7114894.95036426,1773388799999
1773388800000,0.02763,0.028242,0.02718,0.027638,3644507.11095621,1773417599999
1773417600000,0.027869,0.03455,0.027798,0.031016,5.047982373617593E7,1773446399999
1773446400000,0.030768,0.033016,0.029651,0.030094,3.556243359896256E7,1773475199999
1773475200000,0.03,0.030575,0.0285,0.028623,1.496073115753231E7,1773503999999
1773504000000,0.028623,0.02943,0.028251,0.029113,7279313.69745728,1773532799999
1773532800000,0.029072,0.029418,0.028076,0.028983,3575540.69249085,1773561599999
1773561600000,0.029068,0.029151,0.02824,0.028734,2942882.51880311,1773590399999
1773590400000,0.028928,0.02898,0.027698,0.027927,3351215.26802357,1773619199999
1773619200000,0.027751,0.027751,0.027113,0.027206,2546957.23004926,1773647999999
1773648000000,0.027186,0.027253,0.026108,0.026249,3106019.82379302,1773676799999
1773676800000,0.026262,0.027421,0.026172,0.027162,6257441.63916591,1773705599999
1773705600000,0.027,0.029572,0.026322,0.028529,7027406.3293682,1773734399999
1773734400000,0.028526,0.031999,0.027779,0.029878,1.217734086941204E7,1773763199999
1773763200000,0.029869,0.029947,0.027975,0.028682,4546034.97802251,1773791999999
1773792000000,0.028517,0.029451,0.027611,0.027824,6169352.75756187,1773820799999
1773820800000,0.027829,0.028237,0.02631,0.02631,4879774.59633695,1773849599999
1773849600000,0.02623,0.027808,0.02623,0.027092,2685142.49832394,1773878399999
1773878400000,0.027133,0.028406,0.026761,0.02828,2296328.8665977,1773907199999
1773907200000,0.028254,0.028792,0.027429,0.028305,4848115.90731633,1773935999999
1773936000000,0.028371,0.028468,0.027678,0.02807,2307313.86647192,1773964799999
1773964800000,0.028088,0.039478,0.027986,0.034075,4.080856554053293E7,1773993599999
1773993600000,0.034058,0.036344,0.033145,0.033465,1.973024187950901E7,1774022399999
1774022400000,0.033366,0.034533,0.032511,0.032813,8168414.48812289,1774051199999
1774051200000,0.032821,0.03551,0.032818,0.034565,8445280.24004444,1774079999999
1774080000000,0.034528,0.037659,0.033299,0.035017,1.331749712777689E7,1774108799999
1774108800000,0.034948,0.035889,0.033642,0.033775,6387367.2523121,1774137599999
1774137600000,0.033794,0.035055,0.032453,0.032705,5177240.27191849,1774166399999
1774166400000,0.032726,0.034895,0.0327,0.032857,2662058.00108051,1774195199999
1774195200000,0.032958,0.033498,0.032458,0.032644,1224304.010669,1774223999999
1774224000000,0.032281,0.032689,0.031414,0.031462,2817765.46683734,1774252799999
1774252800000,0.031371,0.032804,0.031179,0.032298,1889465.34153316,1774281599999
1774281600000,0.032595,0.034,0.032126,0.033,2333559.03593826,1774310399999
1774310400000,0.033216,0.034787,0.032768,0.034787,1660014.12796543,1774339199999
1774339200000,0.034799,0.035211,0.032513,0.03285,3177404.31468434,1774367999999
1774368000000,0.032835,0.033,0.031825,0.033,1166132.69959475,1774396799999
1774396800000,0.032933,0.03345,0.032896,0.033074,410648.50361363,1774425599999
1774425600000,0.032863,0.033037,0.03211,0.03241,1684912.3437189,1774454399999
1774454400000,0.0324,0.0324,0.031826,0.032057,626679.96742963,1774483199999
1774483200000,0.03246,0.032717,0.031199,0.031199,255796.92224977,1774511999999
1774512000000,0.031293,0.031294,0.029916,0.03,1590129.30285094,1774540799999
1774540800000,0.03,0.03135,0.029857,0.029893,857139.50987295,1774569599999
1774569600000,0.029918,0.031088,0.029777,0.030378,773178.02430993,1774598399999
1774598400000,0.0305,0.030748,0.029161,0.029316,569832.56816122,1774627199999
1774627200000,0.029101,0.029275,0.028719,0.029024,924187.83569958,1774655999999
1774656000000,0.029316,0.0305,0.029316,0.029855,617346.05433126,1774684799999
1774684800000,0.029586,0.031669,0.029368,0.03095,1854763.49941834,1774713599999
1774713600000,0.030803,0.0315,0.0306,0.0306,511377.71434246,1774742399999
1774742400000,0.03035,0.030866,0.03,0.03,494689.1876135,1774771199999
1774771200000,0.030415,0.030697,0.029756,0.030018,604821.35815126,1774799999999
1774800000000,0.030304,0.031,0.030197,0.030388,758925.54957912,1774828799999
1774828800000,0.030392,0.031006,0.030288,0.031006,568458.56854532,1774857599999
1774857600000,0.030794,0.0325,0.030794,0.031794,1132885.42103769,1774886399999
1774886400000,0.031729,0.033679,0.031523,0.032779,4436107.12058714,1774915199999
1774915200000,0.032743,0.033191,0.031911,0.032263,931411.58354456,1774943999999
1774944000000,0.032317,0.032317,0.030454,0.030605,1375296.20618082,1774972799999
1774972800000,0.030605,0.030607,0.029838,0.029955,397557.65337597,1775001599999
1775001600000,0.030074,0.030074,0.029,0.029,800944.96541385,1775030399999
1775030400000,0.029,0.029974,0.02883,0.029732,1155643.05112794,1775059199999
1775059200000,0.029746,0.034562,0.029745,0.03335,6235450.01473948,1775087999999
1775088000000,0.033497,0.034396,0.0325,0.033337,5641603.72670458,1775116799999
1775116800000,0.032983,0.033892,0.031543,0.032014,4712838.19750711,1775145599999
1775145600000,0.031942,0.032421,0.031278,0.032084,1534166.6049512,1775174399999
1775174400000,0.031983,0.03352,0.030803,0.032797,3216325.53942142,1775203199999
1775203200000,0.032708,0.034377,0.0327,0.034377,2411776.28321222,1775231999999
1775232000000,0.034284,0.035132,0.0332,0.033676,1661013.3167505,1775260799999
1775260800000,0.033355,0.033572,0.032838,0.032976,704493.80910939,1775289599999
1775289600000,0.032932,0.033262,0.032268,0.032709,387922.67873237,1775318399999
1775318400000,0.032743,0.033024,0.032199,0.032842,512230.93031368,1775347199999
1775347200000,0.032907,0.032907,0.031605,0.031653,333996.78970447,1775375999999
1775376000000,0.031688,0.032074,0.031393,0.031737,520880.20714658,1775404799999
1775404800000,0.03175,0.031839,0.030656,0.031337,337033.63235916,1775433599999
1775433600000,0.031392,0.0321,0.031074,0.031449,1226483.69497006,1775462399999
1775462400000,0.031909,0.032387,0.031024,0.0313,714632.59281918,1775491199999
1775491200000,0.031021,0.031585,0.0304,0.0304,446498.5441267,1775519999999
1775520000000,0.03046,0.031061,0.030137,0.030999,970156.92155028,1775548799999
1775548800000,0.030999,0.032703,0.030999,0.03157,3511976.6268349,1775577599999
1775577600000,0.031388,0.032576,0.031074,0.032451,1360264.30387006,1775606399999
1775606400000,0.032704,0.033044,0.032051,0.032145,862239.67920518,1775635199999
1775635200000,0.032138,0.03242,0.031514,0.032022,876565.1049457,1775663999999
1775664000000,0.03231,0.0325,0.030837,0.030864,1081187.95111916,1775692799999
1775692800000,0.030578,0.032172,0.030513,0.031412,1667723.81240413,1775721599999
1775721600000,0.031512,0.033135,0.03145,0.0315,3414577.47650868,1775750399999
1775750400000,0.031865,0.032804,0.031791,0.032406,1360043.8477946,1775779199999
1775779200000,0.032435,0.034,0.03225,0.033196,4253290.53463248,1775807999999
1775808000000,0.033279,0.037292,0.033279,0.035499,7180703.38792684,1775836799999
1775836800000,0.035143,0.036061,0.033835,0.035806,4084848.28082688,1775865599999
1775865600000,0.036305,0.038436,0.03524,0.0365,6855344.51945905,1775894399999
1775894400000,0.03656,0.04047,0.035527,0.036569,9394078.87060261,1775923199999
1775923200000,0.036604,0.036732,0.0353,0.03543,2089918.73900281,1775951999999
1775952000000,0.035163,0.03585,0.034591,0.0348,878007.21959573,1775980799999
1775980800000,0.034887,0.036,0.034743,0.034743,862462.88069105,1776009599999
1776009600000,0.034518,0.034567,0.033848,0.034225,959496.35071325,1776038399999
1776038400000,0.03455,0.03475,0.033,0.033,456613.35914206,1776067199999
1776067200000,0.033,0.034718,0.033,0.034148,1776819.12331895,1776095999999
1776096000000,0.034079,0.034622,0.033785,0.034622,1081583.59524227,1776124799999
1776124800000,0.034304,0.034505,0.033361,0.033361,981321.84368728,1776153599999
1776153600000,0.033531,0.033751,0.03205,0.03205,1095469.01370249,1776182399999
1776182400000,0.032352,0.032512,0.030469,0.030616,1781803.89006752,1776211199999
1776211200000,0.030933,0.032049,0.030848,0.031794,1658797.29103001,1776239999999
1776240000000,0.031685,0.032688,0.031685,0.032286,2302210.93896626,1776268799999
1776268800000,0.032348,0.0326,0.032111,0.032369,528700.26347713,1776297599999
1776297600000,0.03246,0.032503,0.03198,0.032212,657305.80040195,1776326399999
1776326400000,0.0325,0.03254,0.032044,0.032526,1526835.02456159,1776355199999
1776355200000,0.032502,0.033499,0.032454,0.032596,2396080.22030578,1776383999999
1776384000000,0.032451,0.0338,0.031437,0.033659,2694461.9804299,1776412799999
1776412800000,0.033639,0.0338,0.032591,0.03319,3480057.95824796,1776441599999
1776441600000,0.033078,0.033571,0.03255,0.03262,1341689.06017622,1776470399999
1776470400000,0.03246,0.0334,0.032,0.033335,1877330.49714502,1776499199999
1776499200000,0.033239,0.03324,0.029818,0.030219,3621269.07332574,1776527999999
1776528000000,0.030058,0.030169,0.027947,0.028222,3227863.97672288,1776556799999
1776556800000,0.028199,0.029021,0.026651,0.026651,2776354.93854777,1776585599999
1776585600000,0.026554,0.027774,0.026305,0.026796,4504415.7804052,1776614399999
1776614400000,0.026915,0.026915,0.02543,0.025522,2444627.82721175,1776643199999
1776643200000,0.02577,0.026336,0.024848,0.0252,862923.59649688,1776671999999
1776672000000,0.02528,0.026089,0.025118,0.025408,2402147.49624007,1776700799999
1776700800000,0.02545,0.027188,0.025329,0.026933,1379900.05299362,1776729599999
1776729600000,0.026829,0.0282,0.026829,0.027404,1657959.21166725,1776758399999
1776758400000,0.027451,0.028521,0.02701,0.027967,2298088.9364464,1776787199999
1776787200000,0.027797,0.027797,0.026482,0.027,1531050.00877419,1776815999999
1776816000000,0.027088,0.027906,0.027087,0.0276,658815.51493334,1776844799999
1776844800000,0.027608,0.02825,0.02737,0.028027,1498605.75595144,1776873599999
1776873600000,0.028022,0.028339,0.027405,0.027405,1085353.02294351,1776902399999
1776902400000,0.027327,0.027327,0.026821,0.027195,983656.12699357,1776931199999
1776931200000,0.02703,0.027708,0.02682,0.027627,338812.84702805,1776959999999
1776960000000,0.027593,0.027593,0.026955,0.027526,964811.68882001,1776988799999
1776988800000,0.027468,0.028037,0.027058,0.027938,1472747.12187036,1777017599999
1777017600000,0.027999,0.028453,0.027609,0.027717,1765054.6166334,1777046399999
1777046400000,0.027732,0.028033,0.027262,0.027262,607092.80642636,1777075199999
1777075200000,0.027279,0.029144,0.027279,0.028962,4412226.72916842,1777103999999
1777104000000,0.028981,0.0307,0.028694,0.029863,8240362.29332989,1777132799999
1777132800000,0.02982,0.029841,0.028526,0.028602,4168094.09840833,1777161599999
1777161600000,0.0285,0.029505,0.0285,0.028719,867390.64040638,1777190399999
1777190400000,0.028882,0.029504,0.028689,0.029211,792783.09678119,1777219199999
1777219200000,0.029077,0.029854,0.029068,0.029615,787393.12341207,1777247999999
1777248000000,0.029474,0.029817,0.02848,0.02848,374530.87031524,1777276799999
1777276800000,0.028463,0.028863,0.0263,0.0266,2402890.069459,1777305599999
1777305600000,0.026645,0.027354,0.026641,0.027195,1442081.33327163,1777334399999
1777334400000,0.027144,0.027469,0.026898,0.026965,1651780.77990642,1777363199999
1777363200000,0.027078,0.027334,0.026861,0.027037,638693.73547003,1777391999999
1777392000000,0.027179,0.027407,0.026986,0.027151,764627.68169951,1777420799999
1777420800000,0.02712,0.027545,0.026892,0.027207,1575458.28804895,1777449599999
1777449600000,0.02714,0.027566,0.0265,0.0265,887373.6846976,1777478399999
1777478400000,0.026519,0.026654,0.026,0.026611,761004.38407599,1777507199999
1777507200000,0.026985,0.027289,0.026891,0.026985,848840.01142626,1777535999999
1777536000000,0.027163,0.027163,0.0266,0.02676,425648.16934231,1777564799999
1777564800000,0.026911,0.026911,0.02632,0.026361,1045629.43779428,1777593599999
1777593600000,0.026521,0.027163,0.026521,0.026532,823247.08304714,1777622399999
1777622400000,0.026738,0.02731,0.026738,0.026945,1198757.21023663,1777651199999
1777651200000,0.026945,0.02725,0.026778,0.026778,1011206.38837299,1777679999999
1777680000000,0.02679,0.02773,0.026624,0.027672,1616720.38422153,1777708799999
1777708800000,0.027699,0.028426,0.027387,0.028342,5212627.40774781,1777737599999
1777737600000,0.028393,0.028393,0.027683,0.02772,434104.47616901,1777766399999
1777766400000,0.027608,0.027608,0.027117,0.027421,801826.97895801,1777795199999
1777795200000,0.027644,0.027727,0.0272,0.027668,242410.75470473,1777823999999
1777824000000,0.027766,0.027869,0.027371,0.027744,541498.03949784,1777852799999
1777852800000,0.027702,0.028854,0.027502,0.028107,1555552.53175561,1777881599999
1777881600000,0.028052,0.028452,0.027577,0.027584,1381655.81793863,1777910399999
1777910400000,0.027634,0.027957,0.027307,0.027357,589018.15809691,1777939199999
1777939200000,0.027259,0.028563,0.0272,0.028415,716386.02496846,1777967999999
1777968000000,0.028331,0.029,0.028081,0.028208,2555632.22834349,1777996799999
1777996800000,0.028321,0.028518,0.027856,0.028175,1938626.5678079,1778025599999
1778025600000,0.028352,0.030072,0.028276,0.029799,2532350.49709237,1778054399999
1778054400000,0.02969,0.030302,0.029107,0.029752,1684363.61617231,1778083199999
1778083200000,0.029967,0.030024,0.029445,0.02967,1614096.06587908,1778111999999
1778112000000,0.029748,0.029823,0.028759,0.029665,793648.55297176,1778140799999
1778140800000,0.029641,0.0307,0.029509,0.02987,2101323.73021421,1778169599999
1778169600000,0.029913,0.03194,0.029687,0.03194,3047411.39415872,1778198399999
1778198400000,0.031964,0.032181,0.030381,0.030547,1331883.06038393,1778227199999
1778227200000,0.030655,0.031418,0.03,0.030463,2744113.70457472,1778255999999
1778256000000,0.03037,0.031605,0.030366,0.031555,1644411.1872268,1778284799999
1778284800000,0.03168,0.032538,0.031458,0.031458,2552967.04200094,1778313599999
1778313600000,0.03155,0.031896,0.030975,0.031111,1258995.1777914,1778342399999
1778342400000,0.03108,0.031857,0.031003,0.03144,624910.00036661,1778371199999
1778371200000,0.03112,0.031464,0.03075,0.031195,182564.25392755,1778399999999
1778400000000,0.031125,0.031684,0.030776,0.031684,882097.55411896,1778428799999
1778428800000,0.031617,0.032447,0.031153,0.032087,3613362.00395477,1778457599999
1778457600000,0.032182,0.033245,0.031181,0.033129,4346171.30068176,1778486399999
1778486400000,0.033185,0.033322,0.032,0.032516,2657154.91479694,1778515199999
1778515200000,0.0324,0.03404,0.032193,0.033342,3086272.33360227,1778543999999
1778544000000,0.033203,0.033569,0.032388,0.03321,680250.60037382,1778572799999
1778572800000,0.033234,0.033408,0.031514,0.031683,2201292.81250233,1778601599999
1778601600000,0.031718,0.032599,0.031372,0.031843,1699377.16257221,1778630399999
1778630400000,0.031789,0.032614,0.031789,0.032366,1445827.12217904,1778659199999
1778659200000,0.032513,0.032806,0.029373,0.029373,4518695.559785,1778687999999
1778688000000,0.029408,0.029782,0.029022,0.029411,2865302.4091133,1778716799999
1778716800000,0.029298,0.029727,0.028818,0.029027,281533.27327415,1778745599999
1778745600000,0.028948,0.0304,0.028948,0.0304,1468949.33146948,1778774399999
1778774400000,0.030308,0.030308,0.029473,0.029486,723565.32911387,1778803199999
1778803200000,0.029622,0.029767,0.028175,0.028356,1836714.11663544,1778831999999
1778832000000,0.028196,0.028384,0.026926,0.027,911639.13467747,1778860799999
1778860800000,0.027272,0.02778,0.027234,0.027448,321047.21521951,1778889599999
1778889600000,0.027488,0.02751,0.026249,0.026669,585845.6907958,1778918399999
1778918400000,0.026666,0.026902,0.026362,0.026861,245095.86888451,1778947199999
1778947200000,0.027027,0.027113,0.02681,0.02681,208838.47668956,1778975999999
1778976000000,0.02656,0.027548,0.02656,0.027535,903182.54278255,1779004799999
1779004800000,0.02733,0.027496,0.026882,0.026928,463726.30339459,1779033599999
1779033600000,0.02694,0.027087,0.025516,0.025878,601059.38294703,1779062399999
1779062400000,0.026087,0.026661,0.0259,0.02645,710911.74907225,1779091199999
1779091200000,0.026602,0.02868,0.02635,0.02813,2161119.80647989,1779119999999
1779120000000,0.028044,0.029787,0.027821,0.028299,5562875.0278046,1779148799999
1779148800000,0.027993,0.028619,0.027692,0.028364,466863.19959751,1779177599999
1779177600000,0.028243,0.02891,0.02774,0.028741,2692968.09621417,1779206399999
1779206400000,0.0284,0.029,0.028033,0.028462,1145174.93478852,1779235199999
1779235200000,0.028481,0.02894,0.028,0.028148,1237935.56924381,1779263999999
1779264000000,0.028252,0.028761,0.027826,0.028534,2354590.67232142,1779292799999
1779292800000,0.02854,0.0292,0.02834,0.029004,1244680.26840495,1779321599999
1779321600000,0.029101,0.0294,0.028491,0.029389,1071810.51632281,1779350399999
1779350400000,0.0294,0.030269,0.029148,0.029846,5684560.36780045,1779379199999
1779379200000,0.030009,0.031,0.0295,0.029937,2582677.76146001,1779407999999
1779408000000,0.029844,0.030688,0.02967,0.030046,1873273.99452834,1779436799999
1779436800000,0.030033,0.030269,0.029427,0.029757,467843.06444339,1779465599999
1779465600000,0.029746,0.02976,0.028346,0.028434,1158905.84657489,1779494399999
1779494400000,0.028408,0.028815,0.027405,0.027431,786461.66308989,1779523199999
1779523200000,0.027369,0.028315,0.0273,0.028085,437300.7986942,1779551999999
1779552000000,0.028175,0.030308,0.028175,0.030005,1891631.54449207,1779580799999
1779580800000,0.030246,0.033367,0.030203,0.033155,7734880.55717212,1779609599999
1779609600000,0.03325,0.035,0.031606,0.031782,8193920.12700751,1779638399999
1779638400000,0.031756,0.033081,0.031333,0.031575,3136931.95608251,1779667199999
1779667200000,0.031575,0.034372,0.031085,0.034101,2583903.6517621,1779695999999
1779696000000,0.03412,0.044233,0.034119,0.041452,2.738796996980899E7,1779724799999
1779724800000,0.041318,0.047048,0.039922,0.041777,2.282980670000925E7,1779753599999
1779753600000,0.041764,0.042724,0.037691,0.041616,1.128283165766984E7,1779782399999
1779782400000,0.041494,0.04611,0.03993,0.044985,1.954989149352644E7,1779811199999
1779811200000,0.044979,0.05354,0.044623,0.045659,2.289640124418448E7,1779839999999
1779840000000,0.045466,0.047889,0.041789,0.042166,7134762.17088841,1779868799999
1779868800000,0.042141,0.042863,0.040569,0.041747,5747884.47210974,1779897599999
1779897600000,0.041897,0.042092,0.038993,0.039163,4388408.14475421,1779926399999
1779926400000,0.039644,0.039803,0.035373,0.035958,3318189.18904458,1779955199999
1779955200000,0.035591,0.035645,0.034169,0.034376,4100751.70910965,1779983999999
1779984000000,0.034528,0.035844,0.034369,0.034369,1551344.03474632,1780012799999
1780012800000,0.034453,0.037759,0.034453,0.037449,4643846.57392439,1780041599999
1780041600000,0.0377,0.038607,0.035191,0.036703,1.438904624154995E7,1780070399999
1780070400000,0.036783,0.037072,0.035068,0.035095,1285001.46702527,1780099199999
1780099200000,0.035044,0.037307,0.034423,0.037268,6491173.07367887,1780127999999
1780128000000,0.03723,0.038198,0.03695,0.037819,4988943.65968576,1780156799999
1780156800000,0.037617,0.038296,0.036221,0.036577,2448413.74336174,1780185599999
1780185600000,0.036473,0.036879,0.034846,0.035025,2042072.80218089,1780214399999
1780214400000,0.035248,0.03555,0.0336,0.0336,2067594.4549261,1780243199999
1780243200000,0.033506,0.033616,0.032721,0.03321,1497271.48766084,1780271999999
1780272000000,0.033402,0.034012,0.0318,0.031856,1068308.35470791,1780300799999
1780300800000,0.031788,0.032449,0.031431,0.03145,1964551.32665999,1780329599999
1780329600000,0.03128,0.032864,0.03128,0.032332,625750.51780753,1780358399999
1780358400000,0.03233,0.033135,0.031508,0.031619,1025893.82705288,1780387199999
1780387200000,0.031671,0.032896,0.0305,0.030784,5510663.61882854,1780415999999
1780416000000,0.030748,0.031667,0.0295,0.030497,2166494.06800633,1780444799999
1780444800000,0.030529,0.032495,0.030403,0.03217,1262633.78814922,1780473599999
1780473600000,0.032275,0.0335,0.032141,0.032424,2132455.39990896,1780502399999
1780502400000,0.03214,0.034738,0.032083,0.032884,3088201.4305134,1780531199999
1780531200000,0.033364,0.033364,0.029642,0.029879,3484085.43206247,1780559999999
1780560000000,0.029674,0.030575,0.0286,0.030477,1451342.1455766,1780588799999
1780588800000,0.030402,0.030954,0.029018,0.029397,1557403.61041145,1780617599999
1780617600000,0.029208,0.029828,0.025961,0.028399,3380317.28445035,1780646399999
1780646400000,0.027956,0.029266,0.027428,0.028336,3020606.58750247,1780675199999
1780675200000,0.028286,0.029096,0.027143,0.028185,1525815.93755577,1780703999999
1780704000000,0.028251,0.028895,0.026296,0.027287,965917.07518812,1780732799999
1780732800000,0.027279,0.027444,0.026305,0.027141,475769.9673218,1780761599999
1780761600000,0.027116,0.027851,0.026303,0.026984,851785.20254493,1780790399999
1780790400000,0.027113,0.029661,0.027013,0.02891,1767686.9991302,1780819199999
1780819200000,0.028729,0.029072,0.027676,0.028744,1350741.32049878,1780847999999
1780848000000,0.028476,0.029044,0.027161,0.028524,787896.87738757,1780876799999
1780876800000,0.02868,0.02868,0.027529,0.028293,190486.98131015,1780905599999
1780905600000,0.028356,0.029012,0.028356,0.028603,1293982.71926105,1780934399999
1780934400000,0.028456,0.028688,0.027419,0.027576,1726359.29881414,1780963199999
1780963200000,0.027584,0.027614,0.026386,0.027045,1695589.24733858,1780991999999
1780992000000,0.026775,0.02724,0.026241,0.026535,2105417.14642259,1781020799999
1781020800000,0.026427,0.027202,0.026354,0.026873,922091.45232494,1781049599999
1781049600000,0.026814,0.027291,0.026444,0.026719,447341.34690293,1781078399999
1781078400000,0.026621,0.028054,0.026,0.027293,1614371.06923632,1781107199999
1781107200000,0.027267,0.02728,0.025782,0.026534,1493389.66297496,1781135999999
1781136000000,0.026555,0.027879,0.026149,0.027807,1969647.83614045,1781164799999
1781164800000,0.027829,0.029539,0.027817,0.029273,3144090.68992471,1781193599999
1781193600000,0.02934,0.02978,0.028629,0.028853,3594930.94856768,1781222399999
1781222400000,0.028925,0.02934,0.028064,0.028196,1840853.01847789,1781251199999
1781251200000,0.028143,0.028719,0.0275,0.027843,2139800.84192823,1781279999999
1781280000000,0.027851,0.029273,0.027683,0.028192,1317542.69328544,1781308799999
1781308800000,0.028418,0.030589,0.028341,0.030054,4593964.19684926,1781337599999
1781337600000,0.030269,0.032803,0.030216,0.031949,1.082630435811521E7,1781366399999
1781366400000,0.031962,0.032665,0.030406,0.030834,5501647.08378609,1781395199999
1781395200000,0.030516,0.031491,0.030221,0.03045,4498110.60161134,1781423999999
1781424000000,0.030489,0.031196,0.029786,0.030447,3562153.33857887,1781452799999
1781452800000,0.030575,0.031727,0.03055,0.031312,4228304.14373415,1781481599999
1781481600000,0.031364,0.031993,0.030837,0.03087,3014744.34305343,1781510399999
1781510400000,0.030817,0.031829,0.030736,0.031564,5355870.10730505,1781539199999
1781539200000,0.031461,0.031617,0.030272,0.030622,1299254.90948401,1781567999999
1781568000000,0.03079,0.030916,0.029721,0.029961,2962666.94973822,1781596799999
1781596800000,0.030237,0.030601,0.0295,0.0299,513932.92798217,1781625599999
1781625600000,0.029937,0.030686,0.029937,0.030555,455990.30637487,1781654399999
1781654400000,0.030752,0.031714,0.030226,0.030428,4332689.28566242,1781683199999
1781683200000,0.030385,0.031267,0.029822,0.031204,1543006.61804435,1781711999999
1781712000000,0.031045,0.033,0.030179,0.031936,5623223.13136805,1781740799999
1781740800000,0.031991,0.032924,0.0313,0.0323,4496188.69382557,1781769599999
1781769600000,0.032187,0.033577,0.031922,0.032503,6495104.26243181,1781798399999
1781798400000,0.032472,0.034149,0.032413,0.033234,6909021.7658186,1781827199999
1781827200000,0.033136,0.034413,0.032808,0.03295,4321743.57471091,1781855999999
1781856000000,0.032899,0.03321,0.031731,0.031735,3520578.22779464,1781884799999
1781884800000,0.032063,0.03347,0.0315,0.033095,3224182.12418575,1781913599999
1781913600000,0.033138,0.033559,0.03211,0.032258,6023625.24828199,1781942399999
1781942400000,0.032047,0.032576,0.031368,0.03213,3157133.19950362,1781971199999
1781971200000,0.032,0.032778,0.03171,0.032657,906811.57864011,1781999999999
1782000000000,0.03258,0.033135,0.03251,0.032645,172139.74407991,1782028799999
1782028800000,0.032792,0.033587,0.032248,0.03279,2073780.96065847,1782057599999
1782057600000,0.032933,0.034928,0.03275,0.032816,2862594.83482683,1782086399999
1782086400000,0.03285,0.034843,0.03285,0.033861,4013751.26439299,1782115199999
1782115200000,0.033919,0.034593,0.0336,0.034114,2158941.48238902,1782143999999
1782144000000,0.0339,0.034438,0.032965,0.033102,768432.97676877,1782172799999
1782172800000,0.033194,0.033686,0.031712,0.032455,1475306.4332483,1782201599999
1782201600000,0.032088,0.032476,0.03117,0.031848,2330516.50601442,1782230399999
1782230400000,0.032004,0.03347,0.031592,0.032777,1900547.93754418,1782259199999
1782259200000,0.032859,0.033301,0.032029,0.032574,3225176.35256685,1782287999999
1782288000000,0.032603,0.033335,0.031683,0.031683,2297899.21361567,1782316799999
1782316800000,0.031765,0.031955,0.030002,0.031062,1916688.76092325,1782345599999
1782345600000,0.030997,0.031829,0.030523,0.031569,2075020.72142393,1782374399999
1782374400000,0.03143,0.03151,0.027964,0.028537,3388264.48643397,1782403199999
1782403200000,0.028507,0.028704,0.02725,0.027775,2755988.89207182,1782431999999
1782432000000,0.02782,0.028344,0.026737,0.027862,3954202.76790392,1782460799999
1782460800000,0.027841,0.028307,0.026311,0.028223,2785165.14679493,1782489599999
1782489600000,0.028131,0.0288,0.027615,0.027675,420139.59533404,1782518399999
1782518400000,0.027802,0.028266,0.027499,0.028221,1258580.82096938,1782547199999
1782547200000,0.028164,0.028727,0.027511,0.027624,3176081.06852081,1782575999999
1782576000000,0.027642,0.027823,0.026588,0.02669,1111729.02835649,1782604799999
1782604800000,0.026677,0.0286,0.026677,0.028088,537431.31167222,1782633599999
1782633600000,0.028,0.028,0.0273,0.027468,1350774.07770413,1782662399999
1782662400000,0.027384,0.027704,0.026295,0.026874,1031067.56061392,1782691199999
1782691200000,0.026772,0.027582,0.026098,0.026193,2762371.7571013,1782719999999
1782720000000,0.02627,0.026925,0.025609,0.026066,2379440.42126336,1782748799999
1782748800000,0.025965,0.027042,0.025498,0.026002,3265698.75844689,1782777599999
1782777600000,0.026128,0.026128,0.024574,0.024769,3524614.03203324,1782806399999
1782806400000,0.024781,0.024781,0.02365,0.023823,2707996.70149631,1782835199999
1782835200000,0.02375,0.023928,0.023209,0.023476,1266045.63318343,1782863999999
1782864000000,0.023467,0.023467,0.0216,0.021972,3619168.31776925,1782892799999
1782892800000,0.021958,0.0237,0.02158,0.0237,8254308.91448957,1782921599999
1782921600000,0.023572,0.02426,0.023346,0.023698,2253666.06604104,1782950399999
1782950400000,0.023706,0.024167,0.022193,0.022686,4545569.81932255,1782979199999
1782979200000,0.022659,0.023092,0.022075,0.022831,4245044.23950899,1783007999999
1783008000000,0.022927,0.023558,0.0228,0.023178,1429792.74998285,1783036799999
1783036800000,0.023287,0.023703,0.02269,0.023173,1803350.78186282,1783065599999
1783065600000,0.023172,0.024219,0.023065,0.023944,4192370.78918106,1783094399999
1783094400000,0.024052,0.024181,0.023235,0.023249,1055404.64450996,1783123199999
1783123200000,0.023293,0.023382,0.022915,0.023009,1196454.55844011,1783151999999
1783152000000,0.022948,0.023728,0.022753,0.023668,978534.4465024,1783180799999
1783180800000,0.023574,0.024095,0.023173,0.023353,1569047.94358154,1783209599999
1783209600000,0.023318,0.023363,0.022602,0.022995,1038524.92235487,1783238399999
1783238400000,0.022946,0.023143,0.022445,0.023048,1112837.33077896,1783267199999
1783267200000,0.023041,0.023243,0.022769,0.023106,1534135.99885341,1783295999999
1783296000000,0.0231,0.023132,0.022274,0.022472,1379866.45782522,1783324799999
1783324800000,0.022467,0.022964,0.021918,0.022963,1350211.62434273,1783353599999
1783353600000,0.022935,0.023221,0.022568,0.022568,450483.67137589,1783382399999
1783382400000,0.022549,0.022719,0.02185,0.022145,1453810.01621432,1783411199999
1783411200000,0.022134,0.022404,0.02158,0.022159,1752073.37021052,1783439999999
1783440000000,0.022193,0.022519,0.02158,0.021944,1082969.14398759,1783468799999
1783468800000,0.021876,0.022231,0.021468,0.021881,879448.91262124,1783497599999
1783497600000,0.021929,0.021929,0.021132,0.021261,939881.96358752,1783526399999
1783526400000,0.021327,0.021547,0.020978,0.021255,741625.35350342,1783555199999
1783555200000,0.021372,0.02176,0.021244,0.021552,337562.47858637,1783583999999
1783584000000,0.021559,0.02212,0.021394,0.02184,485295.24231256,1783612799999
1783612800000,0.02179,0.022036,0.021421,0.021496,770949.88931801,1783641599999
1783641600000,0.021541,0.022132,0.021534,0.022053,747036.73395796,1783670399999
1783670400000,0.02202,0.022072,0.021528,0.021898,1327179.63569522,1783699199999
1783699200000,0.021944,0.02273,0.021852,0.022013,1540300.30679347,1783727999999
1783728000000,0.022026,0.022361,0.021944,0.022141,769707.48429367,1783756799999
1783756800000,0.022082,0.023,0.022055,0.022454,1304153.77787521,1783785599999
1783785600000,0.022423,0.023236,0.02211,0.02213,519346.80034208,1783814399999
1783814400000,0.022028,0.022462,0.021825,0.022175,612374.00774733,1783843199999
1783843200000,0.022198,0.022238,0.0217,0.021935,457277.18465388,1783871999999
1783872000000,0.021794,0.021794,0.021408,0.021508,408949.87855323,1783900799999
1783900800000,0.021362,0.021778,0.020703,0.021105,1558568.76492705,1783929599999
1783929600000,0.021038,0.021038,0.020495,0.020602,1269858.68567461,1783958399999
1783958400000,0.020611,0.020611,0.019915,0.020319,1780401.94815742,1783987199999
1783987200000,0.020316,0.020473,0.020038,0.02015,1385300.80722348,1784015999999
1784016000000,0.02015,0.020583,0.019886,0.020494,3385036.3920265,1784044799999
1784044800000,0.020504,0.020959,0.020144,0.020581,2053570.76558829,1784073599999
1784073600000,0.020596,0.02067,0.020113,0.020246,718833.27070246,1784102399999
1784102400000,0.020271,0.021074,0.020189,0.020587,3530760.19443186,1784131199999
1784131200000,0.020568,0.020584,0.02,0.020315,1936908.94964821,1784159999999
1784160000000,0.020307,0.020521,0.019985,0.020053,4179085.77275013,1784188799999
1784188800000,0.020045,0.020432,0.019647,0.020265,2051516.01365897,1784217599999
1784217600000,0.020287,0.020298,0.019691,0.01977,1720846.87146985,1784246399999
1784246400000,0.019797,0.019907,0.018927,0.019058,1834076.47843542,1784275199999
1784275200000,0.019074,0.019673,0.019026,0.019575,2602768.84638294,1784303999999
1784304000000,0.019536,0.019642,0.019,0.019232,1168360.51260816,1784332799999
1784332800000,0.019119,0.019427,0.018942,0.019263,518461.07215219,1784361599999
1784361600000,0.019293,0.020399,0.019293,0.019811,3779483.09336482,1784390399999
1784390400000,0.019814,0.022078,0.019698,0.021322,1.134326010646518E7,1784419199999
1784419200000,0.021388,0.0235,0.02073,0.021196,6654562.04988961,1784447999999
1784448000000,0.021221,0.021419,0.020525,0.020924,4724845.0193582,1784476799999
1784476800000,0.020824,0.020911,0.020178,0.020437,1348963.52029399,1784505599999
1784505600000,0.020459,0.020551,0.019791,0.020118,1510298.07757886,1784534399999
1784534400000,0.020156,0.020635,0.020018,0.020547,1147364.34554713,1784563199999
1784563200000,0.020489,0.020704,0.020109,0.020323,1073647.19042246,1784591999999
1784592000000,0.020361,0.020724,0.020255,0.020724,589604.14775082,1784620799999
1784620800000,0.020687,0.0208,0.020198,0.020465,3267407.64111578,1784649599999
1784649600000,0.020414,0.020414,0.020006,0.020133,2613726.55450721,1784678399999
1784678400000,0.020157,0.020223,0.019432,0.019493,1831924.72705485,1784707199999
1784707200000,0.019598,0.02023,0.019598,0.020217,1376205.75767298,1784735999999
1784736000000,0.020161,0.02038,0.019876,0.019927,732135.82444326,1784764799999
1784764800000,0.020063,0.020072,0.019604,0.01974,528811.89845613,1784793599999
1784793600000,0.019666,0.019761,0.0194,0.019408,1717965.41785303,1784822399999
1784822400000,0.019386,0.019434,0.019032,0.019095,1410703.34105295,1784851199999
1784851200000,0.019086,0.019456,0.01868,0.019211,2446713.77858032,1784879999999
1784880000000,0.019291,0.019892,0.019085,0.019699,4342964.58060219,1784908799999
1784908800000,0.019664,0.020028,0.019273,0.019325,5789737.90829711,1784937599999
1784937600000,0.019344,0.019664,0.019185,0.01921,1886477.41732604,1784966399999
1784966400000,0.019178,0.019714,0.01911,0.019563,1894896.38556941,1784995199999
1784995200000,0.019522,0.020142,0.019484,0.019781,3797195.75203437,1785023999999
1785024000000,0.019815,0.020294,0.01978,0.020142,2516642.71155381,1785052799999
1785052800000,0.020077,0.020225,0.019755,0.019821,1445633.49310043,1785081599999
1785081600000,0.019829,0.020008,0.019583,0.019963,1293371.38104251,1785110399999
1785110400000,0.019963,0.020051,0.019742,0.019821,1511510.1040428,1785139199999
1785139200000,0.019875,0.019875,0.018831,0.018914,4772501.30971921,1785167999999
1785168000000,0.018926,0.019511,0.018114,0.018285,5212925.59619259,1785196799999
1785196800000,0.018245,0.018421,0.0178,0.018054,2840144.75311019,1785225599999
1785225600000,0.018079,0.018539,0.017918,0.01846,3536644.62466277,1785254399999
1785254400000,0.018363,0.018424,0.01789,0.018036,2360909.96250383,1785283199999
1785283200000,0.018047,0.018188,0.017302,0.017797,2842559.58253429,1785311999999
1785312000000,0.017787,0.017895,0.017601,0.017628,2053352.48407986,1785340799999
1785340800000,0.0176,0.017949,0.017128,0.017517,2895437.97274153,1785369599999
1785369600000,0.017549,0.017678,0.017468,0.0176,2796971.82949539,1785398399999
1785398400000,0.017634,0.017809,0.017519,0.017705,3129166.68301679,1785427199999
1785427200000,0.017675,0.017726,0.017371,0.017395,4275798.03191606,1785455999999
1785456000000,0.01739,0.017578,0.01721,0.017447,4483484.91554482,1785484799999
1785484800000,0.017448,0.017474,0.017073,0.017195,2767382.92629008,1785513599999
1785513600000,0.017185,0.017269,0.01694,0.017086,1970631.61838679,1785542399999
1785542400000,0.017063,0.017586,0.017063,0.01736,1446595.51668681,1785571199999
1785571200000,0.017408,0.017594,0.01724,0.017255,3325617.62640453,1785599999999
1785600000000,0.01729,0.017517,0.016859,0.016926,1941065.61604108,1785628799999
1785628800000,0.016995,0.017267,0.016951,0.017107,487354.67804481,1785657599999
1785657600000,0.017067,0.017262,0.01705,0.017148,1504272.54269227,1785686399999
1785686400000,0.017203,0.017502,0.017203,0.017344,1596804.78724283,1785715199999
1785715200000,0.017342,0.017342,0.0168,0.016824,621512.97839749,1785743999999
1785744000000,0.016824,0.01725,0.016671,0.01725,715839.32645113,1785772799999
1785772800000,0.017308,0.018669,0.017308,0.017992,7927798.16254198,1785801599999
1785801600000,0.017984,0.018304,0.017686,0.017876,3707214.23883936,1785830399999
1785830400000,0.017683,0.01816,0.017551,0.018079,4902596.12753513,1785859199999
1785859200000,0.018141,0.018142,0.017521,0.017542,4542839.95664791,1785887999999
1785888000000,0.01756,0.01795,0.0175,0.017911,2199075.47613723,1785916799999
1785916800000,0.017862,0.017862,0.017434,0.017687,3394428.00082717,1785945599999
1785945600000,0.017729,0.018587,0.017654,0.018289,3831933.19955439,1785974399999
1785974400000,0.01834,0.018661,0.017979,0.018501,3929889.68804599,1786003199999
1786003200000,0.018529,0.019455,0.018188,0.019274,1.017033459225632E7,1786031999999
1786032000000,0.019378,0.019418,0.01857,0.018903,4487767.5827735,1786060799999
1786060800000,0.018849,0.019176,0.018527,0.018631,4384276.9865462,1786089599999
1786089600000,0.018658,0.018888,0.018454,0.018876,4698532.71333607,1786118399999
1786118400000,0.018858,0.0189,0.018575,0.018801,1299002.82435017,1786147199999
1786147200000,0.018667,0.019166,0.018661,0.018712,1828334.85218082,1786175999999
1786176000000,0.018777,0.020404,0.018777,0.019336,9801993.00647918,1786204799999
1786204800000,0.019334,0.020281,0.019334,0.020072,6860305.44573889,1786233599999
1786233600000,0.0201,0.020976,0.019951,0.020683,1.130299615353505E7,1786262399999
1786262400000,0.020674,0.02116,0.020322,0.020374,6938390.78097467,1786291199999
1786291200000,0.02036,0.020697,0.020206,0.020246,2983332.93849122,1786319999999
1786320000000,0.020473,0.021904,0.020443,0.021571,5770328.97560397,1786348799999
1786348800000,0.021556,0.022543,0.021265,0.021564,5600726.45831154,1786377599999
1786377600000,0.021524,0.023274,0.020575,0.020824,8531446.28197738,1786406399999
