openTime,open,high,low,close,volume,closeTime
1692172800000,0.23334,0.23334,0.2282,0.2282,28751.01089003,1692187199999
1692187200000,0.23385,0.235,0.18026,0.18481,8840468.93350983,1692201599999
1692201600000,0.18688,0.19098,0.16735,0.17584,6489006.01218063,1692215999999
1692216000000,0.17585,0.19986,0.17017,0.19708,6529625.37345219,1692230399999
1692230400000,0.19728,0.19797,0.17459,0.17873,4669101.18717636,1692244799999
1692244800000,0.17828,0.18562,0.17225,0.17735,2921396.29709368,1692259199999
1692259200000,0.1764,0.17759,0.16227,0.16443,5577280.01946912,1692273599999
1692273600000,0.16451,0.17033,0.1568,0.16636,8787569.82853447,1692287999999
1692288000000,0.16642,0.1686,0.15691,0.16654,4226996.87201246,1692302399999
1692302400000,0.1664,0.16913,0.145,0.15767,6066591.49026431,1692316799999
1692316800000,0.15808,0.16275,0.13641,0.14249,5453398.31112721,1692331199999
1692331200000,0.143,0.15724,0.1388,0.14935,6711656.96605996,1692345599999
1692345600000,0.14915,0.15199,0.14423,0.1482,3048984.62015835,1692359999999
1692360000000,0.14799,0.14811,0.1423,0.1437,3068694.60261021,1692374399999
1692374400000,0.14379,0.14721,0.13939,0.14537,3981434.88678895,1692388799999
1692388800000,0.14607,0.15557,0.14549,0.15335,1475879.00410309,1692403199999
1692403200000,0.15365,0.15722,0.1471,0.1488,985302.14835374,1692417599999
1692417600000,0.14994,0.15199,0.14475,0.14732,867637.55737219,1692431999999
1692432000000,0.14684,0.14899,0.14501,0.1469,1032677.02372162,1692446399999
1692446400000,0.1474,0.148,0.1425,0.1462,1271820.80106466,1692460799999
1692460800000,0.14597,0.14797,0.14328,0.14658,1115481.37127163,1692475199999
1692475200000,0.14674,0.14805,0.14446,0.14721,939064.12186355,1692489599999
1692489600000,0.14674,0.1485,0.14366,0.14456,597022.68549009,1692503999999
1692504000000,0.14462,0.14519,0.13883,0.14131,1589418.64782811,1692518399999
1692518400000,0.14144,0.14349,0.13964,0.14136,1226278.10109396,1692532799999
1692532800000,0.14138,0.14304,0.13669,0.13852,858762.26042477,1692547199999
1692547200000,0.13816,0.14124,0.13579,0.13873,1409225.56770347,1692561599999
1692561600000,0.13908,0.14085,0.13858,0.13888,482049.07862759,1692575999999
1692576000000,0.13861,0.14245,0.1365,0.13704,403219.09927804,1692590399999
1692590400000,0.13721,0.13747,0.13375,0.13402,726359.28391172,1692604799999
1692604800000,0.13401,0.13489,0.13119,0.1337,1450285.06355734,1692619199999
1692619200000,0.13275,0.13576,0.13003,0.13152,706654.44201737,1692633599999
1692633600000,0.13067,0.134,0.13024,0.13278,978036.12832146,1692647999999
1692648000000,0.13328,0.1377,0.13328,0.13678,318572.14952677,1692662399999
1692662400000,0.13628,0.1429,0.13437,0.13591,1214229.4475924,1692676799999
1692676800000,0.13655,0.13797,0.13407,0.13715,721051.12824268,1692691199999
1692691200000,0.13722,0.13979,0.13584,0.13596,979422.90762725,1692705599999
1692705600000,0.13629,0.13815,0.13339,0.13411,883140.33453691,1692719999999
1692720000000,0.13386,0.13949,0.13235,0.13694,1406537.34699764,1692734399999
1692734400000,0.13652,0.14346,0.13494,0.1422,2103361.53753607,1692748799999
1692748800000,0.1407,0.1436,0.13834,0.13874,622821.26578287,1692763199999
1692763200000,0.13836,0.13935,0.13696,0.13764,647043.38499766,1692777599999
1692777600000,0.13787,0.13875,0.13637,0.13755,719206.27823908,1692791999999
1692792000000,0.13764,0.13914,0.13508,0.13791,843992.31617106,1692806399999
1692806400000,0.1379,0.14312,0.1379,0.14038,1930998.67110938,1692820799999
1692820800000,0.14006,0.14173,0.13907,0.14046,1020297.18150683,1692835199999
1692835200000,0.14047,0.14047,0.13746,0.13817,239876.60885491,1692849599999
1692849600000,0.13858,0.14018,0.13779,0.13861,378793.00549627,1692863999999
1692864000000,0.13914,0.13951,0.13715,0.1383,625431.88296647,1692878399999
1692878400000,0.1382,0.13841,0.13527,0.13601,748236.92168974,1692892799999
1692892800000,0.13629,0.13713,0.13267,0.13514,1859234.81698785,1692907199999
1692907200000,0.13527,0.13704,0.13456,0.13665,362976.95249388,1692921599999
1692921600000,0.13561,0.13609,0.13192,0.13212,80315.52558939,1692935999999
1692936000000,0.1318,0.1318,0.12688,0.12768,949360.50032592,1692950399999
1692950400000,0.12744,0.12937,0.12744,0.12858,564941.59075719,1692964799999
1692964800000,0.1288,0.12921,0.12664,0.12805,2005960.01967861,1692979199999
1692979200000,0.12835,0.12908,0.12711,0.12852,469638.99239024,1692993599999
1692993600000,0.12814,0.12892,0.12755,0.1286,403732.64065207,1693007999999
1693008000000,0.12863,0.12875,0.12708,0.12837,205623.92156631,1693022399999
1693022400000,0.12841,0.12841,0.12452,0.12684,837809.45045386,1693036799999
1693036800000,0.1268,0.1268,0.11942,0.12385,1203018.64740095,1693051199999
1693051200000,0.12394,0.12436,0.12285,0.12316,947594.96386735,1693065599999
1693065600000,0.12335,0.12377,0.12205,0.12356,960188.16607313,1693079999999
1693080000000,0.12356,0.12362,0.12167,0.122,380956.50776024,1693094399999
1693094400000,0.12165,0.12173,0.11809,0.11922,240677.08467669,1693108799999
1693108800000,0.11882,0.11957,0.1185,0.11887,280456.81960812,1693123199999
1693123200000,0.11948,0.1216,0.11829,0.12057,657274.28772201,1693137599999
1693137600000,0.12058,0.12513,0.12036,0.12273,867964.83130358,1693151999999
1693152000000,0.12316,0.12316,0.1205,0.12154,661153.98271598,1693166399999
1693166400000,0.12154,0.12323,0.1212,0.12191,228321.21155455,1693180799999
1693180800000,0.12168,0.12168,0.11661,0.11825,538667.07007083,1693195199999
1693195200000,0.11826,0.11881,0.11649,0.11673,348240.19638375,1693209599999
1693209600000,0.11681,0.11767,0.11592,0.11728,235595.36874975,1693223999999
1693224000000,0.11749,0.12,0.11741,0.11743,388452.68401188,1693238399999
1693238400000,0.11779,0.11872,0.11665,0.11723,539306.94410097,1693252799999
1693252800000,0.11752,0.11757,0.11469,0.11516,230471.32561942,1693267199999
1693267200000,0.11603,0.11903,0.1154,0.11608,250615.20268649,1693281599999
1693281600000,0.11572,0.11676,0.11043,0.1109,511992.69837008,1693295999999
1693296000000,0.11101,0.11263,0.10953,0.1104,863187.02205067,1693310399999
1693310400000,0.11024,0.12295,0.11024,0.11845,1564827.70511639,1693324799999
1693324800000,0.11908,0.1345,0.11854,0.12303,5791505.23971969,1693339199999
1693339200000,0.12326,0.14207,0.12176,0.13499,6665643.68810565,1693353599999
1693353600000,0.13519,0.13759,0.1322,0.1341,1713810.6646897,1693367999999
1693368000000,0.13366,0.1427,0.13223,0.1406,4261986.21536992,1693382399999
1693382400000,0.14092,0.15839,0.13849,0.14059,1.989575787794152E7,1693396799999
1693396800000,0.14075,0.15055,0.13417,0.14175,9539849.06961722,1693411199999
1693411200000,0.14208,0.14705,0.13816,0.13994,4502933.2710218,1693425599999
1693425600000,0.13966,0.14388,0.13535,0.1363,2911283.70004435,1693439999999
1693440000000,0.1363,0.13639,0.13,0.13314,1843253.00572957,1693454399999
1693454400000,0.13304,0.13896,0.12981,0.1311,3300076.62380949,1693468799999
1693468800000,0.13104,0.13437,0.13031,0.13386,2254376.24182809,1693483199999
1693483200000,0.13362,0.13362,0.12472,0.12613,2046015.77054176,1693497599999
1693497600000,0.12609,0.12744,0.12119,0.12243,2018556.9987868,1693511999999
1693512000000,0.12263,0.12425,0.12074,0.12218,1270550.74494517,1693526399999
1693526400000,0.12181,0.123,0.1184,0.11913,233855.30605891,1693540799999
1693540800000,0.11936,0.12251,0.1179,0.11986,981211.31644342,1693555199999
1693555200000,0.12033,0.12733,0.11978,0.12574,1326849.85002416,1693569599999
1693569600000,0.12535,0.12819,0.12137,0.12423,1876800.06100273,1693583999999
1693584000000,0.12452,0.13414,0.12452,0.12694,3967706.06938966,1693598399999
1693598400000,0.12684,0.138,0.12607,0.12946,4026545.59960584,1693612799999
1693612800000,0.12996,0.1395,0.12775,0.13617,1062825.8965578,1693627199999
1693627200000,0.13587,0.13619,0.13184,0.13235,2014526.14387884,1693641599999
1693641600000,0.13255,0.13267,0.12003,0.12309,3131676.96912564,1693655999999
1693656000000,0.12208,0.12454,0.12081,0.12205,2170811.98394214,1693670399999
1693670400000,0.12229,0.12309,0.12034,0.12146,1176490.73856014,1693684799999
1693684800000,0.1217,0.12253,0.12089,0.12175,1533107.78629215,1693699199999
1693699200000,0.12163,0.126,0.12117,0.12471,183234.34461913,1693713599999
1693713600000,0.12432,0.12439,0.1218,0.1218,718729.56267391,1693727999999
1693728000000,0.1218,0.1218,0.11735,0.11771,1019898.09313644,1693742399999
1693742400000,0.11797,0.11956,0.11685,0.11871,1106641.44198498,1693756799999
1693756800000,0.11833,0.11923,0.11649,0.1185,283850.99099808,1693771199999
1693771200000,0.11861,0.11897,0.11749,0.11875,192738.79860277,1693785599999
1693785600000,0.11842,0.12004,0.11775,0.11835,164091.01439749,1693799999999
1693800000000,0.1183,0.11951,0.11708,0.11749,365745.81193868,1693814399999
1693814400000,0.11769,0.1197,0.11699,0.1174,248022.15869295,1693828799999
1693828800000,0.11727,0.11746,0.11431,0.11457,998527.50406822,1693843199999
1693843200000,0.1147,0.11628,0.11454,0.11561,976750.17462119,1693857599999
1693857600000,0.11542,0.11672,0.11488,0.11654,110732.7443404,1693871999999
1693872000000,0.11657,0.11658,0.113,0.11337,31558.83449404,1693886399999
1693886400000,0.11416,0.11498,0.11379,0.11492,141645.2098679,1693900799999
1693900800000,0.1148,0.11688,0.11461,0.1163,244235.55975861,1693915199999
1693915200000,0.11517,0.11638,0.11313,0.11497,272820.00453472,1693929599999
1693929600000,0.11487,0.11657,0.1142,0.11537,273778.3540737,1693943999999
1693944000000,0.11524,0.11758,0.11496,0.11758,514414.45849915,1693958399999
1693958400000,0.11578,0.11613,0.115,0.116,179442.22977053,1693972799999
1693972800000,0.11564,0.11569,0.11441,0.11522,110348.8367239,1693987199999
1693987200000,0.11475,0.11621,0.11469,0.11574,387820.27106023,1694001599999
1694001600000,0.11617,0.11952,0.11478,0.11562,306514.29762429,1694015999999
1694016000000,0.11513,0.11872,0.11431,0.11645,599837.29660164,1694030399999
1694030400000,0.1167,0.11888,0.11648,0.11774,218738.44509112,1694044799999
1694044800000,0.11749,0.12471,0.11678,0.12221,258292.69362392,1694059199999
1694059200000,0.12156,0.12611,0.12068,0.12291,1083662.77249054,1694073599999
1694073600000,0.12192,0.12744,0.12,0.1207,1345464.36650784,1694087999999
1694088000000,0.12033,0.12276,0.11965,0.12116,945456.92021799,1694102399999
1694102400000,0.12209,0.12597,0.12204,0.12347,676480.39180887,1694116799999
1694116800000,0.12344,0.12523,0.12269,0.12374,470318.10125135,1694131199999
1694131200000,0.12214,0.1259,0.12054,0.12127,73310.56673246,1694145599999
1694145600000,0.12151,0.12355,0.12126,0.12144,200127.92902964,1694159999999
1694160000000,0.12153,0.12168,0.11698,0.11762,1899034.91756466,1694174399999
1694174400000,0.11735,0.11967,0.11735,0.11887,337143.09904326,1694188799999
1694188800000,0.1188,0.11917,0.11805,0.1189,173977.25885354,1694203199999
1694203200000,0.11881,0.11953,0.11821,0.11944,107860.83322815,1694217599999
1694217600000,0.11881,0.119,0.11766,0.11899,211808.21606665,1694231999999
1694232000000,0.11856,0.11873,0.11743,0.11866,281037.84596991,1694246399999
1694246400000,0.1187,0.1189,0.11739,0.11804,458572.36127203,1694260799999
1694260800000,0.1179,0.11809,0.115,0.11682,835541.50591455,1694275199999
1694275200000,0.11682,0.11707,0.11594,0.11606,105766.44962627,1694289599999
1694289600000,0.11655,0.1169,0.1156,0.11597,116012.00200525,1694303999999
1694304000000,0.11661,0.11733,0.11433,0.11442,35734.60509825,1694318399999
1694318400000,0.114,0.114,0.1044,0.1126,265708.24378587,1694332799999
1694332800000,0.1128,0.1129,0.11177,0.11274,115150.50982595,1694347199999
1694347200000,0.1132,0.11419,0.11148,0.11235,66019.67810155,1694361599999
1694361600000,0.11118,0.11251,0.111,0.11226,299477.47808568,1694375999999
1694376000000,0.11298,0.11351,0.11201,0.11201,129243.91017075,1694390399999
1694390400000,0.11218,0.11412,0.1104,0.11131,55086.24735238,1694404799999
1694404800000,0.11035,0.11129,0.11011,0.11044,79052.04451475,1694419199999
1694419200000,0.11049,0.11079,0.1065,0.10778,229305.80030219,1694433599999
1694433600000,0.10801,0.11101,0.1066,0.10919,473619.41887963,1694447999999
1694448000000,0.10941,0.10941,0.10611,0.10737,403630.73272484,1694462399999
1694462400000,0.10719,0.10829,0.10702,0.10777,130129.62038907,1694476799999
1694476800000,0.10752,0.11075,0.10713,0.11052,4522.79009282,1694491199999
1694491200000,0.11031,0.11078,0.10848,0.10902,171350.36159272,1694505599999
1694505600000,0.10882,0.1112,0.10805,0.10966,181092.34899119,1694519999999
1694520000000,0.10958,0.11024,0.10806,0.10855,55983.77976743,1694534399999
1694534400000,0.1082,0.1087,0.10738,0.10868,197654.74576688,1694548799999
1694548800000,0.10826,0.10937,0.10826,0.10848,79796.99521579,1694563199999
1694563200000,0.11,0.11,0.10799,0.10799,11136.10334008,1694577599999
1694577600000,0.10861,0.10984,0.10474,0.1091,361972.46757876,1694591999999
1694592000000,0.10947,0.11095,0.10904,0.10921,164858.61304795,1694606399999
1694606400000,0.10881,0.11047,0.10846,0.11017,186049.20811672,1694620799999
1694620800000,0.10936,0.11013,0.10888,0.10954,98822.77829901,1694635199999
1694635200000,0.10969,0.1103,0.1095,0.10979,107603.90470147,1694649599999
1694649600000,0.11003,0.11086,0.10901,0.10901,127186.93109516,1694663999999
1694664000000,0.10888,0.10928,0.10793,0.10887,70984.00942091,1694678399999
1694678400000,0.109,0.109,0.10817,0.10856,41181.54222909,1694692799999
1694692800000,0.10959,0.11098,0.10919,0.11014,135325.02171338,1694707199999
1694707200000,0.11052,0.1112,0.10931,0.1109,174125.94263786,1694721599999
1694721600000,0.111,0.1112,0.11007,0.11109,71546.60131364,1694735999999
1694736000000,0.11036,0.11143,0.10986,0.11033,110293.03722553,1694750399999
1694750400000,0.11,0.11015,0.10792,0.10835,120694.62598696,1694764799999
1694764800000,0.10789,0.1123,0.10741,0.1108,372637.58361582,1694779199999
1694779200000,0.11049,0.11621,0.11004,0.11474,882652.3160346,1694793599999
1694793600000,0.11473,0.11649,0.11346,0.11553,483651.64487242,1694807999999
1694808000000,0.11612,0.11769,0.11521,0.11598,558018.62209361,1694822399999
1694822400000,0.11557,0.12082,0.11463,0.11823,180952.79099707,1694836799999
1694836800000,0.11841,0.1268,0.11831,0.12322,851832.31405197,1694851199999
1694851200000,0.12355,0.13609,0.12013,0.13295,2904773.07927389,1694865599999
1694865600000,0.13297,0.13989,0.12585,0.12949,5269600.23513898,1694879999999
1694880000000,0.12895,0.13411,0.12703,0.12783,897224.21711362,1694894399999
1694894400000,0.12808,0.1331,0.12808,0.13083,1495108.39159665,1694908799999
1694908800000,0.13041,0.13194,0.12184,0.1245,594604.69715628,1694923199999
1694923200000,0.12458,0.1256,0.11929,0.11939,969399.60893608,1694937599999
1694937600000,0.11932,0.12143,0.11906,0.11969,889411.24322769,1694951999999
1694952000000,0.11997,0.12036,0.1168,0.11791,797307.1538589,1694966399999
1694966400000,0.11821,0.11821,0.11521,0.11639,928179.53060821,1694980799999
1694980800000,0.1163,0.11643,0.11414,0.11461,401909.24550544,1694995199999
1694995200000,0.11466,0.11508,0.11263,0.11402,31534.83559985,1695009599999
1695009600000,0.11436,0.11656,0.11368,0.1152,544270.91251105,1695023999999
1695024000000,0.11547,0.11776,0.11438,0.11685,503644.67744069,1695038399999
1695038400000,0.11691,0.11957,0.1155,0.11744,522986.0967164,1695052799999
1695052800000,0.11785,0.11796,0.11516,0.11648,317082.92335561,1695067199999
1695067200000,0.11558,0.11692,0.11544,0.11544,144039.96395665,1695081599999
1695081600000,0.11544,0.11544,0.11397,0.11482,102759.72846905,1695095999999
1695096000000,0.11494,0.11749,0.11494,0.11592,20553.43945018,1695110399999
1695110400000,0.11608,0.11832,0.11608,0.11707,711433.18683937,1695124799999
1695124800000,0.117,0.1171,0.11541,0.11679,152087.91771933,1695139199999
1695139200000,0.11652,0.11754,0.11615,0.11702,156579.42611461,1695153599999
1695153600000,0.11732,0.11813,0.11662,0.11737,682923.52929437,1695167999999
1695168000000,0.11713,0.1225,0.11713,0.11741,414356.72538013,1695182399999
1695182400000,0.11755,0.11916,0.1161,0.11841,318198.19219683,1695196799999
1695196800000,0.11805,0.12152,0.11645,0.117,1273796.94910499,1695211199999
1695211200000,0.11714,0.11715,0.11401,0.11601,321893.29034591,1695225599999
1695225600000,0.11594,0.11644,0.11381,0.11521,281607.66045843,1695239999999
1695240000000,0.11547,0.11714,0.11547,0.11667,242272.9030219,1695254399999
1695254400000,0.11768,0.1223,0.11768,0.11933,783378.55423425,1695268799999
1695268800000,0.11961,0.12002,0.11683,0.11752,446750.07290545,1695283199999
1695283200000,0.11674,0.1173,0.11391,0.11474,220964.82895827,1695297599999
1695297600000,0.11456,0.11535,0.11407,0.11452,495505.50752899,1695311999999
1695312000000,0.11497,0.11588,0.11421,0.11543,587106.41520584,1695326399999
1695326400000,0.11518,0.1156,0.11442,0.1154,106649.67214532,1695340799999
1695340800000,0.11614,0.11678,0.11505,0.11678,8771.54373882,1695355199999
1695355200000,0.1169,0.1169,0.11484,0.11543,33420.38168032,1695369599999
1695369600000,0.11546,0.1158,0.11501,0.11549,111108.46086147,1695383999999
1695384000000,0.11601,0.11601,0.11461,0.11474,65373.63812002,1695398399999
1695398400000,0.11451,0.11664,0.11446,0.11603,192441.80461462,1695412799999
1695412800000,0.11577,0.11658,0.11499,0.11649,62925.55933889,1695427199999
1695427200000,0.11657,0.11657,0.11488,0.11488,4624.14720988,1695441599999
1695441600000,0.11477,0.11553,0.11402,0.11445,167916.38358241,1695455999999
1695456000000,0.1146,0.11516,0.11408,0.11408,33949.74940571,1695470399999
1695470400000,0.11463,0.11473,0.11334,0.11365,185459.53644743,1695484799999
1695484800000,0.11351,0.1143,0.11286,0.11402,32094.05245154,1695499199999
1695499200000,0.11402,0.11463,0.11349,0.11463,108533.17592888,1695513599999
1695513600000,0.114,0.11421,0.11339,0.11391,90033.58646491,1695527999999
1695528000000,0.11327,0.11384,0.11283,0.11285,23022.73920389,1695542399999
1695542400000,0.11324,0.11358,0.113,0.11338,29182.22007841,1695556799999
1695556800000,0.11306,0.11511,0.11305,0.11383,94345.24202779,1695571199999
1695571200000,0.11375,0.11397,0.11055,0.11136,152276.85175032,1695585599999
1695585600000,0.11103,0.11224,0.11098,0.11216,43406.45509763,1695599999999
1695600000000,0.1106,0.11179,0.11,0.11138,185489.3593156,1695614399999
1695614400000,0.11079,0.11094,0.10936,0.11034,455318.55940763,1695628799999
1695628800000,0.11032,0.11077,0.10946,0.11023,90017.69438166,1695643199999
1695643200000,0.11015,0.11256,0.1099,0.11203,125190.00229541,1695657599999
1695657600000,0.11274,0.11289,0.11143,0.11204,135663.18251832,1695671999999
1695672000000,0.11241,0.11244,0.11121,0.11205,201683.60274172,1695686399999
1695686400000,0.11182,0.11213,0.11129,0.11213,21766.01680254,1695700799999
1695700800000,0.1116,0.11231,0.11117,0.11153,98948.46291588,1695715199999
1695715200000,0.11123,0.11151,0.11001,0.11086,59781.94987218,1695729599999
1695729600000,0.11086,0.11097,0.10978,0.11013,66391.20063944,1695743999999
1695744000000,0.11034,0.11097,0.10992,0.11085,138116.98268924,1695758399999
1695758400000,0.11124,0.11136,0.11034,0.11085,15102.18088617,1695772799999
1695772800000,0.11087,0.11087,0.11052,0.11058,9174.98161584,1695787199999
1695787200000,0.11022,0.11076,0.10955,0.10999,30369.69707861,1695801599999
1695801600000,0.11017,0.11248,0.10963,0.11241,136716.90226119,1695815999999
1695816000000,0.11211,0.11246,0.10969,0.11056,179819.37353745,1695830399999
1695830400000,0.11003,0.11108,0.10991,0.1103,80144.09677198,1695844799999
1695844800000,0.11075,0.11075,0.10986,0.11069,45835.79816396,1695859199999
1695859200000,0.11123,0.11123,0.11075,0.11089,7496.97599069,1695873599999
1695873600000,0.11038,0.11168,0.11034,0.11125,112396.66310439,1695887999999
1695888000000,0.11143,0.11288,0.11085,0.11157,70712.35738226,1695902399999
1695902400000,0.11137,0.1132,0.11079,0.11234,536710.9068335,1695916799999
1695916800000,0.11323,0.11441,0.11256,0.113,119751.82708038,1695931199999
1695931200000,0.11318,0.11383,0.11244,0.11272,327644.06870645,1695945599999
1695945600000,0.11198,0.11268,0.11167,0.11264,10740.09371324,1695959999999
1695960000000,0.11295,0.11431,0.11221,0.11405,57371.35870597,1695974399999
1695974400000,0.11401,0.11624,0.11264,0.11527,135560.09880069,1695988799999
1695988800000,0.11483,0.11483,0.11264,0.114,338377.3951587,1696003199999
1696003200000,0.11392,0.11497,0.11298,0.11378,161938.90933731,1696017599999
1696017600000,0.11374,0.11417,0.11314,0.11355,264512.75286132,1696031999999
1696032000000,0.11353,0.11353,0.1129,0.11303,41358.75228973,1696046399999
1696046400000,0.11268,0.1134,0.11247,0.11303,111710.68583761,1696060799999
1696060800000,0.11285,0.11356,0.11226,0.11255,210254.77467808,1696075199999
1696075200000,0.11297,0.11469,0.11257,0.11396,131318.83605704,1696089599999
1696089600000,0.11396,0.11396,0.11313,0.11368,134472.03774933,1696103999999
1696104000000,0.11333,0.1138,0.11271,0.11325,284999.40456558,1696118399999
1696118400000,0.11366,0.11432,0.11366,0.11409,26547.87088016,1696132799999
1696132800000,0.11376,0.11649,0.11376,0.11488,157577.51559823,1696147199999
1696147200000,0.11519,0.1165,0.1144,0.1161,253845.89493653,1696161599999
1696161600000,0.11554,0.11649,0.115,0.11603,167912.38520287,1696175999999
1696176000000,0.11599,0.11622,0.11528,0.11582,148879.93616909,1696190399999
1696190400000,0.11609,0.11959,0.11609,0.11745,289958.2428314,1696204799999
1696204800000,0.11746,0.11894,0.11677,0.11894,10832.49606971,1696219199999
1696219200000,0.11888,0.11935,0.11719,0.11886,422760.11981578,1696233599999
1696233600000,0.11837,0.11929,0.11676,0.11679,275127.78410129,1696247999999
1696248000000,0.11663,0.11732,0.11425,0.11511,159374.73100282,1696262399999
1696262400000,0.11493,0.11544,0.1125,0.11454,274345.32895711,1696276799999
1696276800000,0.11426,0.11475,0.11322,0.1139,69509.28118712,1696291199999
1696291200000,0.11408,0.11465,0.11378,0.11437,18846.27702075,1696305599999
1696305600000,0.11439,0.11486,0.11396,0.11427,47941.05611625,1696319999999
1696320000000,0.11397,0.11579,0.11361,0.11381,209601.86662767,1696334399999
1696334400000,0.113,0.11371,0.11183,0.11281,111190.74412417,1696348799999
1696348800000,0.11268,0.11279,0.1116,0.11205,103628.72860109,1696363199999
1696363200000,0.11179,0.1122,0.11049,0.11049,14467.13206808,1696377599999
1696377600000,0.11005,0.11033,0.10612,0.10968,31834.11395108,1696391999999
1696392000000,0.1091,0.11039,0.1088,0.10995,98761.02740904,1696406399999
1696406400000,0.10995,0.11053,0.10932,0.10988,29696.74268887,1696420799999
1696420800000,0.10968,0.11001,0.10829,0.10829,73599.17967774,1696435199999
1696435200000,0.10855,0.10974,0.1085,0.10932,170111.56355765,1696449599999
1696449600000,0.10948,0.11018,0.10948,0.11018,9878.99612548,1696463999999
1696464000000,0.11073,0.11122,0.10981,0.10995,36523.73404077,1696478399999
1696478400000,0.11044,0.11112,0.10976,0.11022,68319.74706087,1696492799999
1696492800000,0.11031,0.11138,0.11017,0.11094,137826.55491139,1696507199999
1696507200000,0.11054,0.11239,0.10989,0.11052,38048.91258026,1696521599999
1696521600000,0.10992,0.11066,0.10936,0.11013,133308.82584283,1696535999999
1696536000000,0.11041,0.11138,0.11008,0.11111,118715.56359375,1696550399999
1696550400000,0.11009,0.1107,0.10987,0.11028,17921.78579072,1696564799999
1696564800000,0.11028,0.11066,0.10933,0.10933,116883.23148594,1696579199999
1696579200000,0.10962,0.10986,0.10917,0.10935,23214.01367831,1696593599999
1696593600000,0.10952,0.11066,0.10952,0.11022,29716.61247474,1696607999999
1696608000000,0.11035,0.11085,0.10974,0.1102,15456.07937901,1696622399999
1696622400000,0.11019,0.11124,0.10975,0.11035,46506.1459588,1696636799999
1696636800000,0.11067,0.11092,0.11049,0.11067,531.16287449,1696651199999
1696651200000,0.11103,0.11139,0.10997,0.10997,3116.17152178,1696665599999
1696665600000,0.10989,0.1109,0.10984,0.11028,52660.46606985,1696679999999
1696680000000,0.11001,0.11088,0.10985,0.10985,63341.60368638,1696694399999
1696694400000,0.11041,0.11082,0.10932,0.10936,84393.90057232,1696708799999
1696708800000,0.10911,0.11038,0.10911,0.11037,50707.95312948,1696723199999
1696723200000,0.11001,0.11001,0.11001,0.11001,8963.1,1696737599999
1696737600000,0.11015,0.11015,0.109,0.10918,20433.65081168,1696751999999
1696752000000,0.109,0.10956,0.10804,0.10868,49456.84623497,1696766399999
1696766400000,0.10829,0.1096,0.10814,0.10884,30494.09671639,1696780799999
1696780800000,0.10886,0.10973,0.10866,0.1095,287499.53758392,1696795199999
1696795200000,0.10946,0.10989,0.10908,0.10958,27154.69971,1696809599999
1696809600000,0.10913,0.10951,0.10913,0.10951,2828.75051296,1696823999999
1696824000000,0.10971,0.10971,0.10808,0.10852,65905.67753746,1696838399999
1696838400000,0.10852,0.10852,0.10203,0.10279,176095.47254577,1696852799999
1696852800000,0.10327,0.10376,0.10281,0.10293,107587.87914416,1696867199999
1696867200000,0.10309,0.10309,0.10176,0.10305,47001.01621081,1696881599999
1696881600000,0.10307,0.10339,0.10214,0.10329,26738.54997949,1696895999999
1696896000000,0.10329,0.10337,0.10301,0.10337,5864.17245849,1696910399999
1696910400000,0.10211,0.10304,0.10211,0.10285,8958.65954083,1696924799999
1696924800000,0.10278,0.10278,0.10181,0.1019,61960.76708766,1696939199999
1696939200000,0.10159,0.10159,0.1,0.1,45794.00149131,1696953599999
1696953600000,0.1,0.10133,0.0999,0.10034,42405.18622026,1696967999999
1696968000000,0.10066,0.10081,0.09857,0.099576,161724.05413569,1696982399999
1696982400000,0.09956,0.10063,0.096054,0.096605,69319.9319732,1696996799999
1696996800000,0.096933,0.097541,0.0956,0.09617,315315.22119689,1697011199999
1697011200000,0.096455,0.098543,0.09614,0.097845,78218.41709635,1697025599999
1697025600000,0.097574,0.098114,0.095684,0.095936,37713.62483,1697039999999
1697040000000,0.095508,0.09643,0.094746,0.09643,99200.02808405,1697054399999
1697054400000,0.096195,0.096748,0.095915,0.096748,36828.37693676,1697068799999
1697068800000,0.096345,0.097214,0.096129,0.097214,4066.0832399,1697083199999
1697083200000,0.097623,0.097856,0.096666,0.097453,47813.07989718,1697097599999
1697097600000,0.096988,0.097313,0.095947,0.096749,15580.23403804,1697111999999
1697112000000,0.096783,0.097461,0.096292,0.096784,76418.02260378,1697126399999
1697126400000,0.096912,0.096912,0.095781,0.096747,13956.64965971,1697140799999
1697140800000,0.096579,0.097085,0.096377,0.096453,7005.78710662,1697155199999
1697155200000,0.097709,0.097709,0.09726,0.09726,770.57345791,1697169599999
1697169600000,0.096766,0.09768,0.096688,0.097295,11413.90534789,1697183999999
1697184000000,0.097506,0.098444,0.097216,0.098402,89924.17406388,1697198399999
1697198400000,0.098415,0.099112,0.098084,0.098656,56341.84657568,1697212799999
1697212800000,0.098681,0.099248,0.097751,0.097751,74662.76547735,1697227199999
1697227200000,0.097842,0.099753,0.0977,0.098605,46553.16806657,1697241599999
1697241600000,0.099012,0.099484,0.098991,0.098991,4432.93967042,1697255999999
1697256000000,0.099169,0.099169,0.098085,0.098942,52147.6871668,1697270399999
1697270400000,0.099074,0.099074,0.097475,0.097824,258229.20029874,1697284799999
1697284800000,0.098127,0.098301,0.097457,0.09822,16835.35409307,1697299199999
1697299200000,0.098302,0.098426,0.09773,0.09812,180497.36364208,1697313599999
1697313600000,0.098247,0.098439,0.097636,0.097636,134630.95872814,1697327999999
1697328000000,0.098087,0.098087,0.09749,0.097917,5636.7955797,1697342399999
1697342400000,0.097909,0.098372,0.097184,0.097823,281705.05331593,1697356799999
1697356800000,0.097986,0.098447,0.097533,0.098096,157166.82451234,1697371199999
1697371200000,0.097717,0.098488,0.09708,0.097455,123713.66309523,1697385599999
1697385600000,0.097234,0.09834,0.09648,0.097853,116422.1444952,1697399999999
1697400000000,0.097891,0.098472,0.097727,0.097727,21435.12076092,1697414399999
1697414400000,0.098114,0.098542,0.09808,0.098118,83609.97929881,1697428799999
1697428800000,0.0981,0.10044,0.0981,0.099679,66814.88235769,1697443199999
1697443200000,0.09932,0.10035,0.09814,0.09814,174781.36705387,1697457599999
1697457600000,0.098013,0.1014,0.09744,0.09744,47059.32341229,1697471999999
1697472000000,0.097851,0.09831,0.097259,0.097586,36171.91778171,1697486399999
1697486400000,0.097898,0.098374,0.097202,0.098374,30481.39466193,1697500799999
1697500800000,0.098144,0.09826,0.09678,0.09678,16911.3747637,1697515199999
1697515200000,0.097013,0.09746,0.0967,0.096893,66129.72525882,1697529599999
1697529600000,0.097249,0.097862,0.096413,0.096413,270306.12470326,1697543999999
1697544000000,0.096624,0.096748,0.092,0.094127,169796.76458949,1697558399999
1697558400000,0.0938,0.094336,0.092946,0.093306,255126.52894722,1697572799999
1697572800000,0.093753,0.094112,0.093628,0.094112,23971.2724723,1697587199999
1697587200000,0.094175,0.095125,0.094127,0.094416,38180.52767972,1697601599999
1697601600000,0.095105,0.095396,0.094731,0.09496,20057.74601857,1697615999999
1697616000000,0.094826,0.094826,0.093939,0.093983,11953.87073716,1697630399999
1697630400000,0.093969,0.09467,0.092748,0.09459,91046.40519702,1697644799999
1697644800000,0.094748,0.10627,0.094748,0.10102,5687104.6007081,1697659199999
1697659200000,0.10062,0.1014,0.096602,0.0982,364664.27525635,1697673599999
1697673600000,0.095943,0.095943,0.091609,0.091985,93420.6707103,1697687999999
1697688000000,0.092448,0.092448,0.090037,0.090287,289633.96241961,1697702399999
1697702400000,0.090939,0.092115,0.089591,0.090643,370631.92912158,1697716799999
1697716800000,0.09098,0.092316,0.090273,0.090883,684440.76172022,1697731199999
1697731200000,0.090851,0.091852,0.089909,0.091173,423874.24333034,1697745599999
1697745600000,0.091452,0.09177,0.090101,0.09177,283875.17932991,1697759999999
1697760000000,0.091,0.092658,0.090724,0.092039,38860.94792509,1697774399999
1697774400000,0.091975,0.095515,0.091778,0.093392,189971.01939923,1697788799999
1697788800000,0.093575,0.095656,0.093258,0.094422,365410.61528361,1697803199999
1697803200000,0.094,0.094942,0.093706,0.09419,62945.61963556,1697817599999
1697817600000,0.093849,0.094846,0.093264,0.094004,93082.06238484,1697831999999
1697832000000,0.094644,0.094793,0.093859,0.093859,74566.01671279,1697846399999
1697846400000,0.093467,0.093829,0.093411,0.093829,8628.34954326,1697860799999
1697860800000,0.094035,0.095426,0.094035,0.095426,30275.22090185,1697875199999
1697875200000,0.094931,0.096605,0.093932,0.095834,60011.32805439,1697889599999
1697889600000,0.095833,0.098227,0.094894,0.097255,197064.81303904,1697903999999
1697904000000,0.097658,0.098479,0.097325,0.097961,135807.81318573,1697918399999
1697918400000,0.097413,0.098052,0.096989,0.097257,20518.57424311,1697932799999
1697932800000,0.097125,0.101,0.097125,0.098582,311928.19546814,1697947199999
1697947200000,0.10001,0.10002,0.096704,0.097861,175877.95952255,1697961599999
1697961600000,0.098204,0.099231,0.09725,0.097678,358350.24412754,1697975999999
1697976000000,0.097724,0.098097,0.096418,0.096602,169245.59369138,1697990399999
1697990400000,0.096726,0.09761,0.096572,0.09761,125355.78742668,1698004799999
1698004800000,0.097402,0.099356,0.096938,0.099201,53788.56193897,1698019199999
1698019200000,0.098468,0.10164,0.098468,0.10071,44605.58702147,1698033599999
1698033600000,0.10082,0.10082,0.098209,0.098258,63285.56595037,1698047999999
1698048000000,0.098321,0.099241,0.09755,0.099182,457437.94033715,1698062399999
1698062400000,0.099258,0.099258,0.097973,0.098627,48714.64840396,1698076799999
1698076800000,0.09817,0.10026,0.097856,0.10026,118872.57644627,1698091199999
1698091200000,0.099331,0.10338,0.099278,0.10174,421001.47714078,1698105599999
1698105600000,0.10242,0.10567,0.10167,0.10419,174958.19986845,1698119999999
1698120000000,0.10258,0.10497,0.099178,0.10249,196607.54708996,1698134399999
1698134400000,0.10251,0.10605,0.10251,0.10558,194774.71347898,1698148799999
1698148800000,0.10606,0.10747,0.0995,0.10101,598976.83663178,1698163199999
1698163200000,0.1009,0.1039,0.10061,0.10295,323534.23412696,1698177599999
1698177600000,0.10308,0.10432,0.10161,0.10429,55388.1774487,1698191999999
1698192000000,0.10463,0.10537,0.1019,0.10243,43642.43752292,1698206399999
1698206400000,0.10233,0.10742,0.10139,0.10238,267607.65600703,1698220799999
1698220800000,0.10196,0.10394,0.10159,0.10268,51684.35653009,1698235199999
1698235200000,0.10338,0.10983,0.10334,0.10719,252806.08299364,1698249599999
1698249600000,0.10767,0.11129,0.1051,0.1066,208151.49342668,1698263999999
1698264000000,0.10653,0.107,0.10487,0.107,126882.88954772,1698278399999
1698278400000,0.10661,0.10702,0.10548,0.10701,18819.34842798,1698292799999
1698292800000,0.10714,0.10884,0.10525,0.10848,50922.51163649,1698307199999
1698307200000,0.10859,0.10931,0.10497,0.10554,91922.66269335,1698321599999
1698321600000,0.10573,0.1064,0.099062,0.10167,117947.39986997,1698335999999
1698336000000,0.10226,0.10277,0.10096,0.10268,36752.14783672,1698350399999
1698350400000,0.10246,0.10367,0.10245,0.10312,20305.82713495,1698364799999
1698364800000,0.10242,0.10242,0.099743,0.10111,22429.3593214,1698379199999
1698379200000,0.10078,0.10182,0.09972,0.10052,19880.31915011,1698393599999
1698393600000,0.10092,0.10147,0.09977,0.10041,191899.50024592,1698407999999
1698408000000,0.10046,0.10221,0.099771,0.1005,235845.2508695,1698422399999
1698422400000,0.10099,0.10138,0.098897,0.10021,144035.28620239,1698436799999
1698436800000,0.10005,0.10104,0.10005,0.10058,92047.38670576,1698451199999
1698451200000,0.10155,0.10159,0.10137,0.10158,6095.12723271,1698465599999
1698465600000,0.10277,0.10554,0.10249,0.10447,54371.94611354,1698479999999
1698480000000,0.10499,0.10523,0.10329,0.10353,75699.96435337,1698494399999
1698494400000,0.10412,0.10426,0.1021,0.10426,223569.51787889,1698508799999
1698508800000,0.10398,0.10447,0.10333,0.10333,16647.75186869,1698523199999
1698523200000,0.10402,0.10468,0.10388,0.10433,61431.27336203,1698537599999
1698537600000,0.10406,0.10439,0.1023,0.10322,25027.03445885,1698551999999
1698552000000,0.10256,0.10465,0.10256,0.10465,12662.20430015,1698566399999
1698566400000,0.10498,0.10552,0.10424,0.10506,40713.34826677,1698580799999
1698580800000,0.10553,0.106,0.10477,0.10498,200384.97110308,1698595199999
1698595200000,0.10536,0.10599,0.10454,0.10527,11551.73520172,1698609599999
1698609600000,0.10546,0.10653,0.10496,0.10562,108838.52574565,1698623999999
1698624000000,0.10509,0.1055,0.10461,0.10465,10505.34258895,1698638399999
1698638400000,0.10492,0.10508,0.10375,0.10422,15180.27884372,1698652799999
1698652800000,0.10453,0.10666,0.10404,0.10666,71543.41936489,1698667199999
1698667200000,0.10654,0.10791,0.10536,0.10545,285288.75498787,1698681599999
1698681600000,0.10572,0.10625,0.10384,0.10556,196321.80130637,1698695999999
1698696000000,0.10563,0.107,0.10546,0.10628,29450.8706912,1698710399999
1698710400000,0.107,0.10906,0.107,0.10762,38863.20829319,1698724799999
1698724800000,0.10861,0.10923,0.10534,0.10545,188793.5395516,1698739199999
1698739200000,0.10567,0.10995,0.10493,0.10835,228093.47924559,1698753599999
1698753600000,0.10875,0.10875,0.10068,0.10272,221973.56919808,1698767999999
1698768000000,0.10334,0.10506,0.10333,0.1048,145995.86170826,1698782399999
1698782400000,0.10466,0.10571,0.10466,0.10499,131966.85310999,1698796799999
1698796800000,0.10661,0.10661,0.10496,0.10496,534.3885371,1698811199999
1698811200000,0.10462,0.10533,0.10261,0.10418,98500.87371071,1698825599999
1698825600000,0.103,0.10439,0.10225,0.10309,202389.5776353,1698839999999
1698840000000,0.10256,0.10547,0.10086,0.10216,106489.94752504,1698854399999
1698854400000,0.1021,0.10714,0.10199,0.10626,287238.32604846,1698868799999
1698868800000,0.10652,0.1098,0.10652,0.1098,251624.9266743,1698883199999
1698883200000,0.10983,0.11085,0.10879,0.10992,28722.15059771,1698897599999
1698897600000,0.10979,0.10979,0.10679,0.10735,111643.86366501,1698911999999
1698912000000,0.10741,0.10806,0.1068,0.10758,128215.05331633,1698926399999
1698926400000,0.10742,0.10803,0.10321,0.10333,442524.56169586,1698940799999
1698940800000,0.10376,0.10436,0.10244,0.10416,38605.3161026,1698955199999
1698955200000,0.10469,0.10476,0.10352,0.10412,31651.8695225,1698969599999
1698969600000,0.10388,0.10388,0.10117,0.10257,43776.49919437,1698983999999
1698984000000,0.10117,0.10227,0.10117,0.10145,25405.29363723,1698998399999
1698998400000,0.10255,0.10255,0.10022,0.10105,69616.05606449,1699012799999
1699012800000,0.10076,0.10317,0.10076,0.10298,42501.23488787,1699027199999
1699027200000,0.10238,0.10244,0.10118,0.10206,45234.59265099,1699041599999
1699041600000,0.10263,0.10364,0.10228,0.10338,147844.12634025,1699055999999
1699056000000,0.10462,0.10477,0.10328,0.10417,49939.59429989,1699070399999
1699070400000,0.10295,0.10463,0.1029,0.10446,21048.55150043,1699084799999
1699084800000,0.10392,0.10543,0.10381,0.10457,122560.87212533,1699099199999
1699099200000,0.10429,0.10477,0.10206,0.10355,103089.42680341,1699113599999
1699113600000,0.10396,0.10585,0.1034,0.1056,104927.58476395,1699127999999
1699128000000,0.10552,0.10849,0.10495,0.10696,148747.32004937,1699142399999
1699142400000,0.10725,0.11441,0.10721,0.1109,488207.1329393,1699156799999
1699156800000,0.11096,0.11096,0.10815,0.11033,48297.0550884,1699171199999
1699171200000,0.11032,0.11058,0.10839,0.10943,69957.69953461,1699185599999
1699185600000,0.10943,0.11114,0.10593,0.10832,268361.34834317,1699199999999
1699200000000,0.10793,0.10893,0.10767,0.10848,138719.03312988,1699214399999
1699214400000,0.10939,0.10983,0.10695,0.10983,68066.22978279,1699228799999
1699228800000,0.11061,0.11216,0.10991,0.11129,67776.74876817,1699243199999
1699243200000,0.10999,0.11109,0.10875,0.11029,12065.28385315,1699257599999
1699257600000,0.1105,0.1125,0.11003,0.11127,113674.35478141,1699271999999
1699272000000,0.11184,0.11584,0.11119,0.11332,275210.09650019,1699286399999
1699286400000,0.11347,0.11573,0.11265,0.11549,70136.20760548,1699300799999
1699300800000,0.11595,0.11744,0.11439,0.11708,144980.70199234,1699315199999
1699315200000,0.11688,0.11753,0.11343,0.11343,76094.18818631,1699329599999
1699329600000,0.11286,0.11589,0.11286,0.1145,27917.58286429,1699343999999
1699344000000,0.11521,0.11521,0.11134,0.11282,427313.44723543,1699358399999
1699358400000,0.1122,0.11324,0.1103,0.111,163156.79814755,1699372799999
1699372800000,0.11105,0.11399,0.10925,0.11309,97798.99672518,1699387199999
1699387200000,0.11378,0.11484,0.11273,0.11313,92911.36713009,1699401599999
1699401600000,0.11282,0.11419,0.11228,0.11307,52473.09283711,1699415999999
1699416000000,0.11235,0.11391,0.112,0.11354,49449.91897284,1699430399999
1699430400000,0.11459,0.11552,0.11392,0.11551,25444.87287025,1699444799999
1699444800000,0.11523,0.12115,0.11466,0.11974,568847.79451598,1699459199999
1699459200000,0.11935,0.12076,0.11855,0.11874,265352.92371848,1699473599999
1699473600000,0.11862,0.12002,0.11854,0.11966,161662.80953347,1699487999999
1699488000000,0.1178,0.12216,0.11759,0.11951,100204.58225875,1699502399999
1699502400000,0.12056,0.12162,0.11917,0.11966,49477.74173708,1699516799999
1699516800000,0.1202,0.12161,0.11754,0.11837,53825.94365103,1699531199999
1699531200000,0.11877,0.12112,0.11759,0.11802,160209.72085745,1699545599999
1699545600000,0.11781,0.1184,0.1,0.11223,797563.03672493,1699559999999
1699560000000,0.11188,0.11644,0.10982,0.11644,97485.89556373,1699574399999
1699574400000,0.11589,0.11661,0.11492,0.11492,51881.18521096,1699588799999
1699588800000,0.11569,0.11668,0.11376,0.11435,113978.29779893,1699603199999
1699603200000,0.11373,0.11522,0.11273,0.11515,68220.44696139,1699617599999
1699617600000,0.114,0.11543,0.11174,0.11291,332451.48148597,1699631999999
1699632000000,0.11313,0.118,0.11313,0.11786,345065.01276486,1699646399999
1699646400000,0.11763,0.12494,0.11723,0.12072,1105680.3437816,1699660799999
1699660800000,0.12021,0.1239,0.1188,0.1194,128906.47116512,1699675199999
1699675200000,0.11913,0.11996,0.11705,0.11856,125576.34328884,1699689599999
1699689600000,0.11825,0.12073,0.11775,0.12069,114653.69730529,1699703999999
1699704000000,0.12014,0.12283,0.11988,0.12053,98234.18295079,1699718399999
1699718400000,0.12126,0.1267,0.12126,0.1248,202508.96366279,1699732799999
1699732800000,0.1253,0.12826,0.12241,0.12296,688466.96778347,1699747199999
1699747200000,0.12425,0.12461,0.11921,0.12225,150340.99493109,1699761599999
1699761600000,0.12118,0.12427,0.12118,0.12427,45102.83595195,1699775999999
1699776000000,0.12426,0.12539,0.12246,0.12502,169815.27688235,1699790399999
1699790400000,0.12416,0.12634,0.12188,0.12264,116778.20127283,1699804799999
1699804800000,0.12278,0.12278,0.12067,0.12135,154050.22163658,1699819199999
1699819200000,0.12191,0.12611,0.1217,0.12343,397416.3705956,1699833599999
1699833600000,0.12275,0.12892,0.12275,0.12392,137756.81295753,1699847999999
1699848000000,0.12414,0.1378,0.12279,0.13536,364500.91556442,1699862399999
1699862400000,0.13605,0.14832,0.13152,0.13448,6141273.50608117,1699876799999
1699876800000,0.13404,0.14,0.1314,0.13975,1607354.75369828,1699891199999
1699891200000,0.13979,0.145,0.13481,0.14265,1823328.2159999,1699905599999
1699905600000,0.14307,0.14309,0.13361,0.13803,1314546.69945556,1699919999999
1699920000000,0.13554,0.145,0.13212,0.13927,1276263.0292587,1699934399999
1699934400000,0.14017,0.1598,0.1392,0.1488,3391155.62031833,1699948799999
1699948800000,0.14985,0.15137,0.13795,0.13948,1256185.12966981,1699963199999
1699963200000,0.13979,0.1413,0.13937,0.14097,23991.88365533,1699977599999
1699977600000,0.14139,0.14383,0.12934,0.13496,1143849.22351736,1699991999999
1699992000000,0.13516,0.14142,0.13516,0.13902,515299.43521998,1700006399999
1700006400000,0.13884,0.14064,0.13153,0.13172,47802.95253738,1700020799999
1700020800000,0.13213,0.13518,0.13213,0.13458,434156.01314586,1700035199999
1700035200000,0.13534,0.13916,0.13478,0.13874,253277.45426721,1700049599999
1700049600000,0.13886,0.15569,0.13464,0.14429,2764442.21195058,1700063999999
1700064000000,0.144,0.14832,0.14198,0.14552,730918.73943442,1700078399999
1700078400000,0.14557,0.14879,0.14411,0.14879,511167.28064811,1700092799999
1700092800000,0.14899,0.16175,0.14847,0.15441,1206102.50309191,1700107199999
1700107200000,0.15558,0.16032,0.15375,0.15686,1032537.94750256,1700121599999
1700121600000,0.1576,0.15836,0.14991,0.15036,535136.82906455,1700135999999
1700136000000,0.14909,0.15005,0.14045,0.14196,693631.51551017,1700150399999
1700150400000,0.14237,0.1457,0.13708,0.14189,297984.71995855,1700164799999
1700164800000,0.14137,0.14234,0.13735,0.13926,187207.34605128,1700179199999
1700179200000,0.1387,0.14421,0.1387,0.14159,429764.1008469,1700193599999
1700193600000,0.14042,0.14319,0.13969,0.13996,223819.15411326,1700207999999
1700208000000,0.14009,0.14106,0.13222,0.13248,211771.6806118,1700222399999
1700222400000,0.132,0.13429,0.12649,0.12651,457424.35692775,1700236799999
1700236800000,0.1266,0.13169,0.1266,0.13002,68921.97949588,1700251199999
1700251200000,0.1306,0.13233,0.12947,0.13208,37456.55762902,1700265599999
1700265600000,0.13469,0.13771,0.13015,0.13015,118598.23106519,1700279999999
1700280000000,0.13094,0.13117,0.1216,0.12639,203571.06316223,1700294399999
1700294400000,0.12696,0.12892,0.12664,0.127,60175.37307689,1700308799999
1700308800000,0.12706,0.12921,0.1262,0.12921,77274.33467923,1700323199999
1700323200000,0.12944,0.13012,0.12763,0.12886,160386.36197917,1700337599999
1700337600000,0.13024,0.13199,0.12907,0.13015,88505.35116441,1700351999999
1700352000000,0.12856,0.13418,0.12856,0.13161,120047.34292783,1700366399999
1700366400000,0.13103,0.13613,0.13103,0.13416,259137.1453963,1700380799999
1700380800000,0.13465,0.13508,0.1311,0.13165,361703.33111821,1700395199999
1700395200000,0.13165,0.13227,0.13032,0.1314,71592.95043573,1700409599999
1700409600000,0.1314,0.13446,0.13078,0.13409,99826.89277958,1700423999999
1700424000000,0.13422,0.13666,0.13314,0.13666,261870.32369397,1700438399999
1700438400000,0.13686,0.14533,0.13686,0.14467,287975.66174028,1700452799999
1700452800000,0.14533,0.14533,0.14111,0.14511,326125.0477826,1700467199999
1700467200000,0.14519,0.15021,0.14288,0.14783,1070937.02157674,1700481599999
1700481600000,0.14729,0.1544,0.14502,0.15246,1201678.95453746,1700495999999
1700496000000,0.15193,0.15294,0.14577,0.14592,1643210.88034741,1700510399999
1700510400000,0.14608,0.15011,0.14472,0.14994,742980.20824694,1700524799999
1700524800000,0.1502,0.1595,0.14674,0.15691,700602.07357449,1700539199999
1700539200000,0.15743,0.16926,0.15207,0.15207,2263875.25882652,1700553599999
1700553600000,0.15263,0.15378,0.14251,0.1429,831790.99688467,1700567999999
1700568000000,0.14305,0.14752,0.13976,0.14572,963592.39965424,1700582399999
1700582400000,0.14611,0.1532,0.14,0.14419,1063087.10646903,1700596799999
1700596800000,0.14443,0.14599,0.13385,0.13385,920909.37673962,1700611199999
1700611200000,0.13407,0.14204,0.13407,0.14203,538030.30091747,1700625599999
1700625600000,0.14231,0.14955,0.14131,0.14686,322855.95324193,1700639999999
1700640000000,0.14669,0.1512,0.14546,0.14833,176773.08914859,1700654399999
1700654400000,0.14799,0.16196,0.14799,0.15916,1309909.82403774,1700668799999
1700668800000,0.15963,0.16969,0.15799,0.16594,1842571.36399169,1700683199999
1700683200000,0.16526,0.16932,0.1602,0.16219,1605389.26622734,1700697599999
1700697600000,0.16248,0.19,0.16248,0.18093,2009951.45009943,1700711999999
1700712000000,0.18059,0.19274,0.18021,0.18655,2671898.61089883,1700726399999
1700726400000,0.18666,0.19243,0.17793,0.18087,2957484.90276012,1700740799999
1700740800000,0.18052,0.18853,0.17909,0.18252,1426660.72614839,1700755199999
1700755200000,0.18216,0.1888,0.18166,0.18448,970684.0839704,1700769599999
1700769600000,0.18404,0.18533,0.17979,0.18341,420424.51342747,1700783999999
1700784000000,0.18425,0.19415,0.18093,0.18355,1012574.0693581,1700798399999
1700798400000,0.1837,0.20996,0.17581,0.20672,2056037.64191211,1700812799999
1700812800000,0.20917,0.229,0.2038,0.22044,5039739.52989459,1700827199999
1700827200000,0.22073,0.22203,0.21409,0.21993,1836212.97263408,1700841599999
1700841600000,0.22046,0.22707,0.21769,0.21935,2744882.86787501,1700855999999
1700856000000,0.21976,0.23798,0.20873,0.22276,4336531.0144389,1700870399999
1700870400000,0.22215,0.23739,0.21936,0.23222,4822331.9091909,1700884799999
1700884800000,0.23305,0.23305,0.21055,0.21328,3012632.99886508,1700899199999
1700899200000,0.2143,0.21687,0.20059,0.20342,3368472.75901271,1700913599999
1700913600000,0.20354,0.21666,0.20341,0.2125,1658391.43178789,1700927999999
1700928000000,0.21243,0.21386,0.20956,0.21232,1085305.5419791,1700942399999
1700942400000,0.21251,0.21287,0.20539,0.20658,902689.3333381,1700956799999
1700956800000,0.20697,0.21846,0.19866,0.21398,1407920.96750934,1700971199999
1700971200000,0.21212,0.2142,0.20862,0.20934,798779.5206401,1700985599999
1700985600000,0.20844,0.21458,0.20397,0.20436,1412235.85203688,1700999999999
1701000000000,0.2046,0.208,0.19838,0.19988,1172988.89524274,1701014399999
1701014400000,0.20054,0.21178,0.196,0.20906,1534609.46606254,1701028799999
1701028800000,0.20798,0.21122,0.20509,0.2092,1032153.75303863,1701043199999
1701043200000,0.20779,0.21057,0.19934,0.2063,1251748.6378347,1701057599999
1701057600000,0.20571,0.2077,0.197,0.19766,532059.82231845,1701071999999
1701072000000,0.19922,0.20207,0.18818,0.19352,1283480.66008777,1701086399999
1701086400000,0.195,0.19717,0.18818,0.19176,509428.45841816,1701100799999
1701100800000,0.19229,0.2,0.19013,0.19366,593693.60458311,1701115199999
1701115200000,0.19342,0.21105,0.19197,0.20996,323922.70407987,1701129599999
1701129600000,0.20897,0.2125,0.20009,0.20143,434778.92769407,1701143999999
1701144000000,0.20223,0.20249,0.19651,0.19924,356905.93337401,1701158399999
1701158400000,0.19938,0.21124,0.19769,0.21052,1337970.68163522,1701172799999
1701172800000,0.21138,0.23957,0.20625,0.23813,3826211.48924765,1701187199999
1701187200000,0.23782,0.26389,0.23536,0.26169,6822637.7451889,1701201599999
1701201600000,0.26052,0.264,0.24803,0.25628,2301504.71013794,1701215999999
1701216000000,0.25665,0.26694,0.24955,0.25526,1015967.77175073,1701230399999
1701230400000,0.25796,0.41784,0.25531,0.32501,5433638.88946801,1701244799999
1701244800000,0.32975,0.34144,0.25242,0.25968,4132465.9218826,1701259199999
1701259200000,0.25924,0.26999,0.23491,0.23912,4375004.10006529,1701273599999
1701273600000,0.23964,0.24452,0.231,0.23497,2783091.59106997,1701287999999
1701288000000,0.23478,0.23531,0.22782,0.23071,1027500.49468956,1701302399999
1701302400000,0.23206,0.23206,0.21792,0.22329,464898.32658166,1701316799999
1701316800000,0.22278,0.22518,0.21106,0.21204,1601884.03160735,1701331199999
1701331200000,0.21158,0.22252,0.20642,0.21595,2864390.68182856,1701345599999
1701345600000,0.21617,0.21948,0.21179,0.2173,1367640.6643414,1701359999999
1701360000000,0.21727,0.22485,0.216,0.22107,1718411.59610153,1701374399999
1701374400000,0.2211,0.22313,0.21861,0.22065,1255141.81475683,1701388799999
1701388800000,0.21991,0.23773,0.2147,0.23417,930451.10591938,1701403199999
1701403200000,0.23374,0.24232,0.22649,0.22722,2334672.60473203,1701417599999
1701417600000,0.22814,0.23301,0.224,0.22418,1660139.5922347,1701431999999
1701432000000,0.22406,0.22583,0.21865,0.22251,1451812.37983716,1701446399999
1701446400000,0.22191,0.22654,0.22191,0.2263,802176.13957208,1701460799999
1701460800000,0.22698,0.231,0.22514,0.22827,660200.42802811,1701475199999
1701475200000,0.23152,0.2323,0.22458,0.22806,447010.99423053,1701489599999
1701489600000,0.22804,0.23142,0.22693,0.22693,367259.73964761,1701503999999
1701504000000,0.22692,0.23255,0.22594,0.23122,743563.20419442,1701518399999
1701518400000,0.23241,0.2433,0.22957,0.23318,1689588.71321839,1701532799999
1701532800000,0.23462,0.25281,0.2321,0.25021,2278497.43278699,1701547199999
1701547200000,0.25054,0.25886,0.24818,0.24873,1760251.66525707,1701561599999
1701561600000,0.249,0.255,0.24414,0.2451,324818.02327767,1701575999999
1701576000000,0.24716,0.26123,0.2443,0.26056,936360.96380849,1701590399999
1701590400000,0.2612,0.26678,0.25244,0.25552,3044943.11977188,1701604799999
1701604800000,0.25456,0.25668,0.239,0.24195,1495449.80355608,1701619199999
1701619200000,0.24234,0.24686,0.23955,0.24312,1149186.6988393,1701633599999
1701633600000,0.24287,0.25199,0.24282,0.2439,1015483.25863098,1701647999999
1701648000000,0.2427,0.28021,0.2427,0.27053,1170536.94580222,1701662399999
1701662400000,0.27096,0.27464,0.26228,0.27079,1564954.44415613,1701676799999
1701676800000,0.26994,0.27337,0.23844,0.26079,2788251.78653052,1701691199999
1701691200000,0.26146,0.2626,0.24886,0.24976,1040353.59241053,1701705599999
1701705600000,0.24903,0.25813,0.24611,0.25813,893406.28870208,1701719999999
1701720000000,0.25785,0.26197,0.24954,0.25219,935424.15008634,1701734399999
1701734400000,0.25147,0.2671,0.25,0.25724,259638.12626473,1701748799999
1701748800000,0.2569,0.29163,0.25316,0.27307,2804017.7748339,1701763199999
1701763200000,0.27501,0.27516,0.26509,0.27024,803828.31976813,1701777599999
1701777600000,0.271,0.27891,0.26227,0.27,2025520.80704669,1701791999999
1701792000000,0.2708,0.286,0.26913,0.27655,2249379.64100126,1701806399999
1701806400000,0.27661,0.29033,0.27561,0.28657,976981.66446965,1701820799999
1701820800000,0.28777,0.2925,0.27109,0.27394,779520.56454521,1701835199999
1701835200000,0.27473,0.28059,0.26954,0.26995,990372.76058321,1701849599999
1701849600000,0.27017,0.2777,0.25453,0.26243,1909629.19080902,1701863999999
1701864000000,0.26198,0.26604,0.25819,0.26332,1360915.56699589,1701878399999
1701878400000,0.26316,0.26639,0.26158,0.26267,911809.75319972,1701892799999
1701892800000,0.26381,0.26411,0.254,0.25497,671130.37025403,1701907199999
1701907200000,0.2544,0.2598,0.25067,0.2558,176389.87587954,1701921599999
1701921600000,0.2558,0.25791,0.24801,0.24978,728719.7353988,1701935999999
1701936000000,0.24951,0.25501,0.23923,0.2535,1570961.28594256,1701950399999
1701950400000,0.25312,0.2639,0.25093,0.25883,1107922.65855306,1701964799999
1701964800000,0.25848,0.25894,0.25201,0.2539,792325.46298698,1701979199999
1701979200000,0.25463,0.26276,0.25324,0.26219,268611.57873197,1701993599999
1701993600000,0.26153,0.2651,0.25586,0.25715,193141.30090544,1702007999999
1702008000000,0.25601,0.25941,0.25155,0.254,290460.87871748,1702022399999
1702022400000,0.25326,0.26187,0.25279,0.25988,608812.05215801,1702036799999
1702036800000,0.26017,0.26057,0.25568,0.25674,549861.90399452,1702051199999
1702051200000,0.25677,0.26175,0.25501,0.2605,405348.45420334,1702065599999
1702065600000,0.26072,0.26196,0.25884,0.26116,371422.75572717,1702079999999
1702080000000,0.26115,0.26411,0.2556,0.25721,192971.99534314,1702094399999
1702094400000,0.25729,0.25945,0.25519,0.25766,503602.17662507,1702108799999
1702108800000,0.25756,0.26019,0.25098,0.25456,1036482.70238169,1702123199999
1702123200000,0.25425,0.25813,0.25131,0.25543,410642.96622204,1702137599999
1702137600000,0.25568,0.25819,0.2509,0.25531,448918.29158473,1702151999999
1702152000000,0.25513,0.2571,0.24848,0.24982,131512.27549526,1702166399999
1702166400000,0.25032,0.2526,0.24372,0.2526,273499.07430572,1702180799999
1702180800000,0.25318,0.25501,0.24584,0.24789,861283.27666721,1702195199999
1702195200000,0.24692,0.24762,0.23692,0.24198,450120.26454345,1702209599999
1702209600000,0.24196,0.24577,0.24001,0.24447,243422.54328463,1702223999999
1702224000000,0.24463,0.24768,0.24258,0.24515,405293.40259369,1702238399999
1702238400000,0.24519,0.24857,0.244,0.24555,327646.60637157,1702252799999
1702252800000,0.24538,0.24645,0.204,0.2276,541579.98800785,1702267199999
1702267200000,0.22857,0.23024,0.22273,0.22552,420876.17791844,1702281599999
1702281600000,0.22591,0.22809,0.22317,0.22638,436683.691062,1702295999999
1702296000000,0.22652,0.22743,0.21947,0.22218,702488.05262996,1702310399999
1702310400000,0.22173,0.22434,0.21295,0.21835,627357.07084516,1702324799999
1702324800000,0.219,0.22304,0.21764,0.22255,219892.93284259,1702339199999
1702339200000,0.22195,0.23527,0.22195,0.23076,1373381.01383953,1702353599999
1702353600000,0.23105,0.23403,0.22462,0.23298,959208.94754646,1702367999999
1702368000000,0.233,0.23331,0.225,0.22503,511269.64604094,1702382399999
1702382400000,0.22515,0.2335,0.22149,0.22349,1221662.94787119,1702396799999
1702396800000,0.22346,0.2242,0.21663,0.22157,493999.20670119,1702411199999
1702411200000,0.22319,0.22499,0.21826,0.22394,492955.63682573,1702425599999
1702425600000,0.22395,0.22395,0.2075,0.2075,154522.8613856,1702439999999
1702440000000,0.20735,0.21047,0.20433,0.20798,552817.54459761,1702454399999
1702454400000,0.20841,0.21188,0.20775,0.2086,343378.81808181,1702468799999
1702468800000,0.20872,0.22146,0.20819,0.22146,579465.85687404,1702483199999
1702483200000,0.22142,0.22916,0.21818,0.22707,451695.29298392,1702497599999
1702497600000,0.22759,0.23734,0.22637,0.23124,1100321.27282516,1702511999999
1702512000000,0.2319,0.24122,0.22866,0.2306,230763.79988771,1702526399999
1702526400000,0.22977,0.23329,0.2269,0.23104,341331.00388141,1702540799999
1702540800000,0.23122,0.23722,0.23037,0.23517,998612.83526253,1702555199999
1702555200000,0.2345,0.23459,0.22056,0.22592,777639.29511124,1702569599999
1702569600000,0.22701,0.23831,0.22673,0.23002,408502.44960693,1702583999999
1702584000000,0.2302,0.23543,0.22835,0.23482,356181.23185083,1702598399999
1702598400000,0.23469,0.23473,0.225,0.22536,166297.52068164,1702612799999
1702612800000,0.22574,0.22595,0.2191,0.2191,210490.50613176,1702627199999
1702627200000,0.21975,0.2237,0.21898,0.22096,290588.15457283,1702641599999
1702641600000,0.22074,0.22127,0.21674,0.21806,280772.86506235,1702655999999
1702656000000,0.2194,0.222,0.21709,0.21999,526941.67009552,1702670399999
1702670400000,0.21994,0.22063,0.21243,0.21422,186018.65562228,1702684799999
1702684800000,0.21419,0.21936,0.2083,0.21745,251370.9105667,1702699199999
1702699200000,0.21791,0.21861,0.21458,0.21603,90993.81804373,1702713599999
1702713600000,0.21612,0.22402,0.21522,0.2214,274983.17846201,1702727999999
1702728000000,0.2229,0.22905,0.21982,0.22649,301747.76321865,1702742399999
1702742400000,0.22697,0.23426,0.22179,0.22212,748531.62633885,1702756799999
1702756800000,0.22267,0.22489,0.21667,0.2179,299182.28958781,1702771199999
1702771200000,0.21861,0.2207,0.21807,0.22057,9518.39028191,1702785599999
1702785600000,0.22119,0.22119,0.21267,0.21364,343510.47112833,1702799999999
1702800000000,0.21396,0.21813,0.21382,0.21726,310681.590372,1702814399999
1702814400000,0.21666,0.21808,0.21193,0.21614,402276.94468182,1702828799999
1702828800000,0.21547,0.2269,0.21401,0.22492,362001.06938207,1702843199999
1702843200000,0.22362,0.22425,0.21339,0.21451,279086.94861618,1702857599999
1702857600000,0.21413,0.21867,0.20896,0.21867,113030.61782355,1702871999999
1702872000000,0.2191,0.23109,0.21582,0.22411,928950.16768716,1702886399999
1702886400000,0.22438,0.22438,0.20277,0.21091,1122801.7043557,1702900799999
1702900800000,0.2107,0.21703,0.20629,0.21216,409903.17089737,1702915199999
1702915200000,0.21167,0.285,0.21062,0.24671,7671222.74033807,1702929599999
1702929600000,0.24722,0.27299,0.23901,0.26929,8193252.51639028,1702943999999
1702944000000,0.26876,0.3,0.26294,0.29246,3332414.6199744,1702958399999
1702958400000,0.29211,0.31657,0.28019,0.31267,4516718.66204966,1702972799999
1702972800000,0.31231,0.32203,0.29583,0.31821,6678309.19499109,1702987199999
1702987200000,0.31826,0.35,0.30572,0.33388,5557123.71097642,1703001599999
1703001600000,0.33324,0.351,0.31513,0.32905,6134159.15301023,1703015999999
1703016000000,0.32904,0.33392,0.32035,0.32446,2334491.2172633,1703030399999
1703030400000,0.326,0.33789,0.3078,0.31931,1333282.76700122,1703044799999
1703044800000,0.32261,0.36129,0.31291,0.33808,2098689.79757687,1703059199999
1703059200000,0.33847,0.3548,0.32691,0.3284,3252515.16982413,1703073599999
1703073600000,0.32844,0.335,0.31985,0.32562,2435781.25657852,1703087999999
1703088000000,0.32632,0.37376,0.3204,0.3602,3549850.69484293,1703102399999
1703102400000,0.36187,0.36501,0.34229,0.35191,2215589.87747143,1703116799999
1703116800000,0.3522,0.3555,0.3411,0.34769,675901.58398566,1703131199999
1703131200000,0.34803,0.37429,0.34803,0.36522,1919833.79651688,1703145599999
1703145600000,0.36476,0.38487,0.35898,0.36362,2633143.07951397,1703159999999
1703160000000,0.36385,0.36731,0.34422,0.34675,2209010.11542662,1703174399999
1703174400000,0.34684,0.35961,0.34019,0.3429,2503236.48044508,1703188799999
1703188800000,0.34259,0.35683,0.34,0.3417,1590571.77822278,1703203199999
1703203200000,0.34192,0.35392,0.3337,0.3348,551311.89399248,1703217599999
1703217600000,0.33558,0.33646,0.31521,0.31828,1233716.62075933,1703231999999
1703232000000,0.31906,0.32824,0.30808,0.3145,2138231.17897526,1703246399999
1703246400000,0.31435,0.32919,0.30114,0.32084,1800290.0492464,1703260799999
1703260800000,0.32138,0.32163,0.31263,0.31609,1087915.56983426,1703275199999
1703275200000,0.31572,0.32575,0.3123,0.3239,627492.48271229,1703289599999
1703289600000,0.32398,0.332,0.31825,0.32076,764648.31633834,1703303999999
1703304000000,0.3237,0.33864,0.32127,0.32927,754833.65509755,1703318399999
1703318400000,0.32942,0.41521,0.32454,0.33121,2162817.34663336,1703332799999
1703332800000,0.33203,0.33239,0.32121,0.32162,703446.74986776,1703347199999
1703347200000,0.32268,0.33121,0.31641,0.32141,1297186.64010507,1703361599999
1703361600000,0.32126,0.34058,0.31897,0.33858,1366472.51080793,1703375999999
1703376000000,0.341,0.34316,0.32474,0.32505,406364.09107361,1703390399999
1703390400000,0.32469,0.32827,0.31217,0.31423,893075.40632158,1703404799999
1703404800000,0.31465,0.32517,0.31,0.31494,3262865.45121668,1703419199999
1703419200000,0.31605,0.32665,0.3127,0.31908,812604.76012752,1703433599999
1703433600000,0.31814,0.33922,0.31636,0.32921,892526.43523416,1703447999999
1703448000000,0.32954,0.33457,0.312,0.33091,1481509.08904743,1703462399999
1703462400000,0.33028,0.36267,0.32038,0.35988,907043.25382094,1703476799999
1703476800000,0.35764,0.36633,0.34419,0.36333,1495299.74757625,1703491199999
1703491200000,0.36344,0.36834,0.35303,0.35594,2944410.39603946,1703505599999
1703505600000,0.35589,0.35955,0.34276,0.35421,2158665.74001772,1703519999999
1703520000000,0.35361,0.38,0.34336,0.37067,3903379.14369361,1703534399999
1703534400000,0.37064,0.37093,0.35557,0.35644,1598150.52614646,1703548799999
1703548800000,0.35782,0.39969,0.35782,0.38433,2142890.43716654,1703563199999
1703563200000,0.38415,0.397,0.36711,0.39201,1453045.6134966,1703577599999
1703577600000,0.391,0.45231,0.38581,0.43342,7494820.29285286,1703591999999
1703592000000,0.43272,0.442,0.39511,0.39833,4266793.19589529,1703606399999
1703606400000,0.39925,0.49,0.37,0.45712,8769240.82891683,1703620799999
1703620800000,0.45808,0.47691,0.43733,0.4553,4977713.8849153,1703635199999
1703635200000,0.45636,0.48137,0.44,0.44879,2444138.53406232,1703649599999
1703649600000,0.44865,0.45698,0.40877,0.41852,1474400.64312479,1703663999999
1703664000000,0.41941,0.451,0.41685,0.44213,3834515.67735778,1703678399999
1703678400000,0.44194,0.44441,0.409,0.41633,1760203.28026323,1703692799999
1703692800000,0.41577,0.41712,0.39838,0.40149,2084384.27361892,1703707199999
1703707200000,0.40211,0.41457,0.39,0.39593,1808994.53107363,1703721599999
1703721600000,0.39714,0.42172,0.3944,0.4038,763861.81437098,1703735999999
1703736000000,0.40194,0.42098,0.39713,0.41361,1531826.82978182,1703750399999
1703750400000,0.41156,0.44746,0.41156,0.43624,2144852.59107502,1703764799999
1703764800000,0.43663,0.44825,0.39763,0.41981,2152979.50857755,1703779199999
1703779200000,0.41813,0.43849,0.41329,0.42647,1788679.86124924,1703793599999
1703793600000,0.42685,0.42753,0.40726,0.41293,1454037.55380671,1703807999999
1703808000000,0.41404,0.41966,0.39351,0.41474,547726.93657855,1703822399999
1703822400000,0.416,0.43977,0.416,0.43478,1546355.80863595,1703836799999
1703836800000,0.43275,0.52282,0.43154,0.51474,1.005176334939006E7,1703851199999
1703851200000,0.51458,0.68125,0.50699,0.51417,1.085297578714746E7,1703865599999
1703865600000,0.51396,0.5392,0.47601,0.5317,6157955.43976789,1703879999999
1703880000000,0.53233,0.53939,0.4911,0.49872,2631733.03920589,1703894399999
1703894400000,0.50003,0.51986,0.48399,0.49111,1060398.47126452,1703908799999
1703908800000,0.49024,0.50086,0.48505,0.49268,837885.02393336,1703923199999
1703923200000,0.49282,0.53979,0.48339,0.48857,2696322.26632983,1703937599999
1703937600000,0.48941,0.512,0.4886,0.49886,1474983.48871684,1703951999999
1703952000000,0.5,0.57171,0.5,0.56368,5854547.23625364,1703966399999
1703966400000,0.56318,0.57663,0.53632,0.53803,3777107.39427212,1703980799999
1703980800000,0.53851,0.55702,0.53264,0.5384,1286098.50606054,1703995199999
1703995200000,0.5401,0.58498,0.53264,0.55552,1492950.935951,1704009599999
1704009600000,0.55526,0.56964,0.54348,0.54884,2193343.46655099,1704023999999
1704024000000,0.5484,0.555,0.52152,0.53193,1965612.33892622,1704038399999
1704038400000,0.53263,0.567,0.52526,0.54002,2047845.67456688,1704052799999
1704052800000,0.53874,0.5535,0.5,0.51122,2321502.39387326,1704067199999
1704067200000,0.51015,0.535,0.50717,0.52851,1542056.78805852,1704081599999
1704081600000,0.52893,0.55549,0.52049,0.54896,561207.57570203,1704095999999
1704096000000,0.5545,0.58513,0.5466,0.56994,2119023.76662509,1704110399999
1704110400000,0.57131,0.61,0.55324,0.59652,2481198.35118184,1704124799999
1704124800000,0.59573,0.679,0.59297,0.65643,8488146.61181124,1704139199999
1704139200000,0.65758,0.69223,0.64083,0.64333,4984909.40528904,1704153599999
1704153600000,0.64318,0.72901,0.63505,0.69725,2721240.84436458,1704167999999
1704168000000,0.69668,0.69734,0.66912,0.67984,2529301.59213924,1704182399999
1704182400000,0.6802,0.72,0.65301,0.68788,3917619.37053796,1704196799999
1704196800000,0.68737,0.72,0.67,0.67884,4051473.4105444,1704211199999
1704211200000,0.67975,0.70685,0.67475,0.68241,2743066.39508217,1704225599999
1704225600000,0.68203,0.68413,0.6268,0.65225,3116490.39124124,1704239999999
1704240000000,0.65235,0.6624,0.63469,0.6608,1146555.39819912,1704254399999
1704254400000,0.66073,0.68992,0.65786,0.66585,1503076.10497019,1704268799999
1704268800000,0.66503,0.67999,0.64,0.65272,1808501.57817843,1704283199999
1704283200000,0.65272,0.77999,0.50701,0.77837,9583162.53054619,1704297599999
1704297600000,0.77042,0.81115,0.73162,0.77603,5843112.97384702,1704311999999
1704312000000,0.77309,0.81612,0.69016,0.7293,5089857.84678498,1704326399999
1704326400000,0.7264,0.77142,0.70566,0.74339,1303474.5961901,1704340799999
1704340800000,0.74155,0.775,0.7102,0.71221,1660048.93681077,1704355199999
1704355200000,0.7199,0.72802,0.68584,0.69898,3272597.03155645,1704369599999
1704369600000,0.69904,0.79462,0.69156,0.76788,4068649.29686725,1704383999999
1704384000000,0.76743,0.76743,0.70859,0.73798,4172578.35546116,1704398399999
1704398400000,0.7376,0.75074,0.70029,0.70673,3066255.31677918,1704412799999
1704412800000,0.70958,0.7186,0.65,0.67235,1464244.13060877,1704427199999
1704427200000,0.67009,0.68503,0.64363,0.67304,2165129.36030298,1704441599999
1704441600000,0.6716,0.71,0.647,0.65097,3041054.87105949,1704455999999
1704456000000,0.65017,0.693,0.63157,0.66245,4766625.90999551,1704470399999
1704470400000,0.66245,0.68259,0.63929,0.6578,2868091.27483432,1704484799999
1704484800000,0.65818,0.66662,0.64646,0.65896,1311239.08007072,1704499199999
1704499200000,0.66019,0.66083,0.60572,0.61055,759089.48877313,1704513599999
1704513600000,0.611,0.63284,0.5764,0.62928,2707777.23270268,1704527999999
1704528000000,0.62599,0.636,0.59729,0.6012,2501143.6478217,1704542399999
1704542400000,0.60153,0.60814,0.5836,0.59021,2557326.45747418,1704556799999
1704556800000,0.59074,0.60395,0.58683,0.5941,1914391.1236042,1704571199999
1704571200000,0.59407,0.61814,0.57865,0.59708,1725813.1268888,1704585599999
1704585600000,0.59638,0.64717,0.59381,0.60722,1283058.77551056,1704599999999
1704600000000,0.61452,0.6298,0.60782,0.609,846770.9478007,1704614399999
1704614400000,0.60949,0.62774,0.58247,0.60397,1838706.65660148,1704628799999
1704628800000,0.60151,0.65024,0.598,0.63032,2402194.33860776,1704643199999
1704643200000,0.63334,0.65599,0.61323,0.64272,1821299.09443195,1704657599999
1704657600000,0.64055,0.66924,0.60653,0.62035,3785417.25374944,1704671999999
1704672000000,0.61927,0.62234,0.53659,0.55545,1678960.88015687,1704686399999
1704686400000,0.55548,0.5932,0.54822,0.57936,1399069.42577194,1704700799999
1704700800000,0.57785,0.59,0.56454,0.58631,1181293.95380931,1704715199999
1704715200000,0.58891,0.65499,0.58884,0.6256,3351619.82615123,1704729599999
1704729600000,0.62478,0.668,0.60345,0.66014,3619803.71541033,1704743999999
1704744000000,0.66317,0.69398,0.62881,0.68023,2804148.78752963,1704758399999
1704758400000,0.68475,0.69054,0.65034,0.66765,573862.66073859,1704772799999
1704772800000,0.66256,0.7054,0.65527,0.68738,1427763.64058998,1704787199999
1704787200000,0.68804,0.7,0.65498,0.68101,1748217.91934232,1704801599999
1704801600000,0.68134,0.68236,0.6332,0.65578,1978142.51271807,1704815999999
1704816000000,0.65601,0.66037,0.619,0.62652,1856456.56103939,1704830399999
1704830400000,0.62611,0.63802,0.60681,0.61845,2600421.53329258,1704844799999
1704844800000,0.61867,0.63501,0.6125,0.62238,369735.12827774,1704859199999
1704859200000,0.62167,0.63107,0.60455,0.61316,637165.5900755,1704873599999
1704873600000,0.61437,0.61989,0.59871,0.61349,1657416.89063657,1704887999999
1704888000000,0.61295,0.61465,0.57338,0.59345,2081873.60528815,1704902399999
1704902400000,0.59407,0.63264,0.58549,0.61786,2052313.22106265,1704916799999
1704916800000,0.61829,0.74095,0.59203,0.67584,6648183.73830857,1704931199999
1704931200000,0.67687,0.68635,0.66,0.67506,915383.98102395,1704945599999
1704945600000,0.67509,0.69798,0.64667,0.68329,1094678.88283033,1704959999999
1704960000000,0.6834,0.73384,0.683,0.70605,2822448.65119222,1704974399999
1704974400000,0.705,0.74484,0.66001,0.67449,3322514.34308223,1704988799999
1704988800000,0.6747,0.68986,0.65161,0.68862,1794362.41269212,1705003199999
1705003200000,0.68723,0.70272,0.66653,0.677,1163770.73990792,1705017599999
1705017600000,0.67725,0.68274,0.65287,0.65396,367944.05154483,1705031999999
1705032000000,0.65421,0.66583,0.6514,0.65921,586865.39719118,1705046399999
1705046400000,0.65893,0.67822,0.64838,0.66806,954641.55489034,1705060799999
1705060800000,0.66789,0.67297,0.63343,0.63555,1547817.0028458,1705075199999
1705075200000,0.63522,0.64254,0.60233,0.62531,2102240.04521117,1705089599999
1705089600000,0.62538,0.64,0.59013,0.62197,1483589.06101136,1705103999999
1705104000000,0.62155,0.63,0.59289,0.61213,390440.40764236,1705118399999
1705118400000,0.61083,0.6414,0.61017,0.63744,481177.45351631,1705132799999
1705132800000,0.6376,0.66362,0.63687,0.6511,1455439.0471171,1705147199999
1705147200000,0.6501,0.66857,0.63774,0.6611,1107446.9835687,1705161599999
1705161600000,0.66016,0.66125,0.63934,0.645,786500.84983119,1705175999999
1705176000000,0.64456,0.66852,0.63682,0.66284,1038782.00584418,1705190399999
1705190400000,0.66072,0.66786,0.64757,0.661,258388.64415525,1705204799999
1705204800000,0.66021,0.6719,0.65445,0.66816,441045.93120022,1705219199999
1705219200000,0.66838,0.69415,0.65475,0.65675,1616183.98208206,1705233599999
1705233600000,0.65883,0.66873,0.64866,0.66003,917249.33341433,1705247999999
1705248000000,0.66309,0.66672,0.63427,0.6367,777694.05388229,1705262399999
1705262400000,0.63619,0.65491,0.62862,0.63351,838366.39445357,1705276799999
1705276800000,0.63298,0.67488,0.63298,0.66554,212043.39115084,1705291199999
1705291200000,0.66593,0.69249,0.662,0.66805,1019205.93766017,1705305599999
1705305600000,0.66661,0.6705,0.65806,0.66319,671768.55779318,1705319999999
1705320000000,0.66402,0.66463,0.64036,0.64267,1006239.29341044,1705334399999
1705334400000,0.64221,0.70894,0.64204,0.69592,3125140.61184368,1705348799999
1705348800000,0.69618,0.74079,0.68974,0.73258,2986855.2667442,1705363199999
1705363200000,0.7335,0.79063,0.72639,0.77741,2313717.86722755,1705377599999
1705377600000,0.77562,0.78399,0.73012,0.73867,2575766.56555795,1705391999999
1705392000000,0.73873,0.74249,0.71437,0.71757,1819845.14615704,1705406399999
1705406400000,0.7176,0.77,0.702,0.7347,3762622.98793334,1705420799999
1705420800000,0.73442,0.74331,0.70031,0.71153,1854075.74435955,1705435199999
1705435200000,0.71132,0.74,0.71094,0.71119,1018247.62178548,1705449599999
1705449600000,0.71272,0.73139,0.71055,0.72002,276742.0689823,1705463999999
1705464000000,0.72286,0.73293,0.713,0.7168,556579.83590642,1705478399999
1705478400000,0.71756,0.76423,0.71614,0.74271,2093132.75045281,1705492799999
1705492800000,0.74231,0.77696,0.7305,0.76449,1899545.53875638,1705507199999
1705507200000,0.76347,0.81,0.75286,0.78682,5002482.88031055,1705521599999
1705521600000,0.78782,0.79988,0.75696,0.76229,2610362.53186257,1705535999999
1705536000000,0.76319,0.76908,0.72444,0.73252,736509.09402344,1705550399999
1705550400000,0.73101,0.76,0.72566,0.73716,1228915.96642428,1705564799999
1705564800000,0.73696,0.73761,0.71137,0.71693,1805324.85669476,1705579199999
1705579200000,0.716,0.72402,0.6951,0.70269,1482675.54298835,1705593599999
1705593600000,0.7027,0.70419,0.66089,0.66585,3569045.25083483,1705607999999
1705608000000,0.66545,0.725,0.65852,0.67796,2398860.88666021,1705622399999
1705622400000,0.6774,0.67859,0.6393,0.65668,612604.53379149,1705636799999
1705636800000,0.65551,0.67155,0.65473,0.65998,715348.03288693,1705651199999
1705651200000,0.66106,0.67505,0.65696,0.66347,1180009.11817265,1705665599999
1705665600000,0.66317,0.66617,0.63974,0.63981,1932180.01161952,1705679999999
1705680000000,0.64083,0.65176,0.6,0.64,4197339.55922665,1705694399999
1705694400000,0.64,0.6696,0.63624,0.64782,1616168.35773344,1705708799999
1705708800000,0.64779,0.64779,0.615,0.62049,371308.49314354,1705723199999
1705723200000,0.621,0.63047,0.61387,0.62101,413040.0051236,1705737599999
1705737600000,0.62101,0.62626,0.60252,0.6166,1453445.53082312,1705751999999
1705752000000,0.61617,0.62963,0.61284,0.61336,704388.59101587,1705766399999
1705766400000,0.61267,0.62615,0.612,0.62242,585340.07527487,1705780799999
1705780800000,0.62125,0.63229,0.61914,0.62125,650066.35807277,1705795199999
1705795200000,0.61901,0.63925,0.61787,0.63038,265421.41208231,1705809599999
1705809600000,0.62863,0.62905,0.61858,0.62376,139819.83976548,1705823999999
1705824000000,0.62332,0.62954,0.62,0.62274,832718.71612128,1705838399999
1705838400000,0.62215,0.6296,0.61117,0.61634,751292.42034154,1705852799999
1705852800000,0.61527,0.61798,0.60644,0.61744,581487.01809512,1705867199999
1705867200000,0.617,0.61725,0.5938,0.5978,547086.80084539,1705881599999
1705881600000,0.59804,0.60025,0.56138,0.56775,755563.36244217,1705895999999
1705896000000,0.56796,0.57889,0.56053,0.56893,971541.60126246,1705910399999
1705910400000,0.568,0.56906,0.544,0.55631,2508380.37581262,1705924799999
1705924800000,0.5553,0.6657,0.537,0.55227,3446342.46857582,1705939199999
1705939200000,0.55193,0.55991,0.53003,0.54526,2533269.62540862,1705953599999
1705953600000,0.5444,0.56467,0.54163,0.54837,1377771.79241212,1705967999999
1705968000000,0.55036,0.563,0.54,0.55584,599578.28091305,1705982399999
1705982400000,0.55566,0.57442,0.54949,0.55142,1076866.36220338,1705996799999
1705996800000,0.55198,0.55873,0.51695,0.5227,3568654.22179307,1706011199999
1706011200000,0.52314,0.56738,0.51722,0.55717,3452808.48708479,1706025599999
1706025600000,0.55561,0.6,0.54728,0.55872,3649917.83004522,1706039999999
1706040000000,0.55938,0.59706,0.55259,0.59427,1552842.0787692,1706054399999
1706054400000,0.59464,0.607,0.58,0.58165,1067949.36722739,1706068799999
1706068800000,0.581,0.6288,0.57983,0.60649,1543087.95410044,1706083199999
1706083200000,0.60739,0.61369,0.59651,0.60437,1621332.18631725,1706097599999
1706097600000,0.60441,0.60953,0.57439,0.58601,2327443.00219026,1706111999999
1706112000000,0.58644,0.60632,0.575,0.5781,1323247.90405381,1706126399999
1706126400000,0.57791,0.60221,0.57436,0.59706,1139226.2471347,1706140799999
1706140800000,0.59693,0.598,0.57586,0.5793,383530.51798669,1706155199999
1706155200000,0.5787,0.588,0.56109,0.57298,1090244.52322971,1706169599999
1706169600000,0.57343,0.57399,0.55241,0.55409,850785.40338544,1706183999999
1706184000000,0.55493,0.57553,0.5442,0.55651,1489991.90234616,1706198399999
1706198400000,0.55587,0.57483,0.5494,0.57025,739476.38473002,1706212799999
1706212800000,0.57107,0.5719,0.55374,0.55564,555160.4365064,1706227199999
1706227200000,0.55608,0.56343,0.5493,0.56073,152556.03999353,1706241599999
1706241600000,0.56134,0.56774,0.55505,0.56011,260065.3205146,1706255999999
1706256000000,0.56172,0.59052,0.55827,0.58735,1165231.07273239,1706270399999
1706270400000,0.587,0.59481,0.56,0.59066,1300475.03077217,1706284799999
1706284800000,0.59135,0.62617,0.58952,0.62531,2381877.18822386,1706299199999
1706299200000,0.62357,0.62821,0.60924,0.61731,1601671.34807476,1706313599999
1706313600000,0.61845,0.62208,0.60526,0.60713,222676.64358551,1706327999999
1706328000000,0.60735,0.61268,0.58562,0.59263,746451.7865754,1706342399999
1706342400000,0.59099,0.59877,0.58589,0.59043,715793.37228858,1706356799999
1706356800000,0.58871,0.59839,0.58447,0.5903,971710.26892141,1706371199999
1706371200000,0.59047,0.59535,0.5876,0.59421,784521.91338597,1706385599999
1706385600000,0.5942,0.59985,0.58872,0.59197,994164.86110541,1706399999999
1706400000000,0.59183,0.624,0.59058,0.62125,441187.13111278,1706414399999
1706414400000,0.6218,0.63518,0.61138,0.61159,854257.68661475,1706428799999
1706428800000,0.61244,0.64015,0.60351,0.61427,1305059.59206669,1706443199999
1706443200000,0.61521,0.61669,0.5956,0.6002,935552.0013487,1706457599999
1706457600000,0.6,0.60562,0.59136,0.59571,533769.41298553,1706471999999
1706472000000,0.5943,0.60584,0.58771,0.60505,389915.2830783,1706486399999
1706486400000,0.6055,0.6138,0.60219,0.60733,262520.88672047,1706500799999
1706500800000,0.608,0.613,0.59755,0.59986,336902.83149556,1706515199999
1706515200000,0.60306,0.61377,0.59665,0.60882,543339.56313999,1706529599999
1706529600000,0.61046,0.61632,0.59286,0.61513,844088.49608922,1706543999999
1706544000000,0.616,0.64643,0.61151,0.63601,2428464.90633703,1706558399999
1706558400000,0.638,0.64556,0.62819,0.63233,1008671.66643604,1706572799999
1706572800000,0.6288,0.66124,0.62789,0.65207,439552.95850098,1706587199999
1706587200000,0.65215,0.66379,0.64088,0.66278,1258197.85505211,1706601599999
1706601600000,0.66103,0.688,0.645,0.68493,1775540.03272887,1706615999999
1706616000000,0.68424,0.705,0.66211,0.68981,2858326.59622739,1706630399999
1706630400000,0.69107,0.6949,0.67535,0.68336,1226837.29685698,1706644799999
1706644800000,0.68364,0.693,0.63322,0.64269,1167039.87747531,1706659199999
1706659200000,0.64352,0.66425,0.62588,0.66015,579324.38731633,1706673599999
1706673600000,0.66013,0.67234,0.65419,0.65936,710531.6540188,1706687999999
1706688000000,0.6594,0.66228,0.6297,0.6402,975148.74917163,1706702399999
1706702400000,0.63993,0.64888,0.6127,0.63516,1576551.12668255,1706716799999
1706716800000,0.63464,0.6582,0.62507,0.6317,1500083.73499445,1706731199999
1706731200000,0.63348,0.63384,0.59421,0.60141,960994.97546629,1706745599999
1706745600000,0.60314,0.61051,0.57559,0.57674,382170.15276,1706759999999
1706760000000,0.57583,0.58847,0.57084,0.583,810206.15174982,1706774399999
1706774400000,0.58256,0.58996,0.57516,0.57779,741222.83754113,1706788799999
1706788800000,0.57769,0.60038,0.57302,0.58685,1103296.55728182,1706803199999
1706803200000,0.58654,0.6,0.58,0.59818,953340.01012293,1706817599999
1706817600000,0.59827,0.5994,0.58313,0.59072,893396.95597334,1706831999999
1706832000000,0.59056,0.59685,0.58,0.58667,421714.22583447,1706846399999
1706846400000,0.58568,0.58703,0.57595,0.58414,840774.26840001,1706860799999
1706860800000,0.584,0.599,0.57657,0.58933,859477.48738176,1706875199999
1706875200000,0.59014,0.599,0.58086,0.59315,703262.63292401,1706889599999
1706889600000,0.59376,0.601,0.58371,0.58663,1024388.30233489,1706903999999
1706904000000,0.58724,0.59095,0.5816,0.58582,625344.47816571,1706918399999
1706918400000,0.58658,0.59455,0.577,0.57761,253486.23476138,1706932799999
1706932800000,0.57703,0.57836,0.564,0.56529,576898.89566107,1706947199999
1706947200000,0.56621,0.56848,0.56007,0.56288,760907.70748766,1706961599999
1706961600000,0.56286,0.56752,0.5594,0.56592,376703.38124622,1706975999999
1706976000000,0.56695,0.58193,0.56668,0.57678,738174.18950232,1706990399999
1706990400000,0.57585,0.57919,0.5643,0.56606,502954.89095779,1707004799999
1707004800000,0.56636,0.57481,0.55958,0.57207,194624.96227767,1707019199999
1707019200000,0.56946,0.57264,0.56091,0.57143,390296.92815842,1707033599999
1707033600000,0.56876,0.57528,0.56244,0.57415,703264.85132055,1707047999999
1707048000000,0.57368,0.57524,0.56517,0.56848,437628.82184774,1707062399999
1707062400000,0.56804,0.57028,0.5503,0.56577,576513.54133529,1707076799999
1707076800000,0.56507,0.57179,0.55,0.5518,401558.2937184,1707091199999
1707091200000,0.5525,0.55871,0.5402,0.55678,252492.4363311,1707105599999
1707105600000,0.55517,0.5635,0.55495,0.55954,423373.9357081,1707119999999
1707120000000,0.56111,0.584,0.56107,0.58268,737111.45385444,1707134399999
1707134400000,0.58306,0.60168,0.57,0.57086,1084862.56917819,1707148799999
1707148800000,0.57017,0.57627,0.56592,0.57037,578954.22328685,1707163199999
1707163200000,0.57018,0.57045,0.555,0.56992,355105.67045135,1707177599999
1707177600000,0.56808,0.57341,0.56226,0.56733,124173.64971844,1707191999999
1707192000000,0.56888,0.56936,0.55869,0.56136,247011.57072105,1707206399999
1707206400000,0.56122,0.5702,0.5546,0.55965,548698.03439597,1707220799999
1707220800000,0.559,0.56224,0.55264,0.55972,497186.06828414,1707235199999
1707235200000,0.56066,0.56721,0.55316,0.56601,727542.55079929,1707249599999
1707249600000,0.56606,0.5677,0.55555,0.55698,726685.70510542,1707263999999
1707264000000,0.55691,0.56141,0.55064,0.55127,83877.25868507,1707278399999
1707278400000,0.55228,0.5523,0.54019,0.54159,527406.73571213,1707292799999
1707292800000,0.54195,0.57089,0.53841,0.54528,807665.04488829,1707307199999
1707307200000,0.5453,0.55217,0.54433,0.54883,379230.45880163,1707321599999
1707321600000,0.54909,0.58,0.5476,0.56466,1390263.88336146,1707335999999
1707336000000,0.56424,0.59281,0.56424,0.57806,1366306.99349752,1707350399999
1707350400000,0.57885,0.59808,0.57777,0.59314,382845.83411695,1707364799999
1707364800000,0.59381,0.598,0.58699,0.58908,606338.37616399,1707379199999
1707379200000,0.58998,0.6027,0.58754,0.58903,1188209.14750169,1707393599999
1707393600000,0.59006,0.61187,0.58863,0.60639,788905.08998209,1707407999999
1707408000000,0.607,0.60939,0.58502,0.59388,827220.99389121,1707422399999
1707422400000,0.59328,0.59974,0.59114,0.59114,279463.34300087,1707436799999
1707436800000,0.59187,0.6161,0.59187,0.61136,205749.77976972,1707451199999
1707451200000,0.61296,0.63415,0.61018,0.62238,778761.37610702,1707465599999
1707465600000,0.62177,0.63093,0.61177,0.62431,821951.6012457,1707479999999
1707480000000,0.62331,0.63653,0.59303,0.6333,1528875.87576576,1707494399999
1707494400000,0.63402,0.65,0.62685,0.63763,1128560.37538869,1707508799999
1707508800000,0.63765,0.667,0.63,0.6344,1513526.40630713,1707523199999
1707523200000,0.63344,0.65335,0.63,0.646,210754.45926012,1707537599999
1707537600000,0.64606,0.65408,0.63,0.64678,387527.23468355,1707551999999
1707552000000,0.64909,0.65132,0.5706,0.60949,1242056.65004574,1707566399999
1707566400000,0.61154,0.64191,0.61064,0.63396,1027252.34905984,1707580799999
1707580800000,0.63358,0.63934,0.62491,0.63089,481822.13952198,1707595199999
1707595200000,0.62922,0.63873,0.62531,0.63187,565033.99872712,1707609599999
1707609600000,0.63299,0.65031,0.63233,0.64389,66974.99672623,1707623999999
1707624000000,0.64378,0.64381,0.63341,0.63765,89098.20726819,1707638399999
1707638400000,0.63877,0.64011,0.62032,0.63459,527617.6275201,1707652799999
1707652800000,0.63444,0.63827,0.61034,0.61432,735157.56108235,1707667199999
1707667200000,0.613,0.62964,0.61299,0.61877,416007.2438275,1707681599999
1707681600000,0.61852,0.63498,0.61573,0.6258,432055.95187056,1707695999999
1707696000000,0.6251,0.63599,0.61,0.62253,261538.56343369,1707710399999
1707710400000,0.62273,0.63,0.6125,0.6212,211578.69258279,1707724799999
1707724800000,0.62283,0.62538,0.61064,0.61556,439755.65183771,1707739199999
1707739200000,0.61539,0.65353,0.61444,0.65198,1050113.6168626,1707753599999
1707753600000,0.65257,0.70197,0.6448,0.6775,3192313.35103195,1707767999999
1707768000000,0.6775,0.71,0.67749,0.70041,1244826.33870893,1707782399999
1707782400000,0.70051,0.70602,0.67,0.67086,242725.92066212,1707796799999
1707796800000,0.67164,0.69065,0.67164,0.68497,411625.08789017,1707811199999
1707811200000,0.68468,0.69817,0.6812,0.68778,656672.82806832,1707825599999
1707825600000,0.6888,0.69959,0.66602,0.6768,1332034.21649427,1707839999999
1707840000000,0.6768,0.70417,0.66501,0.69187,1363256.13534602,1707854399999
1707854400000,0.69211,0.72,0.6864,0.6991,828158.67652825,1707868799999
1707868800000,0.6987,0.70177,0.68119,0.69281,94304.68891205,1707883199999
1707883200000,0.68952,0.73971,0.68206,0.73971,559293.29039803,1707897599999
1707897600000,0.73642,0.8,0.73337,0.79274,3001906.8462856,1707911999999
1707912000000,0.79378,0.82768,0.78778,0.8128,3837291.97979169,1707926399999
1707926400000,0.81362,0.81607,0.79149,0.80774,1751695.70775042,1707940799999
1707940800000,0.80774,0.82988,0.8032,0.81774,1398186.9642471,1707955199999
1707955200000,0.81944,0.86898,0.81586,0.8564,813248.17474223,1707969599999
1707969600000,0.85653,0.85653,0.79614,0.82698,1206293.15864292,1707983999999
1707984000000,0.8262,0.92587,0.82012,0.8909,4139430.63440189,1707998399999
1707998400000,0.89067,0.90912,0.86175,0.87171,3286015.81464924,1708012799999
1708012800000,0.87266,0.91242,0.86129,0.87676,2473113.5598937,1708027199999
1708027200000,0.87786,0.88082,0.84265,0.86446,1715500.65406659,1708041599999
1708041600000,0.86657,0.95563,0.86657,0.9435,1191102.07017492,1708055999999
1708056000000,0.94157,0.9444,0.89501,0.90523,977985.94818838,1708070399999
1708070400000,0.90539,0.92537,0.89127,0.89833,909648.86603641,1708084799999
1708084800000,0.89927,0.91481,0.83128,0.888,2755981.27895089,1708099199999
1708099200000,0.888,0.88801,0.84722,0.85783,1323028.38998043,1708113599999
1708113600000,0.85701,0.88072,0.85567,0.86887,616120.41504753,1708127999999
1708128000000,0.86949,0.89678,0.86509,0.88744,242269.73536698,1708142399999
1708142400000,0.8887,0.89937,0.87984,0.88261,253614.59793053,1708156799999
1708156800000,0.88237,0.88739,0.85934,0.87956,800304.83296143,1708171199999
1708171200000,0.87723,0.87998,0.82823,0.84106,1806085.71655928,1708185599999
1708185600000,0.84051,0.8751,0.83452,0.83949,1029777.72707228,1708199999999
1708200000000,0.83877,0.872,0.83184,0.84331,835114.26180849,1708214399999
1708214400000,0.84301,0.86242,0.82256,0.82609,429694.96067441,1708228799999
1708228800000,0.82553,0.86009,0.82526,0.83994,708841.49525394,1708243199999
1708243200000,0.84028,0.90032,0.83234,0.89462,1466295.92359769,1708257599999
1708257600000,0.89534,0.92353,0.87824,0.90644,1307339.96831316,1708271999999
1708272000000,0.90888,0.96,0.88416,0.88543,2604383.74475865,1708286399999
1708286400000,0.88593,0.9034,0.8686,0.89268,1474671.53471154,1708300799999
1708300800000,0.89223,0.90857,0.87784,0.8822,446226.80137066,1708315199999
1708315200000,0.8816,0.90045,0.87167,0.89717,732770.88529592,1708329599999
1708329600000,0.89613,0.91,0.88483,0.89485,820008.02157694,1708343999999
1708344000000,0.8931,0.89531,0.87072,0.88787,787748.95996213,1708358399999
1708358400000,0.8891,0.89242,0.86346,0.87624,789813.04587797,1708372799999
1708372800000,0.875,0.87812,0.85338,0.8589,849416.18119445,1708387199999
1708387200000,0.86088,0.86088,0.82649,0.82649,529684.16216936,1708401599999
1708401600000,0.82823,0.85275,0.82379,0.8425,609168.36492418,1708415999999
1708416000000,0.84429,0.87,0.82274,0.86328,1308831.50926438,1708430399999
1708430400000,0.8615,0.87784,0.80858,0.83821,1207393.46341386,1708444799999
1708444800000,0.83902,0.86,0.80792,0.85813,966248.07080346,1708459199999
1708459200000,0.85833,0.87612,0.85189,0.86393,745805.38714933,1708473599999
1708473600000,0.86368,0.86625,0.83241,0.83422,177632.81514763,1708487999999
1708488000000,0.83418,0.83803,0.81149,0.81269,234113.04070725,1708502399999
1708502400000,0.81283,0.81775,0.78458,0.7921,1174255.83489843,1708516799999
1708516800000,0.79284,0.80791,0.77083,0.79032,1411049.5510229,1708531199999
1708531200000,0.79054,0.80196,0.76653,0.78547,1370760.14232421,1708545599999
1708545600000,0.78474,0.81985,0.77658,0.81055,1198436.35658872,1708559999999
1708560000000,0.81066,0.81066,0.75891,0.77141,809073.09882747,1708574399999
1708574400000,0.77067,0.80898,0.77067,0.80134,767813.76352584,1708588799999
1708588800000,0.80136,0.81688,0.77943,0.78116,1147229.38436611,1708603199999
1708603200000,0.78095,0.79293,0.77,0.7833,1110545.75014879,1708617599999
1708617600000,0.78369,0.79994,0.7723,0.78814,951490.57262883,1708631999999
1708632000000,0.78778,0.80982,0.77015,0.77333,1095301.95854539,1708646399999
1708646400000,0.77344,0.79479,0.7536,0.76082,251241.89120649,1708660799999
1708660800000,0.7606,0.77194,0.74956,0.75692,296506.86893744,1708675199999
1708675200000,0.7577,0.76959,0.7455,0.76645,753563.88398475,1708689599999
1708689600000,0.76601,0.76899,0.73004,0.73132,739987.46490552,1708703999999
1708704000000,0.73133,0.74586,0.72,0.73612,763042.05088803,1708718399999
1708718400000,0.73572,0.74007,0.71412,0.72548,556806.79241088,1708732799999
1708732800000,0.72591,0.73648,0.71163,0.72422,350001.12414645,1708747199999
1708747200000,0.72668,0.74541,0.72668,0.74218,288330.83924819,1708761599999
1708761600000,0.74319,0.778,0.73733,0.76255,1092714.9926315,1708775999999
1708776000000,0.76282,0.79969,0.7436,0.79969,1249249.04796333,1708790399999
1708790400000,0.79884,0.8092,0.77894,0.78146,2090710.8759109,1708804799999
1708804800000,0.7825,0.80176,0.77615,0.79622,939547.23083205,1708819199999
1708819200000,0.79568,0.80106,0.76904,0.77784,344761.29977433,1708833599999
1708833600000,0.78187,0.78199,0.77071,0.77163,229679.73411255,1708847999999
1708848000000,0.77107,0.77272,0.76,0.76756,529879.47042348,1708862399999
1708862400000,0.76704,0.77608,0.76053,0.76338,476621.76173617,1708876799999
1708876800000,0.7625,0.7702,0.75794,0.76399,465989.33474902,1708891199999
1708891200000,0.76407,0.77013,0.755,0.76305,494502.23982187,1708905599999
1708905600000,0.76338,0.76338,0.74582,0.75582,215595.34002044,1708919999999
1708920000000,0.75622,0.76344,0.74242,0.74466,335669.35789931,1708934399999
1708934400000,0.74317,0.75266,0.72634,0.7356,664585.31509061,1708948799999
1708948800000,0.73625,0.77602,0.72915,0.77383,817472.69929658,1708963199999
1708963200000,0.77533,0.83538,0.77168,0.83212,2989406.69572286,1708977599999
1708977600000,0.8321,0.83582,0.81193,0.81842,1449271.6968061,1708991999999
1708992000000,0.81829,0.85794,0.79634,0.82398,1317943.01183128,1709006399999
1709006400000,0.83214,0.84263,0.81993,0.8325,691556.73093124,1709020799999
1709020800000,0.83161,0.84478,0.82165,0.83695,1385320.73576799,1709035199999
1709035200000,0.83601,0.85075,0.80272,0.80798,1251914.99855559,1709049599999
1709049600000,0.80859,0.82158,0.79522,0.80534,1081768.18686188,1709063999999
1709064000000,0.80567,0.85124,0.79354,0.82014,1657132.96226991,1709078399999
1709078400000,0.81871,0.81871,0.79801,0.79915,423536.57189322,1709092799999
1709092800000,0.7988,0.83149,0.79761,0.82848,289952.50887084,1709107199999
1709107200000,0.82724,0.86822,0.79991,0.819,1976730.92319406,1709121599999
1709121600000,0.82074,0.84078,0.81291,0.82187,1977251.80985709,1709135999999
1709136000000,0.82199,0.84274,0.73858,0.78536,4068054.35183341,1709150399999
1709150400000,0.78436,0.80774,0.77092,0.7986,818508.01152027,1709164799999
1709164800000,0.79784,0.80491,0.76249,0.77725,589892.48963335,1709179199999
1709179200000,0.77985,0.79625,0.7747,0.79312,812267.34723228,1709193599999
1709193600000,0.78938,0.836,0.78938,0.81553,1613127.00259688,1709207999999
1709208000000,0.81646,0.84524,0.80459,0.83273,1787812.71911052,1709222399999
1709222400000,0.83352,0.83915,0.77606,0.80087,1848535.24834735,1709236799999
1709236800000,0.79933,0.8019,0.7531,0.76965,1094954.73539649,1709251199999
1709251200000,0.76942,0.78896,0.76941,0.77427,229309.24632072,1709265599999
1709265600000,0.77269,0.79871,0.77269,0.78316,544473.43850813,1709279999999
1709280000000,0.78367,0.79468,0.77539,0.77855,673583.5755667,1709294399999
1709294400000,0.77784,0.79054,0.77501,0.78675,802769.98709556,1709308799999
1709308800000,0.78711,0.79892,0.78335,0.79393,852255.26367575,1709323199999
1709323200000,0.79478,0.806,0.787,0.79289,578227.89370639,1709337599999
1709337600000,0.79337,0.79767,0.775,0.78961,419745.5286106,1709351999999
1709352000000,0.78974,0.79008,0.77894,0.78687,583222.65760066,1709366399999
1709366400000,0.78736,0.78736,0.77271,0.77483,1076926.5376822,1709380799999
1709380800000,0.775,0.78164,0.76347,0.76773,594005.34974257,1709395199999
1709395200000,0.77053,0.77985,0.76637,0.77964,553059.99682621,1709409599999
1709409600000,0.779,0.78473,0.76958,0.78256,438013.10864265,1709423999999
1709424000000,0.78496,0.78662,0.7779,0.78047,39429.34079122,1709438399999
1709438400000,0.78105,0.80423,0.712,0.76483,819677.69247041,1709452799999
1709452800000,0.76483,0.8,0.74459,0.76886,958837.12538106,1709467199999
1709467200000,0.76954,0.77482,0.76099,0.76599,587893.17528252,1709481599999
1709481600000,0.76791,0.77111,0.76026,0.76731,270351.62544012,1709495999999
1709496000000,0.758,0.7666,0.74839,0.7563,308117.15565491,1709510399999
1709510400000,0.75576,0.76526,0.72825,0.73244,567901.16950108,1709524799999
1709524800000,0.73338,0.74588,0.73028,0.73146,956380.12428166,1709539199999
1709539200000,0.73162,0.74806,0.719,0.72995,1657304.9141859,1709553599999
1709553600000,0.72967,0.79292,0.715,0.74613,2618447.41984008,1709567999999
1709568000000,0.7457,0.75489,0.7125,0.74687,2231030.3917483,1709582399999
1709582400000,0.74777,0.75151,0.72505,0.72711,774247.64597116,1709596799999
1709596800000,0.72694,0.7297,0.69906,0.70421,799151.77964748,1709611199999
1709611200000,0.70564,0.74739,0.69607,0.72949,1374065.14405937,1709625599999
1709625600000,0.7267,0.74516,0.7236,0.73296,898272.82539617,1709639999999
1709640000000,0.73303,0.7398,0.7,0.7086,1422182.5241647,1709654399999
1709654400000,0.70842,0.7148,0.612,0.62855,4870636.25568941,1709668799999
1709668800000,0.62855,0.69899,0.62,0.66682,1776030.56355826,1709683199999
1709683200000,0.66653,0.67,0.63589,0.64931,219421.46305069,1709697599999
1709697600000,0.65104,0.68794,0.65104,0.68785,504309.18027116,1709711999999
1709712000000,0.6874,0.69657,0.66016,0.66875,906901.84932948,1709726399999
1709726400000,0.66853,0.67023,0.639,0.65878,1093145.03983079,1709740799999
1709740800000,0.65868,0.68824,0.65219,0.68112,1061015.1025592,1709755199999
1709755200000,0.68177,0.74065,0.67867,0.71798,2129794.90613085,1709769599999
1709769600000,0.71758,0.77058,0.71176,0.72544,910321.74414492,1709783999999
1709784000000,0.72592,0.75177,0.7078,0.75177,979541.04211483,1709798399999
1709798400000,0.75102,0.76342,0.73297,0.75056,1377738.74121193,1709812799999
1709812800000,0.75088,0.77654,0.72764,0.73962,1629505.24939765,1709827199999
1709827200000,0.73896,0.76782,0.72558,0.76567,1866923.74174674,1709841599999
1709841600000,0.76664,0.87281,0.7556,0.84724,5168193.72814462,1709855999999
1709856000000,0.84981,0.86429,0.82395,0.83836,727026.45804073,1709870399999
1709870400000,0.8364,0.86704,0.83012,0.83365,1613221.29983107,1709884799999
1709884800000,0.83566,0.85514,0.82561,0.82987,1095888.42880968,1709899199999
1709899200000,0.83123,0.83578,0.77345,0.8001,1690419.30278669,1709913599999
1709913600000,0.8015,0.8697,0.78467,0.82055,2214140.53011216,1709927999999
1709928000000,0.82146,0.86,0.81889,0.85067,1374066.11626007,1709942399999
1709942400000,0.85116,0.85116,0.8227,0.83088,127058.27481327,1709956799999
1709956800000,0.82957,0.83538,0.82107,0.82459,812797.42124596,1709971199999
1709971200000,0.82563,0.83344,0.81243,0.82999,855654.17385789,1709985599999
1709985600000,0.83,0.89033,0.82697,0.88811,2018947.54434391,1709999999999
1710000000000,0.89037,0.89243,0.82831,0.83038,1331075.61932534,1710014399999
1710014400000,0.83103,0.83404,0.81663,0.82039,411013.60238685,1710028799999
1710028800000,0.82285,0.83754,0.81602,0.8204,286396.61875929,1710043199999
1710043200000,0.82179,0.831,0.81272,0.831,290974.06814501,1710057599999
1710057600000,0.83186,0.83851,0.80766,0.81126,821329.79023594,1710071999999
1710072000000,0.81091,0.81313,0.78329,0.7917,696318.90719961,1710086399999
1710086400000,0.79223,0.80879,0.78646,0.79403,699302.65149231,1710100799999
1710100800000,0.79357,0.79486,0.77388,0.79354,419334.48559631,1710115199999
1710115200000,0.79423,0.795,0.7425,0.7716,260910.40039322,1710129599999
1710129600000,0.77195,0.79422,0.76419,0.78863,531987.15252932,1710143999999
1710144000000,0.79068,0.80708,0.78566,0.79036,883555.49901988,1710158399999
1710158400000,0.79188,0.80574,0.78654,0.78814,922233.97358271,1710172799999
1710172800000,0.7871,0.81893,0.77766,0.80857,704752.69833733,1710187199999
1710187200000,0.80518,0.84455,0.80254,0.81393,947345.19234267,1710201599999
1710201600000,0.81521,0.81977,0.79058,0.79065,151957.20936659,1710215999999
1710216000000,0.79349,0.8027,0.77892,0.78367,389841.24148656,1710230399999
1710230400000,0.7859,0.78593,0.76124,0.77359,490551.6552645,1710244799999
1710244800000,0.77453,0.86253,0.76211,0.84335,1342670.18429741,1710259199999
1710259200000,0.84339,0.84845,0.76305,0.8199,1403372.42671479,1710273599999
1710273600000,0.82037,0.82677,0.8,0.81969,334387.34939155,1710287999999
1710288000000,0.81983,0.86169,0.81196,0.83575,367516.34060869,1710302399999
1710302400000,0.83411,0.84799,0.82711,0.83303,411720.44800193,1710316799999
1710316800000,0.83422,0.83422,0.81002,0.81402,583355.19084066,1710331199999
1710331200000,0.81436,0.84,0.802,0.81985,709506.36131941,1710345599999
1710345600000,0.82333,0.82628,0.78502,0.80037,727892.70825122,1710359999999
1710360000000,0.80084,0.81407,0.79316,0.81144,227990.96884865,1710374399999
1710374400000,0.81275,0.81932,0.785,0.79182,139187.11689938,1710388799999
1710388800000,0.78909,0.79255,0.77007,0.78628,504301.70070242,1710403199999
1710403200000,0.78688,0.79776,0.774,0.78678,458014.50942425,1710417599999
1710417600000,0.78624,0.78998,0.75732,0.76697,650761.84020951,1710431999999
1710432000000,0.76696,0.781,0.73303,0.75445,875217.19093667,1710446399999
1710446400000,0.75437,0.8051,0.75437,0.7943,590926.59049764,1710460799999
1710460800000,0.79728,0.8244,0.74172,0.79633,1915450.41546522,1710475199999
1710475200000,0.79731,0.84533,0.76748,0.80268,1283336.45314897,1710489599999
1710489600000,0.80204,0.81872,0.7238,0.80334,1355305.26317974,1710503999999
1710504000000,0.80273,0.8575,0.78555,0.81366,1997955.40879777,1710518399999
1710518400000,0.8123,0.87498,0.79805,0.84754,2441498.9933473,1710532799999
1710532800000,0.84413,0.99306,0.83009,0.96747,8546597.2977093,1710547199999
1710547200000,0.96736,1.0512,0.95497,1.0229,4063337.38106581,1710561599999
1710561600000,1.0234,1.0371,0.97662,0.98852,1890701.41177382,1710575999999
1710576000000,0.98484,0.99419,0.9293,0.95357,1333951.67761861,1710590399999
1710590400000,0.95016,0.96069,0.86969,0.92215,1249156.29757907,1710604799999
1710604800000,0.92063,0.92063,0.79825,0.8077,2581522.5813266,1710619199999
1710619200000,0.80858,0.84055,0.792,0.83269,1373022.95022887,1710633599999
1710633600000,0.83262,0.83262,0.788,0.81308,708606.66425987,1710647999999
1710648000000,0.81437,0.81437,0.75922,0.80915,1209820.47896688,1710662399999
1710662400000,0.80871,0.83483,0.80485,0.81762,1620358.50122513,1710676799999
1710676800000,0.81749,0.82476,0.78297,0.81679,1432213.18193731,1710691199999
1710691200000,0.81697,0.82484,0.79995,0.81687,1038642.71007675,1710705599999
1710705600000,0.81419,0.845,0.80382,0.83091,819647.44798891,1710719999999
1710720000000,0.83155,0.83155,0.78753,0.79921,313680.55928435,1710734399999
1710734400000,0.80044,0.82992,0.7961,0.815,470647.72719459,1710748799999
1710748800000,0.81064,0.81092,0.78502,0.79502,861661.33423406,1710763199999
1710763200000,0.79264,0.80083,0.74584,0.76371,938857.26582283,1710777599999
1710777600000,0.7646,0.795,0.74899,0.75382,739121.39542846,1710791999999
1710792000000,0.75431,0.77308,0.75416,0.76644,435447.5258115,1710806399999
1710806400000,0.76765,0.77396,0.72222,0.74682,445635.0712419,1710820799999
1710820800000,0.74482,0.74794,0.68824,0.73859,761071.51210708,1710835199999
1710835200000,0.73714,0.77364,0.69423,0.771,852539.99829814,1710849599999
1710849600000,0.77011,0.8141,0.74681,0.80568,1422707.79319442,1710863999999
1710864000000,0.80454,0.81017,0.78432,0.79127,950673.34290467,1710878399999
1710878400000,0.79219,0.793,0.73074,0.75886,655052.78358802,1710892799999
1710892800000,0.75674,0.76249,0.7325,0.73322,342678.35900761,1710907199999
1710907200000,0.73911,0.7625,0.7055,0.75682,453081.24312335,1710921599999
1710921600000,0.75662,0.77395,0.74642,0.76479,690497.66425452,1710935999999
1710936000000,0.76413,0.77214,0.7318,0.73613,304856.05161566,1710950399999
1710950400000,0.73407,0.79177,0.71104,0.78622,496071.77517505,1710964799999
1710964800000,0.78617,0.80938,0.78196,0.79212,560210.50059413,1710979199999
1710979200000,0.79286,0.8059,0.77912,0.78377,229348.39264344,1710993599999
1710993600000,0.78233,0.7856,0.76136,0.77102,237314.71166256,1711007999999
1711008000000,0.77396,0.7841,0.76958,0.77158,225236.8586509,1711022399999
1711022400000,0.77185,0.78077,0.75488,0.76356,329761.16719028,1711036799999
1711036800000,0.76073,0.77801,0.74294,0.75782,347855.08138117,1711051199999
1711051200000,0.75766,0.76751,0.74623,0.76004,272313.4768025,1711065599999
1711065600000,0.75888,0.76658,0.74675,0.76222,124945.61083048,1711079999999
1711080000000,0.7649,0.78182,0.76042,0.77574,252801.44620015,1711094399999
1711094400000,0.77589,0.77772,0.74704,0.74832,251789.68431995,1711108799999
1711108800000,0.74829,0.75585,0.72389,0.74304,331095.99047464,1711123199999
1711123200000,0.74062,0.74348,0.7276,0.73549,183485.69400706,1711137599999
1711137600000,0.73253,0.73526,0.717,0.73515,340876.35315681,1711151999999
1711152000000,0.73625,0.74679,0.72906,0.73655,113198.67739672,1711166399999
1711166400000,0.739,0.75286,0.73786,0.74832,79658.33917786,1711180799999
1711180800000,0.74965,0.75371,0.7415,0.74991,165684.27839881,1711195199999
1711195200000,0.75079,0.76296,0.74793,0.75543,146725.97683607,1711209599999
1711209600000,0.75661,0.76062,0.74995,0.75268,110000.46692142,1711223999999
1711224000000,0.75077,0.76634,0.74235,0.74265,222970.9542716,1711238399999
1711238400000,0.74418,0.75169,0.73301,0.73312,26964.42461852,1711252799999
1711252800000,0.73507,0.7436,0.73121,0.74228,161410.18040021,1711267199999
1711267200000,0.74313,0.75135,0.74,0.74541,102979.22994091,1711281599999
1711281600000,0.74535,0.75244,0.7378,0.75057,300700.74619424,1711295999999
1711296000000,0.74751,0.75246,0.734,0.74883,228441.71699236,1711310399999
1711310400000,0.7475,0.76224,0.74697,0.75481,267307.59132711,1711324799999
1711324800000,0.75568,0.77874,0.75,0.77532,24299.28163231,1711339199999
1711339200000,0.7783,0.78352,0.76719,0.76765,308636.97983623,1711353599999
1711353600000,0.76965,0.77383,0.75814,0.7597,166728.46873027,1711367999999
1711368000000,0.76002,0.78375,0.75425,0.77772,579072.86232539,1711382399999
1711382400000,0.77804,0.7905,0.77173,0.78738,434761.00668919,1711396799999
1711396800000,0.78856,0.78891,0.7642,0.77223,476146.53041316,1711411199999
1711411200000,0.77151,0.78555,0.76735,0.78463,100107.55713744,1711425599999
1711425600000,0.78466,0.79987,0.78029,0.78721,325739.94026108,1711439999999
1711440000000,0.78558,0.80176,0.78224,0.79085,337998.6281898,1711454399999
1711454400000,0.78996,0.79467,0.76024,0.77696,436914.17560232,1711468799999
1711468800000,0.7796,0.7796,0.75692,0.75952,285081.2512785,1711483199999
1711483200000,0.75965,0.78271,0.75965,0.77836,234949.2038,1711497599999
1711497600000,0.77586,0.81924,0.7719,0.80726,294706.846407,1711511999999
1711512000000,0.81031,0.82372,0.78241,0.78526,713543.89718219,1711526399999
1711526400000,0.78685,0.80604,0.77088,0.79762,798128.35820315,1711540799999
1711540800000,0.79925,0.81383,0.77041,0.78947,850330.00447197,1711555199999
1711555200000,0.78986,0.81797,0.77857,0.79999,482007.73110344,1711569599999
1711569600000,0.79995,0.84731,0.79864,0.82411,1530236.59012805,1711583999999
1711584000000,0.81714,0.8383,0.79077,0.80363,264817.48490426,1711598399999
1711598400000,0.81,0.81597,0.80156,0.81103,277961.57564546,1711612799999
1711612800000,0.8112,0.81728,0.79679,0.79774,236860.85718641,1711627199999
1711627200000,0.7974,0.81595,0.79029,0.81002,220927.54031564,1711641599999
1711641600000,0.81262,0.8162,0.80106,0.80458,254366.60849218,1711655999999
1711656000000,0.80611,0.80709,0.79471,0.80071,254589.69445717,1711670399999
1711670400000,0.80071,0.81308,0.79417,0.80066,66128.67325074,1711684799999
1711684800000,0.79747,0.80905,0.78112,0.78417,112357.07679197,1711699199999
1711699200000,0.78446,0.78783,0.771,0.78096,361166.44613156,1711713599999
1711713600000,0.78206,0.7872,0.764,0.76777,130647.5298068,1711727999999
1711728000000,0.76831,0.77939,0.765,0.76751,189905.29338371,1711742399999
1711742400000,0.76977,0.77372,0.76106,0.76834,122311.0481168,1711756799999
1711756800000,0.76788,0.77392,0.76237,0.76237,58313.90729888,1711771199999
1711771200000,0.76427,0.77665,0.76369,0.76621,224032.25873293,1711785599999
1711785600000,0.76833,0.77454,0.76564,0.77425,112166.75678006,1711799999999
1711800000000,0.77324,0.78287,0.77008,0.7723,102976.80533788,1711814399999
1711814400000,0.77288,0.801,0.76156,0.76819,248961.24771332,1711828799999
1711828800000,0.76811,0.77123,0.75,0.75875,311943.89749772,1711843199999
1711843200000,0.75743,0.76436,0.75456,0.75761,36818.43382985,1711857599999
1711857600000,0.75862,0.76838,0.75827,0.76611,50694.04101315,1711871999999
1711872000000,0.76533,0.7666,0.75927,0.76221,171998.97523231,1711886399999
1711886400000,0.76273,0.76697,0.75641,0.75774,167183.69166076,1711900799999
1711900800000,0.75831,0.76184,0.75008,0.7531,285824.51052607,1711915199999
1711915200000,0.75359,0.76551,0.745,0.76388,593941.5715175,1711929599999
1711929600000,0.76406,0.76559,0.7555,0.75621,186992.36745378,1711943999999
1711944000000,0.75713,0.75713,0.715,0.7303,417185.81953053,1711958399999
1711958400000,0.72913,0.72966,0.71982,0.72314,167564.21228373,1711972799999
1711972800000,0.72354,0.733,0.70348,0.70961,311200.42144831,1711987199999
1711987200000,0.71066,0.72033,0.7014,0.71351,242590.9788241,1712001599999
1712001600000,0.71304,0.72934,0.71149,0.72558,159951.12508355,1712015999999
1712016000000,0.72486,0.7257,0.671,0.68073,197353.031948,1712030399999
1712030400000,0.68078,0.69374,0.67314,0.68189,439686.67781537,1712044799999
1712044800000,0.68,0.68194,0.65302,0.66744,409871.47372797,1712059199999
1712059200000,0.6675,0.67877,0.65517,0.65946,281871.46631559,1712073599999
1712073600000,0.6583,0.67912,0.65217,0.66985,310495.02178144,1712087999999
1712088000000,0.66755,0.67032,0.65541,0.65541,264987.8089301,1712102399999
1712102400000,0.65666,0.67497,0.6301,0.66825,217424.35756328,1712116799999
1712116800000,0.66879,0.67719,0.6655,0.67112,178745.65226914,1712131199999
1712131200000,0.66999,0.68697,0.66647,0.67169,251812.90801031,1712145599999
1712145600000,0.67199,0.67936,0.6587,0.66023,133198.48559427,1712159999999
1712160000000,0.66002,0.66901,0.64771,0.65111,233333.94652192,1712174399999
1712174400000,0.64949,0.65501,0.6389,0.65269,133056.14585814,1712188799999
1712188800000,0.65021,0.662,0.63849,0.63937,35883.8172396,1712203199999
1712203200000,0.64136,0.66598,0.6309,0.65764,213097.95933218,1712217599999
1712217600000,0.65715,0.6649,0.65283,0.65916,108229.01151233,1712231999999
1712232000000,0.66039,0.6788,0.65985,0.66977,179859.92798943,1712246399999
1712246400000,0.66992,0.69063,0.66789,0.67019,209639.13763064,1712260799999
1712260800000,0.67072,0.67072,0.65539,0.66449,202161.54148928,1712275199999
1712275200000,0.66,0.66185,0.6389,0.64871,52826.32695241,1712289599999
1712289600000,0.65044,0.65044,0.63,0.6345,216131.88355571,1712303999999
1712304000000,0.63472,0.64433,0.62245,0.62393,137906.31724006,1712318399999
1712318400000,0.62449,0.64877,0.619,0.64791,127740.63216049,1712332799999
1712332800000,0.64793,0.65082,0.64002,0.64288,256940.50039958,1712347199999
1712347200000,0.64244,0.64834,0.64036,0.64137,114044.35303114,1712361599999
1712361600000,0.639,0.65057,0.63835,0.65057,78149.3824717,1712375999999
1712376000000,0.65071,0.66453,0.64817,0.65831,137413.20068815,1712390399999
1712390400000,0.65948,0.66441,0.65576,0.65704,91715.58509787,1712404799999
1712404800000,0.65672,0.66038,0.65223,0.65689,91970.57451615,1712419199999
1712419200000,0.65819,0.66713,0.65643,0.65643,107475.30506889,1712433599999
1712433600000,0.65751,0.6715,0.65629,0.6595,45196.30624177,1712447999999
1712448000000,0.65876,0.66542,0.6569,0.66487,18464.23689846,1712462399999
1712462400000,0.6583,0.66404,0.65655,0.66022,101667.55037228,1712476799999
1712476800000,0.66191,0.66877,0.65856,0.66754,122679.58984642,1712491199999
1712491200000,0.6673,0.67338,0.66507,0.66818,124961.04535849,1712505599999
1712505600000,0.66475,0.67519,0.66181,0.66913,137736.78091521,1712519999999
1712520000000,0.6702,0.68038,0.66995,0.67572,91439.85296282,1712534399999
1712534400000,0.6717,0.68058,0.66132,0.66396,6413.50254828,1712548799999
1712548800000,0.6613,0.67926,0.66,0.67829,67574.92574022,1712563199999
1712563200000,0.67819,0.69459,0.67819,0.6927,273942.51082543,1712577599999
1712577600000,0.69265,0.69446,0.67835,0.68368,181427.15616139,1712591999999
1712592000000,0.68551,0.69431,0.6817,0.688,207238.55260618,1712606399999
1712606400000,0.68865,0.68911,0.68052,0.68257,103835.43752242,1712620799999
1712620800000,0.682,0.68604,0.66938,0.67088,303078.71548412,1712635199999
1712635200000,0.67127,0.6757,0.65914,0.66029,165772.90305266,1712649599999
1712649600000,0.65981,0.66226,0.6485,0.66066,186587.31869099,1712663999999
1712664000000,0.66059,0.67784,0.62956,0.64063,293754.7656584,1712678399999
1712678400000,0.64068,0.64068,0.62719,0.63426,253987.33007973,1712692799999
1712692800000,0.63426,0.63754,0.63031,0.63129,139292.28802829,1712707199999
1712707200000,0.6278,0.63813,0.61334,0.62583,64417.91808263,1712721599999
1712721600000,0.62548,0.63342,0.62371,0.62805,113398.45310251,1712735999999
1712736000000,0.6286,0.62894,0.6102,0.61551,75400.04723469,1712750399999
1712750400000,0.61519,0.61686,0.59454,0.61555,302922.11819336,1712764799999
1712764800000,0.61535,0.62877,0.61046,0.62332,132573.20451812,1712779199999
1712779200000,0.62273,0.63398,0.62184,0.62529,113142.65802231,1712793599999
1712793600000,0.62374,0.62392,0.61967,0.62277,21702.44478068,1712807999999
1712808000000,0.62254,0.63318,0.61626,0.62973,106862.39325733,1712822399999
1712822400000,0.62829,0.63325,0.61493,0.61511,116494.01133434,1712836799999
1712836800000,0.61806,0.62705,0.61285,0.62188,161310.65983531,1712851199999
1712851200000,0.62252,0.6295,0.6159,0.62275,80233.39502012,1712865599999
1712865600000,0.62412,0.6263,0.61367,0.61874,97098.18381789,1712879999999
1712880000000,0.61733,0.6281,0.61688,0.62589,21609.30343063,1712894399999
1712894400000,0.62728,0.62876,0.61778,0.6179,40461.46191701,1712908799999
1712908800000,0.6188,0.62621,0.61607,0.62495,38993.82237622,1712923199999
1712923200000,0.62325,0.62325,0.59009,0.59112,294799.31036832,1712937599999
1712937600000,0.59,0.59205,0.45947,0.50601,2565229.73168584,1712951999999
1712952000000,0.50608,0.54755,0.50586,0.54563,1007174.45440142,1712966399999
1712966400000,0.54563,0.55038,0.51299,0.52382,806028.31916375,1712980799999
1712980800000,0.52504,0.5411,0.52266,0.52981,402750.66397081,1712995199999
1712995200000,0.53058,0.53934,0.52073,0.52782,199870.42738113,1713009599999
1713009600000,0.5273,0.53308,0.51049,0.51826,193452.59748447,1713023999999
1713024000000,0.51709,0.51938,0.43202,0.44915,1234892.23960461,1713038399999
1713038400000,0.44928,0.48393,0.391,0.47527,1425801.21053749,1713052799999
1713052800000,0.47418,0.479,0.4486,0.46173,90502.81866547,1713067199999
1713067200000,0.4615,0.52685,0.45924,0.51905,387578.15526291,1713081599999
1713081600000,0.51627,0.51844,0.48963,0.49286,398487.68883649,1713095999999
1713096000000,0.49361,0.50167,0.47697,0.48837,321210.85997768,1713110399999
1713110400000,0.49226,0.50816,0.47574,0.4988,343909.84345271,1713124799999
1713124800000,0.49761,0.52559,0.48454,0.50982,421544.91319281,1713139199999
1713139200000,0.50945,0.51879,0.4965,0.50132,110704.29777215,1713153599999
1713153600000,0.5019,0.52834,0.49451,0.51771,148896.52577391,1713167999999
1713168000000,0.51605,0.5317,0.51089,0.51943,234732.630194,1713182399999
1713182400000,0.51983,0.52586,0.4859,0.49221,413608.5417453,1713196799999
1713196800000,0.49249,0.49482,0.45126,0.47662,393413.78384043,1713211199999
1713211200000,0.47601,0.4818,0.45341,0.4672,294551.13137775,1713225599999
1713225600000,0.46878,0.47284,0.453,0.45416,41226.52424949,1713239999999
1713240000000,0.45564,0.4701,0.43786,0.46558,387632.32185052,1713254399999
1713254400000,0.46491,0.46701,0.442,0.46414,230104.18393351,1713268799999
1713268800000,0.46291,0.46291,0.43547,0.43684,430397.46399998,1713283199999
1713283200000,0.43591,0.45908,0.42911,0.45192,498278.37369592,1713297599999
1713297600000,0.45259,0.46696,0.45225,0.45985,176237.95433364,1713311999999
1713312000000,0.45754,0.47633,0.45745,0.47236,61081.95011436,1713326399999
1713326400000,0.47419,0.4944,0.4696,0.48774,254913.21453283,1713340799999
1713340800000,0.48778,0.49154,0.46192,0.46195,547170.73883895,1713355199999
1713355200000,0.46379,0.4738,0.45,0.46007,574001.99266946,1713369599999
1713369600000,0.46086,0.49593,0.45499,0.48252,437432.00225232,1713383999999
1713384000000,0.48286,0.487,0.4685,0.46946,170058.39478165,1713398399999
1713398400000,0.468,0.47644,0.45388,0.47425,122638.64143322,1713412799999
1713412800000,0.47415,0.4837,0.45212,0.45332,190578.41337209,1713427199999
1713427200000,0.45587,0.47718,0.44991,0.4714,282856.1834339,1713441599999
1713441600000,0.47181,0.49903,0.46035,0.49148,310813.20745706,1713455999999
1713456000000,0.4934,0.50959,0.48711,0.50946,313349.87453922,1713470399999
1713470400000,0.50965,0.50965,0.48793,0.48865,176354.62856327,1713484799999
1713484800000,0.48775,0.48775,0.44851,0.46972,289354.43943444,1713499199999
1713499200000,0.4714,0.5086,0.4714,0.49891,203887.1257622,1713513599999
1713513600000,0.49875,0.53924,0.49875,0.52004,765085.0780066,1713527999999
1713528000000,0.52042,0.54319,0.51587,0.53133,850667.48590229,1713542399999
1713542400000,0.53182,0.532,0.52055,0.53183,298664.01235697,1713556799999
1713556800000,0.53147,0.53147,0.51117,0.5225,199326.80835726,1713571199999
1713571200000,0.52829,0.53209,0.51261,0.52513,117415.31247182,1713585599999
1713585600000,0.52556,0.55174,0.52433,0.54372,371023.06440495,1713599999999
1713600000000,0.54243,0.55216,0.53805,0.54009,722004.5355829,1713614399999
1713614400000,0.53981,0.55506,0.53746,0.55506,386025.06719294,1713628799999
1713628800000,0.55524,0.56602,0.54859,0.5619,292208.06221752,1713643199999
1713643200000,0.56192,0.56848,0.55761,0.56692,97483.72898396,1713657599999
1713657600000,0.56634,0.57561,0.5558,0.56669,82991.36182472,1713671999999
1713672000000,0.56879,0.57357,0.55916,0.5645,191600.33669687,1713686399999
1713686400000,0.5636,0.57471,0.55427,0.55582,217074.00858615,1713700799999
1713700800000,0.5558,0.55895,0.541,0.55107,217232.81485339,1713715199999
1713715200000,0.55291,0.56795,0.54174,0.54972,322216.40662602,1713729599999
1713729600000,0.54859,0.55841,0.54622,0.55314,110583.18049907,1713743999999
1713744000000,0.55207,0.59456,0.54857,0.59349,113648.51363162,1713758399999
1713758400000,0.59001,0.602,0.58894,0.59602,246855.06449824,1713772799999
1713772800000,0.59452,0.65,0.59234,0.62284,1117127.29701735,1713787199999
1713787200000,0.62353,0.62769,0.60474,0.61058,751737.07863795,1713801599999
1713801600000,0.61032,0.62351,0.601,0.62351,389411.20303162,1713815999999
1713816000000,0.62328,0.62336,0.60406,0.60684,421336.97343887,1713830399999
1713830400000,0.60551,0.64234,0.60551,0.61883,352784.54999191,1713844799999
1713844800000,0.6203,0.63011,0.60321,0.60651,499628.34652042,1713859199999
1713859200000,0.60627,0.63,0.60627,0.6128,319795.80400247,1713873599999
1713873600000,0.61103,0.62819,0.60111,0.61413,553171.68032209,1713887999999
1713888000000,0.61563,0.6176,0.5995,0.6068,353703.52870122,1713902399999
1713902400000,0.60834,0.61139,0.59503,0.59796,178498.61926058,1713916799999
1713916800000,0.59602,0.61151,0.58752,0.59513,113296.90456292,1713931199999
1713931200000,0.59479,0.61075,0.59279,0.59957,291979.00659664,1713945599999
1713945600000,0.60044,0.60639,0.59422,0.59859,197848.11110264,1713959999999
1713960000000,0.59878,0.60604,0.55904,0.55904,580992.44772381,1713974399999
1713974400000,0.55958,0.56878,0.551,0.56032,994574.38320077,1713988799999
1713988800000,0.55891,0.56419,0.54874,0.55302,208305.28659058,1714003199999
1714003200000,0.55323,0.57438,0.54848,0.55355,178129.43711988,1714017599999
1714017600000,0.55179,0.5722,0.542,0.5637,261170.98632778,1714031999999
1714032000000,0.56239,0.57119,0.5535,0.56522,357604.67453927,1714046399999
1714046400000,0.56263,0.59494,0.55298,0.58961,616737.44897774,1714060799999
1714060800000,0.59263,0.61525,0.58274,0.59762,658805.15030133,1714075199999
1714075200000,0.59785,0.61003,0.58747,0.58897,287728.41586813,1714089599999
1714089600000,0.58662,0.59686,0.57055,0.57507,115330.07831654,1714103999999
1714104000000,0.5729,0.57504,0.5537,0.55571,255307.76210697,1714118399999
1714118400000,0.55549,0.56157,0.55092,0.55569,105497.09661428,1714132799999
1714132800000,0.555,0.57788,0.5481,0.555,517608.23362626,1714147199999
1714147200000,0.55538,0.55942,0.54705,0.55831,144245.50932502,1714161599999
1714161600000,0.55506,0.55878,0.54306,0.54826,99914.54107344,1714175999999
1714176000000,0.54571,0.54616,0.51447,0.5289,248184.06565453,1714190399999
1714190400000,0.52992,0.53201,0.52266,0.52562,78086.55664116,1714204799999
1714204800000,0.52465,0.53075,0.51856,0.52371,352223.07846341,1714219199999
1714219200000,0.52285,0.54089,0.52285,0.53443,145545.44975617,1714233599999
1714233600000,0.53459,0.55672,0.53113,0.54317,156893.40877854,1714247999999
1714248000000,0.5434,0.55601,0.53807,0.54867,289658.72859235,1714262399999
1714262400000,0.54567,0.58185,0.544,0.57277,167156.50463989,1714276799999
1714276800000,0.57286,0.58071,0.56482,0.57824,131923.33485256,1714291199999
1714291200000,0.57846,0.58246,0.55677,0.55866,254132.45980463,1714305599999
1714305600000,0.55865,0.56828,0.55391,0.56215,158776.34826605,1714319999999
1714320000000,0.56335,0.56754,0.55955,0.56425,89083.92284646,1714334399999
1714334400000,0.56308,0.56876,0.55,0.55393,139785.42421057,1714348799999
1714348800000,0.55624,0.5725,0.54466,0.55158,183421.91170192,1714363199999
1714363200000,0.55485,0.585,0.55482,0.56345,447419.11882036,1714377599999
1714377600000,0.56362,0.57816,0.55644,0.56672,282530.0385995,1714391999999
1714392000000,0.56502,0.59961,0.56446,0.59599,709502.71527087,1714406399999
1714406400000,0.5985,0.60289,0.57575,0.59041,789808.4673922,1714420799999
1714420800000,0.59031,0.60233,0.57029,0.59249,575156.26966773,1714435199999
1714435200000,0.5897,0.59055,0.57013,0.57814,60533.85898919,1714449599999
1714449600000,0.5779,0.58081,0.5584,0.56395,779441.00670374,1714463999999
1714464000000,0.56575,0.56575,0.53387,0.5351,1288552.41908101,1714478399999
1714478400000,0.53657,0.54039,0.51532,0.52138,852287.83018492,1714492799999
1714492800000,0.52134,0.52137,0.49955,0.50248,1083327.84545408,1714507199999
1714507200000,0.50285,0.52281,0.50282,0.5089,596282.20485319,1714521599999
1714521600000,0.506,0.51515,0.49164,0.51424,307820.93823286,1714535999999
1714536000000,0.5121,0.51335,0.48543,0.49176,431125.33730263,1714550399999
1714550400000,0.48949,0.50374,0.47522,0.49598,864990.14684232,1714564799999
1714564800000,0.49566,0.503,0.47343,0.47496,502240.5812235,1714579199999
1714579200000,0.47556,0.50754,0.46261,0.4765,801131.9208392,1714593599999
1714593600000,0.48025,0.49575,0.47341,0.49456,322493.82198241,1714607999999
1714608000000,0.4965,0.497,0.465,0.47789,135062.69663797,1714622399999
1714622400000,0.47823,0.48329,0.47072,0.47795,182021.71154277,1714636799999
1714636800000,0.47718,0.50516,0.47606,0.50339,348850.93306313,1714651199999
1714651200000,0.50359,0.50871,0.48941,0.50321,602141.33275499,1714665599999
1714665600000,0.50212,0.5085,0.49589,0.50578,311135.74982362,1714679999999
1714680000000,0.50714,0.51208,0.49924,0.50329,192157.82175876,1714694399999
1714694400000,0.50421,0.51666,0.4965,0.51005,260508.06773015,1714708799999
1714708800000,0.5092,0.51124,0.49098,0.49528,457645.32179388,1714723199999
1714723200000,0.49379,0.50136,0.48946,0.49282,490784.5733685,1714737599999
1714737600000,0.49113,0.524,0.49058,0.51893,580012.84500003,1714751999999
1714752000000,0.51984,0.52843,0.51502,0.52171,239623.58868846,1714766399999
1714766400000,0.52072,0.53297,0.52021,0.52907,298965.77338993,1714780799999
1714780800000,0.52891,0.53058,0.5174,0.5216,94471.38775261,1714795199999
1714795200000,0.52569,0.52717,0.51729,0.51729,162903.40651387,1714809599999
1714809600000,0.51776,0.53385,0.51776,0.52491,313464.53263619,1714823999999
1714824000000,0.52462,0.53808,0.52419,0.52824,346665.74306773,1714838399999
1714838400000,0.525,0.53303,0.52413,0.53298,145148.33859775,1714852799999
1714852800000,0.53283,0.53369,0.52339,0.52352,117887.58353922,1714867199999
1714867200000,0.52335,0.53,0.51,0.53,54760.27379243,1714881599999
1714881600000,0.53313,0.53804,0.52413,0.5255,126139.98210687,1714895999999
1714896000000,0.52443,0.52636,0.51659,0.51922,107364.58517245,1714910399999
1714910400000,0.51962,0.53494,0.51511,0.53076,162963.24333582,1714924799999
1714924800000,0.5316,0.53442,0.52037,0.52237,133755.04014751,1714939199999
1714939200000,0.52171,0.52317,0.51743,0.52317,196972.97488385,1714953599999
1714953600000,0.51961,0.52916,0.515,0.5209,30661.28807492,1714967999999
1714968000000,0.51981,0.53334,0.51841,0.53184,117821.44046963,1714982399999
1714982400000,0.53224,0.5445,0.52429,0.52776,367019.56324969,1714996799999
1714996800000,0.52873,0.53007,0.50642,0.51519,362623.68987079,1715011199999
1715011200000,0.5135,0.51677,0.49871,0.50357,208420.17798905,1715025599999
1715025600000,0.50351,0.50967,0.50036,0.50221,106722.51392304,1715039999999
1715040000000,0.50431,0.51099,0.49252,0.49633,20755.92761879,1715054399999
1715054400000,0.49866,0.506,0.49574,0.50044,196096.86180075,1715068799999
1715068800000,0.50097,0.51054,0.49553,0.49676,146749.28313492,1715083199999
1715083200000,0.49655,0.51034,0.4927,0.50511,135942.41211879,1715097599999
1715097600000,0.5047,0.50849,0.49612,0.49694,112077.53205041,1715111999999
1715112000000,0.49646,0.4983,0.48354,0.484,79203.40155196,1715126399999
1715126400000,0.486,0.48727,0.475,0.48626,32048.19268217,1715140799999
1715140800000,0.48579,0.48579,0.47708,0.48251,201127.99261897,1715155199999
1715155200000,0.48325,0.49963,0.48161,0.49055,288207.37043527,1715169599999
1715169600000,0.4896,0.5043,0.48521,0.49891,262364.64844472,1715183999999
1715184000000,0.50034,0.50218,0.48863,0.49206,152550.74393587,1715198399999
1715198400000,0.49139,0.49139,0.48237,0.48508,138009.57499982,1715212799999
1715212800000,0.48334,0.4889,0.48251,0.48842,17141.0778359,1715227199999
1715227200000,0.49,0.49151,0.48469,0.48469,112080.44990522,1715241599999
1715241600000,0.48602,0.48827,0.4775,0.48189,238738.01748071,1715255999999
1715256000000,0.4823,0.49034,0.47604,0.48635,184536.75844606,1715270399999
1715270400000,0.48643,0.49154,0.48222,0.48951,136736.24033103,1715284799999
1715284800000,0.48941,0.50698,0.48682,0.50039,158512.00995914,1715299199999
1715299200000,0.49957,0.50329,0.49268,0.50138,40969.4282317,1715313599999
1715313600000,0.50143,0.50659,0.49819,0.50256,76003.60674265,1715327999999
1715328000000,0.50345,0.50578,0.49757,0.50458,59396.86197079,1715342399999
1715342400000,0.50507,0.50769,0.47462,0.47687,171805.86882093,1715356799999
1715356800000,0.47685,0.48251,0.46941,0.47331,106896.55761499,1715371199999
1715371200000,0.47226,0.47529,0.46795,0.47303,78614.63589023,1715385599999
1715385600000,0.47057,0.4786,0.46644,0.46766,18999.22538642,1715399999999
1715400000000,0.46826,0.47169,0.46612,0.46969,59493.81981563,1715414399999
1715414400000,0.47002,0.47002,0.46208,0.46539,106749.01817393,1715428799999
1715428800000,0.46595,0.48,0.46581,0.47565,56187.2401747,1715443199999
1715443200000,0.47742,0.47754,0.47144,0.47387,25484.62805695,1715457599999
1715457600000,0.47354,0.47354,0.46236,0.46392,28592.78259301,1715471999999
1715472000000,0.46537,0.46603,0.46441,0.46465,6117.69802453,1715486399999
1715486400000,0.46708,0.46708,0.46053,0.46133,38136.83542664,1715500799999
1715500800000,0.46185,0.47009,0.46059,0.46623,127311.66922503,1715515199999
1715515200000,0.46723,0.46873,0.46415,0.46733,38833.34517851,1715529599999
1715529600000,0.46725,0.47124,0.46074,0.46295,43503.55488068,1715543999999
1715544000000,0.461,0.4658,0.45741,0.46277,57356.81196852,1715558399999
1715558400000,0.46656,0.47056,0.44572,0.45467,138843.98972813,1715572799999
1715572800000,0.45042,0.45471,0.43812,0.45354,150605.82079296,1715587199999
1715587200000,0.455,0.45922,0.45095,0.45287,178070.6873227,1715601599999
1715601600000,0.45388,0.45971,0.44961,0.45719,82489.38714888,1715615999999
1715616000000,0.4553,0.4612,0.44267,0.44917,211569.9453156,1715630399999
1715630400000,0.44971,0.45432,0.44604,0.44814,134810.80922435,1715644799999
1715644800000,0.44746,0.44836,0.43591,0.43724,54203.39314876,1715659199999
1715659200000,0.44003,0.44422,0.42865,0.4365,67677.1814724,1715673599999
1715673600000,0.4349,0.43692,0.43092,0.43168,122819.11883894,1715687999999
1715688000000,0.43135,0.43598,0.42028,0.42159,260923.93676064,1715702399999
1715702400000,0.42262,0.42407,0.41031,0.4231,331175.91209164,1715716799999
1715716800000,0.42191,0.42648,0.41847,0.42052,123270.83321254,1715731199999
1715731200000,0.4203,0.43002,0.414,0.43002,42588.28353725,1715745599999
1715745600000,0.42767,0.43047,0.4201,0.4221,103533.59083399,1715759999999
1715760000000,0.42108,0.43021,0.41753,0.4192,111378.76206527,1715774399999
1715774400000,0.42274,0.47711,0.42063,0.46387,789067.84316023,1715788799999
1715788800000,0.46431,0.49929,0.45929,0.49911,755738.36803789,1715803199999
1715803200000,0.49848,0.50237,0.48335,0.48335,765799.33618482,1715817599999
1715817600000,0.48527,0.48951,0.4775,0.48858,99932.61349276,1715831999999
1715832000000,0.49077,0.50943,0.48554,0.5042,416417.54529731,1715846399999
1715846400000,0.50341,0.54395,0.50279,0.51786,1702520.87429242,1715860799999
1715860800000,0.51933,0.51933,0.49872,0.50781,665079.28198017,1715875199999
1715875200000,0.50502,0.50784,0.49334,0.50496,341211.44961689,1715889599999
1715889600000,0.50284,0.50383,0.49249,0.49519,164609.44268016,1715903999999
1715904000000,0.49572,0.51806,0.4956,0.5098,228551.62273647,1715918399999
1715918400000,0.51089,0.52477,0.50278,0.52463,341033.25002486,1715932799999
1715932800000,0.52382,0.52535,0.51231,0.51575,254776.6843866,1715947199999
1715947200000,0.51654,0.52486,0.50602,0.52388,341057.60541411,1715961599999
1715961600000,0.52399,0.52413,0.50981,0.51593,190869.92740672,1715975999999
1715976000000,0.51462,0.52383,0.5126,0.51518,158970.06869648,1715990399999
1715990400000,0.51523,0.52683,0.514,0.51786,28899.54181078,1716004799999
1716004800000,0.51757,0.51896,0.51239,0.51239,138825.06622577,1716019199999
1716019200000,0.51252,0.52127,0.50994,0.51126,203009.49113831,1716033599999
1716033600000,0.51061,0.51377,0.50022,0.51212,236647.51194774,1716047999999
1716048000000,0.51339,0.51624,0.50457,0.50573,102832.95590263,1716062399999
1716062400000,0.5053,0.50814,0.50196,0.50394,31284.81040981,1716076799999
1716076800000,0.50215,0.50557,0.50093,0.50181,69691.62671339,1716091199999
1716091200000,0.50362,0.5052,0.49701,0.50429,42601.14032665,1716105599999
1716105600000,0.50478,0.50526,0.49114,0.4947,102296.29277391,1716119999999
1716120000000,0.49406,0.49416,0.47922,0.4827,89591.74968451,1716134399999
1716134400000,0.48193,0.4877,0.47784,0.48239,169233.05173837,1716148799999
1716148800000,0.48163,0.48536,0.47799,0.48114,174943.96124172,1716163199999
1716163200000,0.4814,0.48275,0.46982,0.47775,58215.64004579,1716177599999
1716177600000,0.47574,0.48692,0.47024,0.47884,85455.11625186,1716191999999
1716192000000,0.47844,0.49132,0.47843,0.48681,294951.68531925,1716206399999
1716206400000,0.48681,0.49082,0.47758,0.49031,86444.69161842,1716220799999
1716220800000,0.48965,0.53861,0.48645,0.53117,819165.17992162,1716235199999
1716235200000,0.52973,0.53419,0.51012,0.53253,385229.82617152,1716249599999
1716249600000,0.53093,0.54989,0.52872,0.53389,217746.61280753,1716263999999
1716264000000,0.53396,0.53904,0.52416,0.52816,538518.10150799,1716278399999
1716278400000,0.52815,0.5324,0.52242,0.52543,343465.61023781,1716292799999
1716292800000,0.52341,0.53262,0.5185,0.51918,212631.68277354,1716307199999
1716307200000,0.51893,0.53087,0.518,0.52197,136717.93998749,1716321599999
1716321600000,0.52076,0.52872,0.51941,0.52468,87145.77922797,1716335999999
1716336000000,0.52467,0.53,0.51162,0.51398,82500.7900951,1716350399999
1716350400000,0.51516,0.52496,0.50406,0.5168,91436.71449867,1716364799999
1716364800000,0.51766,0.52751,0.51441,0.51938,318690.06958837,1716379199999
1716379200000,0.51712,0.52044,0.50357,0.51548,245954.76223499,1716393599999
1716393600000,0.5144,0.51566,0.4957,0.50356,266948.14944623,1716407999999
1716408000000,0.50389,0.51046,0.49741,0.50467,261547.18001517,1716422399999
1716422400000,0.5027,0.51242,0.50157,0.50892,35342.58092506,1716436799999
1716436800000,0.51037,0.51301,0.50557,0.512,172117.35992896,1716451199999
1716451200000,0.5123,0.51298,0.50173,0.50895,238492.58244201,1716465599999
1716465600000,0.5075,0.51,0.475,0.48136,353950.46770011,1716479999999
1716480000000,0.48203,0.48364,0.4715,0.47358,273078.16029128,1716494399999
1716494400000,0.47084,0.4897,0.46,0.48514,388920.54961172,1716508799999
1716508800000,0.4827,0.48718,0.48198,0.48332,27694.30814797,1716523199999
1716523200000,0.48407,0.48407,0.464,0.47006,127487.78512238,1716537599999
1716537600000,0.46955,0.47143,0.461,0.47135,118425.92390598,1716551999999
1716552000000,0.47047,0.4803,0.4661,0.47519,136628.75435654,1716566399999
1716566400000,0.47477,0.48004,0.46791,0.47434,177523.67081175,1716580799999
1716580800000,0.4742,0.47837,0.47285,0.47726,75254.76800095,1716595199999
1716595200000,0.47632,0.48771,0.47632,0.48138,41073.78289876,1716609599999
1716609600000,0.48509,0.4872,0.48115,0.48589,55644.114787,1716623999999
1716624000000,0.48645,0.49695,0.48414,0.49187,317840.6020269,1716638399999
1716638400000,0.49305,0.49443,0.48514,0.49147,122712.27784063,1716652799999
1716652800000,0.49078,0.49696,0.49041,0.49173,82425.99210213,1716667199999
1716667200000,0.4902,0.49272,0.4866,0.49169,134379.35194896,1716681599999
1716681600000,0.4949,0.50681,0.4949,0.49796,119373.37094562,1716695999999
1716696000000,0.49505,0.49807,0.49262,0.49575,64061.32666631,1716710399999
1716710400000,0.49404,0.49579,0.48398,0.48786,169613.99806178,1716724799999
1716724800000,0.48634,0.49662,0.48339,0.49048,131681.88785379,1716739199999
1716739200000,0.49202,0.50345,0.48912,0.49983,218313.98855082,1716753599999
1716753600000,0.4993,0.5005,0.48703,0.4949,186501.86193071,1716767999999
1716768000000,0.49278,0.50197,0.49222,0.49707,24651.28137741,1716782399999
1716782400000,0.4978,0.50211,0.49148,0.50017,123873.91264377,1716796799999
1716796800000,0.50083,0.50581,0.49363,0.49562,172678.27897289,1716811199999
1716811200000,0.49602,0.51081,0.49295,0.50968,222746.71341597,1716825599999
1716825600000,0.51265,0.53276,0.51219,0.51529,892394.85078963,1716839999999
1716840000000,0.51503,0.52926,0.51405,0.524,242391.52397695,1716854399999
1716854400000,0.52388,0.53015,0.50046,0.50362,84311.95881989,1716868799999
1716868800000,0.50255,0.50255,0.49234,0.49598,212037.13364004,1716883199999
1716883200000,0.49558,0.51001,0.495,0.50626,301900.56292077,1716897599999
1716897600000,0.50666,0.50739,0.491,0.4964,444243.6933785,1716911999999
1716912000000,0.4964,0.50142,0.48948,0.4999,356668.94071782,1716926399999
1716926400000,0.50031,0.5065,0.4969,0.49822,152184.13504571,1716940799999
1716940800000,0.4989,0.49982,0.48711,0.49681,48861.65558004,1716955199999
1716955200000,0.4991,0.50355,0.49389,0.49436,120767.5436066,1716969599999
1716969600000,0.49632,0.49632,0.48557,0.48643,278240.76378535,1716983999999
1716984000000,0.48657,0.49105,0.48,0.48047,257870.65374007,1716998399999
1716998400000,0.48,0.48716,0.47681,0.47682,350883.09045086,1717012799999
1717012800000,0.47725,0.4821,0.47619,0.4782,85052.03938271,1717027199999
1717027200000,0.4785,0.485,0.4752,0.48353,34769.9040187,1717041599999
1717041600000,0.4821,0.4863,0.46517,0.46629,163639.63833465,1717055999999
1717056000000,0.46737,0.47964,0.46349,0.47649,175071.61033977,1717070399999
1717070400000,0.47647,0.48399,0.4729,0.47522,123153.63165183,1717084799999
1717084800000,0.47484,0.48512,0.4748,0.47748,281790.76719947,1717099199999
1717099200000,0.47551,0.47599,0.47056,0.47197,78902.70704493,1717113599999
1717113600000,0.47,0.4734,0.46673,0.4728,5304.90808251,1717127999999
1717128000000,0.47424,0.4743,0.46599,0.47125,69068.69732904,1717142399999
1717142400000,0.47006,0.47542,0.46687,0.47365,127925.41595021,1717156799999
1717156800000,0.47436,0.48033,0.46675,0.46742,234514.12383386,1717171199999
1717171200000,0.46733,0.46981,0.4615,0.46757,200724.5646591,1717185599999
1717185600000,0.46882,0.47148,0.46534,0.46827,162011.73922892,1717199999999
1717200000000,0.46772,0.46925,0.46541,0.46776,50973.09313134,1717214399999
1717214400000,0.46578,0.46651,0.46153,0.46247,104838.30925561,1717228799999
1717228800000,0.46253,0.46603,0.461,0.46158,102569.54326118,1717243199999
1717243200000,0.462,0.46671,0.46,0.46,220561.19260332,1717257599999
1717257600000,0.46009,0.46133,0.45333,0.45865,151001.66505379,1717271999999
1717272000000,0.4585,0.46238,0.45425,0.45544,50517.07871901,1717286399999
1717286400000,0.45661,0.45662,0.44564,0.45474,52678.60019147,1717300799999
1717300800000,0.45432,0.45907,0.45309,0.45457,75725.84689173,1717315199999
1717315200000,0.45423,0.45959,0.45087,0.45959,96726.86721501,1717329599999
1717329600000,0.45903,0.46328,0.4538,0.46261,109516.38279677,1717343999999
1717344000000,0.46235,0.46384,0.44496,0.4492,102218.71570702,1717358399999
1717358400000,0.44973,0.45052,0.44,0.44263,67359.37144171,1717372799999
1717372800000,0.44115,0.45443,0.4375,0.45089,99980.68541593,1717387199999
1717387200000,0.45093,0.45912,0.4435,0.45524,122634.94132977,1717401599999
1717401600000,0.45662,0.478,0.45528,0.4718,448219.97112386,1717415999999
1717416000000,0.47274,0.47646,0.46193,0.46823,105385.49812349,1717430399999
1717430400000,0.46978,0.47102,0.4616,0.46278,92604.65639335,1717444799999
1717444800000,0.46233,0.46453,0.45893,0.46124,61721.51677201,1717459199999
1717459200000,0.46406,0.4708,0.46002,0.46836,22958.81081154,1717473599999
1717473600000,0.46847,0.46847,0.4622,0.46451,62279.94423648,1717487999999
1717488000000,0.46517,0.46824,0.45861,0.46124,66294.68726649,1717502399999
1717502400000,0.46101,0.48179,0.45956,0.48091,113091.53516127,1717516799999
1717516800000,0.48261,0.48388,0.47252,0.47808,239897.61654912,1717531199999
1717531200000,0.47772,0.48168,0.47407,0.48052,128552.07069101,1717545599999
1717545600000,0.47815,0.48514,0.47553,0.47595,32873.42496811,1717559999999
1717560000000,0.47968,0.48464,0.47582,0.47926,105278.16079795,1717574399999
1717574400000,0.47918,0.48073,0.47409,0.4782,147145.86151052,1717588799999
1717588800000,0.4782,0.48751,0.47404,0.4873,145535.2080156,1717603199999
1717603200000,0.48618,0.48944,0.48021,0.48433,243725.31413437,1717617599999
1717617600000,0.48584,0.48623,0.481,0.48412,63599.07421404,1717631999999
1717632000000,0.48683,0.4876,0.48146,0.48146,26121.64429351,1717646399999
1717646400000,0.48021,0.48021,0.47317,0.47648,72513.72001093,1717660799999
1717660800000,0.47585,0.47923,0.47361,0.47825,88389.3246323,1717675199999
1717675200000,0.47801,0.48569,0.47445,0.48166,233635.08462275,1717689599999
1717689600000,0.48163,0.48197,0.46551,0.46644,159302.43016304,1717703999999
1717704000000,0.4662,0.47045,0.46232,0.468,222195.40093689,1717718399999
1717718400000,0.46608,0.46796,0.46345,0.4663,48385.55976655,1717732799999
1717732800000,0.46713,0.493,0.46635,0.48988,209176.27252994,1717747199999
1717747200000,0.48952,0.50261,0.48892,0.5,376749.85140558,1717761599999
1717761600000,0.49958,0.5206,0.49331,0.51397,990785.95964026,1717775999999
1717776000000,0.51316,0.51581,0.43196,0.46687,1977367.36092274,1717790399999
1717790400000,0.4664,0.49348,0.46197,0.49149,310922.95426001,1717804799999
1717804800000,0.48872,0.50259,0.48696,0.49383,250315.16978059,1717819199999
1717819200000,0.49481,0.50865,0.4851,0.50648,567930.98272035,1717833599999
1717833600000,0.50642,0.50671,0.4746,0.4746,599326.68815941,1717847999999
1717848000000,0.47431,0.476,0.4569,0.46748,401459.8445598,1717862399999
1717862400000,0.468,0.46914,0.46,0.46187,141913.03733787,1717876799999
1717876800000,0.4621,0.46255,0.45331,0.45868,148005.32003934,1717891199999
1717891200000,0.45808,0.45992,0.44783,0.45426,70660.33205458,1717905599999
1717905600000,0.45429,0.45991,0.44727,0.4558,179980.86738776,1717919999999
1717920000000,0.45549,0.45845,0.45418,0.45659,132307.43242378,1717934399999
1717934400000,0.4568,0.46843,0.45485,0.45518,239935.3336074,1717948799999
1717948800000,0.45496,0.45766,0.45191,0.4559,152218.27828834,1717963199999
1717963200000,0.45654,0.46926,0.45364,0.46687,59329.632287,1717977599999
1717977600000,0.46312,0.46818,0.45614,0.45614,17306.20588204,1717991999999
1717992000000,0.45607,0.45607,0.44324,0.444,111368.42136618,1718006399999
1718006400000,0.44404,0.46267,0.44404,0.46026,135552.7512758,1718020799999
1718020800000,0.46067,0.4641,0.45063,0.46342,305083.8801942,1718035199999
1718035200000,0.46186,0.46217,0.45027,0.45143,74936.10970479,1718049599999
1718049600000,0.45116,0.45116,0.44497,0.4474,71317.17779991,1718063999999
1718064000000,0.44618,0.4463,0.43183,0.43555,59321.08131375,1718078399999
1718078400000,0.43658,0.43964,0.43115,0.43232,128236.49272084,1718092799999
1718092800000,0.43546,0.45018,0.43506,0.44799,127201.47790213,1718107199999
1718107200000,0.44673,0.44791,0.42181,0.42471,232664.18597725,1718121599999
1718121600000,0.42505,0.43721,0.41919,0.43628,333807.96484491,1718135999999
1718136000000,0.43536,0.43571,0.42477,0.42554,127329.09874498,1718150399999
1718150400000,0.42581,0.42726,0.4089,0.42553,153518.57392477,1718164799999
1718164800000,0.42497,0.43005,0.42189,0.42775,80991.15293784,1718179199999
1718179200000,0.42708,0.43941,0.42618,0.43348,120899.40272082,1718193599999
1718193600000,0.43441,0.4569,0.43379,0.44899,362937.80001859,1718207999999
1718208000000,0.44857,0.45421,0.43387,0.43613,199530.32380036,1718222399999
1718222400000,0.4356,0.44756,0.43423,0.44472,40208.14923062,1718236799999
1718236800000,0.44093,0.45216,0.42748,0.43329,131592.11440002,1718251199999
1718251200000,0.43421,0.43537,0.42653,0.42903,125939.03033714,1718265599999
1718265600000,0.42796,0.43169,0.42359,0.42809,107904.09830189,1718279999999
1718280000000,0.42874,0.43215,0.41614,0.41619,89614.47291817,1718294399999
1718294400000,0.41525,0.42246,0.41525,0.41788,125041.034092,1718308799999
1718308800000,0.4176,0.4176,0.41,0.41178,45827.52950724,1718323199999
1718323200000,0.41301,0.41329,0.4046,0.41228,31726.44663294,1718337599999
1718337600000,0.41273,0.42044,0.40996,0.4201,43858.9422482,1718351999999
1718352000000,0.41689,0.42097,0.41364,0.41657,100831.26699626,1718366399999
1718366400000,0.4174,0.41797,0.39877,0.39943,162505.00947336,1718380799999
1718380800000,0.40017,0.40017,0.38197,0.38545,431143.00440569,1718395199999
1718395200000,0.38668,0.39598,0.38618,0.39341,109146.19435458,1718409599999
1718409600000,0.39195,0.39242,0.3865,0.39107,15232.23805108,1718423999999
1718424000000,0.3913,0.39648,0.38949,0.39258,55546.75178444,1718438399999
1718438400000,0.39264,0.39374,0.39008,0.39289,63423.72051698,1718452799999
1718452800000,0.39331,0.39755,0.39218,0.39435,132939.30888034,1718467199999
1718467200000,0.39433,0.39576,0.38801,0.39029,93784.10011887,1718481599999
1718481600000,0.39087,0.39093,0.38604,0.38845,56102.60917855,1718495999999
1718496000000,0.38913,0.38927,0.37708,0.37877,34694.29476809,1718510399999
1718510400000,0.3765,0.38781,0.37604,0.38456,41767.34330955,1718524799999
1718524800000,0.38437,0.38873,0.38347,0.38568,106839.10794784,1718539199999
1718539200000,0.38617,0.39171,0.38568,0.38781,80183.97670625,1718553599999
1718553600000,0.38748,0.39007,0.38613,0.38791,63202.27809332,1718567999999
1718568000000,0.38798,0.39261,0.38617,0.38682,186225.76024896,1718582399999
1718582400000,0.38681,0.39021,0.3706,0.37209,36725.91080327,1718596799999
1718596800000,0.3701,0.3737,0.36,0.363,141535.53076239,1718611199999
1718611200000,0.36302,0.3635,0.34852,0.3572,278666.70889903,1718625599999
1718625600000,0.35703,0.36024,0.35228,0.35303,235270.29299164,1718639999999
1718640000000,0.35371,0.37026,0.34274,0.36314,469045.27593239,1718654399999
1718654400000,0.36383,0.36383,0.35146,0.35312,97403.894829,1718668799999
1718668800000,0.35475,0.35475,0.309,0.32866,718331.3106854,1718683199999
1718683200000,0.328,0.33425,0.32478,0.33025,306151.74856338,1718697599999
1718697600000,0.33024,0.33331,0.32142,0.32583,293176.56316387,1718711999999
1718712000000,0.32664,0.32801,0.3121,0.32495,218402.12585863,1718726399999
1718726400000,0.32429,0.3258,0.31518,0.3204,287136.43256906,1718740799999
1718740800000,0.32109,0.32347,0.31692,0.32078,165226.58673894,1718755199999
1718755200000,0.31955,0.33391,0.31409,0.33258,67898.91537198,1718769599999
1718769600000,0.33345,0.33906,0.33076,0.3334,344356.02665376,1718783999999
1718784000000,0.33344,0.3339,0.32663,0.32787,78705.01808166,1718798399999
1718798400000,0.32846,0.33164,0.3216,0.32364,95548.17570137,1718812799999
1718812800000,0.32349,0.33499,0.3215,0.33042,235410.334822,1718827199999
1718827200000,0.33065,0.33963,0.32923,0.3325,146340.72572674,1718841599999
1718841600000,0.33069,0.34817,0.33066,0.33605,17505.52785435,1718855999999
1718856000000,0.33768,0.35137,0.33768,0.35137,120831.03876576,1718870399999
1718870400000,0.35125,0.36673,0.34887,0.35745,424112.18840893,1718884799999
1718884800000,0.3584,0.36183,0.33896,0.34134,393611.9680016,1718899199999
1718899200000,0.34057,0.34613,0.33529,0.34445,84465.11615131,1718913599999
1718913600000,0.34455,0.34472,0.33631,0.33636,102527.48013614,1718927999999
1718928000000,0.33689,0.34399,0.33309,0.33759,18724.45284808,1718942399999
1718942400000,0.33788,0.34799,0.33589,0.33931,217721.3393402,1718956799999
1718956800000,0.33937,0.34671,0.3324,0.34122,155144.04875758,1718971199999
1718971200000,0.34167,0.34698,0.33186,0.34154,161668.50887651,1718985599999
1718985600000,0.34246,0.34656,0.33481,0.3429,155629.11236348,1718999999999
1719000000000,0.34365,0.34365,0.33942,0.33966,6649.12289947,1719014399999
1719014400000,0.33707,0.34382,0.33528,0.33994,16930.06172591,1719028799999
1719028800000,0.33808,0.33867,0.33527,0.33543,44071.74633032,1719043199999
1719043200000,0.33608,0.33624,0.33305,0.3348,83336.58692876,1719057599999
1719057600000,0.3347,0.33911,0.33333,0.33685,59367.99900903,1719071999999
1719072000000,0.33688,0.33823,0.33234,0.33327,47985.0651136,1719086399999
1719086400000,0.33321,0.33337,0.33046,0.33046,21227.91447991,1719100799999
1719100800000,0.33,0.33631,0.33,0.33631,9876.72416877,1719115199999
1719115200000,0.33668,0.33668,0.33265,0.33612,44639.17033456,1719129599999
1719129600000,0.33643,0.33822,0.33122,0.33122,43811.34779591,1719143999999
1719144000000,0.33103,0.33296,0.32611,0.32694,100884.22000895,1719158399999
1719158400000,0.32682,0.32826,0.32059,0.32772,68321.47032578,1719172799999
1719172800000,0.32758,0.33074,0.3227,0.32636,122382.21007181,1719187199999
1719187200000,0.3279,0.33027,0.32302,0.32359,6318.69690502,1719201599999
1719201600000,0.32421,0.32421,0.31248,0.31486,130140.93218135,1719215999999
1719216000000,0.31576,0.32712,0.30796,0.32195,259387.9402727,1719230399999
1719230400000,0.32486,0.32992,0.31882,0.32013,290163.38058986,1719244799999
1719244800000,0.31936,0.32895,0.31936,0.323,86566.23362016,1719259199999
1719259200000,0.32495,0.34049,0.32095,0.34,134048.07034873,1719273599999
1719273600000,0.33993,0.35136,0.33835,0.34692,92158.98410926,1719287999999
1719288000000,0.34667,0.35211,0.34347,0.34347,175016.12918699,1719302399999
1719302400000,0.3437,0.34945,0.3386,0.34761,284602.01768359,1719316799999
1719316800000,0.34906,0.35886,0.3475,0.35766,112188.47926142,1719331199999
1719331200000,0.3579,0.35809,0.35343,0.35643,107782.19877113,1719345599999
1719345600000,0.35708,0.35719,0.34916,0.3502,104374.68670152,1719359999999
1719360000000,0.34796,0.34951,0.33991,0.34174,39794.64699757,1719374399999
1719374400000,0.34075,0.34333,0.33816,0.34221,544417.69805705,1719388799999
1719388800000,0.34208,0.34208,0.33626,0.33776,49199.40557185,1719403199999
1719403200000,0.33774,0.34227,0.33617,0.33713,125348.43972324,1719417599999
1719417600000,0.33666,0.33706,0.32951,0.33487,189695.12716004,1719431999999
1719432000000,0.33476,0.3375,0.33037,0.33129,36131.50985921,1719446399999
1719446400000,0.329,0.33006,0.32706,0.32799,17844.78436958,1719460799999
1719460800000,0.32708,0.3275,0.32185,0.3245,53331.01256277,1719475199999
1719475200000,0.32484,0.33054,0.32422,0.32988,102807.29456072,1719489599999
1719489600000,0.32946,0.34238,0.32946,0.33615,230050.8527953,1719503999999
1719504000000,0.33637,0.33932,0.33587,0.33649,161066.10163259,1719518399999
1719518400000,0.33697,0.33911,0.33627,0.33712,111480.94724222,1719532799999
1719532800000,0.33637,0.33854,0.33333,0.33472,28341.28627939,1719547199999
1719547200000,0.33385,0.3346,0.33049,0.33329,67847.73118056,1719561599999
1719561600000,0.33288,0.33586,0.33089,0.33418,234518.08172997,1719575999999
1719576000000,0.33441,0.33797,0.33026,0.33482,129786.00893869,1719590399999
1719590400000,0.33228,0.33228,0.32116,0.32189,235482.9689628,1719604799999
1719604800000,0.32234,0.32366,0.31763,0.31883,100555.611036,1719619199999
1719619200000,0.31948,0.32389,0.31948,0.3227,6174.22719956,1719633599999
1719633600000,0.32124,0.32284,0.31837,0.32181,65658.39532965,1719647999999
1719648000000,0.31994,0.32191,0.3185,0.32106,34511.75063505,1719662399999
1719662400000,0.32061,0.32083,0.31607,0.31732,71634.10880862,1719676799999
1719676800000,0.31861,0.31862,0.31089,0.31161,95232.15846786,1719691199999
1719691200000,0.31289,0.31406,0.31,0.31218,44586.00665647,1719705599999
1719705600000,0.31347,0.31347,0.307,0.3078,12806.48417429,1719719999999
1719720000000,0.30668,0.31442,0.304,0.31248,34838.02287672,1719734399999
1719734400000,0.31214,0.31501,0.31014,0.31051,226575.82953554,1719748799999
1719748800000,0.31162,0.31328,0.30919,0.31063,352240.55626968,1719763199999
1719763200000,0.31074,0.31171,0.30663,0.31118,97133.86056439,1719777599999
1719777600000,0.31138,0.31938,0.3089,0.31624,313814.08714441,1719791999999
1719792000000,0.31704,0.32267,0.31598,0.31904,83031.63326231,1719806399999
1719806400000,0.31806,0.31847,0.31475,0.31679,148909.60751503,1719820799999
1719820800000,0.31703,0.3181,0.31137,0.31181,106929.69735995,1719835199999
1719835200000,0.31299,0.31397,0.30913,0.31221,110542.81560259,1719849599999
1719849600000,0.3128,0.32075,0.31144,0.31755,356454.36779675,1719863999999
1719864000000,0.31866,0.31866,0.30995,0.31006,141996.40559184,1719878399999
1719878400000,0.30896,0.31368,0.30758,0.3122,26080.82008016,1719892799999
1719892800000,0.31156,0.31415,0.30782,0.30805,93127.64667656,1719907199999
1719907200000,0.30775,0.31179,0.30637,0.31107,168744.9143451,1719921599999
1719921600000,0.31081,0.3237,0.31,0.31215,1056086.44228519,1719935999999
1719936000000,0.31057,0.31805,0.307,0.31472,503606.96358314,1719950399999
1719950400000,0.31469,0.31665,0.31363,0.31363,85807.22257113,1719964799999
1719964800000,0.31659,0.322,0.3033,0.30963,157026.24567566,1719979199999
1719979200000,0.30927,0.31731,0.30655,0.30931,101073.46941781,1719993599999
1719993600000,0.30849,0.3113,0.3,0.30377,148174.29086373,1720007999999
1720008000000,0.3011,0.30448,0.29579,0.29728,305448.18541763,1720022399999
1720022400000,0.29721,0.29884,0.28801,0.28842,374217.67469436,1720036799999
1720036800000,0.28864,0.29175,0.2869,0.28831,92171.82716445,1720051199999
1720051200000,0.28855,0.28903,0.27254,0.2809,138649.07958826,1720065599999
1720065600000,0.28033,0.28143,0.27208,0.27292,202487.03439715,1720079999999
1720080000000,0.27347,0.2745,0.26901,0.27287,252350.04341619,1720094399999
1720094400000,0.27343,0.27343,0.25956,0.26654,299565.6001248,1720108799999
1720108800000,0.26601,0.269,0.2639,0.26687,125911.93307885,1720123199999
1720123200000,0.26699,0.27003,0.25286,0.25555,162318.12078775,1720137599999
1720137600000,0.25228,0.25457,0.2262,0.22944,682859.71365718,1720151999999
1720152000000,0.22896,0.24126,0.22448,0.23866,449237.20151632,1720166399999
1720166400000,0.23776,0.24839,0.23129,0.24641,295176.2938968,1720180799999
1720180800000,0.2464,0.25814,0.24357,0.25678,258318.37996254,1720195199999
1720195200000,0.25571,0.25666,0.25116,0.25121,106639.12244063,1720209599999
1720209600000,0.25089,0.25506,0.25025,0.25346,92232.76233541,1720223999999
1720224000000,0.25037,0.26063,0.25037,0.25443,18605.99765566,1720238399999
1720238400000,0.25326,0.2599,0.24999,0.25796,88850.84036213,1720252799999
1720252800000,0.25703,0.26219,0.25619,0.26003,138847.66084707,1720267199999
1720267200000,0.26018,0.26278,0.2564,0.26032,145587.22997811,1720281599999
1720281600000,0.25982,0.26639,0.25852,0.26584,221927.21763241,1720295999999
1720296000000,0.26622,0.26815,0.26501,0.26571,89494.34710099,1720310399999
1720310400000,0.26351,0.26468,0.25988,0.25993,24927.99820979,1720324799999
1720324800000,0.26088,0.2611,0.255,0.2575,95122.92736645,1720339199999
1720339200000,0.25858,0.2629,0.25709,0.26261,118581.03774324,1720353599999
1720353600000,0.26231,0.26309,0.24737,0.24945,158760.40353733,1720367999999
1720368000000,0.25084,0.25199,0.24763,0.24903,230271.90040191,1720382399999
1720382400000,0.24897,0.2504,0.23818,0.23921,352947.93759901,1720396799999
1720396800000,0.23866,0.23983,0.22915,0.23815,435678.81241293,1720411199999
1720411200000,0.23769,0.24903,0.23708,0.24903,440482.70403711,1720425599999
1720425600000,0.24827,0.27925,0.24827,0.27601,966748.76577303,1720439999999
1720440000000,0.27957,0.27958,0.26136,0.2663,352449.65308959,1720454399999
1720454400000,0.26609,0.27304,0.26302,0.2721,321081.17626049,1720468799999
1720468800000,0.27041,0.2712,0.26413,0.26439,98173.73868709,1720483199999
1720483200000,0.26462,0.27587,0.26187,0.2753,60558.75302202,1720497599999
1720497600000,0.27339,0.28426,0.27337,0.2807,635102.58355921,1720511999999
1720512000000,0.28149,0.28555,0.27663,0.2796,557139.54876678,1720526399999
1720526400000,0.27978,0.30634,0.27978,0.30579,861395.55938808,1720540799999
1720540800000,0.30525,0.31931,0.30131,0.31456,2101611.50302285,1720555199999
1720555200000,0.314,0.31873,0.30461,0.30811,651941.19899473,1720569599999
1720569600000,0.30744,0.31227,0.29976,0.30237,152780.07365508,1720583999999
1720584000000,0.30185,0.31905,0.30175,0.31407,786879.42887117,1720598399999
1720598400000,0.31523,0.31523,0.30471,0.30666,316078.54269156,1720612799999
1720612800000,0.30742,0.30945,0.29432,0.30683,447006.13032372,1720627199999
1720627200000,0.30543,0.30931,0.30317,0.30531,169896.98997943,1720641599999
1720641600000,0.30539,0.3077,0.30183,0.3077,333837.55990475,1720655999999
1720656000000,0.30845,0.30845,0.29394,0.29579,303963.41248019,1720670399999
1720670400000,0.29636,0.2998,0.29363,0.29885,237407.92370107,1720684799999
1720684800000,0.29902,0.30206,0.29742,0.30128,49280.07562861,1720699199999
1720699200000,0.30081,0.30263,0.28744,0.289,489125.32395913,1720713599999
1720713600000,0.28798,0.29846,0.28732,0.29101,520716.03299528,1720727999999
1720728000000,0.2905,0.29111,0.285,0.28641,70822.81720927,1720742399999
1720742400000,0.28642,0.29762,0.28584,0.29315,208976.95131437,1720756799999
1720756800000,0.29288,0.30035,0.29082,0.29464,135704.06174858,1720771199999
1720771200000,0.29424,0.29926,0.28833,0.28869,254624.43697062,1720785599999
1720785600000,0.28835,0.29232,0.28499,0.29014,401201.20866764,1720799999999
1720800000000,0.29003,0.29045,0.28457,0.28478,72612.70016266,1720814399999
1720814400000,0.28538,0.28561,0.28131,0.28561,56973.73517296,1720828799999
1720828800000,0.28533,0.28708,0.28425,0.28655,6022.43679765,1720843199999
1720843200000,0.28534,0.29064,0.28392,0.28926,61498.39069463,1720857599999
1720857600000,0.28996,0.29326,0.28523,0.28613,179916.28057973,1720871999999
1720872000000,0.2863,0.2906,0.28132,0.28651,251720.26858986,1720886399999
1720886400000,0.28648,0.28797,0.28455,0.28687,217599.00317156,1720900799999
1720900800000,0.2861,0.29299,0.28556,0.28888,501776.32116835,1720915199999
1720915200000,0.29113,0.30111,0.2907,0.30035,116111.50947672,1720929599999
1720929600000,0.30164,0.30766,0.29832,0.30557,413626.54713098,1720943999999
1720944000000,0.30662,0.30736,0.29886,0.29886,201163.88061321,1720958399999
1720958400000,0.29843,0.30073,0.29375,0.29635,127320.3782372,1720972799999
1720972800000,0.29639,0.29721,0.29434,0.29478,263067.26228675,1720987199999
1720987200000,0.29438,0.30334,0.29437,0.30017,93048.3015572,1721001599999
1721001600000,0.30072,0.3127,0.30046,0.31134,41780.6847496,1721015999999
1721016000000,0.31086,0.3226,0.30812,0.31834,314578.3799405,1721030399999
1721030400000,0.31834,0.32412,0.31425,0.31743,136820.50024933,1721044799999
1721044800000,0.31853,0.32988,0.31853,0.32737,486844.42670434,1721059199999
1721059200000,0.32693,0.32826,0.32017,0.3214,563827.66292184,1721073599999
1721073600000,0.32125,0.32802,0.32123,0.32699,169072.25887318,1721087999999
1721088000000,0.32804,0.33036,0.32379,0.3268,52056.85989493,1721102399999
1721102400000,0.32769,0.32776,0.3116,0.31289,509688.46686484,1721116799999
1721116800000,0.31442,0.32032,0.30996,0.3178,245927.43764652,1721131199999
1721131200000,0.3179,0.33016,0.31373,0.32904,739983.88097421,1721145599999
1721145600000,0.33007,0.3385,0.32478,0.33722,316708.96785602,1721159999999
1721160000000,0.33638,0.33638,0.32693,0.33056,290387.18764432,1721174399999
1721174400000,0.33234,0.34058,0.33105,0.33174,14302.10981358,1721188799999
1721188800000,0.3325,0.3349,0.32805,0.32827,128819.90904372,1721203199999
1721203200000,0.3284,0.33326,0.32349,0.32591,149426.93425217,1721217599999
1721217600000,0.32511,0.33327,0.32506,0.32717,342132.82160248,1721231999999
1721232000000,0.32651,0.32683,0.31904,0.32313,267582.35369879,1721246399999
1721246400000,0.32253,0.32623,0.31884,0.31905,65601.88176521,1721260799999
1721260800000,0.31956,0.33085,0.31938,0.33085,22836.45842297,1721275199999
1721275200000,0.3332,0.33578,0.32408,0.32426,88593.95908053,1721289599999
1721289600000,0.32324,0.32571,0.31987,0.32425,97554.03779989,1721303999999
1721304000000,0.3234,0.32624,0.31487,0.31487,309969.87742849,1721318399999
1721318400000,0.31379,0.31922,0.31081,0.3131,220805.44589127,1721332799999
1721332800000,0.31239,0.32151,0.31121,0.32078,77537.53628569,1721347199999
1721347200000,0.32213,0.32643,0.31548,0.32515,18724.13567243,1721361599999
1721361600000,0.32376,0.32469,0.31566,0.31649,51825.49474637,1721375999999
1721376000000,0.31687,0.32199,0.31403,0.32055,266302.90658364,1721390399999
1721390400000,0.32024,0.33361,0.31978,0.33195,412575.79693996,1721404799999
1721404800000,0.33338,0.35314,0.33338,0.35292,1029084.65237012,1721419199999
1721419200000,0.35218,0.36525,0.35174,0.35255,835442.62826425,1721433599999
1721433600000,0.35573,0.36753,0.35184,0.36678,190948.12583969,1721447999999
1721448000000,0.3676,0.38,0.36377,0.37682,665512.5471934,1721462399999
1721462400000,0.37744,0.38333,0.36807,0.3688,649374.78906573,1721476799999
1721476800000,0.3682,0.3715,0.35938,0.36196,463035.56825006,1721491199999
1721491200000,0.36242,0.36984,0.35957,0.36726,271169.28677284,1721505599999
1721505600000,0.36758,0.37054,0.36439,0.36451,74468.36197427,1721519999999
1721520000000,0.36447,0.36501,0.36214,0.36342,28788.58586234,1721534399999
1721534400000,0.3629,0.36353,0.355,0.35875,281573.78646687,1721548799999
1721548800000,0.35875,0.36156,0.35723,0.35888,154090.29027219,1721563199999
1721563200000,0.35881,0.35991,0.3502,0.35278,167153.48679473,1721577599999
1721577600000,0.35365,0.35733,0.33916,0.34922,295282.170613,1721591999999
1721592000000,0.34888,0.3615,0.34888,0.35986,149588.95150945,1721606399999
1721606400000,0.36063,0.382,0.359,0.36904,106029.69541496,1721620799999
1721620800000,0.36973,0.3708,0.35483,0.35632,65894.96311116,1721635199999
1721635200000,0.35533,0.3648,0.35366,0.36437,186134.29610671,1721649599999
1721649600000,0.36333,0.37141,0.35346,0.36545,215479.68124411,1721663999999
1721664000000,0.36536,0.3766,0.36077,0.37269,173727.00444498,1721678399999
1721678400000,0.37469,0.37877,0.35762,0.3617,178508.98732947,1721692799999
1721692800000,0.35947,0.36613,0.35947,0.35955,20185.5869162,1721707199999
1721707200000,0.35814,0.35814,0.345,0.34591,126052.91153676,1721721599999
1721721600000,0.34651,0.35814,0.3459,0.35231,77839.87992813,1721735999999
1721736000000,0.3517,0.36548,0.34541,0.35615,724555.70334445,1721750399999
1721750400000,0.35389,0.35548,0.34123,0.35167,482696.58821026,1721764799999
1721764800000,0.35132,0.35714,0.34299,0.34665,41586.54904368,1721779199999
1721779200000,0.34999,0.35001,0.336,0.33681,16209.24958153,1721793599999
1721793600000,0.33695,0.34273,0.32912,0.34273,103498.72095379,1721807999999
1721808000000,0.34376,0.35024,0.34104,0.34656,140915.11852102,1721822399999
1721822400000,0.34717,0.34999,0.33838,0.33875,144636.48193904,1721836799999
1721836800000,0.33745,0.34563,0.33426,0.33576,153583.47683764,1721851199999
1721851200000,0.33629,0.33718,0.32518,0.32869,182125.58131866,1721865599999
1721865600000,0.32929,0.32929,0.31682,0.32188,104576.98801021,1721879999999
1721880000000,0.32093,0.32987,0.31974,0.32387,228526.58447874,1721894399999
1721894400000,0.32264,0.3255,0.31828,0.32014,179123.78613492,1721908799999
1721908800000,0.32028,0.32523,0.31497,0.32066,80409.06440654,1721923199999
1721923200000,0.32033,0.32598,0.31477,0.31893,83214.1723756,1721937599999
1721937600000,0.31917,0.32962,0.3135,0.32873,152891.19880957,1721951999999
1721952000000,0.33042,0.33518,0.32773,0.33206,4902.73672558,1721966399999
1721966400000,0.33248,0.33741,0.3312,0.33411,83371.92278908,1721980799999
1721980800000,0.33298,0.33871,0.33297,0.33777,207136.4902197,1721995199999
1721995200000,0.33701,0.34474,0.33418,0.34129,245453.37152824,1722009599999
1722009600000,0.34408,0.345,0.34033,0.3415,96166.01569744,1722023999999
1722024000000,0.34058,0.34269,0.33737,0.34269,95699.5660943,1722038399999
1722038400000,0.34066,0.34227,0.33433,0.33845,39635.04334935,1722052799999
1722052800000,0.33867,0.34486,0.33726,0.34293,49347.11954638,1722067199999
1722067200000,0.34387,0.34412,0.33828,0.3403,96843.69061299,1722081599999
1722081600000,0.34121,0.3447,0.331,0.33452,230142.51628867,1722095999999
1722096000000,0.33447,0.33737,0.32733,0.33258,114239.14008309,1722110399999
1722110400000,0.332,0.34537,0.32373,0.33709,122647.06262475,1722124799999
1722124800000,0.33567,0.33567,0.33125,0.33125,18218.68507305,1722139199999
1722139200000,0.32898,0.33252,0.32583,0.33199,71465.58575654,1722153599999
1722153600000,0.33277,0.33337,0.3307,0.3313,113918.33968989,1722167999999
1722168000000,0.33027,0.33252,0.32539,0.32644,205285.31052203,1722182399999
1722182400000,0.32635,0.32706,0.32204,0.3223,74570.78501676,1722196799999
1722196800000,0.3225,0.32319,0.31956,0.32319,167885.51762634,1722211199999
1722211200000,0.32445,0.3362,0.32445,0.33271,76495.01007266,1722225599999
1722225600000,0.33297,0.33701,0.33073,0.33492,100620.17261017,1722239999999
1722240000000,0.33632,0.33814,0.33211,0.33625,286325.24321766,1722254399999
1722254400000,0.33653,0.34323,0.32474,0.32754,610958.04357445,1722268799999
1722268800000,0.32838,0.33273,0.32483,0.3302,254188.43223205,1722283199999
1722283200000,0.33048,0.33067,0.32429,0.32429,65147.02125794,1722297599999
1722297600000,0.32482,0.33073,0.32168,0.32765,53694.42058565,1722311999999
1722312000000,0.3291,0.3291,0.3238,0.32571,52427.27449252,1722326399999
1722326400000,0.32636,0.32653,0.3174,0.31819,255794.34517559,1722340799999
1722340800000,0.31827,0.32047,0.31246,0.31517,302951.64509919,1722355199999
1722355200000,0.31474,0.31518,0.30529,0.30815,328477.45020656,1722369599999
1722369600000,0.3078,0.30876,0.30303,0.30711,160685.89843545,1722383999999
1722384000000,0.30686,0.30686,0.30232,0.30325,28378.13032081,1722398399999
1722398400000,0.30325,0.30761,0.29956,0.30513,94098.16924498,1722412799999
1722412800000,0.30514,0.30603,0.30181,0.30384,261986.44697978,1722427199999
1722427200000,0.30374,0.30948,0.30333,0.3038,221068.91102212,1722441599999
1722441600000,0.30285,0.30612,0.29657,0.29788,461057.83516545,1722455999999
1722456000000,0.29817,0.29817,0.29217,0.29246,624108.12259996,1722470399999
1722470400000,0.29301,0.29774,0.29144,0.29506,28857.10988046,1722484799999
1722484800000,0.29476,0.29625,0.28824,0.29178,87992.39501953,1722499199999
1722499200000,0.292,0.29306,0.28979,0.29102,52450.08472803,1722513599999
1722513600000,0.29166,0.29482,0.27852,0.28163,238711.35837844,1722527999999
1722528000000,0.27801,0.28143,0.26764,0.26991,516802.38813108,1722542399999
1722542400000,0.26996,0.28338,0.26891,0.28305,136034.85732368,1722556799999
1722556800000,0.28233,0.28233,0.27219,0.27451,15016.72364247,1722571199999
1722571200000,0.27523,0.27547,0.26463,0.26887,234805.2828155,1722585599999
1722585600000,0.26858,0.27161,0.26706,0.26976,145057.52323916,1722599999999
1722600000000,0.26958,0.27464,0.25575,0.2614,308635.59519883,1722614399999
1722614400000,0.26049,0.2623,0.25406,0.25799,225946.04878972,1722628799999
1722628800000,0.25804,0.26149,0.25445,0.25682,121473.5839703,1722643199999
1722643200000,0.25745,0.26141,0.24959,0.26122,38635.86436924,1722657599999
1722657600000,0.26091,0.2619,0.25906,0.25906,14604.01057327,1722671999999
1722672000000,0.25878,0.26078,0.2564,0.25957,76782.63620576,1722686399999
1722686400000,0.25953,0.26302,0.24904,0.24904,143040.64617926,1722700799999
1722700800000,0.24914,0.25192,0.24141,0.24234,174737.08363183,1722715199999
1722715200000,0.24223,0.24735,0.24178,0.24585,43989.84116057,1722729599999
1722729600000,0.24565,0.24664,0.2424,0.24638,13627.90407456,1722743999999
1722744000000,0.24622,0.2474,0.24138,0.24138,290262.68480834,1722758399999
1722758400000,0.24226,0.24511,0.24,0.24474,65562.26871412,1722772799999
1722772800000,0.24538,0.2458,0.22756,0.22845,582627.97468201,1722787199999
1722787200000,0.22765,0.24032,0.2214,0.23805,744005.15819706,1722801599999
1722801600000,0.23843,0.24035,0.22906,0.22906,478520.23680958,1722815999999
1722816000000,0.2277,0.23151,0.198,0.20469,1026123.59853189,1722830399999
1722830400000,0.20404,0.20764,0.18673,0.20586,1964839.0194757,1722844799999
1722844800000,0.20456,0.20558,0.18777,0.19598,633239.18871629,1722859199999
1722859200000,0.19517,0.21829,0.18637,0.21419,521484.15687821,1722873599999
1722873600000,0.21335,0.21706,0.20357,0.20461,951456.051274,1722887999999
1722888000000,0.20529,0.21221,0.20529,0.20813,173812.16134423,1722902399999
1722902400000,0.21102,0.22101,0.21102,0.21817,146562.29454398,1722916799999
1722916800000,0.21632,0.22494,0.21583,0.22488,444689.76682817,1722931199999
1722931200000,0.22501,0.22501,0.21616,0.21989,202943.84132596,1722945599999
1722945600000,0.21888,0.22595,0.2149,0.22395,145280.95408504,1722959999999
1722960000000,0.2229,0.2267,0.22175,0.22476,183355.8568152,1722974399999
1722974400000,0.22467,0.22858,0.22231,0.22261,40748.18328108,1722988799999
1722988800000,0.22126,0.23224,0.221,0.23092,170477.78120039,1723003199999
1723003200000,0.23063,0.23357,0.22781,0.22959,128673.25647044,1723017599999
1723017600000,0.22968,0.23843,0.22947,0.23331,186151.14895447,1723031999999
1723032000000,0.23256,0.23886,0.22403,0.2267,363866.62294409,1723046399999
1723046400000,0.22342,0.22578,0.22,0.22049,215187.8749692,1723060799999
1723060800000,0.22122,0.22184,0.21461,0.21547,222950.28630048,1723075199999
1723075200000,0.2165,0.23206,0.21248,0.22657,52287.4527971,1723089599999
1723089600000,0.22804,0.23112,0.22616,0.22745,129705.85771443,1723103999999
1723104000000,0.22687,0.22985,0.22561,0.22561,102948.83697044,1723118399999
1723118400000,0.22559,0.23879,0.22424,0.23861,275934.73714516,1723132799999
1723132800000,0.23982,0.24596,0.23634,0.24299,245041.8315637,1723147199999
1723147200000,0.24278,0.26855,0.24157,0.26828,649376.49396434,1723161599999
1723161600000,0.26602,0.28078,0.26555,0.26664,325467.97049559,1723175999999
1723176000000,0.26608,0.26957,0.25834,0.26592,203771.22378731,1723190399999
1723190400000,0.26577,0.26796,0.26076,0.26154,385599.61172632,1723204799999
1723204800000,0.262,0.26621,0.25746,0.25962,708527.61287608,1723219199999
1723219200000,0.25979,0.26369,0.25807,0.26209,254765.20217963,1723233599999
1723233600000,0.26192,0.26551,0.25961,0.26429,110120.69074861,1723247999999
1723248000000,0.26606,0.27,0.26275,0.26413,21953.37972789,1723262399999
1723262400000,0.26157,0.27248,0.26054,0.27188,199134.37447302,1723276799999
1723276800000,0.27171,0.27524,0.26492,0.27415,305239.2774322,1723291199999
1723291200000,0.27356,0.28508,0.26895,0.27916,526276.67533321,1723305599999
1723305600000,0.27775,0.28192,0.27658,0.2795,270281.62459614,1723319999999
1723320000000,0.27967,0.28104,0.27344,0.27392,395946.19444298,1723334399999
1723334400000,0.27339,0.27368,0.26881,0.27122,105603.31811463,1723348799999
1723348800000,0.26913,0.27033,0.26699,0.26919,59978.2856114,1723363199999
1723363200000,0.26894,0.27283,0.26213,0.26325,234110.0803638,1723377599999
1723377600000,0.26296,0.26299,0.25322,0.25464,174835.05765411,1723391999999
1723392000000,0.25427,0.25705,0.24908,0.24925,256911.49491822,1723406399999
1723406400000,0.24933,0.24933,0.24449,0.24547,121229.75950052,1723420799999
1723420800000,0.24705,0.2592,0.24705,0.25764,73001.51809742,1723435199999
1723435200000,0.25709,0.25709,0.24712,0.2527,133839.3307101,1723449599999
1723449600000,0.25305,0.2837,0.25305,0.27777,1250898.66454952,1723463999999
1723464000000,0.27662,0.28709,0.26684,0.28454,1100257.07319243,1723478399999
1723478400000,0.28495,0.28495,0.26948,0.27247,689673.58446113,1723492799999
1723492800000,0.2734,0.27949,0.26936,0.27822,177928.96135087,1723507199999
1723507200000,0.27862,0.27915,0.264,0.264,136437.53081088,1723521599999
1723521600000,0.264,0.27009,0.26201,0.26801,435259.19463327,1723535999999
1723536000000,0.26767,0.26995,0.26306,0.26538,577583.59566066,1723550399999
1723550400000,0.26562,0.26859,0.2617,0.26338,479997.56909664,1723564799999
1723564800000,0.26448,0.27581,0.26427,0.26814,757862.53645387,1723579199999
1723579200000,0.26823,0.26878,0.26467,0.26867,137255.49150607,1723593599999
1723593600000,0.27062,0.27062,0.26357,0.26547,11381.37263481,1723607999999
1723608000000,0.26369,0.26457,0.25946,0.26171,99208.5260561,1723622399999
1723622400000,0.2613,0.26744,0.25951,0.26444,319425.49361313,1723636799999
1723636800000,0.26361,0.27453,0.25269,0.26011,390045.29215201,1723651199999
1723651200000,0.25829,0.26029,0.25325,0.25586,149408.34416729,1723665599999
1723665600000,0.25539,0.25825,0.25257,0.25685,255622.20273231,1723679999999
1723680000000,0.25577,0.25818,0.25426,0.25583,9627.79647651,1723694399999
1723694400000,0.25304,0.25354,0.24907,0.25059,97467.33041272,1723708799999
1723708800000,0.24997,0.25304,0.24865,0.25236,132630.96974156,1723723199999
1723723200000,0.25227,0.26063,0.25216,0.25416,118062.89935537,1723737599999
1723737600000,0.25335,0.25477,0.23994,0.24203,703615.46129109,1723751999999
1723752000000,0.24218,0.25178,0.24016,0.25158,276568.60519064,1723766399999
1723766400000,0.25183,0.25374,0.24638,0.2468,392097.05655637,1723780799999
1723780800000,0.24682,0.25082,0.24603,0.25068,154919.96702554,1723795199999
1723795200000,0.25017,0.25069,0.24499,0.2457,146002.18961766,1723809599999
1723809600000,0.24348,0.24876,0.2352,0.2365,410134.83316894,1723823999999
1723824000000,0.23707,0.24697,0.23655,0.24573,297762.51303551,1723838399999
1723838400000,0.24683,0.25005,0.24253,0.24271,226834.35122664,1723852799999
1723852800000,0.24172,0.24197,0.23821,0.23843,16193.8439674,1723867199999
1723867200000,0.23859,0.24045,0.23826,0.23861,34588.78276502,1723881599999
1723881600000,0.23841,0.24044,0.23621,0.2377,72481.11145276,1723895999999
1723896000000,0.23723,0.24446,0.23688,0.24185,170914.36116086,1723910399999
1723910400000,0.24138,0.24697,0.24111,0.2421,73665.86668239,1723924799999
1723924800000,0.24224,0.2455,0.24094,0.2445,71537.76455184,1723939199999
1723939200000,0.245,0.24669,0.24391,0.24578,11580.53768408,1723953599999
1723953600000,0.24296,0.24533,0.24286,0.24306,122806.0864293,1723967999999
1723968000000,0.24295,0.2499,0.24295,0.24712,72792.8186193,1723982399999
1723982400000,0.24936,0.2506,0.24766,0.25007,175240.34570598,1723996799999
1723996800000,0.24982,0.25214,0.2468,0.24735,70077.93058066,1724011199999
1724011200000,0.24813,0.24929,0.24183,0.24183,38473.57543716,1724025599999
1724025600000,0.24165,0.2421,0.2378,0.24196,195985.84200601,1724039999999
1724040000000,0.24052,0.24129,0.23723,0.23723,82823.90697366,1724054399999
1724054400000,0.23721,0.23835,0.23252,0.23492,233636.49301484,1724068799999
1724068800000,0.23426,0.2397,0.2336,0.23448,167104.21635604,1724083199999
1724083200000,0.23458,0.23873,0.23245,0.23776,188064.43325497,1724097599999
1724097600000,0.23874,0.24131,0.2378,0.24131,229793.25337603,1724111999999
1724112000000,0.24469,0.25,0.24469,0.24676,55918.51887388,1724126399999
1724126400000,0.24721,0.25533,0.24711,0.24982,236727.49445993,1724140799999
1724140800000,0.24991,0.25024,0.24401,0.24401,107072.68442616,1724155199999
1724155200000,0.24497,0.24573,0.235,0.23882,227178.92383,1724169599999
1724169600000,0.23769,0.24142,0.23708,0.24142,482787.00648288,1724183999999
1724184000000,0.24125,0.24372,0.23737,0.23737,128601.20585895,1724198399999
1724198400000,0.24013,0.24013,0.23657,0.23872,58510.61159026,1724212799999
1724212800000,0.23905,0.24414,0.23886,0.24322,191740.8342403,1724227199999
1724227200000,0.24344,0.24344,0.238,0.23925,93750.46321994,1724241599999
1724241600000,0.23865,0.24165,0.234,0.23834,179746.9549144,1724255999999
1724256000000,0.238,0.25733,0.23718,0.25484,1050873.36655359,1724270399999
1724270400000,0.25503,0.25503,0.25029,0.25029,128853.98055879,1724284799999
1724284800000,0.25095,0.2633,0.2495,0.25891,117951.86073678,1724299199999
1724299200000,0.25878,0.25967,0.25469,0.2587,163499.02455785,1724313599999
1724313600000,0.2587,0.26058,0.25684,0.25817,607294.52514749,1724327999999
1724328000000,0.25776,0.25776,0.25119,0.25249,251270.97759353,1724342399999
1724342400000,0.2528,0.2559,0.25265,0.25434,107734.53180457,1724356799999
1724356800000,0.25392,0.257,0.25392,0.25592,26863.32873925,1724371199999
1724371200000,0.25747,0.26153,0.25745,0.26145,5996.2833538,1724385599999
1724385600000,0.2617,0.2772,0.2617,0.27207,542050.87481049,1724399999999
1724400000000,0.27168,0.28414,0.27119,0.27688,705105.03254492,1724414399999
1724414400000,0.27701,0.2876,0.27625,0.2837,1369781.39707765,1724428799999
1724428800000,0.2837,0.29765,0.28259,0.29002,2347771.58638453,1724443199999
1724443200000,0.29042,0.29675,0.29042,0.29256,476129.6198491,1724457599999
1724457600000,0.29529,0.30764,0.29529,0.30252,341226.40852422,1724471999999
1724472000000,0.30201,0.30903,0.30099,0.30772,881223.20444131,1724486399999
1724486400000,0.30597,0.31743,0.30443,0.30599,1320051.50278331,1724500799999
1724500800000,0.30644,0.31008,0.30389,0.30664,540793.34161702,1724515199999
1724515200000,0.3073,0.314,0.30623,0.313,257147.42745595,1724529599999
1724529600000,0.31313,0.31313,0.30346,0.31037,508499.48337869,1724543999999
1724544000000,0.30912,0.32085,0.2961,0.3128,286751.1085789,1724558399999
1724558400000,0.3133,0.3209,0.30444,0.30785,326934.25225806,1724572799999
1724572800000,0.30692,0.3156,0.30545,0.30812,261207.04285895,1724587199999
1724587200000,0.30724,0.32361,0.30724,0.31776,1186536.24023435,1724601599999
1724601600000,0.31857,0.32088,0.31444,0.31642,253764.32293263,1724615999999
1724616000000,0.31562,0.32302,0.3126,0.31296,186975.78860071,1724630399999
1724630400000,0.31418,0.32176,0.31262,0.31961,114593.03037337,1724644799999
1724644800000,0.31967,0.31967,0.3127,0.31497,131718.39176733,1724659199999
1724659200000,0.31482,0.32896,0.31395,0.32318,314194.42803231,1724673599999
1724673600000,0.3226,0.3226,0.3083,0.3166,563287.33487391,1724687999999
1724688000000,0.31501,0.31952,0.30184,0.30261,315774.70507074,1724702399999
1724702400000,0.30278,0.30721,0.298,0.29913,191581.78472032,1724716799999
1724716800000,0.30057,0.3119,0.30053,0.30725,44194.4119022,1724731199999
1724731200000,0.30807,0.31008,0.29889,0.30146,411867.05590762,1724745599999
1724745600000,0.3018,0.30278,0.28934,0.29302,392038.25881486,1724759999999
1724760000000,0.2926,0.29313,0.28386,0.28551,604450.40587347,1724774399999
1724774400000,0.28572,0.29352,0.28551,0.28929,591593.15641329,1724788799999
1724788800000,0.28999,0.29043,0.27007,0.28218,873615.8296331,1724803199999
1724803200000,0.28142,0.28315,0.27558,0.28307,133258.09576021,1724817599999
1724817600000,0.28217,0.28326,0.27081,0.27094,111844.57012665,1724831999999
1724832000000,0.27126,0.28693,0.2691,0.2851,234380.85385443,1724846399999
1724846400000,0.28514,0.28843,0.27473,0.27645,283370.32716387,1724860799999
1724860800000,0.27506,0.28198,0.26291,0.27816,551958.21076982,1724875199999
1724875200000,0.27642,0.28292,0.27073,0.2745,354168.23248002,1724889599999
1724889600000,0.27358,0.27719,0.27076,0.27145,120647.35160234,1724903999999
1724904000000,0.27215,0.28127,0.27033,0.27982,344804.32021159,1724918399999
1724918400000,0.2796,0.28685,0.27783,0.28443,114721.00518913,1724932799999
1724932800000,0.28456,0.29655,0.28273,0.29189,240148.72946275,1724947199999
1724947200000,0.29236,0.29307,0.27162,0.27596,516694.45952804,1724961599999
1724961600000,0.27607,0.27711,0.27212,0.27447,126230.53349777,1724975999999
1724976000000,0.27292,0.27787,0.27219,0.27349,39729.86267541,1724990399999
1724990400000,0.27313,0.27729,0.27126,0.27424,107260.06092991,1725004799999
1725004800000,0.27521,0.27784,0.27291,0.27333,88096.34459633,1725019199999
1725019200000,0.27287,0.27585,0.25565,0.25635,334038.85278044,1725033599999
1725033600000,0.25583,0.26872,0.25473,0.2638,139884.85781977,1725047999999
1725048000000,0.26348,0.26718,0.26291,0.26673,44716.53498037,1725062399999
1725062400000,0.26695,0.27032,0.26582,0.26807,18509.77614334,1725076799999
1725076800000,0.26865,0.26871,0.26474,0.26506,70999.64097233,1725091199999
1725091200000,0.2655,0.2655,0.2596,0.26394,108170.32007659,1725105599999
1725105600000,0.2633,0.26394,0.25999,0.26015,57248.977914,1725119999999
1725120000000,0.26011,0.26011,0.25529,0.25702,87719.62927664,1725134399999
1725134400000,0.25717,0.25952,0.25663,0.25822,34148.49107455,1725148799999
1725148800000,0.25759,0.25861,0.25163,0.25399,25980.88188618,1725163199999
1725163200000,0.25304,0.25407,0.24969,0.25371,68519.11834145,1725177599999
1725177600000,0.2534,0.25369,0.24878,0.25041,59666.34329765,1725191999999
1725192000000,0.25087,0.25192,0.2445,0.25089,173960.56812329,1725206399999
1725206400000,0.25114,0.25297,0.24522,0.25132,181530.77942802,1725220799999
1725220800000,0.2517,0.25352,0.2399,0.24141,272878.00334647,1725235199999
1725235200000,0.24088,0.24536,0.23937,0.24382,18215.01499784,1725249599999
1725249600000,0.24342,0.24443,0.23871,0.23959,118935.08510521,1725263999999
1725264000000,0.23986,0.25142,0.23916,0.24858,107267.62961186,1725278399999
1725278400000,0.2494,0.25145,0.24555,0.25054,140669.35366906,1725292799999
1725292800000,0.25043,0.25171,0.24824,0.24909,42744.89732368,1725307199999
1725307200000,0.25011,0.25792,0.25011,0.25633,113360.21335593,1725321599999
1725321600000,0.26054,0.26201,0.256,0.256,30574.90033413,1725335999999
1725336000000,0.25546,0.25787,0.25376,0.25764,73846.98996793,1725350399999
1725350400000,0.25778,0.25778,0.25359,0.255,73199.49888432,1725364799999
1725364800000,0.25588,0.25638,0.2411,0.24162,136386.88532769,1725379199999
1725379200000,0.24101,0.24569,0.2408,0.24284,88501.33199944,1725393599999
1725393600000,0.24384,0.24384,0.238,0.238,68089.28404959,1725407999999
1725408000000,0.24189,0.24221,0.22964,0.23732,265539.43760219,1725422399999
1725422400000,0.23724,0.24057,0.23494,0.23922,218932.65148499,1725436799999
1725436800000,0.23974,0.24256,0.23669,0.23753,110925.34091406,1725451199999
1725451200000,0.23866,0.2485,0.23727,0.24793,213118.02598021,1725465599999
1725465600000,0.24902,0.25001,0.2443,0.24588,114794.56051439,1725479999999
1725480000000,0.24572,0.24802,0.24358,0.24638,144860.71915764,1725494399999
1725494400000,0.24889,0.24889,0.24119,0.24119,93171.11854867,1725508799999
1725508800000,0.24261,0.2449,0.23941,0.24476,120943.48512225,1725523199999
1725523200000,0.24558,0.25383,0.24474,0.24654,377808.38582138,1725537599999
1725537600000,0.24733,0.25017,0.24098,0.24494,356225.05393342,1725551999999
1725552000000,0.24479,0.24485,0.23862,0.23932,368313.9185314,1725566399999
1725566400000,0.23929,0.24115,0.23797,0.23948,301384.01102983,1725580799999
1725580800000,0.23998,0.24499,0.23765,0.24499,127983.82716431,1725595199999
1725595200000,0.24363,0.24363,0.23843,0.24057,61382.61573244,1725609599999
1725609600000,0.24048,0.24621,0.23945,0.24423,330966.62723062,1725623999999
1725624000000,0.24452,0.25234,0.24097,0.24448,608103.05107409,1725638399999
1725638400000,0.24423,0.24473,0.23558,0.2379,470904.25906373,1725652799999
1725652800000,0.23744,0.23893,0.22718,0.23766,385820.54732295,1725667199999
1725667200000,0.23927,0.24137,0.2375,0.23991,13187.23759221,1725681599999
1725681600000,0.24032,0.24385,0.23754,0.2438,169782.42638502,1725695999999
1725696000000,0.24406,0.24567,0.24212,0.24304,145192.55255926,1725710399999
1725710400000,0.24309,0.24676,0.24309,0.24586,136514.91258914,1725724799999
1725724800000,0.24561,0.24624,0.23869,0.24357,345854.52365904,1725739199999
1725739200000,0.24353,0.24353,0.23879,0.24073,111301.35169127,1725753599999
1725753600000,0.24003,0.2435,0.24003,0.2435,14625.36230013,1725767999999
1725768000000,0.24478,0.25149,0.24424,0.24891,929879.06893229,1725782399999
1725782400000,0.24982,0.25785,0.24874,0.25097,762941.72403154,1725796799999
1725796800000,0.25165,0.25267,0.24379,0.24427,328806.26641462,1725811199999
1725811200000,0.24313,0.24984,0.24259,0.2482,216269.6769055,1725825599999
1725825600000,0.24788,0.25469,0.24749,0.25337,219966.71824327,1725839999999
1725840000000,0.25325,0.25588,0.25161,0.2537,143638.36860185,1725854399999
1725854400000,0.25276,0.2538,0.24821,0.25361,317468.10381555,1725868799999
1725868800000,0.25358,0.2583,0.25319,0.25383,524339.27129175,1725883199999
1725883200000,0.25334,0.25543,0.24973,0.25281,165014.06062217,1725897599999
1725897600000,0.25236,0.26724,0.25236,0.26724,964968.38397587,1725911999999
1725912000000,0.26725,0.27379,0.26507,0.26641,409945.08617433,1725926399999
1725926400000,0.2657,0.26793,0.2629,0.26304,84549.31742836,1725940799999
1725940800000,0.26298,0.26706,0.26198,0.26615,173549.72951424,1725955199999
1725955200000,0.26657,0.2669,0.26331,0.26631,203704.48309096,1725969599999
1725969600000,0.26696,0.26851,0.26319,0.26356,286780.62031141,1725983999999
1725984000000,0.26365,0.27092,0.26364,0.26793,583103.16928706,1725998399999
1725998400000,0.26778,0.26805,0.26438,0.26786,163611.01040463,1726012799999
1726012800000,0.26845,0.26913,0.25984,0.26005,157411.05604517,1726027199999
1726027200000,0.25884,0.25912,0.25378,0.25769,297902.36544759,1726041599999
1726041600000,0.25769,0.25791,0.25476,0.25685,254575.32079598,1726055999999
1726056000000,0.25649,0.26,0.24824,0.25182,302986.64839103,1726070399999
1726070400000,0.25494,0.25866,0.25302,0.25502,280510.80578761,1726084799999
1726084800000,0.25459,0.25765,0.25447,0.25728,74489.41650465,1726099199999
1726099200000,0.25746,0.26864,0.25746,0.26613,90314.94635837,1726113599999
1726113600000,0.26628,0.274,0.26562,0.27012,395576.24262491,1726127999999
1726128000000,0.26986,0.27315,0.26986,0.27235,431381.87148363,1726142399999
1726142400000,0.27206,0.28007,0.26588,0.26907,1331150.75515607,1726156799999
1726156800000,0.26971,0.27494,0.2667,0.27226,600607.43258897,1726171199999
1726171200000,0.27194,0.27494,0.2713,0.27314,405822.68440153,1726185599999
1726185600000,0.27313,0.27327,0.26778,0.26892,53684.13161301,1726199999999
1726200000000,0.26918,0.27046,0.26759,0.26845,53516.00321651,1726214399999
1726214400000,0.26777,0.26827,0.26381,0.26381,245727.34747205,1726228799999
1726228800000,0.26441,0.28103,0.26344,0.27698,367654.28986455,1726243199999
1726243200000,0.27786,0.282,0.27249,0.27266,1051310.89664205,1726257599999
1726257600000,0.27307,0.2778,0.27287,0.27555,551072.36295562,1726271999999
1726272000000,0.27584,0.27989,0.27364,0.27512,117684.18577327,1726286399999
1726286400000,0.27498,0.27518,0.26987,0.27063,72593.16626143,1726300799999
1726300800000,0.27079,0.27095,0.26739,0.2683,343796.80711041,1726315199999
1726315200000,0.26919,0.27207,0.26853,0.27141,138537.20333145,1726329599999
1726329600000,0.27155,0.27207,0.267,0.26757,207168.97029547,1726343999999
1726344000000,0.26793,0.27021,0.26773,0.26965,79552.72200763,1726358399999
1726358400000,0.26951,0.27932,0.26931,0.27815,107837.03089124,1726372799999
1726372800000,0.27756,0.27759,0.27417,0.2762,121461.31144333,1726387199999
1726387200000,0.27604,0.28087,0.2716,0.27862,978398.33237607,1726401599999
1726401600000,0.27801,0.2856,0.27769,0.28502,505984.26016832,1726415999999
1726416000000,0.28476,0.28502,0.27792,0.28074,376799.66156583,1726430399999
1726430400000,0.2802,0.2807,0.26812,0.26998,405489.94978876,1726444799999
1726444800000,0.26941,0.26941,0.25771,0.26253,200380.40979547,1726459199999
1726459200000,0.26264,0.26464,0.25859,0.26412,568071.42480593,1726473599999
1726473600000,0.26337,0.26716,0.25966,0.26204,524129.03710327,1726487999999
1726488000000,0.26224,0.26283,0.2527,0.25285,833697.19723204,1726502399999
1726502400000,0.25275,0.25384,0.24131,0.24403,1081247.93887065,1726516799999
1726516800000,0.24391,0.24493,0.23972,0.24432,469835.29497227,1726531199999
1726531200000,0.24436,0.24436,0.23935,0.24282,143130.20889998,1726545599999
1726545600000,0.24244,0.2475,0.24244,0.24693,295200.91535157,1726559999999
1726560000000,0.24742,0.25301,0.24562,0.25142,454659.3948475,1726574399999
1726574400000,0.25254,0.26032,0.24978,0.25989,1195645.49628699,1726588799999
1726588800000,0.26027,0.26201,0.24901,0.25059,977062.81297528,1726603199999
1726603200000,0.2506,0.25246,0.24934,0.25,245333.68798073,1726617599999
1726617600000,0.24915,0.25356,0.24384,0.2516,379189.89875807,1726631999999
1726632000000,0.25142,0.25181,0.24643,0.24728,360551.27633874,1726646399999
1726646400000,0.24672,0.24763,0.23835,0.2423,414225.50321205,1726660799999
1726660800000,0.24195,0.244,0.23656,0.23764,416733.13310293,1726675199999
1726675200000,0.23713,0.25341,0.23616,0.25093,1283398.12900149,1726689599999
1726689600000,0.25161,0.27946,0.24902,0.27905,1679867.54001158,1726703999999
1726704000000,0.28,0.3107,0.27913,0.30339,2581443.78596071,1726718399999
1726718400000,0.30331,0.30569,0.29758,0.30087,1405415.78380455,1726732799999
1726732800000,0.29992,0.30079,0.29103,0.29954,1206036.67347199,1726747199999
1726747200000,0.29942,0.30421,0.297,0.3011,947447.73224737,1726761599999
1726761600000,0.30103,0.30543,0.29749,0.29803,879415.30175108,1726775999999
1726776000000,0.29832,0.30219,0.29649,0.30026,428103.52139259,1726790399999
1726790400000,0.30063,0.306,0.29303,0.30527,165548.42082364,1726804799999
1726804800000,0.30468,0.31224,0.30228,0.30636,718407.26714582,1726819199999
1726819200000,0.30609,0.32379,0.30609,0.32379,2356848.97662398,1726833599999
1726833600000,0.32309,0.324,0.30876,0.31142,1108913.03231153,1726847999999
1726848000000,0.31373,0.31503,0.30469,0.30978,567340.47344146,1726862399999
1726862400000,0.30997,0.32771,0.30784,0.31496,796453.62435043,1726876799999
1726876800000,0.31751,0.33503,0.31751,0.31965,636451.29173664,1726891199999
1726891200000,0.32106,0.33241,0.31495,0.33018,992180.89166816,1726905599999
1726905600000,0.33,0.3321,0.32458,0.33,479153.00016118,1726919999999
1726920000000,0.3303,0.35127,0.32749,0.34169,1953908.92954344,1726934399999
1726934400000,0.34171,0.34768,0.33808,0.34379,1197678.00181248,1726948799999
1726948800000,0.34459,0.35368,0.34189,0.35066,729408.38299311,1726963199999
1726963200000,0.34826,0.34826,0.33265,0.33295,444570.09685122,1726977599999
1726977600000,0.33399,0.33607,0.3282,0.33085,485034.80808744,1726991999999
1726992000000,0.33096,0.33336,0.32242,0.32622,1072124.42464849,1727006399999
1727006400000,0.32676,0.33466,0.32435,0.32615,1026249.25601894,1727020799999
1727020800000,0.32568,0.33868,0.32344,0.33856,922372.60853998,1727035199999
1727035200000,0.33825,0.33849,0.32375,0.33375,520667.73194513,1727049599999
1727049600000,0.33373,0.35107,0.32671,0.34343,731189.84298708,1727063999999
1727064000000,0.343,0.35037,0.32944,0.33182,1509225.3173798,1727078399999
1727078400000,0.33145,0.33586,0.32701,0.32818,496720.68970155,1727092799999
1727092800000,0.32866,0.33413,0.3236,0.32795,1023491.72914116,1727107199999
1727107200000,0.32809,0.33091,0.32455,0.32732,559575.99414182,1727121599999
1727121600000,0.32746,0.33238,0.32516,0.33013,134882.43399898,1727135999999
1727136000000,0.32817,0.33438,0.32584,0.33209,140763.03624282,1727150399999
1727150400000,0.33192,0.33535,0.32702,0.33535,381746.33090339,1727164799999
1727164800000,0.33466,0.33731,0.33037,0.33315,287858.0328603,1727179199999
1727179200000,0.33364,0.34081,0.32808,0.33382,628526.42039379,1727193599999
1727193600000,0.33471,0.35741,0.33281,0.35641,1016626.48865492,1727207999999
1727208000000,0.35599,0.39108,0.3549,0.38709,4095853.26062736,1727222399999
1727222400000,0.38875,0.42336,0.38496,0.40776,3783718.91452985,1727236799999
1727236800000,0.40844,0.41478,0.40058,0.40971,2687581.64624992,1727251199999
1727251200000,0.40991,0.42149,0.40776,0.41212,2054898.47342818,1727265599999
1727265600000,0.41048,0.42042,0.40512,0.41482,1650620.17705709,1727279999999
1727280000000,0.41478,0.42119,0.40312,0.41124,1468907.48835797,1727294399999
1727294400000,0.41193,0.41594,0.40377,0.40784,591436.07674275,1727308799999
1727308800000,0.41009,0.41761,0.39596,0.41384,981515.55640936,1727323199999
1727323200000,0.41238,0.4212,0.4033,0.40627,1028284.13551433,1727337599999
1727337600000,0.40748,0.41133,0.40222,0.41076,1161394.91239731,1727351999999
1727352000000,0.41036,0.44617,0.40907,0.4346,5186828.33019365,1727366399999
1727366400000,0.43572,0.4523,0.42211,0.42254,2793387.92613502,1727380799999
1727380800000,0.42297,0.42765,0.41751,0.41956,754174.34081064,1727395199999
1727395200000,0.42151,0.42724,0.41866,0.42606,128408.18297889,1727409599999
1727409600000,0.4259,0.43118,0.41954,0.42103,603488.38983493,1727423999999
1727424000000,0.42102,0.42336,0.41041,0.4115,824904.99893562,1727438399999
1727438400000,0.41205,0.41782,0.40833,0.41308,1800609.47156284,1727452799999
1727452800000,0.41353,0.4208,0.41,0.41293,1134899.96736179,1727467199999
1727467200000,0.41301,0.41558,0.41076,0.41356,433005.54008911,1727481599999
1727481600000,0.41425,0.41528,0.40645,0.40783,186563.49959418,1727495999999
1727496000000,0.4084,0.40862,0.39656,0.39764,649466.20711355,1727510399999
1727510400000,0.39858,0.39858,0.38718,0.39261,885095.19519403,1727524799999
1727524800000,0.39207,0.39814,0.38819,0.39323,596491.63348698,1727539199999
1727539200000,0.3932,0.3954,0.39073,0.39534,159671.87338162,1727553599999
1727553600000,0.39472,0.40009,0.38601,0.39886,334247.46761116,1727567999999
1727568000000,0.39932,0.40706,0.39737,0.40442,246005.63506795,1727582399999
1727582400000,0.40493,0.40695,0.39331,0.39381,210290.28242652,1727596799999
1727596800000,0.39381,0.40345,0.39084,0.40176,447503.97823602,1727611199999
1727611200000,0.40346,0.42608,0.39544,0.42376,1513180.16890914,1727625599999
1727625600000,0.42442,0.46578,0.42295,0.45076,4327343.81449321,1727639999999
1727640000000,0.45059,0.45661,0.43069,0.4321,1028277.10091758,1727654399999
1727654400000,0.43272,0.44009,0.40915,0.4166,1190834.46705082,1727668799999
1727668800000,0.41649,0.43002,0.41067,0.42762,868701.3992517,1727683199999
1727683200000,0.42652,0.42652,0.40944,0.4227,1587214.04220347,1727697599999
1727697600000,0.42292,0.42837,0.41533,0.41533,1044315.99237789,1727711999999
1727712000000,0.41566,0.42615,0.41115,0.42153,1058163.53435119,1727726399999
1727726400000,0.42168,0.42882,0.41,0.41512,500955.84598719,1727740799999
1727740800000,0.41712,0.44327,0.41412,0.43947,419087.90779013,1727755199999
1727755200000,0.43893,0.45,0.42877,0.42914,1389910.646147,1727769599999
1727769600000,0.42947,0.43896,0.4262,0.4353,1157134.87517973,1727783999999
1727784000000,0.43518,0.44069,0.39568,0.41001,4074820.20352882,1727798399999
1727798400000,0.409,0.41299,0.37472,0.38848,4393510.08553714,1727812799999
1727812800000,0.3879,0.39943,0.3813,0.39554,1209642.51482917,1727827199999
1727827200000,0.3951,0.40529,0.39024,0.40015,399825.73467798,1727841599999
1727841600000,0.39709,0.4277,0.39397,0.42296,1882513.41114527,1727855999999
1727856000000,0.42285,0.42804,0.39773,0.3982,1383004.04493339,1727870399999
1727870400000,0.39831,0.408,0.37563,0.4029,2087115.11020982,1727884799999
1727884800000,0.4025,0.41,0.36742,0.37859,1564389.3789642,1727899199999
1727899200000,0.37575,0.38378,0.36984,0.38245,541657.52184959,1727913599999
1727913600000,0.38333,0.39929,0.38184,0.39175,278480.10828821,1727927999999
1727928000000,0.391,0.39288,0.386,0.39288,261862.33235651,1727942399999
1727942400000,0.38886,0.38886,0.36152,0.37053,1051201.67679195,1727956799999
1727956800000,0.37024,0.37751,0.34682,0.3567,1637527.1436638,1727971199999
1727971200000,0.35635,0.3642,0.34441,0.36402,1285243.36604229,1727985599999
1727985600000,0.36298,0.3646,0.35298,0.35904,427605.37900463,1727999999999
1728000000000,0.3587,0.36639,0.34873,0.34944,232425.34229811,1728014399999
1728014400000,0.34901,0.36477,0.34901,0.36296,1121421.25079979,1728028799999
1728028800000,0.36275,0.38,0.36275,0.37541,1097434.99709752,1728043199999
1728043200000,0.37625,0.38857,0.37,0.38425,1054970.85085988,1728057599999
1728057600000,0.38404,0.39145,0.38075,0.38941,595869.20609894,1728071999999
1728072000000,0.38912,0.38957,0.37839,0.38123,851244.34616358,1728086399999
1728086400000,0.38274,0.38309,0.37185,0.37272,650217.94251972,1728100799999
1728100800000,0.37,0.3771,0.37,0.3739,415172.52203739,1728115199999
1728115200000,0.3739,0.37963,0.36717,0.37149,593277.16150687,1728129599999
1728129600000,0.37154,0.37655,0.3693,0.37235,433642.9303973,1728143999999
1728144000000,0.37181,0.37775,0.36637,0.37002,1565739.8393882,1728158399999
1728158400000,0.3686,0.37318,0.36319,0.37233,257239.5427854,1728172799999
1728172800000,0.37072,0.37641,0.36824,0.36824,87107.10781328,1728187199999
1728187200000,0.36836,0.36941,0.36543,0.36819,86543.9795693,1728201599999
1728201600000,0.36811,0.37768,0.36794,0.37721,720956.21466784,1728215999999
1728216000000,0.3773,0.40213,0.37502,0.39835,1548824.3188277,1728230399999
1728230400000,0.399,0.40619,0.39,0.39505,981332.78978751,1728244799999
1728244800000,0.39481,0.40101,0.38956,0.40101,278461.1384122,1728259199999
1728259200000,0.3994,0.41185,0.39436,0.39864,677389.55696915,1728273599999
1728273600000,0.39939,0.40326,0.39574,0.40002,456708.55527592,1728287999999
1728288000000,0.39938,0.40955,0.38877,0.39802,1171372.492898,1728302399999
1728302400000,0.39814,0.42175,0.38875,0.39996,2484006.04972645,1728316799999
1728316800000,0.39996,0.41796,0.39845,0.40547,2583741.96669977,1728331199999
1728331200000,0.40639,0.40698,0.38679,0.38865,1148318.06603729,1728345599999
1728345600000,0.39014,0.40276,0.38967,0.40146,289872.36781937,1728359999999
1728360000000,0.40184,0.40552,0.38552,0.39554,584065.85296159,1728374399999
1728374400000,0.39535,0.41837,0.39363,0.4168,1922128.57874557,1728388799999
1728388800000,0.41646,0.418,0.39467,0.39832,2434211.15158617,1728403199999
1728403200000,0.39857,0.40965,0.39033,0.39659,686498.02507546,1728417599999
1728417600000,0.3969,0.40618,0.39269,0.39269,391861.79546865,1728431999999
1728432000000,0.39358,0.40454,0.39,0.39267,192279.33791507,1728446399999
1728446400000,0.39138,0.39694,0.38754,0.38806,420730.45207077,1728460799999
1728460800000,0.38775,0.39008,0.38153,0.38343,920647.36228151,1728475199999
1728475200000,0.38188,0.38853,0.37436,0.38834,525487.48035791,1728489599999
1728489600000,0.38711,0.38716,0.36937,0.37198,761315.23189472,1728503999999
1728504000000,0.37148,0.37233,0.36502,0.3694,273229.87550108,1728518399999
1728518400000,0.3665,0.37509,0.36369,0.37149,372726.94902985,1728532799999
1728532800000,0.37158,0.37952,0.37119,0.3729,498894.79619467,1728547199999
1728547200000,0.3723,0.37248,0.35853,0.37168,418729.63437676,1728561599999
1728561600000,0.37168,0.37279,0.35806,0.36212,628089.2207541,1728575999999
1728576000000,0.36572,0.3697,0.35567,0.36852,766320.81856839,1728590399999
1728590400000,0.36839,0.37611,0.36636,0.3737,90860.1187428,1728604799999
1728604800000,0.37456,0.3788,0.37062,0.37605,61644.79765451,1728619199999
1728619200000,0.37518,0.386,0.37441,0.38198,157723.59199503,1728633599999
1728633600000,0.38227,0.39638,0.38188,0.38853,339503.79162451,1728647999999
1728648000000,0.38958,0.4047,0.38396,0.40433,1227848.58418407,1728662399999
1728662400000,0.40447,0.4136,0.4012,0.40781,1449292.83322648,1728676799999
1728676800000,0.4084,0.41551,0.40697,0.40833,671567.3922026,1728691199999
1728691200000,0.40778,0.41893,0.40135,0.40482,885903.31836061,1728705599999
1728705600000,0.40645,0.41079,0.40645,0.40788,402552.94261351,1728719999999
1728720000000,0.40802,0.43691,0.40716,0.42453,1000850.76200235,1728734399999
1728734400000,0.4234,0.44492,0.42255,0.42798,1366702.94507316,1728748799999
1728748800000,0.42803,0.43634,0.42368,0.42723,1196398.22773258,1728763199999
1728763200000,0.42685,0.44568,0.42685,0.43661,826407.62934082,1728777599999
1728777600000,0.43624,0.44637,0.43307,0.43756,680549.09123186,1728791999999
1728792000000,0.43757,0.45046,0.43609,0.4402,663744.73768263,1728806399999
1728806400000,0.43988,0.44383,0.42562,0.42652,1040834.15572933,1728820799999
1728820800000,0.42644,0.43159,0.41287,0.41597,1180328.16330954,1728835199999
1728835200000,0.4174,0.426,0.41292,0.418,695174.02324119,1728849599999
1728849600000,0.41801,0.45098,0.41585,0.44832,1294235.49067533,1728863999999
1728864000000,0.4492,0.46578,0.43979,0.46355,586758.2135223,1728878399999
1728878400000,0.46386,0.46571,0.44393,0.44649,1249471.536496,1728892799999
1728892800000,0.446,0.446,0.43612,0.44496,990994.41255088,1728907199999
1728907200000,0.44362,0.46042,0.43785,0.45395,1596009.147181,1728921599999
1728921600000,0.45368,0.45459,0.44603,0.45379,534320.99717847,1728935999999
1728936000000,0.45353,0.45715,0.44874,0.45007,819602.67136854,1728950399999
1728950400000,0.45043,0.45057,0.43823,0.43859,317700.91843746,1728964799999
1728964800000,0.44021,0.44249,0.43225,0.43941,558634.27211306,1728979199999
1728979200000,0.43789,0.44532,0.42332,0.42453,875462.64194284,1728993599999
1728993600000,0.42578,0.44182,0.41453,0.42186,1380572.56274279,1729007999999
1729008000000,0.42162,0.43101,0.42096,0.42394,461054.37451414,1729022399999
1729022400000,0.4239,0.4245,0.413,0.42437,308497.88777855,1729036799999
1729036800000,0.42184,0.42184,0.4096,0.41007,110677.97562694,1729051199999
1729051200000,0.41022,0.41706,0.40832,0.41225,403875.27178069,1729065599999
1729065600000,0.4129,0.42034,0.40921,0.41395,617868.20250785,1729079999999
1729080000000,0.41436,0.41487,0.40072,0.40185,862344.44558405,1729094399999
1729094400000,0.40276,0.40949,0.401,0.40598,508295.53962182,1729108799999
1729108800000,0.40607,0.41871,0.40597,0.40985,460899.69755707,1729123199999
1729123200000,0.41335,0.41767,0.41042,0.41602,65640.96220883,1729137599999
1729137600000,0.41392,0.41517,0.40444,0.4077,152540.05420284,1729151999999
1729152000000,0.40988,0.4118,0.39591,0.39602,357499.64441129,1729166399999
1729166400000,0.39573,0.4075,0.3953,0.4048,421045.62818534,1729180799999
1729180800000,0.40511,0.40511,0.39018,0.39707,366034.12975602,1729195199999
1729195200000,0.39743,0.40119,0.3969,0.39735,122218.56742484,1729209599999
1729209600000,0.39752,0.40539,0.39394,0.39893,207113.5754685,1729223999999
1729224000000,0.39906,0.40527,0.39764,0.4019,333161.05925313,1729238399999
1729238400000,0.4013,0.40664,0.39966,0.40275,410387.41620941,1729252799999
1729252800000,0.40337,0.41147,0.39919,0.40943,320998.16457698,1729267199999
1729267200000,0.40942,0.41798,0.40527,0.41305,358426.58388559,1729281599999
1729281600000,0.41246,0.41375,0.40316,0.40966,110086.09065502,1729295999999
1729296000000,0.40867,0.41311,0.40643,0.41311,33266.22551112,1729310399999
1729310400000,0.41358,0.41552,0.40572,0.41376,436508.50826048,1729324799999
1729324800000,0.41366,0.41717,0.40415,0.40614,311642.41315695,1729339199999
1729339200000,0.40678,0.40827,0.4,0.40223,270269.61313973,1729353599999
1729353600000,0.40241,0.40241,0.3981,0.3995,101095.81312874,1729367999999
1729368000000,0.39947,0.40246,0.39893,0.39993,112197.22022099,1729382399999
1729382400000,0.39981,0.40409,0.39621,0.3985,204596.80016496,1729396799999
1729396800000,0.39767,0.40159,0.39628,0.39955,124062.4423441,1729411199999
1729411200000,0.40006,0.40568,0.39697,0.4054,341775.94444538,1729425599999
1729425600000,0.40551,0.4146,0.39917,0.41195,406695.92425907,1729439999999
1729440000000,0.41203,0.41219,0.40698,0.40751,348411.87429259,1729454399999
1729454400000,0.40771,0.4181,0.40747,0.41645,280090.2278525,1729468799999
1729468800000,0.41546,0.42238,0.41089,0.41419,268306.66027768,1729483199999
1729483200000,0.414,0.42246,0.41156,0.41156,184813.82803078,1729497599999
1729497600000,0.41223,0.41352,0.39764,0.39944,402907.21266885,1729511999999
1729512000000,0.3998,0.4026,0.393,0.40046,346522.58801376,1729526399999
1729526400000,0.39995,0.4011,0.39455,0.39837,228753.38076202,1729540799999
1729540800000,0.3978,0.40178,0.39531,0.39531,145027.46038818,1729555199999
1729555200000,0.39686,0.4034,0.39156,0.40276,195149.41286649,1729569599999
1729569600000,0.40139,0.40491,0.39838,0.39881,232435.94810318,1729583999999
1729584000000,0.39758,0.40099,0.39037,0.39444,654863.60349392,1729598399999
1729598400000,0.39462,0.39979,0.38909,0.39779,197013.85301688,1729612799999
1729612800000,0.39672,0.4002,0.39074,0.39912,212055.37344022,1729627199999
1729627200000,0.39915,0.40197,0.39776,0.39866,196328.30304325,1729641599999
1729641600000,0.40006,0.40006,0.39262,0.39554,10986.48052526,1729655999999
1729656000000,0.39586,0.39899,0.39253,0.3934,127382.50376295,1729670399999
1729670400000,0.39279,0.39597,0.38709,0.38819,219196.56738149,1729684799999
1729684800000,0.38778,0.39252,0.38208,0.3882,217510.49462461,1729699199999
1729699200000,0.39032,0.39881,0.3875,0.39874,472095.87081262,1729713599999
1729713600000,0.39872,0.40696,0.39872,0.40456,293516.20456255,1729727999999
1729728000000,0.40498,0.40849,0.39695,0.39926,135816.69541954,1729742399999
1729742400000,0.39865,0.40227,0.39152,0.39185,383263.52530301,1729756799999
1729756800000,0.39171,0.3925,0.38522,0.38987,460452.38456204,1729771199999
1729771200000,0.39132,0.39547,0.38868,0.38909,613830.67918051,1729785599999
1729785600000,0.3903,0.3929,0.38815,0.392,255435.40081178,1729799999999
1729800000000,0.39182,0.39379,0.38758,0.38981,596061.73072774,1729814399999
1729814400000,0.38986,0.39041,0.37439,0.37642,361245.46395909,1729828799999
1729828800000,0.37728,0.37728,0.36904,0.37141,470553.03358063,1729843199999
1729843200000,0.37119,0.37556,0.368,0.37485,814622.33526409,1729857599999
1729857600000,0.37641,0.37641,0.3662,0.36939,399064.90053124,1729871999999
1729872000000,0.36883,0.36989,0.35621,0.36117,1109537.35946219,1729886399999
1729886400000,0.3607,0.36397,0.32637,0.34493,2480345.32235299,1729900799999
1729900800000,0.34298,0.34536,0.33812,0.34325,403449.00279919,1729915199999
1729915200000,0.34284,0.34963,0.33981,0.34858,598786.12451396,1729929599999
1729929600000,0.34814,0.35418,0.34695,0.35241,388560.15283959,1729943999999
1729944000000,0.35285,0.35374,0.34049,0.3425,464450.58799815,1729958399999
1729958400000,0.34249,0.34873,0.34249,0.34835,103866.7312744,1729972799999
1729972800000,0.34829,0.35188,0.34742,0.35058,158393.86843918,1729987199999
1729987200000,0.35005,0.3516,0.34689,0.35084,22044.7510822,1730001599999
1730001600000,0.35075,0.35103,0.34795,0.35013,152458.89275106,1730015999999
1730016000000,0.35065,0.35093,0.34339,0.34546,372029.12193243,1730030399999
1730030400000,0.34602,0.35423,0.34602,0.34997,503354.98549466,1730044799999
1730044800000,0.35246,0.35394,0.34577,0.34606,237310.88350584,1730059199999
1730059200000,0.34621,0.35323,0.343,0.34685,154459.77989575,1730073599999
1730073600000,0.34657,0.34796,0.33124,0.33128,175771.4344656,1730087999999
1730088000000,0.33451,0.344,0.33,0.34219,299918.11688722,1730102399999
1730102400000,0.34172,0.34268,0.33701,0.33772,137336.44237604,1730116799999
1730116800000,0.3383,0.33898,0.32968,0.33045,234513.48613021,1730131199999
1730131200000,0.33051,0.33765,0.32637,0.3325,413347.80101126,1730145599999
1730145600000,0.33226,0.34738,0.33203,0.34473,141545.16375377,1730159999999
1730160000000,0.34395,0.36088,0.34395,0.35697,437310.9536013,1730174399999
1730174400000,0.35754,0.35834,0.35133,0.35222,210477.27110695,1730188799999
1730188800000,0.35256,0.36885,0.35246,0.3656,558535.80217641,1730203199999
1730203200000,0.3656,0.37145,0.36086,0.36606,798280.80291415,1730217599999
1730217600000,0.36657,0.372,0.35834,0.35875,652160.54869013,1730231999999
1730232000000,0.35881,0.36641,0.35442,0.36641,312618.35109003,1730246399999
1730246400000,0.3644,0.38663,0.36324,0.38478,463462.95793576,1730260799999
1730260800000,0.38243,0.38796,0.37801,0.37901,527941.18889738,1730275199999
1730275200000,0.37893,0.38889,0.37458,0.381,596667.21469894,1730289599999
1730289600000,0.38,0.38725,0.37204,0.37365,723159.68808219,1730303999999
1730304000000,0.37275,0.37703,0.36866,0.37139,334254.8626373,1730318399999
1730318400000,0.3706,0.37841,0.36869,0.37485,511039.25384295,1730332799999
1730332800000,0.37274,0.37282,0.3659,0.3659,137029.12245509,1730347199999
1730347200000,0.36679,0.36911,0.36388,0.36789,211401.94234405,1730361599999
1730361600000,0.36814,0.36816,0.36075,0.36216,368425.50539561,1730375999999
1730376000000,0.36215,0.36396,0.35506,0.36111,479785.49479346,1730390399999
1730390400000,0.36145,0.36211,0.3525,0.35464,376891.80631664,1730404799999
1730404800000,0.35463,0.36102,0.35409,0.35447,353400.11259225,1730419199999
1730419200000,0.35377,0.36074,0.34888,0.35881,44175.30075796,1730433599999
1730433600000,0.3593,0.36142,0.35081,0.35516,174389.2435267,1730447999999
1730448000000,0.35548,0.36171,0.354,0.35943,288421.77066035,1730462399999
1730462400000,0.35961,0.37251,0.34903,0.35216,394865.61739998,1730476799999
1730476800000,0.35169,0.35998,0.35056,0.35348,169572.45860762,1730491199999
1730491200000,0.35305,0.35476,0.34481,0.35,150017.60943326,1730505599999
1730505600000,0.35049,0.35521,0.34986,0.34986,119031.85853905,1730519999999
1730520000000,0.34941,0.34941,0.34613,0.34822,124630.69347708,1730534399999
1730534400000,0.34867,0.34962,0.34331,0.34492,136485.22929355,1730548799999
1730548800000,0.34422,0.34506,0.33568,0.34053,535399.39011194,1730563199999
1730563200000,0.3404,0.34301,0.33521,0.33793,292668.9781671,1730577599999
1730577600000,0.33793,0.34053,0.33734,0.3374,109071.44907276,1730591999999
1730592000000,0.33957,0.34018,0.3229,0.32746,262445.76341247,1730606399999
1730606400000,0.32763,0.33254,0.32763,0.32975,95804.1270234,1730620799999
1730620800000,0.32929,0.33021,0.32559,0.32607,237926.17612108,1730635199999
1730635200000,0.32606,0.32943,0.30595,0.31406,620857.67713356,1730649599999
1730649600000,0.3134,0.31771,0.31098,0.31705,353220.83016914,1730663999999
1730664000000,0.31718,0.3227,0.31624,0.32135,520127.5721781,1730678399999
1730678400000,0.3207,0.32273,0.31641,0.31906,116038.45549494,1730692799999
1730692800000,0.31965,0.32098,0.31449,0.31527,196226.44894476,1730707199999
1730707200000,0.31514,0.31871,0.31226,0.31661,293983.31900122,1730721599999
1730721600000,0.31702,0.32039,0.31328,0.31642,475480.13317869,1730735999999
1730736000000,0.31493,0.31657,0.31044,0.31398,157105.94070748,1730750399999
1730750400000,0.31378,0.31378,0.30547,0.31025,184894.86584336,1730764799999
1730764800000,0.31171,0.31487,0.30891,0.31315,132752.47324438,1730779199999
1730779200000,0.31638,0.321,0.31633,0.31992,78266.96900995,1730793599999
1730793600000,0.32038,0.32408,0.31914,0.32322,939003.83431576,1730807999999
1730808000000,0.32333,0.33564,0.32211,0.33062,170377.14270897,1730822399999
1730822400000,0.33034,0.33371,0.31849,0.31985,403711.94835482,1730836799999
1730836800000,0.32135,0.32409,0.31869,0.32169,121731.56631713,1730851199999
1730851200000,0.32173,0.3548,0.32159,0.35281,667554.19072161,1730865599999
1730865600000,0.3527,0.36259,0.34916,0.35395,1550825.02595762,1730879999999
1730880000000,0.35409,0.36164,0.34371,0.36067,827412.08375611,1730894399999
1730894400000,0.36084,0.36367,0.35534,0.35999,460690.99533056,1730908799999
1730908800000,0.36069,0.37794,0.35962,0.37794,702328.78793704,1730923199999
1730923200000,0.3775,0.38615,0.37418,0.38175,645825.49133013,1730937599999
1730937600000,0.38168,0.398,0.37677,0.39055,470297.67892809,1730951999999
1730952000000,0.39099,0.39099,0.37291,0.3808,552426.06648723,1730966399999
1730966400000,0.38071,0.38518,0.37706,0.37839,587242.45586462,1730980799999
1730980800000,0.37871,0.38536,0.37,0.38536,420243.05749827,1730995199999
1730995200000,0.38705,0.38912,0.37995,0.38645,456555.26837142,1731009599999
1731009600000,0.38701,0.39654,0.38174,0.38524,435797.38538487,1731023999999
1731024000000,0.38577,0.38962,0.37705,0.38106,138603.65863034,1731038399999
1731038400000,0.38069,0.38515,0.37605,0.37945,372937.67106758,1731052799999
1731052800000,0.37942,0.38386,0.37354,0.38095,470894.30468465,1731067199999
1731067200000,0.38071,0.39138,0.37902,0.38369,402516.83987334,1731081599999
1731081600000,0.38387,0.39288,0.37089,0.38961,541534.48384529,1731095999999
1731096000000,0.3897,0.39158,0.38245,0.39119,348191.96568636,1731110399999
1731110400000,0.3912,0.4045,0.38247,0.38247,420548.83215706,1731124799999
1731124800000,0.38305,0.40196,0.38237,0.39398,281001.45451943,1731139199999
1731139200000,0.39361,0.40289,0.39359,0.39952,284126.7229736,1731153599999
1731153600000,0.40149,0.40196,0.38615,0.39092,301540.5351621,1731167999999
1731168000000,0.39271,0.39457,0.38282,0.39293,336180.81103371,1731182399999
1731182400000,0.3912,0.42613,0.39119,0.42095,1717437.79059914,1731196799999
1731196800000,0.42063,0.42613,0.40821,0.4195,694394.46800102,1731211199999
1731211200000,0.41811,0.4319,0.41791,0.4319,580983.02649522,1731225599999
1731225600000,0.43204,0.4555,0.42964,0.44245,1822681.24891119,1731239999999
1731240000000,0.44302,0.452,0.43382,0.44612,2247684.29442981,1731254399999
1731254400000,0.44623,0.45133,0.42791,0.4343,1616819.61142467,1731268799999
1731268800000,0.43502,0.43781,0.40214,0.43401,4076298.94222321,1731283199999
1731283200000,0.43448,0.463,0.43073,0.45778,985969.89010889,1731297599999
1731297600000,0.45733,0.46068,0.42073,0.43617,1929940.2275973,1731311999999
1731312000000,0.43581,0.45731,0.43407,0.45628,2678832.25588363,1731326399999
1731326400000,0.45503,0.46028,0.44159,0.45134,1259502.81960334,1731340799999
1731340800000,0.45168,0.47692,0.44643,0.46249,1938705.48826754,1731355199999
1731355200000,0.46282,0.48685,0.45191,0.48041,4013307.2764678,1731369599999
1731369600000,0.47681,0.47681,0.45631,0.46773,1564270.19245117,1731383999999
1731384000000,0.46707,0.47151,0.45796,0.46745,917430.57827378,1731398399999
1731398400000,0.4683,0.47809,0.40346,0.4375,7317899.61872285,1731412799999
1731412800000,0.43767,0.4413,0.42087,0.43073,1677040.67815782,1731427199999
1731427200000,0.42954,0.44637,0.42222,0.44288,976999.17733134,1731441599999
1731441600000,0.44268,0.46302,0.43744,0.45222,875883.87768553,1731455999999
1731456000000,0.45146,0.4585,0.42275,0.42275,178814.49974672,1731470399999
1731470400000,0.42,0.42624,0.40373,0.41671,1393087.57746763,1731484799999
1731484800000,0.4141,0.42904,0.41085,0.42321,571595.36102972,1731499199999
1731499200000,0.42268,0.45019,0.4195,0.45017,3522912.03236506,1731513599999
1731513600000,0.451,0.45162,0.42,0.42101,1387483.53317011,1731527999999
1731528000000,0.4194,0.42724,0.40967,0.42532,899051.71438728,1731542399999
1731542400000,0.4233,0.42775,0.41604,0.42646,257527.75800959,1731556799999
1731556800000,0.42664,0.45751,0.42497,0.45524,873956.66275782,1731571199999
1731571200000,0.45545,0.46324,0.43733,0.44598,1256745.81992925,1731585599999
1731585600000,0.444,0.45208,0.41895,0.42243,1638438.03784154,1731599999999
1731600000000,0.42106,0.43975,0.41983,0.43093,672154.32317277,1731614399999
1731614400000,0.43053,0.4337,0.40846,0.41465,674881.70142617,1731628799999
1731628800000,0.41499,0.42196,0.4025,0.4131,238505.63025839,1731643199999
1731643200000,0.41132,0.41485,0.39875,0.40937,473850.31876053,1731657599999
1731657600000,0.40961,0.43026,0.40527,0.42975,470305.1170151,1731671999999
1731672000000,0.42972,0.43928,0.41433,0.41681,1147401.30016452,1731686399999
1731686400000,0.41504,0.42787,0.41375,0.42392,573637.24482169,1731700799999
1731700800000,0.42473,0.44361,0.42473,0.43549,670116.45356186,1731715199999
1731715200000,0.43558,0.47362,0.43267,0.47039,460261.77445861,1731729599999
1731729600000,0.47158,0.50078,0.47153,0.48221,1435021.31637236,1731743999999
1731744000000,0.48225,0.51544,0.48179,0.51026,1926295.35411961,1731758399999
1731758400000,0.51029,0.51653,0.48526,0.49209,1199724.43854056,1731772799999
1731772800000,0.49255,0.51592,0.48841,0.50778,991197.6282065,1731787199999
1731787200000,0.50782,0.52212,0.49832,0.51257,907526.42273454,1731801599999
1731801600000,0.5109,0.52264,0.47563,0.48668,243122.34816857,1731815999999
1731816000000,0.48807,0.50248,0.48299,0.50039,680947.43630048,1731830399999
1731830400000,0.50062,0.51525,0.48617,0.48635,617094.75210102,1731844799999
1731844800000,0.4879,0.49928,0.48,0.48328,718678.78471907,1731859199999
1731859200000,0.48405,0.48634,0.47128,0.47452,765136.71987037,1731873599999
1731873600000,0.47439,0.47692,0.4625,0.47454,626368.97297349,1731887999999
1731888000000,0.47335,0.51551,0.47304,0.51034,642682.58239531,1731902399999
1731902400000,0.51051,0.51051,0.49001,0.49289,827260.99294939,1731916799999
1731916800000,0.49348,0.49401,0.47681,0.47903,806160.51116004,1731931199999
1731931200000,0.47973,0.49326,0.46965,0.49027,726070.94466119,1731945599999
1731945600000,0.48982,0.49831,0.4694,0.47636,1272048.2903155,1731959999999
1731960000000,0.47668,0.48729,0.47489,0.48511,575262.74814435,1731974399999
1731974400000,0.48107,0.48347,0.47628,0.48072,161122.29838104,1731988799999
1731988800000,0.47964,0.48085,0.47129,0.47587,282092.56727916,1732003199999
1732003200000,0.47599,0.47787,0.46865,0.4741,283964.6852058,1732017599999
1732017600000,0.47393,0.48154,0.46275,0.47121,298339.53132805,1732031999999
1732032000000,0.47211,0.47902,0.46788,0.47476,489175.97399401,1732046399999
1732046400000,0.47542,0.47766,0.45429,0.46274,539364.5709713,1732060799999
1732060800000,0.46288,0.46315,0.438,0.44578,150177.16183608,1732075199999
1732075200000,0.44424,0.45308,0.44174,0.45172,311680.70954144,1732089599999
1732089600000,0.45136,0.46187,0.45,0.45528,590002.55742112,1732103999999
1732104000000,0.45544,0.46828,0.44799,0.46005,511577.3668755,1732118399999
1732118400000,0.462,0.46228,0.42745,0.43388,651456.7210238,1732132799999
1732132800000,0.43347,0.44514,0.42951,0.43593,200729.94476903,1732147199999
1732147200000,0.43459,0.44221,0.41989,0.42709,187531.05964793,1732161599999
1732161600000,0.42768,0.44817,0.4273,0.44339,460702.49499727,1732175999999
1732176000000,0.44279,0.44663,0.43025,0.44085,278407.72655533,1732190399999
1732190400000,0.44095,0.47521,0.44095,0.4565,948986.39980384,1732204799999
1732204800000,0.45696,0.47014,0.45629,0.46092,891279.58089104,1732219199999
1732219200000,0.4607,0.46519,0.45558,0.46234,416081.5611827,1732233599999
1732233600000,0.46039,0.46453,0.451,0.46392,295201.84661213,1732247999999
1732248000000,0.46413,0.47355,0.4572,0.45851,666182.17830357,1732262399999
1732262400000,0.45763,0.469,0.45611,0.46662,769415.63030051,1732276799999
1732276800000,0.46656,0.47472,0.44673,0.46339,1005301.3919525,1732291199999
1732291200000,0.46288,0.46451,0.4473,0.45153,793549.93937938,1732305599999
1732305600000,0.45141,0.49615,0.44971,0.49615,638983.03270105,1732319999999
1732320000000,0.49525,0.51078,0.47831,0.48869,810056.47723093,1732334399999
1732334400000,0.48783,0.51036,0.48148,0.50588,717305.83146675,1732348799999
1732348800000,0.50527,0.51208,0.49658,0.49789,745459.76846012,1732363199999
1732363200000,0.49865,0.52241,0.49729,0.51524,1027450.65931599,1732377599999
1732377600000,0.51534,0.52233,0.4835,0.50205,1907869.79940364,1732391999999
1732392000000,0.50081,0.51918,0.48542,0.51056,1057533.19934724,1732406399999
1732406400000,0.51048,0.55515,0.50741,0.55515,1000193.86691432,1732420799999
1732420800000,0.55596,0.55859,0.53422,0.55064,938199.92709696,1732435199999
1732435200000,0.54914,0.55977,0.50841,0.51032,1401965.62649982,1732449599999
1732449600000,0.50893,0.616,0.48125,0.5441,6420422.95366184,1732463999999
1732464000000,0.54411,0.62,0.5351,0.60528,4494607.10032417,1732478399999
1732478400000,0.60577,0.648,0.57363,0.63,5810525.23055822,1732492799999
1732492800000,0.63165,0.65342,0.58392,0.5993,3575239.72707651,1732507199999
1732507200000,0.59981,0.66253,0.59387,0.61446,3331429.18874931,1732521599999
1732521600000,0.61385,0.62343,0.58681,0.59,2050982.06486827,1732535999999
1732536000000,0.58938,0.59559,0.56551,0.59143,1505501.13768966,1732550399999
1732550400000,0.59167,0.59394,0.56685,0.58809,912636.81684925,1732564799999
1732564800000,0.58855,0.64888,0.58024,0.62637,3655418.28564315,1732579199999
1732579200000,0.62329,0.64926,0.59593,0.6044,1527373.32919675,1732593599999
1732593600000,0.60461,0.62315,0.59446,0.59997,1616389.49945718,1732607999999
1732608000000,0.59987,0.60709,0.57133,0.5972,2208751.39882898,1732622399999
1732622400000,0.59591,0.63636,0.58696,0.6217,2104835.73492192,1732636799999
1732636800000,0.62234,0.67,0.6168,0.62884,4124628.42794707,1732651199999
1732651200000,0.62912,0.67069,0.62656,0.66139,2291442.19380871,1732665599999
1732665600000,0.66047,0.66091,0.62759,0.64583,660200.58506661,1732679999999
1732680000000,0.64915,0.65027,0.62558,0.64025,592120.43573834,1732694399999
1732694400000,0.64032,0.64102,0.62446,0.62935,963269.35519892,1732708799999
1732708800000,0.6292,0.63965,0.62,0.6297,929423.68396945,1732723199999
1732723200000,0.62944,0.67056,0.62451,0.65859,1928663.60014564,1732737599999
1732737600000,0.65867,0.676,0.6371,0.63932,1453244.97305494,1732751999999
1732752000000,0.63917,0.63924,0.61985,0.62261,375527.62544672,1732766399999
1732766400000,0.62298,0.63121,0.61748,0.62129,472915.66561717,1732780799999
1732780800000,0.6214,0.62657,0.6067,0.61584,414439.98530867,1732795199999
1732795200000,0.61419,0.62015,0.60423,0.60494,494467.793997,1732809599999
1732809600000,0.60525,0.62227,0.60378,0.61969,1015340.14120293,1732823999999
1732824000000,0.62012,0.63394,0.61833,0.625,583922.30732537,1732838399999
1732838400000,0.625,0.63997,0.6246,0.62863,254988.87741413,1732852799999
1732852800000,0.63116,0.64007,0.62046,0.62063,481289.35919668,1732867199999
1732867200000,0.62192,0.63927,0.62175,0.63275,516927.82343142,1732881599999
1732881600000,0.63206,0.63946,0.62277,0.63169,685147.65542679,1732895999999
1732896000000,0.63207,0.63708,0.62219,0.63708,582245.17485032,1732910399999
1732910400000,0.63662,0.64137,0.62749,0.63745,312725.5327074,1732924799999
1732924800000,0.6371,0.64046,0.62617,0.63835,121282.10805117,1732939199999
1732939200000,0.63966,0.64824,0.63031,0.63718,580656.67384232,1732953599999
1732953600000,0.63705,0.6458,0.62067,0.62427,646155.25734721,1732967999999
1732968000000,0.62344,0.64,0.62328,0.6328,611809.65032613,1732982399999
1732982400000,0.63329,0.64273,0.62575,0.63792,425706.22336821,1732996799999
1732996800000,0.63794,0.64607,0.6287,0.62901,528977.26450655,1733011199999
1733011200000,0.62853,0.64234,0.59832,0.60946,466224.19610382,1733025599999
1733025600000,0.60816,0.61452,0.60751,0.61361,266542.19031681,1733039999999
1733040000000,0.61094,0.61796,0.60914,0.61381,485209.92608616,1733054399999
1733054400000,0.6132,0.6253,0.61308,0.622,413330.93795651,1733068799999
1733068800000,0.62452,0.6247,0.61311,0.61672,365868.86653129,1733083199999
1733083200000,0.61641,0.62685,0.605,0.61907,997387.03752378,1733097599999
1733097600000,0.61932,0.62182,0.59038,0.5935,869243.30591413,1733111999999
1733112000000,0.59307,0.59805,0.584,0.58932,941409.78979241,1733126399999
1733126400000,0.587,0.5893,0.56328,0.56971,1538580.26600439,1733140799999
1733140800000,0.56868,0.59869,0.56701,0.59323,900709.95066614,1733155199999
1733155200000,0.59382,0.59586,0.57,0.58739,849350.12890075,1733169599999
1733169600000,0.58743,0.61294,0.58643,0.61216,601261.20556472,1733183999999
1733184000000,0.61333,0.6205,0.60484,0.61962,285066.49994414,1733198399999
1733198400000,0.61825,0.65055,0.61589,0.63617,1290636.61722468,1733212799999
1733212800000,0.63676,0.6565,0.62938,0.64229,1529297.03801078,1733227199999
1733227200000,0.64247,0.66383,0.59,0.62036,3103699.07342836,1733241599999
1733241600000,0.62078,0.63392,0.60232,0.6245,1836187.040324,1733255999999
1733256000000,0.62494,0.66388,0.62453,0.65954,1103499.51964143,1733270399999
1733270400000,0.66083,0.687,0.64888,0.65356,790296.97005864,1733284799999
1733284800000,0.65366,0.65931,0.64617,0.65107,371554.59749667,1733299199999
1733299200000,0.65243,0.67233,0.64809,0.66838,610667.84905044,1733313599999
1733313600000,0.66879,0.68397,0.65858,0.67779,1361888.79107981,1733327999999
1733328000000,0.67863,0.69901,0.63684,0.68682,2395254.40222379,1733342399999
1733342400000,0.68629,0.6951,0.65,0.65564,1299536.73804702,1733356799999
1733356800000,0.65423,0.66202,0.61035,0.63684,1422822.80684914,1733371199999
1733371200000,0.63695,0.64988,0.62442,0.64413,612115.53517557,1733385599999
1733385600000,0.64312,0.64965,0.63853,0.64722,653900.94069297,1733399999999
1733400000000,0.64614,0.68458,0.64558,0.6729,1250275.97261054,1733414399999
1733414400000,0.67296,0.69582,0.66,0.664,1074479.68582142,1733428799999
1733428800000,0.66159,0.68472,0.64262,0.66432,1965443.96342385,1733443199999
1733443200000,0.66021,0.675,0.65223,0.66463,308287.232508,1733457599999
1733457600000,0.66699,0.67438,0.65125,0.67438,817016.94542759,1733471999999
1733472000000,0.67557,0.67701,0.63952,0.64283,626150.84011474,1733486399999
1733486400000,0.6428,0.65551,0.62598,0.65043,889072.25369507,1733500799999
1733500800000,0.65026,0.67395,0.64767,0.67012,553837.06503133,1733515199999
1733515200000,0.66935,0.67721,0.66442,0.66805,530313.57462813,1733529599999
1733529600000,0.66908,0.67037,0.65495,0.6581,345507.70942931,1733543999999
1733544000000,0.65734,0.66517,0.628,0.65439,323022.24140102,1733558399999
1733558400000,0.65473,0.65678,0.628,0.65481,1489559.0012494,1733572799999
1733572800000,0.65471,0.66204,0.6486,0.66103,299358.78998726,1733587199999
1733587200000,0.65988,0.665,0.64963,0.65238,554299.00983364,1733601599999
1733601600000,0.65185,0.66068,0.64968,0.6561,484773.57060775,1733615999999
1733616000000,0.65614,0.66572,0.65012,0.66296,129384.60996416,1733630399999
1733630400000,0.6592,0.66286,0.63649,0.64885,216055.04805595,1733644799999
1733644800000,0.64542,0.64563,0.6281,0.64193,393635.04403059,1733659199999
1733659200000,0.64118,0.65279,0.63573,0.64894,668167.30590075,1733673599999
1733673600000,0.64884,0.65054,0.6351,0.64113,1347030.06967196,1733687999999
1733688000000,0.64137,0.65617,0.6389,0.65331,203630.63129674,1733702399999
1733702400000,0.65306,0.65306,0.61604,0.62144,208813.90187585,1733716799999
1733716800000,0.62041,0.62958,0.60458,0.61503,366592.6934189,1733731199999
1733731200000,0.61501,0.61501,0.58845,0.58994,1145022.30516136,1733745599999
1733745600000,0.58998,0.61196,0.58395,0.58992,752368.17461537,1733759999999
1733760000000,0.5896,0.59833,0.58417,0.58457,660214.76675436,1733774399999
1733774400000,0.58465,0.58486,0.47076,0.53824,4329300.21461191,1733788799999
1733788800000,0.53632,0.54838,0.49754,0.52149,272613.183785,1733803199999
1733803200000,0.52061,0.5395,0.50835,0.53339,414184.68014213,1733817599999
1733817600000,0.53272,0.54817,0.52629,0.53892,330827.42245136,1733831999999
1733832000000,0.53881,0.54202,0.4956,0.4956,649471.04180423,1733846399999
1733846400000,0.49714,0.51299,0.481,0.5121,1742122.80835042,1733860799999
1733860800000,0.51361,0.53505,0.51066,0.52369,430797.92329554,1733875199999
1733875200000,0.52341,0.52837,0.50453,0.5264,156041.30818613,1733889599999
1733889600000,0.53042,0.53702,0.5251,0.52756,199252.4944825,1733903999999
1733904000000,0.52664,0.5451,0.52664,0.54096,407821.37448007,1733918399999
1733918400000,0.54245,0.57084,0.54013,0.56731,592261.95370143,1733932799999
1733932800000,0.56815,0.57492,0.55719,0.56659,405786.1057167,1733947199999
1733947200000,0.567,0.57729,0.56172,0.57103,327977.65249679,1733961599999
1733961600000,0.56811,0.6136,0.56774,0.59808,342716.63707176,1733975999999
1733976000000,0.6008,0.6122,0.6008,0.60553,257628.28289125,1733990399999
1733990400000,0.6075,0.61448,0.58707,0.5915,448361.66468709,1734004799999
1734004800000,0.593,0.60747,0.59157,0.60111,242392.28212775,1734019199999
1734019200000,0.6022,0.60721,0.57459,0.57579,754410.49664164,1734033599999
1734033600000,0.57556,0.58932,0.57439,0.58106,278371.99446773,1734047999999
1734048000000,0.58233,0.58692,0.56595,0.57551,199336.37815836,1734062399999
1734062400000,0.57338,0.57476,0.55676,0.56381,175716.9538086,1734076799999
1734076800000,0.56358,0.58104,0.56134,0.57494,261104.48136652,1734091199999
1734091200000,0.5738,0.5845,0.56491,0.56783,519554.70951421,1734105599999
1734105600000,0.56872,0.57782,0.565,0.56859,377029.63430394,1734119999999
1734120000000,0.5692,0.57645,0.56231,0.57309,285351.87512717,1734134399999
1734134400000,0.57208,0.57836,0.56527,0.5675,31762.93046677,1734148799999
1734148800000,0.56585,0.57829,0.56578,0.5725,72169.96982276,1734163199999
1734163200000,0.57253,0.58258,0.56747,0.56779,212703.06854268,1734177599999
1734177600000,0.5674,0.56886,0.544,0.5532,436493.14734898,1734191999999
1734192000000,0.55232,0.55327,0.53502,0.54267,346283.01129133,1734206399999
1734206400000,0.54167,0.54984,0.53381,0.54794,215148.55231995,1734220799999
1734220800000,0.54684,0.54811,0.54137,0.54476,9720.95422913,1734235199999
1734235200000,0.54489,0.54646,0.5292,0.53301,358243.55346939,1734249599999
1734249600000,0.53344,0.5471,0.53301,0.54494,98104.25506585,1734263999999
1734264000000,0.54665,0.56252,0.54235,0.55764,272451.61364072,1734278399999
1734278400000,0.55742,0.565,0.55247,0.56255,241547.51576197,1734292799999
1734292800000,0.56336,0.569,0.542,0.56368,346798.19190173,1734307199999
1734307200000,0.56521,0.57762,0.55315,0.55435,165138.58235328,1734321599999
1734321600000,0.55477,0.56101,0.54967,0.55349,212853.24120478,1734335999999
1734336000000,0.5548,0.5548,0.53312,0.53559,304891.9868956,1734350399999
1734350400000,0.53435,0.54859,0.5324,0.5416,284416.66620291,1734364799999
1734364800000,0.54174,0.55234,0.54079,0.54237,540296.17949627,1734379199999
1734379200000,0.54298,0.54893,0.53442,0.53565,460387.24753967,1734393599999
1734393600000,0.53646,0.53656,0.52472,0.53236,96082.19354358,1734407999999
1734408000000,0.52948,0.53205,0.5234,0.52764,175985.20939408,1734422399999
1734422400000,0.52819,0.54119,0.5265,0.53855,205241.22737887,1734436799999
1734436800000,0.53999,0.54433,0.51758,0.52146,319731.11833433,1734451199999
1734451200000,0.52001,0.5325,0.514,0.52458,279707.95985492,1734465599999
1734465600000,0.52457,0.52658,0.50173,0.5038,336801.37547665,1734479999999
1734480000000,0.50335,0.50599,0.4911,0.49258,196840.64579163,1734494399999
1734494400000,0.49,0.49402,0.48405,0.49149,278696.50171044,1734508799999
1734508800000,0.49003,0.5,0.4877,0.49837,266127.40098988,1734523199999
1734523200000,0.49825,0.49969,0.48597,0.49273,422484.57661784,1734537599999
1734537600000,0.49158,0.50792,0.4874,0.4874,482458.45595301,1734551999999
1734552000000,0.48704,0.49032,0.45122,0.45933,1558096.55575353,1734566399999
1734566400000,0.457,0.4613,0.42844,0.4605,445225.02865371,1734580799999
1734580800000,0.45797,0.46076,0.45231,0.45775,510580.05236054,1734595199999
1734595200000,0.45604,0.46591,0.44864,0.46257,547086.7882089,1734609599999
1734609600000,0.46348,0.46526,0.43962,0.44764,695333.80261116,1734623999999
1734624000000,0.4462,0.45401,0.40594,0.41463,1547861.48822974,1734638399999
1734638400000,0.41506,0.42798,0.40196,0.41832,845509.55109317,1734652799999
1734652800000,0.417,0.43091,0.41,0.42138,259485.19525393,1734667199999
1734667200000,0.4238,0.4244,0.4,0.40938,283665.78361592,1734681599999
1734681600000,0.40906,0.40906,0.35897,0.36094,2002645.21686767,1734695999999
1734696000000,0.35977,0.4079,0.35697,0.4044,1106731.43527744,1734710399999
1734710400000,0.404,0.42225,0.3997,0.4164,1040004.41558403,1734724799999
1734724800000,0.41664,0.42696,0.40639,0.42394,463025.56942764,1734739199999
1734739200000,0.42273,0.42764,0.41726,0.42186,55864.29229998,1734753599999
1734753600000,0.42457,0.462,0.42457,0.45608,455748.07203741,1734767999999
1734768000000,0.45583,0.45751,0.43576,0.43802,1330354.27729937,1734782399999
1734782400000,0.43752,0.43752,0.407,0.41728,830505.45619748,1734796799999
1734796800000,0.4145,0.41765,0.3968,0.40374,398248.70889276,1734811199999
1734811200000,0.40331,0.41051,0.39812,0.40605,572972.5640073,1734825599999
1734825600000,0.40501,0.4147,0.40041,0.40779,50810.04850427,1734839999999
1734840000000,0.40761,0.40939,0.39452,0.40677,236602.62341696,1734854399999
1734854400000,0.40804,0.42077,0.40779,0.4157,204872.65300268,1734868799999
1734868800000,0.41622,0.41984,0.40139,0.40472,175072.40985131,1734883199999
1734883200000,0.40476,0.41378,0.39724,0.39794,171303.5567641,1734897599999
1734897600000,0.3992,0.40893,0.39362,0.40232,176265.14743725,1734911999999
1734912000000,0.401,0.41871,0.39211,0.41871,200053.72444989,1734926399999
1734926400000,0.41634,0.41943,0.399,0.40507,207216.95021116,1734940799999
1734940800000,0.40514,0.41473,0.40469,0.40664,315995.23059226,1734955199999
1734955200000,0.40856,0.41331,0.39898,0.39898,260867.50443522,1734969599999
1734969600000,0.39928,0.41768,0.39884,0.41186,385214.24811719,1734983999999
1734984000000,0.41247,0.44676,0.41247,0.43972,547919.30254835,1734998399999
1734998400000,0.43985,0.44165,0.42409,0.43467,218867.52197543,1735012799999
1735012800000,0.43453,0.43886,0.42955,0.43335,107157.68010134,1735027199999
1735027200000,0.43196,0.43735,0.42767,0.43589,285422.86860697,1735041599999
1735041600000,0.43631,0.45925,0.43129,0.45664,593254.54909863,1735055999999
1735056000000,0.45688,0.46124,0.44741,0.44763,289667.08288699,1735070399999
1735070400000,0.44701,0.4537,0.44177,0.45206,399123.57545628,1735084799999
1735084800000,0.45142,0.45261,0.44383,0.44544,104112.20587136,1735099199999
1735099200000,0.44593,0.45229,0.44229,0.44279,495840.97261759,1735113599999
1735113600000,0.44237,0.45284,0.43748,0.43871,223440.73105004,1735127999999
1735128000000,0.43976,0.44805,0.43701,0.4397,165255.94105499,1735142399999
1735142400000,0.4406,0.44153,0.43301,0.43901,258520.65964844,1735156799999
1735156800000,0.43907,0.44115,0.43144,0.43901,169993.21079568,1735171199999
1735171200000,0.43877,0.44372,0.4283,0.4295,180085.76286933,1735185599999
1735185600000,0.42847,0.42847,0.4182,0.42068,88034.92222506,1735199999999
1735200000000,0.42037,0.42166,0.40971,0.41395,304091.01026932,1735214399999
1735214400000,0.41369,0.41494,0.40578,0.40634,158985.42151582,1735228799999
1735228800000,0.40637,0.41005,0.4005,0.40383,553434.82172399,1735243199999
1735243200000,0.40343,0.40552,0.39734,0.40263,252355.86615185,1735257599999
1735257600000,0.405,0.41127,0.4002,0.40894,41951.52565323,1735271999999
1735272000000,0.40876,0.41089,0.39822,0.40193,139860.15090144,1735286399999
1735286400000,0.40593,0.42234,0.40446,0.41681,332450.57804731,1735300799999
1735300800000,0.41621,0.41673,0.3965,0.39972,213857.9551354,1735315199999
1735315200000,0.39988,0.40745,0.3944,0.4038,429107.78191893,1735329599999
1735329600000,0.40378,0.40416,0.395,0.39863,235870.2541688,1735343999999
1735344000000,0.39919,0.40001,0.39439,0.39985,40639.42295102,1735358399999
1735358400000,0.39846,0.39953,0.39022,0.39082,134529.18278067,1735372799999
1735372800000,0.39099,0.39572,0.39,0.39506,209250.97997708,1735387199999
1735387200000,0.39518,0.40263,0.39134,0.397,92720.10332335,1735401599999
1735401600000,0.39807,0.40706,0.39582,0.40331,143355.76448239,1735415999999
1735416000000,0.40443,0.41271,0.40227,0.40844,93764.24231525,1735430399999
1735430400000,0.40664,0.41265,0.40664,0.41216,53580.26647262,1735444799999
1735444800000,0.41171,0.41187,0.40461,0.40967,58538.44917276,1735459199999
1735459200000,0.41093,0.41105,0.40492,0.40514,129753.97588662,1735473599999
1735473600000,0.4049,0.4081,0.39893,0.40135,136714.72664538,1735487999999
1735488000000,0.4015,0.40162,0.39536,0.39786,192380.52022091,1735502399999
1735502400000,0.39691,0.39781,0.38844,0.39347,237928.91699977,1735516799999
1735516800000,0.39024,0.40744,0.39024,0.40241,113016.82424626,1735531199999
1735531200000,0.40116,0.40774,0.39877,0.40364,73713.54264896,1735545599999
1735545600000,0.40499,0.40518,0.39495,0.39877,144866.28391585,1735559999999
1735560000000,0.39948,0.40448,0.38048,0.38235,639765.45086293,1735574399999
1735574400000,0.38201,0.40132,0.37918,0.40011,340947.91904599,1735588799999
1735588800000,0.40045,0.40299,0.38292,0.38716,429887.11632081,1735603199999
1735603200000,0.38498,0.38561,0.37645,0.37785,121023.60634313,1735617599999
1735617600000,0.3779,0.38141,0.37428,0.38128,64094.28404448,1735631999999
1735632000000,0.38186,0.39562,0.38186,0.38927,126600.26589138,1735646399999
1735646400000,0.38966,0.39871,0.38619,0.39567,274338.09727894,1735660799999
1735660800000,0.39522,0.39675,0.38496,0.38738,208584.43968337,1735675199999
1735675200000,0.38879,0.38932,0.3809,0.3829,537720.27931412,1735689599999
1735689600000,0.3818,0.39263,0.3818,0.38626,105671.26377629,1735703999999
1735704000000,0.385,0.386,0.38332,0.38513,54694.78988308,1735718399999
1735718400000,0.38557,0.38585,0.37691,0.38515,150247.03630571,1735732799999
1735732800000,0.3851,0.39359,0.38456,0.39279,206198.20539471,1735747199999
1735747200000,0.39475,0.40719,0.38872,0.40613,448439.68992531,1735761599999
1735761600000,0.406,0.40979,0.40457,0.40651,154373.73776142,1735775999999
1735776000000,0.40629,0.4133,0.40629,0.40807,87789.77102916,1735790399999
1735790400000,0.40947,0.41831,0.40947,0.41734,155607.31022114,1735804799999
1735804800000,0.41743,0.42231,0.41253,0.42223,445802.97036986,1735819199999
1735819200000,0.42277,0.42624,0.41774,0.41983,271559.2922944,1735833599999
1735833600000,0.42041,0.4246,0.4167,0.41894,199600.81655507,1735847999999
1735848000000,0.41965,0.42272,0.41085,0.41913,229240.01858777,1735862399999
1735862400000,0.41918,0.41988,0.41264,0.41944,38119.08174341,1735876799999
1735876800000,0.41782,0.41803,0.40812,0.40881,110527.4074226,1735891199999
1735891200000,0.40866,0.42984,0.40866,0.42887,360300.46672376,1735905599999
1735905600000,0.42987,0.445,0.42562,0.445,306728.25112658,1735919999999
1735920000000,0.44547,0.4477,0.44189,0.4446,505949.30019518,1735934399999
1735934400000,0.44463,0.44463,0.43936,0.44429,294441.86146785,1735948799999
1735948800000,0.44487,0.44536,0.43668,0.44187,82689.01430451,1735963199999
1735963200000,0.43858,0.4516,0.43837,0.44968,52521.25209887,1735977599999
1735977600000,0.44927,0.44927,0.44001,0.44735,363839.63715919,1735991999999
1735992000000,0.44787,0.46656,0.44775,0.45342,553362.79329059,1736006399999
1736006400000,0.45638,0.4565,0.44877,0.45329,393099.63567901,1736020799999
1736020800000,0.45505,0.46282,0.45505,0.45822,272239.81378894,1736035199999
1736035200000,0.4574,0.4574,0.44859,0.4506,75467.66442984,1736049599999
1736049600000,0.45241,0.45457,0.4493,0.45045,91938.93300884,1736063999999
1736064000000,0.44975,0.44975,0.44025,0.44448,216188.01486152,1736078399999
1736078400000,0.44528,0.44676,0.43708,0.44419,314741.80968074,1736092799999
1736092800000,0.44523,0.44625,0.43792,0.44173,215629.50993454,1736107199999
1736107200000,0.44327,0.44867,0.43967,0.44507,315480.04190473,1736121599999
1736121600000,0.44599,0.44927,0.43384,0.44675,229110.14093521,1736135999999
1736136000000,0.44637,0.45177,0.442,0.44366,393292.15068997,1736150399999
1736150400000,0.4442,0.44536,0.43643,0.44218,274744.38825121,1736164799999
1736164800000,0.44294,0.45431,0.43704,0.45264,347477.97788418,1736179199999
1736179200000,0.45328,0.46191,0.44564,0.44952,449347.30343207,1736193599999
1736193600000,0.45092,0.45371,0.44257,0.44807,255137.26403011,1736207999999
1736208000000,0.44562,0.45001,0.43852,0.44067,39038.36484332,1736222399999
1736222400000,0.44082,0.44763,0.438,0.44207,117343.2199171,1736236799999
1736236800000,0.44278,0.44813,0.43276,0.43608,219567.51218184,1736251199999
1736251200000,0.43751,0.44184,0.415,0.41953,882156.42684067,1736265599999
1736265600000,0.41675,0.42311,0.40426,0.40674,604048.34849583,1736279999999
1736280000000,0.40574,0.41103,0.401,0.40215,443255.90333503,1736294399999
1736294400000,0.40162,0.40593,0.391,0.3929,151499.64352284,1736308799999
1736308800000,0.39086,0.3925,0.37837,0.38633,224356.48353848,1736323199999
1736323200000,0.38641,0.3919,0.3822,0.38397,510587.57588058,1736337599999
1736337600000,0.38424,0.39028,0.38163,0.38574,613589.33145304,1736351999999
1736352000000,0.38597,0.38723,0.36185,0.37733,440013.62986877,1736366399999
1736366400000,0.37715,0.38642,0.37465,0.38476,252049.21563415,1736380799999
1736380800000,0.3827,0.38846,0.37864,0.38067,124456.85354935,1736395199999
1736395200000,0.38033,0.38056,0.36995,0.37097,73556.54653063,1736409599999
1736409600000,0.37013,0.3779,0.36889,0.373,298692.91916502,1736423999999
1736424000000,0.37358,0.38013,0.35855,0.37675,549344.10489921,1736438399999
1736438400000,0.37756,0.3805,0.36334,0.36393,197976.61045554,1736452799999
1736452800000,0.36358,0.36624,0.35668,0.36377,511747.17532534,1736467199999
1736467200000,0.36565,0.36948,0.36292,0.36948,172115.9095927,1736481599999
1736481600000,0.37053,0.38324,0.36802,0.38076,176708.80094403,1736495999999
1736496000000,0.38106,0.38335,0.37676,0.37945,477313.49624307,1736510399999
1736510400000,0.37969,0.3803,0.36452,0.3727,248905.0848034,1736524799999
1736524800000,0.37184,0.38389,0.36824,0.38342,114447.79070884,1736539199999
1736539200000,0.38347,0.38347,0.37614,0.38057,182349.5348808,1736553599999
1736553600000,0.38131,0.38131,0.375,0.375,20194.98402039,1736567999999
1736568000000,0.37724,0.37787,0.37329,0.37578,105097.05938816,1736582399999
1736582400000,0.37643,0.38077,0.37258,0.37979,71054.55653397,1736596799999
1736596800000,0.37916,0.37924,0.37324,0.3756,55600.96286268,1736611199999
1736611200000,0.37575,0.37777,0.37185,0.37393,870136.25632855,1736625599999
1736625600000,0.3734,0.3871,0.3734,0.3802,193261.08242868,1736639999999
1736640000000,0.37912,0.38196,0.37832,0.37884,12380.28213012,1736654399999
1736654400000,0.38175,0.38315,0.37589,0.37765,15287.95367858,1736668799999
1736668800000,0.37873,0.37946,0.37181,0.379,279447.43846191,1736683199999
1736683200000,0.379,0.3831,0.37626,0.38273,84320.07333987,1736697599999
1736697600000,0.38288,0.38329,0.37713,0.37791,106781.92562796,1736711999999
1736712000000,0.37861,0.37946,0.36745,0.37363,132894.5613061,1736726399999
1736726400000,0.37383,0.38303,0.36124,0.36124,18313.5343122,1736740799999
1736740800000,0.36212,0.37042,0.35399,0.35617,126858.4345752,1736755199999
1736755200000,0.3563,0.3563,0.33609,0.33676,758767.37071143,1736769599999
1736769600000,0.33727,0.35328,0.3325,0.3475,939035.65657136,1736783999999
1736784000000,0.34492,0.34808,0.33222,0.33985,370486.07798538,1736798399999
1736798400000,0.33927,0.35887,0.3368,0.35526,260439.08513275,1736812799999
1736812800000,0.35537,0.36113,0.35389,0.35648,53248.85395408,1736827199999
1736827200000,0.3587,0.3623,0.35597,0.35719,1245190.95950877,1736841599999
1736841600000,0.35792,0.37269,0.35771,0.36508,303393.79369996,1736855999999
1736856000000,0.36613,0.36879,0.36081,0.36465,524580.77976001,1736870399999
1736870400000,0.36115,0.36748,0.36115,0.36442,284102.58242079,1736884799999
1736884800000,0.36458,0.36941,0.362,0.36553,559177.12425096,1736899199999
1736899200000,0.36667,0.37196,0.36515,0.36831,127047.83759174,1736913599999
1736913600000,0.36957,0.37056,0.36475,0.3681,82278.52524989,1736927999999
1736928000000,0.36917,0.3703,0.35608,0.35868,383632.09019984,1736942399999
1736942400000,0.35847,0.38892,0.35649,0.385,660927.5876569,1736956799999
1736956800000,0.38608,0.39202,0.37938,0.39122,520135.61774387,1736971199999
1736971200000,0.39142,0.39484,0.38653,0.39336,412849.60989847,1736985599999
1736985600000,0.39337,0.39337,0.38358,0.38614,70572.97259917,1736999999999
1737000000000,0.38882,0.39286,0.38815,0.39028,165387.65618092,1737014399999
1737014400000,0.3905,0.39337,0.37955,0.39333,301414.84088342,1737028799999
1737028800000,0.39277,0.405,0.38756,0.39505,1275294.96620626,1737043199999
1737043200000,0.39571,0.40537,0.39571,0.40313,604247.52928559,1737057599999
1737057600000,0.40314,0.404,0.38916,0.39282,286246.56917632,1737071999999
1737072000000,0.39213,0.40021,0.39137,0.39563,148055.08677471,1737086399999
1737086400000,0.39482,0.4035,0.39482,0.39957,157546.23924141,1737100799999
1737100800000,0.40141,0.40994,0.39909,0.40774,497862.34864798,1737115199999
1737115200000,0.40659,0.4109,0.40238,0.40753,559623.77444653,1737129599999
1737129600000,0.40883,0.41366,0.40325,0.40666,304263.68358533,1737143999999
1737144000000,0.40571,0.41596,0.40571,0.41178,334255.04571765,1737158399999
1737158400000,0.41207,0.42069,0.39906,0.40044,190874.09170862,1737172799999
1737172800000,0.40201,0.40211,0.38372,0.38562,146802.01042149,1737187199999
1737187200000,0.38353,0.39038,0.3791,0.38992,555562.11491896,1737201599999
1737201600000,0.38929,0.39105,0.38087,0.38275,338763.15085001,1737215999999
1737216000000,0.38374,0.38374,0.37274,0.37863,403683.46195176,1737230399999
1737230400000,0.37952,0.38306,0.37281,0.38232,260148.98279005,1737244799999
1737244800000,0.38118,0.38828,0.38047,0.38688,46094.49807918,1737259199999
1737259200000,0.37638,0.37638,0.36765,0.3692,136094.39307066,1737273599999
1737273600000,0.36847,0.36847,0.34302,0.34625,742694.1094325,1737287999999
1737288000000,0.34542,0.37539,0.34542,0.37028,789079.1342141,1737302399999
1737302400000,0.36853,0.37644,0.36512,0.3744,567955.29133017,1737316799999
1737316800000,0.37583,0.37864,0.33164,0.33818,1444651.28329301,1737331199999
1737331200000,0.33654,0.33884,0.32354,0.33259,646987.87665324,1737345599999
1737345600000,0.33328,0.37476,0.33,0.35875,1041838.35357259,1737359999999
1737360000000,0.35885,0.3662,0.35258,0.35772,476766.85454862,1737374399999
1737374400000,0.35864,0.35864,0.34333,0.34523,768904.10808729,1737388799999
1737388800000,0.34552,0.34877,0.32431,0.33969,1364012.30799146,1737403199999
1737403200000,0.33887,0.34186,0.33137,0.33576,180506.04295306,1737417599999
1737417600000,0.33437,0.33602,0.32807,0.3302,176875.0361796,1737431999999
1737432000000,0.328,0.3301,0.3224,0.32712,172724.27096899,1737446399999
1737446400000,0.32655,0.33965,0.32491,0.33941,379522.98858263,1737460799999
1737460800000,0.33934,0.34287,0.33492,0.34011,442642.64265465,1737475199999
1737475200000,0.33933,0.35676,0.33933,0.35164,531701.79494828,1737489599999
1737489600000,0.35216,0.35216,0.34429,0.34536,258415.14858024,1737503999999
1737504000000,0.34687,0.34687,0.342,0.34535,41480.67078143,1737518399999
1737518400000,0.34592,0.34725,0.34281,0.34281,40892.19117989,1737532799999
1737532800000,0.34313,0.34409,0.33811,0.34383,214081.48928234,1737547199999
1737547200000,0.34483,0.34483,0.33413,0.33487,169297.31077023,1737561599999
1737561600000,0.33489,0.34403,0.33484,0.34129,158174.437685,1737575999999
1737576000000,0.34179,0.34579,0.3329,0.3335,241027.16590474,1737590399999
1737590400000,0.3325,0.3336,0.325,0.3261,212190.9205685,1737604799999
1737604800000,0.32707,0.3291,0.323,0.3291,136872.92298803,1737619199999
1737619200000,0.32852,0.33033,0.32123,0.32414,78448.88338947,1737633599999
1737633600000,0.32316,0.33506,0.31983,0.3318,386005.98026597,1737647999999
1737648000000,0.33244,0.33915,0.32019,0.3213,208103.84064507,1737662399999
1737662400000,0.3217,0.33256,0.319,0.33041,593885.49309728,1737676799999
1737676800000,0.32673,0.32673,0.31529,0.31858,148280.32204617,1737691199999
1737691200000,0.31842,0.33957,0.31841,0.33379,394469.89412348,1737705599999
1737705600000,0.33331,0.34193,0.33265,0.34073,262465.25881032,1737719999999
1737720000000,0.34066,0.34385,0.33415,0.33534,245311.49865787,1737734399999
1737734400000,0.33676,0.33935,0.333,0.33603,200263.58161444,1737748799999
1737748800000,0.33703,0.33725,0.32371,0.32408,97635.76739311,1737763199999
1737763200000,0.323,0.3319,0.31862,0.33189,128895.07093274,1737777599999
1737777600000,0.32937,0.32937,0.32419,0.32419,132377.35602033,1737791999999
1737792000000,0.32471,0.32845,0.32231,0.3283,118455.162048,1737806399999
1737806400000,0.32739,0.33336,0.3261,0.3325,170236.98924852,1737820799999
1737820800000,0.33138,0.33455,0.32869,0.33191,224727.24164587,1737835199999
1737835200000,0.33227,0.33457,0.32862,0.3303,38549.75080188,1737849599999
1737849600000,0.32993,0.33555,0.32935,0.33457,17286.08641705,1737863999999
1737864000000,0.33427,0.33928,0.33338,0.33476,91905.0415263,1737878399999
1737878400000,0.33579,0.33721,0.32974,0.33446,302210.81915463,1737892799999
1737892800000,0.33445,0.33861,0.33287,0.33822,153084.02356129,1737907199999
1737907200000,0.33852,0.34287,0.33553,0.3413,189296.09298322,1737921599999
1737921600000,0.3428,0.34382,0.323,0.32329,235501.785395,1737935999999
1737936000000,0.3225,0.32292,0.3052,0.30744,337395.55907068,1737950399999
1737950400000,0.30712,0.30732,0.28669,0.2941,1024625.70461809,1737964799999
1737964800000,0.29262,0.29492,0.28413,0.28675,749101.74080567,1737979199999
1737979200000,0.28637,0.30327,0.28473,0.3021,854046.64857991,1737993599999
1737993600000,0.30114,0.30157,0.28887,0.29183,524866.69590922,1738007999999
1738008000000,0.29342,0.30889,0.29342,0.3052,390813.60690846,1738022399999
1738022400000,0.30491,0.30738,0.29901,0.3043,123816.34078212,1738036799999
1738036800000,0.30497,0.30747,0.30022,0.30022,310603.63533755,1738051199999
1738051200000,0.30182,0.30248,0.29825,0.30002,219093.39090762,1738065599999
1738065600000,0.29979,0.30281,0.29489,0.3004,269254.03188415,1738079999999
1738080000000,0.29966,0.30052,0.293,0.29516,274785.15178318,1738094399999
1738094400000,0.29533,0.29614,0.27945,0.28275,553937.56068479,1738108799999
1738108800000,0.28014,0.29149,0.28,0.28899,100987.09304796,1738123199999
1738123200000,0.28817,0.29717,0.28817,0.29643,234824.23892253,1738137599999
1738137600000,0.2975,0.29788,0.29005,0.29371,656793.02516152,1738151999999
1738152000000,0.29355,0.29424,0.283,0.28453,564773.77014289,1738166399999
1738166400000,0.28487,0.29732,0.28186,0.29466,689122.06083013,1738180799999
1738180800000,0.29345,0.30436,0.2898,0.29295,299064.29124968,1738195199999
1738195200000,0.29315,0.30516,0.29315,0.30516,42292.54051877,1738209599999
1738209600000,0.30453,0.30712,0.30229,0.30541,242128.00926591,1738223999999
1738224000000,0.30574,0.31208,0.3037,0.31165,545428.23680494,1738238399999
1738238400000,0.31116,0.31959,0.30921,0.31707,303286.38309129,1738252799999
1738252800000,0.31718,0.32242,0.31568,0.32181,163145.2060087,1738267199999
1738267200000,0.32186,0.32236,0.3176,0.31807,121190.68232362,1738281599999
1738281600000,0.31983,0.32279,0.31233,0.31508,222978.05086954,1738295999999
1738296000000,0.31401,0.32676,0.31401,0.32385,175487.44389352,1738310399999
1738310400000,0.32491,0.33026,0.31742,0.32874,635509.77509126,1738324799999
1738324800000,0.32852,0.33325,0.32491,0.33183,334434.30214625,1738339199999
1738339200000,0.33204,0.3339,0.31941,0.32263,183262.26857481,1738353599999
1738353600000,0.32161,0.32249,0.31604,0.32174,217799.11387949,1738367999999
1738368000000,0.31935,0.32361,0.31804,0.3183,24702.29383374,1738382399999
1738382400000,0.31905,0.32155,0.31695,0.31709,120322.82028998,1738396799999
1738396800000,0.3171,0.31721,0.30689,0.30927,217458.99267442,1738411199999
1738411200000,0.30941,0.31223,0.30385,0.3059,115002.19710483,1738425599999
1738425600000,0.305,0.30765,0.2975,0.29892,168322.92316214,1738439999999
1738440000000,0.29878,0.29878,0.28707,0.28954,334777.32744202,1738454399999
1738454400000,0.28818,0.29504,0.27956,0.27971,231474.38638661,1738468799999
1738468800000,0.279,0.28825,0.27873,0.28334,89972.9908053,1738483199999
1738483200000,0.28286,0.28988,0.27633,0.27722,421397.48056316,1738497599999
1738497600000,0.27741,0.28329,0.27455,0.27804,385164.89222942,1738511999999
1738512000000,0.27649,0.27705,0.25083,0.25893,1207885.12973741,1738526399999
1738526400000,0.2588,0.26211,0.23785,0.24894,1315168.97601988,1738540799999
1738540800000,0.24737,0.24737,0.1875,0.21566,2466342.67428269,1738555199999
1738555200000,0.21489,0.23111,0.20631,0.22979,763896.83171964,1738569599999
1738569600000,0.229,0.23307,0.2187,0.22675,739041.21933875,1738583999999
1738584000000,0.22772,0.24038,0.21265,0.2352,835361.37428643,1738598399999
1738598400000,0.2336,0.2469,0.23196,0.24495,528087.70593208,1738612799999
1738612800000,0.24478,0.25156,0.23824,0.25098,758047.45325506,1738627199999
1738627200000,0.25009,0.2515,0.2399,0.2405,79622.39933403,1738641599999
1738641600000,0.24421,0.24421,0.2244,0.2244,268662.44563912,1738655999999
1738656000000,0.225,0.23558,0.22367,0.23272,266827.59722012,1738670399999
1738670400000,0.23315,0.24155,0.23203,0.23461,633119.14014167,1738684799999
1738684800000,0.2346,0.24435,0.234,0.234,281460.74096885,1738699199999
1738699200000,0.2336,0.23508,0.22467,0.23508,576773.83397344,1738713599999
1738713600000,0.234,0.23434,0.23103,0.23308,144085.56845092,1738727999999
1738728000000,0.2315,0.23488,0.22864,0.23137,191402.39105594,1738742399999
1738742400000,0.23125,0.23569,0.22948,0.23558,155562.5421652,1738756799999
1738756800000,0.23572,0.23774,0.22957,0.23303,179525.08573396,1738771199999
1738771200000,0.23337,0.23449,0.223,0.22882,315475.30660199,1738785599999
1738785600000,0.23014,0.23056,0.22163,0.22351,269760.94666819,1738799999999
1738800000000,0.22505,0.22704,0.22256,0.2244,95807.03438587,1738814399999
1738814400000,0.22619,0.23353,0.22619,0.22965,158318.98984867,1738828799999
1738828800000,0.22837,0.23078,0.22544,0.22713,362043.02114093,1738843199999
1738843200000,0.22741,0.22741,0.21276,0.21406,695157.93977252,1738857599999
1738857600000,0.21439,0.21646,0.20972,0.21043,776153.86036232,1738871999999
1738872000000,0.21027,0.21523,0.20877,0.20927,428480.00271749,1738886399999
1738886400000,0.21174,0.21826,0.21108,0.21649,292079.05689657,1738900799999
1738900800000,0.21743,0.21743,0.20994,0.21417,65180.17365444,1738915199999
1738915200000,0.2149,0.22328,0.21308,0.22138,114268.14248238,1738929599999
1738929600000,0.22211,0.22909,0.21962,0.22185,460610.69299889,1738943999999
1738944000000,0.22237,0.22237,0.21546,0.21574,359865.52364816,1738958399999
1738958400000,0.215,0.215,0.20416,0.21079,202254.85963232,1738972799999
1738972800000,0.20949,0.21352,0.20893,0.21163,22949.79910702,1738987199999
1738987200000,0.20934,0.2143,0.20902,0.21276,35758.52802108,1739001599999
1739001600000,0.21205,0.21278,0.20972,0.20985,121764.51391818,1739015999999
1739016000000,0.21084,0.21722,0.20982,0.21356,216124.02793486,1739030399999
1739030400000,0.2138,0.22066,0.21154,0.21935,246202.82016759,1739044799999
1739044800000,0.21957,0.22232,0.21814,0.22151,81871.64019649,1739059199999
1739059200000,0.22175,0.22368,0.21914,0.22368,107400.91196673,1739073599999
1739073600000,0.22459,0.22459,0.22159,0.2228,187683.21662801,1739087999999
1739088000000,0.224,0.22516,0.222,0.222,174994.39482949,1739102399999
1739102400000,0.22229,0.22282,0.21717,0.22219,82873.73931492,1739116799999
1739116800000,0.22214,0.22453,0.21758,0.21772,168668.37309063,1739131199999
1739131200000,0.21785,0.22038,0.20853,0.21867,487426.60493108,1739145599999
1739145600000,0.221,0.22281,0.21058,0.21739,68213.76539974,1739159999999
1739160000000,0.21755,0.22437,0.21755,0.22113,111224.38802423,1739174399999
1739174400000,0.22422,0.22621,0.22233,0.22419,79808.88879559,1739188799999
1739188800000,0.2247,0.22933,0.22104,0.22502,92074.75363715,1739203199999
1739203200000,0.22719,0.23152,0.22562,0.2279,760631.44500415,1739217599999
1739217600000,0.22785,0.23116,0.2258,0.2258,407149.78005838,1739231999999
1739232000000,0.22729,0.23337,0.22726,0.22801,142540.94845669,1739246399999
1739246400000,0.23056,0.24,0.23016,0.23634,472921.57246576,1739260799999
1739260800000,0.23622,0.23908,0.23208,0.23462,208869.16607016,1739275199999
1739275200000,0.23427,0.23427,0.22459,0.22693,245616.66594287,1739289599999
1739289600000,0.22563,0.22659,0.21714,0.21769,209390.86922391,1739303999999
1739304000000,0.21785,0.22302,0.21764,0.21995,177922.78753607,1739318399999
1739318400000,0.21972,0.22225,0.21756,0.21973,98657.43699171,1739332799999
1739332800000,0.21777,0.22035,0.217,0.21916,71190.65903783,1739347199999
1739347200000,0.2195,0.2214,0.21828,0.2196,258860.07323595,1739361599999
1739361600000,0.22016,0.22327,0.20932,0.21655,1126007.78712141,1739375999999
1739376000000,0.21578,0.22558,0.21359,0.22462,359046.68500048,1739390399999
1739390400000,0.22409,0.2366,0.22409,0.23232,154760.94135501,1739404799999
1739404800000,0.23214,0.23611,0.23182,0.23299,36650.24646741,1739419199999
1739419200000,0.23279,0.23279,0.22195,0.22386,72740.26588738,1739433599999
1739433600000,0.22397,0.22715,0.22188,0.22383,124500.25038992,1739447999999
1739448000000,0.22488,0.22655,0.22153,0.22474,229792.26553652,1739462399999
1739462400000,0.22552,0.22795,0.21915,0.22293,185691.21284785,1739476799999
1739476800000,0.22207,0.22551,0.22127,0.22325,175889.31348099,1739491199999
1739491200000,0.2242,0.22901,0.22409,0.22901,35961.83937997,1739505599999
1739505600000,0.22889,0.23024,0.22604,0.22975,374009.13734489,1739519999999
1739520000000,0.22906,0.23358,0.22867,0.22967,198082.95543118,1739534399999
1739534400000,0.22952,0.23382,0.22724,0.23297,145620.21645885,1739548799999
1739548800000,0.23274,0.23849,0.2313,0.23431,868670.92277374,1739563199999
1739563200000,0.23391,0.23489,0.22871,0.23163,73566.04686168,1739577599999
1739577600000,0.23023,0.23338,0.22916,0.23218,90935.64120721,1739591999999
1739592000000,0.23221,0.23262,0.2284,0.22887,34958.77603211,1739606399999
1739606400000,0.22941,0.23023,0.22691,0.22891,55319.43841769,1739620799999
1739620800000,0.22822,0.22986,0.22587,0.22708,73196.96183933,1739635199999
1739635200000,0.22689,0.22855,0.226,0.2271,20441.45943832,1739649599999
1739649600000,0.22695,0.2274,0.22547,0.22691,15968.51903938,1739663999999
1739664000000,0.22681,0.22799,0.22358,0.22358,17392.10150281,1739678399999
1739678400000,0.22521,0.22729,0.22444,0.22499,23358.58450912,1739692799999
1739692800000,0.22535,0.2305,0.22535,0.23014,103036.69392406,1739707199999
1739707200000,0.22986,0.22989,0.22394,0.22522,46432.98363332,1739721599999
1739721600000,0.225,0.226,0.2212,0.223,19400.11621043,1739735999999
1739736000000,0.22244,0.22383,0.22091,0.223,43240.28610202,1739750399999
1739750400000,0.22433,0.22484,0.22284,0.22364,12432.82601969,1739764799999
1739764800000,0.22273,0.22273,0.21876,0.22,168882.92713792,1739779199999
1739779200000,0.22156,0.22672,0.2209,0.22471,117489.94174929,1739793599999
1739793600000,0.22509,0.23012,0.22266,0.22266,112132.48175946,1739807999999
1739808000000,0.22312,0.22463,0.21727,0.21923,259405.45433005,1739822399999
1739822400000,0.21865,0.2227,0.21865,0.22032,244582.2911238,1739836799999
1739836800000,0.22013,0.22129,0.2185,0.21932,136561.76786519,1739851199999
1739851200000,0.21948,0.21948,0.21145,0.21197,423128.24729673,1739865599999
1739865600000,0.21132,0.21393,0.21,0.21165,203733.61652126,1739879999999
1739880000000,0.21154,0.21592,0.208,0.20856,141017.2921596,1739894399999
1739894400000,0.20794,0.20955,0.20513,0.20899,544504.17074719,1739908799999
1739908800000,0.20865,0.21194,0.20738,0.21111,213489.17705693,1739923199999
1739923200000,0.21182,0.21247,0.20948,0.21247,73408.55386272,1739937599999
1739937600000,0.21104,0.21637,0.20979,0.2159,59648.89149394,1739951999999
1739952000000,0.21594,0.21925,0.21508,0.21925,202602.23208298,1739966399999
1739966400000,0.21894,0.21903,0.21441,0.21576,378650.90333787,1739980799999
1739980800000,0.21579,0.21875,0.21531,0.2158,374582.50813939,1739995199999
1739995200000,0.21605,0.22793,0.21457,0.22176,281375.80931368,1740009599999
1740009600000,0.22276,0.2384,0.21997,0.23837,410592.70749128,1740023999999
1740024000000,0.23832,0.24,0.23248,0.23702,715444.80693171,1740038399999
1740038400000,0.23702,0.25001,0.23694,0.24651,1219708.36451798,1740052799999
1740052800000,0.24551,0.25016,0.23943,0.24131,1435139.20926708,1740067199999
1740067200000,0.2414,0.2569,0.24136,0.25591,1903887.01660956,1740081599999
1740081600000,0.25622,0.26054,0.2526,0.25299,1612499.07991786,1740095999999
1740096000000,0.25307,0.25605,0.24645,0.25524,651299.22380122,1740110399999
1740110400000,0.25758,0.27175,0.25758,0.2592,2180994.17513815,1740124799999
1740124800000,0.25978,0.26629,0.25949,0.262,894004.71872916,1740139199999
1740139200000,0.26145,0.26363,0.24743,0.25172,1450674.02731926,1740153599999
1740153600000,0.25186,0.25632,0.23914,0.24027,1058014.32032539,1740167999999
1740168000000,0.24024,0.24588,0.23836,0.24386,1069353.14584164,1740182399999
1740182400000,0.24386,0.26838,0.24209,0.26631,1276342.5078736,1740196799999
1740196800000,0.26587,0.27833,0.26077,0.26095,1105106.30159516,1740211199999
1740211200000,0.26124,0.2657,0.25769,0.26458,523817.91570001,1740225599999
1740225600000,0.26465,0.27123,0.26246,0.26426,1061192.62563372,1740239999999
1740240000000,0.26388,0.27302,0.26131,0.27074,1279954.6546282,1740254399999
1740254400000,0.27057,0.2707,0.26583,0.26741,647635.16267443,1740268799999
1740268800000,0.2668,0.27277,0.2613,0.26265,351303.87787872,1740283199999
1740283200000,0.26185,0.26808,0.25857,0.2678,350502.41104641,1740297599999
1740297600000,0.26692,0.26727,0.25876,0.25887,360986.28161359,1740311999999
1740312000000,0.25831,0.26247,0.25691,0.25809,527524.57712207,1740326399999
1740326400000,0.25763,0.264,0.25763,0.26371,278063.62656762,1740340799999
1740340800000,0.26391,0.27049,0.26288,0.26801,528883.49371441,1740355199999
1740355200000,0.2681,0.26822,0.25622,0.2588,213560.94316723,1740369599999
1740369600000,0.25585,0.26643,0.25391,0.26418,370219.98323612,1740383999999
1740384000000,0.26422,0.27727,0.25772,0.27404,2915075.78654126,1740398399999
1740398400000,0.27326,0.27516,0.26078,0.26999,1755763.51522776,1740412799999
1740412800000,0.27004,0.27905,0.26598,0.27058,3114618.94727884,1740427199999
1740427200000,0.27057,0.27636,0.24565,0.25605,3665066.06903434,1740441599999
1740441600000,0.25597,0.26145,0.24715,0.25063,2258767.97819936,1740455999999
1740456000000,0.24899,0.25281,0.23424,0.24154,1878728.22282613,1740470399999
1740470400000,0.2411,0.25828,0.23995,0.25756,2848042.9374892,1740484799999
1740484800000,0.25784,0.264,0.24493,0.26194,2912256.81789389,1740499199999
1740499200000,0.26141,0.2617,0.25413,0.25993,1233337.76724941,1740513599999
1740513600000,0.26055,0.27058,0.25881,0.26266,1376213.70916405,1740527999999
1740528000000,0.26262,0.27448,0.25883,0.27,449453.50175334,1740542399999
1740542400000,0.26993,0.27253,0.26238,0.26398,946552.25327355,1740556799999
1740556800000,0.26311,0.26909,0.2617,0.26437,1390349.24672165,1740571199999
1740571200000,0.26429,0.2679,0.25614,0.26387,1143364.15272498,1740585599999
1740585600000,0.26359,0.265,0.25201,0.25278,1177275.04190544,1740599999999
1740600000000,0.25337,0.26067,0.24756,0.25678,3142817.15577711,1740614399999
1740614400000,0.25643,0.25965,0.25353,0.25849,342368.6321354,1740628799999
1740628800000,0.25834,0.25993,0.2549,0.25704,402546.07683402,1740643199999
1740643200000,0.25753,0.26046,0.255,0.25601,153656.22438282,1740657599999
1740657600000,0.25637,0.25704,0.249,0.25242,574903.91225964,1740671999999
1740672000000,0.25235,0.25472,0.25,0.25122,519187.6065237,1740686399999
1740686400000,0.2503,0.2518,0.24488,0.24708,348890.44116506,1740700799999
1740700800000,0.24618,0.24726,0.22737,0.22751,963244.97383614,1740715199999
1740715200000,0.2274,0.22982,0.22366,0.22544,709438.30003603,1740729599999
1740729600000,0.22483,0.22948,0.22291,0.22631,1012029.25442682,1740743999999
1740744000000,0.22623,0.23897,0.22574,0.2372,1350184.56532136,1740758399999
1740758400000,0.23802,0.24118,0.23527,0.24039,828569.77748315,1740772799999
1740772800000,0.24062,0.24523,0.23817,0.24099,332286.56114264,1740787199999
1740787200000,0.24056,0.25029,0.23733,0.24708,320016.97133856,1740801599999
1740801600000,0.24593,0.24776,0.2399,0.24094,271774.37530911,1740815999999
1740816000000,0.24207,0.24367,0.23661,0.23824,172453.02831978,1740830399999
1740830400000,0.23809,0.23929,0.23463,0.23628,304303.66818405,1740844799999
1740844800000,0.23693,0.24044,0.23527,0.23902,261942.01448366,1740859199999
1740859200000,0.23925,0.24259,0.23741,0.23985,202458.21974856,1740873599999
1740873600000,0.23944,0.24203,0.23796,0.24116,200774.5416511,1740887999999
1740888000000,0.23969,0.24142,0.23948,0.24021,75078.90423474,1740902399999
1740902400000,0.23995,0.24337,0.23864,0.24059,213694.01432841,1740916799999
1740916800000,0.24,0.24594,0.23372,0.24071,790068.37281395,1740931199999
1740931200000,0.24044,0.26161,0.23936,0.25881,2559678.44781689,1740945599999
1740945600000,0.25914,0.26417,0.25873,0.259,864209.63765079,1740959999999
1740960000000,0.25998,0.26018,0.2494,0.2505,317568.85399456,1740974399999
1740974400000,0.25033,0.2515,0.24058,0.24294,451748.80490281,1740988799999
1740988800000,0.24265,0.24287,0.23655,0.24019,426252.69428501,1741003199999
1741003200000,0.24052,0.24393,0.2333,0.23579,1568246.89317131,1741017599999
1741017600000,0.2355,0.23641,0.21808,0.21898,1942651.82818575,1741031999999
1741032000000,0.21891,0.22056,0.21566,0.21828,858072.06357502,1741046399999
1741046400000,0.21719,0.21791,0.20002,0.20654,1985575.03019424,1741060799999
1741060800000,0.20524,0.20949,0.20516,0.20571,381397.48825464,1741075199999
1741075200000,0.20571,0.20821,0.20449,0.20561,459698.31605777,1741089599999
1741089600000,0.20554,0.21048,0.2,0.20444,3507725.23791527,1741103999999
1741104000000,0.20452,0.21087,0.19379,0.20971,6234619.52983637,1741118399999
1741118400000,0.20956,0.2137,0.20684,0.2103,1375133.81771962,1741132799999
1741132800000,0.21006,0.21221,0.20689,0.20689,633038.60312777,1741147199999
1741147200000,0.20696,0.20934,0.20625,0.20933,234903.56095372,1741161599999
1741161600000,0.20921,0.21962,0.20914,0.21451,823938.27437388,1741175999999
1741176000000,0.21459,0.21787,0.21065,0.21134,439703.05512704,1741190399999
1741190400000,0.2108,0.21709,0.20846,0.2168,448637.78902017,1741204799999
1741204800000,0.2172,0.22058,0.21646,0.21646,526891.01599995,1741219199999
1741219200000,0.21698,0.21914,0.21325,0.21874,123199.17978803,1741233599999
1741233600000,0.21926,0.22495,0.21732,0.21769,477520.61506142,1741247999999
1741248000000,0.21738,0.21956,0.21141,0.21601,497414.9390962,1741262399999
1741262400000,0.21624,0.21624,0.2091,0.21416,599553.5204045,1741276799999
1741276800000,0.21496,0.21551,0.20919,0.21045,502555.53802726,1741291199999
1741291200000,0.20988,0.21275,0.20912,0.20912,297067.13021737,1741305599999
1741305600000,0.209,0.20928,0.19756,0.20278,825485.76894942,1741319999999
1741320000000,0.20263,0.20614,0.20263,0.20514,382003.56166095,1741334399999
1741334400000,0.20491,0.21595,0.20353,0.21014,747315.51498233,1741348799999
1741348800000,0.21074,0.21425,0.20769,0.21189,1456293.76339698,1741363199999
1741363200000,0.21163,0.21575,0.20574,0.21298,960293.65426005,1741377599999
1741377600000,0.2138,0.21451,0.2056,0.20759,1262494.68448286,1741391999999
1741392000000,0.20655,0.20929,0.20523,0.20631,166573.72091307,1741406399999
1741406400000,0.20625,0.2076,0.20387,0.20387,133308.02555601,1741420799999
1741420800000,0.20373,0.20398,0.19451,0.19707,1110840.30543112,1741435199999
1741435200000,0.1978,0.20129,0.19699,0.19923,227808.97349496,1741449599999
1741449600000,0.19912,0.20037,0.19722,0.20037,254038.66052675,1741463999999
1741464000000,0.20004,0.20009,0.1972,0.19834,80164.84378592,1741478399999
1741478400000,0.19795,0.19934,0.19555,0.19709,177238.30354852,1741492799999
1741492800000,0.19725,0.19817,0.19561,0.19804,133735.41174089,1741507199999
1741507200000,0.1975,0.19795,0.19222,0.19372,556811.83233125,1741521599999
1741521600000,0.19362,0.20638,0.191,0.1919,2595723.12204785,1741535999999
1741536000000,0.19095,0.19304,0.18486,0.18869,3984118.6018608,1741550399999
1741550400000,0.1886,0.19045,0.18221,0.18523,2346762.56361722,1741564799999
1741564800000,0.1849,0.18888,0.18246,0.18649,709604.35799573,1741579199999
1741579200000,0.18573,0.18803,0.18544,0.1864,206382.89579217,1741593599999
1741593600000,0.1866,0.18834,0.17655,0.18758,3010873.09357755,1741607999999
1741608000000,0.18666,0.18819,0.175,0.17822,1607909.80838066,1741622399999
1741622400000,0.17755,0.17839,0.165,0.17025,2728508.73364535,1741636799999
1741636800000,0.1707,0.17105,0.16641,0.16724,773312.21273361,1741651199999
1741651200000,0.16747,0.16963,0.15895,0.16865,2700472.48538216,1741665599999
1741665600000,0.16889,0.17275,0.16889,0.17067,300208.31889753,1741679999999
1741680000000,0.17043,0.17702,0.17022,0.17598,2670197.54215597,1741694399999
1741694400000,0.17604,0.17735,0.16774,0.17398,2375397.84690793,1741708799999
1741708800000,0.17363,0.18057,0.17195,0.18014,1029756.30832364,1741723199999
1741723200000,0.17997,0.18021,0.17499,0.17551,234299.15946421,1741737599999
1741737600000,0.17555,0.17856,0.17233,0.17233,256507.425483,1741751999999
1741752000000,0.172,0.17286,0.16244,0.17058,2137622.12489473,1741766399999
1741766400000,0.17004,0.17481,0.16914,0.17313,993686.81396888,1741780799999
1741780800000,0.17315,0.17823,0.16534,0.16704,1413004.67523825,1741795199999
1741795200000,0.16661,0.17149,0.16656,0.17055,491287.21338594,1741809599999
1741809600000,0.17029,0.17345,0.16955,0.17336,430894.90735317,1741823999999
1741824000000,0.17338,0.17392,0.1703,0.17077,544229.29793349,1741838399999
1741838400000,0.17059,0.17071,0.16824,0.16903,59883.60343951,1741852799999
1741852800000,0.16905,0.17905,0.16698,0.17533,1168789.32245222,1741867199999
1741867200000,0.17575,0.17855,0.17146,0.17197,1285145.21279082,1741881599999
1741881600000,0.17216,0.17216,0.16685,0.16901,1108930.47730189,1741895999999
1741896000000,0.16881,0.17472,0.16822,0.17424,623646.55066,1741910399999
1741910400000,0.17441,0.18279,0.17381,0.1814,1161478.39773939,1741924799999
1741924800000,0.1815,0.18365,0.17951,0.18202,790002.75008413,1741939199999
1741939200000,0.18154,0.18494,0.18119,0.18297,710796.09980409,1741953599999
1741953600000,0.1826,0.18814,0.18231,0.18648,1018085.40068161,1741967999999
1741968000000,0.18661,0.19021,0.1855,0.18809,408033.91218065,1741982399999
1741982400000,0.18783,0.18915,0.1859,0.18728,539365.2115346,1741996799999
1741996800000,0.18729,0.18812,0.18616,0.18812,62205.67844051,1742011199999
1742011200000,0.18712,0.18988,0.18217,0.18591,1498513.02908437,1742025599999
1742025600000,0.18594,0.189,0.18531,0.18893,464382.3144928,1742039999999
1742040000000,0.18859,0.18958,0.1879,0.18907,161273.22945062,1742054399999
1742054400000,0.18937,0.19075,0.18792,0.18845,334593.50839385,1742068799999
1742068800000,0.18864,0.19035,0.18864,0.18911,191292.88472481,1742083199999
1742083200000,0.18858,0.18907,0.18774,0.189,93509.05205915,1742097599999
1742097600000,0.18911,0.19026,0.18824,0.18843,265450.20178616,1742111999999
1742112000000,0.18893,0.18893,0.1824,0.18262,347374.03626427,1742126399999
1742126400000,0.18282,0.18799,0.18282,0.18439,1484992.37640601,1742140799999
1742140800000,0.18429,0.18798,0.18222,0.1825,504453.40126978,1742155199999
1742155200000,0.18273,0.18459,0.17943,0.18089,389080.11544229,1742169599999
1742169600000,0.18111,0.18385,0.18099,0.18385,398459.42272363,1742183999999
1742184000000,0.18389,0.184,0.17878,0.18268,819349.4911083,1742198399999
1742198400000,0.18229,0.18437,0.18139,0.18353,256555.69800869,1742212799999
1742212800000,0.1835,0.18483,0.18071,0.18299,1163863.01082248,1742227199999
1742227200000,0.18301,0.1863,0.18155,0.18566,848981.59728135,1742241599999
1742241600000,0.18561,0.18569,0.1829,0.18341,281476.26197692,1742255999999
1742256000000,0.18279,0.1832,0.17948,0.17959,135753.15921756,1742270399999
1742270400000,0.18002,0.18009,0.1772,0.17914,126925.98044895,1742284799999
1742284800000,0.17922,0.18079,0.17863,0.17991,483324.67193917,1742299199999
1742299200000,0.17946,0.181,0.17563,0.17563,434743.17672137,1742313599999
1742313600000,0.17568,0.17745,0.17448,0.17745,242883.86276874,1742327999999
1742328000000,0.17703,0.18078,0.17655,0.18074,235789.80727211,1742342399999
1742342400000,0.181,0.1825,0.18044,0.1815,17917.49657365,1742356799999
1742356800000,0.18134,0.18258,0.18128,0.18131,87653.58539443,1742371199999
1742371200000,0.18091,0.18488,0.18051,0.1843,636279.8379612,1742385599999
1742385600000,0.18383,0.18597,0.18226,0.18565,1265384.20110353,1742399999999
1742400000000,0.18592,0.18662,0.18023,0.18447,729015.83518567,1742414399999
1742414400000,0.1846,0.18647,0.18331,0.18632,262847.31668061,1742428799999
1742428800000,0.18673,0.18722,0.18329,0.1841,179616.57120022,1742443199999
1742443200000,0.184,0.18429,0.18282,0.18345,129560.39992527,1742457599999
1742457600000,0.18277,0.18447,0.18096,0.18176,337053.61806,1742471999999
1742472000000,0.18133,0.18446,0.18028,0.18061,277141.85392675,1742486399999
1742486400000,0.18063,0.18103,0.17734,0.18009,558119.48500868,1742500799999
1742500800000,0.18011,0.181,0.17803,0.17894,305282.06482396,1742515199999
1742515200000,0.17925,0.18006,0.17706,0.17718,80592.54806607,1742529599999
1742529600000,0.17727,0.17891,0.17635,0.17673,157123.26980732,1742543999999
1742544000000,0.17699,0.17793,0.17442,0.17499,454207.38423975,1742558399999
1742558400000,0.17499,0.17549,0.17351,0.17381,443063.71518874,1742572799999
1742572800000,0.17339,0.17664,0.17339,0.1766,276986.83188974,1742587199999
1742587200000,0.1767,0.17859,0.17583,0.17678,235499.37095805,1742601599999
1742601600000,0.17712,0.17826,0.17591,0.17814,89784.33803318,1742615999999
1742616000000,0.17897,0.18148,0.17875,0.18016,215452.36124692,1742630399999
1742630400000,0.18044,0.18248,0.17939,0.17939,373001.62316698,1742644799999
1742644800000,0.17913,0.18009,0.17767,0.17833,249049.33236443,1742659199999
1742659200000,0.17815,0.18115,0.17806,0.17895,238123.92024677,1742673599999
1742673600000,0.1791,0.17928,0.17675,0.17799,379134.80664038,1742687999999
1742688000000,0.17787,0.17989,0.17787,0.17984,104620.12158261,1742702399999
1742702400000,0.17991,0.1806,0.17766,0.1806,152536.91542085,1742716799999
1742716800000,0.18038,0.18082,0.17947,0.1796,281250.22186619,1742731199999
1742731200000,0.18001,0.18021,0.17842,0.17965,287366.84502768,1742745599999
1742745600000,0.17936,0.17948,0.17631,0.17683,279739.72058539,1742759999999
1742760000000,0.17684,0.17826,0.17641,0.17826,151471.94679697,1742774399999
1742774400000,0.17805,0.18004,0.17564,0.17955,148054.49401856,1742788799999
1742788800000,0.18013,0.18448,0.18013,0.1836,224710.17146912,1742803199999
1742803200000,0.18434,0.18699,0.18428,0.1865,707653.6849407,1742817599999
1742817600000,0.18641,0.18928,0.18525,0.18795,671713.4715261,1742831999999
1742832000000,0.18812,0.18857,0.18637,0.18723,709006.24146899,1742846399999
1742846400000,0.18734,0.1885,0.18548,0.18597,241281.34273416,1742860799999
1742860800000,0.187,0.188,0.18388,0.18388,143325.93148211,1742875199999
1742875200000,0.18369,0.18908,0.18369,0.18758,579853.07042276,1742889599999
1742889600000,0.188,0.19286,0.188,0.19271,942960.68124436,1742903999999
1742904000000,0.192,0.19452,0.18977,0.1933,339960.55586839,1742918399999
1742918400000,0.19325,0.19448,0.19107,0.19368,701697.12849112,1742932799999
1742932800000,0.19372,0.19423,0.1914,0.19283,189600.93595249,1742947199999
1742947200000,0.19201,0.19455,0.19201,0.19417,225849.36463918,1742961599999
1742961600000,0.19396,0.202,0.19396,0.2018,417134.76489013,1742975999999
1742976000000,0.20202,0.20209,0.19927,0.19977,355391.95120157,1742990399999
1742990400000,0.19972,0.20043,0.1939,0.19469,795445.37109743,1743004799999
1743004800000,0.19409,0.19512,0.19023,0.19348,444838.46978283,1743019199999
1743019200000,0.19316,0.19545,0.19253,0.19402,1143018.5550773,1743033599999
1743033600000,0.19382,0.19774,0.19321,0.1975,255791.97568968,1743047999999
1743048000000,0.19681,0.19746,0.19557,0.19593,166707.81068048,1743062399999
1743062400000,0.19652,0.19734,0.19339,0.19374,308300.30498538,1743076799999
1743076800000,0.1934,0.19763,0.19235,0.19607,395273.90837115,1743091199999
1743091200000,0.19603,0.19939,0.19365,0.19658,870213.98026957,1743105599999
1743105600000,0.19666,0.19682,0.19424,0.1951,279646.60668423,1743119999999
1743120000000,0.19501,0.19562,0.19221,0.19221,286434.80011239,1743134399999
1743134400000,0.19255,0.19255,0.18233,0.18233,955108.1742777,1743148799999
1743148800000,0.18222,0.18277,0.18,0.18183,323240.59267302,1743163199999
1743163200000,0.1821,0.18234,0.177,0.177,344468.7973724,1743177599999
1743177600000,0.17706,0.17749,0.17574,0.17636,201955.06342025,1743191999999
1743192000000,0.17637,0.1786,0.17438,0.17764,371275.0282277,1743206399999
1743206400000,0.17753,0.17853,0.17281,0.17571,166344.67728909,1743220799999
1743220800000,0.17605,0.17605,0.17086,0.17129,231253.22315048,1743235199999
1743235200000,0.17101,0.17235,0.16464,0.16577,461216.64052674,1743249599999
1743249600000,0.16586,0.16789,0.16516,0.1658,600825.34747363,1743263999999
1743264000000,0.16603,0.1665,0.1625,0.16459,256822.72817086,1743278399999
1743278400000,0.16441,0.16635,0.16329,0.16635,166156.74832581,1743292799999
1743292800000,0.16601,0.16656,0.165,0.16594,21310.19255176,1743307199999
1743307200000,0.16802,0.16884,0.16695,0.16783,172117.87832136,1743321599999
1743321600000,0.16822,0.16822,0.16519,0.16562,437960.04727239,1743335999999
1743336000000,0.16547,0.1664,0.16292,0.16425,250876.07610626,1743350399999
1743350400000,0.16431,0.16617,0.1616,0.16412,139131.37477206,1743364799999
1743364800000,0.16369,0.1641,0.16072,0.16141,179404.90920008,1743379199999
1743379200000,0.16215,0.16215,0.15783,0.15849,299856.30983922,1743393599999
1743393600000,0.15873,0.16095,0.15649,0.15704,1480776.76160866,1743407999999
1743408000000,0.15786,0.1588,0.15515,0.15754,322173.95488895,1743422399999
1743422400000,0.15775,0.16238,0.15645,0.16132,1395608.8477958,1743436799999
1743436800000,0.16162,0.16162,0.15826,0.15929,340591.5447592,1743451199999
1743451200000,0.15926,0.15981,0.15756,0.15942,366724.82674712,1743465599999
1743465600000,0.15959,0.16195,0.15901,0.16074,131394.08051277,1743479999999
1743480000000,0.16081,0.16188,0.15989,0.16116,138913.70148351,1743494399999
1743494400000,0.16152,0.16528,0.16001,0.16087,1783899.80014266,1743508799999
1743508800000,0.16061,0.16551,0.15912,0.16514,958203.72291622,1743523199999
1743523200000,0.16441,0.16529,0.16137,0.16228,220523.97924289,1743537599999
1743537600000,0.16235,0.16492,0.16155,0.16313,137352.94345074,1743551999999
1743552000000,0.16244,0.16269,0.159,0.16073,132089.84229248,1743566399999
1743566400000,0.16075,0.16091,0.15771,0.15884,317598.7816601,1743580799999
1743580800000,0.15862,0.16095,0.15819,0.15947,277111.10649997,1743595199999
1743595200000,0.15927,0.16325,0.15766,0.16206,446274.82708692,1743609599999
1743609600000,0.16177,0.16249,0.15926,0.16157,363553.13045944,1743623999999
1743624000000,0.16121,0.16402,0.14709,0.15053,3089460.86138166,1743638399999
1743638400000,0.15025,0.15361,0.14939,0.15272,264223.33181013,1743652799999
1743652800000,0.15283,0.15464,0.15024,0.15097,343022.49184157,1743667199999
1743667200000,0.15147,0.15183,0.14516,0.14561,1619587.66326449,1743681599999
1743681600000,0.14617,0.14633,0.14187,0.14522,1658314.155119,1743695999999
1743696000000,0.14488,0.14782,0.14455,0.14767,375964.36548965,1743710399999
1743710400000,0.14766,0.14987,0.14741,0.14987,319620.72823673,1743724799999
1743724800000,0.15001,0.15001,0.147,0.14758,262328.25677863,1743739199999
1743739200000,0.1475,0.14973,0.14696,0.14973,92763.18889335,1743753599999
1743753600000,0.15044,0.15141,0.14391,0.14562,581819.66660957,1743767999999
1743768000000,0.1454,0.15098,0.14445,0.14821,1131364.40824539,1743782399999
1743782400000,0.14838,0.15174,0.14783,0.15097,470021.49757984,1743796799999
1743796800000,0.15094,0.15173,0.14991,0.15021,269215.68520213,1743811199999
1743811200000,0.15024,0.15083,0.14954,0.14954,26225.10062178,1743825599999
1743825600000,0.14974,0.15012,0.14933,0.15008,20987.26574812,1743839999999
1743840000000,0.1502,0.1513,0.1497,0.1497,146216.54864886,1743854399999
1743854400000,0.14954,0.1497,0.1474,0.1477,534650.13396115,1743868799999
1743868800000,0.14793,0.1485,0.1474,0.1474,1253208.57356158,1743883199999
1743883200000,0.14754,0.14872,0.1468,0.14832,103488.88966309,1743897599999
1743897600000,0.14819,0.14892,0.14726,0.14775,38747.14474401,1743911999999
1743912000000,0.14767,0.14855,0.1469,0.1469,177744.10097444,1743926399999
1743926400000,0.14687,0.1476,0.14585,0.14623,235203.33091972,1743940799999
1743940800000,0.14629,0.1464,0.14117,0.14288,790740.7328741,1743955199999
1743955200000,0.14241,0.14263,0.1328,0.13525,1265141.29418186,1743969599999
1743969600000,0.13512,0.13775,0.12965,0.13159,3459351.19412565,1743983999999
1743984000000,0.1313,0.13336,0.125,0.12608,545800.03091135,1743998399999
1743998400000,0.12626,0.12745,0.11869,0.12164,5219837.47999782,1744012799999
1744012800000,0.12165,0.12913,0.12097,0.12661,3695066.52082736,1744027199999
1744027200000,0.12671,0.13883,0.1265,0.13397,1521933.03466218,1744041599999
1744041600000,0.13402,0.1372,0.13256,0.13625,997657.57950232,1744055999999
1744056000000,0.1364,0.13906,0.1364,0.13774,250478.6918901,1744070399999
1744070400000,0.1376,0.14037,0.13637,0.13803,218693.75546664,1744084799999
1744084800000,0.13839,0.13958,0.13581,0.13685,451933.84637513,1744099199999
1744099200000,0.13689,0.1397,0.13544,0.13952,1784001.90141464,1744113599999
1744113600000,0.13975,0.14024,0.13651,0.13664,639480.27199524,1744127999999
1744128000000,0.13699,0.13701,0.12871,0.1297,966113.69371799,1744142399999
1744142400000,0.12977,0.13071,0.12799,0.12802,471506.75643908,1744156799999
1744156800000,0.12823,0.12823,0.12265,0.12401,1136051.55260643,1744171199999
1744171200000,0.12543,0.13016,0.12377,0.13003,2375537.16297691,1744185599999
1744185600000,0.13006,0.13045,0.12567,0.12643,813331.54874749,1744199999999
1744200000000,0.12622,0.13026,0.12495,0.12997,555459.7453949,1744214399999
1744214400000,0.13033,0.14375,0.13025,0.14246,5066507.05145883,1744228799999
1744228800000,0.1425,0.14449,0.14196,0.14196,914455.62842406,1744243199999
1744243200000,0.14127,0.14127,0.13733,0.13841,195929.00422454,1744257599999
1744257600000,0.1385,0.13949,0.13733,0.13783,279524.34475817,1744271999999
1744272000000,0.13807,0.13818,0.13579,0.13684,432860.81849943,1744286399999
1744286400000,0.13681,0.1388,0.13038,0.13075,1763098.32573163,1744300799999
1744300800000,0.13132,0.13349,0.13056,0.13349,902939.63996219,1744315199999
1744315200000,0.13299,0.13455,0.13251,0.13263,618888.79977171,1744329599999
1744329600000,0.13241,0.13453,0.13106,0.13419,1183303.74392297,1744343999999
1744344000000,0.13425,0.13648,0.13372,0.13528,1262186.57013899,1744358399999
1744358400000,0.13511,0.13636,0.13311,0.13453,1801496.34639276,1744372799999
1744372800000,0.13464,0.13624,0.1337,0.13624,3110906.57292079,1744387199999
1744387200000,0.13647,0.13964,0.13614,0.13808,449860.38895566,1744401599999
1744401600000,0.13813,0.13919,0.13615,0.13676,273198.57439994,1744415999999
1744416000000,0.13639,0.13923,0.13574,0.13876,143657.86455326,1744430399999
1744430400000,0.13891,0.1499,0.13771,0.14981,1220582.39161361,1744444799999
1744444800000,0.14988,0.15308,0.14855,0.15053,2608159.96488201,1744459199999
1744459200000,0.15008,0.15576,0.1492,0.15452,3560839.93696006,1744473599999
1744473600000,0.15479,0.15727,0.15247,0.1561,2236174.6462671,1744487999999
1744488000000,0.15662,0.16399,0.15631,0.16094,5406305.39279827,1744502399999
1744502400000,0.16107,0.1622,0.15687,0.15837,384573.24956715,1744516799999
1744516800000,0.15824,0.15846,0.15553,0.15615,437589.99817056,1744531199999
1744531200000,0.15657,0.16068,0.15616,0.15914,656056.76335015,1744545599999
1744545600000,0.15949,0.161,0.15426,0.15592,2096422.65285921,1744559999999
1744560000000,0.15627,0.15951,0.15349,0.15506,1858445.3488221,1744574399999
1744574400000,0.15426,0.15668,0.15036,0.15149,960573.90860859,1744588799999
1744588800000,0.15237,0.15539,0.1505,0.15352,294947.31837837,1744603199999
1744603200000,0.15388,0.15658,0.15189,0.1548,3270214.56720188,1744617599999
1744617600000,0.15479,0.16551,0.15406,0.1591,1136964.61213197,1744631999999
1744632000000,0.15946,0.1629,0.15476,0.15559,2080530.04763878,1744646399999
1744646400000,0.15573,0.15765,0.15394,0.15713,1206198.54405437,1744660799999
1744660800000,0.1569,0.15735,0.15368,0.15434,430973.28917022,1744675199999
1744675200000,0.15464,0.1574,0.15416,0.15609,234971.0550049,1744689599999
1744689600000,0.15617,0.1613,0.1557,0.16003,752491.30452368,1744703999999
1744704000000,0.16018,0.16109,0.15764,0.15833,2153824.37599321,1744718399999
1744718400000,0.15846,0.16077,0.15583,0.15602,1090543.27779266,1744732799999
1744732800000,0.15666,0.15758,0.15188,0.15268,519090.05333774,1744747199999
1744747200000,0.15284,0.15358,0.14977,0.14977,1480024.99226893,1744761599999
1744761600000,0.1497,0.15173,0.14862,0.14987,209357.32177677,1744775999999
1744776000000,0.14985,0.15013,0.14362,0.14471,982548.70278099,1744790399999
1744790400000,0.14472,0.14904,0.14443,0.14854,536466.99058963,1744804799999
1744804800000,0.14911,0.15372,0.1474,0.15061,615562.9463481,1744819199999
1744819200000,0.15072,0.15167,0.14615,0.15069,493997.32468769,1744833599999
1744833600000,0.15063,0.15132,0.14678,0.14724,190433.02685857,1744847999999
1744848000000,0.1472,0.14916,0.14523,0.14617,486496.91215124,1744862399999
1744862400000,0.14612,0.15041,0.146,0.14883,190605.80974665,1744876799999
1744876800000,0.14886,0.15178,0.14709,0.14879,370734.08192073,1744891199999
1744891200000,0.14905,0.1499,0.14559,0.1467,440902.75407898,1744905599999
1744905600000,0.14691,0.15102,0.14679,0.14806,980853.2860964,1744919999999
1744920000000,0.14862,0.14944,0.14705,0.14757,116815.67137786,1744934399999
1744934400000,0.14792,0.14792,0.14616,0.14684,40140.05479581,1744948799999
1744948800000,0.14646,0.14947,0.146,0.14947,104628.60805897,1744963199999
1744963200000,0.14957,0.15251,0.14933,0.15248,356788.4414226,1744977599999
1744977600000,0.15202,0.15299,0.14841,0.14847,505686.43727564,1744991999999
1744992000000,0.14846,0.15185,0.14839,0.15102,254828.71936644,1745006399999
1745006400000,0.15097,0.1517,0.1492,0.1492,528523.87921602,1745020799999
1745020800000,0.14889,0.1515,0.14572,0.15093,922224.35872031,1745035199999
1745035200000,0.15131,0.15188,0.14926,0.14984,202175.52639188,1745049599999
1745049600000,0.1499,0.15039,0.14901,0.14954,721268.84581428,1745063999999
1745064000000,0.1496,0.15147,0.14955,0.1499,648426.81212127,1745078399999
1745078400000,0.15055,0.15275,0.14938,0.15106,227239.04346724,1745092799999
1745092800000,0.15107,0.15326,0.15107,0.15281,217410.85298808,1745107199999
1745107200000,0.15332,0.15341,0.15133,0.1515,117546.59319715,1745121599999
1745121600000,0.15168,0.15407,0.15041,0.15068,388719.56906383,1745135999999
1745136000000,0.15123,0.15134,0.148,0.1484,921405.44026086,1745150399999
1745150400000,0.14832,0.15013,0.14821,0.14856,282508.36705881,1745164799999
1745164800000,0.14919,0.15202,0.14919,0.15055,798687.32183902,1745179199999
1745179200000,0.15055,0.1519,0.14899,0.14921,582331.55374564,1745193599999
1745193600000,0.14944,0.15504,0.14944,0.15247,487323.86689586,1745207999999
1745208000000,0.15294,0.15573,0.15194,0.15533,273155.84055183,1745222399999
1745222400000,0.15544,0.15665,0.15477,0.15584,247914.05532848,1745236799999
1745236800000,0.15595,0.15903,0.15522,0.15631,509418.83546478,1745251199999
1745251200000,0.15654,0.15655,0.15208,0.15392,559268.15731635,1745265599999
1745265600000,0.15393,0.15408,0.15193,0.15193,198303.52462734,1745279999999
1745280000000,0.15277,0.15568,0.15177,0.15224,215332.89043275,1745294399999
1745294400000,0.15239,0.15466,0.15128,0.15443,198227.99567664,1745308799999
1745308800000,0.1551,0.15808,0.15455,0.15788,313999.17337701,1745323199999
1745323200000,0.15831,0.1625,0.15689,0.1601,768654.50626118,1745337599999
1745337600000,0.16012,0.16136,0.15876,0.16055,377146.42310013,1745351999999
1745352000000,0.1606,0.16701,0.16026,0.16638,660322.26883661,1745366399999
1745380800000,0.17045,0.17429,0.17045,0.17296,684044.00798044,1745395199999
1745395200000,0.17241,0.17267,0.16911,0.17024,530265.28324717,1745409599999
1745409600000,0.17075,0.17456,0.16752,0.17051,919087.57233746,1745423999999
1745424000000,0.17077,0.17428,0.16922,0.17136,668897.88358482,1745438399999
1745438400000,0.17196,0.17243,0.17043,0.17136,292426.78641383,1745452799999
1745452800000,0.1703,0.1703,0.1664,0.1664,181724.88097259,1745467199999
1745467200000,0.16658,0.17077,0.16612,0.16646,990305.0645289,1745481599999
1745481600000,0.16737,0.16838,0.16553,0.16805,268355.62737631,1745495999999
1745496000000,0.16834,0.17785,0.1677,0.17682,858669.05607793,1745510399999
1745510400000,0.17678,0.1792,0.17411,0.1749,541050.80788447,1745524799999
1745524800000,0.17546,0.17752,0.17322,0.17742,151314.19154143,1745539199999
1745539200000,0.17754,0.17927,0.17518,0.17742,165145.83064518,1745553599999
1745553600000,0.1775,0.184,0.17649,0.1817,1887860.92874216,1745567999999
1745568000000,0.18171,0.1853,0.17969,0.18392,3633645.90578462,1745582399999
1745582400000,0.18346,0.18496,0.18074,0.18185,2038156.71359961,1745596799999
1745596800000,0.18238,0.18441,0.17931,0.1806,275084.90421882,1745611199999
1745611200000,0.18055,0.18148,0.17857,0.17972,446713.47508207,1745625599999
1745625600000,0.18115,0.18629,0.1808,0.18382,372591.52001713,1745639999999
1745640000000,0.18411,0.18586,0.18205,0.18428,862414.76469959,1745654399999
1745654400000,0.18443,0.18541,0.17907,0.17952,2226277.35843636,1745668799999
1745668800000,0.1799,0.182,0.17684,0.17996,443851.48930313,1745683199999
1745683200000,0.17993,0.18102,0.17763,0.17867,225662.34438355,1745697599999
1745697600000,0.17915,0.18143,0.17886,0.18124,100759.71046028,1745711999999
1745712000000,0.18186,0.18235,0.17676,0.17698,122600.6613006,1745726399999
1745726400000,0.17674,0.17674,0.17346,0.17494,1183980.72872839,1745740799999
1745740800000,0.1747,0.17616,0.1743,0.17464,186127.34869313,1745755199999
1745755200000,0.17466,0.17546,0.17261,0.17504,265510.81632127,1745769599999
1745769600000,0.17507,0.17719,0.1741,0.17618,191450.43869182,1745783999999
1745784000000,0.17618,0.17774,0.17525,0.17601,325735.37759116,1745798399999
1745798400000,0.17498,0.18246,0.17224,0.18013,545379.21151073,1745812799999
1745812800000,0.18179,0.18822,0.18039,0.1862,763438.94904242,1745827199999
1745827200000,0.18788,0.19204,0.1855,0.19111,895047.82576649,1745841599999
1745841600000,0.19071,0.19078,0.18181,0.18295,1915113.90401973,1745855999999
1745856000000,0.18288,0.18794,0.18128,0.18694,397798.37685308,1745870399999
1745870400000,0.18683,0.18983,0.18584,0.18911,159501.13148185,1745884799999
1745884800000,0.18881,0.18994,0.18881,0.18882,6911.79283004,1745899199999
1745899200000,0.18963,0.19321,0.18951,0.19247,656589.61947736,1745913599999
1745913600000,0.19296,0.19389,0.18904,0.18984,406170.186457,1745927999999
1745928000000,0.18921,0.18921,0.18595,0.1874,194729.51991637,1745942399999
1745942400000,0.18721,0.1888,0.18586,0.18772,403302.10195612,1745956799999
1745956800000,0.18764,0.18791,0.18308,0.18523,454451.33245639,1745971199999
1745971200000,0.18593,0.18719,0.18488,0.18573,70895.93122053,1745985599999
1745985600000,0.1863,0.18667,0.18346,0.18373,422243.41179887,1745999999999
1746000000000,0.18384,0.18644,0.18361,0.18644,311613.99532297,1746014399999
1746014400000,0.18641,0.18673,0.18163,0.1863,860037.50641938,1746028799999
1746028800000,0.18586,0.18732,0.18408,0.18592,337182.37380863,1746043199999
1746043200000,0.18554,0.19002,0.18554,0.18747,738056.72688701,1746057599999
1746057600000,0.18792,0.19244,0.18792,0.18939,176982.28840416,1746071999999
1746072000000,0.18946,0.1959,0.18869,0.19572,513855.0361179,1746086399999
1746086400000,0.19528,0.20237,0.1946,0.20024,1060587.34459424,1746100799999
1746100800000,0.19992,0.20078,0.19644,0.19689,707546.29904092,1746115199999
1746115200000,0.19721,0.19895,0.19668,0.19798,508921.49233397,1746129599999
1746129600000,0.19763,0.20012,0.19751,0.19871,589685.65245425,1746143999999
1746144000000,0.2,0.20157,0.197,0.19701,394890.40757383,1746158399999
1746158400000,0.19622,0.19712,0.19262,0.19288,321168.40881572,1746172799999
1746172800000,0.19303,0.19452,0.19278,0.19294,268438.97285417,1746187199999
1746187200000,0.19307,0.1957,0.19229,0.19507,1170079.510647,1746201599999
1746201600000,0.19512,0.19642,0.19315,0.19325,398842.53251062,1746215999999
1746216000000,0.19319,0.19487,0.19267,0.1948,353406.98203431,1746230399999
1746230400000,0.19504,0.19736,0.19471,0.19529,182631.89441213,1746244799999
1746244800000,0.19502,0.1973,0.19454,0.19622,248395.43013208,1746259199999
1746259200000,0.19525,0.19525,0.18487,0.18582,1286137.06981969,1746273599999
1746273600000,0.18565,0.18793,0.18565,0.18687,297799.7000114,1746287999999
1746288000000,0.18654,0.18654,0.1831,0.18582,704374.39777818,1746302399999
1746302400000,0.1859,0.18643,0.18358,0.18358,92061.75336457,1746316799999
1746316800000,0.18402,0.18609,0.18212,0.18408,74980.12015094,1746331199999
1746331200000,0.18483,0.18533,0.18275,0.18314,142147.40339149,1746345599999
1746345600000,0.18387,0.18387,0.18096,0.18196,517293.59363074,1746359999999
1746360000000,0.18186,0.1833,0.1804,0.18208,249331.23394246,1746374399999
1746374400000,0.18275,0.1828,0.18047,0.18119,43131.54487766,1746388799999
1746388800000,0.18153,0.18276,0.17962,0.18014,213858.62594015,1746403199999
1746403200000,0.17963,0.18058,0.17656,0.17852,165888.17383009,1746417599999
1746417600000,0.17859,0.18241,0.17852,0.18185,82302.58796422,1746431999999
1746432000000,0.1821,0.18317,0.17744,0.1781,467427.73184755,1746446399999
1746446400000,0.17792,0.17902,0.17631,0.17688,237429.73514528,1746460799999
1746460800000,0.17722,0.1806,0.17719,0.17827,457032.28410099,1746475199999
1746475200000,0.17811,0.17907,0.17598,0.17793,312545.43062909,1746489599999
1746489600000,0.17812,0.17863,0.17541,0.17752,153536.19128871,1746503999999
1746504000000,0.17806,0.17813,0.17564,0.17599,125734.76028121,1746518399999
1746518400000,0.17598,0.17598,0.17054,0.171,471085.04001109,1746532799999
1746532800000,0.17127,0.17294,0.16897,0.17091,546843.78501914,1746547199999
1746547200000,0.1705,0.17319,0.17008,0.17307,243959.25072595,1746561599999
1746561600000,0.172,0.17421,0.16759,0.174,593382.11279991,1746575999999
1746576000000,0.174,0.17649,0.174,0.17414,216428.82329269,1746590399999
1746590400000,0.17447,0.17503,0.17143,0.17378,179755.88832562,1746604799999
1746604800000,0.17367,0.17662,0.17307,0.17594,428989.3266353,1746619199999
1746619200000,0.17607,0.17607,0.17388,0.17388,319189.8158163,1746633599999
1746633600000,0.17389,0.17559,0.17201,0.1739,493074.80675546,1746647999999
1746648000000,0.17367,0.17665,0.17366,0.17574,348522.99757818,1746662399999
1746662400000,0.17608,0.18286,0.17608,0.18286,320319.36147564,1746676799999
1746676800000,0.18305,0.18579,0.18268,0.18472,289413.75259192,1746691199999
1746691200000,0.18509,0.18905,0.18507,0.18745,1502632.87711166,1746705599999
1746705600000,0.18751,0.19537,0.18639,0.19406,2223250.48453141,1746719999999
1746720000000,0.19455,0.20006,0.19396,0.20006,1154232.37897332,1746734399999
1746734400000,0.20026,0.20845,0.19926,0.20402,2495043.44665321,1746748799999
1746748800000,0.20455,0.20872,0.20355,0.20393,519075.77535074,1746763199999
1746763200000,0.20425,0.21308,0.20353,0.21046,626696.18248369,1746777599999
1746777600000,0.21019,0.21584,0.20556,0.20992,1016245.98020513,1746791999999
1746792000000,0.21011,0.21318,0.20728,0.20883,809373.19449225,1746806399999
1746806400000,0.20858,0.21491,0.2068,0.21361,1664417.17221796,1746820799999
1746820800000,0.21426,0.22014,0.21426,0.21681,1398213.7774167,1746835199999
1746835200000,0.21802,0.22236,0.21502,0.22171,841179.86759499,1746849599999
1746849600000,0.22074,0.22638,0.21896,0.22501,610023.25464474,1746863999999
1746864000000,0.22493,0.2275,0.21841,0.22008,287441.11834587,1746878399999
1746878400000,0.21991,0.22673,0.21991,0.22636,364272.2285028,1746892799999
1746892800000,0.22657,0.23418,0.22657,0.23346,903307.55371361,1746907199999
1746907200000,0.23236,0.2438,0.23133,0.24291,1232015.77239537,1746921599999
1746921600000,0.24196,0.24398,0.23106,0.23375,659723.10166911,1746935999999
1746936000000,0.23309,0.23491,0.22593,0.22714,898264.15894433,1746950399999
1746950400000,0.22705,0.23302,0.22705,0.23225,599341.18115894,1746964799999
1746964800000,0.232,0.23427,0.22602,0.22709,568577.46667372,1746979199999
1746979200000,0.22527,0.23235,0.22477,0.23097,294557.44964198,1746993599999
1746993600000,0.23122,0.23148,0.22852,0.23127,145459.92151395,1747007999999
1747008000000,0.23279,0.23684,0.23033,0.23452,551022.03233974,1747022399999
1747022400000,0.23442,0.24602,0.23149,0.24146,920796.96704943,1747036799999
1747036800000,0.24146,0.246,0.23882,0.23976,863278.26022694,1747051199999
1747051200000,0.23965,0.24419,0.23083,0.232,756830.11673888,1747065599999
1747065600000,0.23232,0.23785,0.22386,0.22962,1052863.9046335,1747079999999
1747080000000,0.23002,0.23616,0.22943,0.23483,937771.27268771,1747094399999
1747094400000,0.23415,0.23415,0.22323,0.22419,570160.5339516,1747108799999
1747108800000,0.22383,0.2309,0.22383,0.2287,460551.0797003,1747123199999
1747123200000,0.22909,0.23255,0.22791,0.23136,292591.63769168,1747137599999
1747137600000,0.23102,0.23428,0.22818,0.23006,356372.11111833,1747151999999
1747152000000,0.23108,0.24055,0.23108,0.23722,317097.35577404,1747166399999
1747166400000,0.23802,0.23894,0.23386,0.23435,265245.21683834,1747180799999
1747180800000,0.2343,0.23612,0.23055,0.23181,162089.5769361,1747195199999
1747195200000,0.23139,0.23574,0.23063,0.23133,273000.80410656,1747209599999
1747209600000,0.23144,0.23144,0.22561,0.23027,344531.87912546,1747223999999
1747224000000,0.23017,0.23133,0.22399,0.22556,684978.3185367,1747238399999
1747238400000,0.22594,0.22715,0.22278,0.22632,262802.10573107,1747252799999
1747252800000,0.2265,0.22699,0.2236,0.22489,356538.98581396,1747267199999
1747267200000,0.22483,0.22718,0.22179,0.22179,394808.97237132,1747281599999
1747281600000,0.22179,0.22348,0.21207,0.21213,1032727.3384398,1747295999999
1747296000000,0.21281,0.21584,0.20847,0.21168,698492.31076211,1747310399999
1747310400000,0.21171,0.21436,0.207,0.21436,307387.76770316,1747324799999
1747324800000,0.21426,0.21883,0.21178,0.21349,538179.85352013,1747339199999
1747339200000,0.21351,0.21465,0.20893,0.2126,657447.91406045,1747353599999
1747353600000,0.21237,0.21616,0.21175,0.21616,150410.7993321,1747367999999
1747368000000,0.21646,0.21646,0.21304,0.21397,380063.69772172,1747382399999
1747382400000,0.2138,0.21737,0.21115,0.21532,235480.82715148,1747396799999
1747396800000,0.21527,0.21577,0.2127,0.21444,303423.66089692,1747411199999
1747411200000,0.21525,0.21578,0.20961,0.2104,323991.68761665,1747425599999
1747425600000,0.20995,0.20995,0.20493,0.20543,196913.67061537,1747439999999
1747440000000,0.20553,0.20553,0.1987,0.20303,324115.20486092,1747454399999
1747454400000,0.20287,0.20414,0.20081,0.2021,83863.77669645,1747468799999
1747468800000,0.20249,0.20316,0.2002,0.20205,156330.89083964,1747483199999
1747483200000,0.20184,0.20306,0.19894,0.20128,100620.63369831,1747497599999
1747497600000,0.20139,0.20171,0.19759,0.19993,158764.41211206,1747511999999
1747512000000,0.19936,0.20271,0.19883,0.20173,119313.73700385,1747526399999
1747526400000,0.20203,0.20248,0.20023,0.20213,110491.11986303,1747540799999
1747540800000,0.2023,0.20691,0.20168,0.20691,118774.20882978,1747555199999
1747555200000,0.2071,0.20864,0.20586,0.20588,249278.81067194,1747569599999
1747569600000,0.20572,0.2144,0.20447,0.21354,511781.52490593,1747583999999
1747584000000,0.21419,0.21419,0.2003,0.20038,352690.44305246,1747598399999
1747598400000,0.19986,0.20726,0.19589,0.20726,439357.97507946,1747612799999
1747612800000,0.20774,0.20833,0.19855,0.19866,63739.89849028,1747627199999
1747627200000,0.19872,0.19938,0.19239,0.19441,594644.72081993,1747641599999
1747641600000,0.194,0.194,0.19063,0.19188,430795.60269658,1747655999999
1747656000000,0.19116,0.19758,0.18947,0.19668,615824.26023417,1747670399999
1747670400000,0.19681,0.19996,0.19528,0.19673,261016.74245664,1747684799999
1747684800000,0.19768,0.19861,0.19567,0.19861,110837.77102095,1747699199999
1747699200000,0.19888,0.20313,0.19742,0.19966,69180.70303321,1747713599999
1747713600000,0.19927,0.2017,0.19638,0.19667,140367.40079964,1747727999999
1747728000000,0.19685,0.19779,0.19502,0.19671,133633.68802428,1747742399999
1747742400000,0.19599,0.19699,0.19467,0.19635,122162.82446046,1747756799999
1747756800000,0.19637,0.19803,0.19386,0.1976,396954.73580281,1747771199999
1747771200000,0.19734,0.19984,0.19675,0.19881,299002.37213246,1747785599999
1747785600000,0.19923,0.19926,0.1968,0.1981,77709.46687853,1747799999999
1747800000000,0.19899,0.20068,0.19639,0.19739,343432.78128896,1747814399999
1747814400000,0.19692,0.19888,0.19504,0.19771,178513.92965867,1747828799999
1747828800000,0.19837,0.2026,0.19747,0.20259,434317.98364424,1747843199999
1747843200000,0.20276,0.20822,0.19672,0.20328,566069.09875353,1747857599999
1747857600000,0.20259,0.20522,0.20026,0.20373,194193.41681708,1747871999999
1747872000000,0.2032,0.20872,0.2032,0.20794,201768.32008067,1747886399999
1747886400000,0.2075,0.21352,0.20696,0.21223,474357.27618123,1747900799999
1747900800000,0.21223,0.21633,0.2109,0.21241,535138.10828987,1747915199999
1747915200000,0.21199,0.21645,0.21035,0.21529,522729.67476053,1747929599999
1747929600000,0.2156,0.2177,0.21466,0.21526,302021.30656114,1747943999999
1747944000000,0.21531,0.21684,0.21301,0.21577,389631.39564973,1747958399999
1747958400000,0.21543,0.22306,0.21474,0.22179,352203.43313282,1747972799999
1747972800000,0.22202,0.22223,0.21365,0.21468,519855.07225731,1747987199999
1747987200000,0.21475,0.21918,0.20698,0.20781,1371742.93637294,1748001599999
1748001600000,0.20747,0.21388,0.20295,0.20885,1768151.80489465,1748015999999
1748016000000,0.2097,0.21091,0.20674,0.20735,478738.08943452,1748030399999
1748030400000,0.207,0.207,0.19862,0.19943,166403.48437345,1748044799999
1748044800000,0.19889,0.20375,0.19889,0.20244,111373.33669523,1748059199999
1748059200000,0.20284,0.20403,0.19957,0.19981,77925.31073047,1748073599999
1748073600000,0.19988,0.20268,0.19891,0.2019,157030.03282757,1748087999999
1748088000000,0.20158,0.20158,0.19961,0.20005,75336.05106392,1748102399999
1748102400000,0.19959,0.20219,0.19903,0.19966,128654.53406259,1748116799999
1748116800000,0.19969,0.20038,0.19619,0.19715,52040.18988752,1748131199999
1748131200000,0.19762,0.19846,0.1933,0.19566,125616.82913124,1748145599999
1748145600000,0.1954,0.19573,0.19242,0.19247,77961.49847605,1748159999999
1748160000000,0.1923,0.1923,0.18911,0.19044,458701.20855939,1748174399999
1748174400000,0.19038,0.19259,0.18691,0.18881,456761.53435925,1748188799999
1748188800000,0.189,0.19078,0.18747,0.19039,150717.63294087,1748203199999
1748203200000,0.19051,0.19437,0.18832,0.19437,149733.78759831,1748217599999
1748217600000,0.19434,0.19567,0.19318,0.19487,45909.63762511,1748231999999
1748232000000,0.19611,0.20008,0.19579,0.20008,263783.0559704,1748246399999
1748246400000,0.20051,0.20063,0.19534,0.19626,327926.12458178,1748260799999
1748260800000,0.1966,0.1978,0.19324,0.19661,153833.22665659,1748275199999
1748275200000,0.19673,0.19694,0.19188,0.19268,179999.85868591,1748289599999
1748289600000,0.19284,0.19431,0.19253,0.19339,78023.53948308,1748303999999
1748304000000,0.19387,0.19512,0.18927,0.19406,304292.48534469,1748318399999
1748318400000,0.19403,0.1981,0.1926,0.19788,117659.02384659,1748332799999
1748332800000,0.19823,0.20095,0.19823,0.19961,352008.33078162,1748347199999
1748347200000,0.19986,0.20252,0.19683,0.20062,373612.60357844,1748361599999
1748361600000,0.20085,0.20252,0.19952,0.20026,265297.07892288,1748375999999
1748376000000,0.20041,0.20159,0.198,0.1989,336972.00501965,1748390399999
1748390400000,0.19868,0.20013,0.19673,0.19883,189804.63896586,1748404799999
1748404800000,0.1982,0.19916,0.19694,0.19782,73549.84937466,1748419199999
1748419200000,0.19832,0.20098,0.1962,0.20055,97807.82241242,1748433599999
1748433600000,0.20106,0.20271,0.1938,0.19446,645421.52221453,1748447999999
1748448000000,0.19487,0.19744,0.19136,0.19177,471210.28829994,1748462399999
1748462400000,0.19152,0.19946,0.19134,0.19946,273157.6102656,1748476799999
1748476800000,0.19937,0.20697,0.19757,0.20564,498308.57527663,1748491199999
1748491200000,0.20555,0.20555,0.20042,0.20042,344650.25815865,1748505599999
1748505600000,0.20054,0.20263,0.19924,0.20245,228421.80885411,1748519999999
1748520000000,0.20098,0.20159,0.19294,0.1936,398371.02275977,1748534399999
1748534400000,0.19264,0.19394,0.18629,0.18707,327104.45103229,1748548799999
1748548800000,0.18696,0.19082,0.18696,0.1874,108131.79606453,1748563199999
1748563200000,0.18774,0.1892,0.17734,0.18393,720394.82680736,1748577599999
1748577600000,0.18377,0.18431,0.17916,0.18024,355759.56536641,1748591999999
1748592000000,0.1798,0.1818,0.17836,0.18178,390002.03863093,1748606399999
1748606400000,0.18123,0.18181,0.17807,0.1787,331151.34779827,1748620799999
1748620800000,0.17838,0.17873,0.17173,0.1778,773993.95466508,1748635199999
1748635200000,0.17687,0.17728,0.16897,0.17014,294367.16044221,1748649599999
1748649600000,0.17042,0.17042,0.16486,0.16722,432358.27339002,1748663999999
1748664000000,0.1672,0.16923,0.16698,0.16845,290449.95387245,1748678399999
1748678400000,0.16864,0.16884,0.16544,0.16583,297949.27451532,1748692799999
1748692800000,0.16567,0.17086,0.16557,0.1695,688479.58948791,1748707199999
1748707200000,0.16904,0.17225,0.16903,0.17185,229588.91909378,1748721599999
1748721600000,0.17193,0.17287,0.17105,0.17125,181239.03735806,1748735999999
1748736000000,0.17134,0.17134,0.16885,0.17014,20501.40871971,1748750399999
1748750400000,0.16997,0.17299,0.16997,0.17101,63338.99936847,1748764799999
1748764800000,0.17093,0.17107,0.16677,0.16878,349639.34555941,1748779199999
1748779200000,0.16868,0.1714,0.16714,0.17108,62512.20379604,1748793599999
1748793600000,0.17262,0.1729,0.16938,0.17094,85961.179704,1748807999999
1748808000000,0.17118,0.17359,0.17093,0.1727,259665.45964268,1748822399999
1748822400000,0.17247,0.17261,0.1695,0.17,59232.91310989,1748836799999
1748836800000,0.17001,0.17165,0.16886,0.17019,42673.01392467,1748851199999
1748851200000,0.17031,0.17144,0.16587,0.16626,195217.68031132,1748865599999
1748865600000,0.16633,0.16889,0.16616,0.16862,177262.41069767,1748879999999
1748880000000,0.16872,0.1709,0.16825,0.16844,91740.20104082,1748894399999
1748894400000,0.16894,0.17522,0.16893,0.17363,321170.63217714,1748908799999
1748908800000,0.17552,0.17848,0.17518,0.17522,333001.66796869,1748923199999
1748923200000,0.17527,0.17917,0.17493,0.17684,437461.29732423,1748937599999
1748937600000,0.17625,0.1777,0.17515,0.17647,244559.78600525,1748951999999
1748952000000,0.17708,0.17974,0.17692,0.17862,282417.05782207,1748966399999
1748966400000,0.17852,0.17893,0.17699,0.1778,202023.19524046,1748980799999
1748980800000,0.17787,0.17787,0.1741,0.17496,106794.49521792,1748995199999
1748995200000,0.17509,0.17718,0.17371,0.17713,20831.95463413,1749009599999
1749009600000,0.17681,0.17681,0.17509,0.17542,51141.52027289,1749023999999
1749024000000,0.1758,0.17669,0.17435,0.17435,112508.8598633,1749038399999
1749038400000,0.17449,0.17576,0.17097,0.17547,126978.70709462,1749052799999
1749052800000,0.17568,0.17598,0.1715,0.17166,694969.04219187,1749067199999
1749067200000,0.17143,0.17143,0.1688,0.16928,190628.85827598,1749081599999
1749081600000,0.16932,0.17146,0.16898,0.17056,58525.76611618,1749095999999
1749096000000,0.17068,0.17081,0.168,0.16909,303723.76654604,1749110399999
1749110400000,0.16921,0.16931,0.16649,0.16727,109429.76693244,1749124799999
1749124800000,0.16741,0.17033,0.16527,0.16824,209291.89729359,1749139199999
1749139200000,0.16791,0.16791,0.15965,0.16078,371702.59115885,1749153599999
1749153600000,0.16086,0.16122,0.15471,0.1572,561138.93446877,1749167999999
1749168000000,0.157,0.16006,0.15555,0.16006,21754.98648262,1749182399999
1749182400000,0.16013,0.16208,0.15975,0.16098,194382.32128426,1749196799999
1749196800000,0.16114,0.16332,0.16114,0.16303,238663.72988079,1749211199999
1749211200000,0.16325,0.16696,0.16322,0.16535,261060.87956626,1749225599999
1749225600000,0.16561,0.16584,0.16115,0.16151,272425.91838702,1749239999999
1749240000000,0.16208,0.16255,0.16139,0.16214,62912.25927323,1749254399999
1749254400000,0.1629,0.16535,0.1629,0.16535,58726.38631685,1749268799999
1749268800000,0.1654,0.16756,0.1654,0.16752,250791.51323853,1749283199999
1749283200000,0.1677,0.16848,0.16635,0.16764,85304.00398437,1749297599999
1749297600000,0.1679,0.16874,0.1675,0.1679,217662.76518376,1749311999999
1749312000000,0.16802,0.16802,0.16528,0.16656,281963.50966994,1749326399999
1749326400000,0.16682,0.16776,0.16652,0.16716,41956.07969324,1749340799999
1749340800000,0.1674,0.1674,0.16701,0.16701,7326.34869349,1749355199999
1749355200000,0.166,0.16663,0.165,0.165,81329.13975176,1749369599999
1749369600000,0.16526,0.16668,0.16358,0.16657,346358.87939374,1749383999999
1749384000000,0.1664,0.16736,0.16534,0.16653,102106.06264547,1749398399999
1749398400000,0.16716,0.16821,0.16625,0.1672,285249.65431026,1749412799999
1749412800000,0.16733,0.1684,0.16582,0.16582,80678.34554024,1749427199999
1749427200000,0.16497,0.16521,0.16386,0.16438,41422.75136243,1749441599999
1749441600000,0.16479,0.16497,0.16353,0.16459,85359.99886656,1749455999999
1749456000000,0.16483,0.16781,0.16456,0.1671,221010.94228437,1749470399999
1749470400000,0.16714,0.16795,0.16522,0.16625,216402.33684203,1749484799999
1749484800000,0.16632,0.16914,0.16632,0.16776,201352.42137682,1749499199999
1749499200000,0.16801,0.17305,0.16775,0.17269,263113.50073814,1749513599999
1749513600000,0.1729,0.17475,0.17206,0.17206,101012.94569279,1749527999999
1749528000000,0.17172,0.17225,0.16937,0.17183,540061.84961345,1749542399999
1749542400000,0.17202,0.1776,0.1709,0.1776,213799.68055722,1749556799999
1749556800000,0.17755,0.18183,0.17521,0.17694,1053177.55043824,1749571199999
1749571200000,0.17726,0.18047,0.17608,0.17899,435830.92069832,1749585599999
1749585600000,0.17935,0.18305,0.17831,0.18153,263727.01710719,1749599999999
1749600000000,0.1822,0.1822,0.17859,0.18055,34275.77996478,1749614399999
1749614400000,0.18002,0.18191,0.17941,0.18182,164767.44113027,1749628799999
1749628800000,0.18232,0.18232,0.17638,0.17709,365492.79433406,1749643199999
1749643200000,0.17695,0.18309,0.17695,0.18203,386258.24636021,1749657599999
1749657600000,0.18226,0.18243,0.17593,0.17627,668673.81465141,1749671999999
1749672000000,0.17584,0.17712,0.171,0.17274,517126.53528957,1749686399999
1749686400000,0.1723,0.17247,0.17036,0.17173,228467.90091027,1749700799999
1749700800000,0.17065,0.17107,0.16647,0.16647,340199.51402975,1749715199999
1749715200000,0.16633,0.16633,0.16318,0.16383,244424.96555844,1749729599999
1749729600000,0.16328,0.16757,0.16325,0.16412,311227.58534681,1749743999999
1749744000000,0.16428,0.16772,0.1618,0.16218,136432.59061069,1749758399999
1749758400000,0.16195,0.16213,0.1589,0.15915,346176.77545326,1749772799999
1749772800000,0.15866,0.15866,0.1486,0.15274,496894.97375449,1749787199999
1749787200000,0.15173,0.15263,0.1495,0.15215,327818.46782934,1749801599999
1749801600000,0.15234,0.15395,0.15118,0.1527,76021.32376816,1749815999999
1749816000000,0.15267,0.15312,0.149,0.15189,305119.502957,1749830399999
1749830400000,0.15191,0.15429,0.15145,0.15218,149351.3640063,1749844799999
1749844800000,0.15255,0.15623,0.15255,0.15607,133424.02170355,1749859199999
1749859200000,0.1556,0.15638,0.1537,0.1549,104001.59115432,1749873599999
1749873600000,0.15495,0.15505,0.1526,0.15392,94432.31898782,1749887999999
1749888000000,0.15292,0.15445,0.15264,0.15403,60757.77334281,1749902399999
1749902400000,0.15388,0.15479,0.15166,0.15227,176321.54565186,1749916799999
1749916800000,0.15201,0.15219,0.1498,0.15029,105354.99675573,1749931199999
1749931200000,0.15,0.15296,0.14929,0.15296,64067.13031362,1749945599999
1749945600000,0.15254,0.15314,0.15245,0.15257,13741.13000499,1749959999999
1749960000000,0.15315,0.1536,0.15163,0.15163,14183.6221625,1749974399999
1749974400000,0.15145,0.15173,0.15084,0.15101,69735.00557573,1749988799999
1749988800000,0.15165,0.15441,0.15126,0.15282,33924.69129048,1750003199999
1750003200000,0.15291,0.15385,0.15213,0.15231,56606.98103278,1750017599999
1750017600000,0.15219,0.15328,0.15038,0.15313,125688.47218878,1750031999999
1750032000000,0.15237,0.15532,0.152,0.1543,47301.10883196,1750046399999
1750046400000,0.15445,0.15776,0.15445,0.15766,167268.07848285,1750060799999
1750060800000,0.15774,0.15808,0.15602,0.15715,217523.63186581,1750075199999
1750075200000,0.15663,0.15876,0.15599,0.15782,158777.42004265,1750089599999
1750089600000,0.15834,0.16021,0.15834,0.1598,266872.74303875,1750103999999
1750104000000,0.159,0.15984,0.15212,0.15214,322756.38923827,1750118399999
1750118400000,0.15158,0.15357,0.14982,0.15243,321740.59452817,1750132799999
1750132800000,0.15241,0.15241,0.14698,0.14735,277337.72337169,1750147199999
1750147200000,0.14729,0.14729,0.14324,0.14382,857554.94296611,1750161599999
1750161600000,0.14381,0.14463,0.13741,0.13866,2004649.89606071,1750175999999
1750176000000,0.13878,0.15101,0.13771,0.14916,4950546.4780959,1750190399999
1750190400000,0.14886,0.14917,0.14474,0.14514,393918.56424571,1750204799999
1750204800000,0.14525,0.14854,0.14525,0.14831,244280.86153033,1750219199999
1750219200000,0.14807,0.15051,0.14736,0.14833,470389.5148781,1750233599999
1750233600000,0.1491,0.14982,0.14479,0.14549,597765.95037109,1750247999999
1750248000000,0.14578,0.14759,0.14247,0.1462,542566.59608523,1750262399999
1750262400000,0.14593,0.14854,0.14459,0.14763,1020901.18355883,1750276799999
1750276800000,0.14763,0.15797,0.14761,0.15774,4925924.76425519,1750291199999
1750291200000,0.15763,0.16043,0.15616,0.15955,1273390.25404085,1750305599999
1750305600000,0.15995,0.16141,0.15851,0.15895,924583.07346158,1750319999999
1750320000000,0.15901,0.16246,0.15831,0.16149,1147367.77426693,1750334399999
1750334400000,0.16177,0.16619,0.16159,0.16509,4789572.45633361,1750348799999
1750348800000,0.16513,0.16677,0.16213,0.16541,3461052.50925029,1750363199999
1750363200000,0.16559,0.16939,0.16526,0.16795,3210968.27194098,1750377599999
1750377600000,0.16805,0.17523,0.16692,0.17382,5186709.81117711,1750391999999
1750392000000,0.17372,0.17808,0.1708,0.17396,3621017.93860764,1750406399999
1750406400000,0.1739,0.19116,0.17373,0.18117,6213133.82298695,1750420799999
1750420800000,0.18172,0.18339,0.17448,0.17473,3687908.44915618,1750435199999
1750435200000,0.17472,0.17527,0.16592,0.17281,6392825.30003769,1750449599999
1750449600000,0.1728,0.18177,0.1728,0.17736,1.129178917270722E7,1750463999999
1750464000000,0.17691,0.19474,0.17549,0.19203,1.882089345941488E7,1750478399999
1750478400000,0.1919,0.19482,0.18731,0.19161,6082928.86772495,1750492799999
1750492800000,0.19106,0.19885,0.18878,0.1913,9376479.56551043,1750507199999
1750507200000,0.1916,0.19686,0.18849,0.1941,6377983.16600774,1750521599999
1750521600000,0.19395,0.2005,0.18597,0.18632,9848745.29287515,1750535999999
1750536000000,0.18637,0.18912,0.17941,0.185,5843042.04895539,1750550399999
1750550400000,0.18583,0.18897,0.176,0.1785,3724830.28338376,1750564799999
1750564800000,0.17823,0.18223,0.17289,0.17428,4965534.7657788,1750579199999
1750579200000,0.17423,0.1747,0.17019,0.17281,3186530.29943725,1750593599999
1750593600000,0.17265,0.17328,0.16595,0.16715,3534358.17114669,1750607999999
1750608000000,0.16734,0.17382,0.16688,0.17226,2772197.7452766,1750622399999
1750622400000,0.17231,0.17748,0.16788,0.17355,2005202.28676399,1750636799999
1750636800000,0.17353,0.17825,0.17198,0.17618,2450014.12338676,1750651199999
1750651200000,0.17631,0.18055,0.17474,0.17623,4136948.49115978,1750665599999
1750665600000,0.17624,0.17787,0.16953,0.1696,2966316.65741981,1750679999999
1750680000000,0.1695,0.1794,0.16895,0.17905,4270299.71401974,1750694399999
1750694400000,0.17909,0.19476,0.17098,0.19476,5522754.52008302,1750708799999
1750708800000,0.1949,0.2124,0.19194,0.21039,9444606.68759135,1750723199999
1750723200000,0.21125,0.23629,0.20968,0.22692,1.280986385656619E7,1750737599999
1750737600000,0.22633,0.249,0.22566,0.24165,6015772.1677192,1750751999999
1750752000000,0.24144,0.247,0.23609,0.2448,7702358.06732233,1750766399999
1750766400000,0.24499,0.25,0.2318,0.23885,4725092.9399525,1750780799999
1750780800000,0.2397,0.2435,0.23644,0.23948,2872191.30354417,1750795199999
1750795200000,0.23957,0.26711,0.23915,0.2643,6963933.39237466,1750809599999
1750809600000,0.26439,0.28937,0.25276,0.27628,4605204.97521084,1750823999999
1750824000000,0.27615,0.27644,0.25616,0.26278,4492717.81620121,1750838399999
1750838400000,0.2631,0.26864,0.25655,0.26492,4397668.13223362,1750852799999
1750852800000,0.2648,0.26521,0.24509,0.24745,5621774.05082394,1750867199999
1750867200000,0.24733,0.25206,0.24269,0.24635,3340782.28331008,1750881599999
1750881600000,0.24596,0.24652,0.23482,0.23958,3133358.04266548,1750895999999
1750896000000,0.23977,0.24342,0.23,0.23661,1565504.79831927,1750910399999
1750910400000,0.2363,0.24227,0.23489,0.2392,1366925.94778014,1750924799999
1750924800000,0.23896,0.2392,0.2278,0.2278,2079792.34429024,1750939199999
1750939200000,0.22733,0.22935,0.2195,0.22527,5680194.2348207,1750953599999
1750953600000,0.22485,0.22553,0.20961,0.21537,6104431.67248367,1750967999999
1750968000000,0.21515,0.22093,0.21414,0.21935,3647067.90908187,1750982399999
1750982400000,0.21918,0.23897,0.21335,0.23483,4189628.49599942,1750996799999
1750996800000,0.23453,0.25436,0.23172,0.24593,7782180.14038213,1751011199999
1751011200000,0.24588,0.25538,0.24453,0.24883,5282803.81591568,1751025599999
1751025600000,0.24904,0.25456,0.23416,0.23706,5395730.35008672,1751039999999
1751040000000,0.23709,0.24274,0.236,0.24001,3629958.48677938,1751054399999
1751054400000,0.23987,0.251,0.23809,0.24711,2974432.86956764,1751068799999
1751068800000,0.2472,0.25583,0.2432,0.25061,3380359.38081841,1751083199999
1751083200000,0.24983,0.25005,0.241,0.24206,3219321.03840135,1751097599999
1751097600000,0.242,0.24616,0.2391,0.24044,2498640.21487117,1751111999999
1751112000000,0.24002,0.24629,0.23906,0.24226,1168272.10418515,1751126399999
1751126400000,0.24231,0.24463,0.24094,0.24238,1271422.60300646,1751140799999
1751140800000,0.24248,0.25015,0.24146,0.2479,1051217.329875,1751155199999
1751155200000,0.24662,0.25912,0.24387,0.252,1444192.49095273,1751169599999
1751169600000,0.2512,0.26485,0.24663,0.26128,1858023.99282393,1751183999999
1751184000000,0.26306,0.2675,0.25654,0.25716,2977492.91512055,1751198399999
1751198400000,0.25701,0.2615,0.25363,0.25639,1892406.43516231,1751212799999
1751212800000,0.25736,0.26084,0.25434,0.2574,1149025.01408844,1751227199999
1751227200000,0.25759,0.26131,0.25195,0.25637,996872.06431753,1751241599999
1751241600000,0.25745,0.25974,0.2538,0.25755,1195634.15288482,1751255999999
1751256000000,0.25886,0.25996,0.25,0.256,1595313.57239279,1751270399999
1751270400000,0.25613,0.268,0.25435,0.25499,3023078.71087662,1751284799999
1751284800000,0.25617,0.25953,0.24609,0.24641,3144037.48712427,1751299199999
1751299200000,0.24655,0.2536,0.24274,0.24542,3662552.00623675,1751313599999
1751313600000,0.24503,0.24603,0.23201,0.23909,2637779.75737155,1751327999999
1751328000000,0.23917,0.24557,0.23841,0.24329,965561.25452386,1751342399999
1751342400000,0.24337,0.24674,0.23856,0.24032,1303886.07556932,1751356799999
1751356800000,0.23995,0.24119,0.23711,0.23724,1072638.34935333,1751371199999
1751371200000,0.23763,0.24282,0.22927,0.2359,1614514.36799681,1751385599999
1751385600000,0.23635,0.23854,0.23428,0.23672,517698.55840413,1751399999999
1751400000000,0.23654,0.24116,0.23535,0.23707,677094.41447793,1751414399999
1751414400000,0.23785,0.23785,0.22441,0.22505,1316147.35576722,1751428799999
1751428800000,0.22533,0.23904,0.22377,0.23738,3689889.07541377,1751443199999
1751443200000,0.23754,0.23972,0.23411,0.23446,1511076.48450126,1751457599999
1751457600000,0.234,0.24319,0.23044,0.23953,888026.76739354,1751471999999
1751472000000,0.23999,0.245,0.23934,0.24179,2095807.28421457,1751486399999
1751486400000,0.24311,0.24753,0.23874,0.23883,1300922.47858575,1751500799999
1751500800000,0.23941,0.24604,0.23892,0.23983,655866.46212675,1751515199999
1751515200000,0.23935,0.24334,0.23935,0.24178,893493.06507866,1751529599999
1751529600000,0.24227,0.24305,0.23137,0.23275,1634362.27410451,1751543999999
1751544000000,0.23251,0.23806,0.22909,0.22947,1380504.41788587,1751558399999
1751558400000,0.22998,0.23279,0.22878,0.23129,453522.34367652,1751572799999
1751572800000,0.23135,0.23409,0.23038,0.23123,427882.98256122,1751587199999
1751587200000,0.23,0.23087,0.21987,0.22271,694302.20866723,1751601599999
1751601600000,0.22255,0.22448,0.21989,0.22154,1289964.31936556,1751615999999
1751616000000,0.22112,0.22905,0.2197,0.22815,1088909.94798837,1751630399999
1751630400000,0.22808,0.22815,0.22086,0.22126,1202078.14361082,1751644799999
1751644800000,0.22162,0.22317,0.22,0.22105,788316.38782336,1751659199999
1751659200000,0.22161,0.22247,0.21773,0.21838,531231.0092575,1751673599999
1751673600000,0.21959,0.22339,0.21903,0.22151,230425.31348757,1751687999999
1751688000000,0.22118,0.22271,0.2202,0.2223,371038.74904964,1751702399999
1751702400000,0.22235,0.22533,0.22224,0.22348,610082.5589674,1751716799999
1751716800000,0.2231,0.22331,0.22097,0.22168,309100.85701024,1751731199999
1751731200000,0.22169,0.22394,0.21963,0.22334,369058.80818846,1751745599999
1751745600000,0.22377,0.22674,0.22189,0.22228,2031363.4883244,1751759999999
1751760000000,0.22328,0.22328,0.22191,0.22226,9554.12177141,1751774399999
1751774400000,0.22473,0.2253,0.22338,0.2237,331448.12224898,1751788799999
1751788800000,0.22427,0.22427,0.2208,0.22205,226912.34498838,1751803199999
1751803200000,0.2222,0.22746,0.22194,0.22402,741766.98397526,1751817599999
1751817600000,0.22519,0.22577,0.22342,0.22434,253097.8197983,1751831999999
1751832000000,0.22482,0.22989,0.2238,0.22429,387587.94259723,1751846399999
1751846400000,0.22489,0.22707,0.22414,0.22482,148074.35037166,1751860799999
1751860800000,0.22464,0.22834,0.22381,0.22803,419580.19251247,1751875199999
1751875200000,0.22756,0.22756,0.22255,0.22323,441910.81493112,1751889599999
1751889600000,0.22314,0.22343,0.21811,0.21908,514702.03402592,1751903999999
1751904000000,0.21897,0.22209,0.21668,0.2205,425693.95081911,1751918399999
1751918400000,0.21991,0.21991,0.21698,0.21818,353300.20459839,1751932799999
1751932800000,0.21796,0.21824,0.21207,0.21422,250208.09030288,1751947199999
1751947200000,0.21416,0.21472,0.2119,0.21368,285970.15580387,1751961599999
1751961600000,0.21405,0.21801,0.21376,0.21773,371009.85308741,1751975999999
1751976000000,0.21803,0.21922,0.21431,0.21494,686843.33813386,1751990399999
1751990400000,0.21509,0.22355,0.21417,0.22175,869170.02561284,1752004799999
1752004800000,0.22182,0.22238,0.21999,0.22168,319601.60890104,1752019199999
1752019200000,0.22188,0.22188,0.21833,0.21917,237821.01206983,1752033599999
1752033600000,0.21873,0.22536,0.21873,0.2242,341357.46059101,1752047999999
1752048000000,0.22394,0.22676,0.22365,0.22676,564968.57479073,1752062399999
1752062400000,0.22623,0.2289,0.22407,0.22822,588568.66552342,1752076799999
1752076800000,0.22882,0.22949,0.21941,0.2252,1535294.08721164,1752091199999
1752091200000,0.2257,0.22771,0.22139,0.22529,755413.3036315,1752105599999
1752105600000,0.22547,0.228,0.2222,0.22636,505066.64417389,1752119999999
1752120000000,0.22633,0.22737,0.22362,0.2253,1331442.2726078,1752134399999
1752134400000,0.22614,0.22906,0.22436,0.22454,853528.25398034,1752148799999
1752148800000,0.22449,0.24119,0.22301,0.23551,4337594.42029733,1752163199999
1752163200000,0.23612,0.24666,0.23523,0.24361,2453570.74172195,1752177599999
1752177600000,0.24324,0.26245,0.24324,0.2604,1560395.9919877,1752191999999
1752192000000,0.26222,0.28516,0.25568,0.28193,4378314.62748084,1752206399999
1752206400000,0.28221,0.28253,0.26971,0.2723,2412849.31684192,1752220799999
1752220800000,0.27248,0.30263,0.27248,0.29177,5577113.58165123,1752235199999
1752235200000,0.29229,0.29473,0.27691,0.27772,2442492.17945875,1752249599999
1752249600000,0.27895,0.29342,0.27732,0.29061,1780758.30527531,1752263999999
1752264000000,0.29042,0.29097,0.275,0.2818,1483249.54289393,1752278399999
1752278400000,0.28169,0.29314,0.28121,0.28438,1405010.44354698,1752292799999
1752292800000,0.28396,0.28527,0.27716,0.27853,475333.94094563,1752307199999
1752307200000,0.27978,0.28971,0.278,0.28565,788787.57710633,1752321599999
1752321600000,0.28526,0.28591,0.26402,0.26574,1547818.83982056,1752335999999
1752336000000,0.26584,0.2758,0.26575,0.2742,1216682.5639205,1752350399999
1752350400000,0.27404,0.27473,0.26985,0.27398,126868.50699579,1752364799999
1752364800000,0.27397,0.27546,0.26999,0.27035,84734.6495445,1752379199999
1752379200000,0.27065,0.28252,0.26958,0.27886,811027.40736672,1752393599999
1752393600000,0.27916,0.27963,0.27124,0.27717,585667.74106816,1752407999999
1752408000000,0.27715,0.28506,0.27413,0.27709,697404.71070913,1752422399999
1752422400000,0.27748,0.2784,0.2718,0.2747,341544.5497835,1752436799999
1752436800000,0.27389,0.27851,0.2681,0.271,544482.78375557,1752451199999
1752451200000,0.27057,0.29822,0.26822,0.29041,1184494.47760128,1752465599999
1752465600000,0.29009,0.30211,0.28734,0.29134,1966056.66735464,1752479999999
1752480000000,0.2912,0.30486,0.28662,0.28996,1783439.84915551,1752494399999
1752494400000,0.29003,0.2921,0.27574,0.28261,1134283.24945503,1752508799999
1752508800000,0.28235,0.28654,0.28039,0.28466,615084.6224751,1752523199999
1752523200000,0.28438,0.29016,0.28069,0.28736,2223798.54535904,1752537599999
1752537600000,0.28673,0.29599,0.28108,0.29087,809453.29596225,1752551999999
1752552000000,0.29189,0.30512,0.28767,0.29504,2280648.78132627,1752566399999
1752566400000,0.29528,0.29744,0.28866,0.2929,1371584.53590903,1752580799999
1752580800000,0.29449,0.31827,0.29073,0.31663,3468606.80458971,1752595199999
1752595200000,0.31738,0.33216,0.30774,0.30916,6204718.09455251,1752609599999
1752609600000,0.31049,0.3307,0.31019,0.31961,3378024.12473065,1752623999999
1752624000000,0.31901,0.33598,0.31632,0.32025,2216529.27960506,1752638399999
1752638400000,0.31978,0.32186,0.31,0.31499,1529873.43844863,1752652799999
1752652800000,0.315,0.32318,0.31381,0.31543,1399943.7529176,1752667199999
1752667200000,0.31566,0.3223,0.31073,0.31227,1567253.22834986,1752681599999
1752681600000,0.31237,0.31743,0.30897,0.31071,1740869.82585805,1752695999999
1752696000000,0.31098,0.31581,0.30478,0.30725,1693544.24783336,1752710399999
1752710400000,0.30711,0.30971,0.29725,0.29895,692186.84692547,1752724799999
1752724800000,0.29886,0.31373,0.2982,0.30954,1251370.77199772,1752739199999
1752739200000,0.31008,0.31451,0.30664,0.3103,1560231.77223576,1752753599999
1752753600000,0.31004,0.3125,0.304,0.3084,1036262.24767298,1752767999999
1752768000000,0.30799,0.308,0.28728,0.29586,1746528.66810361,1752782399999
1752782400000,0.29611,0.30376,0.29188,0.29968,1224227.0072288,1752796799999
1752796800000,0.29958,0.31819,0.29724,0.31438,1316834.78806355,1752811199999
1752811200000,0.31579,0.31945,0.30646,0.30646,1025421.68864936,1752825599999
1752825600000,0.30749,0.32058,0.30749,0.31053,1915892.74818339,1752839999999
1752840000000,0.31035,0.31268,0.29953,0.3016,1685763.08524607,1752854399999
1752854400000,0.30231,0.30612,0.29841,0.30197,1089018.67577027,1752868799999
1752868800000,0.30175,0.30192,0.29269,0.30124,558972.22016293,1752883199999
1752883200000,0.30193,0.3024,0.29312,0.30221,226986.07587294,1752897599999
1752897600000,0.30226,0.30307,0.29653,0.29762,339699.28275042,1752911999999
1752912000000,0.29656,0.30142,0.29551,0.29958,1289273.29840123,1752926399999
1752926400000,0.29978,0.3011,0.2953,0.29939,912119.41790487,1752940799999
1752940800000,0.29965,0.30177,0.29724,0.30121,556891.11312301,1752955199999
1752955200000,0.30044,0.30501,0.29746,0.30055,496749.62312524,1752969599999
1752969600000,0.30243,0.30552,0.30045,0.30364,238364.47806033,1752983999999
1752984000000,0.30286,0.30549,0.30142,0.30523,282889.75779129,1752998399999
1752998400000,0.30466,0.31243,0.30464,0.31089,566877.51272354,1753012799999
1753012800000,0.31072,0.31462,0.31,0.31425,1059446.82924963,1753027199999
1753027200000,0.31441,0.321,0.31097,0.31441,866721.12627181,1753041599999
1753041600000,0.31472,0.31472,0.299,0.30534,494315.15892033,1753055999999
1753056000000,0.30364,0.31338,0.30047,0.31158,357418.17340198,1753070399999
1753070400000,0.31154,0.31612,0.30996,0.31452,554051.02373454,1753084799999
1753084800000,0.31466,0.31738,0.3088,0.3098,517155.34993672,1753099199999
1753099200000,0.30997,0.3152,0.30723,0.30798,1329012.74413632,1753113599999
1753113600000,0.3085,0.30853,0.29839,0.29839,1908919.41516164,1753127999999
1753128000000,0.29887,0.30587,0.29759,0.3045,906756.51107683,1753142399999
1753142400000,0.30417,0.30654,0.294,0.29571,1302942.77664867,1753156799999
1753156800000,0.29599,0.29677,0.28631,0.29225,1058440.32408029,1753171199999
1753171200000,0.29184,0.29405,0.28657,0.29298,608175.10341969,1753185599999
1753185600000,0.29262,0.29482,0.28621,0.29254,523198.16444907,1753199999999
1753200000000,0.29184,0.29619,0.28967,0.29011,510992.06613114,1753214399999
1753214400000,0.29066,0.30041,0.29066,0.3004,300482.37050291,1753228799999
1753228800000,0.29955,0.29993,0.29505,0.29739,214541.73166683,1753243199999
1753243200000,0.29825,0.30156,0.29198,0.29237,477116.70293651,1753257599999
1753257600000,0.29235,0.29514,0.28657,0.28875,1191535.88193659,1753271999999
1753272000000,0.28907,0.29009,0.276,0.28464,3902555.21208515,1753286399999
1753286400000,0.28437,0.28437,0.27445,0.27884,1429863.61290677,1753300799999
1753300800000,0.27959,0.28123,0.27308,0.27941,912196.97232543,1753315199999
1753315200000,0.27973,0.28311,0.27836,0.28032,100080.05446185,1753329599999
1753329600000,0.28035,0.28063,0.25821,0.26692,3644572.22714658,1753343999999
1753344000000,0.2662,0.27098,0.26439,0.27041,1016900.34852599,1753358399999
1753358400000,0.27011,0.28038,0.2662,0.27709,1084723.31210128,1753372799999
1753372800000,0.27826,0.28228,0.27202,0.2775,400944.5539351,1753387199999
1753387200000,0.27742,0.27961,0.27101,0.27101,624197.4055842,1753401599999
1753401600000,0.27106,0.27223,0.264,0.26645,188277.46564846,1753415999999
1753416000000,0.26555,0.27045,0.26335,0.26815,549123.73897121,1753430399999
1753430400000,0.26913,0.27999,0.26913,0.27919,315463.34428518,1753444799999
1753444800000,0.28,0.28053,0.269,0.27211,263124.75858191,1753459199999
1753459200000,0.27236,0.2753,0.27083,0.27284,169740.27124106,1753473599999
1753473600000,0.27314,0.28476,0.2725,0.28387,306558.52424389,1753487999999
1753488000000,0.28234,0.28304,0.2803,0.28053,160042.88588319,1753502399999
1753502400000,0.28027,0.28218,0.28,0.28116,53814.29873246,1753516799999
1753516800000,0.28121,0.2843,0.2808,0.28346,416951.09270611,1753531199999
1753531200000,0.28274,0.29079,0.28162,0.29062,358204.22992177,1753545599999
1753545600000,0.29001,0.29908,0.28756,0.29627,2154528.73077258,1753559999999
1753560000000,0.29583,0.29583,0.28718,0.28738,303640.44659001,1753574399999
1753574400000,0.28719,0.29259,0.28705,0.28957,141305.23293726,1753588799999
1753588800000,0.28997,0.303,0.28896,0.29258,695435.55488521,1753603199999
1753603200000,0.29215,0.29215,0.28612,0.28935,595531.02922594,1753617599999
1753617600000,0.29042,0.29746,0.28789,0.29011,1164153.12135381,1753631999999
1753632000000,0.29059,0.29583,0.2904,0.2918,412650.45652123,1753646399999
1753646400000,0.2931,0.29851,0.29099,0.29498,409973.27948598,1753660799999
1753660800000,0.2935,0.29966,0.29259,0.29692,141846.76709639,1753675199999
1753675200000,0.29851,0.30185,0.29624,0.29799,349959.75923781,1753689599999
1753689600000,0.29876,0.30026,0.29481,0.29617,421541.66566843,1753703999999
1753704000000,0.29601,0.29601,0.28115,0.28179,542050.80370498,1753718399999
1753718400000,0.28128,0.28429,0.279,0.28067,475081.09698981,1753732799999
1753732800000,0.28079,0.28102,0.27485,0.27576,301864.18554467,1753747199999
1753747200000,0.27678,0.27938,0.27327,0.27829,201708.30611621,1753761599999
1753761600000,0.27753,0.2945,0.2769,0.29414,510662.26164037,1753775999999
1753776000000,0.29386,0.2982,0.28205,0.28774,1984828.68952477,1753790399999
1753790400000,0.28767,0.28973,0.27578,0.27842,1708136.59224684,1753804799999
1753804800000,0.27833,0.28152,0.27399,0.27696,1009551.40489193,1753819199999
1753819200000,0.27647,0.28086,0.27314,0.27664,1005651.15507803,1753833599999
1753833600000,0.27566,0.27707,0.27022,0.27401,218857.38825583,1753847999999
1753848000000,0.274,0.274,0.26883,0.2702,323576.67032586,1753862399999
1753862400000,0.27007,0.27288,0.25945,0.26157,1255053.73875267,1753876799999
1753876800000,0.26177,0.27118,0.25873,0.26881,1099315.41701213,1753891199999
1753891200000,0.26859,0.2729,0.2583,0.27175,1693527.16373319,1753905599999
1753905600000,0.27191,0.27723,0.26955,0.27379,930804.83624618,1753919999999
1753920000000,0.27356,0.278,0.27189,0.278,156407.1063809,1753934399999
1753934400000,0.27697,0.28051,0.27681,0.27765,531309.22852288,1753948799999
1753948800000,0.27801,0.28148,0.27594,0.27651,473254.51229802,1753963199999
1753963200000,0.27647,0.2767,0.26421,0.26833,1302027.21410872,1753977599999
1753977600000,0.26846,0.27408,0.26304,0.26421,562413.5350774,1753991999999
1753992000000,0.2642,0.27,0.25596,0.25721,1632779.38828328,1754006399999
1754006400000,0.25726,0.25822,0.24854,0.25627,386228.22998642,1754020799999
1754020800000,0.25547,0.25643,0.25,0.25214,1059953.58620242,1754035199999
1754035200000,0.2516,0.25331,0.24632,0.25331,1608193.5521074,1754049599999
1754049600000,0.25317,0.25464,0.24206,0.25445,1676264.16449905,1754063999999
1754064000000,0.25419,0.25617,0.24711,0.24975,486640.44335774,1754078399999
1754078400000,0.25,0.25,0.2382,0.24598,497042.54977767,1754092799999
1754092800000,0.24514,0.24709,0.24354,0.24422,264190.44242108,1754107199999
1754107200000,0.24479,0.24692,0.23776,0.2438,479812.98210219,1754121599999
1754121600000,0.24341,0.24342,0.2373,0.24135,436298.43198568,1754135999999
1754136000000,0.24173,0.24277,0.235,0.235,443896.86828828,1754150399999
1754150400000,0.23574,0.23689,0.22719,0.23084,1841938.75086731,1754164799999
1754164800000,0.23085,0.23476,0.23045,0.23298,715657.74894736,1754179199999
1754179200000,0.23339,0.23611,0.22816,0.23544,1169060.12717244,1754193599999
1754193600000,0.23491,0.2372,0.23403,0.2368,459887.36160694,1754207999999
1754208000000,0.23707,0.24266,0.23647,0.24063,589873.45392283,1754222399999
1754222400000,0.24044,0.24058,0.23716,0.23893,689910.53292747,1754236799999
1754236800000,0.23843,0.24336,0.23772,0.24129,1010441.36907333,1754251199999
1754251200000,0.24142,0.24309,0.24072,0.242,166926.23637973,1754265599999
1754265600000,0.24221,0.24802,0.24181,0.24339,252284.4175012,1754279999999
1754280000000,0.2436,0.24879,0.2418,0.24731,702769.87627144,1754294399999
1754294400000,0.2472,0.24895,0.24362,0.24499,773903.96505443,1754308799999
1754308800000,0.24531,0.26056,0.24474,0.2576,3045934.08832165,1754323199999
1754323200000,0.2576,0.26326,0.25573,0.25724,2167001.19756473,1754337599999
1754337600000,0.25727,0.26521,0.25587,0.26319,652159.52305315,1754351999999
1754352000000,0.26276,0.26381,0.25781,0.25815,339865.93756396,1754366399999
1754366400000,0.25753,0.25973,0.25181,0.2526,764461.46023592,1754380799999
1754380800000,0.2526,0.26844,0.25145,0.26598,2670365.20367664,1754395199999
1754395200000,0.26705,0.26705,0.24645,0.24645,1464177.93886214,1754409599999
1754409600000,0.24693,0.25065,0.24628,0.24913,476755.89013284,1754423999999
1754424000000,0.24964,0.25167,0.245,0.25022,613488.54032406,1754438399999
1754438400000,0.25031,0.25031,0.24181,0.24294,234177.07972738,1754452799999
1754452800000,0.24235,0.25025,0.2412,0.24804,483740.76779293,1754467199999
1754467200000,0.24761,0.24836,0.24468,0.24575,247489.54671597,1754481599999
1754481600000,0.24624,0.25234,0.24326,0.25234,1213265.68542349,1754495999999
1754496000000,0.25243,0.25364,0.24852,0.25069,357553.28074126,1754510399999
1754510400000,0.25143,0.25164,0.2495,0.25013,134499.11398174,1754524799999
1754524800000,0.2503,0.25199,0.24783,0.24842,63107.37747817,1754539199999
1754539200000,0.24895,0.2523,0.24714,0.25114,242992.17134993,1754553599999
1754553600000,0.25199,0.26543,0.25199,0.26388,1441676.83974681,1754567999999
1754568000000,0.26375,0.2644,0.25869,0.25987,1498231.83619007,1754582399999
1754582400000,0.25979,0.26106,0.25374,0.261,629680.53394675,1754596799999
1754596800000,0.26141,0.26528,0.26132,0.26412,534039.65676459,1754611199999
1754611200000,0.26466,0.2665,0.26093,0.26434,510029.45101404,1754625599999
1754625600000,0.26423,0.26663,0.26094,0.26663,714211.3814848,1754639999999
1754640000000,0.26655,0.26939,0.26408,0.26711,563848.743528,1754654399999
1754654400000,0.26726,0.27132,0.25909,0.26145,538078.73222145,1754668799999
1754668800000,0.26239,0.27203,0.26111,0.27085,919147.60461032,1754683199999
1754683200000,0.27104,0.27302,0.26924,0.26954,786403.09875571,1754697599999
1754697600000,0.26966,0.2723,0.26857,0.27055,130171.07902615,1754711999999
1754712000000,0.27064,0.28049,0.27043,0.27896,2109039.76762803,1754726399999
1754726400000,0.27906,0.28855,0.27767,0.28556,2384731.04213547,1754740799999
1754740800000,0.285,0.28944,0.28132,0.28273,1348753.92220494,1754755199999
1754755200000,0.28283,0.28537,0.28175,0.28382,1331455.59527779,1754769599999
1754769600000,0.28383,0.28626,0.28069,0.28206,737124.64500547,1754783999999
1754784000000,0.28141,0.28419,0.27952,0.28268,2022517.43473231,1754798399999
1754798400000,0.28275,0.28695,0.27165,0.27246,1261027.90686582,1754812799999
1754812800000,0.27251,0.27594,0.26878,0.26948,1595442.57957323,1754827199999
1754827200000,0.26951,0.27781,0.26853,0.27508,1047403.76049216,1754841599999
1754841600000,0.27508,0.27822,0.27476,0.27776,472932.1794491,1754855999999
1754856000000,0.27772,0.28276,0.27351,0.27622,418810.52812382,1754870399999
1754870400000,0.2763,0.28292,0.27431,0.28117,740733.63831271,1754884799999
1754884800000,0.28154,0.28367,0.27357,0.27433,616526.66496323,1754899199999
1754899200000,0.2744,0.27718,0.2641,0.26538,3727570.92912395,1754913599999
1754913600000,0.26486,0.27269,0.26419,0.27017,1114666.1315044,1754927999999
1754928000000,0.27078,0.2747,0.26366,0.26627,852767.63313497,1754942399999
1754942400000,0.26586,0.26693,0.25996,0.26302,581497.5568827,1754956799999
1754956800000,0.26273,0.26655,0.26241,0.26248,209500.98050918,1754971199999
1754971200000,0.26232,0.26641,0.25918,0.26627,245817.8997589,1754985599999
1754985600000,0.2666,0.2666,0.25647,0.25971,759535.89141524,1754999999999
1755000000000,0.25953,0.27291,0.25831,0.27291,1994372.11943067,1755014399999
1755014400000,0.27248,0.27727,0.27103,0.27711,784252.34500784,1755028799999
1755028800000,0.27706,0.28146,0.27653,0.27725,700937.01868012,1755043199999
1755043200000,0.27738,0.28064,0.27302,0.27987,2148633.82863074,1755057599999
1755057600000,0.27962,0.28258,0.27445,0.2817,1387252.69687193,1755071999999
1755072000000,0.28218,0.29639,0.28208,0.29493,2609430.62288935,1755086399999
1755086400000,0.2953,0.33137,0.29438,0.29829,7346446.71193124,1755100799999
1755100800000,0.2987,0.30387,0.29608,0.30146,2359705.0080177,1755115199999
1755115200000,0.30188,0.3047,0.29827,0.30379,936716.32733678,1755129599999
1755129600000,0.30364,0.31,0.29751,0.30873,868676.8590616,1755143999999
1755144000000,0.3085,0.30856,0.29729,0.29795,1208202.51366258,1755158399999
1755158400000,0.29714,0.29987,0.29052,0.29526,2791997.82680433,1755172799999
1755172800000,0.29528,0.29928,0.28102,0.28977,4232381.35277845,1755187199999
1755187200000,0.28888,0.28897,0.27921,0.28152,1402383.91358321,1755201599999
1755201600000,0.28124,0.28262,0.27387,0.28007,1318572.29840155,1755215999999
1755216000000,0.28106,0.29188,0.28064,0.29188,896413.33450315,1755230399999
1755230400000,0.2921,0.29232,0.2863,0.29134,918729.90715811,1755244799999
1755244800000,0.29217,0.29542,0.28345,0.28488,1042044.49605686,1755259199999
1755259200000,0.28462,0.28917,0.26984,0.27164,1036030.90748646,1755273599999
1755273600000,0.27177,0.27643,0.26828,0.27265,514011.79584956,1755287999999
1755288000000,0.27267,0.27932,0.27049,0.27542,1088932.48417309,1755302399999
1755302400000,0.27522,0.27882,0.27468,0.27468,259427.66310331,1755316799999
1755316800000,0.27483,0.27794,0.2741,0.27665,837176.88915449,1755331199999
1755331200000,0.27654,0.27688,0.27185,0.27185,528726.47296652,1755345599999
1755345600000,0.27196,0.27735,0.27131,0.27612,351372.24962653,1755359999999
1755360000000,0.2772,0.27792,0.27504,0.27684,665987.1909144,1755374399999
1755374400000,0.27641,0.27921,0.27594,0.27778,221720.21614466,1755388799999
1755388800000,0.27763,0.27763,0.27763,0.27763,769.816568,1755403199999
1755403200000,0.283,0.2886,0.27723,0.28731,242738.74042718,1755417599999
1755417600000,0.28776,0.29878,0.28776,0.29878,2662716.64527562,1755431999999
1755432000000,0.29859,0.3055,0.29337,0.30457,2879474.97275921,1755446399999
1755446400000,0.30475,0.30592,0.2914,0.29214,1372994.28328793,1755460799999
1755460800000,0.29224,0.29717,0.29181,0.29261,1097325.56633277,1755475199999
1755475200000,0.29264,0.29333,0.27735,0.28116,1219958.42637463,1755489599999
1755489600000,0.281,0.28728,0.27795,0.28036,1615416.31562575,1755503999999
1755504000000,0.28116,0.28167,0.27492,0.27772,1206710.07735317,1755518399999
1755518400000,0.27718,0.28697,0.27702,0.28477,1328452.11486464,1755532799999
1755532800000,0.2868,0.28989,0.28174,0.28242,1125036.86427977,1755547199999
1755547200000,0.28192,0.28565,0.2794,0.27962,816663.10707076,1755561599999
1755561600000,0.27927,0.28337,0.27103,0.27164,639330.75140723,1755575999999
1755576000000,0.27218,0.27396,0.26842,0.27014,972440.32233088,1755590399999
1755590400000,0.27063,0.27675,0.26893,0.27558,966848.2648783,1755604799999
1755604800000,0.27567,0.27601,0.26401,0.26509,926256.13154973,1755619199999
1755619200000,0.26487,0.26513,0.25973,0.26133,1392235.41295405,1755633599999
1755633600000,0.26144,0.26342,0.25594,0.25651,1210038.18468654,1755647999999
1755648000000,0.25703,0.2607,0.25447,0.25869,659161.30819152,1755662399999
1755662400000,0.25881,0.2604,0.257,0.257,462907.85004777,1755676799999
1755676800000,0.257,0.26085,0.25334,0.25599,1465037.0722842,1755691199999
1755691200000,0.25757,0.26221,0.2474,0.25924,1688221.39777771,1755705599999
1755705600000,0.25952,0.26523,0.25822,0.26435,1911266.74537902,1755719999999
1755720000000,0.26421,0.26529,0.26155,0.26354,442285.01246624,1755734399999
1755734400000,0.26367,0.26483,0.25883,0.26057,356008.1018124,1755748799999
1755748800000,0.25913,0.26124,0.25583,0.25745,248383.57200771,1755763199999
1755763200000,0.25753,0.25753,0.25238,0.25378,542534.8856495,1755777599999
1755777600000,0.25339,0.25681,0.25051,0.25114,670641.65603333,1755791999999
1755792000000,0.25166,0.25349,0.25031,0.25088,696758.54579856,1755806399999
1755806400000,0.25134,0.25393,0.25017,0.25111,164602.28686416,1755820799999
1755820800000,0.25207,0.25461,0.24965,0.25068,245729.74263605,1755835199999
1755835200000,0.25103,0.25402,0.25021,0.25318,709090.16761286,1755849599999
1755849600000,0.25336,0.25576,0.24564,0.24568,1612095.33217051,1755863999999
1755864000000,0.24571,0.27377,0.2423,0.27,4365966.93477837,1755878399999
1755878400000,0.26874,0.27933,0.26874,0.27839,1754380.67513897,1755892799999
1755892800000,0.27833,0.28094,0.27281,0.27502,1491275.31918004,1755907199999
1755907200000,0.2748,0.27595,0.26528,0.26693,877875.57260746,1755921599999
1755921600000,0.26667,0.27789,0.26646,0.26915,1016582.47203327,1755935999999
1755936000000,0.26964,0.27283,0.26827,0.27082,574025.25269199,1755950399999
1755950400000,0.27137,0.27464,0.26947,0.27195,658245.64383046,1755964799999
1755964800000,0.27197,0.27513,0.27007,0.27491,484938.51697398,1755979199999
1755979200000,0.27503,0.27651,0.27376,0.27651,412900.32585614,1755993599999
1755993600000,0.27652,0.27719,0.27116,0.27311,128185.66991078,1756007999999
1756008000000,0.27166,0.27257,0.26746,0.26746,841294.85288064,1756022399999
1756022400000,0.26714,0.26916,0.26,0.26156,1954689.06187529,1756036799999
1756036800000,0.26149,0.27572,0.26027,0.26361,2053340.81863765,1756051199999
1756051200000,0.26362,0.27815,0.26223,0.26848,1725990.86396601,1756065599999
1756065600000,0.26889,0.26996,0.26235,0.26588,670507.8799563,1756079999999
1756080000000,0.26674,0.26773,0.25943,0.26341,363912.62039167,1756094399999
1756094400000,0.2642,0.2642,0.25249,0.25293,1253160.52905552,1756108799999
1756108800000,0.25317,0.25538,0.25,0.25306,1555596.45271566,1756123199999
1756123200000,0.25333,0.25591,0.25093,0.25321,1035701.18228733,1756137599999
1756137600000,0.25312,0.25471,0.24607,0.24607,871892.88310491,1756151999999
1756152000000,0.246,0.24706,0.236,0.24476,1855824.63597226,1756166399999
1756166400000,0.2438,0.24875,0.24139,0.24752,283544.16732047,1756180799999
1756180800000,0.24773,0.25033,0.24693,0.24969,528139.80135301,1756195199999
1756195200000,0.24959,0.25122,0.2475,0.24854,565505.55847729,1756209599999
1756209600000,0.2478,0.25377,0.24684,0.24959,541545.54708851,1756223999999
1756224000000,0.24971,0.2604,0.24956,0.25964,618152.27981227,1756238399999
1756238400000,0.25838,0.26074,0.2564,0.25756,1263462.08060346,1756252799999
1756252800000,0.25744,0.25987,0.25458,0.25833,121677.46977282,1756267199999
1756267200000,0.25863,0.26058,0.25484,0.25582,415414.84027763,1756281599999
1756281600000,0.25611,0.26053,0.25517,0.25847,1290155.08002001,1756295999999
1756296000000,0.25831,0.26171,0.25572,0.2595,474743.65884301,1756310399999
1756310400000,0.25989,0.26188,0.25616,0.25717,536090.71186238,1756324799999
1756324800000,0.25666,0.26,0.25069,0.25069,568915.69630232,1756339199999
1756339200000,0.25111,0.25245,0.24922,0.25132,500903.70184123,1756353599999
1756353600000,0.25177,0.25704,0.25125,0.25614,905292.16864075,1756367999999
1756368000000,0.25744,0.25865,0.2453,0.25633,1482375.08236237,1756382399999
1756382400000,0.25562,0.26087,0.25562,0.25678,1396626.04442803,1756396799999
1756396800000,0.25707,0.25767,0.25078,0.25078,718072.60352649,1756411199999
1756411200000,0.2507,0.2645,0.2505,0.26402,1596643.12987751,1756425599999
1756425600000,0.26209,0.2627,0.25783,0.26038,400755.44540827,1756439999999
1756440000000,0.26009,0.26165,0.24987,0.24987,1144634.94460343,1756454399999
1756454400000,0.25011,0.25205,0.24426,0.25044,860498.00361531,1756468799999
1756468800000,0.25072,0.2577,0.24596,0.2465,1358704.32701228,1756483199999
1756483200000,0.24737,0.2488,0.24232,0.24518,679864.63004777,1756497599999
1756497600000,0.2452,0.24799,0.24339,0.24688,358496.65200136,1756511999999
1756512000000,0.24611,0.24949,0.2411,0.24788,231217.36214413,1756526399999
1756526400000,0.24728,0.2496,0.24563,0.24944,401267.95254842,1756540799999
1756540800000,0.24899,0.24964,0.24633,0.24751,681384.32222806,1756555199999
1756555200000,0.24751,0.24751,0.24297,0.24649,1004046.48043779,1756569599999
1756569600000,0.24587,0.24594,0.2439,0.24573,273538.23130017,1756583999999
1756584000000,0.24573,0.24643,0.244,0.24579,146218.35624915,1756598399999
1756598400000,0.2464,0.25181,0.2464,0.25156,434542.08203212,1756612799999
1756612800000,0.2512,0.2512,0.24701,0.24701,178160.0980472,1756627199999
1756627200000,0.24739,0.25045,0.2462,0.24834,628199.04467686,1756641599999
1756641600000,0.24827,0.2494,0.2462,0.24913,239880.37574206,1756655999999
1756656000000,0.24849,0.2501,0.24672,0.24832,369431.03358918,1756670399999
1756670400000,0.24786,0.24965,0.24302,0.24302,466596.49922651,1756684799999
1756684800000,0.24312,0.24382,0.23621,0.238,508923.57203971,1756699199999
1756699200000,0.23727,0.2438,0.23438,0.2438,768547.25026345,1756713599999
1756713600000,0.24421,0.24651,0.23975,0.23986,1107424.12560558,1756727999999
1756728000000,0.23916,0.24132,0.23764,0.23804,1126056.35669297,1756742399999
1756742400000,0.23802,0.23868,0.23579,0.23837,359161.28950516,1756756799999
1756756800000,0.23836,0.23836,0.22965,0.23438,1739554.49093443,1756771199999
1756771200000,0.23488,0.24088,0.23407,0.24018,888541.38198902,1756785599999
1756785600000,0.23985,0.24237,0.23976,0.24042,816624.16774156,1756799999999
1756800000000,0.24082,0.24494,0.24036,0.2419,300374.30536151,1756814399999
1756814400000,0.24153,0.24695,0.23698,0.2403,1202086.96149792,1756828799999
1756828800000,0.24036,0.2444,0.24034,0.24167,399715.2855144,1756843199999
1756843200000,0.24344,0.24701,0.24342,0.24618,377118.4352576,1756857599999
1756857600000,0.24706,0.24818,0.2443,0.24677,255769.92014352,1756871999999
1756872000000,0.2455,0.24627,0.24254,0.24402,504091.47939702,1756886399999
1756886400000,0.24386,0.2483,0.24288,0.24764,1081861.15419191,1756900799999
1756900800000,0.24788,0.2531,0.24617,0.25164,1620336.93941188,1756915199999
1756915200000,0.25204,0.25403,0.24934,0.25395,658713.81379624,1756929599999
1756929600000,0.25387,0.25469,0.25149,0.25159,241941.2161384,1756943999999
1756944000000,0.25176,0.25214,0.24644,0.2465,431795.24216745,1756958399999
1756958400000,0.24668,0.24774,0.24214,0.24409,410969.78275053,1756972799999
1756972800000,0.24381,0.24681,0.24304,0.24479,1171476.52961816,1756987199999
1756987200000,0.24446,0.24691,0.23864,0.24033,1487272.12587609,1757001599999
1757001600000,0.23954,0.24107,0.23748,0.23807,640534.84438964,1757015999999
1757016000000,0.23864,0.24254,0.23864,0.23979,959614.99544106,1757030399999
1757030400000,0.24126,0.24392,0.23948,0.24392,673945.92353848,1757044799999
1757044800000,0.24462,0.25,0.24385,0.24972,976524.98912736,1757059199999
1757059200000,0.2501,0.2501,0.24656,0.2491,395439.56017723,1757073599999
1757073600000,0.24918,0.25552,0.245,0.24787,2359274.89961232,1757087999999
1757088000000,0.2476,0.25162,0.24598,0.25099,632728.75791983,1757102399999
1757102400000,0.25175,0.25268,0.24872,0.24875,485560.00151159,1757116799999
1757116800000,0.2489,0.25058,0.248,0.24908,18363.47116153,1757131199999
1757131200000,0.24856,0.24856,0.24551,0.24621,239831.50759853,1757145599999
1757145600000,0.24617,0.24639,0.24361,0.24419,434534.75341708,1757159999999
1757160000000,0.24414,0.24521,0.24299,0.24336,677543.81592874,1757174399999
1757174400000,0.24396,0.24519,0.24185,0.24213,655596.59835254,1757188799999
1757188800000,0.24225,0.24482,0.24213,0.24363,293779.98470951,1757203199999
1757203200000,0.24396,0.25295,0.24396,0.25295,857199.13220379,1757217599999
1757217600000,0.253,0.25537,0.25014,0.25135,1995512.07312373,1757231999999
1757232000000,0.25192,0.2536,0.25101,0.25305,627500.30402056,1757246399999
1757246400000,0.2532,0.25515,0.25228,0.25389,768365.48301908,1757260799999
1757260800000,0.25389,0.25416,0.2496,0.25288,929872.95242862,1757275199999
1757275200000,0.25251,0.25395,0.25085,0.25215,179309.89916646,1757289599999
1757289600000,0.25229,0.25727,0.25045,0.255,263469.30760785,1757303999999
1757304000000,0.25419,0.2548,0.25121,0.25252,969380.26728829,1757318399999
1757318400000,0.25312,0.25842,0.25223,0.25394,542894.85304111,1757332799999
1757332800000,0.25406,0.27006,0.25348,0.26561,2004290.35164352,1757347199999
1757347200000,0.26588,0.26701,0.26044,0.26055,1551882.51123556,1757361599999
1757361600000,0.26151,0.26554,0.25982,0.26418,1034271.97215385,1757375999999
1757376000000,0.26484,0.26644,0.25955,0.26338,213939.28557789,1757390399999
1757390400000,0.26364,0.27071,0.26273,0.26965,886222.75499688,1757404799999
1757404800000,0.27,0.27191,0.26851,0.26938,610696.67733179,1757419199999
1757419200000,0.26801,0.27116,0.2578,0.25915,1536873.32264151,1757433599999
1757433600000,0.25924,0.26245,0.25777,0.26186,531474.11878096,1757447999999
1757448000000,0.2615,0.26479,0.2598,0.26399,720254.06190699,1757462399999
1757462400000,0.26428,0.26905,0.26338,0.26645,590406.85147083,1757476799999
1757476800000,0.26722,0.26808,0.2638,0.26634,964041.45710825,1757491199999
1757491200000,0.26644,0.26686,0.26379,0.26501,772297.89848781,1757505599999
1757505600000,0.26563,0.27527,0.26514,0.27285,1204773.02121473,1757519999999
1757520000000,0.27221,0.2744,0.26689,0.269,845636.44756372,1757534399999
1757534400000,0.26849,0.27577,0.26849,0.27393,261612.08292303,1757548799999
1757548800000,0.27383,0.2812,0.27278,0.27897,1027644.88401755,1757563199999
1757563200000,0.27875,0.28101,0.27613,0.27906,1055122.63301316,1757577599999
1757577600000,0.27895,0.2824,0.277,0.27713,1193758.19105411,1757591999999
1757592000000,0.27772,0.28051,0.27001,0.27268,1632488.16727012,1757606399999
1757606400000,0.27283,0.28009,0.27283,0.27952,1194354.83507875,1757620799999
1757620800000,0.27947,0.28845,0.27911,0.28689,1723274.28839569,1757635199999
1757635200000,0.2871,0.28926,0.28413,0.28511,687127.59176151,1757649599999
1757649600000,0.28575,0.2871,0.28314,0.28423,903355.09524748,1757663999999
1757664000000,0.28388,0.28553,0.2822,0.28381,1172324.21799713,1757678399999
1757678400000,0.2839,0.28955,0.28122,0.28603,1413319.66959009,1757692799999
1757692800000,0.28583,0.29462,0.28507,0.29462,2932791.3623012,1757707199999
1757707200000,0.29348,0.29437,0.29035,0.29387,660465.87783241,1757721599999
1757721600000,0.29378,0.29804,0.29093,0.29659,623802.65486565,1757735999999
1757736000000,0.29681,0.30263,0.29548,0.29812,1508668.1366833,1757750399999
1757750400000,0.29819,0.30365,0.29756,0.30222,890354.02383853,1757764799999
1757764800000,0.3018,0.30415,0.2924,0.29273,1430847.10773779,1757779199999
1757779200000,0.29298,0.29422,0.289,0.29247,1082544.85052235,1757793599999
1757793600000,0.29191,0.29515,0.2905,0.29238,566503.13149512,1757807999999
1757808000000,0.29213,0.2925,0.28496,0.28553,308467.17982503,1757822399999
1757822400000,0.28547,0.29001,0.28413,0.28706,800577.78081494,1757836799999
1757836800000,0.28683,0.28962,0.2839,0.28406,976058.78132999,1757851199999
1757851200000,0.28414,0.28592,0.27995,0.2805,669498.35746551,1757865599999
1757865600000,0.28177,0.28573,0.28094,0.28178,705614.18432416,1757879999999
1757880000000,0.28278,0.28591,0.28207,0.28222,384105.35819046,1757894399999
1757894400000,0.28285,0.28555,0.2798,0.28547,126210.92767769,1757908799999
1757908800000,0.28531,0.28845,0.27779,0.27815,423544.59528556,1757923199999
1757923200000,0.27721,0.27721,0.26993,0.27217,1229609.35741853,1757937599999
1757937600000,0.27135,0.27293,0.266,0.26847,633617.76759437,1757951999999
1757952000000,0.26822,0.26935,0.26539,0.26867,398951.07603982,1757966399999
1757966400000,0.26844,0.27119,0.26829,0.2701,336792.56806526,1757980799999
1757980800000,0.26904,0.26994,0.2667,0.26752,77183.18265611,1757995199999
1757995200000,0.26699,0.2698,0.26405,0.2688,430225.81941793,1758009599999
1758009600000,0.26963,0.27243,0.269,0.26971,870811.13879516,1758023999999
1758024000000,0.26977,0.27286,0.26647,0.27142,706586.78755202,1758038399999
1758038400000,0.27142,0.27148,0.26765,0.26845,594460.10470065,1758052799999
1758052800000,0.26815,0.26956,0.267,0.267,225255.84592534,1758067199999
1758067200000,0.26753,0.26905,0.26472,0.26472,365831.29318007,1758081599999
1758081600000,0.26549,0.26768,0.26398,0.26651,545426.6521804,1758095999999
1758096000000,0.26649,0.26649,0.26154,0.26279,744934.85172284,1758110399999
1758110400000,0.26307,0.26434,0.26165,0.26177,754646.43489963,1758124799999
1758124800000,0.26168,0.26924,0.25985,0.26871,965446.56214016,1758139199999
1758139200000,0.26934,0.28427,0.26778,0.28051,1526173.70524552,1758153599999
1758153600000,0.28159,0.28361,0.27732,0.28157,495547.31455359,1758167999999
1758168000000,0.28149,0.28247,0.27565,0.27818,1248598.0444453,1758182399999
1758182400000,0.27823,0.28123,0.27733,0.27892,540090.55013379,1758196799999
1758196800000,0.27974,0.28768,0.27859,0.28657,1286706.3603823,1758211199999
1758211200000,0.28685,0.29142,0.2852,0.28653,1505011.26066404,1758225599999
1758225600000,0.28714,0.29126,0.28572,0.2905,917506.57464791,1758239999999
1758240000000,0.29099,0.29728,0.28886,0.28915,1488538.60207972,1758254399999
1758254400000,0.28808,0.2897,0.28257,0.28388,1633673.4060231,1758268799999
1758268800000,0.28376,0.28606,0.27726,0.279,674270.33076533,1758283199999
1758283200000,0.2795,0.28128,0.274,0.27569,813523.79193364,1758297599999
1758297600000,0.27568,0.27843,0.27256,0.27322,437920.15846488,1758311999999
1758312000000,0.27307,0.27681,0.27183,0.27431,263028.29465262,1758326399999
1758326400000,0.27429,0.27574,0.271,0.27196,257170.48308454,1758340799999
1758340800000,0.27176,0.27457,0.26969,0.2743,432821.73526282,1758355199999
1758355200000,0.27469,0.27469,0.27018,0.27185,627293.64752816,1758369599999
1758369600000,0.27192,0.27667,0.27051,0.27457,487062.16163831,1758383999999
1758384000000,0.27552,0.27659,0.27073,0.27168,365799.18619683,1758398399999
1758398400000,0.27186,0.27438,0.27065,0.27117,766959.97313597,1758412799999
1758412800000,0.27138,0.27287,0.26979,0.27213,361897.39276483,1758427199999
1758427200000,0.27218,0.27373,0.27105,0.27194,166956.15720399,1758441599999
1758441600000,0.27234,0.27303,0.26626,0.26778,834305.79455138,1758455999999
1758456000000,0.26811,0.27064,0.26698,0.26698,532741.98964466,1758470399999
1758470400000,0.26759,0.27027,0.26515,0.26817,557612.2095679,1758484799999
1758484800000,0.2682,0.26893,0.26595,0.26643,671054.53800022,1758499199999
1758499200000,0.26708,0.2683,0.25668,0.25884,598275.64794876,1758513599999
1758513600000,0.25791,0.25969,0.2375,0.24558,1900840.19521948,1758527999999
1758528000000,0.24581,0.24925,0.24462,0.24685,829566.45893341,1758542399999
1758542400000,0.24689,0.25143,0.246,0.2463,560321.34067344,1758556799999
1758556800000,0.24643,0.24733,0.24094,0.24136,1928389.8659378,1758571199999
1758571200000,0.2414,0.24625,0.24138,0.24597,577304.65932259,1758585599999
1758585600000,0.24604,0.24739,0.23945,0.24528,933896.90215287,1758599999999
1758600000000,0.24593,0.25033,0.24271,0.24924,601873.74069298,1758614399999
1758614400000,0.24922,0.25271,0.249,0.24981,1635488.91037387,1758628799999
1758628800000,0.24937,0.25132,0.24735,0.24966,578997.99766697,1758643199999
1758643200000,0.25003,0.25192,0.2438,0.24414,1727156.11520124,1758657599999
1758657600000,0.2441,0.24735,0.24366,0.24425,281497.88319002,1758671999999
1758672000000,0.24594,0.24896,0.24249,0.24267,387151.12969238,1758686399999
1758686400000,0.24175,0.2489,0.23951,0.24839,301175.69593436,1758700799999
1758700800000,0.24889,0.25206,0.24823,0.25169,781186.72227593,1758715199999
1758715200000,0.25175,0.25403,0.24947,0.25073,529306.35214953,1758729599999
1758729600000,0.25068,0.25308,0.25052,0.2524,311764.43273815,1758743999999
1758744000000,0.25194,0.25227,0.24696,0.24825,271814.24212335,1758758399999
1758758400000,0.24851,0.24854,0.24235,0.24253,1480561.05174932,1758772799999
1758772800000,0.24333,0.24431,0.231,0.24006,1556068.0695766,1758787199999
1758787200000,0.2403,0.24204,0.23705,0.23756,609917.97889644,1758801599999
1758801600000,0.23774,0.2429,0.23299,0.2408,1100670.80983963,1758815999999
1758816000000,0.2409,0.24117,0.22798,0.235,2292894.18293255,1758830399999
1758830400000,0.235,0.23523,0.22919,0.23075,714889.59590493,1758844799999
1758844800000,0.23222,0.23614,0.23222,0.23579,666308.58612921,1758859199999
1758859200000,0.23585,0.23645,0.23305,0.23481,218118.16924093,1758873599999
1758873600000,0.23573,0.23596,0.22841,0.23043,986371.80534733,1758887999999
1758888000000,0.22987,0.23712,0.2277,0.23639,1861314.49131042,1758902399999
1758902400000,0.23695,0.24406,0.23695,0.23992,1050462.93199973,1758916799999
1758916800000,0.23975,0.2432,0.2394,0.24208,125636.32300745,1758931199999
1758931200000,0.24238,0.24245,0.23974,0.24083,53529.34204784,1758945599999
1758945600000,0.24048,0.24074,0.2382,0.23825,80063.66899147,1758959999999
1758960000000,0.23828,0.23871,0.2359,0.2382,121433.26133902,1758974399999
1758974400000,0.23835,0.23934,0.23725,0.2387,96576.06640395,1758988799999
1758988800000,0.23869,0.23899,0.23587,0.23678,247544.59282842,1759003199999
1759003200000,0.23712,0.24136,0.23632,0.23781,272064.91533961,1759017599999
1759032000000,0.23567,0.23567,0.23169,0.23321,361120.25516488,1759046399999
1759046400000,0.23352,0.23352,0.23058,0.23094,595927.99543047,1759060799999
1759060800000,0.23118,0.23587,0.22961,0.23562,438709.46957493,1759075199999
1759075200000,0.23686,0.24003,0.23585,0.23857,510423.80753447,1759089599999
1759089600000,0.23834,0.24312,0.2377,0.24103,236146.56540378,1759103999999
1759104000000,0.24143,0.24143,0.23865,0.23951,156560.06735096,1759118399999
1759118400000,0.23983,0.2399,0.23662,0.23834,516510.80774819,1759132799999
1759132800000,0.23838,0.24147,0.23577,0.23777,649734.45013307,1759147199999
1759147200000,0.23716,0.243,0.23316,0.23886,1193570.41568039,1759161599999
1759161600000,0.23898,0.24057,0.23574,0.23994,407624.32171707,1759175999999
1759176000000,0.24012,0.2423,0.23969,0.24017,528479.85980618,1759190399999
1759190400000,0.23969,0.23969,0.23536,0.23601,154725.45878456,1759204799999
1759204800000,0.23661,0.2382,0.23373,0.23443,413055.50127984,1759219199999
1759219200000,0.23414,0.2343,0.232,0.23271,325604.99426911,1759233599999
1759233600000,0.23234,0.23431,0.2235,0.22957,1224934.76114328,1759247999999
1759248000000,0.22944,0.23612,0.22785,0.23601,532316.65399964,1759262399999
1759262400000,0.23652,0.23877,0.23358,0.2353,417734.43298865,1759276799999
1759276800000,0.23577,0.23652,0.23344,0.23353,89845.6433961,1759291199999
1759291200000,0.23317,0.23624,0.23292,0.23457,689819.18893466,1759305599999
1759305600000,0.23436,0.24724,0.23436,0.24724,760512.31188362,1759319999999
1759320000000,0.24778,0.254,0.24751,0.25303,1129645.616408,1759334399999
1759334400000,0.25204,0.261,0.25056,0.25331,1834099.76910105,1759348799999
1759348800000,0.25368,0.2538,0.2514,0.2533,328046.9000673,1759363199999
1759363200000,0.254,0.25779,0.25216,0.25656,389655.4060185,1759377599999
1759377600000,0.2561,0.25691,0.25372,0.25386,1014171.95821458,1759391999999
1759392000000,0.25418,0.25596,0.25349,0.25544,330119.88421143,1759406399999
1759406400000,0.25565,0.2559,0.2475,0.25237,510903.65409707,1759420799999
1759420800000,0.25225,0.25768,0.25099,0.25661,1391572.84685631,1759435199999
1759435200000,0.25679,0.25739,0.25368,0.25615,454392.91809463,1759449599999
1759449600000,0.25533,0.25537,0.25161,0.25186,160382.68987075,1759463999999
1759464000000,0.25282,0.2541,0.24909,0.24951,2530751.20616443,1759478399999
1759478400000,0.24955,0.25038,0.2471,0.24808,479212.13267594,1759492799999
1759492800000,0.24792,0.25548,0.24735,0.25548,610869.29268683,1759507199999
1759507200000,0.2563,0.26123,0.2489,0.25489,2073880.79424024,1759521599999
1759521600000,0.2551,0.25619,0.25322,0.25381,463993.44084812,1759535999999
1759536000000,0.25449,0.25449,0.24947,0.25058,171912.01222025,1759550399999
1759550400000,0.25048,0.25313,0.24971,0.25073,1190144.94808781,1759564799999
1759564800000,0.25144,0.25144,0.24568,0.24612,462140.93223816,1759579199999
1759579200000,0.24621,0.24881,0.24171,0.24231,525521.01622326,1759593599999
1759593600000,0.24263,0.24419,0.24118,0.24397,1024414.96428807,1759607999999
1759608000000,0.24458,0.24651,0.24392,0.2463,149515.5157339,1759622399999
1759622400000,0.24601,0.25043,0.24383,0.24966,192398.38801661,1759636799999
1759636800000,0.24944,0.25536,0.24916,0.25536,523311.5966204,1759651199999
1759651200000,0.256,0.25643,0.24878,0.25075,546720.33478044,1759665599999
1759665600000,0.25002,0.2523,0.24911,0.2514,343550.62817496,1759679999999
1759680000000,0.25109,0.25172,0.24435,0.24435,522481.46668989,1759694399999
1759694400000,0.2446,0.24699,0.24411,0.246,431165.99212526,1759708799999
1759708800000,0.24518,0.24969,0.2444,0.24812,465072.4291868,1759723199999
1759723200000,0.24803,0.25058,0.24539,0.24879,433075.31690944,1759737599999
1759737600000,0.24933,0.25323,0.2492,0.2524,753730.66800136,1759751999999
1759752000000,0.2527,0.25988,0.2527,0.25888,1292790.99867059,1759766399999
1759766400000,0.2586,0.26098,0.2573,0.26021,1034551.61339273,1759780799999
1759780800000,0.26022,0.26123,0.25636,0.25655,532507.33762282,1759795199999
1759795200000,0.25677,0.25753,0.25532,0.2561,86805.68148455,1759809599999
1759809600000,0.255,0.26027,0.25433,0.2545,275990.6497919,1759823999999
1759824000000,0.254,0.25718,0.25177,0.25714,295296.93898499,1759838399999
1759838400000,0.2564,0.25963,0.2447,0.24578,1388731.50680963,1759852799999
1759852800000,0.245,0.24878,0.24288,0.2462,586139.65529091,1759867199999
1759867200000,0.24602,0.25006,0.24332,0.24469,438001.56240344,1759881599999
1759881600000,0.24553,0.24774,0.2419,0.24208,264388.60848276,1759895999999
1759896000000,0.24201,0.24287,0.23897,0.24253,625807.35846367,1759910399999
1759910400000,0.2425,0.24519,0.2418,0.2429,497147.03686612,1759924799999
1759924800000,0.24283,0.24752,0.24175,0.24435,1051307.94786937,1759939199999
1759939200000,0.24398,0.25216,0.24389,0.2485,858704.78903463,1759953599999
1759953600000,0.24854,0.24886,0.24585,0.24723,332624.38299795,1759967999999
1759968000000,0.24769,0.24811,0.24,0.24303,344812.28517109,1759982399999
1759982400000,0.24296,0.24509,0.2426,0.24326,199687.81777016,1759996799999
1759996800000,0.24267,0.24359,0.23772,0.24246,733615.57253191,1760011199999
1760011200000,0.24296,0.24527,0.23649,0.23789,1346990.31721214,1760025599999
1760025600000,0.23773,0.2408,0.23475,0.24035,1994179.56654957,1760039999999
1760040000000,0.24132,0.24245,0.23936,0.2409,417043.64345624,1760054399999
1760054400000,0.24132,0.25154,0.24129,0.2487,422205.35199074,1760068799999
1760068800000,0.24922,0.25016,0.24342,0.24342,895987.95883547,1760083199999
1760083200000,0.24345,0.2508,0.24345,0.25031,969919.96256433,1760097599999
1760097600000,0.25038,0.25242,0.23173,0.2345,1989760.49691417,1760111999999
1760112000000,0.23446,0.23791,0.22707,0.22864,867096.51677362,1760126399999
1760126400000,0.22871,0.23214,0.0787,0.21489,8608105.88613747,1760140799999
1760140800000,0.21031,0.21031,0.1816,0.19189,644497.37303519,1760155199999
1760155200000,0.19121,0.20166,0.18912,0.19357,1300821.70478729,1760169599999
1760169600000,0.19274,0.205,0.19274,0.19485,765234.69624202,1760183999999
1760184000000,0.19507,0.19884,0.18928,0.195,836517.96166689,1760198399999
1760198400000,0.1957,0.1957,0.18107,0.18194,943116.18220855,1760212799999
1760212800000,0.18219,0.18346,0.17276,0.17852,2059712.94006119,1760227199999
1760227200000,0.17864,0.18064,0.1736,0.17879,531413.02531788,1760241599999
1760241600000,0.17902,0.18313,0.17902,0.18219,457910.43738235,1760255999999
1760256000000,0.18274,0.18384,0.17721,0.18278,717645.12902832,1760270399999
1760270400000,0.18232,0.19916,0.17996,0.19878,908696.81762332,1760284799999
1760284800000,0.19894,0.20757,0.19894,0.204,1350217.51859691,1760299199999
1760299200000,0.20456,0.20503,0.19608,0.1983,747246.90047526,1760313599999
1760313600000,0.19731,0.19981,0.19501,0.19525,327301.65262582,1760327999999
1760328000000,0.196,0.20257,0.19456,0.19991,713641.73564426,1760342399999
1760342400000,0.19985,0.20412,0.19151,0.19702,1108825.96843929,1760356799999
1760356800000,0.19631,0.20356,0.19471,0.2006,300630.69914997,1760371199999
1760371200000,0.20108,0.20433,0.198,0.20342,1081840.36672765,1760385599999
1760385600000,0.20363,0.20724,0.20219,0.20415,888249.18528396,1760399999999
1760400000000,0.20464,0.20553,0.19649,0.19827,574042.8614464,1760414399999
1760414400000,0.19733,0.19768,0.184,0.18748,914263.4797911,1760428799999
1760428800000,0.18749,0.19,0.18362,0.18779,953645.25720189,1760443199999
1760443200000,0.188,0.19442,0.18299,0.19442,686468.53442035,1760457599999
1760457600000,0.19412,0.19643,0.19088,0.19364,489015.27674171,1760471999999
1760472000000,0.19371,0.19536,0.19239,0.19464,220521.10719719,1760486399999
1760486400000,0.19489,0.19502,0.1917,0.19205,234489.04295639,1760500799999
1760500800000,0.19213,0.1951,0.19146,0.19463,363686.85138378,1760515199999
1760515200000,0.19488,0.1981,0.19043,0.1915,381145.45990482,1760529599999
1760529600000,0.19133,0.19204,0.18477,0.18564,1405733.2918785,1760543999999
1760544000000,0.18599,0.18813,0.18385,0.18571,905732.61049897,1760558399999
1760558400000,0.18654,0.18722,0.18354,0.18485,281171.55163396,1760572799999
1760572800000,0.1847,0.18596,0.18385,0.18528,313838.06341053,1760587199999
1760587200000,0.18465,0.18749,0.18382,0.18526,124449.52930596,1760601599999
1760601600000,0.18497,0.18744,0.17742,0.18668,579507.86276466,1760615999999
1760616000000,0.18684,0.18785,0.1763,0.17756,736680.43387214,1760630399999
1760630400000,0.17694,0.18155,0.17444,0.17625,1362106.78801329,1760644799999
1760644800000,0.17659,0.17681,0.173,0.17496,573025.11164341,1760659199999
1760659200000,0.17564,0.17683,0.174,0.17541,165932.47550553,1760673599999
1760673600000,0.17536,0.17542,0.15935,0.16103,3724508.42660958,1760687999999
1760688000000,0.16106,0.16712,0.15861,0.16578,3114429.73121894,1760702399999
1760702400000,0.16615,0.16721,0.16227,0.166,1434888.38595809,1760716799999
1760716800000,0.16771,0.16807,0.16304,0.16357,672843.34823138,1760731199999
1760731200000,0.16351,0.1667,0.16328,0.16378,678265.59221917,1760745599999
1760745600000,0.16371,0.16605,0.16352,0.16572,114248.32188257,1760759999999
1760760000000,0.1653,0.16798,0.16346,0.16579,281446.18796119,1760774399999
1760774400000,0.16585,0.16811,0.16568,0.1668,652731.30891925,1760788799999
1760788800000,0.16674,0.16775,0.16362,0.16428,479523.72771251,1760803199999
1760803200000,0.16394,0.1658,0.16254,0.16535,638403.08032544,1760817599999
1760817600000,0.16559,0.16607,0.16438,0.16493,597870.25840937,1760831999999
1760832000000,0.16493,0.16541,0.16321,0.16524,511155.00387689,1760846399999
1760846400000,0.16538,0.16545,0.16349,0.16418,179602.3640035,1760860799999
1760860800000,0.16428,0.16912,0.16239,0.16774,1108690.89235036,1760875199999
1760875200000,0.16791,0.17141,0.16617,0.17021,540971.51440079,1760889599999
1760889600000,0.17021,0.17229,0.16923,0.17005,629932.16047886,1760903999999
1760904000000,0.1695,0.1699,0.16743,0.16765,187856.73796988,1760918399999
1760918400000,0.16702,0.17122,0.165,0.17122,264333.55421148,1760932799999
1760932800000,0.17151,0.17447,0.17086,0.17304,399959.12275704,1760947199999
1760947200000,0.17282,0.17375,0.17155,0.17303,247932.61019532,1760961599999
1760961600000,0.17269,0.17489,0.17201,0.17206,561435.45436087,1760975999999
1760976000000,0.17124,0.17228,0.16839,0.17204,698843.87720384,1760990399999
1760990400000,0.17163,0.17237,0.17091,0.17095,156862.21057084,1761004799999
1761004800000,0.171,0.171,0.1671,0.1671,97768.16372618,1761019199999
1761019200000,0.16643,0.16655,0.16382,0.16618,543774.65549299,1761033599999
1761033600000,0.16656,0.16752,0.16419,0.16752,654777.73190937,1761047999999
1761048000000,0.16715,0.188,0.16653,0.1763,2192967.38108557,1761062399999
1761062400000,0.17644,0.17717,0.171,0.17285,1264726.04139477,1761076799999
1761076800000,0.1726,0.17277,0.16443,0.16514,974348.35807669,1761091199999
1761091200000,0.16603,0.16603,0.1636,0.16407,308467.4786583,1761105599999
1761105600000,0.16458,0.16582,0.16288,0.16541,486142.64247182,1761119999999
1761120000000,0.16505,0.16532,0.1613,0.16274,838507.3266477,1761134399999
1761134400000,0.16316,0.1651,0.16155,0.16281,626163.31630405,1761148799999
1761148800000,0.16272,0.16317,0.15878,0.16023,567926.01368146,1761163199999
1761163200000,0.1603,0.1603,0.15331,0.15815,570915.24042068,1761177599999
1761177600000,0.15828,0.16099,0.158,0.16037,233963.81612965,1761191999999
1761192000000,0.16022,0.1636,0.15986,0.16288,430100.03217836,1761206399999
1761206400000,0.16286,0.16413,0.16211,0.16243,660215.12445217,1761220799999
1761220800000,0.16109,0.1672,0.16078,0.16657,878124.8538729,1761235199999
1761235200000,0.16689,0.16806,0.16539,0.16632,603617.07891311,1761249599999
1761249600000,0.16593,0.16593,0.1635,0.16502,591847.26653739,1761263999999
1761264000000,0.16533,0.16614,0.16533,0.16542,21773.48919413,1761278399999
1761278400000,0.1653,0.16908,0.16504,0.16767,691317.54634612,1761292799999
1761292800000,0.16765,0.16903,0.16681,0.16808,335037.93089831,1761307199999
1761307200000,0.1683,0.17174,0.16484,0.1654,575297.42078651,1761321599999
1761321600000,0.16515,0.16773,0.16448,0.16664,224709.89223153,1761335999999
1761336000000,0.16692,0.1721,0.16686,0.16876,1298993.74479486,1761350399999
1761350400000,0.16879,0.1692,0.16742,0.1676,245608.75194993,1761364799999
1761364800000,0.16722,0.16861,0.1672,0.16773,174239.2867614,1761379199999
1761379200000,0.16813,0.16932,0.16796,0.16827,337260.7372315,1761393599999
1761393600000,0.16815,0.17046,0.16815,0.17021,434365.92704962,1761407999999
1761408000000,0.17036,0.17458,0.17034,0.17458,817943.53128997,1761422399999
1761422400000,0.17393,0.17412,0.1716,0.1716,473401.52142334,1761436799999
1761436800000,0.17089,0.17237,0.17068,0.17068,114640.06170247,1761451199999
1761451200000,0.17038,0.17303,0.17037,0.17303,192719.50511067,1761465599999
1761465600000,0.17295,0.17765,0.17294,0.17765,514489.65473203,1761479999999
1761480000000,0.17768,0.17787,0.17493,0.177,554453.45813803,1761494399999
1761494400000,0.17691,0.17692,0.17545,0.1762,295056.64186322,1761508799999
1761508800000,0.17625,0.17911,0.17488,0.17822,591400.817381,1761523199999
1761523200000,0.17854,0.18058,0.17837,0.17934,263844.61350297,1761537599999
1761537600000,0.17934,0.18183,0.17778,0.17802,533826.50519548,1761551999999
1761552000000,0.17836,0.17878,0.17359,0.17484,530290.40602102,1761566399999
1761566400000,0.17498,0.17498,0.1714,0.17269,628769.70385179,1761580799999
1761580800000,0.1732,0.17753,0.1732,0.17339,1241740.37548639,1761595199999
1761595200000,0.17296,0.17342,0.1713,0.17247,321156.77084116,1761609599999
1761609600000,0.17258,0.17316,0.1705,0.17125,101797.33039466,1761623999999
1761624000000,0.17132,0.17512,0.17044,0.17252,344365.33592935,1761638399999
1761638400000,0.17283,0.17424,0.1722,0.17235,359973.27160958,1761652799999
1761652800000,0.17218,0.17573,0.17031,0.17294,243325.04759025,1761667199999
1761667200000,0.17311,0.17405,0.16633,0.16761,764530.0924898,1761681599999
1761681600000,0.16814,0.16908,0.16543,0.16777,1275576.97805012,1761695999999
1761696000000,0.16769,0.16866,0.16655,0.1669,165857.73908889,1761710399999
1761710400000,0.1668,0.16854,0.16674,0.16768,485698.1834585,1761724799999
1761724800000,0.16769,0.17051,0.1667,0.17025,286709.33840224,1761739199999
1761739200000,0.17011,0.17071,0.16595,0.16663,522424.95715574,1761753599999
1761753600000,0.16629,0.17358,0.16595,0.17153,644955.67387499,1761767999999
1761768000000,0.17231,0.1744,0.17044,0.17156,616747.63131635,1761782399999
1761782400000,0.17147,0.17335,0.17054,0.17145,157369.42961724,1761796799999
1761796800000,0.17122,0.17122,0.16481,0.16968,520461.62476717,1761811199999
1761811200000,0.16902,0.16939,0.16512,0.1658,573684.67996517,1761825599999
1761825600000,0.16594,0.17097,0.15852,0.15931,2145389.3381396,1761839999999
1761840000000,0.15873,0.16027,0.15284,0.15338,1918760.72818891,1761854399999
1761854400000,0.15344,0.15968,0.15317,0.15954,1666887.67675022,1761868799999
1761868800000,0.15931,0.16114,0.15877,0.16056,269527.98561179,1761883199999
1761883200000,0.16168,0.16212,0.16011,0.1611,443612.43153565,1761897599999
1761897600000,0.16113,0.16403,0.16036,0.16403,693385.92025323,1761911999999
1761912000000,0.16407,0.17002,0.16373,0.16849,579243.40095617,1761926399999
1761926400000,0.16813,0.169,0.16251,0.16732,852612.84829519,1761940799999
1761940800000,0.16697,0.16741,0.16458,0.16517,684361.1197953,1761955199999
1761955200000,0.165,0.16621,0.16368,0.16621,214055.53718302,1761969599999
1761969600000,0.16616,0.16822,0.16452,0.16789,756681.62725286,1761983999999
1761984000000,0.16784,0.16833,0.1666,0.16728,474394.25035262,1761998399999
1761998400000,0.16758,0.16894,0.16551,0.16833,606658.3409056,1762012799999
1762012800000,0.16845,0.16923,0.16717,0.16907,589485.75937341,1762027199999
1762027200000,0.16917,0.17,0.16688,0.16855,462982.66939848,1762041599999
1762041600000,0.16768,0.16886,0.16722,0.16738,475135.43545337,1762055999999
1762056000000,0.16819,0.17214,0.16819,0.17146,475959.86739868,1762070399999
1762070400000,0.17152,0.17426,0.16922,0.17414,798217.3960168,1762084799999
1762084800000,0.17408,0.17512,0.16667,0.16667,891312.53837458,1762099199999
1762099200000,0.16694,0.16714,0.16334,0.16392,814726.55423364,1762113599999
1762113600000,0.16415,0.16898,0.16342,0.16898,406355.7894424,1762127999999
1762128000000,0.1685,0.16903,0.157,0.1572,1358544.86523886,1762142399999
1762142400000,0.1569,0.15889,0.15337,0.15651,2781128.72006989,1762156799999
1762156800000,0.15654,0.15735,0.15224,0.15445,1551447.44079114,1762171199999
1762171200000,0.15448,0.15555,0.14,0.14341,3133479.09721648,1762185599999
1762185600000,0.1434,0.14989,0.14284,0.1459,3566991.79060752,1762199999999
1762200000000,0.14595,0.14612,0.14151,0.14383,1950425.46735929,1762214399999
1762214400000,0.14372,0.14711,0.14204,0.14581,1235651.02447721,1762228799999
1762228800000,0.14582,0.14615,0.13397,0.13524,3923507.86185666,1762243199999
1762243200000,0.13524,0.14255,0.13431,0.14114,2581204.80232973,1762257599999
1762257600000,0.14108,0.14305,0.13661,0.13926,4249792.2926251,1762271999999
1762272000000,0.1396,0.14019,0.13239,0.1354,1880760.19388118,1762286399999
1762286400000,0.13542,0.1385,0.12908,0.13792,2351054.77883964,1762300799999
1762300800000,0.13802,0.14039,0.1315,0.14027,859074.14640144,1762315199999
1762315200000,0.14047,0.14187,0.13937,0.14136,1387434.95267988,1762329599999
1762329600000,0.14104,0.14127,0.13805,0.14092,716030.39976623,1762343999999
1762344000000,0.14046,0.1455,0.14036,0.14518,3606220.76616977,1762358399999
1762358400000,0.1452,0.14723,0.14347,0.14538,2523667.22852033,1762372799999
1762372800000,0.14539,0.14611,0.14362,0.14429,915538.33134422,1762387199999
1762387200000,0.14374,0.14377,0.14084,0.14327,540258.46920705,1762401599999
1762401600000,0.14311,0.1436,0.14019,0.14141,848318.75229493,1762415999999
1762416000000,0.1411,0.14166,0.13986,0.14054,891891.26557856,1762430399999
1762430400000,0.14052,0.14901,0.1384,0.13888,2255381.62750539,1762444799999
1762444800000,0.13885,0.14001,0.13557,0.13798,1991624.36072571,1762459199999
1762459200000,0.13825,0.13979,0.13643,0.13935,1294724.5461063,1762473599999
1762473600000,0.13953,0.14417,0.139,0.14267,675115.44926614,1762487999999
1762488000000,0.14253,0.14453,0.14119,0.14453,881438.42622937,1762502399999
1762502400000,0.14456,0.14489,0.13779,0.13965,3224772.18760645,1762516799999
1762516800000,0.13942,0.14484,0.13625,0.14434,2644833.73188059,1762531199999
1762531200000,0.14436,0.15782,0.14435,0.15719,6009102.8922564,1762545599999
1762545600000,0.15719,0.15985,0.15544,0.15596,2193003.63045628,1762559999999
1762560000000,0.15681,0.16127,0.15431,0.15754,1003429.8826124,1762574399999
1762574400000,0.15775,0.16112,0.155,0.15748,1066145.08970835,1762588799999
1762588800000,0.15731,0.16725,0.1562,0.1637,2117046.42176338,1762603199999
1762603200000,0.16375,0.1685,0.15437,0.1548,3044053.90983302,1762617599999
1762617600000,0.1548,0.15723,0.15344,0.15584,1575543.98236937,1762631999999
1762632000000,0.15586,0.15765,0.15535,0.15624,1333822.15416985,1762646399999
1762646400000,0.15604,0.15604,0.14916,0.14981,1125508.82642485,1762660799999
1762660800000,0.14976,0.15314,0.14973,0.15233,466322.85326785,1762675199999
1762675200000,0.1523,0.15252,0.14813,0.15173,1673792.94400637,1762689599999
1762689600000,0.15136,0.15851,0.15103,0.15726,812445.60078195,1762703999999
1762704000000,0.15721,0.16024,0.15545,0.16024,756993.59954415,1762718399999
1762718400000,0.16038,0.1606,0.15661,0.15752,868966.10755242,1762732799999
1762732800000,0.15752,0.16048,0.15619,0.15855,240249.37161229,1762747199999
1762747200000,0.1586,0.15958,0.15736,0.15853,941877.12698758,1762761599999
1762761600000,0.15837,0.16184,0.15519,0.1605,1317315.35905215,1762775999999
1762776000000,0.16068,0.16325,0.15647,0.15971,1889294.70358766,1762790399999
1762790400000,0.16,0.16314,0.15782,0.16228,1418767.50535134,1762804799999
1762804800000,0.162,0.16897,0.15984,0.16415,2739402.85662217,1762819199999
1762819200000,0.16435,0.16695,0.16129,0.16508,1032279.38168135,1762833599999
1762833600000,0.16532,0.16566,0.15666,0.15674,1196212.00438289,1762847999999
1762848000000,0.15681,0.15969,0.1568,0.15773,659713.027176,1762862399999
1762862400000,0.15719,0.15807,0.15385,0.15592,845006.62054721,1762876799999
1762876800000,0.15562,0.15835,0.15317,0.15382,633058.15629016,1762891199999
1762891200000,0.15371,0.154,0.15029,0.15097,982495.75034876,1762905599999
1762905600000,0.15073,0.15387,0.15,0.15349,212569.99933489,1762919999999
1762920000000,0.15351,0.15618,0.15341,0.15369,212730.42731536,1762934399999
1762934400000,0.15436,0.15756,0.15436,0.15659,481051.38450301,1762948799999
1762948800000,0.15647,0.15743,0.1489,0.14895,1887753.0028642,1762963199999
1762963200000,0.14971,0.14971,0.14617,0.14806,809917.27602947,1762977599999
1762977600000,0.14768,0.15047,0.14753,0.14889,1493394.86587075,1762991999999
1762992000000,0.14887,0.1531,0.14848,0.15228,491601.44748696,1763006399999
1763006400000,0.15162,0.154,0.15112,0.15217,998792.60460082,1763020799999
1763020800000,0.15216,0.15357,0.15113,0.15211,352650.11400443,1763035199999
1763035200000,0.15181,0.15244,0.14851,0.14916,1219120.64104469,1763049599999
1763049600000,0.14919,0.14947,0.1406,0.14112,2281755.51117039,1763063999999
1763064000000,0.14111,0.14486,0.13954,0.14346,1717055.75268179,1763078399999
1763078400000,0.1428,0.14357,0.14144,0.14197,712013.25221989,1763092799999
1763092800000,0.14222,0.14355,0.13733,0.14291,805506.69280407,1763107199999
1763107200000,0.14229,0.14271,0.1385,0.13909,878022.15733895,1763121599999
1763121600000,0.13903,0.14403,0.13619,0.14278,2562239.9367779,1763135999999
1763136000000,0.14288,0.14486,0.13977,0.14229,1265558.63993324,1763150399999
1763150400000,0.14244,0.1425,0.13619,0.13743,854392.22715078,1763164799999
1763164800000,0.13735,0.14105,0.13735,0.14086,691800.78528843,1763179199999
1763179200000,0.14102,0.14276,0.14065,0.14066,387245.86642975,1763193599999
1763193600000,0.14005,0.14026,0.13845,0.13926,795316.01012008,1763207999999
1763208000000,0.13928,0.14182,0.13915,0.14129,300786.27982926,1763222399999
1763222400000,0.14114,0.14357,0.14049,0.14294,616071.08574035,1763236799999
1763236800000,0.14286,0.14288,0.14078,0.14166,397106.13048615,1763251199999
1763251200000,0.14127,0.14249,0.13858,0.14155,624941.30444128,1763265599999
1763265600000,0.14173,0.14275,0.14092,0.14235,46828.23204254,1763279999999
1763280000000,0.14243,0.14404,0.13883,0.13918,776953.65694225,1763294399999
1763294400000,0.13981,0.14003,0.13492,0.13515,1538412.55331647,1763308799999
1763308800000,0.13505,0.13705,0.13113,0.13248,2894901.23376675,1763323199999
1763323200000,0.13293,0.13465,0.13094,0.13353,1437709.23459297,1763337599999
1763337600000,0.13293,0.13612,0.13234,0.13568,717598.36592996,1763351999999
1763352000000,0.13604,0.13665,0.13489,0.13631,476464.35999659,1763366399999
1763366400000,0.13635,0.13676,0.13545,0.1361,961481.19722806,1763380799999
1763380800000,0.13575,0.13633,0.13049,0.13253,1737740.6453197,1763395199999
1763395200000,0.13248,0.1338,0.12699,0.12743,1462587.4804379,1763409599999
1763409600000,0.1274,0.12872,0.12653,0.12748,1100000.33817776,1763423999999
1763424000000,0.12751,0.13048,0.125,0.13048,402580.97856855,1763438399999
1763438400000,0.1294,0.13028,0.12702,0.12904,601399.91871102,1763452799999
1763452800000,0.12912,0.13074,0.12872,0.12878,651020.07174651,1763467199999
1763467200000,0.12872,0.13128,0.12746,0.13127,621529.61790721,1763481599999
1763481600000,0.1313,0.13257,0.12972,0.13132,2279123.99708152,1763495999999
1763496000000,0.13129,0.13152,0.12888,0.13002,1606796.17267125,1763510399999
1763510400000,0.13026,0.13039,0.12835,0.1284,601615.53613093,1763524799999
1763524800000,0.12827,0.12908,0.12557,0.12862,1428396.07061174,1763539199999
1763539200000,0.12872,0.12938,0.12782,0.12854,1856727.96559403,1763553599999
1763553600000,0.12865,0.12913,0.12574,0.12608,820157.71310644,1763567999999
1763568000000,0.1261,0.12647,0.12151,0.12232,1268184.28532754,1763582399999
1763582400000,0.12226,0.12829,0.12173,0.12811,929094.05341303,1763596799999
1763596800000,0.12832,0.13036,0.12777,0.13034,294529.36759694,1763611199999
1763611200000,0.13044,0.13182,0.12926,0.13141,616180.79576566,1763625599999
1763625600000,0.13111,0.13258,0.1305,0.13258,893335.84546197,1763639999999
1763640000000,0.13237,0.13504,0.12907,0.12914,712379.10484925,1763654399999
1763654400000,0.12889,0.12913,0.12081,0.12388,1737418.78118926,1763668799999
1763668800000,0.12368,0.12715,0.12284,0.12322,711611.72177581,1763683199999
1763683200000,0.12367,0.12555,0.122,0.1235,189626.01452441,1763697599999
1763697600000,0.12349,0.12349,0.11046,0.11631,1120828.57405911,1763711999999
1763712000000,0.11618,0.11837,0.1132,0.11331,2022426.77879017,1763726399999
1763726400000,0.11344,0.11788,0.11114,0.11454,1004564.84633057,1763740799999
1763740800000,0.11493,0.11888,0.11368,0.11663,509805.50261884,1763755199999
1763755200000,0.11673,0.11674,0.11178,0.11516,550113.61249344,1763769599999
1763769600000,0.11525,0.11669,0.11459,0.11499,296092.57852718,1763783999999
1763784000000,0.11507,0.11557,0.11297,0.11544,298877.15142583,1763798399999
1763798400000,0.11495,0.11526,0.11321,0.11467,445073.78579382,1763812799999
1763812800000,0.11358,0.114,0.11164,0.11254,339404.68628822,1763827199999
1763827200000,0.1128,0.11423,0.1128,0.11357,395456.8735231,1763841599999
1763841600000,0.11397,0.1153,0.11252,0.11373,241071.08117563,1763855999999
1763856000000,0.11363,0.11559,0.11331,0.11424,143356.61777023,1763870399999
1763870400000,0.11472,0.1157,0.11346,0.11456,137244.54783134,1763884799999
1763884800000,0.11457,0.1158,0.11415,0.11505,272046.85614467,1763899199999
1763899200000,0.1154,0.1162,0.11434,0.11615,283479.00471273,1763913599999
1763913600000,0.11591,0.11734,0.1151,0.11681,574549.3170145,1763927999999
1763928000000,0.1168,0.11819,0.11577,0.11592,1160185.00687527,1763942399999
1763942400000,0.11586,0.11845,0.11463,0.11781,188378.394352,1763956799999
1763956800000,0.11791,0.11872,0.11628,0.11682,389623.17536822,1763971199999
1763971200000,0.11673,0.11673,0.11414,0.11525,579894.54937329,1763985599999
1763985600000,0.11524,0.11623,0.11305,0.11547,345878.28675171,1763999999999
1764000000000,0.11638,0.12031,0.11602,0.1193,1118668.27287532,1764014399999
1764014400000,0.11937,0.12079,0.11937,0.11963,1250884.10635084,1764028799999
1764028800000,0.119,0.1195,0.11736,0.11755,459657.77820383,1764043199999
1764043200000,0.11722,0.1195,0.11722,0.11738,348664.70908889,1764057599999
1764057600000,0.11727,0.11807,0.11598,0.11749,834551.21113761,1764071999999
1764072000000,0.11747,0.11912,0.11433,0.11615,708690.24130542,1764086399999
1764086400000,0.11631,0.119,0.11577,0.11733,802091.58163011,1764100799999
1764100800000,0.11772,0.12032,0.11668,0.11987,414042.78117153,1764115199999
1764115200000,0.11999,0.12011,0.11694,0.11702,317020.33859905,1764129599999
1764129600000,0.11714,0.11859,0.11676,0.11848,317387.87325394,1764143999999
1764144000000,0.11881,0.11882,0.11607,0.11622,536489.19796978,1764158399999
1764158400000,0.11619,0.1174,0.11452,0.11497,888315.50087362,1764172799999
1764172800000,0.11521,0.12268,0.11516,0.12185,1615593.60404901,1764187199999
1764187200000,0.12186,0.12186,0.12028,0.12133,717647.31985218,1764201599999
1764201600000,0.12118,0.12228,0.12043,0.12055,371379.62822237,1764215999999
1764216000000,0.12069,0.12213,0.1199,0.12167,728012.08212943,1764230399999
1764230400000,0.12165,0.12312,0.12057,0.12065,557410.47132078,1764244799999
1764244800000,0.12055,0.12132,0.11896,0.12123,628990.47427623,1764259199999
1764259200000,0.12108,0.12253,0.12083,0.12209,992282.71878995,1764273599999
1764273600000,0.12208,0.12242,0.11944,0.11978,773752.35841216,1764287999999
1764288000000,0.11981,0.12034,0.11811,0.11969,307358.6582816,1764302399999
1764302400000,0.11966,0.12003,0.11871,0.11871,232506.64909175,1764316799999
1764316800000,0.11876,0.12243,0.11872,0.12054,521221.30612159,1764331199999
1764331200000,0.12041,0.12344,0.12019,0.122,1094168.49179564,1764345599999
1764345600000,0.12213,0.12219,0.11785,0.11981,860581.42104075,1764359999999
1764360000000,0.11972,0.11979,0.11826,0.11881,233723.17231354,1764374399999
1764374400000,0.11875,0.11882,0.11811,0.11819,104580.08075552,1764388799999
1764388800000,0.11831,0.11867,0.11746,0.11787,267101.97727925,1764403199999
1764403200000,0.11762,0.11852,0.11716,0.11849,322023.75172156,1764417599999
1764417600000,0.11815,0.11815,0.11684,0.11777,193251.64606792,1764431999999
1764432000000,0.11759,0.11777,0.11568,0.11607,482924.76159706,1764446399999
1764446400000,0.11596,0.11716,0.11569,0.11697,292608.85397981,1764460799999
1764460800000,0.11699,0.11862,0.11689,0.11712,184046.01945331,1764475199999
1764475200000,0.11832,0.11888,0.11724,0.11888,198833.74210147,1764489599999
1764489600000,0.11889,0.11967,0.11811,0.11811,381913.73817011,1764503999999
1764504000000,0.11822,0.12219,0.11787,0.12032,605629.10740989,1764518399999
1764518400000,0.12058,0.12209,0.12028,0.12047,355688.5592855,1764532799999
1764532800000,0.12043,0.12136,0.118,0.118,1240515.03336956,1764547199999
1764547200000,0.11826,0.1183,0.10882,0.10905,1359591.68587432,1764561599999
1764561600000,0.10856,0.10979,0.10742,0.10958,696026.47295784,1764575999999
1764576000000,0.10956,0.11082,0.10728,0.10731,1262179.15001548,1764590399999
1764590400000,0.10745,0.10794,0.10412,0.10576,979936.24144205,1764604799999
1764604800000,0.10551,0.10555,0.10361,0.10427,1054877.85628557,1764619199999
1764619200000,0.10432,0.10699,0.10432,0.10618,371158.23715825,1764633599999
1764633600000,0.10632,0.10689,0.10416,0.10526,505739.94687585,1764647999999
1764648000000,0.10606,0.10627,0.10512,0.10582,311093.26198494,1764662399999
1764662400000,0.10528,0.10687,0.10415,0.10669,1044654.21182024,1764676799999
1764676800000,0.10688,0.12208,0.10642,0.12177,3978287.57938894,1764691199999
1764691200000,0.12216,0.12309,0.11889,0.12009,3077171.07344287,1764705599999
1764705600000,0.12,0.12022,0.11791,0.11841,2556492.93475205,1764719999999
1764720000000,0.11823,0.1205,0.11764,0.1198,482287.25062648,1764734399999
1764734400000,0.11975,0.12199,0.11943,0.1197,623411.70041614,1764748799999
1764748800000,0.12002,0.12046,0.11835,0.11888,1613775.03362608,1764763199999
1764763200000,0.11884,0.11909,0.11574,0.11783,1262945.33212399,1764777599999
1764777600000,0.11774,0.1193,0.11654,0.11861,412262.81114346,1764791999999
1764792000000,0.11873,0.1214,0.11841,0.12056,822449.90910663,1764806399999
1764806400000,0.1203,0.12129,0.11936,0.11938,71553.44048152,1764820799999
1764820800000,0.11959,0.12104,0.1193,0.1208,138906.36386093,1764835199999
1764835200000,0.1205,0.1222,0.11906,0.11946,486428.69763125,1764849599999
1764849600000,0.11959,0.12044,0.11721,0.11943,350114.62306135,1764863999999
1764864000000,0.11953,0.12016,0.11554,0.11778,2574036.54760152,1764878399999
1764878400000,0.11788,0.11818,0.11632,0.11632,922153.39684802,1764892799999
1764892800000,0.11606,0.11694,0.11539,0.11539,79536.81096433,1764907199999
1764907200000,0.11511,0.1171,0.1146,0.11707,391149.3309244,1764921599999
1764921600000,0.117,0.11706,0.11351,0.11386,769624.39034257,1764935999999
1764936000000,0.11387,0.11594,0.11269,0.11337,761940.51055408,1764950399999
1764950400000,0.11361,0.11361,0.1071,0.10909,2624946.65997489,1764964799999
1764964800000,0.10901,0.10952,0.10807,0.10916,200395.02067082,1764979199999
1764979200000,0.10888,0.1092,0.10788,0.10907,36899.2403071,1764993599999
1764993600000,0.10911,0.10948,0.10852,0.10897,243336.49918373,1765007999999
1765008000000,0.10898,0.11051,0.10831,0.11038,280091.42842812,1765022399999
1765022400000,0.11046,0.1125,0.10954,0.11068,511841.7509074,1765036799999
1765036800000,0.11054,0.11222,0.11029,0.11084,1530560.10961818,1765051199999
1765051200000,0.11088,0.11212,0.10993,0.11049,518606.84492673,1765065599999
1765065600000,0.11055,0.11161,0.11052,0.11134,120553.60543282,1765079999999
1765080000000,0.11258,0.11308,0.11205,0.11242,85912.70375851,1765094399999
1765094400000,0.11245,0.11288,0.11064,0.11105,625845.14232082,1765108799999
1765108800000,0.11117,0.11208,0.10732,0.11144,402821.72212275,1765123199999
1765123200000,0.11107,0.11406,0.10975,0.11288,674456.65362694,1765137599999
1765137600000,0.113,0.11343,0.108,0.10939,1014968.47797196,1765151999999
1765152000000,0.10915,0.11203,0.10899,0.11161,119401.01087588,1765166399999
1765166400000,0.11196,0.1145,0.11192,0.11412,913621.12055622,1765180799999
1765180800000,0.11445,0.11616,0.11405,0.11458,327046.3415286,1765195199999
1765195200000,0.11448,0.11513,0.11287,0.11287,323141.89114833,1765209599999
1765209600000,0.11292,0.11458,0.1117,0.11255,389576.84500371,1765223999999
1765224000000,0.11277,0.1144,0.11255,0.11333,397906.21009221,1765238399999
1765238400000,0.11326,0.11369,0.11195,0.11328,1380718.45975146,1765252799999
1765252800000,0.11306,0.11313,0.11106,0.11274,269585.90732359,1765267199999
1765267200000,0.11282,0.1129,0.1115,0.11261,113304.16246222,1765281599999
1765281600000,0.11281,0.1183,0.11269,0.11793,676979.74073187,1765295999999
1765296000000,0.11913,0.12133,0.11867,0.1198,1290838.87982825,1765310399999
1765310400000,0.11962,0.11962,0.11678,0.11909,430129.74631528,1765324799999
1765324800000,0.11904,0.11905,0.118,0.11867,35293.61855506,1765339199999
1765339200000,0.11911,0.12,0.11765,0.11795,197346.4617619,1765353599999
1765353600000,0.11784,0.11847,0.11692,0.11734,467499.00737644,1765367999999
1765368000000,0.11731,0.12437,0.11684,0.12052,3619404.29656634,1765382399999
1765382400000,0.12067,0.12828,0.1198,0.1255,1.046398676175761E7,1765396799999
1765396800000,0.12525,0.13051,0.12327,0.12429,6567080.2857132,1765411199999
1765411200000,0.12425,0.12435,0.1168,0.11759,2770344.9319656,1765425599999
1765425600000,0.11767,0.12214,0.11767,0.11852,2833587.82817005,1765439999999
1765440000000,0.11847,0.11847,0.11342,0.11486,3423866.89805689,1765454399999
1765454400000,0.11468,0.11565,0.1127,0.11397,1255433.76414819,1765468799999
1765468800000,0.11363,0.11367,0.11054,0.11094,1763952.63972083,1765483199999
1765483200000,0.11084,0.11399,0.1099,0.11259,2720841.55858859,1765497599999
1765497600000,0.11259,0.11419,0.11068,0.11302,694492.52333949,1765511999999
1765512000000,0.11282,0.11458,0.11273,0.11387,530236.89452729,1765526399999
1765526400000,0.11366,0.11401,0.1113,0.11256,854617.21114654,1765540799999
1765540800000,0.1126,0.11368,0.10888,0.10966,900592.17523013,1765555199999
1765555200000,0.1096,0.11057,0.10819,0.10893,572712.98355453,1765569599999
1765569600000,0.10887,0.11033,0.10825,0.10957,308622.76411786,1765583999999
1765584000000,0.10981,0.1113,0.1097,0.11075,60738.26789528,1765598399999
1765598400000,0.11068,0.11068,0.10935,0.11042,19883.01507909,1765612799999
1765612800000,0.11052,0.11114,0.11031,0.1106,279635.54067705,1765627199999
1765627200000,0.11063,0.11082,0.10912,0.10996,390113.04920039,1765641599999
1765641600000,0.10984,0.1103,0.1094,0.11023,543450.67116308,1765655999999
1765656000000,0.11031,0.11047,0.10964,0.11041,127230.91088486,1765670399999
1765670400000,0.11032,0.11048,0.10961,0.11041,125627.30962071,1765684799999
1765684800000,0.11038,0.11051,0.10743,0.1082,403666.84160395,1765699199999
1765699200000,0.1083,0.10887,0.10638,0.10741,568094.66617175,1765713599999
1765713600000,0.10713,0.10804,0.10662,0.10708,332703.51673617,1765727999999
1765728000000,0.10691,0.10799,0.10636,0.10665,1458845.11446734,1765742399999
1765742400000,0.10672,0.10729,0.10441,0.1057,636087.59083912,1765756799999
1765756800000,0.10588,0.1088,0.10588,0.10677,630655.29939612,1765771199999
1765771200000,0.10677,0.10713,0.10623,0.10647,262141.20341911,1765785599999
1765785600000,0.10645,0.10667,0.1054,0.10557,496370.07992107,1765799999999
1765800000000,0.10559,0.10638,0.10056,0.10117,1216760.71901884,1765814399999
1765814400000,0.10114,0.10144,0.09864,0.10012,1578038.90189966,1765828799999
1765828800000,0.09959,0.10116,0.09909,0.10055,671800.32192772,1765843199999
1765843200000,0.10038,0.10115,0.1,0.10097,170303.17530379,1765857599999
1765857600000,0.10108,0.10108,0.09915,0.09971,449589.84077307,1765871999999
1765872000000,0.09974,0.10181,0.09972,0.10168,250474.29781779,1765886399999
1765886400000,0.10175,0.10302,0.10007,0.1027,372456.27140849,1765900799999
1765900800000,0.10232,0.10292,0.10089,0.1015,416460.16244385,1765915199999
1765915200000,0.1015,0.10177,0.10055,0.10075,342885.89403101,1765929599999
1765929600000,0.1008,0.1008,0.0991,0.09952,708353.51150934,1765943999999
1765944000000,0.09953,0.10024,0.09915,0.0996,229538.05973554,1765958399999
1765958400000,0.0995,0.09953,0.0985,0.09949,490736.98179588,1765972799999
1765972800000,0.09957,0.103,0.09869,0.09869,482656.43592181,1765987199999
1765987200000,0.09852,0.106,0.09579,0.099,2892619.75940064,1766001599999
1766001600000,0.10095,0.10425,0.09553,0.09619,2404672.75033009,1766015999999
1766016000000,0.09627,0.09646,0.09492,0.09504,387927.44543329,1766030399999
1766030400000,0.09516,0.09561,0.09161,0.09447,3841356.5052479,1766044799999
1766044800000,0.09454,0.09625,0.09454,0.09566,584350.82883988,1766059199999
1766059200000,0.0957,0.09908,0.09522,0.09708,1274364.14130297,1766073599999
1766073600000,0.09693,0.09736,0.09181,0.09181,3174256.54608427,1766087999999
1766088000000,0.0919,0.09342,0.0919,0.092,633216.81047565,1766102399999
1766102400000,0.09201,0.09458,0.09053,0.09445,581273.74150738,1766116799999
1766116800000,0.09453,0.09652,0.09384,0.09519,502365.1943869,1766131199999
1766131200000,0.09525,0.09533,0.09435,0.09512,572804.92012216,1766145599999
1766145600000,0.09516,0.09823,0.09482,0.09529,994465.79232736,1766159999999
1766160000000,0.09535,0.09659,0.09463,0.09606,1193815.04461382,1766174399999
1766174400000,0.09603,0.09644,0.09527,0.09598,827399.81538572,1766188799999
1766188800000,0.09568,0.09577,0.09484,0.09547,158137.54963136,1766203199999
1766203200000,0.09542,0.09613,0.09495,0.09565,117802.83092757,1766217599999
1766217600000,0.09588,0.09722,0.09508,0.09575,1196459.70752258,1766231999999
1766232000000,0.09583,0.09591,0.09493,0.09517,618067.71634609,1766246399999
1766246400000,0.09525,0.09525,0.09425,0.09453,530989.42880017,1766260799999
1766260800000,0.0944,0.09571,0.0944,0.09519,596986.2155313,1766275199999
1766275200000,0.09509,0.09512,0.09365,0.09446,1611559.72494736,1766289599999
1766289600000,0.09444,0.0946,0.0939,0.09424,286287.63980077,1766303999999
1766304000000,0.09423,0.09551,0.094,0.09449,536936.83569211,1766318399999
1766318400000,0.09436,0.09466,0.09015,0.09105,1221819.25932242,1766332799999
1766332800000,0.09114,0.09334,0.09114,0.09331,260189.23347861,1766347199999
1766347200000,0.0934,0.09456,0.09271,0.0944,604552.73766705,1766361599999
1766361600000,0.09483,0.0969,0.09376,0.09495,505631.37254395,1766375999999
1766376000000,0.09484,0.09599,0.09471,0.09562,424981.9842672,1766390399999
1766390400000,0.09568,0.09689,0.09485,0.09661,1371083.88718268,1766404799999
1766404800000,0.09659,0.098,0.09618,0.0974,1587253.16231452,1766419199999
1766419200000,0.09766,0.09819,0.09465,0.09465,974049.98546303,1766433599999
1766433600000,0.09488,0.09633,0.09457,0.09601,503936.20787553,1766447999999
1766448000000,0.09622,0.09622,0.094,0.09429,113920.31308089,1766462399999
1766462400000,0.09409,0.09431,0.09338,0.09374,117869.06734305,1766476799999
1766476800000,0.09368,0.0941,0.09311,0.09388,192118.99099179,1766491199999
1766491200000,0.09367,0.09388,0.092,0.09318,613322.38501327,1766505599999
1766505600000,0.09318,0.09429,0.0928,0.09379,211264.32292014,1766519999999
1766520000000,0.0939,0.09449,0.09296,0.09331,284982.72223591,1766534399999
1766534400000,0.09319,0.09336,0.09156,0.09235,96757.29611653,1766548799999
1766548800000,0.09241,0.09271,0.09181,0.09194,140051.49851916,1766563199999
1766563200000,0.092,0.09233,0.09158,0.09201,171782.15741256,1766577599999
1766577600000,0.09192,0.09297,0.09095,0.09271,190985.7102096,1766591999999
1766592000000,0.09298,0.09351,0.09201,0.09255,328661.58803096,1766606399999
1766606400000,0.09279,0.09433,0.09253,0.09348,359600.61896457,1766620799999
1766620800000,0.0936,0.09421,0.09305,0.0939,149856.31296394,1766635199999
1766635200000,0.09386,0.0944,0.09349,0.09379,153221.88228798,1766649599999
1766649600000,0.09399,0.09416,0.0925,0.09287,265188.55595219,1766663999999
1766664000000,0.09284,0.09374,0.09263,0.09351,128789.28578807,1766678399999
1766678400000,0.09349,0.09434,0.09317,0.09407,166944.22358606,1766692799999
1766692800000,0.0942,0.0942,0.09066,0.09098,434569.92206617,1766707199999
1766707200000,0.09081,0.09444,0.09019,0.09396,278537.46939435,1766721599999
1766721600000,0.09327,0.09497,0.09319,0.09351,105600.08499133,1766735999999
1766736000000,0.09384,0.09486,0.09384,0.09449,141103.20445421,1766750399999
1766750400000,0.09453,0.09496,0.09204,0.09274,199330.96398678,1766764799999
1766764800000,0.0931,0.09394,0.09226,0.09386,171235.89000361,1766779199999
1766779200000,0.09385,0.09427,0.09346,0.09421,223529.52533859,1766793599999
1766793600000,0.09438,0.09497,0.09397,0.09497,164600.61247327,1766807999999
1766808000000,0.09478,0.09478,0.09387,0.09427,92309.44579721,1766822399999
1766822400000,0.09423,0.09507,0.09377,0.09494,200050.09611093,1766836799999
1766836800000,0.09473,0.09733,0.09471,0.09681,484270.60360893,1766851199999
1766851200000,0.09712,0.09826,0.09608,0.0968,1059066.52225998,1766865599999
1766865600000,0.09688,0.09965,0.09657,0.09948,726320.10495521,1766879999999
1766880000000,0.09942,0.09978,0.0989,0.09971,93394.64709181,1766894399999
1766894400000,0.09953,0.09959,0.09853,0.0989,278463.90076246,1766908799999
1766908800000,0.09873,0.09975,0.09873,0.09909,431158.71836186,1766923199999
1766923200000,0.09903,0.09972,0.09888,0.09904,377145.06154643,1766937599999
1766937600000,0.09894,0.09921,0.09629,0.09645,441418.31535357,1766951999999
1766952000000,0.09651,0.09746,0.0961,0.09746,366107.97631933,1766966399999
1766966400000,0.09732,0.09957,0.09711,0.09956,534079.22804331,1766980799999
1766980800000,0.09956,0.09975,0.09783,0.09832,157595.10744506,1766995199999
1766995200000,0.09825,0.09865,0.09669,0.09686,356153.17252891,1767009599999
1767009600000,0.09669,0.09935,0.09527,0.09859,1034868.23136868,1767023999999
1767024000000,0.09841,0.09862,0.09658,0.09658,425958.00627431,1767038399999
1767038400000,0.09633,0.09699,0.096,0.09644,191948.6048401,1767052799999
1767052800000,0.09654,0.09695,0.09572,0.09658,233679.15111644,1767067199999
1767067200000,0.0966,0.0978,0.09502,0.09577,698254.23599353,1767081599999
1767081600000,0.09566,0.09696,0.09566,0.09625,473923.80041183,1767095999999
1767096000000,0.09647,0.09788,0.09616,0.09788,373823.19569635,1767110399999
1767110400000,0.09767,0.0978,0.09551,0.09631,353779.81279891,1767124799999
1767124800000,0.096,0.09965,0.09547,0.09578,1299243.11084266,1767139199999
1767139200000,0.09552,0.09695,0.09545,0.09654,136227.30062496,1767153599999
1767153600000,0.0968,0.0976,0.09609,0.09621,61139.67589985,1767167999999
1767168000000,0.09635,0.0999,0.09603,0.09703,822401.87632158,1767182399999
1767182400000,0.09691,0.0972,0.09567,0.09621,233418.77095621,1767196799999
1767196800000,0.09606,0.09617,0.09384,0.09434,426645.04360151,1767211199999
1767211200000,0.09411,0.0954,0.09334,0.0943,887889.78651497,1767225599999
1767225600000,0.09449,0.09538,0.09441,0.09441,86766.72047543,1767239999999
1767240000000,0.09431,0.09501,0.09397,0.09501,56511.10430226,1767254399999
1767254400000,0.0948,0.09576,0.09466,0.09545,132898.46582285,1767268799999
1767268800000,0.09537,0.09774,0.09515,0.09732,185008.92808103,1767283199999
1767283200000,0.09759,0.09927,0.09745,0.09927,274411.13753884,1767297599999
1767297600000,0.09937,0.09959,0.09827,0.09872,432068.60343848,1767311999999
1767312000000,0.09862,0.09942,0.09794,0.09942,611745.98082566,1767326399999
1767326400000,0.09979,0.09979,0.09877,0.09906,295347.84313568,1767340799999
1767340800000,0.09908,0.10078,0.09904,0.09949,952321.46390949,1767355199999
1767355200000,0.09941,0.10092,0.099,0.10065,945250.02385214,1767369599999
1767369600000,0.10032,0.10336,0.1002,0.103,1858649.30512932,1767383999999
1767384000000,0.10316,0.10473,0.1026,0.10404,860641.37072307,1767398399999
1767398400000,0.10445,0.10523,0.10403,0.10523,300219.07222195,1767412799999
1767412800000,0.10482,0.10487,0.10184,0.1019,553493.52699903,1767427199999
1767427200000,0.10192,0.10355,0.1014,0.1024,441168.29009738,1767441599999
1767441600000,0.10248,0.10387,0.10227,0.10281,272889.26395852,1767455999999
1767456000000,0.10272,0.10384,0.10272,0.10335,736526.05241901,1767470399999
1767470400000,0.10339,0.10393,0.10286,0.1038,352020.40489253,1767484799999
1767484800000,0.10407,0.10788,0.10407,0.10758,768484.82570543,1767499199999
1767499200000,0.10734,0.10775,0.10618,0.10671,508235.36914867,1767513599999
1767513600000,0.10635,0.10777,0.10606,0.10726,534063.48379672,1767527999999
1767528000000,0.10711,0.10762,0.10606,0.10748,2346618.4702576,1767542399999
1767542400000,0.10746,0.10839,0.10507,0.10588,2666058.89811999,1767556799999
1767556800000,0.10588,0.10723,0.1055,0.1061,1559271.06617738,1767571199999
1767571200000,0.1061,0.1082,0.10552,0.10709,751396.55183865,1767585599999
1767585600000,0.10702,0.10742,0.10532,0.10676,332004.41937674,1767599999999
1767600000000,0.10707,0.10708,0.10528,0.10614,576161.56151174,1767614399999
1767614400000,0.10609,0.10725,0.105,0.10711,472799.63187006,1767628799999
1767628800000,0.10707,0.10973,0.10537,0.10962,1542088.65769439,1767643199999
1767643200000,0.10964,0.112,0.10953,0.11083,1453438.08625471,1767657599999
1767657600000,0.11127,0.11295,0.10971,0.11295,515537.76758191,1767671999999
1767672000000,0.11317,0.11462,0.11016,0.11074,650526.50846813,1767686399999
1767686400000,0.11071,0.11416,0.11071,0.11416,259054.25778691,1767700799999
1767700800000,0.11417,0.11614,0.1119,0.11224,1219048.88670823,1767715199999
1767715200000,0.11235,0.11288,0.107,0.10942,2304849.97836441,1767729599999
1767729600000,0.11011,0.11388,0.11,0.11255,572704.31330276,1767743999999
1767744000000,0.11252,0.11252,0.10884,0.10973,170235.74651735,1767758399999
1767758400000,0.10941,0.10977,0.10841,0.10938,300867.8348469,1767772799999
1767772800000,0.10968,0.1108,0.10836,0.10953,747656.18010112,1767787199999
1767787200000,0.10932,0.10935,0.10671,0.10709,865068.33178751,1767801599999
1767801600000,0.10714,0.10807,0.10651,0.10706,378397.62527421,1767815999999
1767816000000,0.1072,0.1072,0.10597,0.10667,295693.4798558,1767830399999
1767830400000,0.10622,0.10775,0.10611,0.10611,143001.30533403,1767844799999
1767844800000,0.1058,0.10684,0.10407,0.1058,156005.66680999,1767859199999
1767859200000,0.10607,0.10651,0.10346,0.10503,518147.01797804,1767873599999
1767873600000,0.1048,0.10625,0.1,0.10625,1210988.25661126,1767887999999
1767888000000,0.1066,0.10707,0.10521,0.10521,417847.15854902,1767902399999
1767902400000,0.10505,0.10636,0.10444,0.1053,282746.6954742,1767916799999
1767916800000,0.10532,0.10643,0.105,0.10582,116434.92555187,1767931199999
1767931200000,0.10595,0.10595,0.10463,0.10493,221067.27860762,1767945599999
1767945600000,0.10484,0.10484,0.1033,0.10407,1730595.44648438,1767959999999
1767960000000,0.10406,0.10685,0.10349,0.10574,881317.88287514,1767974399999
1767974400000,0.10642,0.10776,0.10359,0.1046,693090.36705773,1767988799999
1767988800000,0.1046,0.1046,0.1034,0.10435,1892488.03546352,1768003199999
1768003200000,0.10422,0.10471,0.10362,0.10362,1329505.58480458,1768017599999
1768017600000,0.10329,0.10436,0.10286,0.10391,388226.15843304,1768031999999
1768032000000,0.10393,0.10496,0.10367,0.10491,456191.89081793,1768046399999
1768046400000,0.10499,0.10499,0.1037,0.10377,253475.38440811,1768060799999
1768060800000,0.10376,0.10414,0.10308,0.10368,217890.12670178,1768075199999
1768075200000,0.1039,0.10398,0.10265,0.10338,67995.48029592,1768089599999
1768089600000,0.10332,0.10369,0.10332,0.10354,110446.64592638,1768103999999
1768104000000,0.1034,0.10409,0.1034,0.10381,1316033.48891513,1768118399999
1768118400000,0.10384,0.10479,0.10384,0.10435,426410.15436182,1768132799999
1768132800000,0.10433,0.10486,0.10336,0.10352,373279.24108693,1768147199999
1768147200000,0.10376,0.10497,0.10376,0.10415,310816.24809929,1768161599999
1768161600000,0.10412,0.10412,0.10233,0.10366,570970.98968035,1768175999999
1768176000000,0.10331,0.1061,0.10243,0.10557,427795.06232572,1768190399999
1768190400000,0.10547,0.10585,0.10318,0.10318,372219.59663479,1768204799999
1768204800000,0.10321,0.10372,0.102,0.10254,561619.30498991,1768219199999
1768219200000,0.10249,0.10321,0.10059,0.10297,824674.58828752,1768233599999
1768233600000,0.10315,0.10426,0.10243,0.10313,232395.06920967,1768247999999
1768248000000,0.10321,0.10347,0.1011,0.10167,423492.53075145,1768262399999
1768262400000,0.10163,0.10232,0.10156,0.10193,73385.84217216,1768276799999
1768276800000,0.1022,0.10471,0.1022,0.10408,280581.8641638,1768291199999
1768291200000,0.10427,0.10538,0.10368,0.10473,1541378.31031786,1768305599999
1768305600000,0.10464,0.10677,0.10464,0.10677,779087.98677576,1768319999999
1768320000000,0.10746,0.10816,0.10625,0.10688,652458.39925321,1768334399999
1768334400000,0.107,0.11023,0.10648,0.10872,2287844.97073643,1768348799999
1768348800000,0.10889,0.10922,0.1081,0.10903,203312.58058291,1768363199999
1768363200000,0.10901,0.10901,0.10745,0.10784,445910.49704446,1768377599999
1768377600000,0.10797,0.10852,0.10613,0.10613,602568.02796255,1768391999999
1768392000000,0.10674,0.11039,0.1062,0.10939,541158.82701681,1768406399999
1768406400000,0.10962,0.11049,0.10653,0.10754,962199.26447365,1768420799999
1768420800000,0.10763,0.10789,0.10641,0.10666,1636207.47189384,1768435199999
1768435200000,0.10632,0.10663,0.1046,0.10476,643112.79172796,1768449599999
1768449600000,0.10436,0.1058,0.10436,0.10549,490300.10546322,1768463999999
1768464000000,0.10544,0.10629,0.105,0.10518,548727.68569343,1768478399999
1768478400000,0.10556,0.10604,0.10362,0.10401,495154.84582957,1768492799999
1768492800000,0.10473,0.10546,0.10263,0.10379,1027363.17736719,1768507199999
1768507200000,0.10377,0.10405,0.10283,0.10389,377349.30754465,1768521599999
1768521600000,0.10405,0.10405,0.10316,0.10348,160486.76243479,1768535999999
1768536000000,0.10349,0.10432,0.10277,0.1038,680400.63523938,1768550399999
1768550400000,0.10402,0.10495,0.1032,0.1038,637730.93432559,1768564799999
1768564800000,0.1038,0.1038,0.10098,0.10159,932520.49306076,1768579199999
1768579200000,0.10227,0.10301,0.10174,0.10241,881034.18081186,1768593599999
1768593600000,0.1024,0.10391,0.10187,0.10355,123125.4641395,1768607999999
1768608000000,0.10346,0.10361,0.10272,0.10272,30009.64608222,1768622399999
1768622400000,0.10277,0.10326,0.10227,0.10308,141584.58944306,1768636799999
1768636800000,0.10325,0.10483,0.10325,0.10387,765493.31725535,1768651199999
1768651200000,0.10375,0.10593,0.10375,0.10585,404082.87242397,1768665599999
1768665600000,0.10597,0.10597,0.10457,0.10504,627635.65176008,1768679999999
1768680000000,0.10548,0.1055,0.104,0.1043,276363.55825516,1768694399999
1768694400000,0.10446,0.10497,0.10363,0.1038,67622.32481005,1768708799999
1768708800000,0.10361,0.10368,0.10315,0.10367,22172.46342327,1768723199999
1768723200000,0.10361,0.10383,0.10325,0.10356,138248.8427392,1768737599999
1768737600000,0.10355,0.10363,0.10237,0.1029,122705.49304635,1768751999999
1768752000000,0.10295,0.10361,0.10257,0.10285,167869.4605964,1768766399999
1768766400000,0.10275,0.10371,0.0985,0.0985,310232.39275675,1768780799999
1768780800000,0.09804,0.09804,0.088,0.0957,2011323.11251507,1768795199999
1768795200000,0.0956,0.0956,0.0941,0.09454,799432.58251167,1768809599999
1768809600000,0.09462,0.09518,0.09419,0.0943,423591.1590317,1768823999999
1768824000000,0.094,0.09478,0.09376,0.09409,486868.54801923,1768838399999
1768838400000,0.09391,0.09597,0.0939,0.09577,472420.65782112,1768852799999
1768852800000,0.09598,0.09606,0.09454,0.09472,200673.25389442,1768867199999
1768867200000,0.0949,0.095,0.09359,0.09386,50079.34799945,1768881599999
1768881600000,0.0938,0.09401,0.09259,0.09288,362723.87801936,1768895999999
1768896000000,0.09226,0.09378,0.09143,0.09277,758427.47679055,1768910399999
1768910400000,0.09273,0.09334,0.09164,0.0917,400892.71580498,1768924799999
1768924800000,0.09231,0.09247,0.09023,0.09074,740287.08476526,1768939199999
1768939200000,0.09067,0.09141,0.08921,0.08992,1146187.43175875,1768953599999
1768953600000,0.0902,0.09223,0.08992,0.0919,120944.68191402,1768967999999
1768968000000,0.09169,0.09303,0.09147,0.09157,834322.8211208,1768982399999
1768982400000,0.09164,0.09174,0.09026,0.09041,176143.32550411,1768996799999
1768996800000,0.09042,0.09264,0.08921,0.09258,972193.4989359,1769011199999
1769011200000,0.09256,0.09366,0.08848,0.09349,1308385.37612121,1769025599999
1769025600000,0.09366,0.09409,0.09163,0.09168,1059259.49920806,1769039999999
1769040000000,0.09222,0.09393,0.09222,0.09253,252150.05694079,1769054399999
1769054400000,0.0923,0.09313,0.09228,0.0926,193741.95099335,1769068799999
1769068800000,0.09271,0.09347,0.09236,0.09282,417519.9619136,1769083199999
1769083200000,0.09266,0.09311,0.09022,0.09067,957251.57230421,1769097599999
1769097600000,0.09106,0.09264,0.09065,0.09143,671855.70061196,1769111999999
1769112000000,0.09145,0.09157,0.09064,0.09119,517208.42199576,1769126399999
1769126400000,0.09129,0.09193,0.09098,0.09193,23772.02018026,1769140799999
1769140800000,0.09216,0.09216,0.0916,0.09175,49778.95316706,1769155199999
1769155200000,0.09178,0.09194,0.09065,0.09128,298722.57978699,1769169599999
1769169600000,0.09124,0.09177,0.08961,0.09177,525704.50734795,1769183999999
1769184000000,0.09177,0.09309,0.0906,0.09084,649912.44156551,1769198399999
1769198400000,0.0908,0.09094,0.08976,0.09029,351406.05538545,1769212799999
1769212800000,0.09026,0.09123,0.08959,0.09098,332714.43234359,1769227199999
1769227200000,0.09087,0.09093,0.09023,0.09023,64780.98533563,1769241599999
1769241600000,0.09006,0.0903,0.0899,0.09021,197776.0138787,1769255999999
1769256000000,0.0902,0.09048,0.08933,0.08933,166253.34121964,1769270399999
1769270400000,0.08927,0.0896,0.089,0.08929,185137.22840362,1769284799999
1769284800000,0.08931,0.09023,0.08931,0.08978,311947.53762704,1769299199999
1769299200000,0.08985,0.09044,0.08919,0.08919,97987.62074165,1769313599999
1769313600000,0.08917,0.09002,0.08899,0.09002,54835.24470584,1769327999999
1769328000000,0.08942,0.0915,0.08928,0.09031,829674.12921754,1769342399999
1769342400000,0.09015,0.09047,0.08929,0.08975,215786.38638194,1769356799999
1769356800000,0.08921,0.08937,0.0848,0.08516,1129669.08299786,1769371199999
1769371200000,0.08506,0.08688,0.08467,0.08688,819883.92271992,1769385599999
1769385600000,0.0869,0.08879,0.08684,0.08802,73381.16424512,1769399999999
1769400000000,0.08815,0.08869,0.08792,0.08842,176404.6173703,1769414399999
1769414400000,0.08838,0.0888,0.08717,0.08776,498565.9844871,1769428799999
1769428800000,0.08795,0.08941,0.08781,0.08786,117619.62104933,1769443199999
1769443200000,0.08835,0.08929,0.08781,0.08854,315939.39697408,1769457599999
1769457600000,0.08859,0.08961,0.08817,0.08886,374897.41620701,1769471999999
1769472000000,0.08887,0.08927,0.08858,0.08908,150334.99535082,1769486399999
1769486400000,0.08945,0.08945,0.08867,0.08896,181949.29485616,1769500799999
1769500800000,0.08904,0.08917,0.08817,0.08865,206820.89150675,1769515199999
1769515200000,0.0886,0.08864,0.0873,0.08778,214870.4280072,1769529599999
1769529600000,0.08807,0.08903,0.08743,0.08902,330816.56667066,1769543999999
1769544000000,0.08902,0.08976,0.08843,0.08905,319713.71345128,1769558399999
1769558400000,0.0888,0.08883,0.0884,0.08883,27490.0568337,1769572799999
1769572800000,0.08866,0.08892,0.08839,0.08857,71272.72341794,1769587199999
1769587200000,0.08863,0.08969,0.08849,0.08969,439964.76070839,1769601599999
1769601600000,0.08959,0.0897,0.08869,0.08887,693653.38429913,1769615999999
1769616000000,0.08873,0.0896,0.08841,0.08935,679836.0678606,1769630399999
1769630400000,0.08935,0.08979,0.08861,0.08919,863216.16398872,1769644799999
1769644800000,0.08927,0.08927,0.08711,0.08736,151029.84350087,1769659199999
1769659200000,0.08729,0.08814,0.08727,0.08795,167529.95946637,1769673599999
1769673600000,0.08787,0.088,0.08736,0.08736,127003.0372459,1769687999999
1769688000000,0.08735,0.08735,0.0833,0.08439,1365814.68245851,1769702399999
1769702400000,0.08422,0.08524,0.0821,0.08279,1855587.42031722,1769716799999
1769716800000,0.08283,0.0836,0.0827,0.08318,412915.61326555,1769731199999
1769731200000,0.08313,0.08315,0.08052,0.08103,362175.53566345,1769745599999
1769745600000,0.08118,0.08164,0.07907,0.08023,846356.07198256,1769759999999
1769760000000,0.08009,0.0806,0.0793,0.08032,893341.96051559,1769774399999
1769774400000,0.08039,0.08039,0.07828,0.07909,947649.44596941,1769788799999
1769788800000,0.07887,0.08104,0.07799,0.08078,1198579.25834583,1769803199999
1769803200000,0.08052,0.08058,0.07958,0.08057,324984.24369841,1769817599999
1769817600000,0.08059,0.08059,0.07981,0.0799,151823.36063393,1769831999999
1769832000000,0.0799,0.07995,0.07886,0.07886,171138.14706242,1769846399999
1769846400000,0.079,0.079,0.07725,0.07746,1119872.95924589,1769860799999
1769860800000,0.07743,0.07805,0.07435,0.07517,2281625.87454976,1769875199999
1769875200000,0.07529,0.07569,0.06794,0.07168,2669156.83561642,1769889599999
1769889600000,0.07174,0.07424,0.07099,0.07412,793064.0887167,1769903999999
1769904000000,0.07408,0.0749,0.07374,0.07471,578204.08901578,1769918399999
1769918400000,0.0747,0.07487,0.07402,0.07445,325856.58058517,1769932799999
1769932800000,0.0743,0.07548,0.07372,0.07434,1049500.8574078,1769947199999
1769947200000,0.07434,0.07461,0.07116,0.0718,930570.44342088,1769961599999
1769961600000,0.07156,0.07287,0.07122,0.07174,804322.58643758,1769975999999
1769976000000,0.07188,0.0725,0.07019,0.07117,709170.54479334,1769990399999
1769990400000,0.07119,0.07325,0.06959,0.07183,413803.89515819,1770004799999
1770004800000,0.07138,0.0725,0.06985,0.07179,604218.01212783,1770019199999
1770019200000,0.07178,0.07322,0.07176,0.07245,729808.44378184,1770033599999
1770033600000,0.07254,0.0759,0.07253,0.0759,693174.9816048,1770047999999
1770048000000,0.07582,0.0763,0.07494,0.07511,679290.96995538,1770062399999
1770062400000,0.07488,0.07563,0.07453,0.0751,567270.45407925,1770076799999
1770076800000,0.07525,0.07617,0.0739,0.07606,431219.80204004,1770091199999
1770091200000,0.07605,0.07823,0.07563,0.07685,1367892.35765194,1770105599999
1770105600000,0.07686,0.07702,0.07476,0.07565,613419.43614274,1770119999999
1770120000000,0.07572,0.07597,0.07389,0.0751,436007.0163975,1770134399999
1770134400000,0.07516,0.07516,0.07037,0.07364,1253373.04934227,1770148799999
1770148800000,0.07349,0.0761,0.07239,0.07255,635060.43614423,1770163199999
1770163200000,0.07264,0.07362,0.07239,0.07319,162849.91836836,1770177599999
1770177600000,0.07348,0.07379,0.0729,0.07379,1021434.44348551,1770191999999
1770192000000,0.07361,0.07405,0.07238,0.0731,259962.22552679,1770206399999
1770206400000,0.07289,0.0731,0.07068,0.07096,595250.90704917,1770220799999
1770220800000,0.07132,0.07281,0.07,0.07264,1793402.50742909,1770235199999
1770235200000,0.07274,0.07274,0.0705,0.07164,446954.85212446,1770249599999
1770249600000,0.07151,0.07198,0.07,0.07006,833555.30935284,1770263999999
1770264000000,0.07,0.07036,0.06869,0.06878,862236.9290869,1770278399999
1770278400000,0.06889,0.06974,0.06623,0.06682,2927195.08864409,1770292799999
1770292800000,0.06679,0.06859,0.06348,0.06464,2268342.87435881,1770307199999
1770307200000,0.06442,0.06588,0.06297,0.06304,2311219.58707029,1770321599999
1770321600000,0.0632,0.06344,0.06046,0.06139,1930340.53919009,1770335999999
1770336000000,0.06151,0.06276,0.05656,0.06175,3360936.21855159,1770350399999
1770350400000,0.06166,0.0641,0.06166,0.06215,750095.30929618,1770364799999
1770364800000,0.06209,0.06416,0.06196,0.06411,940854.36016303,1770379199999
1770379200000,0.06385,0.06646,0.06379,0.06629,1074544.03777111,1770393599999
1770393600000,0.06626,0.06869,0.066,0.06717,960160.34772423,1770407999999
1770408000000,0.06716,0.06796,0.0666,0.06742,1217131.06279813,1770422399999
1770422400000,0.06719,0.06719,0.06589,0.06656,459698.06260468,1770436799999
1770436800000,0.06707,0.06718,0.06446,0.06479,431983.16908749,1770451199999
1770451200000,0.0648,0.06519,0.06422,0.06437,720735.98377852,1770465599999
1770465600000,0.06531,0.06613,0.0648,0.06537,320787.28211727,1770479999999
1770480000000,0.06553,0.06653,0.06533,0.06607,474161.98097111,1770494399999
1770494400000,0.06598,0.06619,0.06506,0.06523,114454.45404813,1770508799999
1770508800000,0.0653,0.0653,0.06465,0.0647,153603.5733831,1770523199999
1770523200000,0.06461,0.06486,0.06438,0.06472,159502.98083628,1770537599999
1770537600000,0.06464,0.06582,0.06464,0.06574,298114.01193341,1770551999999
1770552000000,0.06566,0.066,0.06519,0.06536,467335.81440735,1770566399999
1770566400000,0.0654,0.0654,0.06409,0.0653,282411.59415684,1770580799999
1770580800000,0.06489,0.0658,0.06416,0.06416,289306.11618601,1770595199999
1770595200000,0.06459,0.06519,0.06417,0.06519,322563.93391591,1770609599999
1770609600000,0.06522,0.06526,0.06408,0.06412,398402.7929701,1770623999999
1770624000000,0.064,0.06407,0.0617,0.06228,818671.68215015,1770638399999
1770638400000,0.0623,0.06307,0.06155,0.06299,832668.89174245,1770652799999
1770652800000,0.06273,0.06363,0.06258,0.06301,451187.66125817,1770667199999
1770667200000,0.0628,0.0629,0.06201,0.06274,546988.28382267,1770681599999
1770681600000,0.06287,0.06287,0.06131,0.0616,254510.53013524,1770695999999
1770696000000,0.06178,0.06239,0.06113,0.06139,647007.98813466,1770710399999
1770710400000,0.06128,0.06158,0.06093,0.06094,238041.4160029,1770724799999
1770724800000,0.06102,0.06143,0.06058,0.06143,331993.45638931,1770739199999
1770739200000,0.06106,0.0615,0.05984,0.06038,184803.14610711,1770753599999
1770753600000,0.06045,0.06085,0.06013,0.06057,201207.28032454,1770767999999
1770768000000,0.06083,0.06149,0.06083,0.06115,167791.66497213,1770782399999
1770782400000,0.06096,0.06096,0.05895,0.05921,887819.34141193,1770796799999
1770796800000,0.05911,0.05968,0.05876,0.05964,371942.92132146,1770811199999
1770811200000,0.05964,0.0614,0.0586,0.05896,304414.90225045,1770825599999
1770825600000,0.05927,0.05992,0.05891,0.05987,435334.96929704,1770839999999
1770840000000,0.05952,0.06017,0.05916,0.05958,919891.33553742,1770854399999
1770854400000,0.05969,0.06068,0.05965,0.06044,438501.69670184,1770868799999
1770868800000,0.06046,0.06091,0.05993,0.06081,127964.95795838,1770883199999
1770883200000,0.06099,0.06275,0.06088,0.06254,307105.2512019,1770897599999
1770897600000,0.06238,0.06252,0.06097,0.06098,349434.92631947,1770911999999
1770912000000,0.06089,0.0631,0.06038,0.06247,763081.01893418,1770926399999
1770926400000,0.06256,0.06313,0.06155,0.06308,620770.73937821,1770940799999
1770940800000,0.0632,0.06353,0.06224,0.06284,420806.02590991,1770955199999
1770955200000,0.06247,0.06405,0.06226,0.06312,214354.62142533,1770969599999
1770969600000,0.06313,0.06434,0.0631,0.06343,430207.32732839,1770983999999
1770984000000,0.06336,0.06449,0.06278,0.06327,417079.86391008,1770998399999
1770998400000,0.06355,0.06441,0.06344,0.06421,579552.59521957,1771012799999
1771012800000,0.06424,0.06444,0.06383,0.06383,133230.09251725,1771027199999
1771027200000,0.06378,0.06414,0.06376,0.0638,217971.1898814,1771041599999
1771041600000,0.0639,0.06394,0.06324,0.06332,540835.19878693,1771055999999
1771056000000,0.06343,0.06537,0.06334,0.06536,1084947.84453266,1771070399999
1771070400000,0.06527,0.06552,0.06459,0.0653,744955.6683494,1771084799999
1771084800000,0.06541,0.06653,0.06528,0.06649,628166.69084551,1771099199999
1771099200000,0.0662,0.06644,0.06561,0.06644,178994.13662004,1771113599999
1771113600000,0.06578,0.06594,0.06543,0.06543,47592.22569223,1771127999999
1771128000000,0.06634,0.0665,0.06579,0.06631,192695.64111035,1771142399999
1771142400000,0.06654,0.06675,0.06502,0.06509,442225.79712848,1771156799999
1771156800000,0.06517,0.06517,0.06322,0.0638,590800.21813757,1771171199999
1771171200000,0.06378,0.06378,0.06239,0.06257,179354.61249145,1771185599999
1771185600000,0.06269,0.06369,0.06266,0.06369,165766.9228435,1771199999999
1771200000000,0.06378,0.06378,0.06359,0.0637,9379.03209004,1771214399999
1771214400000,0.06362,0.06362,0.06264,0.06288,405910.99173921,1771228799999
1771228800000,0.06289,0.06328,0.06221,0.06282,481328.51856772,1771243199999
1771243200000,0.0628,0.06421,0.06232,0.06272,421087.6192632,1771257599999
1771257600000,0.06307,0.06308,0.06257,0.06308,377373.9267311,1771271999999
1771272000000,0.06289,0.06428,0.06286,0.06425,195086.71730304,1771286399999
1771286400000,0.06485,0.06485,0.0636,0.06388,228961.14344631,1771300799999
1771300800000,0.06379,0.06379,0.06321,0.06369,227561.9599035,1771315199999
1771315200000,0.06363,0.06363,0.06279,0.06291,69282.32722676,1771329599999
1771329600000,0.06314,0.06341,0.06232,0.06274,251457.49164756,1771343999999
1771344000000,0.06285,0.06337,0.06227,0.06309,97146.36589012,1771358399999
1771358400000,0.06292,0.06314,0.0627,0.06273,90218.88521859,1771372799999
1771372800000,0.0629,0.06293,0.06246,0.06293,60258.94782202,1771387199999
1771387200000,0.06295,0.06352,0.0629,0.06349,137456.00602586,1771401599999
1771401600000,0.06371,0.06374,0.06313,0.06315,231073.24473653,1771415999999
1771416000000,0.06316,0.06343,0.06221,0.06283,181419.78952804,1771430399999
1771430400000,0.0628,0.0628,0.06152,0.06186,308130.21981647,1771444799999
1771444800000,0.06188,0.06213,0.0615,0.06168,314311.26787921,1771459199999
1771459200000,0.06169,0.06179,0.06126,0.06152,64872.66336045,1771473599999
1771473600000,0.06162,0.0617,0.06132,0.06143,52173.95628292,1771487999999
1771488000000,0.06149,0.06149,0.06063,0.06073,286273.97938077,1771502399999
1771502400000,0.06082,0.06084,0.059449,0.059571,548754.72141022,1771516799999
1771516800000,0.05953,0.060058,0.058901,0.059795,198549.80165185,1771531199999
1771531200000,0.059605,0.059687,0.059036,0.059687,124326.59388654,1771545599999
1771545600000,0.05957,0.060345,0.05957,0.060326,88263.55978402,1771559999999
1771560000000,0.060162,0.060628,0.059807,0.060242,313219.79015953,1771574399999
1771574400000,0.060259,0.060365,0.059869,0.060099,523706.59869108,1771588799999
1771588800000,0.060035,0.060861,0.05884,0.06082,611111.01535757,1771603199999
1771603200000,0.061231,0.061231,0.059932,0.060514,960019.42688167,1771617599999
1771617600000,0.060692,0.060975,0.06031,0.060655,215423.44522809,1771631999999
1771632000000,0.060405,0.060882,0.060405,0.060702,231866.10966204,1771646399999
1771646400000,0.060546,0.060546,0.060005,0.060249,237582.10769505,1771660799999
1771660800000,0.06027,0.06099,0.060145,0.06056,205113.51279385,1771675199999
1771675200000,0.06059,0.061038,0.06053,0.060639,95081.62749502,1771689599999
1771689600000,0.060404,0.060474,0.059989,0.06018,166565.07021868,1771703999999
1771704000000,0.060272,0.06036,0.05984,0.05984,96992.72873745,1771718399999
1771718400000,0.059809,0.05993,0.05939,0.059541,313854.43634946,1771732799999
1771732800000,0.059447,0.059622,0.059431,0.059431,184544.2011111,1771747199999
1771747200000,0.059449,0.05989,0.059363,0.059718,186970.05169839,1771761599999
1771761600000,0.059626,0.059626,0.05828,0.058643,414731.98529449,1771775999999
1771776000000,0.058582,0.058847,0.05826,0.058325,318741.72787274,1771790399999
1771790400000,0.058298,0.058597,0.058157,0.058332,74051.81655655,1771804799999
1771804800000,0.058335,0.058335,0.056055,0.056185,460764.17430804,1771819199999
1771819200000,0.056123,0.057354,0.056052,0.057294,291089.30864143,1771833599999
1771833600000,0.057245,0.057835,0.056856,0.05783,685587.71115338,1771847999999
1771848000000,0.057934,0.058467,0.056812,0.056812,614495.69731037,1771862399999
1771862400000,0.056921,0.05707,0.055731,0.05629,572262.67808513,1771876799999
1771876800000,0.056324,0.056847,0.056095,0.056528,658827.46092287,1771891199999
1771891200000,0.056653,0.057115,0.05595,0.056602,656899.28885763,1771905599999
1771905600000,0.056073,0.056189,0.055272,0.055272,540355.03627983,1771919999999
1771920000000,0.05517,0.055528,0.05499,0.055296,946704.9879049,1771934399999
1771934400000,0.055239,0.056237,0.054996,0.055829,475805.07237042,1771948799999
1771948800000,0.055873,0.056377,0.055783,0.056009,309300.22017809,1771963199999
1771963200000,0.05604,0.056288,0.055809,0.056023,382633.84662311,1771977599999
1771977600000,0.056016,0.058184,0.055891,0.056908,733435.17996465,1771991999999
1771992000000,0.056731,0.057283,0.056618,0.057028,494437.65396294,1772006399999
1772006400000,0.057196,0.058396,0.05712,0.058396,388074.19014994,1772020799999
1772020800000,0.058559,0.060268,0.0582,0.059888,1973658.62129027,1772035199999
1772035200000,0.060129,0.061382,0.060081,0.061207,558179.00461336,1772049599999
1772049600000,0.061299,0.062147,0.059873,0.05997,511067.8425532,1772063999999
1772064000000,0.060234,0.060862,0.060052,0.060221,51102.40881353,1772078399999
1772078400000,0.060396,0.060486,0.059722,0.059815,1192291.64914531,1772092799999
1772092800000,0.059851,0.060723,0.05981,0.060055,192802.19400351,1772107199999
1772107200000,0.060066,0.060427,0.05943,0.059881,864954.18546863,1772121599999
1772121600000,0.0596,0.059955,0.058489,0.05973,971369.52878212,1772135999999
1772136000000,0.059928,0.05993,0.059334,0.059713,527310.87080898,1772150399999
1772150400000,0.059766,0.060098,0.05924,0.060098,327194.51063138,1772164799999
1772164800000,0.060163,0.060729,0.060108,0.060583,442247.9531263,1772179199999
1772179200000,0.060561,0.061129,0.058946,0.059018,2455958.72377192,1772193599999
1772193600000,0.058871,0.059067,0.058399,0.058863,398297.84193035,1772207999999
1772208000000,0.058779,0.058779,0.057924,0.057924,446857.84688738,1772222399999
1772222400000,0.058027,0.058372,0.057487,0.058368,397388.57269688,1772236799999
1772236800000,0.058422,0.058798,0.058402,0.058688,369159.47311716,1772251199999
1772251200000,0.05847,0.05849,0.055657,0.056028,772523.57908368,1772265599999
1772265600000,0.055864,0.055864,0.054238,0.054367,1103669.48885812,1772279999999
1772280000000,0.054166,0.055605,0.053621,0.05486,583418.33350232,1772294399999
1772294400000,0.0544,0.056523,0.05379,0.056419,449605.93301641,1772308799999
1772308800000,0.05612,0.058404,0.05612,0.057931,454860.53297482,1772323199999
1772323200000,0.057951,0.059368,0.057213,0.058842,377949.29059061,1772337599999
1772337600000,0.058902,0.059067,0.05832,0.059026,302710.1014685,1772351999999
1772352000000,0.059019,0.059564,0.058071,0.058377,1457345.87451378,1772366399999
1772366400000,0.058295,0.058821,0.057677,0.058494,343547.56855915,1772380799999
1772380800000,0.058266,0.058502,0.057239,0.057239,666207.51012497,1772395199999
1772395200000,0.057201,0.058148,0.056532,0.057986,425221.33891316,1772409599999
1772409600000,0.058226,0.059238,0.058226,0.059238,325600.91185917,1772423999999
1772424000000,0.059178,0.059386,0.058544,0.058666,173644.5355977,1772438399999
1772438400000,0.058656,0.058656,0.058125,0.05859,113837.85041002,1772452799999
1772452800000,0.058934,0.061012,0.058177,0.060561,295228.7774595,1772467199999
1772467200000,0.0608,0.061156,0.059039,0.059575,557959.36911571,1772481599999
1772481600000,0.059482,0.059959,0.059066,0.059066,228645.3226731,1772495999999
1772496000000,0.059223,0.059369,0.058703,0.058859,69055.21045667,1772510399999
1772510400000,0.058823,0.059385,0.058453,0.059237,314245.88728525,1772524799999
1772524800000,0.059168,0.059168,0.057454,0.057643,505039.21848924,1772539199999
1772539200000,0.05773,0.058009,0.0567,0.057744,283104.7813664,1772553599999
1772553600000,0.057707,0.058617,0.057707,0.058386,875736.19084219,1772567999999
1772568000000,0.05828,0.058698,0.057723,0.058507,237100.85009365,1772582399999
1772582400000,0.05881,0.05881,0.057746,0.057757,111039.41604876,1772596799999
1772596800000,0.057602,0.05818,0.057602,0.058164,50321.36719552,1772611199999
1772611200000,0.058325,0.059827,0.058211,0.059178,2178882.56624196,1772625599999
1772625600000,0.059071,0.061,0.058943,0.061,812214.86593312,1772639999999
1772640000000,0.061293,0.061295,0.060155,0.061083,348477.53379961,1772654399999
1772654400000,0.060961,0.060961,0.059987,0.060031,458766.2292795,1772668799999
1772668800000,0.059717,0.059721,0.0591,0.059194,15257.61382387,1772683199999
1772683200000,0.059288,0.059335,0.05831,0.058349,261059.04437702,1772697599999
1772697600000,0.058416,0.059862,0.058308,0.059429,473084.4047422,1772711999999
1772712000000,0.059361,0.059673,0.058398,0.058404,332184.38564604,1772726399999
1772726400000,0.058197,0.059094,0.057636,0.058812,335710.68246162,1772740799999
1772740800000,0.05861,0.058939,0.058107,0.058107,47040.93217961,1772755199999
1772755200000,0.058432,0.059047,0.058088,0.059047,191946.25284532,1772769599999
1772769600000,0.059518,0.060676,0.059123,0.06059,868026.67959886,1772783999999
1772784000000,0.060535,0.062,0.059042,0.059042,1359746.242798,1772798399999
1772798400000,0.059,0.059,0.057,0.057547,759565.45909807,1772812799999
1772812800000,0.057366,0.057661,0.056516,0.057202,603268.48830504,1772827199999
1772827200000,0.057301,0.057303,0.057053,0.057189,270879.11399566,1772841599999
1772841600000,0.057181,0.0575,0.05681,0.057291,100055.39431136,1772855999999
1772856000000,0.057009,0.057149,0.056644,0.056823,68685.07316385,1772870399999
1772870400000,0.056896,0.057071,0.05645,0.056855,269101.01019479,1772884799999
1772884800000,0.056795,0.056844,0.056035,0.056246,263227.30345091,1772899199999
1772899200000,0.056186,0.05649,0.055926,0.056049,203446.55396261,1772913599999
1772913600000,0.055965,0.056123,0.055434,0.055799,238725.30800465,1772927999999
1772928000000,0.056113,0.056113,0.055148,0.055334,112522.91301437,1772942399999
1772942400000,0.05501,0.055483,0.05492,0.055359,80623.17774531,1772956799999
1772956800000,0.055482,0.056406,0.05498,0.055642,903467.41252318,1772971199999
1772971200000,0.055691,0.055861,0.054669,0.054774,338140.81540028,1772985599999
1772985600000,0.054582,0.05536,0.054301,0.05536,556138.63377702,1772999999999
1773000000000,0.055121,0.05538,0.054024,0.055059,424459.33703931,1773014399999
1773014400000,0.054458,0.055068,0.054044,0.054815,211658.69725024,1773028799999
1773028800000,0.05485,0.055341,0.054056,0.054056,530401.1645243,1773043199999
1773043200000,0.054056,0.054898,0.053328,0.053386,734619.60067875,1773057599999
1773057600000,0.0533,0.054195,0.053162,0.053302,368760.49011607,1773071999999
1773072000000,0.053283,0.054705,0.052946,0.054155,928393.89303293,1773086399999
1773086400000,0.054258,0.0562,0.053972,0.055145,701118.16660772,1773100799999
1773100800000,0.055383,0.057311,0.055332,0.056723,682952.41508636,1773115199999
1773115200000,0.056414,0.056686,0.055405,0.055405,340160.92021961,1773129599999
1773129600000,0.055632,0.056729,0.055521,0.05662,290239.90674757,1773143999999
1773144000000,0.056551,0.056865,0.055356,0.056339,365842.95578036,1773158399999
1773158400000,0.056813,0.057206,0.05569,0.055845,776360.85020702,1773172799999
1773172800000,0.056104,0.05617,0.054987,0.054998,481774.46533543,1773187199999
1773187200000,0.054982,0.054982,0.053567,0.053869,338135.78529213,1773201599999
1773201600000,0.05404,0.054347,0.053471,0.05354,329360.18674848,1773215999999
1773216000000,0.0534,0.055297,0.053345,0.053664,2015080.590045,1773230399999
1773230400000,0.05379,0.054804,0.05344,0.053799,196367.22579165,1773244799999
1773244800000,0.053887,0.055083,0.053645,0.054628,389169.79984499,1773259199999
1773259200000,0.054333,0.054879,0.054204,0.054462,210236.246324,1773273599999
1773273600000,0.054901,0.054901,0.053969,0.053969,186711.75117546,1773287999999
1773288000000,0.054036,0.054581,0.053648,0.054467,281630.1367872,1773302399999
1773302400000,0.054637,0.054918,0.054238,0.054505,555709.63766542,1773316799999
1773316800000,0.054491,0.055283,0.05441,0.054816,674518.26968234,1773331199999
1773331200000,0.054641,0.055751,0.054386,0.055751,143288.48502581,1773345599999
1773345600000,0.055635,0.057307,0.055443,0.057004,555415.82210092,1773359999999
1773360000000,0.056902,0.057874,0.056876,0.057397,137934.339164,1773374399999
1773374400000,0.057766,0.0585,0.057536,0.05847,264485.28511701,1773388799999
1773388800000,0.05853,0.059043,0.058094,0.05811,346741.31371363,1773403199999
1773403200000,0.058298,0.060555,0.058298,0.059108,1822597.36950107,1773417599999
1773417600000,0.059298,0.0595,0.058429,0.058563,823799.59898784,1773431999999
1773432000000,0.0585,0.058655,0.05755,0.058179,866960.90863337,1773446399999
1773446400000,0.057982,0.058762,0.057535,0.058762,479140.95562551,1773460799999
1773460800000,0.058666,0.058964,0.057318,0.057591,574826.62679406,1773475199999
1773475200000,0.05775,0.058317,0.057582,0.058192,97862.08220303,1773489599999
1773489600000,0.057982,0.058202,0.057585,0.057893,183079.89984808,1773503999999
1773504000000,0.057891,0.058046,0.05753,0.057612,145612.60670447,1773518399999
1773518400000,0.057632,0.058317,0.05744,0.05813,214020.63261665,1773532799999
1773532800000,0.05832,0.058593,0.057823,0.058102,147611.31131571,1773547199999
1773547200000,0.058259,0.058259,0.057785,0.05797,70987.81791056,1773561599999
1773561600000,0.058135,0.059079,0.058003,0.059079,333320.6771169,1773575999999
1773576000000,0.05906,0.059151,0.05821,0.058271,238341.86606256,1773590399999
1773590400000,0.058347,0.059153,0.058124,0.05909,393578.14406299,1773604799999
1773604800000,0.05911,0.059578,0.058834,0.05931,662150.50512485,1773619199999
1773619200000,0.058922,0.059783,0.058734,0.059518,73808.77353108,1773633599999
1773633600000,0.05963,0.060457,0.059182,0.060457,822837.36311448,1773647999999
1773648000000,0.06065,0.06072,0.059459,0.059459,338283.03024396,1773662399999
1773662400000,0.059398,0.060295,0.059264,0.059654,856167.07306815,1773676799999
1773676800000,0.05965,0.061,0.059642,0.060048,1024942.58604625,1773691199999
1773691200000,0.060234,0.061188,0.060198,0.060886,1512278.89970719,1773705599999
1773705600000,0.061204,0.061204,0.059814,0.059827,350793.18028355,1773719999999
1773720000000,0.060094,0.060094,0.059427,0.05959,569084.74209326,1773734399999
1773734400000,0.059762,0.05998,0.0594,0.059779,370333.353547,1773748799999
1773748800000,0.059802,0.060034,0.059026,0.059669,429739.83447108,1773763199999
1773763200000,0.059791,0.060127,0.059506,0.059764,98974.7020174,1773777599999
1773777600000,0.059807,0.060222,0.059648,0.05985,101612.83951577,1773791999999
1773792000000,0.059694,0.060287,0.059494,0.060287,71898.36340768,1773806399999
1773806400000,0.059921,0.060361,0.059439,0.059682,103046.56019204,1773820799999
1773820800000,0.059806,0.059928,0.057872,0.057872,703972.93703806,1773835199999
1773835200000,0.05793,0.057952,0.056335,0.056634,1417385.19841564,1773849599999
1773849600000,0.0565,0.057114,0.056172,0.056801,436530.15328044,1773863999999
1773864000000,0.05657,0.057119,0.056332,0.05656,1491311.93636728,1773878399999
1773878400000,0.0565,0.056799,0.056037,0.056533,1311837.57992914,1773892799999
1773892800000,0.056532,0.056689,0.055757,0.056141,1008638.29618362,1773907199999
1773907200000,0.056205,0.056205,0.055723,0.055723,593294.29503496,1773921599999
1773921600000,0.055713,0.055815,0.05441,0.054885,516175.82056289,1773935999999
1773936000000,0.054671,0.055267,0.054562,0.054688,960619.67531552,1773950399999
1773950400000,0.05486,0.055438,0.054837,0.05538,343268.53146484,1773964799999
1773964800000,0.055329,0.055667,0.055186,0.055519,1288667.77944198,1773979199999
1773979200000,0.055503,0.055962,0.054935,0.055221,671452.38324496,1773993599999
1773993600000,0.055273,0.055747,0.054971,0.055344,783925.20122716,1774007999999
1774008000000,0.055462,0.055532,0.054586,0.054782,815551.65807044,1774022399999
1774022400000,0.054893,0.055041,0.054167,0.054535,404632.67440225,1774036799999
1774036800000,0.054608,0.055095,0.054352,0.05493,530399.80360373,1774051199999
1774051200000,0.054901,0.055147,0.05473,0.055084,299469.35495938,1774065599999
1774065600000,0.055134,0.055325,0.054692,0.054694,365034.89209216,1774079999999
1774080000000,0.054669,0.05471,0.054324,0.054545,749257.86608408,1774094399999
1774094400000,0.054587,0.054816,0.054346,0.054697,434774.19250769,1774108799999
1774108800000,0.054698,0.054701,0.054432,0.05449,417203.10072422,1774123199999
1774123200000,0.054569,0.054687,0.053337,0.053337,399285.21208203,1774137599999
1774137600000,0.053332,0.053718,0.05276,0.05357,623518.90373819,1774151999999
1774152000000,0.053642,0.053744,0.052996,0.052996,559093.72815858,1774166399999
1774166400000,0.0528,0.05286,0.051951,0.052099,692012.50689717,1774180799999
1774180800000,0.05208,0.052319,0.051686,0.052022,741814.93161348,1774195199999
1774195200000,0.0521,0.052154,0.051441,0.051792,146170.16921416,1774209599999
1774209600000,0.051991,0.051991,0.050997,0.051329,334494.75525407,1774223999999
1774224000000,0.0516,0.052187,0.051585,0.052176,120295.89019399,1774238399999
1774238400000,0.052441,0.052552,0.051136,0.051247,131258.16106975,1774252799999
1774252800000,0.051615,0.053515,0.050824,0.052652,2351001.31225211,1774267199999
1774267200000,0.052802,0.052908,0.05169,0.05169,1359848.72496263,1774281599999
1774281600000,0.051975,0.052234,0.05134,0.051762,387592.8555061,1774295999999
1774296000000,0.051649,0.052247,0.051415,0.051706,172568.68114895,1774310399999
1774310400000,0.051906,0.052049,0.051714,0.051901,24448.04466882,1774324799999
1774324800000,0.05205,0.052648,0.05178,0.052648,251920.08307149,1774339199999
1774339200000,0.052756,0.053269,0.052476,0.052637,366016.87652896,1774353599999
1774353600000,0.052385,0.052705,0.051712,0.051963,369217.06828008,1774367999999
1774368000000,0.051881,0.051881,0.051174,0.051175,251077.3535967,1774382399999
1774382400000,0.051167,0.052643,0.051167,0.052533,855672.16038837,1774396799999
1774396800000,0.052264,0.052623,0.052264,0.052591,5799.47795886,1774411199999
1774411200000,0.052478,0.053076,0.052477,0.052861,326002.00204595,1774425599999
1774425600000,0.053142,0.053344,0.052988,0.053135,288314.72930451,1774439999999
1774440000000,0.053095,0.053227,0.052375,0.052669,270489.80183405,1774454399999
1774454400000,0.052591,0.053054,0.052501,0.052826,116050.72652236,1774468799999
1774468800000,0.052795,0.053091,0.052411,0.053091,122623.97005865,1774483199999
1774483200000,0.052879,0.052969,0.052021,0.052185,40111.60177166,1774497599999
1774497600000,0.052074,0.052092,0.051308,0.051916,298490.08351343,1774511999999
1774512000000,0.051588,0.051624,0.050837,0.051163,496649.19454512,1774526399999
1774526400000,0.051092,0.051524,0.0505,0.050523,1113091.86352512,1774540799999
1774540800000,0.050532,0.050919,0.050342,0.050639,537768.03401537,1774555199999
1774555200000,0.050414,0.051324,0.050284,0.051046,448693.69167903,1774569599999
1774569600000,0.051113,0.051264,0.050446,0.050524,73365.7284341,1774583999999
1774584000000,0.050467,0.050467,0.05005,0.05026,748039.78931137,1774598399999
1774598400000,0.0503,0.050378,0.048405,0.048919,920366.17849994,1774612799999
1774612800000,0.048888,0.049023,0.04836,0.048496,1751862.45710386,1774627199999
1774627200000,0.048532,0.048532,0.047443,0.047775,2492118.75317897,1774641599999
1774641600000,0.047703,0.047856,0.047319,0.047694,639556.7661134,1774655999999
1774656000000,0.047824,0.047824,0.046697,0.04694,175818.83885525,1774670399999
1774670400000,0.047019,0.047761,0.047019,0.047761,90365.05135118,1774684799999
1774684800000,0.047848,0.047848,0.047299,0.047535,150795.8622064,1774699199999
1774699200000,0.047516,0.048131,0.047291,0.047706,325511.41393292,1774713599999
1774713600000,0.047563,0.047922,0.04751,0.047632,203651.78806322,1774727999999
1774728000000,0.047722,0.047828,0.046413,0.046413,378828.10886224,1774742399999
1774742400000,0.046628,0.046986,0.046323,0.046842,144952.64179157,1774756799999
1774756800000,0.04677,0.047079,0.046741,0.046812,16344.98327485,1774771199999
1774771200000,0.04689,0.046998,0.046434,0.046863,162237.44418071,1774785599999
1774785600000,0.046862,0.046921,0.046146,0.046327,609862.01756198,1774799999999
1774800000000,0.046327,0.046343,0.0456,0.045702,449822.73621195,1774814399999
1774814400000,0.045806,0.045836,0.044374,0.045193,532819.58097853,1774828799999
1774828800000,0.045132,0.046753,0.045027,0.046569,138098.17502125,1774843199999
1774843200000,0.046851,0.046869,0.046051,0.046759,143154.61752609,1774857599999
1774857600000,0.046766,0.046877,0.046168,0.046468,307157.66224691,1774871999999
1774872000000,0.046593,0.046828,0.046037,0.046278,101238.45433061,1774886399999
1774886400000,0.046017,0.04607,0.044341,0.044919,327273.63583908,1774900799999
1774900800000,0.045003,0.045728,0.044555,0.044555,80854.68472506,1774915199999
1774915200000,0.044786,0.045769,0.044786,0.044969,177584.80528566,1774929599999
1774929600000,0.045232,0.045232,0.044607,0.0448,258950.92762519,1774943999999
1774944000000,0.044961,0.044995,0.043716,0.043782,271059.14611773,1774958399999
1774958400000,0.043866,0.044013,0.042082,0.042227,998973.91868854,1774972799999
1774972800000,0.04227,0.043397,0.042087,0.04322,1068255.03565864,1774987199999
1774987200000,0.043471,0.043959,0.043036,0.043171,1228166.68079971,1775001599999
1775001600000,0.04308,0.044874,0.04306,0.044675,1550084.1791003,1775015999999
1775016000000,0.044548,0.049248,0.044489,0.048206,7786924.93327849,1775030399999
1775030400000,0.048198,0.049045,0.047119,0.047352,3437543.09532249,1775044799999
1775044800000,0.047306,0.048378,0.046683,0.046888,1860132.05728295,1775059199999
1775059200000,0.046619,0.047074,0.046253,0.0467,1128961.94540563,1775073599999
1775073600000,0.046658,0.047056,0.046383,0.04657,1252910.94064465,1775087999999
1775088000000,0.046763,0.046799,0.045396,0.04581,572216.74369605,1775102399999
1775102400000,0.045546,0.046147,0.045396,0.045506,967666.71777761,1775116799999
1775116800000,0.045473,0.04557,0.044904,0.044923,496985.93250309,1775131199999
1775131200000,0.044952,0.045217,0.044531,0.044799,606222.61898271,1775145599999
1775145600000,0.044813,0.044813,0.043998,0.044394,951260.62481184,1775159999999
1775160000000,0.04438,0.044715,0.044055,0.04444,1079440.03950402,1775174399999
1775174400000,0.044547,0.045418,0.044187,0.04516,1274287.12408373,1775188799999
1775188800000,0.04508,0.04662,0.04502,0.04628,2282295.27691044,1775203199999
1775203200000,0.046293,0.046992,0.046182,0.046487,2049639.87546771,1775217599999
1775217600000,0.046429,0.047595,0.046124,0.047595,3267210.50163259,1775231999999
1775232000000,0.047532,0.049,0.047245,0.047723,2403170.11846388,1775246399999
1775246400000,0.0478,0.047937,0.0471,0.04722,706618.4791427,1775260799999
1775260800000,0.047153,0.047178,0.046779,0.046831,253255.86505349,1775275199999
1775275200000,0.047296,0.047789,0.046792,0.046973,603083.17296196,1775289599999
1775289600000,0.047031,0.047184,0.04674,0.04692,1388173.85703059,1775303999999
1775304000000,0.046934,0.047048,0.046579,0.046602,401457.86213124,1775318399999
1775318400000,0.046577,0.046778,0.046241,0.046653,2221335.54545709,1775332799999
1775332800000,0.046627,0.047101,0.046527,0.047033,162995.03671783,1775347199999
1775347200000,0.046771,0.047005,0.04627,0.04627,214964.13205359,1775361599999
1775361600000,0.04626,0.046298,0.045597,0.045657,292544.22023128,1775375999999
1775376000000,0.045528,0.045731,0.045227,0.045324,470489.04810866,1775390399999
1775390400000,0.045171,0.04538,0.044869,0.045212,376417.60495753,1775404799999
1775404800000,0.045309,0.045507,0.045,0.045315,273669.11386659,1775419199999
1775419200000,0.045551,0.046762,0.04555,0.046714,55493.76519886,1775433599999
1775433600000,0.04687,0.047137,0.04684,0.04691,212629.00054709,1775447999999
1775448000000,0.046879,0.046879,0.046463,0.04662,139012.0406524,1775462399999
1775462400000,0.046702,0.047678,0.046702,0.0473,212581.41054759,1775476799999
1775476800000,0.047352,0.047589,0.047068,0.047468,328747.90538858,1775491199999
1775491200000,0.047533,0.047589,0.046821,0.046911,747243.91648962,1775505599999
1775505600000,0.046884,0.047153,0.046128,0.046128,500992.82588787,1775519999999
1775520000000,0.046266,0.046477,0.046063,0.046172,22215.11565103,1775534399999
1775534400000,0.046099,0.046106,0.045583,0.045737,393530.15122527,1775548799999
1775548800000,0.045688,0.045805,0.045111,0.045142,234146.66087659,1775563199999
1775563200000,0.045269,0.0456,0.045085,0.045411,525166.51462903,1775577599999
1775577600000,0.045443,0.046709,0.045341,0.046627,2322380.43123843,1775591999999
1775592000000,0.046659,0.048404,0.046621,0.04832,958808.19435756,1775606399999
1775606400000,0.048301,0.048784,0.048098,0.048751,292008.40293221,1775620799999
1775620800000,0.048688,0.049289,0.048498,0.049203,696359.09708071,1775635199999
1775635200000,0.04917,0.049769,0.049,0.049713,440946.11039679,1775649599999
1775649600000,0.049767,0.049767,0.047962,0.048528,641820.69553614,1775663999999
1775664000000,0.048609,0.048962,0.04763,0.047704,1352940.98139296,1775678399999
1775678400000,0.047969,0.048223,0.047148,0.047148,745806.04786896,1775692799999
1775692800000,0.047102,0.047152,0.046655,0.047089,479057.64263588,1775707199999
1775707200000,0.04697,0.047496,0.046966,0.047306,628541.27310765,1775721599999
1775721600000,0.047346,0.047434,0.046772,0.046772,138733.72783402,1775735999999
1775736000000,0.046719,0.048096,0.046658,0.048096,504472.55128839,1775750399999
1775750400000,0.048146,0.048193,0.047554,0.047697,610209.07839879,1775764799999
1775764800000,0.047981,0.04855,0.047674,0.048053,165946.13762232,1775779199999
1775779200000,0.048105,0.049584,0.048091,0.048499,1138237.44382962,1775793599999
1775793600000,0.048351,0.048982,0.048173,0.048486,351662.8214243,1775807999999
1775808000000,0.048444,0.048764,0.047679,0.047771,280744.65369087,1775822399999
1775822400000,0.047743,0.048747,0.047743,0.048568,807827.4036155,1775836799999
1775836800000,0.048717,0.04885,0.048144,0.04885,312710.33364014,1775851199999
1775851200000,0.048813,0.048831,0.048157,0.048157,121647.42605034,1775865599999
1775865600000,0.048078,0.048374,0.047708,0.047775,438714.31073922,1775879999999
1775880000000,0.047777,0.047843,0.047208,0.04751,62940.72433535,1775894399999
1775894400000,0.04751,0.04759,0.047269,0.047564,91501.90890028,1775908799999
1775908800000,0.047534,0.047773,0.047282,0.047746,84580.60436467,1775923199999
1775923200000,0.04765,0.048869,0.04765,0.048758,320547.94755061,1775937599999
1775937600000,0.048603,0.048652,0.047601,0.047835,1063199.6965664,1775951999999
1775952000000,0.047792,0.048067,0.046366,0.046568,253427.7691711,1775966399999
1775966400000,0.046565,0.04658,0.046102,0.046221,844658.72395926,1775980799999
1775980800000,0.046384,0.046473,0.04603,0.046306,211602.88413497,1775995199999
1775995200000,0.046312,0.0466,0.045725,0.045875,310221.01157729,1776009599999
1776009600000,0.045853,0.046369,0.045679,0.046126,213061.22734479,1776023999999
1776024000000,0.046047,0.046424,0.045764,0.04582,304571.93853165,1776038399999
1776038400000,0.045788,0.046233,0.045788,0.04614,385154.22131057,1776052799999
1776052800000,0.045992,0.046836,0.045991,0.04633,748817.44496551,1776067199999
1776067200000,0.046559,0.046844,0.046049,0.046844,1339764.87165167,1776081599999
1776081600000,0.046771,0.047258,0.046549,0.046657,737109.36082144,1776095999999
1776096000000,0.046567,0.047123,0.046517,0.047106,2341508.79983307,1776110399999
1776110400000,0.047041,0.048257,0.046519,0.048099,2689164.09786775,1776124799999
1776124800000,0.048081,0.048081,0.047367,0.04738,1630001.44677449,1776139199999
1776139200000,0.047362,0.047416,0.047112,0.047121,583219.67153823,1776153599999
1776153600000,0.047232,0.047408,0.04672,0.046749,601952.58833136,1776167999999
1776168000000,0.046822,0.047451,0.046714,0.04692,289017.40031351,1776182399999
1776182400000,0.047005,0.047033,0.045896,0.046212,1187180.75936166,1776196799999
1776196800000,0.046397,0.046415,0.046053,0.046163,340833.31255891,1776211199999
1776211200000,0.046253,0.046396,0.046,0.046,366653.36164101,1776225599999
1776225600000,0.046144,0.046457,0.045627,0.04574,408728.64347755,1776239999999
1776240000000,0.045884,0.046169,0.045569,0.04606,616407.07803989,1776254399999
1776254400000,0.046067,0.046306,0.045757,0.046135,177515.15198058,1776268799999
1776268800000,0.046277,0.047397,0.046277,0.047397,158933.07236609,1776283199999
1776283200000,0.047617,0.0479,0.047257,0.047412,437058.67936979,1776297599999
1776297600000,0.047196,0.047776,0.047196,0.047728,27123.71682162,1776311999999
1776312000000,0.047784,0.0485,0.047784,0.048496,308266.59655871,1776326399999
1776326400000,0.048353,0.048424,0.04797,0.048229,293577.74971702,1776340799999
1776340800000,0.048421,0.049104,0.047749,0.049,580915.47529501,1776355199999
1776355200000,0.049111,0.05029,0.048627,0.05029,1279639.52942267,1776369599999
1776369600000,0.050305,0.050351,0.049446,0.049987,728411.74517585,1776383999999
1776384000000,0.049742,0.049773,0.04915,0.04915,67095.5007258,1776398399999
1776398400000,0.04908,0.049268,0.048432,0.049136,668794.46665561,1776412799999
1776412800000,0.049235,0.04965,0.048912,0.049443,597051.02356099,1776427199999
1776427200000,0.049316,0.051049,0.049315,0.050529,732350.04179705,1776441599999
1776441600000,0.050813,0.050993,0.050072,0.050567,413983.88945208,1776455999999
1776456000000,0.050483,0.050483,0.05,0.05,262959.55512996,1776470399999
1776470400000,0.0495,0.049525,0.049364,0.049391,38895.14473507,1776484799999
1776484800000,0.049192,0.049738,0.049192,0.049578,431935.38675086,1776499199999
1776499200000,0.049448,0.049469,0.047805,0.047944,533462.48235162,1776513599999
1776513600000,0.0481,0.048233,0.047823,0.048189,277386.52034391,1776527999999
1776528000000,0.048025,0.048242,0.04752,0.047618,507637.31936626,1776542399999
1776542400000,0.047631,0.047906,0.047631,0.047648,167148.84589517,1776556799999
1776556800000,0.047574,0.047574,0.047091,0.047242,111161.85621208,1776571199999
1776571200000,0.047165,0.047277,0.046844,0.047008,227711.90174501,1776585599999
1776585600000,0.046992,0.047247,0.046766,0.047161,245286.16376484,1776599999999
1776600000000,0.047201,0.047772,0.047201,0.047446,170854.9119152,1776614399999
1776614400000,0.047241,0.047333,0.04675,0.047307,167602.27875507,1776628799999
1776628800000,0.046993,0.047097,0.046043,0.0461,234947.73517146,1776643199999
1776643200000,0.046243,0.046789,0.046241,0.046788,103772.34329153,1776657599999
1776657600000,0.046736,0.047146,0.046353,0.046843,208577.55528056,1776671999999
1776672000000,0.046929,0.047228,0.04674,0.046988,144273.69644301,1776686399999
1776686400000,0.047313,0.04748,0.046929,0.047251,112255.47564856,1776700799999
1776700800000,0.047192,0.048098,0.047179,0.047649,123688.04548967,1776715199999
1776715200000,0.047796,0.047989,0.047472,0.047472,294156.4527858,1776729599999
1776729600000,0.04745,0.047637,0.04735,0.047403,40281.07916927,1776743999999
1776744000000,0.047374,0.047813,0.047373,0.047736,88283.54330508,1776758399999
1776758400000,0.047663,0.048271,0.047662,0.04821,129053.40404062,1776772799999
1776772800000,0.048163,0.048239,0.047664,0.048239,311689.61195224,1776787199999
1776787200000,0.04809,0.04809,0.047586,0.047586,895098.07868192,1776801599999
1776801600000,0.047786,0.049,0.047786,0.049,776236.89351155,1776815999999
1776816000000,0.04915,0.051523,0.048773,0.051522,676661.72484332,1776830399999
1776830400000,0.051955,0.0546,0.051726,0.05196,4392018.86702181,1776844799999
1776844800000,0.051802,0.053205,0.051735,0.052363,8444705.39788424,1776859199999
1776859200000,0.052554,0.053499,0.052156,0.053499,1134408.93496783,1776873599999
1776873600000,0.053569,0.054285,0.052867,0.053004,1841605.46247537,1776887999999
1776888000000,0.05305,0.053056,0.05224,0.052262,850380.08716017,1776902399999
1776902400000,0.05229,0.053004,0.051549,0.051836,4343132.41746075,1776916799999
1776916800000,0.051793,0.052609,0.051766,0.052601,1653848.85384133,1776931199999
1776931200000,0.05254,0.052863,0.051653,0.051811,2288260.66158961,1776945599999
1776945600000,0.051861,0.052961,0.0516,0.052607,1402382.3245567,1776959999999
1776960000000,0.05251,0.052737,0.051835,0.051931,2334532.18357614,1776974399999
1776974400000,0.051997,0.053408,0.051991,0.053129,1244025.63704877,1776988799999
1776988800000,0.053171,0.05394,0.052698,0.052825,2699062.99060358,1777003199999
1777003200000,0.053035,0.053432,0.052759,0.053413,1849244.34330202,1777017599999
1777017600000,0.053367,0.054042,0.053078,0.053494,1224409.73591479,1777031999999
1777032000000,0.053514,0.05387,0.052758,0.05302,556719.20704903,1777046399999
1777046400000,0.053204,0.053219,0.05259,0.052777,614004.10652212,1777060799999
1777060800000,0.052935,0.052952,0.052216,0.052412,793445.68949697,1777075199999
1777075200000,0.052397,0.053389,0.052122,0.053389,1183741.15139094,1777089599999
1777089600000,0.053384,0.053412,0.052787,0.053169,753183.80606431,1777103999999
1777104000000,0.053307,0.054148,0.052799,0.052961,4949929.34776771,1777118399999
1777118400000,0.052948,0.052977,0.052295,0.052295,1158302.08003023,1777132799999
1777132800000,0.052347,0.052347,0.051486,0.051486,911881.42301929,1777147199999
1777147200000,0.051667,0.051946,0.051509,0.051914,2325833.08935,1777161599999
1777161600000,0.051736,0.051736,0.051092,0.051268,1958385.20826815,1777175999999
1777176000000,0.050967,0.051984,0.050757,0.051919,408411.26155892,1777190399999
1777190400000,0.051922,0.053594,0.051779,0.053544,1205409.00252251,1777204799999
1777204800000,0.053535,0.054835,0.052549,0.054476,4144484.42056962,1777219199999
1777219200000,0.05447,0.05523,0.05346,0.05353,3019003.2428712,1777233599999
1777233600000,0.05351,0.053927,0.05291,0.053381,1954782.72518869,1777247999999
1777248000000,0.053336,0.054283,0.052951,0.05389,711710.01863808,1777262399999
1777262400000,0.053675,0.053814,0.051575,0.051575,1226261.17928864,1777276799999
1777276800000,0.051436,0.051672,0.05125,0.051623,923409.37610178,1777291199999
1777291200000,0.051676,0.052104,0.050805,0.05099,1501462.90090712,1777305599999
1777305600000,0.05095,0.051402,0.050661,0.050889,1167488.64160276,1777319999999
1777320000000,0.05105,0.051755,0.050852,0.051752,686591.35999018,1777334399999
1777334400000,0.051596,0.05162,0.050708,0.051164,598222.25208962,1777348799999
1777348800000,0.051174,0.051275,0.050551,0.050874,310032.97309279,1777363199999
1777363200000,0.050894,0.051379,0.050831,0.050831,782297.11134497,1777377599999
1777377600000,0.050909,0.051153,0.050238,0.050397,1452835.3858079,1777391999999
1777392000000,0.050378,0.050863,0.050366,0.050785,521056.98405007,1777406399999
1777406400000,0.050773,0.05086,0.050351,0.050573,536599.59313257,1777420799999
1777420800000,0.050543,0.050892,0.05026,0.050856,335368.37900967,1777435199999
1777435200000,0.050872,0.051318,0.050766,0.050766,1089890.75289391,1777449599999
1777449600000,0.05076,0.05142,0.05059,0.050723,1843367.85407794,1777463999999
1777464000000,0.050728,0.050728,0.049388,0.049473,1772168.55623231,1777478399999
1777478400000,0.049431,0.04954,0.048443,0.048842,1703501.97554936,1777492799999
1777492800000,0.048928,0.049611,0.048928,0.049444,329148.85377665,1777507199999
1777507200000,0.04971,0.049992,0.049297,0.049642,816865.82249731,1777521599999
1777521600000,0.049484,0.049556,0.049052,0.049284,579107.50802419,1777535999999
1777536000000,0.049361,0.049384,0.04896,0.049029,779507.23244316,1777550399999
1777550400000,0.049117,0.04923,0.048383,0.048682,975737.65161835,1777564799999
1777564800000,0.048701,0.048845,0.04851,0.048836,495256.83122282,1777579199999
1777579200000,0.048714,0.048796,0.048601,0.048619,610998.99869896,1777593599999
1777593600000,0.04885,0.049228,0.04885,0.049055,77654.9198852,1777607999999
1777608000000,0.049349,0.049443,0.048962,0.049177,456069.81317042,1777622399999
1777622400000,0.049168,0.049299,0.048661,0.048744,343796.14487864,1777636799999
1777636800000,0.048891,0.049556,0.048865,0.04918,530054.1817812,1777651199999
1777651200000,0.049377,0.049522,0.049144,0.049522,364829.81833465,1777665599999
1777665600000,0.049452,0.049473,0.049261,0.049345,89365.87455114,1777679999999
1777680000000,0.049441,0.049444,0.049297,0.049444,59653.79669327,1777694399999
1777694400000,0.049445,0.049523,0.049038,0.049154,447932.02236232,1777708799999
1777708800000,0.0492,0.049699,0.049174,0.049362,472660.10792933,1777723199999
1777723200000,0.049409,0.050012,0.049336,0.050012,527636.51969967,1777737599999
1777737600000,0.050044,0.050344,0.04983,0.050344,338418.83091838,1777751999999
1777752000000,0.050304,0.05079,0.050222,0.050459,789409.01641196,1777766399999
1777766400000,0.050494,0.050494,0.049398,0.049477,995500.59885261,1777780799999
1777780800000,0.049461,0.0496,0.049266,0.049528,209365.72109006,1777795199999
1777795200000,0.049597,0.049768,0.049321,0.049699,243428.61801922,1777809599999
1777809600000,0.049802,0.05003,0.049635,0.04976,837298.43918421,1777823999999
1777824000000,0.049731,0.049894,0.049595,0.04987,507754.49898714,1777838399999
1777838400000,0.04982,0.050266,0.049545,0.049934,636170.10603647,1777852799999
1777852800000,0.049901,0.05132,0.049649,0.050946,1448670.38622747,1777867199999
1777867200000,0.05133,0.051377,0.050712,0.050712,564547.41563332,1777881599999
1777881600000,0.050593,0.051156,0.049756,0.050213,744238.6539701,1777895999999
1777896000000,0.050266,0.05112,0.049881,0.050492,1667544.86695394,1777910399999
1777910400000,0.05057,0.050873,0.050245,0.050352,766039.84014546,1777924799999
1777924800000,0.050236,0.050447,0.049912,0.050066,1032437.44088347,1777939199999
1777939200000,0.050214,0.050793,0.050214,0.050784,25286.40613445,1777953599999
1777953600000,0.050689,0.051102,0.050565,0.050842,715381.36114496,1777967999999
1777968000000,0.050924,0.051441,0.050776,0.051146,859674.78893386,1777982399999
1777982400000,0.051105,0.051449,0.050798,0.050913,1448199.53160314,1777996799999
1777996800000,0.050947,0.050991,0.050484,0.0508,91681.99292216,1778011199999
1778011200000,0.051107,0.051454,0.050706,0.0508,955074.68176669,1778025599999
1778025600000,0.050971,0.051735,0.050734,0.051735,797334.79116653,1778039999999
1778040000000,0.051691,0.052008,0.051141,0.051814,855668.08525588,1778054399999
1778054400000,0.051923,0.05277,0.051923,0.052679,2287111.83202721,1778068799999
1778068800000,0.052773,0.052773,0.05108,0.052223,753401.59986911,1778083199999
1778083200000,0.052437,0.052482,0.051742,0.052206,282859.42221024,1778097599999
1778097600000,0.052267,0.052701,0.051984,0.052371,547933.11964865,1778111999999
1778112000000,0.052425,0.052473,0.050996,0.051287,871571.62941127,1778126399999
1778126400000,0.051173,0.052632,0.05108,0.052543,1744413.83782541,1778140799999
1778140800000,0.052617,0.052624,0.051701,0.052053,879657.35734629,1778155199999
1778155200000,0.05212,0.052864,0.050973,0.051294,1383382.35881796,1778169599999
1778169600000,0.051184,0.052076,0.051166,0.051692,733272.39109188,1778183999999
1778184000000,0.051755,0.051985,0.051309,0.051761,647618.40132074,1778198399999
1778198400000,0.051679,0.052105,0.051518,0.052059,105532.08616127,1778212799999
1778212800000,0.05221,0.052511,0.051809,0.052419,297557.20877784,1778227199999
1778227200000,0.052457,0.053125,0.052433,0.053087,1592241.86050245,1778241599999
1778241600000,0.053096,0.053533,0.051799,0.053533,1148582.7428664,1778255999999
1778256000000,0.053713,0.055138,0.053641,0.054698,2993618.98151499,1778270399999
1778270400000,0.054772,0.056179,0.054726,0.055475,3047632.84540223,1778284799999
1778284800000,0.055581,0.058206,0.055446,0.058194,3838673.86204715,1778299199999
1778299200000,0.058322,0.058696,0.05669,0.056925,3950459.03431791,1778313599999
1778313600000,0.056921,0.057534,0.056154,0.056814,1915980.61462774,1778327999999
1778328000000,0.05693,0.057763,0.056464,0.057763,621042.38273697,1778342399999
1778342400000,0.057662,0.05944,0.057441,0.058199,2188153.74889441,1778356799999
1778356800000,0.058355,0.060422,0.058056,0.059798,1990564.46177799,1778371199999
1778371200000,0.059823,0.059826,0.057961,0.058748,2348135.97667549,1778385599999
1778385600000,0.058697,0.05877,0.057545,0.057647,1366742.44416148,1778399999999
1778400000000,0.057645,0.058815,0.057584,0.058202,3142132.2274779,1778414399999
1778414400000,0.058042,0.059834,0.057807,0.059816,2789683.11162152,1778428799999
1778428800000,0.059793,0.068317,0.059573,0.065454,2.167815180884648E7,1778443199999
1778443200000,0.065568,0.0668,0.063346,0.064391,1.409514866468184E7,1778457599999
1778457600000,0.064492,0.064583,0.061931,0.062507,3148307.95266827,1778471999999
1778472000000,0.062462,0.06578,0.061992,0.063538,5001714.20555512,1778486399999
1778486400000,0.06366,0.064189,0.062896,0.064162,5666005.66875249,1778500799999
1778500800000,0.064236,0.065199,0.062222,0.063696,1.294022641634062E7,1778515199999
1778515200000,0.063849,0.06465,0.062944,0.063641,5486580.54524695,1778529599999
1778529600000,0.063804,0.065079,0.063253,0.064564,4668119.10456763,1778543999999
1778544000000,0.064332,0.065567,0.062219,0.062591,4387727.26124972,1778558399999
1778558400000,0.062599,0.063507,0.061559,0.061634,5183786.64952721,1778572799999
1778572800000,0.061702,0.061727,0.060387,0.06082,5605906.95726724,1778587199999
1778587200000,0.060855,0.061459,0.058988,0.059234,6232389.86004008,1778601599999
1778601600000,0.059299,0.06011,0.058713,0.059914,2728491.1142791,1778615999999
1778616000000,0.05992,0.060211,0.059142,0.059245,1862320.74382317,1778630399999
1778630400000,0.059154,0.06023,0.059065,0.060098,1233395.4267931,1778644799999
1778644800000,0.0602,0.060618,0.059513,0.060337,1501794.29683089,1778659199999
1778659200000,0.060469,0.06064,0.059036,0.059036,2411098.28532855,1778673599999
1778673600000,0.059045,0.059045,0.056341,0.056468,5585479.38816832,1778687999999
1778688000000,0.056619,0.057446,0.0564,0.057156,1004027.02654482,1778702399999
1778702400000,0.0572,0.057503,0.05678,0.056979,318043.29602221,1778716799999
1778716800000,0.057242,0.057337,0.056112,0.056161,1888333.68939667,1778731199999
1778731200000,0.056248,0.057051,0.056248,0.056782,576573.42025787,1778745599999
1778745600000,0.056573,0.056918,0.056099,0.056107,1831908.61805815,1778759999999
1778760000000,0.056208,0.057882,0.056179,0.057773,3121883.23089002,1778774399999
1778774400000,0.057772,0.058583,0.057254,0.057981,4359512.0377612,1778788799999
1778788800000,0.058055,0.058055,0.057375,0.057475,1581757.70840639,1778803199999
1778803200000,0.057767,0.057915,0.057176,0.057686,2158496.66168353,1778817599999
1778817600000,0.057494,0.057602,0.056565,0.057093,4893033.96065103,1778831999999
1778832000000,0.057079,0.057097,0.056442,0.056644,1936051.81781057,1778846399999
1778846400000,0.056472,0.05679,0.054402,0.054584,7405443.56725475,1778860799999
1778860800000,0.054621,0.055197,0.054361,0.05494,3807314.01044014,1778875199999
1778875200000,0.054816,0.054995,0.054631,0.054686,2046997.00241016,1778889599999
1778889600000,0.054777,0.054916,0.054461,0.054604,1176952.60637187,1778903999999
1778904000000,0.054551,0.054554,0.052918,0.053417,4139819.22853896,1778918399999
1778918400000,0.053466,0.053604,0.0525,0.053139,3964344.90196894,1778932799999
1778932800000,0.053147,0.053883,0.053052,0.053797,2257586.88740219,1778947199999
1778947200000,0.053927,0.054121,0.053677,0.053927,1360830.60384201,1778961599999
1778961600000,0.053753,0.054092,0.053693,0.05397,1013718.95047417,1778975999999
1778976000000,0.053907,0.054071,0.053367,0.053847,1073461.0756889,1778990399999
1778990400000,0.054193,0.05467,0.054115,0.054596,2252274.39733458,1779004799999
1779004800000,0.0546,0.054792,0.054271,0.054314,3849046.72722384,1779019199999
1779019200000,0.054416,0.054544,0.053691,0.053772,910713.11687698,1779033599999
1779033600000,0.053884,0.053923,0.053474,0.053855,1101993.01990147,1779047999999
1779048000000,0.053775,0.05393,0.05163,0.052729,5148909.88246436,1779062399999
1779062400000,0.05256,0.052914,0.052226,0.052329,2574971.42819984,1779076799999
1779076800000,0.052455,0.052455,0.051568,0.05181,3760989.63593618,1779091199999
1779091200000,0.051879,0.052176,0.051375,0.051956,3918402.22980853,1779105599999
1779105600000,0.051886,0.052356,0.05106,0.051474,4618657.91996998,1779119999999
1779120000000,0.05135,0.052159,0.051175,0.052144,5252096.66068358,1779134399999
1779134400000,0.052081,0.052768,0.051882,0.052646,2822011.45308506,1779148799999
1779148800000,0.05272,0.052945,0.052239,0.052516,1659861.85816941,1779163199999
1779163200000,0.052647,0.052695,0.052193,0.05268,491925.86656965,1779177599999
1779177600000,0.052476,0.052599,0.051835,0.05188,541112.9258814,1779191999999
1779192000000,0.052047,0.05236,0.051663,0.051867,671957.9956023,1779206399999
1779206400000,0.051851,0.052172,0.051687,0.051687,615245.11231224,1779220799999
1779220800000,0.051731,0.051862,0.051287,0.051505,526639.91479055,1779235199999
1779235200000,0.051512,0.051758,0.051256,0.051758,384128.99519777,1779249599999
1779249600000,0.051776,0.052411,0.051634,0.052255,664976.70188597,1779263999999
1779264000000,0.052274,0.052611,0.052177,0.052177,1065502.66702972,1779278399999
1779278400000,0.052315,0.052875,0.052048,0.052659,2288552.91528858,1779292799999
1779292800000,0.052779,0.053033,0.052417,0.052786,1740873.85467833,1779307199999
1779307200000,0.052626,0.053024,0.052336,0.052568,417660.13948819,1779321599999
1779321600000,0.05273,0.053694,0.05273,0.053659,1989826.23795927,1779335999999
1779336000000,0.053806,0.05385,0.053138,0.05349,3242717.95423183,1779350399999
1779350400000,0.053515,0.053959,0.05262,0.052796,4583034.63751002,1779364799999
1779364800000,0.052808,0.053828,0.052683,0.05351,2791271.25805347,1779379199999
1779379200000,0.053615,0.054798,0.053273,0.054798,4236745.93363625,1779393599999
1779393600000,0.054776,0.055459,0.054438,0.054641,4086661.8308123,1779407999999
1779408000000,0.054645,0.054887,0.054076,0.054883,1757123.32601099,1779422399999
1779422400000,0.054883,0.055205,0.054343,0.05492,3287264.78970119,1779436799999
1779436800000,0.054965,0.055788,0.054936,0.055788,2181112.79543311,1779451199999
1779451200000,0.055681,0.056138,0.054497,0.054914,1773547.74303194,1779465599999
1779465600000,0.054805,0.055219,0.052602,0.052973,4499981.3093903,1779479999999
1779480000000,0.053074,0.053473,0.052121,0.052338,4415859.86059319,1779494399999
1779494400000,0.052302,0.052661,0.052,0.052661,2081261.82922827,1779508799999
1779508800000,0.052503,0.052546,0.050107,0.050584,6877049.87699342,1779523199999
1779523200000,0.050626,0.050975,0.05021,0.050759,2937327.88764698,1779537599999
1779537600000,0.050644,0.052142,0.050587,0.052085,3236067.68638207,1779551999999
1779552000000,0.052169,0.053042,0.052102,0.052846,3114708.8082698,1779566399999
1779566400000,0.05288,0.054358,0.052748,0.053146,4624055.01976487,1779580799999
1779580800000,0.053022,0.053492,0.052903,0.05298,2111033.32955937,1779595199999
1779595200000,0.053136,0.053208,0.052659,0.052951,758240.4893535,1779609599999
1779609600000,0.052964,0.053507,0.052883,0.053163,1364226.42204448,1779623999999
1779624000000,0.053128,0.053154,0.0518,0.052233,2339730.59739132,1779638399999
1779638400000,0.052253,0.052641,0.05221,0.052224,1624196.68677335,1779652799999
1779652800000,0.052178,0.052313,0.051215,0.052295,3106552.65080334,1779667199999
1779667200000,0.052386,0.052483,0.052055,0.052196,195649.49869825,1779681599999
1779681600000,0.052537,0.05345,0.052537,0.053286,671079.80935806,1779695999999
1779696000000,0.053342,0.053419,0.052938,0.052941,1497993.8524161,1779710399999
1779710400000,0.052828,0.053887,0.052828,0.05355,1889243.67071232,1779724799999
1779724800000,0.053701,0.054135,0.053481,0.053614,1986227.03740193,1779739199999
1779739200000,0.053646,0.053777,0.052994,0.0532,1132067.80750412,1779753599999
1779753600000,0.053064,0.053085,0.052312,0.05302,1763041.40302281,1779767999999
1779768000000,0.053317,0.05501,0.053316,0.05484,1815199.01860474,1779782399999
1779782400000,0.054842,0.055734,0.054147,0.055604,2233292.54807597,1779796799999
1779796800000,0.055591,0.05735,0.05524,0.056663,4241166.00235732,1779811199999
1779811200000,0.056705,0.056802,0.054824,0.056205,7063994.64187677,1779825599999
1779825600000,0.056265,0.057218,0.055938,0.056534,5620927.75065295,1779839999999
1779840000000,0.057009,0.059,0.056789,0.05784,9938147.07021467,1779854399999
1779854400000,0.058092,0.062264,0.057506,0.0622,1.47772658739263E7,1779868799999
1779868800000,0.062219,0.062729,0.060316,0.061927,9414485.39598023,1779883199999
1779883200000,0.061933,0.061989,0.058529,0.059834,1.025688473331313E7,1779897599999
1779897600000,0.059929,0.060438,0.058255,0.059616,7997253.18497467,1779911999999
1779912000000,0.059519,0.059737,0.056789,0.056818,7255916.40551132,1779926399999
1779926400000,0.056774,0.059742,0.056736,0.058199,1.498369006996653E7,1779940799999
1779940800000,0.058298,0.059401,0.05678,0.059016,9957721.30378359,1779955199999
1779955200000,0.059171,0.059452,0.057197,0.058505,7310267.82686479,1779969599999
1779969600000,0.058594,0.059433,0.057247,0.058849,9541419.92939737,1779983999999
1779984000000,0.058753,0.061061,0.058145,0.059684,1.102918941432065E7,1779998399999
1779998400000,0.059727,0.060137,0.058139,0.058266,7049365.55932472,1780012799999
1780012800000,0.058485,0.058597,0.056169,0.056608,7912187.90093218,1780027199999
1780027200000,0.056681,0.05767,0.056207,0.057042,6602206.54427474,1780041599999
1780041600000,0.057276,0.058811,0.056635,0.056779,7045518.57252292,1780055999999
1780056000000,0.056817,0.056817,0.053892,0.056331,1.41510445402832E7,1780070399999
1780070400000,0.056337,0.057817,0.055585,0.055984,7462020.20427316,1780084799999
1780084800000,0.055971,0.056655,0.05555,0.056597,3173208.83907034,1780099199999
1780099200000,0.0566,0.059332,0.056566,0.057838,6130993.01370228,1780113599999
1780113600000,0.057967,0.057967,0.055629,0.055728,8360666.24053096,1780127999999
1780128000000,0.055739,0.056553,0.0554,0.05628,4591486.5794005,1780142399999
1780142400000,0.056431,0.058417,0.056278,0.057517,6324932.67505593,1780156799999
1780156800000,0.057269,0.058371,0.056965,0.057562,3695402.00105873,1780171199999
1780171200000,0.057652,0.057877,0.056538,0.056774,1748382.43631783,1780185599999
1780185600000,0.056949,0.056949,0.05621,0.05669,1638869.62171221,1780199999999
1780200000000,0.056821,0.058485,0.056615,0.056672,2854269.79008432,1780214399999
1780214400000,0.056859,0.058807,0.056453,0.058335,3363842.07658425,1780228799999
1780228800000,0.058433,0.059362,0.056514,0.05666,2369276.65547664,1780243199999
1780243200000,0.056726,0.056811,0.055914,0.056512,963217.66280306,1780257599999
1780257600000,0.056512,0.059181,0.056499,0.058412,1522551.03041699,1780271999999
1780272000000,0.058326,0.059334,0.057521,0.058577,829380.13303707,1780286399999
1780286400000,0.058642,0.058807,0.056635,0.056707,4005632.49532632,1780300799999
1780300800000,0.056621,0.058185,0.056414,0.057122,2350518.03105382,1780315199999
1780315200000,0.057235,0.057919,0.05635,0.057762,6684836.04952595,1780329599999
1780329600000,0.057774,0.061074,0.057345,0.061052,7275280.4051421,1780343999999
1780344000000,0.0613,0.061829,0.059774,0.061703,5634682.74652614,1780358399999
1780358400000,0.06173,0.061774,0.059345,0.060714,3161276.85326883,1780372799999
1780372800000,0.060748,0.060853,0.058306,0.058467,6528824.05160156,1780387199999
1780387200000,0.058525,0.05869,0.057181,0.058404,8100268.09193187,1780401599999
1780401600000,0.058383,0.059309,0.055464,0.055906,1.256520183008623E7,1780415999999
1780416000000,0.055734,0.057203,0.054587,0.055731,6885760.74500599,1780430399999
1780430400000,0.055772,0.056626,0.05321,0.053725,6713043.42250913,1780444799999
1780444800000,0.053764,0.054106,0.052655,0.052953,2432000.52025611,1780459199999
1780459200000,0.052855,0.055543,0.052855,0.05538,4579670.61063966,1780473599999
1780473600000,0.055335,0.055548,0.0544,0.055218,2165531.57999989,1780487999999
1780488000000,0.055212,0.056103,0.054021,0.054105,2706100.67434637,1780502399999
1780502400000,0.054031,0.05419,0.052402,0.052649,4535300.30620863,1780516799999
1780516800000,0.052654,0.052809,0.051108,0.0512,8731300.90821201,1780531199999
1780531200000,0.051376,0.051649,0.04674,0.048879,1.637330050370642E7,1780545599999
1780545600000,0.04884,0.049194,0.046646,0.046728,1.152997369652523E7,1780559999999
1780560000000,0.04673,0.047034,0.045125,0.045925,9987035.3377247,1780574399999
1780574400000,0.045977,0.046991,0.0455,0.046386,6146917.23691616,1780588799999
1780588800000,0.046342,0.046342,0.045115,0.045348,5719732.05515764,1780603199999
1780603200000,0.045133,0.045355,0.044453,0.044945,6098647.45808813,1780617599999
1780617600000,0.04495,0.04544,0.043922,0.044152,4209821.84673744,1780631999999
1780632000000,0.044007,0.044733,0.042319,0.043413,5324886.53689313,1780646399999
1780646400000,0.043417,0.043549,0.041944,0.042126,5652402.80503824,1780660799999
1780660800000,0.042042,0.042836,0.040257,0.040724,7542679.64485755,1780675199999
1780675200000,0.040586,0.041566,0.039128,0.040651,3948949.32619525,1780689599999
1780689600000,0.040612,0.042099,0.040256,0.040873,1825149.32432233,1780703999999
1780704000000,0.041143,0.04168,0.040709,0.040728,423038.45463162,1780718399999
1780718400000,0.040743,0.041029,0.038658,0.041029,2823210.47789368,1780732799999
1780732800000,0.041025,0.042304,0.040231,0.040799,3982710.21143408,1780747199999
1780747200000,0.040691,0.041366,0.040469,0.041126,3063122.45490355,1780761599999
1780761600000,0.041119,0.041515,0.040405,0.040443,2972011.35436494,1780775999999
1780776000000,0.040417,0.040879,0.040378,0.040827,1634311.54929671,1780790399999
1780790400000,0.040857,0.042341,0.04062,0.042127,4248329.01562276,1780804799999
1780804800000,0.042155,0.043977,0.042053,0.043216,3570853.06889673,1780819199999
1780819200000,0.043279,0.044152,0.04286,0.04348,1629178.35806754,1780833599999
1780833600000,0.043503,0.043503,0.042165,0.043042,1020618.55145075,1780847999999
1780848000000,0.042972,0.043036,0.041505,0.041615,1945691.28846581,1780862399999
1780862400000,0.041595,0.044105,0.041595,0.043014,3001473.7276624,1780876799999
1780876800000,0.043081,0.043586,0.042445,0.042855,1755942.768694,1780891199999
1780891200000,0.04304,0.04321,0.042049,0.04321,1618537.79506803,1780905599999
1780905600000,0.043151,0.043729,0.042624,0.043494,2359230.25158933,1780919999999
1780920000000,0.043549,0.043827,0.04298,0.04318,4713966.86734934,1780934399999
1780934400000,0.043213,0.043607,0.042918,0.043157,3426671.31366186,1780948799999
1780948800000,0.0432,0.043669,0.042639,0.042729,3520039.11523429,1780963199999
1780963200000,0.042811,0.042811,0.041412,0.041673,2532707.62034656,1780977599999
1780977600000,0.04166,0.042648,0.041639,0.042243,4265283.93230783,1780991999999
1780992000000,0.042283,0.042339,0.041093,0.041347,3753284.35143579,1781006399999
1781006400000,0.04139,0.04174,0.040546,0.040698,1775576.16445412,1781020799999
1781020800000,0.040543,0.041764,0.040298,0.041747,4052274.89264041,1781035199999
1781035200000,0.041799,0.042207,0.041483,0.041867,1622001.69488853,1781049599999
1781049600000,0.041888,0.042107,0.041024,0.041128,1515637.91412536,1781063999999
1781064000000,0.041113,0.041216,0.040777,0.041192,2096302.55181844,1781078399999
1781078400000,0.040954,0.041055,0.040251,0.040536,2027688.90056758,1781092799999
1781092800000,0.040512,0.042079,0.040399,0.041679,3806103.170606,1781107199999
1781107200000,0.041609,0.041662,0.040309,0.04047,3127686.95363187,1781121599999
1781121600000,0.040275,0.040447,0.039574,0.040288,2281517.30431369,1781135999999
1781136000000,0.040369,0.041603,0.040369,0.041603,1222543.5055739,1781150399999
1781150400000,0.041533,0.041857,0.041437,0.041733,1607842.296582,1781164799999
1781164800000,0.0419,0.042278,0.041672,0.04224,1793996.33899861,1781179199999
1781179200000,0.042156,0.042471,0.041446,0.04242,4490160.17415628,1781193599999
1781193600000,0.042345,0.043171,0.041782,0.042791,5016707.25581181,1781207999999
1781208000000,0.042823,0.042947,0.042449,0.042724,2182171.00396282,1781222399999
1781222400000,0.042847,0.043323,0.04261,0.043309,1321984.21782814,1781236799999
1781236800000,0.043229,0.043337,0.042406,0.042831,2034340.76283017,1781251199999
1781251200000,0.042917,0.045277,0.042909,0.045277,5057145.34278693,1781265599999
1781265600000,0.045179,0.045941,0.043933,0.044179,6577957.63006371,1781279999999
1781280000000,0.044274,0.044924,0.044043,0.044783,2104497.99112117,1781294399999
1781294400000,0.044792,0.04505,0.044055,0.04473,1704386.63022145,1781308799999
1781308800000,0.044827,0.04614,0.044694,0.04599,3905917.37159026,1781323199999
1781323200000,0.046006,0.048184,0.045847,0.047359,5755865.87256844,1781337599999
1781337600000,0.04748,0.0477,0.046702,0.04739,4741640.61960071,1781351999999
1781352000000,0.047308,0.047492,0.046839,0.047215,2284488.95264079,1781366399999
1781366400000,0.047164,0.047358,0.04663,0.04683,2018408.27828193,1781380799999
1781380800000,0.046857,0.047312,0.046722,0.047127,754151.71715357,1781395199999
1781395200000,0.047076,0.047089,0.04619,0.046728,1868931.69885665,1781409599999
1781409600000,0.046765,0.046769,0.045866,0.046334,982938.59841891,1781423999999
1781424000000,0.046215,0.046583,0.045977,0.045989,2972908.14762228,1781438399999
1781438400000,0.045985,0.046061,0.045352,0.045935,916545.82963201,1781452799999
1781452800000,0.046009,0.046692,0.045948,0.045986,2262345.88774028,1781467199999
1781467200000,0.045958,0.047655,0.045888,0.047575,1218079.66305741,1781481599999
1781481600000,0.047654,0.047757,0.04705,0.047429,187153.28666224,1781495999999
1781496000000,0.047381,0.047632,0.046886,0.047532,1411140.42502134,1781510399999
1781510400000,0.04744,0.048153,0.047096,0.047911,2420334.36426066,1781524799999
1781524800000,0.047922,0.048404,0.04758,0.04803,3318579.91962515,1781539199999
1781539200000,0.048063,0.048396,0.046629,0.046631,3536055.78016074,1781553599999
1781553600000,0.046653,0.046929,0.046115,0.046638,1239043.0410543,1781567999999
1781568000000,0.046617,0.046985,0.045939,0.046311,1746600.50227855,1781582399999
1781582400000,0.046283,0.046515,0.045969,0.046382,1728020.25653931,1781596799999
1781596800000,0.046371,0.047166,0.046344,0.046637,1708736.25922139,1781611199999
1781611200000,0.046599,0.04697,0.045184,0.046046,1637514.64233114,1781625599999
1781625600000,0.046025,0.046797,0.045716,0.046659,2417558.17058672,1781639999999
1781640000000,0.0467,0.047947,0.046503,0.047048,1493574.62447993,1781654399999
1781654400000,0.047108,0.048313,0.047101,0.047427,2032494.6451317,1781668799999
1781668800000,0.047691,0.047896,0.046885,0.046921,1405959.13233714,1781683199999
1781683200000,0.047046,0.047088,0.04648,0.047088,1737444.18683359,1781697599999
1781697600000,0.046828,0.048325,0.046424,0.048304,1839036.47665342,1781711999999
1781712000000,0.048397,0.049047,0.047184,0.04726,3110751.95627221,1781726399999
1781726400000,0.047226,0.047829,0.046928,0.047829,1282977.47669321,1781740799999
1781740800000,0.047956,0.048143,0.046909,0.047158,2338261.77596824,1781755199999
1781755200000,0.0469,0.047725,0.046359,0.047398,4257981.45891315,1781769599999
1781769600000,0.047292,0.048009,0.047068,0.047132,1707205.78058869,1781783999999
1781784000000,0.047175,0.047586,0.045723,0.045801,2370607.30529456,1781798399999
1781798400000,0.045972,0.047677,0.045964,0.047572,2328510.56805232,1781812799999
1781812800000,0.047654,0.048264,0.04761,0.048227,2504892.62621758,1781827199999
1781827200000,0.048296,0.048392,0.047353,0.04829,1167403.10295077,1781841599999
1781841600000,0.048186,0.048529,0.046806,0.04694,1554222.76731288,1781855999999
1781856000000,0.047021,0.047153,0.046298,0.046494,1719282.27699755,1781870399999
1781870400000,0.046586,0.047971,0.046423,0.047312,752740.06685245,1781884799999
1781884800000,0.04724,0.047512,0.046448,0.046535,735428.22901265,1781899199999
1781899200000,0.046582,0.047073,0.046366,0.047073,700132.82077238,1781913599999
1781913600000,0.047016,0.047281,0.046466,0.046654,355216.15242851,1781927999999
1781928000000,0.04661,0.048415,0.046606,0.047658,1853574.28550751,1781942399999
1781942400000,0.047629,0.048542,0.047547,0.0478,928321.68512306,1781956799999
1781956800000,0.047784,0.047887,0.046878,0.047293,1116783.43649471,1781971199999
1781971200000,0.047137,0.047227,0.046618,0.046788,765555.00974362,1781985599999
1781985600000,0.046809,0.047773,0.046778,0.047725,786149.0545127,1781999999999
1782000000000,0.047564,0.049144,0.047522,0.048915,1995103.81908543,1782014399999
1782014400000,0.048898,0.048898,0.047932,0.048449,394089.35649749,1782028799999
1782028800000,0.048546,0.048563,0.047787,0.0478,587142.83844547,1782043199999
1782043200000,0.047745,0.04856,0.047745,0.048385,317727.87692905,1782057599999
1782057600000,0.048512,0.048515,0.047666,0.047879,1503342.61588584,1782071999999
1782072000000,0.047923,0.047923,0.046953,0.047584,797825.06726863,1782086399999
1782086400000,0.047642,0.048577,0.047622,0.047825,663604.19651176,1782100799999
1782100800000,0.047752,0.048108,0.047674,0.047993,1196272.18370907,1782115199999
1782115200000,0.047976,0.048686,0.047724,0.048683,1507241.83930964,1782129599999
1782129600000,0.04862,0.049358,0.047777,0.04794,2399877.67545955,1782143999999
1782144000000,0.047838,0.048243,0.04758,0.047665,960996.15175924,1782158399999
1782158400000,0.047726,0.047889,0.047168,0.047729,1088307.45583059,1782172799999
1782172800000,0.047602,0.047641,0.047223,0.047432,564035.98929221,1782187199999
1782187200000,0.047485,0.047624,0.046354,0.046365,1240680.66166675,1782201599999
1782201600000,0.046435,0.046726,0.045684,0.046699,2821983.01049046,1782215999999
1782216000000,0.046624,0.04672,0.045842,0.046,551462.0671406,1782230399999
1782230400000,0.046069,0.046221,0.0455,0.045672,1123976.87063443,1782244799999
1782244800000,0.045639,0.046361,0.045639,0.046357,557982.89602951,1782259199999
1782259200000,0.046403,0.047277,0.046327,0.046508,593644.32998198,1782273599999
1782273600000,0.046223,0.046671,0.045886,0.046325,1736977.81022057,1782287999999
1782288000000,0.046301,0.047354,0.046125,0.047354,512060.64317371,1782302399999
1782302400000,0.04728,0.047588,0.045912,0.046099,2086883.7866027,1782316799999
1782316800000,0.046292,0.047241,0.045025,0.046948,2263717.46429287,1782331199999
1782331200000,0.046976,0.04871,0.046976,0.048631,1853684.51532275,1782345599999
1782345600000,0.048752,0.049821,0.048005,0.04976,571938.44192859,1782359999999
1782360000000,0.049823,0.05085,0.049442,0.05059,1543196.49647963,1782374399999
1782374400000,0.050517,0.0525,0.050511,0.05151,5384788.24680227,1782388799999
1782388800000,0.051408,0.051476,0.049035,0.050094,9314108.13595052,1782403199999
1782403200000,0.050551,0.050899,0.049401,0.049572,1836097.35623922,1782417599999
1782417600000,0.049908,0.050403,0.049371,0.050159,1132818.66450463,1782431999999
1782432000000,0.050329,0.050491,0.047431,0.048679,1091422.85956055,1782446399999
1782446400000,0.048671,0.048903,0.046903,0.047662,1435445.10692079,1782460799999
1782460800000,0.047518,0.047518,0.045644,0.045675,1688429.40287906,1782475199999
1782475200000,0.045694,0.046965,0.045,0.046316,1584268.70652064,1782489599999
1782489600000,0.046299,0.046769,0.045535,0.04578,1087594.82124156,1782503999999
1782504000000,0.045752,0.0473,0.045714,0.046628,1181592.40026177,1782518399999
1782518400000,0.046464,0.046732,0.045801,0.045932,1383636.19139485,1782532799999
1782532800000,0.045975,0.046271,0.045671,0.045789,713145.65086629,1782547199999
1782547200000,0.045756,0.045756,0.044958,0.045048,693381.65025947,1782561599999
1782561600000,0.045039,0.045503,0.045039,0.045182,854822.61191104,1782575999999
1782576000000,0.045141,0.045279,0.0439,0.04411,1905413.17671045,1782590399999
1782590400000,0.044072,0.044527,0.044002,0.044228,381619.78152487,1782604799999
1782604800000,0.044231,0.044288,0.043895,0.043991,141371.63634552,1782619199999
1782619200000,0.044142,0.044407,0.044021,0.044171,198849.29119901,1782633599999
1782633600000,0.044208,0.044367,0.043739,0.043959,294176.67762864,1782647999999
1782648000000,0.043945,0.044089,0.043509,0.043548,583656.36043277,1782662399999
1782662400000,0.043616,0.043616,0.0431,0.043131,903472.73668025,1782676799999
1782676800000,0.043288,0.044083,0.043288,0.043528,938394.03630719,1782691199999
1782691200000,0.043491,0.04395,0.042798,0.04395,850574.41465692,1782705599999
1782705600000,0.043883,0.044247,0.043592,0.043836,784952.0808176,1782719999999
1782720000000,0.043853,0.044312,0.043492,0.043631,1218172.50284155,1782734399999
1782734400000,0.043592,0.044257,0.043044,0.043344,2338952.1810471,1782748799999
1782748800000,0.043375,0.044033,0.043096,0.043358,1550796.39893859,1782763199999
1782763200000,0.043286,0.04379,0.043213,0.043646,1174072.11639696,1782777599999
1782777600000,0.043515,0.043592,0.043064,0.043347,568482.71607245,1782791999999
1782792000000,0.043134,0.044146,0.043118,0.043733,1189398.32555262,1782806399999
1782806400000,0.043764,0.044133,0.042956,0.04296,1176566.38459701,1782820799999
1782820800000,0.043016,0.043022,0.042,0.042103,1795215.22641736,1782835199999
1782835200000,0.041976,0.042317,0.041771,0.041772,1496624.23150046,1782849599999
1782849600000,0.04179,0.04181,0.041343,0.041472,941856.67260753,1782863999999
1782864000000,0.04145,0.041986,0.04072,0.041986,1048570.70239838,1782878399999
1782878400000,0.041834,0.041846,0.040765,0.040908,1561186.42358327,1782892799999
1782892800000,0.04087,0.041756,0.040836,0.041473,749583.31850755,1782907199999
1782907200000,0.041415,0.042682,0.041208,0.042279,2406986.25104907,1782921599999
1782921600000,0.042171,0.042926,0.041475,0.04257,2616295.75903642,1782935999999
1782936000000,0.042348,0.042741,0.041524,0.041524,2304049.20766902,1782950399999
1782950400000,0.04153,0.042156,0.041461,0.042152,1109866.05665776,1782964799999
1782964800000,0.042363,0.042477,0.041278,0.04142,1979635.65423647,1782979199999
1782979200000,0.041399,0.042564,0.041334,0.04224,2039152.47890407,1782993599999
1782993600000,0.042169,0.043073,0.041625,0.041721,3481211.43656426,1783007999999
1783008000000,0.041782,0.042082,0.041635,0.041928,1705493.80754018,1783022399999
1783022400000,0.041822,0.042169,0.0415,0.042169,1672240.16330771,1783036799999
1783036800000,0.042188,0.042979,0.041805,0.042439,1103565.25279744,1783051199999
1783051200000,0.042397,0.043266,0.042397,0.043093,1893229.22369853,1783065599999
1783065600000,0.043229,0.043486,0.042908,0.043222,1009880.65982556,1783079999999
1783080000000,0.043286,0.044087,0.042982,0.043529,2639215.51182277,1783094399999
1783094400000,0.043605,0.043973,0.043438,0.043664,1054704.83107211,1783108799999
1783108800000,0.043673,0.044199,0.043569,0.043698,1290761.97947004,1783123199999
1783123200000,0.043793,0.043866,0.043368,0.043751,1029945.28584652,1783137599999
1783137600000,0.043787,0.043819,0.04306,0.043271,1670248.58730659,1783151999999
1783152000000,0.043254,0.043505,0.042879,0.043009,1938133.75480732,1783166399999
1783166400000,0.043065,0.044062,0.04306,0.043824,649922.86561628,1783180799999
1783180800000,0.04385,0.044423,0.043621,0.043904,847274.40329421,1783195199999
1783195200000,0.043938,0.044056,0.043533,0.043726,820870.48454859,1783209599999
1783209600000,0.043774,0.043865,0.042904,0.04302,641828.83948092,1783223999999
1783224000000,0.043027,0.043137,0.04251,0.042771,1126158.46133611,1783238399999
1783238400000,0.042795,0.042817,0.041907,0.042344,3712281.31353481,1783252799999
1783252800000,0.042289,0.04278,0.042233,0.042471,562142.01051693,1783267199999
1783267200000,0.042549,0.04362,0.042466,0.043585,524909.94717353,1783281599999
1783281600000,0.043717,0.04388,0.04321,0.043542,1928558.27583655,1783295999999
1783296000000,0.04352,0.043812,0.042971,0.043033,487381.11866994,1783310399999
1783310400000,0.042981,0.043029,0.042464,0.042898,502093.63019554,1783324799999
1783324800000,0.042913,0.043633,0.042593,0.042593,1342486.03731852,1783339199999
1783339200000,0.042362,0.04375,0.04157,0.043675,1011937.21732224,1783353599999
1783353600000,0.04386,0.044118,0.043348,0.043627,624574.40471751,1783367999999
1783368000000,0.043505,0.044574,0.043505,0.044198,390692.24854909,1783382399999
1783382400000,0.04434,0.045002,0.043731,0.043736,264513.60334541,1783396799999
1783396800000,0.043723,0.043897,0.043246,0.043659,763156.27474501,1783411199999
1783411200000,0.043548,0.043905,0.043225,0.04359,533907.50701612,1783425599999
1783425600000,0.043593,0.043807,0.042557,0.043304,656161.29014707,1783439999999
1783440000000,0.043324,0.043442,0.042331,0.042676,532953.38291953,1783454399999
1783454400000,0.042684,0.042684,0.041819,0.042293,412429.83023602,1783468799999
1783468800000,0.042144,0.042461,0.04083,0.041227,668509.47212606,1783483199999
1783483200000,0.041213,0.04138,0.040945,0.040997,566810.17717172,1783497599999
1783497600000,0.040946,0.041177,0.040368,0.04092,991883.87929618,1783511999999
1783512000000,0.040938,0.04096,0.040498,0.040697,516036.68378741,1783526399999
1783526400000,0.040741,0.04136,0.040739,0.041344,253192.04060399,1783540799999
1783540800000,0.041234,0.04134,0.040665,0.041204,166691.43452838,1783555199999
1783555200000,0.041401,0.042008,0.041067,0.041648,617748.41321537,1783569599999
1783569600000,0.041507,0.042154,0.041507,0.041896,743614.62272415,1783583999999
1783584000000,0.041922,0.041922,0.041529,0.041806,393976.50926895,1783598399999
1783598400000,0.041844,0.042321,0.041586,0.041692,471523.34251735,1783612799999
1783612800000,0.04147,0.042254,0.041459,0.042024,488365.64441134,1783627199999
1783627200000,0.041926,0.044032,0.041919,0.043589,1514343.90123385,1783641599999
1783641600000,0.043606,0.045031,0.043243,0.043947,339521.97028761,1783655999999
1783656000000,0.043644,0.043763,0.04324,0.043271,182721.20510367,1783670399999
1783670400000,0.043258,0.044732,0.043258,0.044129,2492027.37073268,1783684799999
1783684800000,0.044146,0.044251,0.043157,0.043457,402908.83759553,1783699199999
1783699200000,0.043774,0.044232,0.043622,0.044184,218774.17086394,1783713599999
1783713600000,0.044169,0.044197,0.043778,0.043822,101711.0360221,1783727999999
1783728000000,0.043693,0.043804,0.043596,0.043668,164889.44172865,1783742399999
1783742400000,0.043648,0.04389,0.043402,0.043818,476870.94363431,1783756799999
1783756800000,0.043772,0.043851,0.043514,0.043536,290299.48836374,1783771199999
1783771200000,0.043488,0.044259,0.043443,0.04416,253011.75416781,1783785599999
1783785600000,0.044009,0.044361,0.043939,0.04421,199382.76382322,1783799999999
1783800000000,0.044244,0.044512,0.042995,0.042995,504950.82192379,1783814399999
1783814400000,0.042873,0.043107,0.042714,0.043107,273813.29992447,1783828799999
1783828800000,0.043152,0.043446,0.04282,0.042928,272908.46702482,1783843199999
1783843200000,0.042977,0.043372,0.042977,0.043343,118772.99473585,1783857599999
1783857600000,0.04331,0.043659,0.042939,0.042939,147858.20633306,1783871999999
1783872000000,0.042862,0.043274,0.042862,0.04303,640803.7006763,1783886399999
1783886400000,0.043,0.043236,0.042325,0.042404,668616.41784224,1783900799999
1783900800000,0.042549,0.043075,0.041689,0.04187,278348.61928974,1783915199999
1783915200000,0.041794,0.042319,0.041756,0.042215,208398.27360123,1783929599999
1783929600000,0.042284,0.042409,0.042023,0.042023,246966.09957929,1783943999999
1783944000000,0.041901,0.042508,0.041695,0.042158,1410512.67535297,1783958399999
1783958400000,0.042239,0.042252,0.041433,0.041808,411395.64789211,1783972799999
1783972800000,0.041764,0.041764,0.041172,0.041433,347206.18022439,1783987199999
1783987200000,0.041451,0.041794,0.04138,0.041546,429448.20285818,1784001599999
1784001600000,0.041753,0.041917,0.041752,0.04188,180818.01167612,1784015999999
1784016000000,0.04186,0.041893,0.041599,0.041718,236342.90859743,1784030399999
1784030400000,0.041642,0.04295,0.041642,0.042638,200782.51342499,1784044799999
1784044800000,0.042595,0.042595,0.042002,0.042064,1468855.56869198,1784059199999
1784059200000,0.041994,0.042428,0.041963,0.042405,452026.64592556,1784073599999
1784073600000,0.0424,0.042542,0.042097,0.042378,55007.83407314,1784087999999
1784088000000,0.042364,0.042364,0.041896,0.041909,221421.74092602,1784102399999
1784102400000,0.041863,0.042282,0.041862,0.04212,403786.66398486,1784116799999
1784116800000,0.042089,0.043045,0.042085,0.042539,215276.9225379,1784131199999
1784131200000,0.042661,0.042661,0.04182,0.042031,683005.7294814,1784145599999
1784145600000,0.042105,0.043104,0.042105,0.042369,385561.8002319,1784159999999
1784160000000,0.042088,0.042585,0.041858,0.042469,405102.36754217,1784174399999
1784174400000,0.042452,0.042817,0.041729,0.041729,475012.75690456,1784188799999
1784188800000,0.041811,0.0425,0.041433,0.041527,1462046.57346596,1784203199999
1784203200000,0.041496,0.042162,0.041413,0.042085,441550.0998378,1784217599999
1784217600000,0.04201,0.042254,0.041438,0.041539,1337255.37455881,1784231999999
1784232000000,0.041567,0.04176,0.040958,0.041103,534051.38464745,1784246399999
1784246400000,0.041037,0.0417,0.041036,0.041167,889161.14388663,1784260799999
1784260800000,0.041166,0.041252,0.040712,0.040712,1020587.01784318,1784275199999
1784275200000,0.040762,0.041278,0.04047,0.041231,515052.72142886,1784289599999
1784289600000,0.041204,0.041507,0.040658,0.041507,259517.07577506,1784303999999
1784304000000,0.04155,0.041991,0.040983,0.041043,392331.83927189,1784318399999
1784318400000,0.04096,0.041467,0.04096,0.041037,1304463.72763567,1784332799999
1784332800000,0.040932,0.041098,0.040712,0.041076,263109.76201679,1784347199999
1784347200000,0.041015,0.041015,0.040741,0.04086,214526.79673132,1784361599999
1784361600000,0.040888,0.040902,0.040609,0.040789,259967.61687368,1784375999999
1784376000000,0.040842,0.04085,0.0405,0.040583,745782.94682785,1784390399999
1784390400000,0.04053,0.040985,0.04053,0.040891,217020.3063704,1784404799999
1784404800000,0.040979,0.041052,0.040914,0.040982,672366.38733336,1784419199999
1784419200000,0.040913,0.041053,0.040717,0.040763,361876.54749178,1784433599999
1784433600000,0.040675,0.040833,0.040565,0.040693,269457.12306036,1784447999999
1784448000000,0.040693,0.040737,0.040522,0.040522,304231.28898864,1784462399999
1784462400000,0.0405,0.040801,0.040395,0.040703,688766.2254775,1784476799999
1784476800000,0.040785,0.040788,0.040549,0.040684,276350.86910511,1784491199999
1784491200000,0.040721,0.040789,0.040615,0.04065,157589.07966577,1784505599999
1784505600000,0.040679,0.040967,0.040351,0.040478,328777.51861435,1784519999999
1784520000000,0.040455,0.040455,0.039654,0.040069,1168720.9218539,1784534399999
1784534400000,0.040037,0.040691,0.040014,0.040671,677286.34809039,1784548799999
1784548800000,0.040556,0.04057,0.03992,0.040541,718222.07770807,1784563199999
1784563200000,0.040561,0.040637,0.040156,0.040269,1230689.22506502,1784577599999
1784577600000,0.040221,0.040888,0.0402,0.040849,1264919.11244742,1784591999999
1784592000000,0.040731,0.041132,0.04073,0.041022,1271176.49166898,1784606399999
1784606400000,0.040942,0.041699,0.040942,0.041696,448680.28473769,1784620799999
1784620800000,0.041745,0.041751,0.041312,0.041381,308691.96400497,1784635199999
1784635200000,0.041275,0.041638,0.041108,0.04133,313339.74507473,1784649599999
1784649600000,0.041439,0.041439,0.040932,0.041076,182434.83186855,1784663999999
1784664000000,0.041074,0.041122,0.040775,0.040982,936647.65866415,1784678399999
1784678400000,0.041032,0.041287,0.040563,0.040563,440384.93134357,1784692799999
1784692800000,0.04071,0.04071,0.040106,0.040266,440527.81709664,1784707199999
1784707200000,0.040276,0.040459,0.040166,0.040364,134196.51832959,1784721599999
1784721600000,0.04038,0.040706,0.040091,0.040642,273882.35840363,1784735999999
1784736000000,0.040566,0.040945,0.04036,0.04036,434592.61016291,1784750399999
1784750400000,0.04028,0.040703,0.040244,0.040562,686275.74827696,1784764799999
1784764800000,0.040681,0.040924,0.04034,0.040341,335142.16218711,1784779199999
1784779200000,0.04031,0.040558,0.040119,0.040131,186068.40217978,1784793599999
1784793600000,0.040285,0.041111,0.040285,0.040871,318993.23755891,1784807999999
1784808000000,0.040899,0.041044,0.040199,0.04043,385007.3101017,1784822399999
1784822400000,0.040324,0.040365,0.039881,0.039903,431211.59655751,1784836799999
1784836800000,0.040092,0.040388,0.039908,0.039908,367255.8939207,1784851199999
1784851200000,0.039943,0.04019,0.039739,0.04011,504357.34204211,1784865599999
1784865600000,0.040147,0.040469,0.040144,0.040256,583759.81052488,1784879999999
1784880000000,0.040296,0.040296,0.03985,0.03985,161856.80727721,1784894399999
1784894400000,0.039905,0.039972,0.03897,0.039056,300047.66280908,1784908799999
1784908800000,0.038996,0.03929,0.038995,0.038995,363633.03770171,1784923199999
1784923200000,0.039068,0.03914,0.03879,0.038871,631973.50084332,1784937599999
1784937600000,0.038757,0.038757,0.038338,0.038388,506571.27470518,1784951999999
1784952000000,0.038405,0.038722,0.038245,0.038655,245086.72853058,1784966399999
1784966400000,0.038592,0.038821,0.038532,0.038583,397323.9529737,1784980799999
1784980800000,0.038648,0.038901,0.038631,0.038693,673785.85603126,1784995199999
1784995200000,0.038776,0.039248,0.038682,0.03914,305029.42240522,1785009599999
1785009600000,0.039326,0.03945,0.039081,0.039331,4344072.99999889,1785023999999
1785024000000,0.039296,0.039505,0.039172,0.039428,184110.96646195,1785038399999
1785038400000,0.039458,0.039617,0.039028,0.039539,5245217.47839366,1785052799999
1785052800000,0.039529,0.039529,0.039207,0.039226,323671.02889492,1785067199999
1785067200000,0.039274,0.039407,0.039116,0.039402,271726.87321347,1785081599999
1785081600000,0.039376,0.039482,0.039011,0.039095,610398.29772217,1785095999999
1785096000000,0.039106,0.039621,0.039018,0.0395,2331075.84315482,1785110399999
1785110400000,0.039497,0.039526,0.03915,0.039502,589909.86533386,1785124799999
1785124800000,0.039654,0.04002,0.039534,0.039575,540602.9530102,1785139199999
1785139200000,0.039525,0.040057,0.039416,0.040006,1519673.20003551,1785153599999
1785153600000,0.039988,0.040239,0.038849,0.0389,806210.43039575,1785167999999
1785168000000,0.038902,0.039284,0.038763,0.039194,457464.99954834,1785182399999
1785182400000,0.039173,0.039173,0.036798,0.036937,591089.44974444,1785196799999
1785196800000,0.036832,0.037575,0.036544,0.037456,626945.72496692,1785211199999
1785211200000,0.037606,0.038086,0.037364,0.037813,928470.26640693,1785225599999
1785225600000,0.037856,0.038219,0.037533,0.037533,992127.50290784,1785239999999
1785240000000,0.0375,0.037985,0.03699,0.037937,865841.93077834,1785254399999
1785254400000,0.03795,0.038059,0.037579,0.03789,804811.89696811,1785268799999
1785268800000,0.037881,0.038052,0.037512,0.037716,209226.38729217,1785283199999
1785283200000,0.03797,0.038135,0.036861,0.036864,2428703.24819163,1785297599999
1785297600000,0.036842,0.037133,0.036657,0.036925,916629.47176068,1785311999999
1785312000000,0.037084,0.037326,0.036924,0.037138,2137379.96321567,1785326399999
1785326400000,0.037066,0.037166,0.036598,0.036599,1065231.34004336,1785340799999
1785340800000,0.036578,0.037247,0.036201,0.036264,415201.0527607,1785355199999
1785355200000,0.036161,0.036549,0.035885,0.036504,3688128.14074027,1785369599999
1785369600000,0.036563,0.036892,0.036191,0.036662,155253.8156153,1785383999999
1785384000000,0.036582,0.036718,0.036482,0.036507,261427.52235875,1785398399999
1785398400000,0.036458,0.036727,0.036401,0.036589,560328.85714087,1785412799999
1785412800000,0.03657,0.03701,0.03643,0.036849,382486.52920882,1785427199999
1785427200000,0.036872,0.037277,0.036782,0.037266,1642481.79412907,1785441599999
1785441600000,0.037301,0.03733,0.036826,0.036856,481939.44142555,1785455999999
1785456000000,0.036924,0.037084,0.036312,0.036312,250557.34953068,1785470399999
1785470400000,0.03644,0.036546,0.036136,0.036364,2103055.19004477,1785484799999
1785484800000,0.036422,0.03646,0.036023,0.036284,2430483.10871749,1785499199999
1785499200000,0.036285,0.036553,0.035986,0.03644,590783.89122491,1785513599999
1785513600000,0.036492,0.036688,0.035895,0.036,749529.90495349,1785527999999
1785528000000,0.035976,0.035999,0.035763,0.035971,346438.90203036,1785542399999
1785542400000,0.035956,0.036212,0.035955,0.03616,126735.42665237,1785556799999
1785556800000,0.036204,0.036281,0.03597,0.036048,124981.38627411,1785571199999
1785571200000,0.035982,0.03609,0.035744,0.03595,656457.88971263,1785585599999
1785585600000,0.036016,0.03611,0.035854,0.035876,1050151.72014054,1785599999999
1785600000000,0.03586,0.035865,0.035159,0.035467,525980.96000809,1785614399999
1785614400000,0.035448,0.035596,0.035363,0.035586,258427.70324592,1785628799999
1785628800000,0.035612,0.036273,0.035577,0.036109,432506.90316848,1785643199999
1785643200000,0.036225,0.036275,0.036134,0.03618,299067.86545169,1785657599999
1785657600000,0.036034,0.03614,0.035792,0.035792,888020.78389018,1785671999999
1785672000000,0.035876,0.035888,0.03573,0.035734,225156.52808826,1785686399999
1785686400000,0.035734,0.035863,0.035646,0.035863,489354.66152479,1785700799999
1785700800000,0.035833,0.035962,0.035734,0.035796,196531.37568897,1785715199999
1785715200000,0.035699,0.035699,0.035555,0.03562,172187.06878682,1785729599999
1785729600000,0.035606,0.035761,0.035481,0.035481,435543.54997889,1785743999999
1785744000000,0.035482,0.035831,0.035418,0.035737,401695.97593668,1785758399999
1785758400000,0.035665,0.036143,0.035665,0.036039,665036.51403032,1785772799999
1785772800000,0.036079,0.03628,0.035894,0.035897,741450.0520699,1785787199999
1785787200000,0.035879,0.036173,0.035879,0.036097,839336.10947127,1785801599999
1785801600000,0.036104,0.036284,0.035995,0.03623,415963.68339479,1785815999999
1785816000000,0.03623,0.036274,0.035815,0.035858,156434.05172012,1785830399999
1785830400000,0.036019,0.036063,0.035848,0.036053,531685.86553294,1785844799999
1785844800000,0.036,0.03601,0.035499,0.035912,1171084.95465775,1785859199999
1785859200000,0.035858,0.036212,0.035729,0.036212,1647459.24462913,1785873599999
1785873600000,0.036119,0.036217,0.036031,0.036035,806488.93886263,1785887999999
1785888000000,0.036003,0.03619,0.035812,0.035967,598341.34302665,1785902399999
1785902400000,0.035933,0.036202,0.035931,0.036073,1063215.552042,1785916799999
1785916800000,0.036166,0.036166,0.03576,0.03584,222498.961904,1785931199999
1785931200000,0.035919,0.036071,0.035625,0.035793,312389.65941534,1785945599999
1785945600000,0.035918,0.036091,0.035844,0.035844,587555.70527879,1785959999999
1785960000000,0.03584,0.035952,0.035814,0.035837,202509.07690491,1785974399999
1785974400000,0.035914,0.035914,0.035382,0.035458,58713.83329303,1785988799999
1785988800000,0.035444,0.036368,0.035418,0.03583,2944065.67084019,1786003199999
1786003200000,0.035823,0.03593,0.035453,0.035738,635616.08595815,1786017599999
1786017600000,0.035722,0.03626,0.035596,0.0362,901063.08240663,1786031999999
1786032000000,0.036229,0.036442,0.035909,0.035909,345267.90528054,1786046399999
1786046400000,0.03575,0.036026,0.035674,0.035682,57379.32113538,1786060799999
1786060800000,0.035765,0.035927,0.035673,0.035695,439095.02190608,1786075199999
1786075200000,0.035663,0.035807,0.035582,0.03572,299293.10760066,1786089599999
1786089600000,0.035696,0.035883,0.035628,0.035779,813307.06292031,1786103999999
1786104000000,0.035699,0.035876,0.035182,0.035428,3661265.55718863,1786118399999
1786118400000,0.03545,0.03545,0.03515,0.03522,379436.00961884,1786132799999
1786132800000,0.035274,0.035426,0.03515,0.035308,450330.12167447,1786147199999
1786147200000,0.035277,0.035536,0.035194,0.035536,149519.68910469,1786161599999
1786161600000,0.035602,0.035617,0.035505,0.03553,401620.74502366,1786175999999
1786176000000,0.035575,0.036265,0.035558,0.036047,1344950.17638465,1786190399999
1786190400000,0.036057,0.036236,0.036024,0.036236,98613.12740697,1786204799999
1786204800000,0.036177,0.036266,0.035965,0.035966,589927.77999316,1786219199999
1786219200000,0.035947,0.036057,0.0359,0.035917,502971.5523494,1786233599999
1786233600000,0.035862,0.0365,0.035862,0.035981,5215002.01247817,1786247999999
1786248000000,0.035982,0.036438,0.035982,0.036187,375237.08637895,1786262399999
1786262400000,0.036179,0.036179,0.035898,0.035988,123478.04684272,1786276799999
1786276800000,0.035996,0.036144,0.035899,0.036138,4733817.29345733,1786291199999
1786291200000,0.036116,0.036317,0.036065,0.036094,2453751.68569215,1786305599999
1786305600000,0.036076,0.036482,0.035636,0.035695,2608844.89880618,1786319999999
1786320000000,0.035612,0.036005,0.035612,0.035836,588279.41296087,1786334399999
1786334400000,0.035879,0.036228,0.035848,0.036228,111322.83860971,1786348799999
1786348800000,0.036267,0.036288,0.036015,0.036185,1561594.43062882,1786363199999
1786363200000,0.036164,0.036248,0.03599,0.03599,633525.35205129,1786377599999
1786377600000,0.036038,0.036251,0.0359,0.036159,394584.17551964,1786391999999
1786392000000,0.036101,0.036192,0.035162,0.035506,687975.50163876,1786406399999
1786406400000,0.035466,0.035644,0.035354,0.035634,395429.35207558,1786420799999
1786420800000,0.035583,0.035595,0.035258,0.035258,615983.97135255,1786435199999
1786435200000,0.03527,0.035618,0.035234,0.035514,145466.93747455,1786449599999
1786449600000,0.035558,0.035589,0.034605,0.034688,1365883.1389383,1786463999999
1786464000000,0.034657,0.034835,0.034487,0.03478,1679799.00632012,1786478399999
1786478400000,0.03476,0.034879,0.034675,0.03474,205568.82690757,1786492799999
1786492800000,0.0347,0.034887,0.0347,0.034796,331531.27385849,1786507199999
1786507200000,0.034806,0.034853,0.034496,0.034684,638225.40353871,1786521599999
1786521600000,0.03466,0.034866,0.034498,0.034866,794102.94722539,1786535999999
1786536000000,0.034904,0.035111,0.0346,0.03475,863193.19607805,1786550399999
1786550400000,0.034725,0.034981,0.034587,0.034681,909669.09552294,1786564799999
1786564800000,0.034775,0.034954,0.03426,0.034669,490022.73960169,1786579199999
1786579200000,0.034693,0.035302,0.034624,0.035215,492289.71826521,1786593599999
1786593600000,0.035497,0.036296,0.035497,0.035964,2296223.15964633,1786607999999
1786608000000,0.035983,0.036378,0.035786,0.035812,2093847.77988215,1786622399999
1786622400000,0.03578,0.036054,0.035589,0.035589,774558.59078092,1786636799999
1786636800000,0.035526,0.035614,0.035269,0.035409,696040.92016054,1786651199999
1786651200000,0.035449,0.03566,0.035399,0.035594,646294.29492807,1786665599999
1786665600000,0.035545,0.035667,0.035304,0.035304,588802.18069533,1786679999999
1786680000000,0.035301,0.035421,0.034831,0.034917,460365.1448941,1786694399999
1786694400000,0.034877,0.0349,0.03463,0.034723,606535.82416747,1786708799999
1786708800000,0.034701,0.034711,0.034204,0.034434,1093748.69026784,1786723199999
1786723200000,0.034493,0.034775,0.034488,0.034692,913776.06196194,1786737599999
1786737600000,0.034698,0.034803,0.034499,0.034803,276786.06336065,1786751999999
1786752000000,0.034838,0.034939,0.034738,0.034785,300411.59796805,1786766399999
1786766400000,0.034733,0.034733,0.034559,0.034583,319861.91211626,1786780799999
1786780800000,0.034569,0.03469,0.034444,0.034593,299034.1182611,1786795199999
1786795200000,0.034631,0.0348,0.034626,0.034732,232084.06956456,1786809599999
1786809600000,0.034716,0.034752,0.034538,0.034592,403636.64703932,1786823999999
1786824000000,0.034519,0.034575,0.034295,0.034343,550679.72312397,1786838399999
1786838400000,0.034284,0.034446,0.034118,0.034425,836912.38573696,1786852799999
1786852800000,0.03443,0.03455,0.034354,0.034539,161570.49001893,1786867199999
1786867200000,0.034549,0.034567,0.034404,0.034445,280127.51994803,1786881599999
1786881600000,0.034427,0.034547,0.034371,0.034547,121164.1068082,1786895999999
1786896000000,0.034506,0.034584,0.034336,0.034421,198477.13191692,1786910399999
1786910400000,0.034427,0.034512,0.0339,0.034045,984819.02174819,1786924799999
1786924800000,0.033991,0.03432,0.033885,0.03432,166189.50957044,1786939199999
1786939200000,0.034301,0.034429,0.034201,0.034201,121653.43677743,1786953599999
1786953600000,0.03416,0.034455,0.034017,0.034455,620131.55372475,1786967999999
1786968000000,0.034472,0.034755,0.034315,0.034706,565328.0045812,1786982399999
1786982400000,0.034688,0.034692,0.034454,0.034464,644559.54388971,1786996799999
1786996800000,0.034399,0.03453,0.034249,0.034249,526408.56239923,1787011199999
1787011200000,0.034248,0.034333,0.033052,0.033424,413878.66528765,1787025599999
1787025600000,0.033401,0.033663,0.033389,0.033513,453577.33509133,1787039999999
1787040000000,0.033499,0.033695,0.033395,0.033667,444213.81617101,1787054399999
1787054400000,0.03362,0.033774,0.033509,0.033682,895606.01101918,1787068799999
1787068800000,0.033694,0.033752,0.033506,0.033522,887568.28779098,1787083199999
1787083200000,0.033488,0.033518,0.033345,0.033351,130594.4233809,1787097599999
1787097600000,0.033298,0.033483,0.033212,0.033483,181100.26353685,1787111999999
1787112000000,0.03344,0.033524,0.03325,0.033307,1963494.88738695,1787126399999
1787126400000,0.033249,0.033421,0.033002,0.033415,2327841.56288333,1787140799999
1787140800000,0.033485,0.035034,0.033267,0.034177,3809217.67279142,1787155199999
