openTime,open,high,low,close,volume,closeTime
1613376000000,0.70545,0.7161,0.67805,0.70516,43153.11744592,1613404799999
1613404800000,0.71607,0.73645,0.653,0.68699,126869.65020507,1613433599999
1613433600000,0.68656,0.69515,0.64122,0.68339,23549.72700656,1613462399999
1613462400000,0.67772,0.69202,0.65,0.66064,41965.20791382,1613491199999
1613491200000,0.65565,0.65565,0.6276,0.65,43888.07908975,1613519999999
1613520000000,0.65087,0.65559,0.5926,0.62745,26539.6767843,1613548799999
1613548800000,0.62801,0.67817,0.61859,0.67048,57906.12750322,1613577599999
1613577600000,0.67255,0.67269,0.64138,0.64921,82609.12036628,1613606399999
1613606400000,0.66124,0.68,0.64542,0.65337,26395.45941901,1613635199999
1613635200000,0.66285,0.66285,0.6321,0.65225,54602.81673835,1613663999999
1613664000000,0.65082,0.66655,0.64475,0.66359,95170.73290687,1613692799999
1613692800000,0.66941,0.66946,0.61557,0.65841,32725.3984694,1613721599999
1613721600000,0.66184,0.7394,0.65454,0.7394,173257.25738953,1613750399999
1613750400000,0.7338,0.7338,0.67924,0.69981,90650.56146584,1613779199999
1613779200000,0.70821,0.71929,0.6756,0.7028,27409.82593913,1613807999999
1613808000000,0.69723,0.74995,0.68425,0.69919,89191.70343944,1613836799999
1613836800000,0.70108,0.72151,0.62501,0.66278,50516.14852303,1613865599999
1613865600000,0.66017,0.72,0.64278,0.67944,21052.62346948,1613894399999
1613894400000,0.67716,0.765,0.67716,0.71346,89228.26161055,1613923199999
1613923200000,0.71579,0.719,0.67824,0.69592,51647.24714939,1613951999999
1613952000000,0.68391,0.69472,0.63515,0.6766,36597.04180567,1613980799999
1613980800000,0.67705,0.765,0.48062,0.60114,97343.38015496,1614009599999
1614009600000,0.59043,0.62749,0.56299,0.60482,79429.97392424,1614038399999
1614038400000,0.59276,0.598,0.49413,0.50055,44815.04461099,1614067199999
1614067200000,0.50293,0.50468,0.01,0.46637,252074.92723181,1614095999999
1614096000000,0.46761,0.47509,0.395,0.46143,147851.93648919,1614124799999
1614124800000,0.44609,0.50291,0.43053,0.48714,47132.30934646,1614153599999
1614153600000,0.48524,0.54303,0.4811,0.49843,156845.9010277,1614182399999
1614182400000,0.51198,0.51198,0.4644,0.48622,77772.16219603,1614211199999
1614211200000,0.48713,0.51842,0.48688,0.50474,19557.04831877,1614239999999
1614240000000,0.507,0.53733,0.48217,0.52854,33597.63514283,1614268799999
1614268800000,0.53041,0.5432,0.46806,0.47212,37598.47318788,1614297599999
1614297600000,0.46082,0.4903,0.43993,0.44659,30964.35072851,1614326399999
1614326400000,0.45555,0.48965,0.45555,0.48773,13707.429842,1614355199999
1614355200000,0.4882,0.50079,0.45867,0.4789,88160.56503485,1614383999999
1614384000000,0.47925,0.52153,0.47925,0.50893,37444.05180053,1614412799999
1614412800000,0.51105,0.54291,0.49499,0.51863,50614.89184493,1614441599999
1614441600000,0.52285,0.56639,0.51831,0.5261,66380.20983305,1614470399999
1614470400000,0.53141,0.59869,0.5241,0.5798,110947.99797404,1614499199999
1614499200000,0.57185,0.60232,0.51444,0.51692,173752.30868845,1614527999999
1614528000000,0.51724,0.54823,0.5083,0.5269,61862.2896044,1614556799999
1614556800000,0.53525,0.53894,0.51101,0.52095,37855.90900292,1614585599999
1614585600000,0.5218,0.55934,0.52141,0.54871,179033.62586882,1614614399999
1614614400000,0.54768,0.5564,0.525,0.5499,104011.61784396,1614643199999
1614643200000,0.55244,0.55433,0.52539,0.52883,17158.75872126,1614671999999
1614672000000,0.53239,0.55307,0.53073,0.53298,54794.8910253,1614700799999
1614700800000,0.5312,0.5375,0.49981,0.53308,78875.68709951,1614729599999
1614729600000,0.52925,0.55,0.52925,0.54766,24138.45458104,1614758399999
1614758400000,0.54949,0.56214,0.5457,0.55317,84827.78737498,1614787199999
1614787200000,0.55642,0.58939,0.55642,0.5784,159557.50695147,1614815999999
1614816000000,0.57068,0.57485,0.54263,0.56374,39223.15811123,1614844799999
1614844800000,0.56736,0.58738,0.54563,0.56326,122077.90371123,1614873599999
1614873600000,0.55976,0.56287,0.53078,0.55314,47272.22876327,1614902399999
1614902400000,0.53526,0.53771,0.51656,0.52815,8603.80756222,1614931199999
1614931200000,0.5333,0.54557,0.51715,0.53918,11177.59642823,1614959999999
1614960000000,0.53217,0.555,0.52498,0.55106,25624.82785604,1614988799999
1614988800000,0.55208,0.5826,0.55024,0.57723,23336.65283488,1615017599999
1615017600000,0.57847,0.58182,0.54112,0.56233,43305.71501426,1615046399999
1615046400000,0.56707,0.57549,0.56399,0.574,14347.26939831,1615075199999
1615075200000,0.57624,0.58475,0.57011,0.58124,31701.1854232,1615103999999
1615104000000,0.582,0.58665,0.56691,0.56932,21041.02874953,1615132799999
1615132800000,0.57538,0.5847,0.56286,0.58414,24731.05126601,1615161599999
1615161600000,0.58407,0.58446,0.55687,0.56425,8855.28383558,1615190399999
1615190400000,0.55755,0.57581,0.55046,0.57265,16204.8559737,1615219199999
1615219200000,0.57518,0.5858,0.56761,0.58425,75144.55856101,1615247999999
1615248000000,0.58248,0.6,0.57471,0.59546,59634.02710582,1615276799999
1615276800000,0.59446,0.62795,0.59,0.61191,102682.84791716,1615305599999
1615305600000,0.61119,0.62082,0.59972,0.62025,37180.76928388,1615334399999
1615334400000,0.61517,0.61995,0.56287,0.59604,11410.79703978,1615363199999
1615363200000,0.59883,0.62859,0.58385,0.59719,76407.74767438,1615391999999
1615392000000,0.597,0.6027,0.57158,0.58293,50798.45426129,1615420799999
1615420800000,0.58104,0.58284,0.5598,0.5598,39661.38562875,1615449599999
1615449600000,0.5598,0.5817,0.50011,0.57128,53262.71231038,1615478399999
1615478400000,0.57445,0.59002,0.57261,0.57853,37617.45238004,1615507199999
1615507200000,0.58159,0.59901,0.57876,0.58881,18798.25525842,1615535999999
1615536000000,0.58606,0.68027,0.58397,0.65065,311123.4159553,1615564799999
1615564800000,0.65442,0.67172,0.61674,0.6475,174598.0588752,1615593599999
1615593600000,0.64223,0.668,0.60479,0.663,29580.74995986,1615622399999
1615622400000,0.66723,0.67643,0.61545,0.6217,123495.94475311,1615651199999
1615651200000,0.6274,0.654,0.62482,0.63207,71811.61294501,1615679999999
1615680000000,0.63214,0.69,0.60001,0.65916,136951.36131589,1615708799999
1615708800000,0.6645,0.69112,0.62763,0.68339,84709.35899852,1615737599999
1615737600000,0.68131,0.74376,0.67462,0.70334,418842.43803897,1615766399999
1615766400000,0.71381,0.81932,0.7088,0.74707,340830.66385498,1615795199999
1615795200000,0.73536,0.7812,0.65308,0.72002,270115.40482501,1615823999999
1615824000000,0.7197,0.75503,0.70727,0.73591,123853.10542991,1615852799999
1615852800000,0.75805,0.82221,0.74986,0.78225,151726.72284673,1615881599999
1615881600000,0.78431,0.80033,0.73294,0.7918,91639.13147258,1615910399999
1615910400000,0.7879,0.79277,0.72617,0.77841,107705.49085095,1615939199999
1615939200000,0.76924,0.76924,0.72541,0.73115,72958.879834,1615967999999
1615968000000,0.72797,0.73426,0.69043,0.70633,118031.55805832,1615996799999
1615996800000,0.70599,0.80333,0.70426,0.78388,134231.4614726,1616025599999
1616025600000,0.79017,0.81937,0.75184,0.75184,50784.16608996,1616054399999
1616054400000,0.75188,0.76916,0.73406,0.75699,45331.80155017,1616083199999
1616083200000,0.7653,0.78074,0.73367,0.77656,171989.28256906,1616111999999
1616112000000,0.79831,0.87,0.76358,0.82979,94234.20281971,1616140799999
1616140800000,0.83488,0.85541,0.80216,0.80911,95054.62462424,1616169599999
1616169600000,0.807,0.80796,0.78488,0.79302,68894.29991769,1616198399999
1616198400000,0.79177,0.85794,0.78711,0.83457,88824.59284809,1616227199999
1616227200000,0.83458,0.87416,0.80259,0.81444,119149.97028462,1616255999999
1616256000000,0.81704,0.8181,0.75395,0.75564,146856.58254888,1616284799999
1616284800000,0.74805,0.76999,0.70014,0.75163,66539.32142874,1616313599999
1616313600000,0.75265,0.77058,0.72057,0.75143,113573.17597177,1616342399999
1616342400000,0.75438,0.77791,0.74506,0.77791,58942.6058801,1616371199999
1616371200000,0.77845,0.83971,0.7655,0.82239,93782.34274363,1616399999999
1616400000000,0.8237,0.8249,0.7855,0.81856,87921.44231032,1616428799999
1616428800000,0.81993,0.84876,0.76332,0.76332,202232.08944991,1616457599999
1616457600000,0.75933,0.78802,0.69317,0.73301,58837.01983549,1616486399999
1616486400000,0.73714,1.2441,0.73548,1.1386,1799343.80310714,1616515199999
1616515200000,1.1418,1.837,1.1154,1.4961,6312428.02584202,1616543999999
1616544000000,1.4968,1.6754,1.393,1.4153,1215280.49621149,1616572799999
1616572800000,1.4101,1.5638,1.3163,1.3423,972628.14119588,1616601599999
1616601600000,1.3528,1.37,1.1751,1.2282,684536.82141024,1616630399999
1616630400000,1.226,1.3772,1.0717,1.2598,324394.84570895,1616659199999
1616659200000,1.2568,1.4753,1.1737,1.3771,804236.27645671,1616687999999
1616688000000,1.3817,1.4799,1.1016,1.216,920484.80532349,1616716799999
1616716800000,1.2226,1.2354,1.1422,1.2173,233953.94315516,1616745599999
1616745600000,1.2091,1.3034,1.1912,1.2598,422102.19003577,1616774399999
1616774400000,1.2606,1.4053,1.2247,1.3353,481092.14717276,1616803199999
1616803200000,1.3317,1.9677,1.3302,1.8045,1246920.03159168,1616831999999
1616832000000,1.7975,1.8811,1.6509,1.8445,689910.1350521,1616860799999
1616860800000,1.8505,2.8786,1.8222,2.672,4777845.86919475,1616889599999
1616889600000,2.6901,3.26,2.5661,2.7425,2593985.53448034,1616918399999
1616918400000,2.7405,3.294,2.6681,2.7504,3809740.71589612,1616947199999
1616947200000,2.7469,2.9453,2.28,2.3,2149628.89083783,1616975999999
1616976000000,2.3061,2.55,2.19,2.3756,678088.61166509,1617004799999
1617004800000,2.3773,2.5971,2.3644,2.4593,1494644.75896618,1617033599999
1617033600000,2.4553,2.4638,2.23,2.327,996296.32488515,1617062399999
1617062400000,2.3225,2.4991,2.18,2.32,722718.4229545,1617091199999
1617091200000,2.32,2.45,2.2666,2.3985,749311.65050803,1617119999999
1617120000000,2.406,2.7156,2.36,2.5269,1560405.20886362,1617148799999
1617148800000,2.5235,2.5973,2.36,2.4076,339449.75903537,1617177599999
1617177600000,2.4068,2.6493,2.2193,2.5799,653847.27140599,1617206399999
1617206400000,2.5746,2.6443,2.3567,2.4003,489771.36191082,1617235199999
1617235200000,2.3983,2.599,2.362,2.534,237967.18240814,1617263999999
1617264000000,2.5411,3.18,2.5291,2.8114,2104782.1582318,1617292799999
1617292800000,2.7937,3.02,2.5003,2.572,727613.25038621,1617321599999
1617321600000,2.5405,2.7148,2.45,2.6663,315075.08304156,1617350399999
1617350400000,2.6624,2.8305,2.6142,2.6415,769433.96216977,1617379199999
1617379200000,2.6441,2.74,2.5,2.55,565143.70895611,1617407999999
1617408000000,2.5435,2.6798,2.5,2.5399,327040.16992037,1617436799999
1617436800000,2.5391,2.6303,2.5102,2.534,359249.63517542,1617465599999
1617465600000,2.5319,2.5443,2.3277,2.4064,357975.67684215,1617494399999
1617494400000,2.3749,2.5648,2.3583,2.472,110874.23856824,1617523199999
1617523200000,2.4741,2.5554,2.4216,2.44,197778.75519117,1617551999999
1617552000000,2.44,2.5126,2.4022,2.4743,208863.09919687,1617580799999
1617580800000,2.4577,2.61,2.374,2.4329,133666.49527949,1617609599999
1617609600000,2.4269,2.484,2.3811,2.4244,281903.1042965,1617638399999
1617638400000,2.4244,2.47,2.3256,2.3858,224047.86083026,1617667199999
1617667200000,2.3532,2.4003,1.78,2.2766,365402.18487412,1617695999999
1617696000000,2.2718,2.35,1.8,2.1061,556638.40117683,1617724799999
1617724800000,2.1173,2.2235,2.0867,2.1717,244268.57932381,1617753599999
1617753600000,2.1757,2.1757,1.8772,1.9411,195454.60961692,1617782399999
1617782400000,1.9387,1.9581,1.7321,1.8756,364383.81762899,1617811199999
1617811200000,1.8711,2.0829,1.83,2.0034,172771.84876613,1617839999999
1617840000000,1.9909,2.1102,1.9302,2.0651,232480.44367635,1617868799999
1617868800000,2.0632,2.4,2.047,2.1437,599437.50334154,1617897599999
1617897600000,2.1591,2.3154,2.1391,2.1891,529838.25857759,1617926399999
1617926400000,2.1979,2.2663,2.1164,2.1788,174117.67818954,1617955199999
1617955200000,2.1814,2.2891,2.1622,2.1911,248976.14411267,1617983999999
1617984000000,2.2094,2.2099,2.112,2.1509,143979.30356893,1618012799999
1618012800000,2.1452,2.1749,2.0212,2.0289,104520.85632861,1618041599999
1618041600000,2.0363,2.1144,2.0,2.0127,184534.37789016,1618070399999
1618070400000,2.0137,2.0734,1.97,2.0694,159332.61530314,1618099199999
1618099200000,2.0477,2.0477,1.9508,1.983,60870.71029374,1618127999999
1618128000000,1.9819,2.0897,1.96,2.0729,100465.04370753,1618156799999
1618156800000,2.0711,2.0746,1.9833,2.0192,105512.0598672,1618185599999
1618185600000,2.031,2.1807,1.9512,2.1208,162573.10886566,1618214399999
1618214400000,2.1118,2.2038,2.006,2.0335,226630.92100359,1618243199999
1618243200000,2.0329,2.0708,1.9891,2.0666,132315.36709623,1618271999999
1618272000000,2.0533,2.1114,1.986,2.0189,53487.7175143,1618300799999
1618300800000,2.022,2.0378,1.9721,2.0003,126979.44330515,1618329599999
1618329600000,2.0042,2.06,1.9886,2.06,131910.90936993,1618358399999
1618358400000,2.0397,2.0897,1.9664,2.0051,67348.71716489,1618387199999
1618387200000,2.0155,2.0361,1.8112,1.8848,177742.03649045,1618415999999
1618416000000,1.8842,1.9178,1.794,1.9103,176276.09476401,1618444799999
1618444800000,1.9191,1.9742,1.8687,1.931,110897.81347249,1618473599999
1618473600000,1.933,2.024,1.9092,2.0181,191782.36306427,1618502399999
1618502400000,2.0179,2.0602,1.9501,1.9675,153854.21086097,1618531199999
1618531200000,1.9656,1.9876,1.8526,1.9303,135278.03467035,1618559999999
1618560000000,1.9439,2.0092,1.7667,1.9368,150823.29944824,1618588799999
1618588800000,1.9384,1.9936,1.8867,1.9634,137125.83334412,1618617599999
1618617600000,1.9653,2.1487,1.9557,2.1298,195740.85875578,1618646399999
1618646400000,2.1286,2.1705,1.9766,1.9912,178342.8327408,1618675199999
1618675200000,1.9818,2.0915,1.956,1.99,74159.39634738,1618703999999
1618704000000,1.9981,2.062,1.4002,1.85,219907.74171702,1618732799999
1618732800000,1.8778,1.9185,1.6541,1.7526,156742.2517341,1618761599999
1618761600000,1.8538,1.8788,1.717,1.8446,55482.2325558,1618790399999
1618790400000,1.8446,1.87,1.7159,1.7304,67870.84845052,1618819199999
1618819200000,1.7457,1.7565,1.5002,1.518,178116.79690073,1618847999999
1618848000000,1.5174,1.6187,1.5073,1.5384,74986.30038242,1618876799999
1618876800000,1.5527,1.553,1.3307,1.3866,121201.98774597,1618905599999
1618905600000,1.3862,1.6118,1.383,1.5655,105851.37217477,1618934399999
1618934400000,1.5734,2.18,1.5348,1.5924,544425.65248389,1618963199999
1618963200000,1.5969,1.6679,1.5663,1.6342,92354.68473374,1618991999999
1618992000000,1.6437,1.6687,1.5651,1.655,82876.69466761,1619020799999
1619020800000,1.655,1.6654,1.5169,1.5279,68650.84150855,1619049599999
1619049600000,1.5254,1.567,1.458,1.5111,41685.94386312,1619078399999
1619078400000,1.5,1.5604,1.457,1.549,51489.80252458,1619107199999
1619107200000,1.545,1.5643,1.2761,1.3302,143759.6660136,1619135999999
1619136000000,1.3309,1.3739,1.0589,1.1045,115373.92692149,1619164799999
1619164800000,1.1055,1.3168,1.0906,1.3108,97784.7846766,1619193599999
1619193600000,1.3089,1.99,1.2954,1.6578,614710.04405683,1619222399999
1619222400000,1.6389,1.6476,1.5,1.5212,249754.83389225,1619251199999
1619251200000,1.5208,1.5541,1.372,1.4788,165654.19020314,1619279999999
1619280000000,1.476,1.4857,1.3926,1.4267,88752.79919856,1619308799999
1619308800000,1.4383,1.4752,1.3785,1.4425,25959.81271892,1619337599999
1619337600000,1.4619,1.5046,1.418,1.4846,87006.11240783,1619366399999
1619366400000,1.4979,1.4986,1.2862,1.3789,85677.41950973,1619395199999
1619395200000,1.3769,1.5645,1.3703,1.5129,103698.61638678,1619423999999
1619424000000,1.5096,1.5475,1.4343,1.5315,93321.01757887,1619452799999
1619452800000,1.5292,1.6277,1.474,1.6008,118956.16185367,1619481599999
1619481600000,1.6052,1.6999,1.5834,1.6271,119515.57981129,1619510399999
1619510400000,1.6299,1.7651,1.5956,1.6845,165817.420504,1619539199999
1619539200000,1.6936,1.7786,1.6567,1.7224,155467.39871972,1619567999999
1619568000000,1.7376,1.8551,1.5495,1.6218,128571.27298759,1619596799999
1619596800000,1.6208,1.6704,1.5552,1.6043,61870.45136365,1619625599999
1619625600000,1.5882,1.6639,1.5104,1.6583,111814.32176323,1619654399999
1619654400000,1.69,1.7311,1.5793,1.6329,52633.92419807,1619683199999
1619683200000,1.6373,1.7,1.6003,1.6093,71163.44714386,1619711999999
1619712000000,1.6113,1.6147,1.536,1.6026,50949.57026512,1619740799999
1619740800000,1.599,1.6475,1.5642,1.6446,34112.77506935,1619769599999
1619769600000,1.6445,1.6828,1.6171,1.6781,85648.87154306,1619798399999
1619798400000,1.68,1.7457,1.6554,1.7195,155407.11360301,1619827199999
1619827200000,1.7236,1.7599,1.6698,1.7103,52008.31447454,1619855999999
1619856000000,1.7092,1.8125,1.6585,1.8103,85606.52215095,1619884799999
1619884800000,1.815,1.8551,1.7546,1.8145,106477.51917804,1619913599999
1619913600000,1.8213,1.8355,1.6681,1.6983,57457.18550907,1619942399999
1619942400000,1.7013,1.7727,1.6804,1.7462,52040.55797799,1619971199999
1619971200000,1.7457,1.7798,1.7067,1.7341,64647.11910953,1619999999999
1620000000000,1.732,1.7796,1.726,1.7686,45192.11080393,1620028799999
1620028800000,1.7696,1.8088,1.7201,1.7284,90099.84662086,1620057599999
1620057600000,1.7325,1.7653,1.6915,1.7197,114332.87934405,1620086399999
1620086400000,1.7214,1.7214,1.5871,1.6216,52584.82883855,1620115199999
1620115200000,1.6217,1.6793,1.4853,1.5259,106973.972312,1620143999999
1620144000000,1.52,1.67,1.4853,1.5111,80773.36541227,1620172799999
1620172800000,1.504,1.5803,1.492,1.5621,23165.40740361,1620201599999
1620201600000,1.5639,1.6584,1.5546,1.6168,136525.08946805,1620230399999
1620230400000,1.614,1.6597,1.5937,1.6591,75357.15433346,1620259199999
1620259200000,1.656,1.6907,1.5908,1.6375,55829.43294139,1620287999999
1620288000000,1.6443,1.6566,1.5899,1.6065,80557.67898426,1620316799999
1620316800000,1.609,1.6199,1.515,1.5801,131293.51133097,1620345599999
1620345600000,1.5784,1.595,1.4931,1.5606,64702.33346389,1620374399999
1620374400000,1.5651,1.745,1.5581,1.6855,175283.90874944,1620403199999
1620403200000,1.6849,2.1085,1.678,1.8119,1085964.24013298,1620431999999
1620432000000,1.8494,2.2563,1.7709,2.1711,761646.70029251,1620460799999
1620460800000,2.1865,2.3,1.8502,1.8648,1046895.02146781,1620489599999
1620489600000,1.8597,1.9406,1.7487,1.8237,375062.30206618,1620518399999
1620518400000,1.8324,1.89,1.7329,1.8419,185741.88413334,1620547199999
1620547200000,1.8421,1.9099,1.7302,1.8222,273931.37842722,1620575999999
1620576000000,1.8154,1.8157,1.74,1.7746,98009.90189084,1620604799999
1620604800000,1.7751,1.8389,1.7605,1.783,156364.76673426,1620633599999
1620633600000,1.7832,1.7922,1.6561,1.7235,211875.08594767,1620662399999
1620662400000,1.7222,1.7222,1.4648,1.5328,248079.3056422,1620691199999
1620691200000,1.5401,1.7,1.4911,1.5697,145623.28904054,1620719999999
1620720000000,1.5685,1.6622,1.5144,1.632,66529.31735164,1620748799999
1620748800000,1.6239,1.7123,1.6043,1.6383,150167.64534685,1620777599999
1620777600000,1.6428,1.7594,1.6428,1.695,60077.98489546,1620806399999
1620806400000,1.69,1.7096,1.512,1.5687,96215.28313259,1620835199999
1620835200000,1.558,1.6438,1.35,1.3823,131125.95257389,1620863999999
1620864000000,1.3952,1.5205,1.2918,1.4807,64094.9663571,1620892799999
1620892800000,1.483,1.4926,1.3515,1.4288,90081.34878642,1620921599999
1620921600000,1.4318,1.4691,1.3336,1.4156,76700.54757679,1620950399999
1620950400000,1.4122,1.4633,1.39,1.4572,16710.23001097,1620979199999
1620979200000,1.4599,1.5465,1.4492,1.522,60365.31922298,1621007999999
1621008000000,1.522,1.561,1.4428,1.4828,70897.46747744,1621036799999
1621036800000,1.5045,1.5108,1.4003,1.407,35707.76579059,1621065599999
1621065600000,1.4161,1.4308,1.3688,1.3868,48967.73935098,1621094399999
1621094400000,1.383,1.405,1.3358,1.3437,53142.54748622,1621123199999
1621123200000,1.343,1.5,1.3361,1.4799,64554.024384,1621151999999
1621152000000,1.4805,1.4805,1.3926,1.3935,50477.07836246,1621180799999
1621180800000,1.3923,1.4033,1.224,1.3093,105744.42169679,1621209599999
1621209600000,1.3045,1.3066,1.1555,1.2758,57333.19954431,1621238399999
1621238400000,1.2767,1.2968,1.1991,1.213,97781.28922379,1621267199999
1621267200000,1.2093,1.2796,1.174,1.2334,72112.4372971,1621295999999
1621296000000,1.2375,1.3101,1.2375,1.2987,37943.11927579,1621324799999
1621324800000,1.3039,1.32,1.224,1.2323,45559.81302454,1621353599999
1621353600000,1.2526,1.2807,1.2065,1.262,43780.38632979,1621382399999
1621382400000,1.2617,1.2847,1.018,1.1186,98287.0706669,1621411199999
1621411200000,1.1172,1.1406,0.21201,0.89389,446240.59872913,1621439999999
1621440000000,0.89034,0.97108,0.79558,0.81033,112342.37941473,1621468799999
1621468800000,0.83345,0.95792,0.71438,0.90977,23694.19185215,1621497599999
1621497600000,0.92625,0.98999,0.866,0.95471,87954.13275452,1621526399999
1621526400000,0.93799,0.98303,0.84855,0.98303,59155.83460507,1621555199999
1621555200000,0.98201,1.2356,0.98201,1.0637,326691.890952,1621583999999
1621584000000,1.0624,1.1167,0.88838,0.90485,210351.61345637,1621612799999
1621612800000,0.90912,0.97597,0.77004,0.90675,117898.98508352,1621641599999
1621641600000,0.92491,0.93204,0.80862,0.86007,35259.6090072,1621670399999
1621670400000,0.8601,0.94445,0.85321,0.87699,28966.46550417,1621699199999
1621699200000,0.876,0.87988,0.81988,0.84952,35606.20147634,1621727999999
1621728000000,0.85712,1.1009,0.85712,0.95391,358926.15786626,1621756799999
1621756800000,0.95724,0.95724,0.72839,0.72856,562733.52829079,1621785599999
1621785600000,0.73564,0.76867,0.6303,0.74632,162193.96965654,1621814399999
1621814400000,0.75227,0.85567,0.72426,0.84135,142825.09629633,1621843199999
1621843200000,0.83984,0.90427,0.78999,0.87611,328473.93575017,1621871999999
1621872000000,0.87646,0.91075,0.81301,0.88719,122258.41780811,1621900799999
1621900800000,0.89916,0.93658,0.84062,0.89543,24420.45971146,1621929599999
1621929600000,0.90359,0.9091,0.7833,0.88327,134095.14599704,1621958399999
1621958400000,0.87558,0.907,0.85071,0.89755,109056.89098574,1621987199999
1621987200000,0.8912,1.034,0.88766,1.015,115450.28401549,1622015999999
1622016000000,1.0082,1.0352,0.93551,0.96995,100943.12742555,1622044799999
1622044800000,0.9636,1.0556,0.96111,1.0525,79213.74508656,1622073599999
1622073600000,1.0454,1.0492,0.92978,0.97946,47799.00333469,1622102399999
1622102400000,0.9805,1.0311,0.95887,0.99301,51728.72133696,1622131199999
1622131200000,0.98601,1.0035,0.94339,0.98139,38019.50302469,1622159999999
1622160000000,0.97889,0.98775,0.87303,0.87558,62436.82673306,1622188799999
1622188800000,0.88909,0.91352,0.83459,0.88696,77021.17658556,1622217599999
1622217600000,0.88641,0.88999,0.82209,0.87099,19209.2441965,1622246399999
1622246400000,0.871,0.90905,0.871,0.88238,17136.80586505,1622275199999
1622275200000,0.87423,0.87893,0.78923,0.8,27195.50626824,1622303999999
1622304000000,0.79775,0.84074,0.77202,0.83308,24738.17911461,1622332799999
1622332800000,0.82666,0.86861,0.79628,0.86621,23882.05058542,1622361599999
1622361600000,0.87625,0.87657,0.82264,0.8416,20938.65166761,1622390399999
1622390400000,0.84435,0.8683,0.8291,0.83487,23377.2365647,1622419199999
1622419200000,0.829,0.84991,0.79647,0.84476,11993.81208601,1622447999999
1622448000000,0.84321,0.93302,0.83658,0.88326,56715.3054424,1622476799999
1622476800000,0.88209,0.8954,0.86605,0.89288,17014.37127495,1622505599999
1622505600000,0.899,0.899,0.86,0.87732,29433.13365187,1622534399999
1622534400000,0.87034,0.87636,0.84187,0.86008,26820.50311338,1622563199999
1622563200000,0.86839,0.87407,0.84524,0.86062,23388.98763698,1622591999999
1622592000000,0.86142,0.99492,0.86142,0.94169,106260.35569939,1622620799999
1622620800000,0.94105,0.959,0.902,0.94485,71710.84801971,1622649599999
1622649600000,0.93779,1.0276,0.92188,0.97846,71234.60658766,1622678399999
1622678400000,0.96909,0.98185,0.94462,0.97103,34585.39075223,1622707199999
1622707200000,0.97525,1.0252,0.95513,1.0092,72801.47845851,1622735999999
1622736000000,1.0109,1.0748,0.99473,1.0066,129875.84700917,1622764799999
1622764800000,1.0,1.0,0.87607,0.89757,53539.17709136,1622793599999
1622793600000,0.89992,0.9255,0.866,0.90352,36910.73616217,1622822399999
1622822400000,0.90233,0.9374,0.89736,0.92149,75806.17154675,1622851199999
1622851200000,0.91116,1.02,0.91116,0.93894,86256.13675478,1622879999999
1622880000000,0.94257,0.95193,0.8681,0.88938,42657.16558336,1622908799999
1622908800000,0.88437,0.89357,0.84074,0.87517,31567.63447279,1622937599999
1622937600000,0.87799,0.95,0.87799,0.92942,45294.45064749,1622966399999
1622966400000,0.93426,0.978,0.92023,0.96089,159318.01798904,1622995199999
1622995200000,0.95974,0.98379,0.93299,0.95153,163082.33843034,1623023999999
1623024000000,0.942,0.95649,0.92854,0.93432,28607.73535835,1623052799999
1623052800000,0.93985,0.95903,0.92546,0.92823,25488.17605391,1623081599999
1623081600000,0.93264,0.93264,0.84153,0.84159,71583.3496922,1623110399999
1623110400000,0.84033,0.85875,0.78,0.80492,69780.82027155,1623139199999
1623139200000,0.80703,0.82006,0.74673,0.77443,170581.52658756,1623167999999
1623168000000,0.76716,0.83469,0.76716,0.8108,63127.88006528,1623196799999
1623196800000,0.81482,0.82077,0.778,0.80984,62396.86983931,1623225599999
1623225600000,0.79875,0.83967,0.79229,0.83721,36126.20002945,1623254399999
1623254400000,0.83956,0.85879,0.80812,0.83758,226734.73755079,1623283199999
1623283200000,0.83728,0.86984,0.82251,0.84396,29049.67294496,1623311999999
1623312000000,0.8473,0.86546,0.81588,0.81588,16319.70456436,1623340799999
1623340800000,0.81296,0.83,0.78022,0.81899,103736.035858,1623369599999
1623369600000,0.80076,0.826,0.78853,0.82088,18211.97181659,1623398399999
1623398400000,0.82224,0.88555,0.80479,0.80906,150061.90055775,1623427199999
1623427200000,0.81046,0.81382,0.76438,0.78113,119884.00847483,1623455999999
1623456000000,0.77049,0.77336,0.70014,0.7242,27435.31730943,1623484799999
1623484800000,0.72982,0.76813,0.71306,0.75539,30368.13370037,1623513599999
1623513600000,0.75333,0.78258,0.7391,0.7391,18290.15265951,1623542399999
1623542400000,0.73704,0.7761,0.73009,0.75089,17274.90191395,1623571199999
1623571200000,0.745,0.75805,0.72435,0.73907,15920.4593728,1623599999999
1623600000000,0.74168,0.79299,0.74168,0.78022,42451.60314032,1623628799999
1623628800000,0.778,0.7811,0.76304,0.77297,19779.23654048,1623657599999
1623657600000,0.76948,0.80118,0.76009,0.80023,45443.11341268,1623686399999
1623686400000,0.79913,0.80368,0.78041,0.79806,26880.4673575,1623715199999
1623715200000,0.79843,0.83538,0.79293,0.81606,37487.71763747,1623743999999
1623744000000,0.81552,0.8182,0.78183,0.78342,36773.25162563,1623772799999
1623772800000,0.78527,0.80425,0.7723,0.8006,25660.04536814,1623801599999
1623801600000,0.78434,0.79,0.76844,0.78552,7951.7674548,1623830399999
1623830400000,0.78671,0.78719,0.748,0.7577,35336.64504924,1623859199999
1623859200000,0.76145,0.77592,0.74729,0.74892,16714.56871023,1623887999999
1623888000000,0.76478,0.77693,0.76422,0.77649,5160.53016508,1623916799999
1623916800000,0.77291,0.77291,0.75596,0.77041,9983.20643316,1623945599999
1623945600000,0.76639,0.76973,0.73473,0.74713,13570.69814832,1623974399999
1623974400000,0.7482,0.75088,0.72908,0.73871,13520.28030644,1624003199999
1624003200000,0.73775,0.73788,0.69601,0.69601,18290.84514862,1624031999999
1624032000000,0.69315,0.7103,0.669,0.70102,15809.90986772,1624060799999
1624060800000,0.70368,0.71207,0.6812,0.70814,2981.87083942,1624089599999
1624089600000,0.71402,0.71666,0.69225,0.69619,10971.12659016,1624118399999
1624118400000,0.70218,0.74938,0.69628,0.7029,65079.4070239,1624147199999
1624147200000,0.69713,0.73063,0.68886,0.71832,17151.58104659,1624175999999
1624176000000,0.7173,0.72299,0.65696,0.67264,43137.40305715,1624204799999
1624204800000,0.66926,0.70219,0.66765,0.6937,24033.384288,1624233599999
1624233600000,0.69496,0.69496,0.62101,0.62669,20034.84186494,1624262399999
1624262400000,0.62467,0.63294,0.56945,0.5843,73259.02916843,1624291199999
1624291200000,0.59253,0.59293,0.52244,0.52252,102582.99550345,1624319999999
1624320000000,0.5233,0.55705,0.50516,0.53523,50718.58261108,1624348799999
1624348800000,0.53807,0.53807,0.42026,0.48392,74692.33449276,1624377599999
1624377600000,0.48414,0.5112,0.42752,0.48159,45648.5730256,1624406399999
1624406400000,0.48946,0.54912,0.48946,0.53664,19543.28183016,1624435199999
1624435200000,0.53558,0.5993,0.52519,0.55472,41793.03557533,1624463999999
1624464000000,0.55598,0.57896,0.52729,0.53368,66198.35207647,1624492799999
1624492800000,0.55612,0.55944,0.51746,0.5372,11837.52759491,1624521599999
1624521600000,0.53336,0.56747,0.53336,0.55772,21979.65291218,1624550399999
1624550400000,0.56038,0.57653,0.55473,0.56635,47657.296502,1624579199999
1624579200000,0.56906,0.58133,0.54633,0.55232,11988.97804286,1624607999999
1624608000000,0.54874,0.55381,0.51065,0.52404,29001.89231068,1624636799999
1624636800000,0.51844,0.52688,0.5046,0.51667,20493.50408739,1624665599999
1624665600000,0.51475,0.53836,0.49744,0.49744,32330.6117193,1624694399999
1624694400000,0.49355,0.51765,0.48743,0.50574,12750.26616198,1624723199999
1624723200000,0.49621,0.52263,0.49355,0.52236,5273.02893685,1624751999999
1624752000000,0.52182,0.54222,0.52182,0.53666,6572.28575194,1624780799999
1624780800000,0.53662,0.53662,0.51469,0.52384,12040.36796673,1624809599999
1624809600000,0.52143,0.54907,0.51003,0.54907,7404.02945787,1624838399999
1624838400000,0.55078,0.56704,0.5394,0.567,10513.09500309,1624867199999
1624867200000,0.56357,0.57969,0.54426,0.57969,20097.52453614,1624895999999
1624896000000,0.5768,0.59208,0.5598,0.59198,19792.36097798,1624924799999
1624924800000,0.58769,0.692,0.58739,0.68917,63838.03123985,1624953599999
1624953600000,0.6903,0.76174,0.67205,0.71769,271110.28889269,1624982399999
1624982400000,0.7231,0.78512,0.70684,0.73223,321349.35358493,1625011199999
1625011200000,0.7378,0.7378,0.66111,0.69811,130483.11944234,1625039999999
1625040000000,0.69622,0.75999,0.65374,0.66011,104910.38840843,1625068799999
1625068800000,0.65794,0.7087,0.65232,0.70682,254135.99570467,1625097599999
1625097600000,0.70776,0.70776,0.6531,0.6531,107653.47242239,1625126399999
1625126400000,0.65375,0.66708,0.64629,0.65973,35359.22586022,1625155199999
1625155200000,0.6546,0.67029,0.63458,0.67029,37187.16365805,1625183999999
1625184000000,0.67034,0.74563,0.67034,0.73655,168734.3214258,1625212799999
1625212800000,0.73275,0.752,0.70632,0.73859,168027.53334636,1625241599999
1625241600000,0.73697,0.73697,0.68778,0.71956,69098.37671201,1625270399999
1625270400000,0.70286,0.71599,0.69,0.71599,50118.25740965,1625299199999
1625299200000,0.71424,0.72995,0.70681,0.71518,88445.67258262,1625327999999
1625328000000,0.71526,0.73223,0.70833,0.73223,28707.63753899,1625356799999
1625356800000,0.7278,0.79181,0.7278,0.76079,65323.55278991,1625385599999
1625385600000,0.7624,0.76271,0.72585,0.7324,46022.31831753,1625414399999
1625414400000,0.73431,0.74798,0.72593,0.72603,72030.67542608,1625443199999
1625443200000,0.72,0.72717,0.7027,0.71294,27626.41211145,1625471999999
1625472000000,0.71472,0.75226,0.69394,0.70709,95921.97234836,1625500799999
1625500800000,0.70668,0.75627,0.69737,0.75128,69187.24089378,1625529599999
1625529600000,0.74915,0.86044,0.74395,0.86044,224082.93383034,1625558399999
1625558400000,0.85597,0.869,0.8015,0.83784,260877.09849334,1625587199999
1625587200000,0.82738,0.84442,0.78856,0.81271,188002.91759829,1625615999999
1625616000000,0.80965,0.93116,0.782,0.92031,214982.4448671,1625644799999
1625644800000,0.91763,1.038,0.87176,0.87395,185912.81535826,1625673599999
1625673600000,0.87393,0.90147,0.81615,0.82558,159449.16138521,1625702399999
1625702400000,0.8406,0.8488,0.7629,0.7629,89404.76705308,1625731199999
1625731200000,0.76541,0.79354,0.75806,0.78155,127651.15302405,1625759999999
1625760000000,0.77956,0.92,0.77738,0.90856,331129.15351666,1625788799999
1625788800000,0.89054,0.92,0.82779,0.837,194934.74151093,1625817599999
1625817600000,0.84624,0.85172,0.78901,0.84249,236008.62453739,1625846399999
1625846400000,0.83488,0.85236,0.79998,0.83466,84641.95413832,1625875199999
1625875200000,0.83825,0.8419,0.80131,0.80766,52465.71865429,1625903999999
1625904000000,0.8092,0.82181,0.7996,0.8178,59379.00440199,1625932799999
1625932800000,0.82,0.82135,0.78303,0.79901,16698.70309431,1625961599999
1625961600000,0.80089,0.81622,0.7679,0.77779,80318.15932728,1625990399999
1625990400000,0.77979,0.80499,0.77979,0.8044,40331.94204905,1626019199999
1626019200000,0.80301,0.80799,0.777,0.7985,28074.15220635,1626047999999
1626048000000,0.79159,0.8002,0.78297,0.78484,14962.2906443,1626076799999
1626076800000,0.78423,0.78939,0.76641,0.76871,14494.03439793,1626105599999
1626105600000,0.76899,0.77937,0.7341,0.77937,19838.52349741,1626134399999
1626134400000,0.7725,0.7725,0.73039,0.75179,17629.38325706,1626163199999
1626163200000,0.75072,0.7537,0.73038,0.7461,14618.24781414,1626191999999
1626192000000,0.74552,0.75473,0.72241,0.75473,22038.60516027,1626220799999
1626220800000,0.76069,0.8728,0.76069,0.80779,215808.50949782,1626249599999
1626249600000,0.8112,0.84687,0.7874,0.79143,363326.14986942,1626278399999
1626278400000,0.79223,0.81742,0.78323,0.78869,68724.18369292,1626307199999
1626307200000,0.77582,0.7879,0.74001,0.75163,51636.3614018,1626335999999
1626336000000,0.7503,0.75999,0.7307,0.73967,71325.26690247,1626364799999
1626364800000,0.74144,0.75789,0.72057,0.74501,54393.12446891,1626393599999
1626393600000,0.73812,0.74762,0.71481,0.7169,8708.78225301,1626422399999
1626422400000,0.71896,0.71896,0.6757,0.70929,39932.55453636,1626451199999
1626451200000,0.71005,0.71005,0.68151,0.68151,18007.45885145,1626479999999
1626480000000,0.67801,0.68421,0.65461,0.66353,7353.91824277,1626508799999
1626508800000,0.66576,0.67536,0.6503,0.66132,19503.46577165,1626537599999
1626537600000,0.66382,0.67579,0.6552,0.67033,19916.01440992,1626566399999
1626566400000,0.67081,0.69309,0.67015,0.67071,16477.8002101,1626595199999
1626595200000,0.67102,0.68276,0.65786,0.6619,12192.92656733,1626623999999
1626624000000,0.66489,0.6904,0.6632,0.68598,6965.37381805,1626652799999
1626652800000,0.68936,0.74274,0.68936,0.73539,145449.63536693,1626681599999
1626681600000,0.73859,0.7388,0.63039,0.6686,1104745.53131034,1626710399999
1626710400000,0.66581,0.6769,0.65426,0.65426,231633.76090043,1626739199999
1626739200000,0.65369,0.6674,0.58271,0.60139,335009.05018065,1626767999999
1626768000000,0.6024,0.60468,0.5712,0.60281,83419.18738907,1626796799999
1626796800000,0.60121,0.61037,0.5929,0.59929,67395.18101026,1626825599999
1626825600000,0.60177,0.6382,0.57784,0.63489,100469.89002982,1626854399999
1626854400000,0.63306,0.6434,0.62166,0.64159,37743.80506309,1626883199999
1626883200000,0.64295,0.6528,0.616,0.63549,65533.91763595,1626911999999
1626912000000,0.64397,0.65285,0.62849,0.6426,10122.26849042,1626940799999
1626940800000,0.64429,0.6566,0.6291,0.65641,34055.13718489,1626969599999
1626969600000,0.6565,0.66339,0.64821,0.65921,45689.46557871,1626998399999
1626998400000,0.6648,0.6806,0.65951,0.6627,29210.44420812,1627027199999
1627027200000,0.66459,0.66459,0.64701,0.65021,11625.07297688,1627055999999
1627056000000,0.65071,0.67588,0.63102,0.67401,23849.29919477,1627084799999
1627084800000,0.6694,0.68589,0.6664,0.6833,23220.32523894,1627113599999
1627113600000,0.6882,0.7253,0.67361,0.71138,34062.06555714,1627142399999
1627142400000,0.7077,0.71639,0.6832,0.70021,46879.91776584,1627171199999
1627171200000,0.70141,0.7132,0.674,0.7062,43933.91141516,1627199999999
1627200000000,0.7091,0.71505,0.6764,0.69259,25038.73411834,1627228799999
1627228800000,0.69071,0.70979,0.68287,0.70979,8292.80117002,1627257599999
1627257600000,0.72449,0.76569,0.72449,0.741,70892.12071558,1627286399999
1627286400000,0.74599,0.8109,0.7355,0.76079,84487.46058095,1627315199999
1627315200000,0.7631,0.77959,0.71209,0.72597,92859.15843079,1627343999999
1627344000000,0.72972,0.83742,0.72972,0.7753,156916.84474617,1627372799999
1627372800000,0.77606,0.8052,0.76178,0.7665,48637.54869482,1627401599999
1627401600000,0.76779,0.78455,0.73999,0.78455,89936.78355877,1627430399999
1627430400000,0.79775,0.94512,0.7931,0.85401,467449.48490847,1627459199999
1627459200000,0.84883,0.8894,0.83871,0.85715,319427.02349458,1627487999999
1627488000000,0.85531,0.88941,0.83963,0.85101,282938.11710636,1627516799999
1627516800000,0.84659,0.84659,0.81015,0.824,186958.78767321,1627545599999
1627545600000,0.82091,0.83846,0.81521,0.82621,99119.78432976,1627574399999
1627574400000,0.83327,0.84988,0.81949,0.84531,56250.76248962,1627603199999
1627603200000,0.83982,0.855,0.8276,0.82979,61420.95485433,1627631999999
1627632000000,0.82691,0.8287,0.78538,0.8206,69588.74974969,1627660799999
1627660800000,0.82196,0.85788,0.81661,0.85411,69461.99594299,1627689599999
1627689600000,0.8472,0.87018,0.83581,0.84659,97598.14606415,1627718399999
1627718400000,0.84759,0.8921,0.84591,0.8645,113455.42014043,1627747199999
1627747200000,0.86769,0.88607,0.8573,0.8775,101080.98382382,1627775999999
1627776000000,0.87719,1.01,0.87719,0.96031,422662.38797429,1627804799999
1627804800000,0.96027,0.96665,0.9102,0.9137,154961.13376795,1627833599999
1627833600000,0.91,0.9207,0.864,0.8721,94530.46817071,1627862399999
1627862400000,0.8731,0.88701,0.84107,0.87852,95180.35389624,1627891199999
1627891200000,0.88122,0.88193,0.84713,0.88193,83878.62109916,1627919999999
1627920000000,0.88053,0.8853,0.85201,0.87004,54603.63938587,1627948799999
1627948800000,0.86882,0.8721,0.81555,0.82781,27014.79755474,1627977599999
1627977600000,0.82831,0.8423,0.8187,0.82879,37733.4666542,1628006399999
1628006400000,0.82847,0.85623,0.81501,0.85623,137985.24877777,1628035199999
1628035200000,0.85992,0.97,0.85992,0.88613,180782.62354641,1628063999999
1628064000000,0.88284,0.93369,0.87731,0.91763,104763.27093396,1628092799999
1628092800000,0.91851,0.9294,0.90771,0.92509,115828.28123746,1628121599999
1628121600000,0.92982,0.92982,0.88867,0.89031,87495.79200817,1628150399999
1628150400000,0.88969,0.90429,0.86951,0.89517,125606.2236285,1628179199999
1628179200000,0.89272,0.93065,0.8904,0.93065,94010.25273939,1628207999999
1628208000000,0.918,0.93032,0.90107,0.9276,41666.59697646,1628236799999
1628236800000,0.92848,0.95763,0.91701,0.9561,109362.0784356,1628265599999
1628265600000,0.95366,0.9783,0.94202,0.97126,103799.75282104,1628294399999
1628294400000,0.96476,0.99198,0.94334,0.9708,120942.93516063,1628323199999
1628323200000,0.97107,0.99979,0.9442,0.96946,96006.78341083,1628351999999
1628352000000,0.97046,1.0,0.94089,1.0,225126.8726015,1628380799999
1628380800000,1.0,1.0177,0.95684,0.9791,80035.94053749,1628409599999
1628409600000,0.98013,0.98889,0.93108,0.94169,80967.66595107,1628438399999
1628438400000,0.93946,0.95685,0.89593,0.9388,58753.60573854,1628467199999
1628467200000,0.94903,0.94903,0.8988,0.9214,18290.9593286,1628495999999
1628496000000,0.9238,0.973,0.92181,0.97198,47749.75399005,1628524799999
1628524800000,0.97381,0.9908,0.9506,0.9895,76995.21697655,1628553599999
1628553600000,0.9768,0.9814,0.96168,0.9769,33068.24576906,1628582399999
1628582400000,0.97926,0.9952,0.94926,0.95587,56045.86634895,1628611199999
1628611200000,0.9564,1.0049,0.93628,1.0023,80313.8725242,1628639999999
1628640000000,0.99037,1.0236,0.9882,1.0202,56120.29459476,1628668799999
1628668800000,1.0198,1.0705,1.0056,1.0525,203349.04587052,1628697599999
1628697600000,1.0526,1.092,1.0118,1.0294,170046.51439486,1628726399999
1628726400000,1.0396,1.0937,0.96001,1.0102,89799.12654647,1628755199999
1628755200000,1.0066,1.0155,0.9435,0.96251,225549.62608467,1628783999999
1628784000000,0.9656,0.98711,0.9447,0.98711,79940.52833127,1628812799999
1628812800000,0.98088,1.0325,0.96477,1.0321,149362.86095519,1628841599999
1628841600000,1.0319,1.0455,1.0042,1.0336,155089.12933923,1628870399999
1628870400000,1.0303,1.067,1.0303,1.067,99742.28548009,1628899199999
1628899200000,1.0637,1.0656,1.0362,1.0511,43533.69504522,1628927999999
1628928000000,1.0524,1.09,1.0127,1.0882,84319.17515841,1628956799999
1628956800000,1.0878,1.1416,1.0543,1.1416,106269.60764461,1628985599999
1628985600000,1.1271,1.1317,1.0418,1.0631,57602.27184109,1629014399999
1629014400000,1.0609,1.096,1.0538,1.0821,67257.05844699,1629043199999
1629043200000,1.0798,1.1375,1.0616,1.1375,72499.62844216,1629071999999
1629072000000,1.1398,1.2118,1.1398,1.1683,93964.22867917,1629100799999
1629100800000,1.1683,1.2114,1.1428,1.1769,116181.74686604,1629129599999
1629129600000,1.1788,1.1828,1.1096,1.1233,46127.00912559,1629158399999
1629158400000,1.1154,1.1382,1.0735,1.1116,27790.69441393,1629187199999
1629187200000,1.121,1.1964,1.105,1.105,64403.65590707,1629215999999
1629216000000,1.106,1.1317,1.0239,1.043,62230.6204956,1629244799999
1629244800000,1.0465,1.0964,0.98695,1.0254,46005.74325123,1629273599999
1629273600000,1.0279,1.0686,0.9984,1.0515,67665.20415626,1629302399999
1629302400000,1.0515,1.0663,0.9901,1.0273,45976.23073937,1629331199999
1629331200000,1.0259,1.0369,0.99151,1.0036,13595.44541462,1629359999999
1629360000000,1.0197,1.0285,0.9849,1.0256,26508.29612672,1629388799999
1629388800000,1.028,1.082,1.0093,1.082,65129.43405258,1629417599999
1629417600000,1.0834,1.1231,1.0492,1.0591,30552.79669618,1629446399999
1629446400000,1.0599,1.1125,1.0536,1.1078,46081.1756219,1629475199999
1629475200000,1.1092,1.1297,1.0854,1.1162,36185.20370099,1629503999999
1629504000000,1.1119,1.1345,1.0917,1.1336,16073.40870078,1629532799999
1629532800000,1.13,1.1507,1.0822,1.1448,65896.55773152,1629561599999
1629561600000,1.1443,1.1623,1.106,1.144,39897.17323854,1629590399999
1629590400000,1.1453,1.1476,1.1202,1.1355,23545.78869991,1629619199999
1629619200000,1.1372,1.1629,1.088,1.1112,72831.46003795,1629647999999
1629648000000,1.1084,1.1462,1.0869,1.1462,52005.83401465,1629676799999
1629676800000,1.14,1.1894,1.1362,1.1785,59784.222932,1629705599999
1629705600000,1.1708,1.2222,1.1585,1.1737,119040.13339042,1629734399999
1629734400000,1.1748,1.1963,1.1291,1.1963,45969.0086388,1629763199999
1629763200000,1.199,1.2312,1.1605,1.2312,33921.27462561,1629791999999
1629792000000,1.233,1.25,1.1132,1.1284,78830.35906288,1629820799999
1629820800000,1.1252,1.1399,1.0613,1.1121,33523.7338448,1629849599999
1629849600000,1.1149,1.1431,1.108,1.1226,6026.76019413,1629878399999
1629878400000,1.1275,1.1279,1.0551,1.1246,51788.59095469,1629907199999
1629907200000,1.1257,1.1775,1.1158,1.1746,54931.25927239,1629935999999
1629936000000,1.1899,1.4299,1.1897,1.2103,220802.95162133,1629964799999
1629964800000,1.2215,1.3188,1.189,1.2727,296942.64245286,1629993599999
1629993600000,1.2764,1.2892,1.1878,1.1904,190518.86668001,1630022399999
1630022400000,1.1876,1.1876,1.1079,1.1542,85949.4197491,1630051199999
1630051200000,1.1552,1.2046,1.1399,1.1894,247752.2118547,1630079999999
1630080000000,1.1964,1.2382,1.18,1.2322,115866.59065203,1630108799999
1630108800000,1.2426,1.2426,1.1818,1.1896,25012.79917146,1630137599999
1630137600000,1.1951,1.2992,1.1911,1.2881,198744.48893489,1630166399999
1630166400000,1.2949,1.3233,1.2436,1.291,264694.26775858,1630195199999
1630195200000,1.2876,1.2876,1.2137,1.2459,19737.34832587,1630223999999
1630224000000,1.2496,1.3133,1.236,1.2687,111121.88367969,1630252799999
1630252800000,1.2723,1.3499,1.2599,1.348,21460.80821461,1630281599999
1630281600000,1.3297,1.3354,1.2625,1.2853,34602.17175126,1630310399999
1630310400000,1.2801,1.3123,1.251,1.3007,50418.62850357,1630339199999
1630339200000,1.2944,1.31,1.2301,1.2411,35603.77400339,1630367999999
1630368000000,1.2374,1.2527,1.1983,1.2438,39342.13489785,1630396799999
1630396800000,1.2466,1.3572,1.2463,1.3325,81824.81994599,1630425599999
1630425600000,1.3075,1.3075,1.2274,1.2456,47179.60990405,1630454399999
1630454400000,1.2311,1.2503,1.2024,1.2307,14480.12921009,1630483199999
1630483200000,1.2338,1.263,1.2266,1.2347,24014.07256802,1630511999999
1630512000000,1.2348,1.2775,1.2276,1.2775,39357.89774553,1630540799999
1630540800000,1.296,1.3255,1.2559,1.256,53410.48537192,1630569599999
1630569600000,1.2602,1.2953,1.2497,1.2595,26551.10178232,1630598399999
1630598400000,1.2581,1.2868,1.2572,1.2817,24503.06948394,1630627199999
1630627200000,1.2765,1.2789,1.24,1.2766,16279.12456956,1630655999999
1630656000000,1.2751,1.3055,1.2631,1.293,52420.9847502,1630684799999
1630684800000,1.2967,1.3291,1.2931,1.325,31433.85204111,1630713599999
1630713600000,1.3247,1.505,1.3216,1.4481,122576.04530344,1630742399999
1630742400000,1.4524,1.4792,1.3879,1.4235,79655.20323937,1630771199999
1630771200000,1.4252,1.4566,1.386,1.4527,48901.96054975,1630799999999
1630800000000,1.4522,1.6507,1.4433,1.46,78050.70688132,1630828799999
1630828800000,1.4609,1.57,1.4283,1.4334,94926.2823094,1630857599999
1630857600000,1.4426,1.4966,1.4238,1.4383,63834.7092679,1630886399999
1630886400000,1.4241,1.4667,1.4158,1.4601,56717.37989978,1630915199999
1630915200000,1.4615,1.4843,1.3469,1.42,138175.7776675,1630943999999
1630944000000,1.4186,1.52,1.4128,1.52,52804.82904325,1630972799999
1630972800000,1.5212,1.7197,1.4461,1.472,269809.09619076,1631001599999
1631001600000,1.4606,1.466,1.0,1.1912,157310.01913554,1631030399999
1631030400000,1.1912,1.2715,1.1366,1.1882,78415.7917583,1631059199999
1631059200000,1.2099,1.2263,1.0736,1.074,79608.99555315,1631087999999
1631088000000,1.0691,1.1651,1.0437,1.1484,67679.71625861,1631116799999
1631116800000,1.1567,1.3114,1.1567,1.2954,81914.69800526,1631145599999
1631145600000,1.2963,1.2963,1.2158,1.2626,31248.44419293,1631174399999
1631174400000,1.2613,1.3082,1.23,1.2959,43394.49689044,1631203199999
1631203200000,1.3028,1.3363,1.2385,1.3363,35748.16485847,1631231999999
1631232000000,1.316,1.316,1.241,1.2412,37669.37422381,1631260799999
1631260800000,1.25,1.2561,1.1576,1.2079,19846.0706867,1631289599999
1631289600000,1.2057,1.2365,1.1676,1.2088,15366.3963724,1631318399999
1631318400000,1.1992,1.2105,1.1598,1.1653,10923.7556116,1631347199999
1631347200000,1.1751,1.2101,1.1623,1.202,16524.54081672,1631375999999
1631376000000,1.2069,1.2092,1.1818,1.2092,4578.0045847,1631404799999
1631404800000,1.2021,1.2021,1.1605,1.1758,5308.91428433,1631433599999
1631433600000,1.1777,1.224,1.175,1.2131,50842.01413145,1631462399999
1631462400000,1.2191,1.2442,1.1793,1.2424,34745.96683885,1631491199999
1631491200000,1.2464,1.2758,1.1209,1.132,14196.90053313,1631519999999
1631520000000,1.1315,1.1706,1.0817,1.1208,28508.01926226,1631548799999
1631548800000,1.1115,1.1489,1.1115,1.1411,12319.16313343,1631577599999
1631577600000,1.1407,1.1449,1.1254,1.1446,5342.51899468,1631606399999
1631606400000,1.1422,1.1707,1.1342,1.1707,10182.91084812,1631635199999
1631635200000,1.1721,1.2005,1.1624,1.1989,4735.22169176,1631663999999
1631664000000,1.1862,1.1882,1.1702,1.1769,3891.34652187,1631692799999
1631692800000,1.1762,1.2225,1.1748,1.2169,9993.39188807,1631721599999
1631721600000,1.2176,1.2596,1.2173,1.2495,25397.5179713,1631750399999
1631750400000,1.2483,1.2483,1.1915,1.223,3567.78615588,1631779199999
1631779200000,1.2237,1.2295,1.1834,1.2187,9209.41185945,1631807999999
1631808000000,1.2209,1.2259,1.1829,1.2089,13690.79438973,1631836799999
1631836800000,1.2141,1.2141,1.1821,1.1821,9778.97733023,1631865599999
1631865600000,1.1887,1.1963,1.1502,1.179,10162.03313592,1631894399999
1631894400000,1.1772,1.1888,1.1583,1.1739,1185.84303175,1631923199999
1631923200000,1.1582,1.2093,1.155,1.1986,10758.18536466,1631951999999
1631952000000,1.2012,1.2152,1.1895,1.1895,19641.3068267,1631980799999
1631980800000,1.1952,1.1954,1.1694,1.1953,5512.00397636,1632009599999
1632009600000,1.1921,1.1921,1.1673,1.1824,1675.29987173,1632038399999
1632038400000,1.1805,1.1842,1.1408,1.1603,4988.12797279,1632067199999
1632067200000,1.1561,1.1635,1.1301,1.1453,4625.24698682,1632095999999
1632096000000,1.1415,1.1415,1.018,1.0257,13317.95219356,1632124799999
1632124800000,1.0234,1.0444,0.92844,0.99002,45684.19752906,1632153599999
1632153600000,0.99726,1.0192,0.96533,0.96763,32626.42711143,1632182399999
1632182400000,0.97131,0.99367,0.92224,0.98616,9994.08477289,1632211199999
1632211200000,0.9859,0.9989,0.95134,0.97312,11052.40934275,1632239999999
1632240000000,0.97648,0.97648,0.87299,0.8733,17239.03619615,1632268799999
1632268800000,0.89001,0.93235,0.87169,0.93235,5864.310255,1632297599999
1632297600000,0.9265,0.9534,0.91161,0.9468,7646.61205767,1632326399999
1632326400000,0.9518,0.98304,0.9508,0.98304,15551.4301596,1632355199999
1632355200000,0.97933,1.0014,0.97067,1.0014,13847.17854238,1632383999999
1632384000000,1.0008,1.0024,0.9597,0.98617,11043.44423806,1632412799999
1632412800000,0.98637,1.0226,0.98209,1.0226,9038.73205584,1632441599999
1632441600000,1.024,1.024,0.96041,0.9864,6286.86262857,1632470399999
1632470400000,0.99017,1.0009,0.8627,0.91291,13457.75088125,1632499199999
1632499200000,0.92273,0.94886,0.912,0.93709,3104.55779998,1632527999999
1632528000000,0.94018,0.94643,0.91121,0.91313,3696.38084352,1632556799999
1632556800000,0.91303,0.93522,0.8952,0.93108,17417.77501189,1632585599999
1632585600000,0.92176,0.93817,0.91841,0.93476,2417.83317207,1632614399999
1632614400000,0.92077,0.92077,0.84185,0.8608,26731.36589923,1632643199999
1632643200000,0.85886,0.91921,0.84862,0.91805,21456.52783376,1632671999999
1632672000000,0.9239,0.97689,0.9001,0.91712,76153.07981431,1632700799999
1632700800000,0.92121,0.93826,0.9149,0.92565,9329.24111452,1632729599999
1632729600000,0.9289,0.9549,0.908,0.91306,119250.24426385,1632758399999
1632758400000,0.91421,0.91421,0.88372,0.88517,11946.96978954,1632787199999
1632787200000,0.87521,0.8947,0.86144,0.86144,3052.84479806,1632815999999
1632816000000,0.86389,0.88042,0.85403,0.8541,8952.97562017,1632844799999
1632844800000,0.85503,0.86533,0.84087,0.84241,12832.78357845,1632873599999
1632873600000,0.8323,0.89002,0.8323,0.89002,3683.85501879,1632902399999
1632902400000,0.88867,0.89707,0.87522,0.87522,3586.32442066,1632931199999
1632931200000,0.87447,0.87534,0.85589,0.86172,6525.34968849,1632959999999
1632960000000,0.87162,0.9225,0.87162,0.9123,9973.76674143,1632988799999
1632988800000,0.90038,0.955,0.89158,0.93821,24825.28680543,1633017599999
1633017600000,0.9452,0.94727,0.9193,0.94396,23101.54087159,1633046399999
1633046400000,0.9457,0.95877,0.93163,0.95877,1502.2493737,1633075199999
1633075200000,0.9601,1.0201,0.9585,1.0201,47307.37179351,1633103999999
1633104000000,1.0191,1.0533,1.0125,1.037,60020.45414311,1633132799999
1633132800000,1.0279,1.0514,1.0279,1.0376,5367.01870325,1633161599999
1633161600000,1.0388,1.0525,1.0216,1.0525,40825.25071385,1633190399999
1633190400000,1.0514,1.0637,1.0234,1.0265,23998.03150299,1633219199999
1633219200000,1.0281,1.0432,1.0043,1.0298,23498.56014323,1633247999999
1633248000000,1.0343,1.0638,1.0167,1.0449,21717.57631069,1633276799999
1633276800000,1.0422,1.0648,1.0297,1.0487,14636.91077326,1633305599999
1633305600000,1.0427,1.0824,1.0109,1.0411,26086.33837383,1633334399999
1633334400000,1.0431,1.0743,1.0075,1.0255,68753.71444365,1633363199999
1633363200000,1.0263,1.0749,1.0263,1.0726,49000.47938824,1633391999999
1633392000000,1.0676,1.0765,1.0462,1.0676,4926.71336694,1633420799999
1633420800000,1.0702,1.1151,1.0702,1.0721,48571.1523059,1633449599999
1633449600000,1.0703,1.1743,1.0693,1.1559,35283.28800994,1633478399999
1633478400000,1.1527,1.2293,1.1475,1.1544,68280.12391999,1633507199999
1633507200000,1.1666,1.1666,1.0929,1.1505,43607.27573376,1633535999999
1633536000000,1.1468,1.1747,1.1291,1.1747,21703.17365202,1633564799999
1633564800000,1.1831,1.27,1.1228,1.16,113214.67985975,1633593599999
1633593600000,1.1636,1.167,1.1192,1.1404,22156.06419741,1633622399999
1633622400000,1.1366,1.1532,1.1271,1.1503,16447.96953404,1633651199999
1633651200000,1.153,1.2033,1.1392,1.1939,13810.1133453,1633679999999
1633680000000,1.1846,1.2324,1.1833,1.2208,31637.89964428,1633708799999
1633708800000,1.2235,1.2235,1.1874,1.2162,17189.03591919,1633737599999
1633737600000,1.2235,1.2729,1.2051,1.2588,26590.5531921,1633766399999
1633766400000,1.2638,1.2638,1.1813,1.1967,74231.6265819,1633795199999
1633795200000,1.1996,1.2,1.17,1.1989,18253.47950812,1633823999999
1633824000000,1.1861,1.2525,1.1861,1.2146,30794.29862569,1633852799999
1633852800000,1.2146,1.2943,1.2042,1.2721,25776.91000269,1633881599999
1633881600000,1.2691,1.3145,1.2397,1.3124,51341.50171816,1633910399999
1633910400000,1.2821,1.3009,1.2178,1.2487,31436.43395198,1633939199999
1633939200000,1.2526,1.2653,1.2216,1.225,18800.28760177,1633967999999
1633968000000,1.2225,1.236,1.1756,1.236,24383.23278409,1633996799999
1633996800000,1.1956,1.1956,1.1168,1.1312,23990.14323793,1634025599999
1634025600000,1.1312,1.1428,1.0692,1.1222,89056.65070836,1634054399999
1634054400000,1.1222,1.1385,1.1031,1.1317,54428.76931577,1634083199999
1634083200000,1.14,1.143,1.0933,1.0984,25712.10308867,1634111999999
1634112000000,1.1002,1.135,1.0962,1.1316,10106.49270287,1634140799999
1634140800000,1.1276,1.1628,1.1239,1.1628,10945.00747374,1634169599999
1634169600000,1.1497,1.1531,1.1413,1.1417,19254.00998661,1634198399999
1634198400000,1.1423,1.1673,1.1423,1.1564,14943.82441301,1634227199999
1634227200000,1.1588,1.1698,1.1427,1.1698,48236.60806961,1634255999999
1634256000000,1.1514,1.1554,1.1134,1.1176,24874.55274023,1634284799999
1634284800000,1.115,1.1163,1.0753,1.1116,22218.90781881,1634313599999
1634313600000,1.1137,1.1542,1.1049,1.1336,30655.04607815,1634342399999
1634342400000,1.1253,1.1763,1.1226,1.1663,17913.32858269,1634371199999
1634371200000,1.1634,1.2135,1.1556,1.1621,82949.86881895,1634399999999
1634400000000,1.1619,1.1686,1.1358,1.1474,18650.59178065,1634428799999
1634428800000,1.1357,1.1369,1.1181,1.1243,13076.02868096,1634457599999
1634457600000,1.1287,1.1337,1.1034,1.1052,28035.80353831,1634486399999
1634486400000,1.1067,1.118,1.06,1.1042,19412.61953913,1634515199999
1634515200000,1.1003,1.1147,1.0894,1.0938,3992.52844483,1634543999999
1634544000000,1.0881,1.1412,1.0597,1.1071,15440.0856615,1634572799999
1634572800000,1.1087,1.1087,1.0738,1.0974,13729.44659263,1634601599999
1634601600000,1.081,1.0937,1.0678,1.0766,14413.49845083,1634630399999
1634630400000,1.074,1.0917,1.0584,1.0738,9883.92164308,1634659199999
1634659200000,1.0728,1.0932,1.0521,1.0932,71618.25417403,1634687999999
1634688000000,1.0958,1.1355,1.0586,1.0675,75721.28573565,1634716799999
1634716800000,1.0664,1.095,1.0664,1.095,28334.56441803,1634745599999
1634745600000,1.0907,1.1134,1.0896,1.111,26374.04414011,1634774399999
1634774400000,1.1089,1.1147,1.0904,1.1061,14202.8544255,1634803199999
1634803200000,1.1032,1.1289,1.0521,1.0696,31541.70917861,1634831999999
1634832000000,1.0727,1.0857,1.065,1.0708,32386.98245023,1634860799999
1634860800000,1.075,1.1009,1.075,1.0973,17007.47618506,1634889599999
1634889600000,1.099,1.1047,1.0636,1.0773,13767.947657,1634918399999
1634918400000,1.0717,1.0854,1.0657,1.0815,7545.60568683,1634947199999
1634947200000,1.0964,1.1177,1.0722,1.0786,7213.36716699,1634975999999
1634976000000,1.0804,1.0901,1.0672,1.0901,11578.75217166,1635004799999
1635004800000,1.088,1.0975,1.0769,1.0975,25237.995302,1635033599999
1635033600000,1.0931,1.0931,1.0803,1.0874,4730.98561669,1635062399999
1635062400000,1.0848,1.0916,1.0626,1.0656,15576.42892488,1635091199999
1635091200000,1.0639,1.101,1.0511,1.101,3574.04777394,1635119999999
1635120000000,1.0798,1.1138,1.0798,1.1106,9214.06531622,1635148799999
1635148800000,1.1119,1.1276,1.101,1.126,12315.40262915,1635177599999
1635177600000,1.1244,1.1337,1.1158,1.1337,17245.20209907,1635206399999
1635206400000,1.1379,1.1379,1.1177,1.1307,9743.85790779,1635235199999
1635235200000,1.1322,1.142,1.1188,1.1325,17840.82245456,1635263999999
1635264000000,1.1326,1.1751,1.1084,1.1237,21565.82990182,1635292799999
1635292800000,1.1252,1.1581,1.0928,1.0928,15619.0117275,1635321599999
1635321600000,1.0879,1.0879,0.9311,1.002,87202.1947334,1635350399999
1635350400000,0.99761,1.0075,0.96001,0.98519,83342.64539591,1635379199999
1635379200000,0.9806,1.0118,0.96,0.9974,56668.44917317,1635407999999
1635408000000,0.9974,1.0276,0.9974,1.0207,56369.5358817,1635436799999
1635436800000,1.0214,1.0248,0.9869,1.0242,27235.78014546,1635465599999
1635465600000,1.0169,1.0572,1.0128,1.0295,19771.15172033,1635494399999
1635494400000,1.0294,1.0716,1.0294,1.0715,21193.51350958,1635523199999
1635523200000,1.0716,1.0772,1.0509,1.0749,27691.40324118,1635551999999
1635552000000,1.0795,1.1,1.0487,1.0675,13146.37423795,1635580799999
1635580800000,1.0638,1.14,1.0432,1.0923,45415.17846792,1635609599999
1635609600000,1.0972,1.1599,1.0955,1.1395,82833.74906919,1635638399999
1635638400000,1.1386,1.4485,1.1213,1.2721,241230.12728312,1635667199999
1635667200000,1.2721,2.5728,1.2185,1.9054,1.192211402645386E7,1635695999999
1635696000000,1.9125,2.2694,1.6383,1.7484,4017391.95849482,1635724799999
1635724800000,1.7484,1.7629,1.4403,1.4894,381120.86499099,1635753599999
1635753600000,1.4879,1.7477,1.4628,1.6475,1193579.06922019,1635782399999
1635782400000,1.6475,1.6668,1.53,1.5958,555835.64315993,1635811199999
1635811200000,1.6085,1.8599,1.5572,1.6864,399650.67214539,1635839999999
1635840000000,1.6692,1.6996,1.5914,1.6174,187132.16466562,1635868799999
1635868800000,1.6184,1.6321,1.5699,1.6013,143082.25235589,1635897599999
1635897600000,1.5932,1.5932,1.4853,1.5228,103029.0779579,1635926399999
1635926400000,1.5281,1.5311,1.4305,1.4759,124292.10164849,1635955199999
1635955200000,1.4756,1.5005,1.4527,1.4657,130116.02026269,1635983999999
1635984000000,1.465,1.465,1.3964,1.4047,40641.08532831,1636012799999
1636012800000,1.4141,1.4644,1.36,1.3694,69143.72464048,1636041599999
1636041600000,1.3681,1.4136,1.3576,1.4063,97109.84623487,1636070399999
1636070400000,1.4433,1.4586,1.4101,1.4277,104501.41369609,1636099199999
1636099200000,1.4287,1.5094,1.392,1.3945,96066.61326243,1636127999999
1636128000000,1.4013,1.4383,1.3718,1.4076,48784.99422565,1636156799999
1636156800000,1.3963,1.4427,1.3861,1.4085,31797.22585463,1636185599999
1636185600000,1.4127,1.4407,1.3644,1.4006,21756.25718272,1636214399999
1636214400000,1.4135,1.4663,1.3851,1.455,25881.02257993,1636243199999
1636243200000,1.4526,1.49,1.4246,1.442,46752.29660348,1636271999999
1636272000000,1.4355,1.4477,1.418,1.4287,69053.80580081,1636300799999
1636300800000,1.4252,1.4487,1.4171,1.4267,48448.24881058,1636329599999
1636329600000,1.4345,1.4345,1.3499,1.3646,42174.80947406,1636358399999
1636358400000,1.368,1.388,1.3535,1.3716,26090.8802227,1636387199999
1636387200000,1.3808,1.4006,1.367,1.3963,56429.84906741,1636415999999
1636416000000,1.3864,1.4183,1.378,1.3971,54762.61934144,1636444799999
1636444800000,1.4004,1.4213,1.3714,1.3792,50063.97530227,1636473599999
1636473600000,1.3889,1.403,1.3723,1.381,50656.54465082,1636502399999
1636502400000,1.3863,1.3881,1.36,1.3774,22726.03514502,1636531199999
1636531200000,1.377,1.4487,1.3718,1.436,29259.24325451,1636559999999
1636560000000,1.4365,1.4824,1.1894,1.2944,183355.46132279,1636588799999
1636588800000,1.2881,1.343,1.2745,1.3408,22227.42192939,1636617599999
1636617600000,1.3401,1.344,1.2982,1.3215,29356.2043056,1636646399999
1636646400000,1.3229,1.3461,1.3115,1.3284,56721.69139337,1636675199999
1636675200000,1.3195,1.3711,1.302,1.3551,33718.41661596,1636703999999
1636704000000,1.3603,1.5549,1.3129,1.4138,559984.13194557,1636732799999
1636732800000,1.4139,1.4215,1.3572,1.4189,143688.18787536,1636761599999
1636761600000,1.4215,1.5555,1.4113,1.5108,159830.72477652,1636790399999
1636790400000,1.5074,1.6503,1.495,1.5056,627294.77252441,1636819199999
1636819200000,1.5128,1.5343,1.4331,1.4492,129928.95796162,1636847999999
1636848000000,1.45,1.5531,1.4465,1.4861,35784.6133985,1636876799999
1636876800000,1.4886,1.5049,1.4498,1.4601,38755.33312561,1636905599999
1636905600000,1.4569,1.5868,1.4366,1.5187,99256.77041067,1636934399999
1636934400000,1.5172,1.5756,1.4996,1.5428,101526.06101966,1636963199999
1636963200000,1.5336,1.64,1.5274,1.5495,121677.66091469,1636991999999
1636992000000,1.5467,1.567,1.5056,1.5592,46489.1811061,1637020799999
1637020800000,1.5426,1.5426,1.4008,1.4309,46426.84415318,1637049599999
1637049600000,1.4341,1.4494,1.2704,1.4384,118880.35475167,1637078399999
1637078400000,1.4294,1.454,1.3833,1.4173,164235.47963561,1637107199999
1637107200000,1.4154,1.6295,1.406,1.5033,160276.90599175,1637135999999
1637136000000,1.4968,1.5817,1.4628,1.4972,140379.50748015,1637164799999
1637164800000,1.4973,1.5289,1.4764,1.5049,31693.74839002,1637193599999
1637193600000,1.5054,1.7192,1.5039,1.6225,145434.63007797,1637222399999
1637222400000,1.6248,2.1455,1.6208,1.8237,1557014.67825414,1637251199999
1637251200000,1.8238,1.8597,1.4637,1.5209,398519.34878525,1637279999999
1637280000000,1.5238,1.9259,1.4699,1.7533,352755.95551728,1637308799999
1637308800000,1.7611,1.9608,1.7109,1.7323,280560.92905776,1637337599999
1637337600000,1.7305,1.9077,1.717,1.8425,179753.60655334,1637366399999
1637366400000,1.8423,2.1076,1.8111,1.9182,601530.41265878,1637395199999
1637395200000,1.9168,1.985,1.8157,1.8301,745600.32563231,1637423999999
1637424000000,1.8242,1.933,1.8038,1.933,128211.59093287,1637452799999
1637452800000,1.9103,1.9116,1.7904,1.8102,263533.56688547,1637481599999
1637481600000,1.8134,1.8565,1.7373,1.7849,666492.58116802,1637510399999
1637510400000,1.7854,1.7964,1.74,1.7422,27863.31257213,1637539199999
1637539200000,1.7349,1.8312,1.6156,1.6826,526563.95276456,1637567999999
1637568000000,1.6787,1.94,1.6787,1.7715,222374.62148898,1637596799999
1637596800000,1.7793,1.7804,1.6743,1.7414,52785.4916383,1637625599999
1637625600000,1.7269,1.745,1.6823,1.707,25505.9657601,1637654399999
1637654400000,1.7101,1.7628,1.6902,1.7258,73384.87738182,1637683199999
1637683200000,1.733,1.8331,1.7186,1.8156,77043.13483713,1637711999999
1637712000000,1.8017,1.9026,1.7941,1.8971,89847.95972154,1637740799999
1637740800000,1.9027,1.9828,1.8006,1.9299,172767.29941114,1637769599999
1637769600000,1.9288,1.9966,1.8272,1.9878,104151.36769121,1637798399999
1637798400000,1.9758,2.0184,1.8624,1.9972,34986.44039186,1637827199999
1637827200000,2.0011,2.105,1.8408,1.9143,83658.83618933,1637855999999
1637856000000,1.9147,1.9826,1.8848,1.9481,51837.85839849,1637884799999
1637884800000,1.9386,2.8025,1.9377,2.6371,693672.45156302,1637913599999
1637913600000,2.6468,2.9099,2.275,2.4446,883612.64024579,1637942399999
1637942400000,2.4419,2.6403,2.3418,2.4209,294803.53478704,1637971199999
1637971200000,2.4213,3.0813,2.3941,2.5539,360146.20563469,1637999999999
1638000000000,2.5475,2.7994,2.5258,2.634,117799.84088682,1638028799999
1638028800000,2.6263,2.6364,2.4297,2.5141,65666.07592648,1638057599999
1638057600000,2.5061,2.6293,2.2459,2.3361,45191.3697798,1638086399999
1638086400000,2.3441,2.4453,2.2795,2.4394,51103.76899197,1638115199999
1638115200000,2.4183,2.4815,2.2137,2.4674,26512.78456686,1638143999999
1638144000000,2.4682,2.7529,2.4682,2.5353,54040.74927309,1638172799999
1638172800000,2.5607,2.6587,2.4237,2.5221,44152.95861051,1638201599999
1638201600000,2.5178,2.6255,2.4821,2.6084,25903.79799981,1638230399999
1638230400000,2.6127,2.666,2.382,2.4155,12022.64303047,1638259199999
1638259200000,2.4164,2.4604,2.3664,2.3743,29079.69657718,1638287999999
1638288000000,2.3693,2.3971,2.3146,2.3203,30913.81089106,1638316799999
1638316800000,2.3137,2.3216,2.2524,2.3128,18413.88637091,1638345599999
1638345600000,2.3163,2.3163,2.2327,2.257,30184.49853589,1638374399999
1638374400000,2.257,2.3137,2.1928,2.2716,64701.73214404,1638403199999
1638403200000,2.244,2.2444,2.0687,2.1341,17620.56842108,1638431999999
1638432000000,2.1327,2.1818,2.1032,2.1434,8932.63519841,1638460799999
1638460800000,2.1403,2.1818,2.1279,2.1409,9063.45696172,1638489599999
1638489600000,2.1273,2.1273,2.02,2.048,7329.43199689,1638518399999
1638518400000,2.0458,2.0791,2.0024,2.0096,52816.54834361,1638547199999
1638547200000,2.0062,2.0062,1.8383,1.9016,66620.1751666,1638575999999
1638576000000,1.8929,1.9389,1.3,1.4831,142676.89269069,1638604799999
1638604800000,1.4961,1.689,1.411,1.632,109229.84294319,1638633599999
1638633600000,1.624,1.7866,1.56,1.6196,10142.39532988,1638662399999
1638662400000,1.6799,1.784,1.6274,1.7373,17968.8356754,1638691199999
1638691200000,1.7279,1.8269,1.5002,1.5626,30978.16334109,1638719999999
1638720000000,1.5141,1.7866,1.4999,1.5508,16685.54367993,1638748799999
1638748800000,1.5279,1.5279,1.4189,1.4485,39946.15695333,1638777599999
1638777600000,1.4522,1.5009,1.384,1.5009,24508.01798061,1638806399999
1638806400000,1.5111,1.6418,1.5079,1.6252,28846.28268022,1638835199999
1638835200000,1.628,1.6767,1.5947,1.6467,17096.99812035,1638863999999
1638864000000,1.648,1.7125,1.5836,1.6767,63447.2246742,1638892799999
1638892800000,1.68,1.6845,1.5959,1.6448,39777.38592743,1638921599999
1638921600000,1.6246,1.7711,1.6007,1.6579,108313.50122518,1638950399999
1638950400000,1.6565,1.6694,1.5417,1.6086,32559.80151459,1638979199999
1638979200000,1.6358,1.7413,1.6166,1.6789,123241.54710297,1639007999999
1639008000000,1.6919,1.697,1.5995,1.6383,4527.02077503,1639036799999
1639036800000,1.6406,1.6406,1.5329,1.5496,42550.77140937,1639065599999
1639065600000,1.5494,1.5712,1.4965,1.4966,32608.57537169,1639094399999
1639094400000,1.5026,1.5134,1.4279,1.4367,10302.14267751,1639123199999
1639123200000,1.4366,1.5452,1.4366,1.4584,28737.20911817,1639151999999
1639152000000,1.4529,1.4703,1.3968,1.3968,10027.16499313,1639180799999
1639180800000,1.3971,1.4352,1.3795,1.4271,4684.57640129,1639209599999
1639209600000,1.4273,1.455,1.4245,1.4403,4658.81692259,1639238399999
1639238400000,1.4453,1.4612,1.4314,1.4612,3630.58684769,1639267199999
1639267200000,1.4611,1.4852,1.4352,1.4463,31666.72352331,1639295999999
1639296000000,1.4513,1.4638,1.4239,1.4479,19825.37262938,1639324799999
1639324800000,1.4594,1.5132,1.4594,1.5048,52340.06901151,1639353599999
1639353600000,1.4981,1.4999,1.402,1.4021,19210.26583381,1639382399999
1639382400000,1.4065,1.4249,1.3179,1.3238,48275.13859029,1639411199999
1639411200000,1.3296,1.342,1.2732,1.2887,24957.01574027,1639439999999
1639440000000,1.2824,1.2948,1.2367,1.2732,17543.70135358,1639468799999
1639468800000,1.2739,1.3206,1.2579,1.2595,55020.90048139,1639497599999
1639497600000,1.2595,1.2976,1.2285,1.293,48671.85363254,1639526399999
1639526400000,1.2921,1.3034,1.2682,1.2901,9679.44321598,1639555199999
1639555200000,1.2948,1.3062,1.2054,1.2054,20079.45124263,1639583999999
1639584000000,1.2,1.3886,1.1994,1.3779,35715.91032019,1639612799999
1639612800000,1.3912,1.5096,1.3912,1.4981,77465.17982967,1639641599999
1639641600000,1.5022,1.5542,1.477,1.5086,108520.29065129,1639670399999
1639670400000,1.5171,1.5376,1.4174,1.4197,175593.88166954,1639699199999
1639699200000,1.4322,1.5436,1.43,1.4651,27939.34610851,1639727999999
1639728000000,1.478,1.6731,1.465,1.5781,285316.26416556,1639756799999
1639756800000,1.5585,1.6609,1.5272,1.6159,193884.98664149,1639785599999
1639785600000,1.619,1.6262,1.5364,1.613,34069.72312876,1639814399999
1639814400000,1.5976,1.6162,1.5628,1.5858,52750.50858001,1639843199999
1639843200000,1.5814,1.592,1.5593,1.5871,25091.24170801,1639871999999
1639872000000,1.5783,1.6197,1.5757,1.5925,4537.80758098,1639900799999
1639900800000,1.587,1.5912,1.5334,1.5334,28571.32331616,1639929599999
1639929600000,1.5425,1.55,1.4879,1.5076,14911.04270117,1639958399999
1639958400000,1.4828,1.5038,1.4244,1.4337,5072.44168263,1639987199999
1639987200000,1.4303,1.4393,1.3734,1.4071,20959.4476432,1640015999999
1640016000000,1.3961,1.454,1.3949,1.4404,10081.87154914,1640044799999
1640044800000,1.4575,1.5775,1.4252,1.5595,27360.06672891,1640073599999
1640073600000,1.5589,1.6014,1.5479,1.5502,43639.1186764,1640102399999
1640102400000,1.5529,1.613,1.5507,1.6027,29858.78916804,1640131199999
1640131200000,1.5999,1.711,1.5784,1.7011,45615.17264951,1640159999999
1640160000000,1.6977,1.7477,1.6561,1.7058,75465.26232795,1640188799999
1640188800000,1.7034,1.7549,1.6742,1.7335,66342.51132589,1640217599999
1640217600000,1.75,1.8173,1.6967,1.7065,46515.42867066,1640246399999
1640246400000,1.704,1.775,1.7001,1.7386,22886.19340655,1640275199999
1640275200000,1.7496,1.8591,1.7357,1.8406,40040.44958239,1640303999999
1640304000000,1.8267,1.85,1.7733,1.8132,24102.9748993,1640332799999
1640332800000,1.811,1.8214,1.7305,1.7749,13282.63511563,1640361599999
1640361600000,1.7767,1.7831,1.7126,1.7243,12512.17049467,1640390399999
1640390400000,1.7426,1.8142,1.7426,1.7545,9284.55629392,1640419199999
1640419200000,1.7575,1.7811,1.7399,1.769,5910.34037137,1640447999999
1640448000000,1.7732,1.8009,1.7464,1.7992,7913.40032655,1640476799999
1640476800000,1.7917,1.8305,1.7182,1.7716,10001.20850971,1640505599999
1640505600000,1.7714,1.8227,1.75,1.7738,28601.74717696,1640534399999
1640534400000,1.7811,1.831,1.7811,1.8295,9282.58025489,1640563199999
1640563200000,1.8398,1.932,1.8398,1.8668,10743.87031713,1640591999999
1640592000000,1.8708,1.9152,1.834,1.9117,30241.65833455,1640620799999
1640620800000,1.9088,1.9091,1.8114,1.8192,30811.66083377,1640649599999
1640649600000,1.8142,1.8142,1.6794,1.7194,21544.93962803,1640678399999
1640678400000,1.7125,1.7257,1.6684,1.6969,21237.35184227,1640707199999
1640707200000,1.6981,1.6981,1.5961,1.6121,82398.53998687,1640735999999
1640736000000,1.6144,1.6355,1.5783,1.5783,6470.22136738,1640764799999
1640764800000,1.5852,1.6069,1.4989,1.5759,48167.68236671,1640793599999
1640793600000,1.5725,1.5725,1.4918,1.5091,14011.20659016,1640822399999
1640822400000,1.5126,1.5331,1.47,1.5331,6587.07307907,1640851199999
1640851200000,1.5381,1.5863,1.5175,1.5555,58950.62522862,1640879999999
1640880000000,1.5454,1.5729,1.5343,1.5573,19713.1257551,1640908799999
1640908800000,1.5667,1.5667,1.5265,1.5321,4158.3129931,1640937599999
1640937600000,1.5445,1.6075,1.5432,1.596,7272.0571321,1640966399999
1640966400000,1.6027,1.689,1.4918,1.536,124856.84932815,1640995199999
1640995200000,1.5436,1.6217,1.5436,1.5918,15535.95937504,1641023999999
1641024000000,1.5845,1.5959,1.5669,1.5774,11356.76751728,1641052799999
1641052800000,1.5848,1.6161,1.5848,1.6161,5252.04373876,1641081599999
1641081600000,1.5987,1.6185,1.5887,1.603,833.74466634,1641110399999
1641110400000,1.6225,1.79,1.6225,1.7351,60690.76082959,1641139199999
1641139200000,1.7357,1.7515,1.6591,1.6834,29862.93907874,1641167999999
1641168000000,1.6986,1.7426,1.6839,1.6986,19286.23101878,1641196799999
1641196800000,1.6941,1.6947,1.6392,1.6507,12588.61504601,1641225599999
1641225600000,1.6524,1.6559,1.5979,1.64,17367.53206214,1641254399999
1641254400000,1.6411,1.6411,1.4352,1.6053,90574.28644995,1641283199999
1641283200000,1.6109,1.6494,1.5901,1.6219,47873.38612858,1641311999999
1641312000000,1.6191,1.6567,1.5758,1.5894,28319.2465899,1641340799999
1641340800000,1.5855,1.6386,1.5855,1.6262,4981.79989967,1641369599999
1641369600000,1.6234,1.6484,1.5981,1.6252,16556.85490804,1641398399999
1641398400000,1.617,1.6292,1.3585,1.4485,107951.89410834,1641427199999
1641427200000,1.4483,1.4581,1.371,1.4149,74501.15753517,1641455999999
1641456000000,1.4308,1.4782,1.371,1.4402,112599.61889787,1641484799999
1641484800000,1.442,1.471,1.426,1.466,22218.79328166,1641513599999
1641513600000,1.4783,1.5194,1.345,1.3652,26580.25191393,1641542399999
1641542400000,1.3701,1.4291,1.3473,1.3599,21187.82968758,1641571199999
1641571200000,1.378,1.4068,1.3411,1.3753,13257.44937656,1641599999999
1641600000000,1.4055,1.4199,1.3902,1.412,3403.59031049,1641628799999
1641628800000,1.4199,1.4251,1.3473,1.352,10294.40577121,1641657599999
1641657600000,1.3536,1.3627,1.2768,1.3462,41805.92544459,1641686399999
1641686400000,1.344,1.4345,1.3338,1.4006,13299.18907068,1641715199999
1641715200000,1.392,1.4012,1.3473,1.3547,24865.39306846,1641743999999
1641744000000,1.3519,1.3993,1.3519,1.3621,9746.12140578,1641772799999
1641772800000,1.384,1.4184,1.3657,1.4087,9083.60970248,1641801599999
1641801600000,1.3876,1.3876,1.2296,1.2835,161666.36946863,1641830399999
1641830400000,1.2849,1.3414,1.272,1.3414,65048.08556674,1641859199999
1641859200000,1.3418,1.3609,1.3161,1.3173,11465.22737283,1641887999999
1641888000000,1.328,1.3362,1.2932,1.2932,5326.5287365,1641916799999
1641916800000,1.322,1.4067,1.322,1.3978,42789.46594979,1641945599999
1641945600000,1.4031,1.4067,1.3765,1.3842,16459.48653484,1641974399999
1641974400000,1.3932,1.4469,1.3916,1.4162,21431.88565942,1642003199999
1642003200000,1.4238,1.4664,1.416,1.4617,15533.20734244,1642031999999
1642032000000,1.4686,1.4686,1.4266,1.4449,7885.62575869,1642060799999
1642060800000,1.4538,1.4685,1.403,1.4246,35872.5706184,1642089599999
1642089600000,1.4253,1.4668,1.3723,1.3758,10516.73985621,1642118399999
1642118400000,1.3925,1.4084,1.3779,1.3931,7330.8800652,1642147199999
1642147200000,1.3894,1.402,1.3429,1.3908,4782.18506637,1642175999999
1642176000000,1.394,1.4134,1.381,1.4084,9072.43032778,1642204799999
1642204800000,1.4164,1.4352,1.3983,1.409,10039.42583863,1642233599999
1642233600000,1.413,1.5197,1.3975,1.4867,137299.76737297,1642262399999
1642262400000,1.4816,1.5177,1.4669,1.4927,89483.01438309,1642291199999
1642291200000,1.4961,1.5041,1.4507,1.4673,41142.53088865,1642319999999
1642320000000,1.4646,1.4754,1.4291,1.461,9325.6664178,1642348799999
1642348800000,1.4635,1.4811,1.4474,1.4586,16935.00574868,1642377599999
1642377600000,1.4642,1.5152,1.4084,1.4411,10550.80753987,1642406399999
1642406400000,1.4299,1.4334,1.3823,1.3872,24867.9377898,1642435199999
1642435200000,1.3922,1.4076,1.3752,1.4076,10370.15952968,1642463999999
1642464000000,1.4027,1.4095,1.372,1.3747,8138.86044789,1642492799999
1642492800000,1.3598,1.3598,1.3034,1.3224,7540.06490212,1642521599999
1642521600000,1.3216,1.3782,1.3197,1.3702,12508.71191487,1642550399999
1642550400000,1.3654,1.3724,1.279,1.2838,3586.29447939,1642579199999
1642579200000,1.2928,1.3309,1.2778,1.3003,13392.59188612,1642607999999
1642608000000,1.3056,1.321,1.29,1.296,4006.71439819,1642636799999
1642636800000,1.2828,1.301,1.2722,1.2974,5879.42959375,1642665599999
1642665600000,1.2989,1.3405,1.2957,1.3363,8430.58139071,1642694399999
1642694400000,1.3366,1.3416,1.2251,1.2255,8045.23471387,1642723199999
1642723200000,1.22,1.2385,1.1466,1.164,24004.93682272,1642751999999
1642752000000,1.1608,1.171,1.1,1.1442,34579.52320434,1642780799999
1642780800000,1.1411,1.1476,0.99046,1.0328,34799.59572465,1642809599999
1642809600000,1.0577,1.0577,0.9112,0.92367,20749.59502985,1642838399999
1642838400000,0.9231,0.96699,0.80606,0.89323,151239.80679014,1642867199999
1642867200000,0.89389,1.48,0.87991,0.91889,73516.10855844,1642895999999
1642896000000,0.9149,0.97143,0.91112,0.9483,13260.09285973,1642924799999
1642924800000,0.97143,1.075,0.92221,0.92221,13138.22023992,1642953599999
1642953600000,0.96273,0.994,0.9034,0.9657,18532.06590227,1642982399999
1642982400000,0.96599,0.9959,0.86585,0.88409,9968.79129821,1643011199999
1643011200000,0.89849,0.94599,0.8,0.8567,100100.02710072,1643039999999
1643040000000,0.84881,0.90805,0.82981,0.8988,29071.61448047,1643068799999
1643068800000,0.89371,0.89371,0.86251,0.8669,2964.49876613,1643097599999
1643097600000,0.8859,0.90339,0.86251,0.8796,16503.90561541,1643126399999
1643126400000,0.88586,0.90891,0.87846,0.89817,19650.69541794,1643155199999
1643155200000,0.89261,0.955,0.89261,0.939,22181.34911616,1643183999999
1643184000000,0.9416,0.9773,0.9416,0.96538,54977.62888942,1643212799999
1643212800000,0.96293,1.0148,0.9168,0.94866,45780.07922731,1643241599999
1643241600000,0.954,0.97299,0.8971,0.94165,15549.98546629,1643270399999
1643270400000,0.93619,1.0094,0.9273,0.99084,55977.14855276,1643299199999
1643299200000,0.9888,0.99118,0.9097,0.96579,25057.77216976,1643327999999
1643328000000,0.969,0.99241,0.9458,0.96672,18628.74225878,1643356799999
1643356800000,0.9564,0.9847,0.93912,0.984,34778.63077257,1643385599999
1643385600000,0.98469,1.0148,0.9691,1.011,20169.17303484,1643414399999
1643414400000,1.0031,1.0439,1.0031,1.0421,17341.13970453,1643443199999
1643443200000,1.0428,1.0439,1.0086,1.0131,42330.02494272,1643471999999
1643472000000,1.0139,1.034,1.0026,1.0251,17023.24464324,1643500799999
1643500800000,1.0332,1.0593,1.0183,1.0593,6014.53561284,1643529599999
1643529600000,1.054,1.0542,1.0112,1.0191,16965.17891291,1643558399999
1643558400000,1.0173,1.0494,0.98927,1.0473,13663.90608745,1643587199999
1643587200000,1.0429,1.0458,0.97253,0.99328,6833.55401347,1643615999999
1643616000000,0.99783,1.0231,0.99419,1.0091,18497.21593104,1643644799999
1643644800000,1.0234,1.0398,1.0106,1.0348,13545.80120712,1643673599999
1643673600000,1.0346,1.0354,1.0224,1.0264,1790.70522027,1643702399999
1643702400000,1.0332,1.0415,1.0029,1.0236,8371.9899899,1643731199999
1643731200000,1.0195,1.033,1.013,1.0265,8487.91793486,1643759999999
1643760000000,1.0153,1.0328,1.0101,1.0304,8490.92379223,1643788799999
1643788800000,1.0368,1.085,1.0163,1.03,78942.47606442,1643817599999
1643817600000,1.0307,1.0374,0.97819,0.99202,139393.7721874,1643846399999
1643846400000,0.98769,1.0222,0.98611,1.0138,7164.62205413,1643875199999
1643875200000,1.0108,1.0152,0.9778,0.9918,13731.01882769,1643903999999
1643904000000,0.99647,1.01,0.97212,1.01,6061.52029517,1643932799999
1643932800000,1.0106,1.0529,1.0106,1.0505,11201.95930432,1643961599999
1643961600000,1.0523,1.0734,1.0222,1.0603,6005.84565893,1643990399999
1643990400000,1.0659,1.0917,1.058,1.0917,26166.27540346,1644019199999
1644019200000,1.0824,1.1852,1.0824,1.1393,30164.16172872,1644047999999
1644048000000,1.1454,1.1677,1.1391,1.1638,11577.22460484,1644076799999
1644076800000,1.1584,1.1584,1.1097,1.1508,22667.55153787,1644105599999
1644105600000,1.1499,1.1871,1.1396,1.1489,5293.83519808,1644134399999
1644134400000,1.151,1.1611,1.1124,1.1292,4969.98066379,1644163199999
1644163200000,1.1462,1.1752,1.1331,1.1752,5458.61806807,1644191999999
1644192000000,1.1768,1.1956,1.1444,1.1834,13146.59205054,1644220799999
1644220800000,1.1827,1.2084,1.1593,1.2063,32214.65693269,1644249599999
1644249600000,1.2104,1.22,1.196,1.22,34508.37881395,1644278399999
1644278400000,1.2227,1.2331,1.1786,1.1863,48731.91185335,1644307199999
1644307200000,1.1782,1.1782,1.1277,1.144,43169.28089443,1644335999999
1644336000000,1.1419,1.1775,1.1339,1.1767,11492.77129395,1644364799999
1644364800000,1.1871,1.2155,1.1693,1.1799,9372.4031029,1644393599999
1644393600000,1.1926,1.1927,1.1592,1.1747,66114.10797166,1644422399999
1644422400000,1.1741,1.1925,1.1741,1.1849,38227.07372005,1644451199999
1644451200000,1.187,1.1876,1.1528,1.1636,22989.36289404,1644479999999
1644480000000,1.1638,1.1878,1.1022,1.1616,46896.3399355,1644508799999
1644508800000,1.1453,1.1583,1.1076,1.1104,10712.8038803,1644537599999
1644537600000,1.1052,1.1151,1.0869,1.1133,10256.82419396,1644566399999
1644566400000,1.1206,1.1302,1.1029,1.1133,3366.98201634,1644595199999
1644595200000,1.1143,1.1143,1.0097,1.0238,59080.92506706,1644623999999
1644624000000,1.0228,1.0304,0.98111,1.0003,13287.14703747,1644652799999
1644652800000,1.0077,1.0153,0.98811,1.0022,7873.13012995,1644681599999
1644681600000,1.0027,1.0338,0.99796,1.0142,4760.02752241,1644710399999
1644710400000,1.0125,1.0185,1.0031,1.0141,2029.3241684,1644739199999
1644739200000,1.0153,1.0335,1.0067,1.0257,7875.98150428,1644767999999
1644768000000,1.01,1.0108,0.973,0.99881,13805.48668798,1644796799999
1644796800000,0.99841,0.99841,0.9629,0.96629,826.63965509,1644825599999
1644825600000,0.98561,1.0181,0.97321,0.99531,5638.10049075,1644854399999
1644854400000,0.9995,1.0084,0.9719,0.99884,5717.51658246,1644883199999
1644883200000,1.0122,1.0375,1.0117,1.0365,10659.36436613,1644911999999
1644912000000,1.038,1.0522,1.0329,1.042,22957.01152852,1644940799999
1644940800000,1.0406,1.0739,1.0406,1.0739,12184.33913344,1644969599999
1644969600000,1.0731,1.0751,1.0448,1.0617,2319.34450501,1644998399999
1644998400000,1.0708,1.0731,1.0202,1.0312,6864.95146392,1645027199999
1645027200000,1.0263,1.0585,1.0258,1.0566,14013.05205573,1645055999999
1645056000000,1.0447,1.057,1.0179,1.0319,2934.7559104,1645084799999
1645084800000,1.0267,1.0267,0.98468,0.98634,8256.02707628,1645113599999
1645113600000,0.98829,0.9924,0.9334,0.9486,16874.04326928,1645142399999
1645142400000,0.93479,0.96485,0.93479,0.95915,17399.13726553,1645171199999
1645171200000,0.9647,0.96629,0.91388,0.9154,12171.73750999,1645199999999
1645200000000,0.90805,0.92529,0.9041,0.92339,7051.36376825,1645228799999
1645228800000,0.9243,0.93248,0.9243,0.9304,501.69526257,1645257599999
1645257600000,0.9216,0.9216,0.8786,0.90042,43907.52350493,1645286399999
1645286400000,0.90767,0.91149,0.89001,0.90321,3791.80279741,1645315199999
1645315200000,0.89977,0.90092,0.86891,0.882,46723.58258864,1645343999999
1645344000000,0.8796,0.88339,0.84974,0.8663,7765.97901103,1645372799999
1645372800000,0.87081,0.8775,0.8555,0.87266,2877.75215343,1645401599999
1645401600000,0.8895,0.90218,0.8863,0.90036,2398.98802223,1645430399999
1645430400000,0.9015,0.90218,0.82921,0.86639,10451.97900061,1645459199999
1645459200000,0.8666,0.8666,0.78311,0.78311,25549.85053009,1645487999999
1645488000000,0.7938,0.80124,0.76058,0.7754,71200.36169406,1645516799999
1645516800000,0.7742,0.81292,0.77251,0.80531,1346.04511411,1645545599999
1645545600000,0.79789,0.82561,0.7855,0.81961,3935.2941465,1645574399999
1645574400000,0.8184,0.82541,0.80251,0.824,1911.53671183,1645603199999
1645603200000,0.8286,0.85549,0.8286,0.83271,2502.93473397,1645631999999
1645632000000,0.82954,0.85461,0.79709,0.79709,68916.95975716,1645660799999
1645660800000,0.79588,0.79588,0.68147,0.7093,176927.47858575,1645689599999
1645689600000,0.71399,0.75366,0.69331,0.75249,69326.1749863,1645718399999
1645718400000,0.75632,0.81318,0.7418,0.79927,32421.92733723,1645747199999
1645747200000,0.80545,0.81738,0.791,0.8116,7108.28987891,1645775999999
1645776000000,0.80686,0.8686,0.79611,0.84706,63820.60670096,1645804799999
1645804800000,0.83691,0.8589,0.83091,0.8497,3898.69603007,1645833599999
1645833600000,0.85616,0.8925,0.85616,0.8757,5915.52639901,1645862399999
1645862400000,0.88122,0.88789,0.85621,0.88529,4100.88471446,1645891199999
1645891200000,0.8775,0.89889,0.86401,0.8756,5471.29762921,1645919999999
1645920000000,0.87447,0.87447,0.84,0.8461,2858.4989167,1645948799999
1645948800000,0.85596,0.89181,0.8516,0.88751,1505.92712454,1645977599999
1645977600000,0.89354,0.89354,0.8275,0.83329,87005.15815358,1646006399999
1646006400000,0.8323,0.853,0.82461,0.853,215.36443103,1646035199999
1646035200000,0.8658,0.8841,0.83181,0.8841,40609.84688681,1646063999999
1646064000000,0.889,0.92831,0.86841,0.92481,7494.07847405,1646092799999
1646092800000,0.93009,0.98119,0.93009,0.96632,27543.03093141,1646121599999
1646121600000,0.96517,0.98609,0.94871,0.9589,14399.97407207,1646150399999
1646150400000,0.95851,1.0022,0.95305,0.97368,135356.76861111,1646179199999
1646179200000,0.95199,0.9785,0.94041,0.95234,3486.44070859,1646207999999
1646208000000,0.95839,0.96431,0.9252,0.94551,8568.93913368,1646236799999
1646236800000,0.9499,0.97622,0.94201,0.96791,8019.7282952,1646265599999
1646265600000,0.96611,0.96611,0.93619,0.95619,2252.04451537,1646294399999
1646294400000,0.9511,0.9627,0.91431,0.92051,7171.63233008,1646323199999
1646323200000,0.9192,0.94639,0.90806,0.94639,109625.35826968,1646351999999
1646352000000,0.92827,0.92827,0.9,0.90759,1538.06054445,1646380799999
1646380800000,0.90908,0.94089,0.89994,0.89994,6079.92733038,1646409599999
1646409600000,0.8986,0.90802,0.86019,0.86764,17058.05589123,1646438399999
1646438400000,0.8592,0.87007,0.83155,0.87007,43928.69470216,1646467199999
1646467200000,0.86987,0.87544,0.864,0.87459,4104.05781281,1646495999999
1646496000000,0.8819,0.8856,0.87233,0.87652,5036.75488329,1646524799999
1646524800000,0.891,0.8953,0.86636,0.87443,2969.61418634,1646553599999
1646553600000,0.87013,0.87013,0.84729,0.8573,6194.63137883,1646582399999
1646582400000,0.85381,0.86511,0.83999,0.83999,3452.58460416,1646611199999
1646611200000,0.8368,0.8368,0.8064,0.81149,10931.58535818,1646639999999
1646640000000,0.8067,0.8586,0.80481,0.852,14314.3039354,1646668799999
1646668800000,0.8485,0.8485,0.7993,0.82757,11605.08691367,1646697599999
1646697600000,0.83209,0.84419,0.82421,0.83267,8713.81282034,1646726399999
1646726400000,0.83479,0.85939,0.83479,0.83521,21536.80088796,1646755199999
1646755200000,0.8453,0.86071,0.83699,0.85524,7909.32611932,1646783999999
1646784000000,0.85601,0.89109,0.85601,0.89109,9078.83248761,1646812799999
1646812800000,0.88339,0.89387,0.8722,0.89089,17221.4236561,1646841599999
1646841600000,0.8889,0.889,0.86571,0.889,4055.30974942,1646870399999
1646870400000,0.8906,0.8906,0.8288,0.84265,10574.10187035,1646899199999
1646899200000,0.83754,0.84169,0.8194,0.83851,17220.09116452,1646927999999
1646928000000,0.83661,1.1614,0.83661,0.93809,1320674.04116542,1646956799999
1646956800000,0.93314,0.96905,0.8992,0.91268,75034.54990775,1646985599999
1646985600000,0.91221,0.93747,0.89446,0.90131,128099.34629835,1647014399999
1647014400000,0.90379,0.90443,0.88369,0.88568,58623.24297649,1647043199999
1647043200000,0.8828,0.9373,0.8828,0.93358,10059.19147541,1647071999999
1647072000000,0.93162,0.96591,0.91939,0.9517,67161.95105971,1647100799999
1647100800000,0.94839,0.96274,0.93556,0.93941,82009.72955771,1647129599999
1647129600000,0.93671,0.98951,0.9346,0.96433,57483.61342172,1647158399999
1647158400000,0.96823,0.98566,0.93141,0.95681,69950.66289561,1647187199999
1647187200000,0.95271,0.957,0.9032,0.9104,38585.18627363,1647215999999
1647216000000,0.90879,0.91209,0.89032,0.90824,21038.24414657,1647244799999
1647244800000,0.91129,0.91129,0.89209,0.8956,39935.26269899,1647273599999
1647273600000,0.89367,0.90993,0.87553,0.90714,9399.80809303,1647302399999
1647302400000,0.90949,0.91344,0.86761,0.86761,2261.30929132,1647331199999
1647331200000,0.86761,0.92074,0.8674,0.90519,13827.20495543,1647359999999
1647360000000,0.90849,0.91919,0.9014,0.91021,14101.29869785,1647388799999
1647388800000,0.90952,0.94699,0.90321,0.91251,8162.97742592,1647417599999
1647417600000,0.92533,0.92799,0.90213,0.91383,19873.59558467,1647446399999
1647446400000,0.91701,0.9559,0.89836,0.9559,26819.67365671,1647475199999
1647475200000,0.95421,0.9545,0.9279,0.93019,3517.18668093,1647503999999
1647504000000,0.94281,0.97221,0.935,0.95471,26980.6613098,1647532799999
1647532800000,0.95021,0.95988,0.9484,0.95384,18532.46011904,1647561599999
1647561600000,0.9452,0.94658,0.92888,0.93113,32321.08806567,1647590399999
1647590400000,0.93279,0.94759,0.9179,0.94759,72750.9457275,1647619199999
1647619200000,0.9483,0.9688,0.9483,0.9688,38021.02408126,1647647999999
1647648000000,0.9648,0.97948,0.9633,0.96454,82152.4973524,1647676799999
1647676800000,0.9629,0.99867,0.9629,0.98927,72022.95236422,1647705599999
1647705600000,0.9857,0.99475,0.9728,0.99161,4898.71182588,1647734399999
1647734400000,0.98529,1.0156,0.98059,0.99452,22864.99890974,1647763199999
1647763200000,0.99021,0.99376,0.95602,0.9659,15191.60481838,1647791999999
1647792000000,0.96424,1.0333,0.9558,0.9738,50202.49506496,1647820799999
1647820800000,0.9644,0.966,0.9503,0.966,12246.7971441,1647849599999
1647849600000,0.9731,1.0079,0.97309,0.9879,14195.1295802,1647878399999
1647878400000,0.98912,1.0021,0.97039,0.99919,9441.6647085,1647907199999
1647907200000,0.99651,1.0304,0.99494,1.0304,17575.21452664,1647935999999
1647936000000,1.0326,1.0433,1.0174,1.0252,16910.51918267,1647964799999
1647964800000,1.0188,1.0444,1.0178,1.0225,31421.93779459,1647993599999
1647993600000,1.0259,1.0259,0.9959,1.0102,3206.78387975,1648022399999
1648022400000,1.0097,1.0801,0.9983,1.0618,21191.43756243,1648051199999
1648051200000,1.0601,1.0601,1.0317,1.0544,17486.63788624,1648079999999
1648080000000,1.0515,1.0734,1.0515,1.0714,9202.96667726,1648108799999
1648108800000,1.0734,1.0741,1.0359,1.0598,14315.2809419,1648137599999
1648137600000,1.0559,1.0804,1.0545,1.0727,20329.20934803,1648166399999
1648166400000,1.0581,1.077,1.0522,1.0679,6003.27657715,1648195199999
1648195200000,1.0519,1.0876,1.0486,1.057,48582.62003369,1648223999999
1648224000000,1.0557,1.0727,1.026,1.0641,9902.97321025,1648252799999
1648252800000,1.0763,1.0975,1.0643,1.0726,14384.82496776,1648281599999
1648281600000,1.081,1.1657,1.0728,1.085,77112.95616031,1648310399999
1648310400000,1.0956,1.1468,1.0858,1.1415,28586.55998515,1648339199999
1648339200000,1.1419,1.2339,1.1336,1.175,67062.522799,1648367999999
1648368000000,1.1725,1.1775,1.1426,1.162,16313.90659973,1648396799999
1648396800000,1.1583,1.2199,1.154,1.2129,26382.93340261,1648425599999
1648425600000,1.22,1.246,1.2074,1.2291,42416.57925109,1648454399999
1648454400000,1.2305,1.2518,1.2214,1.2253,20891.32805843,1648483199999
1648483200000,1.2229,1.2363,1.17,1.1774,42371.71395898,1648511999999
1648512000000,1.1898,1.2285,1.1898,1.2048,8098.09221517,1648540799999
1648540800000,1.2068,1.2403,1.1998,1.2003,21939.56603749,1648569599999
1648569600000,1.1988,1.2212,1.1673,1.2212,14055.32554077,1648598399999
1648598400000,1.1716,1.2366,1.1523,1.2207,3797.04468917,1648627199999
1648627200000,1.2127,1.3741,1.1978,1.2719,92098.25538262,1648655999999
1648656000000,1.2682,1.2826,1.2377,1.2596,33694.47439578,1648684799999
1648684800000,1.2812,1.3114,1.2737,1.2913,11428.48787238,1648713599999
1648713600000,1.2939,1.3192,1.1789,1.2183,87787.99349715,1648742399999
1648742400000,1.2096,1.2156,1.1755,1.2121,22160.7661123,1648771199999
1648771200000,1.21,1.2242,1.15,1.2021,16839.70856214,1648799999999
1648800000000,1.2069,1.2334,1.182,1.2224,21055.03862659,1648828799999
1648828800000,1.2264,1.2469,1.2185,1.2469,12239.21022174,1648857599999
1648857600000,1.2435,1.2929,1.2435,1.2843,7898.08479043,1648886399999
1648886400000,1.283,1.3125,1.2584,1.2584,22560.3250444,1648915199999
1648915200000,1.266,1.328,1.2553,1.2948,32799.05902062,1648943999999
1648944000000,1.28,1.3432,1.2377,1.3136,20237.03035509,1648972799999
1648972800000,1.3104,1.3115,1.2741,1.289,10828.77733539,1649001599999
1649001600000,1.2946,1.3102,1.2621,1.3098,19181.28816472,1649030399999
1649030400000,1.2926,1.2926,1.2544,1.2677,8347.82011429,1649059199999
1649059200000,1.276,1.5022,1.1934,1.2005,204904.84408342,1649087999999
1649088000000,1.1995,1.2348,1.167,1.2225,45391.22534017,1649116799999
1649116800000,1.2273,1.242,1.2097,1.2247,29658.21069239,1649145599999
1649145600000,1.2391,1.2449,1.192,1.198,17574.52315609,1649174399999
1649174400000,1.1979,1.2122,1.1716,1.1716,8765.62582485,1649203199999
1649203200000,1.1533,1.1567,1.0947,1.1221,18114.22675577,1649231999999
1649232000000,1.1196,1.1229,1.0329,1.0585,49463.27468969,1649260799999
1649260800000,1.0544,1.0637,1.0262,1.0262,19282.74643537,1649289599999
1649289600000,1.0301,1.0596,0.99474,1.052,21447.46012093,1649318399999
1649318400000,1.054,1.0635,1.0159,1.0255,33175.96686204,1649347199999
1649347200000,1.0421,1.0594,1.042,1.0594,2300.02799521,1649375999999
1649376000000,1.0624,1.0892,1.0624,1.0626,6268.73769182,1649404799999
1649404800000,1.0791,1.0883,1.0531,1.0776,27297.75468583,1649433599999
1649433600000,1.0844,1.0874,1.0213,1.0213,13857.38777641,1649462399999
1649462400000,1.0292,1.0476,1.0279,1.0321,5887.2445344,1649491199999
1649491200000,1.0368,1.0586,1.0348,1.0524,13177.7015017,1649519999999
1649520000000,1.0574,1.0622,1.0436,1.0548,5431.85880628,1649548799999
1649548800000,1.0472,1.0472,1.0326,1.0373,2301.68038583,1649577599999
1649577600000,1.0312,1.0337,1.016,1.0313,10754.89434445,1649606399999
1649606400000,1.0439,1.0607,1.0121,1.0121,15863.06131589,1649635199999
1649635200000,1.0037,1.0089,0.9705,0.98474,3654.91548808,1649663999999
1649664000000,0.98791,0.98791,0.919,0.9269,27649.27713098,1649692799999
1649692800000,0.9227,0.934,0.9,0.90576,12954.44150044,1649721599999
1649721600000,0.91243,0.93996,0.90208,0.9286,2016.29073047,1649750399999
1649750400000,0.93251,1.04,0.93251,0.96124,112448.12026383,1649779199999
1649779200000,0.9625,0.982,0.9417,0.96796,28868.60471397,1649807999999
1649808000000,0.9701,1.0337,0.9689,1.0054,37104.08850782,1649836799999
1649836800000,1.0074,1.0282,0.98312,1.0246,23314.73843212,1649865599999
1649865600000,1.0246,1.041,1.0192,1.0279,13842.83273647,1649894399999
1649894400000,1.0364,1.0385,1.0195,1.0235,2946.47477242,1649923199999
1649923200000,1.0219,1.0298,0.9902,0.99407,1627.14965386,1649951999999
1649952000000,0.98763,1.0033,0.97723,0.999,1288.05916912,1649980799999
1649980800000,1.0033,1.0214,0.99189,0.99645,1153.25637655,1650009599999
1650009600000,1.005,1.0281,0.98,0.99404,7141.7692844,1650038399999
1650038400000,0.99,1.0004,0.98316,0.99975,1319.97663364,1650067199999
1650067200000,0.99884,1.0054,0.99464,0.99653,417.60619144,1650095999999
1650096000000,1.0023,1.0051,0.98188,0.98188,774.27253492,1650124799999
1650124800000,0.97358,1.0079,0.97358,1.0038,3734.32112684,1650153599999
1650153600000,1.0148,1.0148,0.99362,0.99987,788.58213557,1650182399999
1650182400000,1.0024,1.0207,0.99515,1.0198,3484.50527794,1650211199999
1650211200000,1.0177,1.0177,0.96412,0.96412,5515.18977922,1650239999999
1650240000000,0.96135,0.9731,0.92089,0.93652,17316.21359482,1650268799999
1650268800000,0.94208,0.96506,0.93544,0.938,12744.69084118,1650297599999
1650297600000,0.93713,0.98349,0.93428,0.98294,10128.29510378,1650326399999
1650326400000,0.9866,1.0016,0.97584,0.98009,5385.22968826,1650355199999
1650355200000,0.9822,1.0265,0.97827,1.0222,16321.93865675,1650383999999
1650384000000,1.0283,1.168,1.0158,1.168,199665.47420457,1650412799999
1650412800000,1.1664,1.2796,1.1385,1.2119,302601.70923481,1650441599999
1650441600000,1.2124,1.241,1.0914,1.1052,126968.50600838,1650470399999
1650470400000,1.1102,1.1149,1.086,1.0937,32371.52429594,1650499199999
1650499200000,1.0996,1.1127,1.0679,1.0749,142096.02802096,1650527999999
1650528000000,1.0748,1.0765,1.05,1.0642,155018.91074725,1650556799999
1650556800000,1.0624,1.0665,0.99485,1.0154,38250.23405657,1650585599999
1650585600000,1.0127,1.0506,1.0124,1.0414,6837.73498959,1650614399999
1650614400000,1.0438,1.0458,1.012,1.0182,22756.26613378,1650643199999
1650643200000,1.0156,1.0194,0.9981,1.0106,7815.12737203,1650671999999
1650672000000,1.0044,1.0052,0.9779,0.99157,8281.15982082,1650700799999
1650700800000,0.99485,1.0087,0.98718,1.0087,14560.00671346,1650729599999
1650729600000,1.0047,1.0109,0.99081,0.99081,8720.81912585,1650758399999
1650758400000,0.99114,1.0271,0.99114,1.0128,12796.31368686,1650787199999
1650787200000,1.0171,1.0835,0.99357,1.0053,181081.83870605,1650815999999
1650816000000,1.0082,1.0129,0.96852,0.9902,191043.73068001,1650844799999
1650844800000,0.98366,0.98366,0.91701,0.92173,136122.91186007,1650873599999
1650873600000,0.92069,0.9604,0.91839,0.9604,73492.67827279,1650902399999
1650902400000,0.95693,0.98618,0.9556,0.9849,17843.95106792,1650931199999
1650931200000,0.98475,0.9849,0.9659,0.97295,8004.39297043,1650959999999
1650960000000,0.9728,0.9746,0.93242,0.93399,50371.07775642,1650988799999
1650988800000,0.92753,0.93545,0.88957,0.9014,49094.38679497,1651017599999
1651017600000,0.9023,0.93243,0.898,0.93243,3383.80928649,1651046399999
1651046400000,0.93472,0.9412,0.91138,0.9366,19192.11089691,1651075199999
1651075200000,0.93129,0.93724,0.92221,0.93176,3084.50407422,1651103999999
1651104000000,0.93212,0.98199,0.93212,0.96061,145850.45479869,1651132799999
1651132800000,0.9543,0.97819,0.93501,0.95294,20228.2985088,1651161599999
1651161600000,0.94333,0.96703,0.9353,0.95558,11101.26573456,1651190399999
1651190400000,0.95412,0.96164,0.93407,0.9418,6981.03409735,1651219199999
1651219200000,0.94193,0.94193,0.90334,0.90572,12792.422775,1651247999999
1651248000000,0.90801,0.91052,0.8712,0.8926,11481.68521576,1651276799999
1651276800000,0.90689,0.90787,0.88628,0.89727,4190.60540541,1651305599999
1651305600000,0.8947,0.90877,0.8593,0.87096,4311.51250884,1651334399999
1651334400000,0.86726,0.87315,0.77,0.79893,47489.39185278,1651363199999
1651363200000,0.80147,0.8271,0.77578,0.81768,23363.78397988,1651391999999
1651392000000,0.82117,0.83595,0.8075,0.82617,10457.04782695,1651420799999
1651420800000,0.85391,0.87025,0.82,0.85662,12572.11844229,1651449599999
1651449600000,0.86223,0.86413,0.84027,0.85387,2262.84094393,1651478399999
1651478400000,0.8472,0.8472,0.81545,0.83401,32260.87431036,1651507199999
1651507200000,0.82637,0.84869,0.80839,0.84042,13551.71616732,1651535999999
1651536000000,0.82888,0.84383,0.82649,0.84383,821.50917755,1651564799999
1651564800000,0.84368,0.86512,0.83512,0.8363,2939.04976662,1651593599999
1651593600000,0.83851,0.83851,0.80631,0.82136,13720.94153975,1651622399999
1651622400000,0.83444,0.84119,0.82529,0.83161,15502.65546328,1651651199999
1651651200000,0.8544,0.87123,0.83195,0.83945,29649.45200856,1651679999999
1651680000000,0.83713,0.8969,0.83713,0.89422,84700.45619454,1651708799999
1651708800000,0.90805,0.90805,0.88697,0.88822,5176.50346912,1651737599999
1651737600000,0.89114,0.89592,0.8049,0.8049,41220.00848102,1651766399999
1651766400000,0.80964,0.82129,0.78974,0.80767,40262.19760125,1651795199999
1651795200000,0.81069,0.8135,0.7888,0.7888,4542.04808782,1651823999999
1651824000000,0.79257,0.80799,0.7665,0.79661,46889.86891593,1651852799999
1651852800000,0.79502,0.80981,0.78671,0.8088,5013.30512486,1651881599999
1651881600000,0.79231,0.7978,0.79209,0.7978,1289.46894778,1651910399999
1651910400000,0.79552,0.8095,0.79118,0.79666,10926.09788029,1651939199999
1651939200000,0.79908,0.7995,0.74671,0.76859,14611.76608798,1651967999999
1651968000000,0.7678,0.7733,0.7437,0.76567,19714.50836881,1651996799999
1651996800000,0.76909,0.78518,0.74192,0.75416,1158.38894867,1652025599999
1652025600000,0.76176,0.77316,0.73685,0.73964,15492.31942356,1652054399999
1652054400000,0.76283,0.76283,0.71672,0.71974,39564.70202306,1652083199999
1652083200000,0.71681,0.7249,0.6574,0.66104,89122.97290194,1652111999999
1652112000000,0.66399,0.66786,0.59045,0.59426,203881.43859771,1652140799999
1652140800000,0.59651,0.6623,0.57115,0.6408,34713.13641397,1652169599999
1652169600000,0.648,0.6776,0.624,0.64077,27025.05568256,1652198399999
1652198400000,0.6441,0.65721,0.58951,0.6151,26719.94824122,1652227199999
1652227200000,0.63589,0.63589,0.53975,0.55932,114526.09897968,1652255999999
1652256000000,0.56154,0.61024,0.46361,0.51429,525821.41249664,1652284799999
1652284800000,0.51748,0.5286,0.4347,0.4688,169367.777807,1652313599999
1652313600000,0.4742,0.48687,0.33545,0.3969,152991.624618,1652342399999
1652342400000,0.396,0.4421,0.3805,0.43439,200543.88883863,1652371199999
1652371200000,0.4312,0.46239,0.4064,0.42627,45498.01061439,1652399999999
1652400000000,0.4688,0.51542,0.4688,0.49099,56239.24051407,1652428799999
1652428800000,0.48482,0.51966,0.48482,0.4951,71689.18803543,1652457599999
1652457600000,0.4855,0.49485,0.4688,0.47826,71378.23310297,1652486399999
1652486400000,0.4992,0.52229,0.49065,0.49065,20038.09613537,1652515199999
1652515200000,0.49468,0.50041,0.45501,0.46679,24957.54012662,1652543999999
1652544000000,0.4656,0.521,0.4601,0.52,112543.77246287,1652572799999
1652572800000,0.52629,0.5453,0.5183,0.5231,11426.21984856,1652601599999
1652601600000,0.5222,0.54459,0.52104,0.5333,19111.00518859,1652630399999
1652630400000,0.5248,0.5721,0.5248,0.5721,9609.5888866,1652659199999
1652659200000,0.551,0.55295,0.5086,0.5086,14862.67747589,1652687999999
1652688000000,0.5135,0.52675,0.5054,0.51621,15847.12099319,1652716799999
1652716800000,0.51293,0.52748,0.51175,0.52366,19929.86357489,1652745599999
1652745600000,0.5185,0.533,0.5185,0.5311,57519.48514749,1652774399999
1652774400000,0.52789,0.5413,0.51894,0.51894,23497.67760635,1652803199999
1652803200000,0.51869,0.60244,0.51362,0.58646,99886.47456097,1652831999999
1652832000000,0.58509,0.58509,0.5447,0.5475,34976.51476837,1652860799999
1652860800000,0.5507,0.55209,0.5055,0.5055,50211.02509391,1652889599999
1652889600000,0.5102,0.53014,0.50901,0.52831,19196.17627692,1652918399999
1652918400000,0.5058,0.5113,0.47073,0.5023,112391.14387971,1652947199999
1652947200000,0.5001,0.54369,0.4809,0.5295,100160.87746508,1652975999999
1652976000000,0.5295,0.5295,0.50767,0.52762,40822.70784141,1653004799999
1653004800000,0.5293,0.53264,0.51577,0.5231,22041.30413699,1653033599999
1653033600000,0.51973,0.54655,0.51229,0.51229,16554.35767952,1653062399999
1653062400000,0.50752,0.52051,0.49161,0.51591,27408.11060712,1653091199999
1653091200000,0.5092,0.5111,0.4879,0.50015,12411.84455613,1653119999999
1653120000000,0.5044,0.51733,0.5,0.5169,7093.40130088,1653148799999
1653148800000,0.52623,0.53062,0.50952,0.51154,10007.52557211,1653177599999
1653177600000,0.52657,0.54488,0.5202,0.54488,33412.62398498,1653206399999
1653206400000,0.54586,0.61533,0.54134,0.54535,204933.97584284,1653235199999
1653235200000,0.54926,0.5619,0.54077,0.5597,8247.31751467,1653263999999
1653264000000,0.5607,0.5878,0.55617,0.58001,26753.33956249,1653292799999
1653292800000,0.58276,0.58276,0.564,0.57847,30330.35548189,1653321599999
1653321600000,0.5769,0.57742,0.52519,0.52772,34797.38528948,1653350399999
1653350400000,0.53271,0.54076,0.5321,0.53595,2708.18200114,1653379199999
1653379200000,0.5301,0.5311,0.49621,0.5195,4924.99745838,1653407999999
1653408000000,0.5184,0.54536,0.50328,0.5447,16482.15229542,1653436799999
1653436800000,0.53745,0.53745,0.5164,0.51929,5357.36608126,1653465599999
1653465600000,0.52364,0.52588,0.5134,0.52271,1797.33264585,1653494399999
1653494400000,0.52478,0.53042,0.514,0.52621,24950.82455365,1653523199999
1653523200000,0.53207,0.53705,0.50695,0.50773,69859.36664652,1653551999999
1653552000000,0.5083,0.5083,0.46707,0.50127,102208.9817039,1653580799999
1653580800000,0.51273,0.51273,0.48488,0.50181,5970.78810969,1653609599999
1653609600000,0.48821,0.48821,0.45729,0.47802,64918.18043651,1653638399999
1653638400000,0.4738,0.48921,0.46529,0.48636,25324.19280242,1653667199999
1653667200000,0.4788,0.48712,0.46571,0.47259,10018.385264,1653695999999
1653696000000,0.474,0.49359,0.474,0.48338,6501.56871423,1653724799999
1653724800000,0.4802,0.49021,0.47625,0.48687,2883.76766026,1653753599999
1653753600000,0.48951,0.49002,0.486,0.49002,2752.81323262,1653782399999
1653782400000,0.48588,0.48981,0.48362,0.48782,7822.53668163,1653811199999
1653811200000,0.48898,0.49804,0.48898,0.4932,23160.73058018,1653839999999
1653840000000,0.49896,0.51451,0.49836,0.5064,55732.67349963,1653868799999
1653868800000,0.51022,0.5362,0.50497,0.53581,10029.67311334,1653897599999
1653897600000,0.53341,0.53341,0.52,0.52617,13665.75891456,1653926399999
1653926400000,0.52614,0.55665,0.52614,0.55064,45242.8080018,1653955199999
1653955200000,0.55665,0.5571,0.53839,0.54675,21621.39936706,1653983999999
1653984000000,0.54632,0.5515,0.52803,0.54923,22482.45352748,1654012799999
1654012800000,0.53986,0.54861,0.53433,0.54788,2164.77356764,1654041599999
1654041600000,0.53729,0.5658,0.53729,0.55008,25296.09949797,1654070399999
1654070400000,0.5503,0.554,0.54244,0.54626,10943.88944637,1654099199999
1654099200000,0.53808,0.54331,0.52317,0.5312,6889.36555632,1654127999999
1654128000000,0.5381,0.54338,0.52571,0.54054,18910.41880399,1654156799999
1654156800000,0.5435,0.57713,0.53205,0.54247,106295.58346913,1654185599999
1654185600000,0.54247,0.55897,0.53983,0.55897,11081.65969584,1654214399999
1654214400000,0.54695,0.5523,0.5407,0.5407,6048.09315814,1654243199999
1654243200000,0.54031,0.5433,0.5182,0.52056,13631.79518319,1654271999999
1654272000000,0.52067,0.5348,0.52067,0.52884,8401.43565894,1654300799999
1654300800000,0.5308,0.53109,0.50887,0.51995,5030.15443356,1654329599999
1654329600000,0.52044,0.52044,0.5109,0.51808,24736.81234836,1654358399999
1654358400000,0.51681,0.52518,0.51583,0.5219,12973.6958711,1654387199999
1654387200000,0.517,0.53344,0.51244,0.52501,7900.57370734,1654415999999
1654416000000,0.52843,0.5435,0.5219,0.54183,41687.11282556,1654444799999
1654444800000,0.5427,0.54705,0.53833,0.54359,16611.38506242,1654473599999
1654473600000,0.55,0.58972,0.55,0.5716,17990.66979352,1654502399999
1654502400000,0.56978,0.58049,0.5636,0.5675,2590.5419687,1654531199999
1654531200000,0.56799,0.5687,0.5533,0.5671,22639.43074422,1654559999999
1654560000000,0.54,0.54,0.53211,0.53762,3518.38705358,1654588799999
1654588800000,0.53658,0.53752,0.521,0.5293,18564.76645163,1654617599999
1654617600000,0.52652,0.56183,0.52539,0.5451,82645.35451176,1654646399999
1654646400000,0.5505,0.5505,0.5331,0.54234,3136.47945463,1654675199999
1654675200000,0.54188,0.5488,0.5343,0.5434,1539.46896849,1654703999999
1654704000000,0.54563,0.54563,0.5302,0.5302,12768.30018701,1654732799999
1654732800000,0.523,0.5319,0.52257,0.5319,3916.24171973,1654761599999
1654761600000,0.531,0.5377,0.521,0.53194,13355.61627229,1654790399999
1654790400000,0.53282,0.55247,0.5278,0.5278,37560.51181697,1654819199999
1654819200000,0.52423,0.5253,0.51102,0.51882,28260.07382933,1654847999999
1654848000000,0.51843,0.51944,0.48458,0.48995,30865.83826715,1654876799999
1654876800000,0.49362,0.49619,0.47941,0.48467,148999.50748544,1654905599999
1654905600000,0.48243,0.4997,0.48243,0.49919,25790.81809538,1654934399999
1654934400000,0.49869,0.49869,0.4395,0.4411,22781.09696273,1654963199999
1654963200000,0.4465,0.4572,0.44529,0.4467,5633.33312248,1654991999999
1654992000000,0.44766,0.44766,0.40191,0.4187,150988.78999,1655020799999
1655020800000,0.42055,0.4333,0.40322,0.4333,43890.46313092,1655049599999
1655049600000,0.43041,0.43041,0.4027,0.4027,56640.67796854,1655078399999
1655078400000,0.40229,0.40229,0.35462,0.35729,99157.5401171,1655107199999
1655107200000,0.35679,0.36349,0.33481,0.3489,227264.98251279,1655135999999
1655136000000,0.3521,0.37086,0.34161,0.3501,217232.32790887,1655164799999
1655164800000,0.3515,0.3603,0.32462,0.3547,68619.50989553,1655193599999
1655193600000,0.35541,0.35541,0.3366,0.3528,30226.16295213,1655222399999
1655222400000,0.3564,0.3571,0.3369,0.3524,75061.21241915,1655251199999
1655251200000,0.35385,0.35385,0.32885,0.3333,52938.27721616,1655279999999
1655280000000,0.3257,0.34995,0.3147,0.33704,136580.79785529,1655308799999
1655308800000,0.3381,0.38095,0.32781,0.38095,48325.97395706,1655337599999
1655337600000,0.37915,0.3855,0.36932,0.36932,32382.3422276,1655366399999
1655366400000,0.3717,0.49782,0.36637,0.4341,1748698.37491826,1655395199999
1655395200000,0.43105,0.48411,0.39796,0.4055,847233.53414657,1655423999999
1655424000000,0.4032,0.43395,0.3973,0.42506,365283.29232894,1655452799999
1655452800000,0.42323,0.50948,0.42323,0.466,2229528.47562059,1655481599999
1655481600000,0.46544,0.48081,0.4475,0.4475,354183.35264449,1655510399999
1655510400000,0.44331,0.45429,0.40828,0.42117,171715.14273144,1655539199999
1655539200000,0.4196,0.43537,0.40746,0.40833,125415.52860196,1655567999999
1655568000000,0.40668,0.41389,0.3818,0.40995,268166.30604973,1655596799999
1655596800000,0.41242,0.45178,0.4114,0.43921,163071.05757118,1655625599999
1655625600000,0.43912,0.56689,0.43733,0.5409,798850.42427719,1655654399999
1655654400000,0.53958,0.55749,0.49719,0.50271,398471.82124997,1655683199999
1655683200000,0.5036,0.64109,0.5036,0.6117,576609.72430651,1655711999999
1655712000000,0.6115,0.62027,0.5684,0.57115,324498.2536655,1655740799999
1655740800000,0.57075,0.61101,0.57004,0.60739,154122.69773042,1655769599999
1655769600000,0.60962,0.74451,0.60473,0.71796,588832.28317203,1655798399999
1655798400000,0.71893,0.74629,0.6761,0.70926,528770.986057,1655827199999
1655827200000,0.71058,0.71609,0.64676,0.6802,136771.83188803,1655855999999
1655856000000,0.67872,0.69378,0.61809,0.6187,103424.04230176,1655884799999
1655884800000,0.6163,0.63111,0.60566,0.60817,107759.35708583,1655913599999
1655913600000,0.60791,0.61706,0.58195,0.58195,70487.77937714,1655942399999
1655942400000,0.58247,0.7199,0.58134,0.69784,258106.86899094,1655971199999
1655971200000,0.69789,0.69789,0.65077,0.6625,271631.40748504,1655999999999
1656000000000,0.6608,0.9692,0.6608,0.89099,1907292.09841169,1656028799999
1656028800000,0.90389,0.91396,0.8365,0.86948,449870.85618242,1656057599999
1656057600000,0.87361,0.922,0.8546,0.86375,478075.5919138,1656086399999
1656086400000,0.86236,0.93785,0.86065,0.93107,349788.60511964,1656115199999
1656115200000,0.93224,0.939,0.85092,0.86238,163205.65337269,1656143999999
1656144000000,0.86267,0.88419,0.8323,0.8356,108935.36707558,1656172799999
1656172800000,0.8336,0.88219,0.83086,0.86675,76129.91305559,1656201599999
1656201600000,0.86429,0.87377,0.80468,0.8142,117373.4678344,1656230399999
1656230400000,0.81318,0.8321,0.7907,0.80113,95238.78601605,1656259199999
1656259200000,0.7992,0.8227,0.77585,0.79469,55330.88167972,1656287999999
1656288000000,0.78626,0.78661,0.74421,0.75912,41145.26160795,1656316799999
1656316800000,0.76453,0.76834,0.72368,0.73305,47402.33335624,1656345599999
1656345600000,0.7317,0.75648,0.71682,0.7433,33650.92733843,1656374399999
1656374400000,0.76719,0.80409,0.69793,0.72011,69565.31245695,1656403199999
1656403200000,0.71432,0.731,0.70259,0.70734,42211.50714989,1656431999999
1656432000000,0.70487,0.71099,0.6864,0.70797,189315.91183606,1656460799999
1656460800000,0.70164,0.77628,0.70024,0.76213,150486.76850932,1656489599999
1656489600000,0.76041,0.79931,0.6864,0.69694,130526.53581868,1656518399999
1656518400000,0.6915,0.69749,0.67746,0.68871,20914.97604767,1656547199999
1656547200000,0.6883,0.6885,0.6261,0.62989,32413.55420795,1656575999999
1656576000000,0.62911,0.64322,0.61203,0.62931,149765.68031293,1656604799999
1656604800000,0.63461,0.66873,0.62871,0.66873,112236.74550012,1656633599999
1656633600000,0.66031,0.68566,0.61701,0.638,76527.09758826,1656662399999
1656662400000,0.63605,0.6428,0.60981,0.61459,62317.97913827,1656691199999
1656691200000,0.61733,0.63593,0.6172,0.62926,34993.53028546,1656719999999
1656720000000,0.63022,0.68503,0.61658,0.62761,41480.58433829,1656748799999
1656748800000,0.62536,0.64864,0.61947,0.64162,16753.12506306,1656777599999
1656777600000,0.636,0.6734,0.63531,0.64651,71587.37734238,1656806399999
1656806400000,0.64514,0.64533,0.61651,0.62686,19600.73257321,1656835199999
1656835200000,0.62721,0.6281,0.61306,0.6144,20356.22366704,1656863999999
1656864000000,0.61457,0.63499,0.61457,0.62385,25384.09090254,1656892799999
1656892800000,0.61799,0.6191,0.59506,0.59958,15464.27018212,1656921599999
1656921600000,0.60358,0.62736,0.5993,0.6204,95696.92096652,1656950399999
1656950400000,0.61828,0.6455,0.61638,0.63869,37563.38730245,1656979199999
1656979200000,0.6367,0.68722,0.6367,0.64864,75489.21222911,1657007999999
1657008000000,0.64021,0.64021,0.60788,0.61573,24642.82419963,1657036799999
1657036800000,0.61816,0.63517,0.61381,0.62145,60052.7566779,1657065599999
1657065600000,0.62072,0.62534,0.6125,0.62211,24825.21876892,1657094399999
1657094400000,0.6228,0.6834,0.62211,0.64771,132251.01684938,1657123199999
1657123200000,0.6477,0.692,0.64435,0.6891,109083.8242285,1657151999999
1657152000000,0.69643,0.75209,0.69643,0.73967,301653.42939883,1657180799999
1657180800000,0.7391,0.805,0.732,0.76189,342132.08000952,1657209599999
1657209600000,0.759,0.79,0.75013,0.79,206559.59398305,1657238399999
1657238400000,0.78829,0.78829,0.7362,0.74199,37564.10512952,1657267199999
1657267200000,0.74101,0.745,0.72814,0.73872,104956.67894608,1657295999999
1657296000000,0.73786,0.74695,0.73134,0.73574,11807.71346167,1657324799999
1657324800000,0.73434,0.73732,0.70026,0.72268,37035.2196904,1657353599999
1657353600000,0.72269,0.74112,0.71962,0.72606,37664.12457056,1657382399999
1657382400000,0.7333,0.73487,0.72136,0.72504,11830.19395244,1657411199999
1657411200000,0.71789,0.71789,0.69424,0.69891,39597.33007218,1657439999999
1657440000000,0.69891,0.70235,0.66653,0.67063,190306.79845158,1657468799999
1657468800000,0.67209,0.68106,0.66251,0.6704,43144.96335648,1657497599999
1657497600000,0.66532,0.70479,0.6439,0.65294,27327.73617577,1657526399999
1657526400000,0.65767,0.66566,0.64864,0.65774,31172.67550508,1657555199999
1657555200000,0.65993,0.66773,0.63157,0.63819,32341.50636172,1657583999999
1657584000000,0.63491,0.64603,0.62818,0.62996,6298.11769787,1657612799999
1657612800000,0.628,0.64147,0.62553,0.64063,15741.28064653,1657641599999
1657641600000,0.64191,0.64502,0.60945,0.60945,28626.04062924,1657670399999
1657670400000,0.6046,0.63154,0.6041,0.63154,52630.25674606,1657699199999
1657699200000,0.63161,0.63742,0.5746,0.59803,211288.8786496,1657727999999
1657728000000,0.59665,0.6366,0.59302,0.63594,34854.76929616,1657756799999
1657756800000,0.6347,0.6366,0.6168,0.6168,5407.4871972,1657785599999
1657785600000,0.61639,0.6278,0.60424,0.6278,26245.32701644,1657814399999
1657814400000,0.6327,0.6507,0.63255,0.6402,17352.02634666,1657843199999
1657843200000,0.6617,0.68843,0.6599,0.67003,47126.73595479,1657871999999
1657872000000,0.67008,0.70619,0.6667,0.66781,102115.05937096,1657900799999
1657900800000,0.66752,0.68777,0.65906,0.67868,232511.21391195,1657929599999
1657929600000,0.67211,0.67211,0.6504,0.6516,21483.68703489,1657958399999
1657958400000,0.65444,0.67159,0.65104,0.66939,126255.73346968,1657987199999
1657987200000,0.67058,0.68601,0.67058,0.68597,137198.61503741,1658015999999
1658016000000,0.68552,0.705,0.67371,0.68795,41467.11040808,1658044799999
1658044800000,0.6834,0.6834,0.66789,0.6693,32365.57252776,1658073599999
1658073600000,0.66744,0.6729,0.65889,0.67022,19347.73964737,1658102399999
1658102400000,0.6629,0.6916,0.65748,0.68204,21790.39865336,1658131199999
1658131200000,0.68242,0.69555,0.67647,0.69555,23462.01736193,1658159999999
1658160000000,0.6912,0.6945,0.65547,0.6862,64819.75157188,1658188799999
1658188800000,0.685,0.6921,0.6589,0.6592,42408.77186784,1658217599999
1658217600000,0.6542,0.6951,0.6542,0.68199,25776.23649095,1658246399999
1658246400000,0.6795,0.70525,0.6763,0.69744,35808.44705926,1658275199999
1658275200000,0.71394,0.73463,0.70684,0.70684,43357.43498078,1658303999999
1658304000000,0.70582,0.70716,0.6841,0.69739,22030.7141483,1658332799999
1658332800000,0.69772,0.70032,0.6485,0.6562,46023.16473074,1658361599999
1658361600000,0.65764,0.6682,0.6183,0.63844,51902.57989841,1658390399999
1658390400000,0.6376,0.644,0.62927,0.63947,30737.4326633,1658419199999
1658419200000,0.6428,0.6662,0.6423,0.65611,66718.35867112,1658447999999
1658448000000,0.65503,0.66306,0.65029,0.66088,38349.22326891,1658476799999
1658476800000,0.66144,0.67208,0.63529,0.63638,42238.70653057,1658505599999
1658505600000,0.63794,0.64772,0.62623,0.63507,36946.5960774,1658534399999
1658534400000,0.63972,0.65493,0.63972,0.65008,12831.06779975,1658563199999
1658563200000,0.65018,0.66249,0.62837,0.6582,17500.41516605,1658591999999
1658592000000,0.65019,0.6548,0.6341,0.6531,15799.41428734,1658620799999
1658620800000,0.65143,0.65667,0.6449,0.65144,19858.55914589,1658649599999
1658649600000,0.64901,0.65261,0.64102,0.64989,22003.88909253,1658678399999
1658678400000,0.64819,0.66,0.64213,0.64795,22989.86351871,1658707199999
1658707200000,0.64845,0.65378,0.60784,0.61718,31713.07500847,1658735999999
1658736000000,0.61856,0.62219,0.60408,0.60809,115793.34341642,1658764799999
1658764800000,0.61239,0.6135,0.58312,0.5858,71654.68025741,1658793599999
1658793600000,0.58265,0.59136,0.57629,0.57891,42094.46783869,1658822399999
1658822400000,0.5787,0.59006,0.57341,0.57341,33652.21607112,1658851199999
1658851200000,0.5764,0.60041,0.57348,0.60041,34108.36446465,1658879999999
1658880000000,0.58919,0.59681,0.58262,0.59099,19061.99983349,1658908799999
1658908800000,0.5924,0.59566,0.58204,0.59023,39544.41149793,1658937599999
1658937600000,0.5942,0.63579,0.58586,0.63579,162672.17384076,1658966399999
1658966400000,0.6348,0.63913,0.62422,0.62425,11582.9528356,1658995199999
1658995200000,0.62442,0.6526,0.61428,0.64721,18373.97408646,1659023999999
1659024000000,0.64919,0.67526,0.6468,0.65934,57713.76266824,1659052799999
1659052800000,0.66259,0.67268,0.65289,0.65725,8343.38391633,1659081599999
1659081600000,0.6575,0.67269,0.64216,0.66083,42831.23127267,1659110399999
1659110400000,0.64938,0.66503,0.64316,0.6642,15551.49677777,1659139199999
1659139200000,0.65874,0.69832,0.6543,0.68424,39644.73333835,1659167999999
1659168000000,0.68569,0.71773,0.68179,0.69669,103357.05348492,1659196799999
1659196800000,0.69247,0.7053,0.65649,0.65758,74897.9639985,1659225599999
1659225600000,0.67049,0.6771,0.6628,0.66777,25007.05743134,1659254399999
1659254400000,0.6656,0.68865,0.65317,0.67357,44680.35529582,1659283199999
1659283200000,0.6892,0.76466,0.66552,0.67331,343495.12224668,1659311999999
1659312000000,0.68215,0.76529,0.68065,0.71515,154385.54937495,1659340799999
1659340800000,0.71182,0.71182,0.6789,0.69295,44774.48029779,1659369599999
1659369600000,0.68471,0.69153,0.67271,0.6902,26200.90441902,1659398399999
1659398400000,0.68206,0.68206,0.63563,0.646,26236.92606673,1659427199999
1659427200000,0.646,0.65561,0.63512,0.65237,21442.43969384,1659455999999
1659456000000,0.65371,0.6653,0.64991,0.64991,30462.71354567,1659484799999
1659484800000,0.6501,0.65373,0.63,0.65003,19526.44427455,1659513599999
1659513600000,0.64934,0.66602,0.64934,0.66299,12326.29273168,1659542399999
1659542400000,0.65826,0.66825,0.63921,0.63921,12517.32327216,1659571199999
1659571200000,0.6527,0.6633,0.648,0.65307,9140.50340752,1659599999999
1659600000000,0.64942,0.65384,0.64,0.64664,20115.83267762,1659628799999
1659628800000,0.65211,0.6572,0.64017,0.64923,5827.32086744,1659657599999
1659657600000,0.65291,0.67713,0.65291,0.67279,18124.88686113,1659686399999
1659686400000,0.67172,0.67869,0.66319,0.66916,22797.63286682,1659715199999
1659715200000,0.66604,0.68253,0.66537,0.67965,5257.51725653,1659743999999
1659744000000,0.6836,0.68843,0.67633,0.68432,3667.87530129,1659772799999
1659772800000,0.68869,0.69127,0.67891,0.68544,11487.24866953,1659801599999
1659801600000,0.68979,0.68979,0.6791,0.68386,7733.29623145,1659830399999
1659830400000,0.6744,0.677,0.6735,0.676,890.81998321,1659859199999
1659859200000,0.67512,0.6828,0.67289,0.67974,6638.03204794,1659887999999
1659888000000,0.68098,0.68664,0.67489,0.67489,27421.94447319,1659916799999
1659916800000,0.68136,0.69196,0.68136,0.69014,985.22787832,1659945599999
1659945600000,0.69445,0.70202,0.6858,0.6858,26419.96089053,1659974399999
1659974400000,0.68667,0.69341,0.68322,0.68696,6680.803536,1660003199999
1660003200000,0.687,0.69631,0.68603,0.68852,636.18043897,1660031999999
1660032000000,0.68139,0.68139,0.63591,0.64376,14786.30967144,1660060799999
1660060800000,0.644,0.6534,0.644,0.6493,1396.67735773,1660089599999
1660089600000,0.64706,0.65599,0.63801,0.65388,14617.61250819,1660118399999
1660118400000,0.6505,0.68343,0.6505,0.68343,49092.70213039,1660147199999
1660147200000,0.68823,0.73362,0.68823,0.69878,240293.76733194,1660175999999
1660176000000,0.70016,0.71098,0.69337,0.694,33073.52630558,1660204799999
1660204800000,0.68891,0.74065,0.68891,0.7076,42408.55471159,1660233599999
1660233600000,0.70616,0.71304,0.695,0.695,11711.18451128,1660262399999
1660262400000,0.69651,0.70141,0.685,0.69299,17916.23751734,1660291199999
1660291200000,0.69537,0.69936,0.68564,0.69524,8732.65004318,1660319999999
1660320000000,0.69873,0.70639,0.69775,0.70549,3984.80372634,1660348799999
1660348800000,0.70634,0.71787,0.70549,0.70915,10556.98385204,1660377599999
1660377600000,0.70613,0.7093,0.70011,0.70451,16691.06670283,1660406399999
1660406400000,0.70461,0.7055,0.6997,0.70146,6300.10001455,1660435199999
1660435200000,0.70778,0.72031,0.7056,0.71468,29481.22108739,1660463999999
1660464000000,0.71537,0.73456,0.70501,0.7116,58571.46864068,1660492799999
1660492800000,0.71103,0.71103,0.68379,0.68379,13588.39127022,1660521599999
1660521600000,0.701,0.70938,0.68525,0.6859,4287.89379515,1660550399999
1660550400000,0.68546,0.70103,0.6782,0.70103,7209.51524986,1660579199999
1660579200000,0.70446,0.71241,0.69555,0.69555,10651.13483586,1660607999999
1660608000000,0.6832,0.69328,0.67994,0.69328,6464.85589083,1660636799999
1660636800000,0.69364,0.69923,0.6795,0.68656,10143.88471882,1660665599999
1660665600000,0.68155,0.6876,0.67941,0.682,4489.78442371,1660694399999
1660694400000,0.6831,0.69963,0.6831,0.69674,6111.94246732,1660723199999
1660723200000,0.6833,0.6892,0.6445,0.65139,37428.53988006,1660751999999
1660752000000,0.65037,0.65602,0.6422,0.64688,27492.56939902,1660780799999
1660780800000,0.64,0.64957,0.64,0.64722,11419.52390126,1660809599999
1660809600000,0.64951,0.66064,0.6451,0.65415,10519.76453542,1660838399999
1660838400000,0.65681,0.66079,0.6148,0.62982,26736.06853219,1660867199999
1660867200000,0.62975,0.62975,0.5632,0.57301,40853.97057248,1660895999999
1660896000000,0.5732,0.57461,0.5595,0.57427,156942.94215434,1660924799999
1660924800000,0.57597,0.5869,0.55665,0.56102,19285.18128485,1660953599999
1660953600000,0.56839,0.58279,0.56661,0.58149,97473.45780484,1660982399999
1660982400000,0.57564,0.57992,0.57261,0.57261,6208.00961478,1661011199999
1661011200000,0.56809,0.56809,0.5507,0.5659,16598.00536907,1661039999999
1661040000000,0.57001,0.5702,0.56417,0.56907,2819.32439019,1661068799999
1661068800000,0.57932,0.58492,0.571,0.57714,8524.95592963,1661097599999
1661097600000,0.5771,0.5854,0.5748,0.58508,20435.66871661,1661126399999
1661126400000,0.5857,0.5857,0.56,0.56,9984.0761434,1661155199999
1661155200000,0.55632,0.5658,0.55,0.56533,26009.58585233,1661183999999
1661184000000,0.5669,0.57481,0.55678,0.57481,10221.18599788,1661212799999
1661212800000,0.5796,0.5796,0.56146,0.56146,88.59350341,1661241599999
1661241600000,0.56999,0.58028,0.56999,0.57415,3871.53473414,1661270399999
1661270400000,0.57343,0.5805,0.57132,0.58033,5480.39037841,1661299199999
1661299200000,0.57673,0.57719,0.56508,0.57258,10674.01330545,1661327999999
1661328000000,0.56916,0.62198,0.56916,0.58947,125243.66122178,1661356799999
1661356800000,0.59412,0.6145,0.58938,0.5899,27734.72237625,1661385599999
1661385600000,0.58917,0.60471,0.58917,0.60414,21165.61353497,1661414399999
1661414400000,0.60346,0.65223,0.60176,0.6094,282791.0239288,1661443199999
1661443200000,0.61001,0.61425,0.6047,0.61104,104196.13655333,1661471999999
1661472000000,0.61098,0.63712,0.59854,0.6072,195048.93976409,1661500799999
1661500800000,0.60885,0.61079,0.5737,0.57754,67363.31012833,1661529599999
1661529600000,0.5768,0.58002,0.55665,0.56022,37589.08334231,1661558399999
1661558400000,0.55852,0.55953,0.54005,0.54749,17894.34653199,1661587199999
1661587200000,0.54521,0.54983,0.53887,0.5464,8038.49265702,1661615999999
1661616000000,0.54048,0.54608,0.537,0.54608,9356.9921721,1661644799999
1661644800000,0.54907,0.55243,0.54524,0.55243,954.63623027,1661673599999
1661673600000,0.55343,0.5587,0.545,0.55173,19908.80968511,1661702399999
1661702400000,0.55485,0.55485,0.53072,0.53472,2422.99217318,1661731199999
1661731200000,0.52871,0.53461,0.5221,0.53309,10084.39239545,1661759999999
1661760000000,0.52858,0.5467,0.52858,0.54345,2560.99157911,1661788799999
1661788800000,0.54466,0.55011,0.54316,0.54997,2865.79595601,1661817599999
1661817600000,0.55317,0.56417,0.54875,0.55738,6854.69835466,1661846399999
1661846400000,0.5585,0.5585,0.53298,0.53669,2247.54787446,1661875199999
1661875200000,0.53977,0.54389,0.52697,0.54138,3757.66482483,1661903999999
1661904000000,0.54611,0.55742,0.54611,0.54943,29511.69017087,1661932799999
1661932800000,0.54659,0.5567,0.54659,0.55111,9756.11959052,1661961599999
1661961600000,0.54587,0.55218,0.54132,0.54654,838.38450642,1661990399999
1661990400000,0.54477,0.54632,0.5442,0.54459,57.19254875,1662019199999
1662019200000,0.54187,0.54369,0.53704,0.54083,33826.29717063,1662047999999
1662048000000,0.54133,0.54988,0.5405,0.54988,543.37101819,1662076799999
1662076800000,0.55285,0.55285,0.54572,0.54572,449.84146338,1662105599999
1662105600000,0.54681,0.5559,0.54074,0.5506,27349.04358883,1662134399999
1662134400000,0.54181,0.54186,0.53718,0.53907,27188.82843463,1662163199999
1662163200000,0.54605,0.54605,0.54236,0.54236,122.07774841,1662191999999
1662192000000,0.54102,0.5456,0.5406,0.54415,3384.98355724,1662220799999
1662220800000,0.54399,0.5443,0.5402,0.54351,4881.30972879,1662249599999
1662249600000,0.54764,0.54942,0.5448,0.5448,5165.74554672,1662278399999
1662278400000,0.54351,0.55098,0.5419,0.54697,1987.13619519,1662307199999
1662307200000,0.5503,0.5697,0.5503,0.5575,103720.08574352,1662335999999
1662336000000,0.56076,0.56181,0.55266,0.55266,1519.60616723,1662364799999
1662364800000,0.54847,0.55138,0.54398,0.55061,6026.85954788,1662393599999
1662393600000,0.54853,0.55416,0.54644,0.55416,4452.075593,1662422399999
1662422400000,0.55563,0.5645,0.54909,0.55624,9826.8404165,1662451199999
1662451200000,0.55959,0.5605,0.54814,0.55489,777.4526448,1662479999999
1662480000000,0.55324,0.55324,0.50954,0.51214,76685.25999656,1662508799999
1662508800000,0.50819,0.50819,0.49296,0.49882,23098.22027019,1662537599999
1662537600000,0.49882,0.50828,0.49882,0.50467,12060.48267091,1662566399999
1662566400000,0.50678,0.52189,0.50366,0.51849,49255.7954706,1662595199999
1662595200000,0.51743,0.5185,0.51221,0.51336,10095.32798405,1662623999999
1662624000000,0.51257,0.524,0.508,0.5237,18951.53810626,1662652799999
1662652800000,0.5181,0.53829,0.5181,0.527,29199.25371385,1662681599999
1662681600000,0.5284,0.54672,0.52814,0.54498,21960.75559874,1662710399999
1662710400000,0.5491,0.56316,0.54728,0.5495,103454.80744074,1662739199999
1662739200000,0.54788,0.55792,0.54599,0.55792,25861.02273107,1662767999999
1662768000000,0.5565,0.56367,0.55008,0.55231,9629.99333103,1662796799999
1662796800000,0.55821,0.55861,0.54431,0.54778,14476.40994638,1662825599999
1662825600000,0.54769,0.55628,0.5462,0.5516,38478.34373439,1662854399999
1662854400000,0.5567,0.5567,0.5394,0.54472,13198.02177121,1662883199999
1662883200000,0.54773,0.56949,0.54773,0.5576,78020.93547642,1662911999999
1662912000000,0.55959,0.56259,0.543,0.55038,63560.53427901,1662940799999
1662940800000,0.554,0.55464,0.54707,0.55248,6460.31578383,1662969599999
1662969600000,0.5563,0.57919,0.55179,0.55712,42937.52283267,1662998399999
1662998400000,0.5481,0.56352,0.5451,0.55769,38298.2608616,1663027199999
1663027200000,0.5579,0.5623,0.54448,0.5623,4781.9698764,1663055999999
1663056000000,0.56206,0.56206,0.5243,0.52581,59781.62776338,1663084799999
1663084800000,0.52349,0.52545,0.5111,0.5111,27957.86344711,1663113599999
1663113600000,0.5094,0.51838,0.5091,0.51355,13233.2050174,1663142399999
1663142400000,0.50613,0.514,0.50144,0.50995,107321.78668183,1663171199999
1663171200000,0.51004,0.52059,0.50276,0.5162,150486.56100027,1663199999999
1663200000000,0.5082,0.51471,0.4974,0.51024,48507.58140986,1663228799999
1663228800000,0.50834,0.50834,0.48611,0.49211,26466.70958164,1663257599999
1663257600000,0.49172,0.49484,0.48467,0.48662,119817.2320577,1663286399999
1663286400000,0.483,0.50203,0.4765,0.50203,22539.66281999,1663315199999
1663315200000,0.49633,0.50449,0.49633,0.49807,23722.63099877,1663343999999
1663344000000,0.49595,0.49847,0.49321,0.49826,108977.09930807,1663372799999
1663372800000,0.49691,0.50193,0.4967,0.50193,5626.10413099,1663401599999
1663401600000,0.50171,0.50389,0.49851,0.50361,2833.91755299,1663430399999
1663430400000,0.5061,0.5061,0.50426,0.50599,5193.65855644,1663459199999
1663459200000,0.5087,0.50995,0.50566,0.50946,2921.91276615,1663487999999
1663488000000,0.51,0.51333,0.4985,0.4985,15766.81123094,1663516799999
1663516800000,0.4914,0.49301,0.4553,0.46231,19154.48541355,1663545599999
1663545600000,0.47334,0.47375,0.45291,0.45844,18627.96817549,1663574399999
1663574400000,0.45989,0.47058,0.45136,0.4672,11436.72884979,1663603199999
1663603200000,0.4695,0.47468,0.46561,0.47389,4991.85054549,1663631999999
1663632000000,0.47131,0.47627,0.46842,0.47047,9469.01948225,1663660799999
1663660800000,0.47217,0.47217,0.4611,0.46699,5350.22560055,1663689599999
1663689600000,0.4727,0.4727,0.45761,0.4589,24420.38842838,1663718399999
1663718400000,0.45949,0.46165,0.44643,0.45615,30398.27769314,1663747199999
1663747200000,0.45738,0.46437,0.45561,0.45748,3996.26861643,1663775999999
1663776000000,0.4607,0.4873,0.44519,0.4503,41777.28875933,1663804799999
1663804800000,0.45253,0.4632,0.45253,0.45968,11579.70023477,1663833599999
1663833600000,0.467,0.47141,0.4645,0.466,26929.71703179,1663862399999
1663862400000,0.46587,0.4751,0.46478,0.47407,43626.24762154,1663891199999
1663891200000,0.47407,0.48292,0.47278,0.47872,10471.20961429,1663919999999
1663920000000,0.47421,0.47494,0.46049,0.46513,35896.27244769,1663948799999
1663948800000,0.46701,0.4842,0.4631,0.48331,25739.6129693,1663977599999
1663977600000,0.48182,0.48441,0.48018,0.48149,36270.26680998,1664006399999
1664006400000,0.47912,0.4916,0.47912,0.48826,21542.24930735,1664035199999
1664035200000,0.48929,0.50149,0.48364,0.48364,69982.10444022,1664063999999
1664064000000,0.48701,0.48739,0.48589,0.48739,1330.03342833,1664092799999
1664092800000,0.48689,0.48924,0.47784,0.47785,3965.07918597,1664121599999
1664121600000,0.48137,0.48137,0.4671,0.4689,34337.18864414,1664150399999
1664150400000,0.47048,0.4728,0.46316,0.46697,52355.39244627,1664179199999
1664179200000,0.47021,0.4759,0.46861,0.4759,4834.02813507,1664207999999
1664208000000,0.47866,0.47926,0.47552,0.47552,11156.32196921,1664236799999
1664236800000,0.4854,0.50725,0.48458,0.50725,30587.43732706,1664265599999
1664265600000,0.5039,0.5039,0.49098,0.49098,24625.6620209,1664294399999
1664294400000,0.48765,0.48765,0.477,0.48066,25208.34994574,1664323199999
1664323200000,0.48104,0.48104,0.46,0.46439,28120.81582841,1664351999999
1664352000000,0.46341,0.47129,0.46282,0.46764,71405.6707897,1664380799999
1664380800000,0.4686,0.47389,0.46774,0.47015,12241.11275647,1664409599999
1664409600000,0.47068,0.4717,0.46436,0.46446,17077.48966631,1664438399999
1664438400000,0.46436,0.46654,0.45664,0.4597,2441.46312783,1664467199999
1664467200000,0.45693,0.46246,0.45693,0.462,3988.40927791,1664495999999
1664496000000,0.46186,0.46427,0.46086,0.46427,170.10429601,1664524799999
1664524800000,0.46279,0.4648,0.4579,0.4601,12679.80677999,1664553599999
1664553600000,0.46232,0.4642,0.45539,0.45539,1777.87640296,1664582399999
1664582400000,0.45938,0.46147,0.45811,0.45811,12463.72304986,1664611199999
1664611200000,0.45831,0.4598,0.45755,0.45876,419.42719776,1664639999999
1664640000000,0.458,0.4582,0.45691,0.4582,2341.0770338,1664668799999
1664668800000,0.45731,0.46054,0.45731,0.45954,98.48499997,1664697599999
1664697600000,0.45914,0.45914,0.45,0.45134,15542.43578315,1664726399999
1664726400000,0.45469,0.45947,0.4507,0.4507,32397.28972855,1664755199999
1664755200000,0.449,0.45239,0.4445,0.45203,6975.16125427,1664783999999
1664784000000,0.45082,0.47206,0.45082,0.4672,62566.01030736,1664812799999
1664812800000,0.46623,0.46728,0.45689,0.46061,38092.3739564,1664841599999
1664841600000,0.4574,0.46113,0.4574,0.46106,936.06356793,1664870399999
1664870400000,0.45999,0.46444,0.4582,0.46119,24374.1396867,1664899199999
1664899200000,0.45859,0.4606,0.4566,0.45854,20354.1273077,1664927999999
1664928000000,0.45765,0.4582,0.4561,0.4582,2557.18411234,1664956799999
1664956800000,0.45333,0.45374,0.4499,0.451,16586.35073996,1664985599999
1664985600000,0.45513,0.4589,0.45513,0.4556,4598.49496979,1665014399999
1665014400000,0.46333,0.46363,0.45871,0.45871,1489.45296251,1665043199999
1665043200000,0.45926,0.46426,0.45707,0.45707,4725.50527714,1665071999999
1665072000000,0.46074,0.46077,0.45659,0.4592,4782.94118485,1665100799999
1665100800000,0.45621,0.45793,0.45521,0.45521,1837.90423736,1665129599999
1665129600000,0.45772,0.46245,0.4494,0.4573,102208.46835754,1665158399999
1665158400000,0.46059,0.4909,0.4557,0.46583,223254.96425714,1665187199999
1665187200000,0.47121,0.52998,0.47121,0.50195,436179.01456974,1665215999999
1665216000000,0.50131,0.50699,0.4835,0.4896,69933.0736153,1665244799999
1665244800000,0.48981,0.49134,0.47931,0.48589,40239.34154233,1665273599999
1665273600000,0.4861,0.4861,0.46984,0.47573,20210.99034859,1665302399999
1665302400000,0.47769,0.47924,0.47177,0.4774,67621.82362539,1665331199999
1665331200000,0.47696,0.47696,0.47169,0.47256,39766.59819201,1665359999999
1665360000000,0.47401,0.483,0.47401,0.47634,18106.69095145,1665388799999
1665388800000,0.46858,0.4753,0.46642,0.46977,27336.78772919,1665417599999
1665417600000,0.47133,0.47606,0.461,0.4634,32925.44552471,1665446399999
1665446400000,0.45616,0.45616,0.441,0.4424,39942.57444225,1665475199999
1665475200000,0.44161,0.444,0.43741,0.44262,11665.71677733,1665503999999
1665504000000,0.44056,0.44153,0.435,0.43521,29399.56813055,1665532799999
1665532800000,0.4392,0.44041,0.43835,0.4396,883.31114189,1665561599999
1665561600000,0.43931,0.43931,0.43,0.43449,18459.92626747,1665590399999
1665590400000,0.43383,0.4347,0.42939,0.4347,10874.09464015,1665619199999
1665619200000,0.42948,0.42948,0.3995,0.40216,12434.36601801,1665647999999
1665648000000,0.40359,0.41169,0.385,0.41,30053.58694049,1665676799999
1665676800000,0.41189,0.42136,0.40961,0.41939,31812.46293282,1665705599999
1665705600000,0.42099,0.436,0.42076,0.42622,14151.15343157,1665734399999
1665734400000,0.42632,0.4322,0.42041,0.42046,6830.70211802,1665763199999
1665763200000,0.4227,0.4227,0.41527,0.419,4587.48358657,1665791999999
1665792000000,0.4205,0.42109,0.4205,0.42109,72.39677351,1665820799999
1665820800000,0.4207,0.42327,0.41467,0.42263,7943.22379533,1665849599999
1665849600000,0.42238,0.42382,0.4211,0.42133,2030.69855723,1665878399999
1665878400000,0.42689,0.42689,0.42471,0.42657,5998.47068096,1665907199999
1665907200000,0.42853,0.43002,0.4243,0.42663,4063.14868087,1665935999999
1665936000000,0.42619,0.43337,0.4244,0.42869,48866.52910336,1665964799999
1665964800000,0.42214,0.4276,0.42214,0.42533,1082.96470205,1665993599999
1665993600000,0.42743,0.434,0.42631,0.42631,23117.30007979,1666022399999
1666022400000,0.4257,0.42961,0.42454,0.42961,2332.91973821,1666051199999
1666051200000,0.43951,0.45636,0.43742,0.44572,16797.25499551,1666079999999
1666080000000,0.45619,0.48607,0.44327,0.44539,260175.99694166,1666108799999
1666108800000,0.44468,0.44548,0.43401,0.43928,25495.63245081,1666137599999
1666137600000,0.44022,0.44022,0.4229,0.42353,6982.69887825,1666166399999
1666166400000,0.42301,0.42499,0.41961,0.42166,11943.40114248,1666195199999
1666195200000,0.42361,0.42361,0.41421,0.41421,12352.58267324,1666223999999
1666224000000,0.4133,0.424,0.41129,0.4187,4513.57366815,1666252799999
1666252800000,0.4187,0.41921,0.41705,0.4181,4718.31839794,1666281599999
1666281600000,0.41274,0.41274,0.405,0.40635,8240.17897788,1666310399999
1666310400000,0.401,0.4088,0.401,0.40555,1076.10599521,1666339199999
1666339200000,0.403,0.40601,0.39202,0.40142,32578.93802349,1666367999999
1666368000000,0.40452,0.40784,0.40452,0.40713,822.27318129,1666396799999
1666396800000,0.40374,0.40659,0.40366,0.40659,467.90518898,1666425599999
1666425600000,0.40729,0.41345,0.40729,0.4115,2893.86750614,1666454399999
1666454400000,0.4118,0.4118,0.4084,0.41026,11469.43954443,1666483199999
1666483200000,0.409,0.40971,0.409,0.40971,422.76805677,1666511999999
1666512000000,0.4088,0.40973,0.40572,0.40741,10852.55380189,1666540799999
1666540800000,0.40782,0.42065,0.40782,0.42065,8539.95279929,1666569599999
1666569600000,0.41764,0.41764,0.41149,0.4121,4258.25569689,1666598399999
1666598400000,0.41319,0.41844,0.40976,0.41311,8655.48572085,1666627199999
1666627200000,0.4142,0.41962,0.41219,0.41729,3125.44280311,1666655999999
1666656000000,0.4215,0.42201,0.41891,0.41927,1401.92749645,1666684799999
1666684800000,0.41587,0.42153,0.41587,0.42153,912.76176327,1666713599999
1666713600000,0.42137,0.43191,0.42137,0.42394,20759.36392884,1666742399999
1666742400000,0.42539,0.42942,0.42539,0.42653,1740.7631911,1666771199999
1666771200000,0.4236,0.4291,0.42321,0.42556,7364.19852828,1666799999999
1666800000000,0.426,0.43199,0.42406,0.4287,19145.2414343,1666828799999
1666828800000,0.4269,0.44729,0.4269,0.43989,40463.53492376,1666857599999
1666857600000,0.43674,0.43756,0.43175,0.4322,7213.4664986,1666886399999
1666886400000,0.4325,0.4365,0.42609,0.42609,11863.03682405,1666915199999
1666915200000,0.422,0.42319,0.41516,0.4156,28549.02077476,1666943999999
1666944000000,0.41573,0.42469,0.415,0.42469,8005.99361148,1666972799999
1666972800000,0.42971,0.43324,0.4287,0.43324,4455.67354311,1667001599999
1667001600000,0.433,0.4458,0.433,0.44169,17154.14943218,1667030399999
1667030400000,0.44271,0.44662,0.43508,0.44,39705.12132048,1667059199999
1667059200000,0.44598,0.4527,0.44369,0.44768,21656.17933412,1667087999999
1667088000000,0.44555,0.45473,0.4401,0.45473,31021.40150838,1667116799999
1667116800000,0.4531,0.45787,0.43641,0.43641,8267.7765122,1667145599999
1667145600000,0.43441,0.44261,0.43441,0.43699,644.61490087,1667174399999
1667174400000,0.43703,0.43812,0.43,0.4338,2604.6756949,1667203199999
1667203200000,0.43389,0.44426,0.43218,0.4367,22900.46027836,1667231999999
1667232000000,0.4376,0.44393,0.4376,0.4435,3155.088831,1667260799999
1667260800000,0.44579,0.47831,0.44579,0.4645,128747.93596594,1667289599999
1667289600000,0.4638,0.4706,0.45328,0.45611,95187.19766597,1667318399999
1667318400000,0.45915,0.4596,0.45041,0.45746,15073.96167012,1667347199999
1667347200000,0.45629,0.47562,0.4473,0.4681,47962.12766717,1667375999999
1667376000000,0.46699,0.48582,0.45,0.45505,99155.7748983,1667404799999
1667404800000,0.4559,0.4646,0.4398,0.4526,26230.14835024,1667433599999
1667433600000,0.46057,0.53879,0.45561,0.51184,346304.58461532,1667462399999
1667462400000,0.51101,0.5312,0.48634,0.48995,176321.09615475,1667491199999
1667491200000,0.4897,0.49885,0.48208,0.48522,161822.59839093,1667519999999
1667520000000,0.48599,0.5064,0.47905,0.49058,89845.10847334,1667548799999
1667548800000,0.4905,0.50207,0.4787,0.4821,136637.09262031,1667577599999
1667577600000,0.48234,0.49686,0.48057,0.49254,37217.05825099,1667606399999
1667606400000,0.5,0.50119,0.49063,0.49726,34508.89382801,1667635199999
1667635200000,0.49389,0.49389,0.48578,0.4901,26539.1815431,1667663999999
1667664000000,0.49293,0.49587,0.48117,0.48422,11637.71757235,1667692799999
1667692800000,0.48421,0.48421,0.47857,0.47882,5028.7956117,1667721599999
1667721600000,0.47844,0.485,0.47726,0.48265,19605.02657741,1667750399999
1667750400000,0.4745,0.47622,0.45944,0.4603,58375.77066879,1667779199999
1667779200000,0.4594,0.48144,0.455,0.455,25941.63649136,1667807999999
1667808000000,0.4525,0.46404,0.4525,0.46404,184932.9787472,1667836799999
1667836800000,0.4653,0.47125,0.4576,0.45844,24406.84903421,1667865599999
1667865600000,0.46647,0.46956,0.41286,0.4304,27416.27393452,1667894399999
1667894400000,0.42869,0.43219,0.41892,0.41892,6133.9500621,1667923199999
1667923200000,0.43088,0.45465,0.32,0.37262,186049.19027345,1667951999999
1667952000000,0.37004,0.37004,0.34412,0.34494,34312.78128887,1667980799999
1667980800000,0.344,0.344,0.31837,0.32,33751.21742452,1668009599999
1668009600000,0.32382,0.32382,0.27585,0.28325,95126.25330591,1668038399999
1668038400000,0.28321,0.31236,0.28321,0.3096,46716.70415262,1668067199999
1668067200000,0.30906,0.329,0.2961,0.32256,263742.16878993,1668095999999
1668096000000,0.32415,0.32988,0.3163,0.3238,74150.6957224,1668124799999
1668124800000,0.3296,0.3379,0.30979,0.31915,4006.79039954,1668153599999
1668153600000,0.32159,0.3237,0.29718,0.302,85219.90316412,1668182399999
1668182400000,0.29812,0.3161,0.29619,0.3051,105036.34507921,1668211199999
1668211200000,0.30877,0.31553,0.29348,0.29348,46369.36058685,1668239999999
1668240000000,0.29784,0.29959,0.29625,0.2976,3034.60255802,1668268799999
1668268800000,0.29749,0.29784,0.29288,0.29431,26742.17173684,1668297599999
1668297600000,0.29431,0.29829,0.29431,0.29829,990.07231244,1668326399999
1668326400000,0.285,0.3013,0.27895,0.28841,23974.21054633,1668355199999
1668355200000,0.28849,0.28849,0.28106,0.2847,21437.46165021,1668383999999
1668384000000,0.2768,0.28261,0.26721,0.28261,66421.22215884,1668412799999
1668412800000,0.2825,0.2877,0.2807,0.28409,86968.17547195,1668441599999
1668441600000,0.27802,0.28814,0.27802,0.28814,30257.21817192,1668470399999
1668470400000,0.2869,0.2895,0.2869,0.2877,17765.74993053,1668499199999
1668499200000,0.2905,0.31449,0.2893,0.3072,66082.52474593,1668527999999
1668528000000,0.3055,0.3055,0.2938,0.29835,40389.37988025,1668556799999
1668556800000,0.30244,0.3097,0.30222,0.30222,20678.64838443,1668585599999
1668585600000,0.30093,0.30093,0.2902,0.29069,88116.67542794,1668614399999
1668614400000,0.29093,0.29725,0.29093,0.2959,59532.45214476,1668643199999
1668643200000,0.30229,0.3023,0.2924,0.29284,24988.6403933,1668671999999
1668672000000,0.29921,0.29921,0.2877,0.2899,33368.61692329,1668700799999
1668700800000,0.28911,0.29239,0.28911,0.29211,21760.25375384,1668729599999
1668729600000,0.29494,0.2957,0.2914,0.29453,28464.53020302,1668758399999
1668758400000,0.2932,0.29783,0.29239,0.29264,80157.12387993,1668787199999
1668787200000,0.29227,0.29869,0.2915,0.29834,42814.17104363,1668815999999
1668816000000,0.29801,0.3125,0.29649,0.3053,156148.33960886,1668844799999
1668844800000,0.30651,0.32188,0.3039,0.30926,205178.09840327,1668873599999
1668873600000,0.30897,0.31098,0.30757,0.3099,40177.95422994,1668902399999
1668902400000,0.31404,0.33259,0.31226,0.3266,105178.33682885,1668931199999
1668931200000,0.32511,0.32781,0.30848,0.3114,38728.23514961,1668959999999
1668960000000,0.31505,0.3173,0.3,0.3,28780.47239968,1668988799999
1668988800000,0.3103,0.3163,0.29569,0.31363,54618.38684972,1669017599999
1669017600000,0.31511,0.36394,0.31362,0.34204,734649.36348943,1669046399999
1669046400000,0.34184,0.3429,0.32612,0.33321,607069.72027713,1669075199999
1669075200000,0.33733,0.34165,0.30056,0.30409,80504.81043406,1669103999999
1669104000000,0.30589,0.32204,0.30399,0.32204,43890.37692449,1669132799999
1669132800000,0.32116,0.32483,0.31636,0.32381,40143.48136051,1669161599999
1669161600000,0.32405,0.33602,0.321,0.33413,30228.22284881,1669190399999
1669190400000,0.33041,0.33281,0.32472,0.32696,23427.7883699,1669219199999
1669219200000,0.32491,0.3375,0.31959,0.3375,28066.80987178,1669247999999
1669248000000,0.336,0.336,0.33065,0.3322,44495.07230974,1669276799999
1669276800000,0.3322,0.3322,0.32444,0.32989,12445.90052184,1669305599999
1669305600000,0.33158,0.33205,0.32707,0.3282,13261.02482052,1669334399999
1669334400000,0.3329,0.3329,0.31612,0.32067,10383.29586847,1669363199999
1669363200000,0.32087,0.3235,0.31657,0.32138,12771.85885082,1669391999999
1669392000000,0.31984,0.32104,0.31971,0.32066,1124.56230816,1669420799999
1669420800000,0.3228,0.32774,0.3224,0.32512,8570.88742915,1669449599999
1669449600000,0.32616,0.32709,0.3208,0.3208,35771.39775835,1669478399999
1669478400000,0.32189,0.32189,0.3171,0.3192,3158.54232682,1669507199999
1669507200000,0.3205,0.33192,0.3205,0.33192,22086.20283876,1669535999999
1669536000000,0.33183,0.3358,0.32526,0.32603,5722.699409,1669564799999
1669564800000,0.3267,0.32859,0.32199,0.32859,27286.44607844,1669593599999
1669593600000,0.3196,0.3196,0.3049,0.30807,17451.75834743,1669622399999
1669622400000,0.3064,0.30722,0.30172,0.30503,11254.28890925,1669651199999
1669651200000,0.30417,0.31122,0.30371,0.31122,18320.91883927,1669679999999
1669680000000,0.31278,0.31779,0.31147,0.31601,48727.33935908,1669708799999
1669708800000,0.3168,0.3168,0.3121,0.31386,1550.06030672,1669737599999
1669737600000,0.3125,0.31489,0.31129,0.31421,1512.40109122,1669766399999
1669766400000,0.3188,0.32489,0.3188,0.32418,4487.76783971,1669795199999
1669795200000,0.32331,0.3252,0.3193,0.32411,33515.94596732,1669823999999
1669824000000,0.3245,0.3285,0.3199,0.32836,18556.08104367,1669852799999
1669852800000,0.32329,0.32395,0.32151,0.32329,2052.45143879,1669881599999
1669881600000,0.32229,0.32446,0.31682,0.3201,5586.45333908,1669910399999
1669910400000,0.32094,0.32094,0.31634,0.31702,5148.72570093,1669939199999
1669939200000,0.31982,0.31982,0.31153,0.3146,2552.28179968,1669967999999
1669968000000,0.31599,0.32122,0.31586,0.32049,7191.24670322,1669996799999
1669996800000,0.31884,0.32011,0.31806,0.32011,20318.14443046,1670025599999
1670025600000,0.321,0.3295,0.3154,0.3154,162369.08339193,1670054399999
1670054400000,0.315,0.31729,0.315,0.31576,281.91050925,1670083199999
1670083200000,0.31721,0.31721,0.311,0.311,36588.34716322,1670111999999
1670112000000,0.3123,0.31558,0.3123,0.31558,3923.34354742,1670140799999
1670140800000,0.31364,0.31465,0.31216,0.31216,12700.4526758,1670169599999
1670169600000,0.31403,0.31552,0.3135,0.31513,17018.17984369,1670198399999
1670198400000,0.31749,0.32019,0.31749,0.32012,11997.64710651,1670227199999
1670227200000,0.32125,0.32125,0.3147,0.31544,5002.1746756,1670255999999
1670256000000,0.31609,0.31777,0.30821,0.31285,9165.22041913,1670284799999
1670284800000,0.31277,0.31369,0.30923,0.30923,16602.28562303,1670313599999
1670313600000,0.30927,0.30994,0.30795,0.30994,8608.63703943,1670342399999
1670342400000,0.31051,0.3154,0.31051,0.3154,21801.7303768,1670371199999
1670371200000,0.31581,0.31581,0.29561,0.29787,25969.13568665,1670399999999
1670400000000,0.29784,0.30071,0.2974,0.30029,1537.65852892,1670428799999
1670428800000,0.29973,0.29973,0.29651,0.29651,5020.06621274,1670457599999
1670457600000,0.2986,0.29982,0.29746,0.29944,25387.97142181,1670486399999
1670486400000,0.29929,0.3002,0.29738,0.3001,1468.63854256,1670515199999
1670515200000,0.29935,0.30443,0.29935,0.30443,23025.70385526,1670543999999
1670544000000,0.3045,0.30533,0.30275,0.30493,14991.96738275,1670572799999
1670572800000,0.30695,0.3071,0.30381,0.30537,25198.37468035,1670601599999
1670601600000,0.30126,0.3045,0.30126,0.3045,10540.08310412,1670630399999
1670630400000,0.3043,0.30703,0.30362,0.30487,31635.82526931,1670659199999
1670659200000,0.30548,0.3125,0.3052,0.30759,28453.6472252,1670687999999
1670688000000,0.30696,0.30883,0.30588,0.3074,8985.52126928,1670716799999
1670716800000,0.30854,0.3114,0.30851,0.31133,4664.63771873,1670745599999
1670745600000,0.30774,0.30982,0.30697,0.3083,545.03329843,1670774399999
1670774400000,0.30962,0.31034,0.3022,0.30424,15755.42382793,1670803199999
1670803200000,0.3,0.3008,0.28962,0.2906,60078.23890768,1670831999999
1670832000000,0.29046,0.29155,0.28964,0.29004,747.6358733,1670860799999
1670860800000,0.29112,0.29657,0.29112,0.29545,10613.52827821,1670889599999
1670889600000,0.2976,0.2976,0.28341,0.28639,7089.08750951,1670918399999
1670918400000,0.2929,0.31813,0.2929,0.3,110695.34001393,1670947199999
1670947200000,0.3012,0.3051,0.29784,0.30421,17169.08129948,1670975999999
1670976000000,0.31103,0.34,0.30971,0.32831,495735.77620244,1671004799999
1671004800000,0.3282,0.3384,0.31783,0.32282,164798.00969463,1671033599999
1671033600000,0.32295,0.32295,0.31139,0.31307,58434.12062893,1671062399999
1671062400000,0.31269,0.31269,0.30305,0.30844,28321.95173051,1671091199999
1671091200000,0.30706,0.30795,0.3,0.30269,14877.91946968,1671119999999
1671120000000,0.30202,0.3044,0.29828,0.29828,28468.84482875,1671148799999
1671148800000,0.29933,0.30096,0.29579,0.29655,10674.97761565,1671177599999
1671177600000,0.29725,0.29725,0.28051,0.28502,13421.03294855,1671206399999
1671206400000,0.28047,0.28327,0.2561,0.25997,30273.5475883,1671235199999
1671235200000,0.26019,0.26222,0.25,0.25876,29407.33829171,1671263999999
1671264000000,0.25937,0.25941,0.25299,0.25316,17302.35920231,1671292799999
1671292800000,0.2541,0.26019,0.2536,0.26,13550.25084801,1671321599999
1671321600000,0.26016,0.26065,0.25669,0.2577,23031.02872362,1671350399999
1671350400000,0.25647,0.26107,0.2537,0.2537,26109.53494701,1671379199999
1671379200000,0.25616,0.2594,0.25616,0.2584,14104.86353752,1671407999999
1671408000000,0.25285,0.25285,0.25277,0.25277,3565.0,1671436799999
1671436800000,0.25259,0.25613,0.25259,0.25469,3701.88235208,1671465599999
1671465600000,0.25448,0.25448,0.23087,0.23657,26871.66933608,1671494399999
1671494400000,0.2369,0.24845,0.2369,0.24845,48281.25778201,1671523199999
1671523200000,0.24765,0.25026,0.24518,0.24915,7309.86953241,1671551999999
1671552000000,0.24619,0.25029,0.24619,0.24995,5859.07138568,1671580799999
1671580800000,0.2492,0.25437,0.24751,0.25184,47384.54689449,1671609599999
1671609600000,0.25091,0.2554,0.25091,0.25177,24484.95652676,1671638399999
1671638400000,0.25005,0.25122,0.24816,0.25122,23012.06642456,1671667199999
1671667200000,0.25258,0.25258,0.24754,0.24767,7721.98067572,1671695999999
1671696000000,0.24871,0.24912,0.24179,0.24343,15173.30664757,1671724799999
1671724800000,0.24374,0.25022,0.24171,0.24999,16600.85095862,1671753599999
1671753600000,0.2496,0.24988,0.2496,0.24988,399.52110559,1671782399999
1671782400000,0.24765,0.2499,0.24759,0.24759,25934.68035065,1671811199999
1671811200000,0.24999,0.24999,0.24827,0.24907,5674.79113281,1671839999999
1671840000000,0.2491,0.2509,0.2491,0.2509,1200.498,1671868799999
1671868800000,0.24823,0.25018,0.24791,0.25018,1135.72367639,1671897599999
1671897600000,0.25034,0.25136,0.25003,0.2509,509.52757654,1671926399999
1671926400000,0.25111,0.25111,0.24982,0.24982,66.97609884,1671955199999
1671955200000,0.2481,0.24815,0.24577,0.24643,8123.57395165,1671983999999
1671984000000,0.24608,0.24931,0.24604,0.24931,11227.86488283,1672012799999
1672012800000,0.24906,0.24906,0.2433,0.2433,1068.56088458,1672041599999
1672041600000,0.24215,0.24539,0.24215,0.24398,52167.58936674,1672070399999
1672070400000,0.24476,0.2464,0.24356,0.2463,4567.4297568,1672099199999
1672099200000,0.24832,0.25119,0.2438,0.24456,11356.34942287,1672127999999
1672128000000,0.24456,0.24865,0.2422,0.2422,22122.24722372,1672156799999
1672156800000,0.24191,0.24454,0.23991,0.24454,681.93620364,1672185599999
1672185600000,0.2456,0.2456,0.2321,0.23684,5673.80823492,1672214399999
1672214400000,0.2368,0.24188,0.23557,0.24188,7996.66887459,1672243199999
1672243200000,0.23883,0.23967,0.2358,0.2358,5139.37999134,1672271999999
1672272000000,0.23,0.2335,0.22957,0.22957,1714.22969976,1672300799999
1672300800000,0.22925,0.2346,0.22925,0.2346,25790.64606877,1672329599999
1672329600000,0.23609,0.23609,0.22934,0.23081,5066.24091881,1672358399999
1672358400000,0.225,0.2265,0.225,0.2265,1024.73453493,1672387199999
1672387200000,0.2257,0.22718,0.2241,0.2271,8651.56310041,1672415999999
1672416000000,0.22828,0.23108,0.22814,0.22884,1411.1446574,1672444799999
1672444800000,0.2299,0.2299,0.22922,0.22922,12518.93543162,1672473599999
1672473600000,0.23002,0.2321,0.23002,0.23198,9872.17764548,1672502399999
1672502400000,0.2286,0.22925,0.2286,0.22903,6455.32111105,1672531199999
1672531200000,0.2289,0.22891,0.2272,0.2272,1033.8775839,1672559999999
1672560000000,0.2283,0.2297,0.2283,0.22968,4843.72127477,1672588799999
1672588800000,0.2298,0.23271,0.2298,0.23263,24279.09863693,1672617599999
1672617600000,0.23312,0.23417,0.22837,0.23417,12366.9364384,1672646399999
1672646400000,0.23481,0.23587,0.23347,0.23584,32622.51735891,1672675199999
1672675200000,0.23629,0.2383,0.2352,0.23773,7839.12133909,1672703999999
1672704000000,0.2364,0.23753,0.23505,0.23743,25241.93969516,1672732799999
1672732800000,0.23749,0.23952,0.23521,0.23521,14965.48463087,1672761599999
1672761600000,0.23543,0.23688,0.2351,0.23688,620.4044146,1672790399999
1672790400000,0.23843,0.24569,0.23807,0.2443,8656.01322689,1672819199999
1672819200000,0.2426,0.2441,0.24084,0.24229,6502.20450773,1672847999999
1672848000000,0.2451,0.2458,0.24066,0.24182,8334.3565259,1672876799999
1672876800000,0.24441,0.2445,0.2426,0.2426,441.47848535,1672905599999
1672905600000,0.24299,0.243,0.23991,0.24292,2020.83990398,1672934399999
1672934400000,0.24238,0.24696,0.24191,0.24509,1541.73237068,1672963199999
1672963200000,0.24484,0.24501,0.24074,0.24074,1679.67891717,1672991999999
1672992000000,0.23904,0.23904,0.2363,0.2385,24023.43799186,1673020799999
1673020800000,0.23849,0.2412,0.23801,0.24088,7211.92498163,1673049599999
1673049600000,0.24545,0.24545,0.24469,0.24469,926.30497604,1673078399999
1673078400000,0.24473,0.24841,0.24283,0.24326,33404.33405227,1673107199999
1673107200000,0.24272,0.24438,0.24272,0.24297,1305.85561897,1673135999999
1673136000000,0.24155,0.24272,0.24155,0.24272,102.25030505,1673164799999
1673164800000,0.24281,0.24311,0.24136,0.24299,34547.29459689,1673193599999
1673193600000,0.2428,0.2545,0.24183,0.25448,40694.16566603,1673222399999
1673222400000,0.25447,0.2605,0.25447,0.25789,42091.16775735,1673251199999
1673251200000,0.25961,0.26673,0.25919,0.26477,62332.18801244,1673279999999
1673280000000,0.26514,0.2676,0.25754,0.25882,6575.50484497,1673308799999
1673308800000,0.2621,0.2623,0.26192,0.2623,67.37972155,1673337599999
1673337600000,0.2599,0.26186,0.25808,0.26186,3445.65946616,1673366399999
1673366400000,0.26159,0.26414,0.25868,0.26372,14704.46857374,1673395199999
1673395200000,0.26216,0.26518,0.26216,0.2642,29242.75783316,1673423999999
1673424000000,0.2619,0.2689,0.2586,0.2586,30627.82252861,1673452799999
1673452800000,0.25888,0.27207,0.25888,0.27,16775.7190212,1673481599999
1673481600000,0.2701,0.2712,0.2674,0.26813,2711.31931203,1673510399999
1673510400000,0.26907,0.27,0.2608,0.2683,22360.59548735,1673539199999
1673539200000,0.2671,0.27433,0.2671,0.274,32888.83692166,1673567999999
1673568000000,0.27461,0.28059,0.27265,0.27986,27207.47875793,1673596799999
1673596800000,0.28021,0.28021,0.27455,0.2755,17275.85064841,1673625599999
1673625600000,0.2755,0.29059,0.27547,0.29059,45535.13138011,1673654399999
1673654400000,0.28996,0.3106,0.28996,0.30972,71050.1791718,1673683199999
1673683200000,0.3125,0.31839,0.2824,0.30086,79965.82502443,1673711999999
1673712000000,0.30212,0.31585,0.29904,0.31585,52690.20806983,1673740799999
1673740800000,0.31094,0.31094,0.29984,0.30761,24402.51918566,1673769599999
1673769600000,0.3088,0.3232,0.30317,0.32092,123325.62607063,1673798399999
1673798400000,0.3199,0.32027,0.3121,0.31731,70496.65529524,1673827199999
1673827200000,0.3176,0.32437,0.315,0.32066,26548.81757285,1673855999999
1673856000000,0.3169,0.31738,0.3015,0.30895,53454.84389517,1673884799999
1673884800000,0.30948,0.31542,0.30849,0.31386,44028.38143528,1673913599999
1673913600000,0.31475,0.31475,0.31301,0.31301,531.18867321,1673942399999
1673942400000,0.31153,0.31855,0.3092,0.31571,10156.01533563,1673971199999
1673971200000,0.3128,0.31921,0.3119,0.3146,18826.93653516,1673999999999
1674000000000,0.3196,0.33409,0.31732,0.32,74288.59171008,1674028799999
1674028800000,0.31949,0.3271,0.29879,0.30568,79962.36348885,1674057599999
1674057600000,0.3047,0.30487,0.28927,0.29433,44678.83056464,1674086399999
1674086400000,0.296,0.31021,0.296,0.30723,38028.15667682,1674115199999
1674115200000,0.30765,0.32,0.30199,0.30491,89624.29585199,1674143999999
1674144000000,0.3031,0.31109,0.30274,0.3102,23516.98735852,1674172799999
1674172800000,0.30986,0.3107,0.305,0.305,1136.94919577,1674201599999
1674201600000,0.3033,0.3099,0.3033,0.30897,10745.35902275,1674230399999
1674230400000,0.31159,0.3308,0.31159,0.32834,17334.46235516,1674259199999
1674259200000,0.3285,0.33548,0.3236,0.33153,33252.73938282,1674287999999
1674288000000,0.3292,0.3335,0.32087,0.3262,27347.39437256,1674316799999
1674316800000,0.32854,0.33179,0.3218,0.32272,6689.38237662,1674345599999
1674345600000,0.32542,0.32587,0.32382,0.32538,695.02920195,1674374399999
1674374400000,0.3232,0.3387,0.32311,0.33376,43221.16773891,1674403199999
1674403200000,0.3308,0.35127,0.3283,0.3344,52089.36319442,1674431999999
1674432000000,0.3351,0.34151,0.3351,0.33596,1439.98752961,1674460799999
1674460800000,0.33525,0.34352,0.33293,0.3385,17600.29679851,1674489599999
1674489600000,0.33484,0.34069,0.33415,0.34043,23578.10302546,1674518399999
1674518400000,0.33925,0.36037,0.33925,0.34765,103735.59254949,1674547199999
1674547200000,0.34699,0.35432,0.34345,0.34667,27161.50439667,1674575999999
1674576000000,0.34597,0.34597,0.3176,0.32008,34994.21829624,1674604799999
1674604800000,0.32291,0.32322,0.30511,0.32251,5565.26405743,1674633599999
1674633600000,0.32312,0.32363,0.31332,0.31628,18446.41541957,1674662399999
1674662400000,0.31495,0.33086,0.31495,0.3249,25659.60977802,1674691199999
1674691200000,0.33041,0.3363,0.32831,0.33272,17684.46851153,1674719999999
1674720000000,0.33264,0.33687,0.3292,0.3296,9718.107812,1674748799999
1674748800000,0.33277,0.338,0.33235,0.33734,6534.32377419,1674777599999
1674777600000,0.33734,0.3625,0.33545,0.35631,75541.63449989,1674806399999
1674806400000,0.35481,0.3707,0.34631,0.36529,268508.12324249,1674835199999
1674835200000,0.36451,0.37955,0.363,0.37955,218040.0594787,1674863999999
1674864000000,0.38,0.38021,0.35976,0.36014,103270.48944666,1674892799999
1674892800000,0.36144,0.364,0.35641,0.36072,15064.21309936,1674921599999
1674921600000,0.36039,0.36039,0.35463,0.35939,6523.48857232,1674950399999
1674950400000,0.35869,0.3614,0.35568,0.35624,6317.70224241,1674979199999
1674979200000,0.35593,0.35945,0.3545,0.35922,19340.53639687,1675007999999
1675008000000,0.35851,0.36345,0.35704,0.36345,30591.67556136,1675036799999
1675036800000,0.3636,0.3636,0.34924,0.35075,10193.15367135,1675065599999
1675065600000,0.34985,0.35079,0.3318,0.33548,50197.92322452,1675094399999
1675094400000,0.3349,0.33639,0.32162,0.32589,31815.56622922,1675123199999
1675123200000,0.3272,0.32879,0.32372,0.32699,22821.54882313,1675151999999
1675152000000,0.32976,0.33355,0.32502,0.3332,10760.88138704,1675180799999
1675180800000,0.33337,0.3352,0.32991,0.334,22543.01195565,1675209599999
1675209600000,0.3322,0.33991,0.3287,0.3287,2791.23076012,1675238399999
1675238400000,0.32793,0.3449,0.325,0.33226,41998.63651314,1675267199999
1675267200000,0.3319,0.3581,0.3308,0.35445,73946.5009547,1675295999999
1675296000000,0.3546,0.365,0.3546,0.36089,82139.99312747,1675324799999
1675324800000,0.35625,0.39705,0.35625,0.36867,497731.7757027,1675353599999
1675353600000,0.36832,0.37299,0.36004,0.36074,67442.86384979,1675382399999
1675382400000,0.3659,0.36632,0.3587,0.36056,11130.39966233,1675411199999
1675411200000,0.3595,0.36437,0.35798,0.36304,32302.19474409,1675439999999
1675440000000,0.3654,0.37324,0.3641,0.3729,9510.44616459,1675468799999
1675468800000,0.375,0.39,0.375,0.37857,52015.62161539,1675497599999
1675497600000,0.38397,0.38997,0.37886,0.38453,23977.88286453,1675526399999
1675526400000,0.38183,0.38716,0.38183,0.382,1919.81133017,1675555199999
1675555200000,0.3795,0.39617,0.3795,0.39027,13119.9951727,1675583999999
1675584000000,0.3922,0.40679,0.37199,0.37506,66356.34470928,1675612799999
1675612800000,0.37591,0.41,0.37483,0.41,149725.68202363,1675641599999
1675641600000,0.40923,0.40923,0.38486,0.39589,60440.44709425,1675670399999
1675670400000,0.39756,0.4039,0.39366,0.4005,104361.38909477,1675699199999
1675699200000,0.40019,0.40345,0.3946,0.395,26615.38613206,1675727999999
1675728000000,0.3944,0.3944,0.38606,0.39287,31598.10575632,1675756799999
1675756800000,0.39295,0.4123,0.3909,0.40898,52053.64879758,1675785599999
1675785600000,0.4088,0.42847,0.4057,0.42543,120322.4053899,1675814399999
1675814400000,0.43,0.47969,0.43,0.47251,197249.52757114,1675843199999
1675843200000,0.48,0.48336,0.41603,0.41603,197674.21853607,1675871999999
1675872000000,0.4168,0.4168,0.39824,0.41133,93207.08389366,1675900799999
1675900800000,0.42443,0.44267,0.39649,0.40114,31681.71396647,1675929599999
1675929600000,0.4019,0.40609,0.39004,0.39075,34413.15960905,1675958399999
1675958400000,0.3901,0.39127,0.35,0.362,76828.42894255,1675987199999
1675987200000,0.36089,0.36369,0.35427,0.36369,31163.60768527,1676015999999
1676016000000,0.36376,0.3672,0.35951,0.3627,9612.91237534,1676044799999
1676044800000,0.36227,0.36515,0.35791,0.36106,15064.45786587,1676073599999
1676073600000,0.3599,0.36259,0.3599,0.35997,8217.26774126,1676102399999
1676102400000,0.36081,0.36803,0.35863,0.3668,30841.90387646,1676131199999
1676131200000,0.36488,0.37185,0.36478,0.37185,7989.29665625,1676159999999
1676160000000,0.36895,0.36975,0.36601,0.36975,9801.13468202,1676188799999
1676188800000,0.3718,0.38259,0.37061,0.38259,22269.52913757,1676217599999
1676217600000,0.38066,0.3942,0.36612,0.3699,76188.28156102,1676246399999
1676246400000,0.3739,0.3739,0.3609,0.36185,13828.04039573,1676275199999
1676275200000,0.3552,0.3552,0.3472,0.35031,18173.82372439,1676303999999
1676304000000,0.34535,0.35254,0.34219,0.34946,46611.9942727,1676332799999
1676332800000,0.3552,0.3552,0.35055,0.35055,397.79759732,1676361599999
1676361600000,0.34871,0.36012,0.33965,0.35601,72685.1363892,1676390399999
1676390400000,0.3586,0.3658,0.35712,0.3658,22517.73897862,1676419199999
1676419200000,0.36,0.36949,0.35931,0.36837,4572.05413583,1676447999999
1676448000000,0.36462,0.37597,0.36362,0.3743,34720.71202626,1676476799999
1676476800000,0.37758,0.39466,0.37531,0.3945,54243.98489524,1676505599999
1676505600000,0.39389,0.40439,0.39389,0.39559,23185.57993298,1676534399999
1676534400000,0.39576,0.39809,0.38773,0.39388,14361.29686672,1676563199999
1676563200000,0.39372,0.4049,0.3683,0.3683,47098.69337454,1676591999999
1676592000000,0.37017,0.42105,0.37017,0.3961,95366.60841519,1676620799999
1676620800000,0.3957,0.42399,0.39432,0.4193,153988.02744834,1676649599999
1676649600000,0.41907,0.44416,0.407,0.41911,267503.79617392,1676678399999
1676678400000,0.4184,0.42119,0.40972,0.41011,88816.69173461,1676707199999
1676707200000,0.41101,0.41152,0.40231,0.4087,83579.20135489,1676735999999
1676736000000,0.40798,0.41318,0.40382,0.40561,56846.50395952,1676764799999
1676764800000,0.41079,0.4276,0.40479,0.4221,28088.76446057,1676793599999
1676793600000,0.42118,0.43722,0.419,0.427,168553.55241885,1676822399999
1676822400000,0.42491,0.42505,0.40136,0.4144,134532.67002163,1676851199999
1676851200000,0.4234,0.49261,0.4234,0.47222,870938.21880735,1676879999999
1676880000000,0.47161,0.4757,0.45467,0.46679,251304.3911914,1676908799999
1676908800000,0.46102,0.46607,0.4478,0.45233,46680.91133349,1676937599999
1676937600000,0.45258,0.46703,0.43871,0.44251,217096.98604798,1676966399999
1676966400000,0.44257,0.443,0.4234,0.44205,240381.42535717,1676995199999
1676995200000,0.44163,0.44163,0.42709,0.43272,531038.38719775,1677023999999
1677024000000,0.42821,0.4369,0.41642,0.423,46099.1792684,1677052799999
1677052800000,0.42219,0.42409,0.4092,0.41268,18462.06924345,1677081599999
1677081600000,0.41194,0.43022,0.4089,0.4291,17287.90872122,1677110399999
1677110400000,0.435,0.44688,0.43116,0.44525,22821.61436558,1677139199999
1677139200000,0.44559,0.45673,0.43833,0.44378,60410.0006611,1677167999999
1677168000000,0.44431,0.4523,0.44425,0.4484,24782.4337326,1677196799999
1677196800000,0.43826,0.43826,0.4341,0.43455,14438.61873316,1677225599999
1677225600000,0.4373,0.44273,0.4273,0.4273,15417.09504635,1677254399999
1677254400000,0.4273,0.42778,0.41616,0.42662,19918.39492934,1677283199999
1677283200000,0.41895,0.42044,0.41641,0.4198,3556.75679081,1677311999999
1677312000000,0.41973,0.42055,0.40822,0.41537,8225.62704688,1677340799999
1677340800000,0.416,0.41756,0.4009,0.41445,2942.38247417,1677369599999
1677369600000,0.4129,0.41834,0.4129,0.41834,1973.75521034,1677398399999
1677398400000,0.41801,0.41964,0.41541,0.41783,3672.2111488,1677427199999
1677427200000,0.41671,0.42495,0.4164,0.42476,3466.66822502,1677455999999
1677456000000,0.42,0.423,0.4167,0.4167,6718.28410466,1677484799999
1677484800000,0.4145,0.42518,0.41215,0.42498,10974.00431034,1677513599999
1677513600000,0.4204,0.42071,0.40404,0.4149,6987.39821236,1677542399999
1677542400000,0.41369,0.4154,0.41319,0.4133,4653.03127159,1677571199999
1677571200000,0.4077,0.41351,0.40704,0.41351,12270.23922887,1677599999999
1677600000000,0.41434,0.41448,0.4025,0.40315,2224.91676796,1677628799999
1677628800000,0.40288,0.4166,0.4,0.4166,8769.63559366,1677657599999
1677657600000,0.41414,0.41619,0.41089,0.41441,11029.32032215,1677686399999
1677686400000,0.41135,0.41568,0.40859,0.4128,4304.68814169,1677715199999
1677715200000,0.41573,0.41687,0.39627,0.39627,3339.17529834,1677743999999
1677744000000,0.39635,0.39872,0.39131,0.39343,12176.67394107,1677772799999
1677772800000,0.39392,0.40217,0.39103,0.40106,6228.29838132,1677801599999
1677801600000,0.40007,0.40007,0.35912,0.36975,23629.86372573,1677830399999
1677830400000,0.37041,0.3714,0.3652,0.36838,13430.80809349,1677859199999
1677859200000,0.36849,0.3698,0.36304,0.3662,6600.58751842,1677887999999
1677888000000,0.36833,0.36833,0.36444,0.3665,1782.38238596,1677916799999
1677916800000,0.36496,0.36681,0.3632,0.3632,3834.86736875,1677945599999
1677945600000,0.36233,0.36233,0.3468,0.35441,16338.62236672,1677974399999
1677974400000,0.36098,0.36262,0.35567,0.35603,2471.79268469,1678003199999
1678003200000,0.35416,0.35852,0.35416,0.35802,13912.11531124,1678031999999
1678032000000,0.35657,0.3591,0.3494,0.35087,18252.22033804,1678060799999
1678060800000,0.35529,0.35529,0.34496,0.34904,6006.48564756,1678089599999
1678089600000,0.3488,0.35318,0.347,0.35318,5742.41074226,1678118399999
1678118400000,0.3551,0.3551,0.35343,0.3538,1925.55486875,1678147199999
1678147200000,0.3528,0.35663,0.35231,0.35231,403.71151448,1678175999999
1678176000000,0.35215,0.35215,0.33992,0.34465,10708.11215421,1678204799999
1678204800000,0.34879,0.34879,0.3384,0.34609,11335.65595781,1678233599999
1678233600000,0.34241,0.34241,0.33645,0.33749,1440.61670435,1678262399999
1678262400000,0.33586,0.33586,0.32681,0.3305,17194.29310055,1678291199999
1678291200000,0.33391,0.33391,0.31991,0.31991,20367.87826586,1678319999999
1678320000000,0.3202,0.32434,0.3202,0.32149,2917.89138597,1678348799999
1678348800000,0.32123,0.3338,0.3205,0.3272,21387.86103219,1678377599999
1678377600000,0.32709,0.32709,0.29026,0.2942,37079.38941046,1678406399999
1678406400000,0.29232,0.29238,0.28659,0.29075,14022.02640121,1678435199999
1678435200000,0.28921,0.28948,0.27,0.28238,41228.83754356,1678463999999
1678464000000,0.28126,0.28948,0.28126,0.28948,8849.51372929,1678492799999
1678492800000,0.29057,0.29651,0.2782,0.2782,7018.6605015,1678521599999
1678521600000,0.2768,0.28319,0.2745,0.2745,6241.45006388,1678550399999
1678550400000,0.274,0.2842,0.274,0.2818,8765.84308782,1678579199999
1678579200000,0.2813,0.28814,0.2813,0.28544,6270.88306583,1678607999999
1678608000000,0.2855,0.28751,0.27908,0.27908,34510.47369982,1678636799999
1678636800000,0.2797,0.311,0.2797,0.311,34886.42320379,1678665599999
1678665600000,0.31283,0.31819,0.3087,0.3095,127485.01015944,1678694399999
1678694400000,0.30952,0.3265,0.29813,0.32643,179500.14666351,1678723199999
1678723200000,0.32351,0.32882,0.32187,0.32882,36755.43386683,1678751999999
1678752000000,0.3333,0.3363,0.32821,0.33311,12277.96050366,1678780799999
1678780800000,0.32542,0.3525,0.32091,0.35173,54392.95306712,1678809599999
1678809600000,0.35294,0.35497,0.32832,0.34296,56291.97527372,1678838399999
1678838400000,0.3399,0.34961,0.33931,0.34596,28734.83574751,1678867199999
1678867200000,0.34749,0.34749,0.3278,0.3278,18334.15957933,1678895999999
1678896000000,0.3246,0.327,0.3175,0.32369,10704.65872307,1678924799999
1678924800000,0.3209,0.32731,0.318,0.3245,7158.79722382,1678953599999
1678953600000,0.3272,0.3292,0.3214,0.3256,2102.0942096,1678982399999
1678982400000,0.3264,0.32921,0.3211,0.3288,25305.2433408,1679011199999
1679011200000,0.3322,0.3387,0.3322,0.33565,4720.37129769,1679039999999
1679040000000,0.3371,0.34263,0.33294,0.3334,12847.16452675,1679068799999
1679068800000,0.33467,0.3544,0.331,0.3544,31174.1137047,1679097599999
1679097600000,0.35304,0.35889,0.30028,0.3578,26995.81184022,1679126399999
1679126400000,0.34459,0.36116,0.34,0.3475,114313.96907653,1679155199999
1679155200000,0.34191,0.3527,0.34061,0.34061,114643.6280299,1679183999999
1679184000000,0.34907,0.35481,0.3454,0.34662,3279.08307439,1679212799999
1679212800000,0.3496,0.372,0.34124,0.3639,61856.80979055,1679241599999
1679241600000,0.36519,0.37539,0.36005,0.36867,39862.93471568,1679270399999
1679270400000,0.3653,0.3687,0.355,0.3682,19595.65940042,1679299199999
1679299200000,0.3665,0.3665,0.35326,0.3587,11532.88521434,1679327999999
1679328000000,0.3563,0.40657,0.3498,0.351,16514.55412884,1679356799999
1679356800000,0.34838,0.35999,0.342,0.35998,1867.17195357,1679385599999
1679385600000,0.34208,0.34749,0.33778,0.34391,17667.70285591,1679414399999
1679414400000,0.34359,0.35164,0.3399,0.3452,28619.2561961,1679443199999
1679443200000,0.3471,0.3471,0.34409,0.34409,4629.51598013,1679471999999
1679472000000,0.34349,0.34555,0.3371,0.3446,12518.71157086,1679500799999
1679500800000,0.3379,0.34126,0.31779,0.3239,24349.31522925,1679529599999
1679529600000,0.3296,0.3317,0.32505,0.3317,3881.39130488,1679558399999
1679558400000,0.33439,0.3401,0.33032,0.3401,3232.99431999,1679587199999
1679587200000,0.3395,0.34152,0.3353,0.3411,14412.54652572,1679615999999
1679616000000,0.33638,0.33658,0.33638,0.33658,29.64533767,1679644799999
1679644800000,0.33859,0.43,0.32924,0.3303,142048.45361185,1679673599999
1679673600000,0.33,0.3316,0.3226,0.32931,22012.66981304,1679702399999
1679702400000,0.32919,0.33159,0.32793,0.3291,4673.41356039,1679731199999
1679731200000,0.32772,0.332,0.32559,0.3295,117211.90220155,1679759999999
1679760000000,0.32892,0.32892,0.32,0.3253,22609.77243347,1679788799999
1679788800000,0.32527,0.32958,0.32527,0.3284,250.2823994,1679817599999
1679817600000,0.3281,0.3368,0.3281,0.33308,1794.20976228,1679846399999
1679846400000,0.33071,0.33264,0.3289,0.33264,848.37839184,1679875199999
1679875200000,0.3323,0.3323,0.32197,0.3241,642.60921223,1679903999999
1679904000000,0.32214,0.32617,0.30538,0.31027,49174.24538081,1679932799999
1679932800000,0.31269,0.31269,0.30796,0.31129,8053.50153934,1679961599999
1679961600000,0.30664,0.31234,0.30664,0.31083,8125.0646702,1679990399999
1679990400000,0.31032,0.31289,0.308,0.31289,15847.15858177,1680019199999
1680019200000,0.3121,0.319,0.309,0.319,19848.81128159,1680047999999
1680048000000,0.3192,0.3277,0.3189,0.32761,5999.29556862,1680076799999
1680076800000,0.329,0.33929,0.3273,0.33406,15380.60169085,1680105599999
1680105600000,0.33236,0.33976,0.33236,0.33974,20743.28524052,1680134399999
1680134400000,0.3397,0.37104,0.33449,0.33659,359992.70949297,1680163199999
1680163200000,0.33345,0.34899,0.32916,0.3361,72043.10406135,1680191999999
1680192000000,0.3335,0.34559,0.33182,0.34529,51078.83594225,1680220799999
1680220800000,0.34789,0.35004,0.33433,0.33433,23079.91189464,1680249599999
1680249600000,0.33777,0.35803,0.33693,0.35015,43177.94457979,1680278399999
1680278400000,0.34933,0.35723,0.34762,0.35723,4633.50793569,1680307199999
1680307200000,0.36085,0.38879,0.36085,0.36816,103533.54307158,1680335999999
1680336000000,0.36902,0.39,0.36755,0.37222,185997.19567845,1680364799999
1680364800000,0.37082,0.37083,0.36367,0.36367,20062.54298227,1680393599999
1680393600000,0.36587,0.37634,0.362,0.36556,31591.40344589,1680422399999
1680422400000,0.36401,0.36781,0.34801,0.34925,66084.97665819,1680451199999
1680451200000,0.34834,0.35186,0.34729,0.35013,18173.40934342,1680479999999
1680480000000,0.34649,0.34667,0.3413,0.34578,12930.70513007,1680508799999
1680508800000,0.34867,0.34919,0.34277,0.34289,7697.25503971,1680537599999
1680537600000,0.3436,0.349,0.33551,0.3434,14167.52314446,1680566399999
1680566400000,0.3463,0.34872,0.34065,0.34611,10893.25792524,1680595199999
1680595200000,0.3474,0.3663,0.3474,0.35797,46333.14708056,1680623999999
1680624000000,0.35592,0.36131,0.35591,0.36131,15815.58419337,1680652799999
1680652800000,0.3586,0.38815,0.3586,0.37721,91994.14354305,1680681599999
1680681600000,0.37661,0.37894,0.36081,0.36786,29026.87257567,1680710399999
1680710400000,0.3661,0.3762,0.36428,0.37372,11089.0636841,1680739199999
1680739200000,0.3717,0.3855,0.36472,0.3658,66951.13423092,1680767999999
1680768000000,0.3657,0.3662,0.35899,0.36384,21731.33606111,1680796799999
1680796800000,0.36348,0.3695,0.36348,0.3683,5206.32262404,1680825599999
1680825600000,0.37241,0.40048,0.37174,0.37297,196044.48787657,1680854399999
1680854400000,0.3746,0.38361,0.3742,0.37666,38324.35718117,1680883199999
1680883200000,0.3784,0.40114,0.3779,0.395,216396.72502159,1680911999999
1680912000000,0.39166,0.39166,0.3758,0.38176,90488.33878217,1680940799999
1680940800000,0.3832,0.3832,0.375,0.3765,15344.14270398,1680969599999
1680969600000,0.37498,0.37616,0.36674,0.36882,6835.23337503,1680998399999
1680998400000,0.36956,0.36956,0.35762,0.35847,54532.16937062,1681027199999
1681027200000,0.3571,0.35775,0.35501,0.35521,9899.69319857,1681055999999
1681056000000,0.3568,0.36912,0.35564,0.36912,15979.35639177,1681084799999
1681084800000,0.36579,0.36579,0.35479,0.35479,2742.14822411,1681113599999
1681113600000,0.35665,0.36245,0.35665,0.36245,17404.89527403,1681142399999
1681142400000,0.36094,0.37629,0.36094,0.37501,42490.12146566,1681171199999
1681171200000,0.3753,0.3753,0.36771,0.36959,9993.83993455,1681199999999
1681200000000,0.3689,0.37043,0.36561,0.37043,1064.90577116,1681228799999
1681228800000,0.36688,0.3696,0.36603,0.36725,12020.23786938,1681257599999
1681257600000,0.3599,0.3599,0.35291,0.3563,26341.46248912,1681286399999
1681286400000,0.3555,0.3595,0.3522,0.35809,29587.32958362,1681315199999
1681315200000,0.35692,0.35967,0.35412,0.35967,17971.12770935,1681343999999
1681344000000,0.3604,0.36692,0.35905,0.36666,3079.71942045,1681372799999
1681372800000,0.35789,0.3637,0.35789,0.3616,12227.57016634,1681401599999
1681401600000,0.36204,0.36519,0.36204,0.36499,23464.67765686,1681430399999
1681430400000,0.3668,0.37469,0.3668,0.36928,192418.96818892,1681459199999
1681459200000,0.36971,0.37141,0.36291,0.36291,60469.04020259,1681487999999
1681488000000,0.36179,0.3733,0.36179,0.37125,17228.45694591,1681516799999
1681516800000,0.36983,0.36983,0.36493,0.36665,568.90676086,1681545599999
1681545600000,0.36574,0.37126,0.36565,0.37126,3937.7082841,1681574399999
1681574400000,0.36989,0.37196,0.36679,0.36975,6600.37967258,1681603199999
1681603200000,0.36753,0.36923,0.36753,0.36923,657.54362118,1681631999999
1681632000000,0.37046,0.37208,0.36598,0.36723,33004.02305787,1681660799999
1681660800000,0.3698,0.3758,0.3698,0.37544,14298.25593616,1681689599999
1681689600000,0.3698,0.3698,0.36541,0.36541,4022.3375114,1681718399999
1681718400000,0.36836,0.36836,0.3593,0.36099,6809.8087402,1681747199999
1681747200000,0.36113,0.36661,0.36113,0.3645,6604.9263555,1681775999999
1681776000000,0.36,0.3669,0.35998,0.3669,2243.77097607,1681804799999
1681804800000,0.3654,0.37189,0.3654,0.36673,37830.53592368,1681833599999
1681833600000,0.3674,0.3713,0.36602,0.3713,51910.80633758,1681862399999
1681862400000,0.366,0.36835,0.36056,0.36093,7421.32858044,1681891199999
1681891200000,0.36,0.36,0.32974,0.34155,66734.56871582,1681919999999
1681920000000,0.34089,0.34089,0.33417,0.3355,82276.85132157,1681948799999
1681948800000,0.33582,0.33846,0.3312,0.33436,13247.15061593,1681977599999
1681977600000,0.33332,0.34375,0.33224,0.33224,215347.82734129,1682006399999
1682006400000,0.3313,0.3458,0.32766,0.34182,164497.63050287,1682035199999
1682035200000,0.34119,0.3453,0.33711,0.3375,17519.89564812,1682063999999
1682064000000,0.34257,0.34948,0.34019,0.34427,59089.75288863,1682092799999
1682092800000,0.3435,0.3435,0.32352,0.3247,58112.03039435,1682121599999
1682121600000,0.32954,0.32954,0.3268,0.32685,2663.68152965,1682150399999
1682150400000,0.32665,0.3316,0.32548,0.3316,14160.41668861,1682179199999
1682179200000,0.3312,0.33488,0.3309,0.33488,554.26240445,1682207999999
1682208000000,0.3297,0.3297,0.3297,0.3297,151.95693179,1682236799999
1682236800000,0.3323,0.3323,0.32453,0.32453,851.61081233,1682265599999
1682265600000,0.32526,0.3254,0.31708,0.32535,27649.96536328,1682294399999
1682294400000,0.3277,0.3277,0.31901,0.31905,2172.99497213,1682323199999
1682323200000,0.3169,0.31991,0.31504,0.3161,30214.6451485,1682351999999
1682352000000,0.31579,0.31965,0.31183,0.31839,8830.02785504,1682380799999
1682380800000,0.31633,0.31705,0.31071,0.31138,7210.79250474,1682409599999
1682409600000,0.3112,0.31625,0.31,0.31361,4564.94563284,1682438399999
1682438400000,0.31307,0.33027,0.31307,0.32684,28666.92459618,1682467199999
1682467200000,0.32926,0.32926,0.3249,0.3249,1341.52269794,1682495999999
1682496000000,0.32387,0.33633,0.32387,0.3356,21578.77632159,1682524799999
1682524800000,0.3357,0.336,0.30469,0.317,52654.97023953,1682553599999
1682553600000,0.31992,0.32536,0.3183,0.3183,784.276271,1682582399999
1682582400000,0.31696,0.32358,0.31631,0.32228,9128.95387099,1682611199999
1682611200000,0.32456,0.3286,0.32407,0.32626,15956.20859665,1682639999999
1682640000000,0.32578,0.32583,0.3242,0.3242,1499.00450694,1682668799999
1682668800000,0.32499,0.32499,0.3187,0.3187,1061.28378743,1682697599999
1682697600000,0.32164,0.32403,0.31975,0.32383,23347.63194647,1682726399999
1682726400000,0.32393,0.32442,0.3237,0.3237,1200.39443162,1682755199999
1682755200000,0.32428,0.32768,0.32428,0.32768,3808.26856679,1682783999999
1682784000000,0.3259,0.32704,0.3236,0.32704,2175.42097894,1682812799999
1682812800000,0.32425,0.32483,0.32409,0.32413,3084.73642357,1682841599999
1682841600000,0.32251,0.32548,0.32196,0.3254,5814.32118854,1682870399999
1682870400000,0.3255,0.32582,0.31688,0.3177,15491.44037291,1682899199999
1682899200000,0.31739,0.31739,0.3103,0.31309,4281.83674189,1682927999999
1682928000000,0.31495,0.31501,0.30958,0.3098,8851.78167351,1682956799999
1682956800000,0.3107,0.31086,0.305,0.31086,21516.99680733,1682985599999
1682985600000,0.30793,0.30793,0.30585,0.30585,259.19904497,1683014399999
1683014400000,0.3079,0.31079,0.3052,0.30911,14729.50318079,1683043199999
1683043200000,0.30985,0.31163,0.30985,0.31089,872.87027812,1683071999999
1683072000000,0.30508,0.306,0.30431,0.306,1336.89831183,1683100799999
1683100800000,0.30781,0.30781,0.30138,0.30205,10152.64610485,1683129599999
1683129600000,0.3031,0.31468,0.30248,0.31461,13284.62686432,1683158399999
1683158400000,0.31372,0.31395,0.3133,0.3136,3567.49179581,1683187199999
1683187200000,0.31241,0.31241,0.31087,0.31087,891.87095805,1683215999999
1683216000000,0.3101,0.31028,0.30845,0.30942,7146.71713522,1683244799999
1683273600000,0.31097,0.31351,0.3079,0.31351,20787.91318034,1683302399999
1683302400000,0.31451,0.31687,0.31451,0.31582,17274.63559248,1683331199999
1683331200000,0.31199,0.31199,0.31134,0.31155,211.34220467,1683359999999
1683360000000,0.3095,0.3095,0.30316,0.30358,18104.95159155,1683388799999
1683388800000,0.3053,0.3079,0.3045,0.3061,3088.154621,1683417599999
1683417600000,0.30512,0.30544,0.30325,0.30544,2851.64059175,1683446399999
1683446400000,0.307,0.3092,0.307,0.30845,3652.78976077,1683475199999
1683475200000,0.30494,0.30598,0.30483,0.30483,1773.77853362,1683503999999
1683504000000,0.3,0.3,0.28,0.28,29308.26270189,1683532799999
1683532800000,0.28223,0.28611,0.28124,0.2844,9371.93399438,1683561599999
1683561600000,0.28547,0.28547,0.267,0.27489,33896.40069614,1683590399999
1683590400000,0.28043,0.28295,0.2779,0.28295,5387.82844292,1683619199999
1683619200000,0.27997,0.28408,0.27997,0.28408,2609.58073512,1683647999999
1683648000000,0.28129,0.28375,0.28129,0.28324,2459.06865237,1683676799999
1683676800000,0.28408,0.28492,0.28185,0.2824,663.9797128,1683705599999
1683705600000,0.28291,0.29644,0.28229,0.2924,19791.94130971,1683734399999
1683734400000,0.29397,0.29397,0.28029,0.28852,16219.07135707,1683763199999
1683763200000,0.29139,0.29139,0.2874,0.28964,885.52445504,1683791999999
1683792000000,0.28678,0.2885,0.2792,0.2792,13597.23353996,1683820799999
1683820800000,0.28141,0.28141,0.2748,0.28068,5377.66285649,1683849599999
1683849600000,0.2763,0.2763,0.2717,0.2741,10587.02493807,1683878399999
1683878400000,0.27401,0.2774,0.27401,0.2774,944.98244891,1683907199999
1683907200000,0.274,0.28365,0.27376,0.28328,16839.73462908,1683935999999
1683936000000,0.28036,0.28042,0.28012,0.28014,270.64346745,1683964799999
1683964800000,0.28077,0.28077,0.27931,0.2794,223.43960986,1683993599999
1683993600000,0.28132,0.28132,0.2792,0.2792,22.7290316,1684022399999
1684051200000,0.27884,0.28265,0.27884,0.28265,89.18589268,1684079999999
1684080000000,0.2802,0.28226,0.27784,0.28226,1693.11112743,1684108799999
1684108800000,0.27659,0.28578,0.27659,0.2853,2854.65040643,1684137599999
1684137600000,0.2883,0.2883,0.28508,0.28508,1122.79012791,1684166399999
1684166400000,0.2894,0.2894,0.28693,0.2871,1128.34107708,1684195199999
1684195200000,0.28477,0.28497,0.28477,0.28497,2248.86203205,1684223999999
1684224000000,0.2844,0.28526,0.28272,0.28305,4491.1770218,1684252799999
1684252800000,0.28414,0.28801,0.28414,0.28801,2129.06116996,1684281599999
1684281600000,0.28683,0.28762,0.28683,0.28692,1139.79397556,1684310399999
1684310400000,0.28493,0.28847,0.28493,0.28531,98.09775176,1684339199999
1684339200000,0.2903,0.29367,0.2903,0.29217,497.82184832,1684367999999
1684368000000,0.28956,0.28956,0.28956,0.28956,9.46131304,1684396799999
1684396800000,0.2908,0.29254,0.29012,0.29012,435.40781182,1684425599999
1684425600000,0.29319,0.2936,0.28787,0.2929,2520.62201649,1684454399999
1684454400000,0.2921,0.29255,0.2921,0.29255,127.97647025,1684483199999
1684483200000,0.29357,0.29357,0.28993,0.2928,1588.43688343,1684511999999
1684512000000,0.29228,0.29228,0.29051,0.29125,2673.39887525,1684540799999
1684540800000,0.29092,0.29092,0.2897,0.29069,141.39493871,1684569599999
1684569600000,0.29169,0.29199,0.29088,0.29199,103.61675702,1684598399999
1684598400000,0.2929,0.29324,0.2929,0.29324,723.07229494,1684627199999
1684627200000,0.29163,0.29195,0.29148,0.29195,1601.39355933,1684655999999
1684656000000,0.2895,0.29006,0.2852,0.2852,3618.55779871,1684684799999
1684684800000,0.28288,0.28288,0.28036,0.28036,373.43483538,1684713599999
1684713600000,0.2755,0.28118,0.2755,0.28118,2050.28861691,1684742399999
1684742400000,0.28032,0.2825,0.28032,0.28242,4232.69190874,1684771199999
1684771200000,0.28152,0.28485,0.28152,0.28317,3266.94168351,1684799999999
1684800000000,0.2876,0.289,0.2875,0.2888,854.00661412,1684828799999
1684828800000,0.287,0.28912,0.287,0.2885,800.79159866,1684857599999
1684857600000,0.28898,0.28925,0.28771,0.28923,944.86013941,1684886399999
1684886400000,0.28661,0.28661,0.2794,0.2794,629.63620841,1684915199999
1684915200000,0.28002,0.2805,0.27352,0.27438,2756.06712696,1684943999999
1684944000000,0.27402,0.27585,0.2725,0.27531,1232.6038709,1684972799999
1684972800000,0.267,0.2714,0.2662,0.2714,368.20399886,1685001599999
1685001600000,0.27146,0.27456,0.27146,0.2724,603.70366255,1685030399999
1685030400000,0.27227,0.2752,0.27211,0.2749,324.53766449,1685059199999
1685059200000,0.27126,0.27194,0.2702,0.27194,261.82532498,1685087999999
1685088000000,0.27219,0.27564,0.27131,0.27564,1922.63825193,1685116799999
1685116800000,0.2747,0.27519,0.27323,0.2745,9117.5256326,1685145599999
1685145600000,0.2747,0.2761,0.2747,0.2748,1760.10902071,1685174399999
1685174400000,0.27379,0.27579,0.27379,0.27579,8871.12014763,1685203199999
1685203200000,0.27571,0.27698,0.27471,0.27698,8288.82139068,1685231999999
1685232000000,0.27662,0.27824,0.27662,0.27818,974.80856523,1685260799999
1685260800000,0.27653,0.2778,0.27653,0.27694,183.34110438,1685289599999
1685289600000,0.27929,0.2869,0.27846,0.2835,11067.63133507,1685318399999
1685318400000,0.28287,0.2834,0.28024,0.28142,437.1196319,1685347199999
1685347200000,0.28125,0.2827,0.28048,0.28048,5392.06997706,1685375999999
1685376000000,0.28037,0.28299,0.28037,0.28159,3945.66256986,1685404799999
1685404800000,0.28255,0.28276,0.28255,0.28276,149.18860769,1685433599999
1685433600000,0.28334,0.2879,0.28275,0.28476,2027.02479402,1685462399999
1685462400000,0.28535,0.28663,0.28447,0.2848,2764.17240684,1685491199999
1685491200000,0.28529,0.2857,0.2759,0.27663,61762.15568276,1685519999999
1685520000000,0.277,0.277,0.2735,0.2739,4900.7206776,1685548799999
1685548800000,0.27361,0.27576,0.2734,0.27401,7854.56167063,1685577599999
1685577600000,0.27323,0.27323,0.27242,0.2729,5266.4760814,1685606399999
1685606400000,0.27345,0.2745,0.27345,0.2745,5795.93878749,1685635199999
1685635200000,0.2745,0.27671,0.27431,0.27671,2627.38036239,1685663999999
1685664000000,0.2723,0.277,0.2723,0.277,3047.07145579,1685692799999
1685692800000,0.27827,0.2791,0.27681,0.27817,182.15919252,1685721599999
1685721600000,0.27896,0.2815,0.2785,0.2815,3211.81005216,1685750399999
1685750400000,0.28079,0.2813,0.28029,0.28085,479.7098156,1685779199999
1685779200000,0.28163,0.2837,0.28107,0.28127,6149.65663941,1685807999999
1685808000000,0.28,0.28029,0.28,0.28029,142.4781281,1685836799999
1685836800000,0.27944,0.27984,0.27944,0.27984,57.65290236,1685865599999
1685865600000,0.2817,0.28212,0.27957,0.28007,7824.71022116,1685894399999
1685894400000,0.2797,0.28264,0.2797,0.2802,1365.37091215,1685923199999
1685923200000,0.2748,0.2768,0.27472,0.2768,4763.23935041,1685951999999
1685952000000,0.27674,0.27787,0.25811,0.25811,881.46644975,1685980799999
1685980800000,0.25292,0.25802,0.25,0.2535,15063.8027174,1686009599999
1686009600000,0.25156,0.25269,0.2508,0.2508,1083.44128093,1686038399999
1686038400000,0.25191,0.25435,0.2477,0.25405,3526.928346,1686067199999
1686067200000,0.2549,0.2627,0.2549,0.26006,4590.46859116,1686095999999
1686096000000,0.25875,0.259,0.25793,0.2589,3559.62912384,1686124799999
1686124800000,0.25789,0.26098,0.2514,0.25279,13878.67371932,1686153599999
1686153600000,0.25736,0.30184,0.25736,0.27956,1565855.41500539,1686182399999
1686182400000,0.2785,0.29475,0.27595,0.28557,329534.90908582,1686211199999
1686211200000,0.28562,0.31509,0.28323,0.30663,1853224.3218586,1686239999999
1686240000000,0.3062,0.3103,0.29348,0.30106,680952.19546834,1686268799999
1686268800000,0.302,0.30599,0.28291,0.28407,157915.34705984,1686297599999
1686297600000,0.2825,0.2894,0.28121,0.28376,80274.13318848,1686326399999
1686326400000,0.28385,0.2843,0.26407,0.2649,74552.16593863,1686355199999
1686355200000,0.262,0.26289,0.20104,0.2156,421723.38892842,1686383999999
1686384000000,0.215,0.22072,0.21342,0.21561,145682.64125772,1686412799999
1686412800000,0.21446,0.22398,0.211,0.21949,36285.09915003,1686441599999
1686441600000,0.21904,0.21927,0.2148,0.217,13565.99504755,1686470399999
1686470400000,0.2163,0.224,0.21518,0.2167,26273.80877376,1686499199999
1686499200000,0.2184,0.2221,0.2178,0.2207,8584.29464562,1686527999999
1686528000000,0.2172,0.2172,0.214,0.2149,2247.80228076,1686556799999
1686556800000,0.21532,0.2204,0.2149,0.21671,13502.73946411,1686585599999
1686585600000,0.21672,0.21743,0.2144,0.21672,10877.78215937,1686614399999
1686614400000,0.21618,0.21974,0.21618,0.218,6819.51955788,1686643199999
1686643200000,0.21822,0.22107,0.21063,0.21063,31822.1326276,1686671999999
1686672000000,0.21216,0.21521,0.21216,0.21356,15904.60298048,1686700799999
1686700800000,0.21172,0.21277,0.21144,0.21277,1609.46898079,1686729599999
1686729600000,0.21176,0.21597,0.21176,0.21467,5435.91693835,1686758399999
1686758400000,0.21624,0.22009,0.20391,0.20579,29234.95826515,1686787199999
1686787200000,0.20502,0.20502,0.2029,0.20297,1148.86096544,1686815999999
1686816000000,0.2037,0.20657,0.20095,0.20238,66858.2143781,1686844799999
1686844800000,0.2011,0.20538,0.198,0.2041,12640.74161428,1686873599999
1686873600000,0.2043,0.2045,0.20366,0.20366,470.44039596,1686902399999
1686902400000,0.20306,0.20388,0.19885,0.20219,9902.79851324,1686931199999
1686931200000,0.20291,0.2078,0.20291,0.20643,12629.46861459,1686959999999
1686960000000,0.20548,0.21386,0.20548,0.21118,1851.13442815,1686988799999
1686988800000,0.21134,0.212,0.2108,0.2108,470.76196493,1687017599999
1687017600000,0.21001,0.21125,0.20941,0.21125,1105.62710962,1687046399999
1687046400000,0.2103,0.21202,0.2103,0.21202,901.39837954,1687075199999
1687075200000,0.21122,0.21158,0.21047,0.21147,405.993424,1687103999999
1687104000000,0.21191,0.21298,0.20688,0.20688,9061.66719991,1687132799999
1687161600000,0.20704,0.21101,0.20618,0.21041,35061.98011747,1687190399999
1687190400000,0.20953,0.21344,0.2091,0.21211,35529.57760893,1687219199999
1687219200000,0.2145,0.23,0.2145,0.21769,393097.70468738,1687247999999
1687248000000,0.21803,0.22363,0.21232,0.21397,107746.14673114,1687276799999
1687276800000,0.21383,0.2209,0.21383,0.2209,39298.30090559,1687305599999
1687305600000,0.22175,0.22592,0.22175,0.22558,16102.57666066,1687334399999
1687334400000,0.22268,0.22646,0.22248,0.22638,13687.05955572,1687363199999
1687363200000,0.22816,0.23099,0.22342,0.23099,17176.38418774,1687391999999
1687392000000,0.23356,0.23765,0.23356,0.23765,2673.12783608,1687420799999
1687420800000,0.23547,0.2356,0.22709,0.22931,3593.22955198,1687449599999
1687449600000,0.23283,0.23323,0.22958,0.22958,24314.08898654,1687478399999
1687478400000,0.23357,0.2354,0.23152,0.23379,9409.47625752,1687507199999
1687507200000,0.23528,0.2402,0.23217,0.2402,15550.04949715,1687535999999
1687536000000,0.24244,0.2452,0.2415,0.24448,8935.75905156,1687564799999
1687564800000,0.2425,0.25,0.2425,0.24637,16027.34518359,1687593599999
1687593600000,0.2554,0.25794,0.24619,0.24619,58025.38497331,1687622399999
1687622400000,0.247,0.26346,0.247,0.25604,77942.46004351,1687651199999
1687651200000,0.25374,0.26156,0.25374,0.25965,104732.68750774,1687679999999
1687680000000,0.25961,0.26122,0.25015,0.25076,15520.44701006,1687708799999
1687708800000,0.25225,0.25251,0.2503,0.2511,13364.86314688,1687737599999
1687737600000,0.24773,0.24809,0.24505,0.24676,44929.25262273,1687766399999
1687766400000,0.2469,0.25023,0.24594,0.24809,2270.35336952,1687795199999
1687795200000,0.2476,0.2476,0.24168,0.24201,5947.53859899,1687823999999
1687824000000,0.2434,0.24568,0.2434,0.24568,4702.27766037,1687852799999
1687852800000,0.2459,0.2459,0.2439,0.2456,4153.87594253,1687881599999
1687881600000,0.24297,0.25279,0.24297,0.2503,107965.83130861,1687910399999
1687910400000,0.24738,0.24888,0.24564,0.24888,1489.83051532,1687939199999
1687939200000,0.24298,0.25813,0.24268,0.25529,172118.27607654,1687967999999
1687968000000,0.25656,0.26089,0.24816,0.25382,497869.11172445,1687996799999
1687996800000,0.25286,0.29113,0.25277,0.26569,1808925.12527066,1688025599999
1688025600000,0.26455,0.2693,0.25382,0.25436,386812.54194125,1688054399999
1688054400000,0.25581,0.26016,0.25112,0.25443,145493.32517274,1688083199999
1688083200000,0.25455,0.26649,0.24935,0.26073,184137.0538594,1688111999999
1688112000000,0.26153,0.28538,0.24977,0.27077,469701.33213662,1688140799999
1688140800000,0.27271,0.28203,0.26991,0.28017,125780.07271961,1688169599999
1688169600000,0.28053,0.28254,0.26832,0.27873,94716.30424211,1688198399999
1688198400000,0.28131,0.3113,0.27754,0.2879,1442313.98298503,1688227199999
1688227200000,0.28909,0.29338,0.28395,0.2917,123343.73679567,1688255999999
1688256000000,0.295,0.31909,0.2911,0.30954,895604.95853973,1688284799999
1688284800000,0.3088,0.32988,0.30575,0.31536,1234783.90199686,1688313599999
1688313600000,0.3136,0.32593,0.30597,0.30713,291028.00664693,1688342399999
1688342400000,0.30499,0.32813,0.30499,0.31671,218193.06393057,1688371199999
1688371200000,0.31679,0.32233,0.31388,0.31961,77031.63491484,1688399999999
1688400000000,0.31998,0.32639,0.3179,0.32115,90111.61940737,1688428799999
1688428800000,0.32349,0.33559,0.31903,0.32176,105566.34528936,1688457599999
1688457600000,0.32258,0.44543,0.32227,0.44149,3191843.6239346,1688486399999
1688486400000,0.44149,0.48,0.40839,0.46289,1.27782654222173E7,1688515199999
1688515200000,0.46592,0.55,0.43603,0.5353,5825067.52597473,1688543999999
1688544000000,0.5241,0.5842,0.37354,0.39218,1.135711953219623E7,1688572799999
1688572800000,0.3925,0.39338,0.36504,0.37025,3034428.93847768,1688601599999
1688601600000,0.37133,0.37471,0.34396,0.35051,2090076.60030401,1688630399999
1688630400000,0.35065,0.37172,0.33622,0.34463,3998546.35682782,1688659199999
1688659200000,0.34473,0.34904,0.33661,0.3369,1303007.59154938,1688687999999
1688688000000,0.33636,0.35037,0.32807,0.32961,1411234.1279917,1688716799999
1688716800000,0.33039,0.33216,0.32362,0.32379,806972.61804033,1688745599999
1688745600000,0.32452,0.32582,0.32052,0.32582,415032.76349825,1688774399999
1688774400000,0.32452,0.33147,0.3158,0.32147,180005.72439428,1688803199999
1688803200000,0.32235,0.3226,0.31034,0.31151,293511.17128969,1688831999999
1688832000000,0.31151,0.31521,0.30659,0.31473,229101.76872329,1688860799999
1688860800000,0.31083,0.3141,0.30337,0.3048,140993.28429453,1688889599999
1688889600000,0.30373,0.33234,0.30373,0.32499,685101.30899429,1688918399999
1688918400000,0.32494,0.32494,0.30684,0.30709,636454.94007744,1688947199999
1688947200000,0.30741,0.31623,0.2983,0.31321,259475.200584,1688975999999
1688976000000,0.31241,0.331,0.30465,0.30615,1232221.12804529,1689004799999
1689004800000,0.30661,0.31227,0.30361,0.31022,259245.9625053,1689033599999
1689033600000,0.3099,0.31747,0.30405,0.30406,116568.30761752,1689062399999
1689062400000,0.304,0.30572,0.30009,0.30052,130400.00435804,1689091199999
1689091200000,0.30107,0.302,0.29304,0.2959,379483.41447104,1689119999999
1689120000000,0.29494,0.29578,0.28803,0.29196,149181.32883565,1689148799999
1689148800000,0.29143,0.29206,0.285,0.28564,125409.72577239,1689177599999
1689177600000,0.2854,0.28621,0.2807,0.28232,162340.91575328,1689206399999
1689206400000,0.28424,0.28424,0.27653,0.2785,53518.41390772,1689235199999
1689235200000,0.27925,0.2874,0.27771,0.28451,162553.41901886,1689263999999
1689264000000,0.28652,0.28811,0.27735,0.28521,350867.30120762,1689292799999
1689292800000,0.28548,0.29063,0.28374,0.28375,53085.31981681,1689321599999
1689321600000,0.28392,0.2903,0.28083,0.28913,119336.73235353,1689350399999
1689350400000,0.2892,0.2892,0.26182,0.27196,439337.78138447,1689379199999
1689379200000,0.27181,0.27769,0.26827,0.27744,19886.27682537,1689407999999
1689408000000,0.27685,0.28076,0.27331,0.27449,76694.44745153,1689436799999
1689436800000,0.2741,0.27752,0.27238,0.27752,71880.78589642,1689465599999
1689465600000,0.27679,0.29044,0.27679,0.28159,429410.80908743,1689494399999
1689494400000,0.28372,0.28475,0.27689,0.27699,90089.48059931,1689523199999
1689523200000,0.27829,0.28,0.27341,0.27717,46461.53729898,1689551999999
1689552000000,0.27482,0.28072,0.27474,0.27939,43381.82702238,1689580799999
1689580800000,0.27929,0.2793,0.2666,0.27422,36511.88624225,1689609599999
1689609600000,0.27458,0.27886,0.2696,0.27886,46136.45729033,1689638399999
1689638400000,0.27942,0.28,0.27157,0.27259,3961.48728098,1689667199999
1689667200000,0.27036,0.27332,0.26728,0.27144,27360.74051832,1689695999999
1689696000000,0.27111,0.27111,0.26708,0.26974,4570.20674561,1689724799999
1689724800000,0.27405,0.28078,0.2713,0.27402,271572.78054489,1689753599999
1689753600000,0.27281,0.28082,0.27195,0.27804,274447.22616715,1689782399999
1689782400000,0.27707,0.27946,0.27492,0.27821,184656.00492076,1689811199999
1689811200000,0.28037,0.28109,0.27786,0.2807,17788.2683664,1689839999999
1689840000000,0.2798,0.28594,0.27671,0.27795,383161.40630356,1689868799999
1689868800000,0.27768,0.28138,0.27391,0.28037,538872.37590903,1689897599999
1689897600000,0.27739,0.28239,0.27739,0.2789,9405.09042161,1689926399999
1689926400000,0.27952,0.28172,0.27731,0.2785,314736.05548537,1689955199999
1689955200000,0.2776,0.2811,0.2775,0.27842,95380.01599543,1689983999999
1689984000000,0.27949,0.28207,0.27942,0.2813,51488.43492002,1690012799999
1690012800000,0.2812,0.28386,0.27911,0.28089,121329.39593348,1690041599999
1690041600000,0.2808,0.28247,0.27652,0.27652,60999.86079662,1690070399999
1690070400000,0.2778,0.28289,0.27409,0.28289,197169.065316,1690099199999
1690099200000,0.28252,0.2863,0.2794,0.2802,28773.32039882,1690127999999
1690128000000,0.28043,0.28297,0.27886,0.27976,120190.45151717,1690156799999
1690156800000,0.27881,0.27881,0.26983,0.27304,115260.21682243,1690185599999
1690185600000,0.27299,0.27299,0.2555,0.2582,282548.28601419,1690214399999
1690214400000,0.2578,0.2606,0.25658,0.2601,43121.71837713,1690243199999
1690243200000,0.25959,0.25959,0.25452,0.25525,16983.98374866,1690271999999
1690272000000,0.25604,0.26079,0.25587,0.25917,32911.8010507,1690300799999
1690300800000,0.26183,0.26183,0.25908,0.2613,16159.22381303,1690329599999
1690329600000,0.25827,0.26516,0.25827,0.26035,50743.75270115,1690358399999
1690358400000,0.2611,0.26251,0.25806,0.26084,249830.72739325,1690387199999
1690387200000,0.26148,0.265,0.25796,0.26291,187737.94537804,1690415999999
1690416000000,0.26084,0.26317,0.26084,0.26251,83512.35562014,1690444799999
1690444800000,0.26167,0.2636,0.26104,0.2626,27869.04571139,1690473599999
1690473600000,0.2616,0.26604,0.26,0.26604,26762.45456791,1690502399999
1690502400000,0.26583,0.2675,0.26342,0.2675,20469.76823379,1690531199999
1690531200000,0.26714,0.2724,0.26651,0.2711,72164.47833215,1690559999999
1690560000000,0.26996,0.27111,0.2666,0.27075,149376.54254088,1690588799999
1690588800000,0.27085,0.295,0.27071,0.28298,1125588.03695808,1690617599999
1690617600000,0.28328,0.28328,0.27726,0.2791,363411.93832426,1690646399999
1690646400000,0.27909,0.28408,0.27889,0.28296,266710.39930691,1690675199999
1690675200000,0.28348,0.29147,0.28073,0.28565,156801.32389566,1690703999999
1690704000000,0.28616,0.28616,0.27253,0.27308,247367.76219002,1690732799999
1690732800000,0.27299,0.27409,0.2664,0.27292,105112.6681363,1690761599999
1690761600000,0.27109,0.27448,0.26958,0.2703,23355.56243506,1690790399999
1690790400000,0.27051,0.273,0.26764,0.26892,61690.09467821,1690819199999
1690819200000,0.2689,0.27181,0.26631,0.26916,5039.80938598,1690847999999
1690848000000,0.26919,0.26989,0.261,0.26716,25911.2986581,1690876799999
1690876800000,0.26817,0.26998,0.26672,0.26998,27297.52641076,1690905599999
1690905600000,0.27061,0.27381,0.27017,0.27368,34318.85540284,1690934399999
1690934400000,0.27423,0.2747,0.26926,0.26978,44034.92093203,1690963199999
1690963200000,0.26837,0.27107,0.26711,0.27016,32053.28090757,1690991999999
1690992000000,0.26652,0.27115,0.26471,0.2701,2502.17111662,1691020799999
1691020800000,0.26978,0.27241,0.26737,0.26737,16352.19919058,1691049599999
1691049600000,0.26726,0.2699,0.26617,0.2696,28150.13446233,1691078399999
1691078400000,0.26968,0.27049,0.26761,0.2679,18616.40747231,1691107199999
1691107200000,0.26811,0.27134,0.26509,0.26509,17721.02104811,1691135999999
1691136000000,0.26429,0.2651,0.26331,0.26367,30026.09435586,1691164799999
1691164800000,0.26373,0.26373,0.2579,0.2604,21672.69222712,1691193599999
1691193600000,0.26287,0.26287,0.26227,0.26239,2430.97588884,1691222399999
1691222400000,0.26263,0.26263,0.26065,0.26095,4475.37451002,1691251199999
1691251200000,0.26166,0.2641,0.26126,0.26396,20771.74681092,1691279999999
1691280000000,0.26447,0.266,0.26289,0.26308,1241.23785246,1691308799999
1691308800000,0.26325,0.26454,0.26211,0.26395,4479.38533385,1691337599999
1691337600000,0.26512,0.26621,0.26442,0.26513,46395.41677257,1691366399999
1691366400000,0.26472,0.26759,0.26246,0.26246,1748.15085053,1691395199999
1691395200000,0.2638,0.26471,0.26077,0.2613,36883.34272771,1691423999999
1691424000000,0.26032,0.26187,0.25722,0.26152,13578.40992082,1691452799999
1691452800000,0.25898,0.26023,0.2586,0.2586,7453.18583937,1691481599999
1691481600000,0.25755,0.2619,0.255,0.2619,14429.21415868,1691510399999
1691510400000,0.26266,0.26746,0.26266,0.2641,42062.39547152,1691539199999
1691539200000,0.2645,0.2645,0.26262,0.26382,10776.27254124,1691567999999
1691568000000,0.2643,0.26693,0.26321,0.26321,32632.64786216,1691596799999
1691596800000,0.26373,0.26426,0.2623,0.26332,16396.45137557,1691625599999
1691625600000,0.26369,0.26369,0.26225,0.26225,571.09306654,1691654399999
1691654400000,0.26021,0.26241,0.26021,0.26189,19845.04232644,1691683199999
1691683200000,0.2611,0.2628,0.2611,0.2628,5626.38308064,1691711999999
1691712000000,0.26242,0.2633,0.26229,0.26282,17565.51800315,1691740799999
1691740800000,0.26173,0.26288,0.26173,0.2623,10534.4756931,1691769599999
1691769600000,0.2627,0.2634,0.26237,0.26237,5743.04513976,1691798399999
1691798400000,0.26435,0.26731,0.263,0.26313,18466.83990303,1691827199999
1691827200000,0.26279,0.2665,0.26279,0.2665,13301.36357287,1691855999999
1691856000000,0.26569,0.26575,0.26468,0.26575,3744.25318679,1691884799999
1691884800000,0.26779,0.26779,0.26559,0.26657,462.39671077,1691913599999
1691913600000,0.26578,0.26648,0.26364,0.26364,9094.18419898,1691942399999
1691942400000,0.26364,0.26575,0.26361,0.26369,8309.31598962,1691971199999
1691971200000,0.26555,0.26712,0.26555,0.26621,8518.35021772,1691999999999
1692000000000,0.26653,0.26869,0.265,0.26824,4208.92021794,1692028799999
1692028800000,0.26879,0.2694,0.26473,0.26628,34013.47463084,1692057599999
1692057600000,0.2641,0.2641,0.2621,0.26223,17160.20061196,1692086399999
1692086400000,0.2628,0.26292,0.2606,0.26143,27363.27854706,1692115199999
1692115200000,0.2604,0.26047,0.23,0.247,71890.44407643,1692143999999
1692144000000,0.246,0.246,0.23657,0.23862,24620.45373796,1692172799999
1692172800000,0.23767,0.23809,0.23247,0.2325,31257.21554849,1692201599999
1692201600000,0.23201,0.23591,0.22367,0.2265,19038.29839491,1692230399999
1692230400000,0.22632,0.23343,0.22589,0.2328,8087.99497318,1692259199999
1692259200000,0.22928,0.22928,0.22337,0.2235,49788.02400431,1692287999999
1692288000000,0.22395,0.22742,0.1793,0.20484,270261.51859281,1692316799999
1692316800000,0.20384,0.21125,0.20384,0.21071,42785.78498989,1692345599999
1692345600000,0.21161,0.2128,0.2085,0.2096,116365.95464489,1692374399999
1692374400000,0.2078,0.2134,0.2078,0.21248,9795.25839405,1692403199999
1692403200000,0.21421,0.2149,0.21315,0.21488,28436.64912291,1692431999999
1692432000000,0.21527,0.21678,0.21454,0.21678,35579.70568476,1692460799999
1692460800000,0.2173,0.21832,0.21655,0.21742,11079.48705339,1692489599999
1692489600000,0.21836,0.21906,0.21326,0.21453,77652.39415763,1692518399999
1692518400000,0.21467,0.21818,0.21467,0.2166,10782.56619333,1692547199999
1692547200000,0.2163,0.218,0.2163,0.21763,33663.3879009,1692575999999
1692576000000,0.21796,0.21796,0.2141,0.2141,23465.47343728,1692604799999
1692604800000,0.21435,0.21502,0.21112,0.21418,24599.80908971,1692633599999
1692633600000,0.2107,0.21234,0.21059,0.21234,333.16735735,1692662399999
1692662400000,0.21275,0.2144,0.21275,0.2144,4119.88596951,1692691199999
1692691200000,0.2154,0.216,0.21304,0.2132,1361.38447206,1692719999999
1692720000000,0.2116,0.21387,0.2076,0.21352,9183.88816621,1692748799999
1692748800000,0.2153,0.21832,0.21492,0.21832,3308.71211863,1692777599999
1692777600000,0.2168,0.22,0.2155,0.21949,43456.0018885,1692806399999
1692806400000,0.2222,0.22366,0.2217,0.22253,27124.64925276,1692835199999
1692835200000,0.22142,0.222,0.22072,0.22132,1946.29149578,1692863999999
1692864000000,0.22241,0.22241,0.22032,0.22032,7498.29909087,1692892799999
1692892800000,0.22097,0.22374,0.21852,0.2212,78599.68550542,1692921599999
1692921600000,0.2189,0.2189,0.21583,0.21878,22127.44990987,1692950399999
1692950400000,0.21822,0.22176,0.21744,0.2198,5606.11488174,1692979199999
1692979200000,0.21859,0.22078,0.21859,0.22062,232.16244829,1693007999999
1693008000000,0.22062,0.22157,0.2196,0.22157,85701.11712199,1693036799999
1693036800000,0.22009,0.22157,0.21904,0.21925,80861.39540154,1693065599999
1693065600000,0.21825,0.21825,0.21719,0.2172,4545.26244178,1693094399999
1693094400000,0.21632,0.2168,0.21531,0.21677,75236.69336386,1693123199999
1693123200000,0.21678,0.21777,0.21572,0.21754,8607.69100709,1693151999999
1693152000000,0.21638,0.2188,0.2158,0.2162,142340.36123706,1693180799999
1693180800000,0.21596,0.21614,0.20714,0.20797,6359.91387706,1693209599999
1693209600000,0.2084,0.21336,0.2084,0.21215,5754.51286983,1693238399999
1693238400000,0.21234,0.21489,0.21228,0.21303,3699.55212367,1693267199999
1693267200000,0.21237,0.21255,0.2106,0.2109,166707.73841935,1693295999999
1693296000000,0.21067,0.2222,0.20829,0.22029,180600.81957183,1693324799999
1693324800000,0.22115,0.22604,0.22063,0.22383,53179.62468346,1693353599999
1693353600000,0.22035,0.2206,0.21968,0.2206,632.01443979,1693382399999
1693382400000,0.21937,0.21937,0.21581,0.21762,39765.42980054,1693411199999
1693411200000,0.21667,0.21701,0.2165,0.21701,101.5774419,1693439999999
1693440000000,0.2151,0.2151,0.2151,0.2151,24.95210794,1693468799999
1693468800000,0.21674,0.22029,0.2149,0.21546,22174.96326391,1693497599999
1693497600000,0.2124,0.21312,0.20634,0.20728,217898.99338063,1693526399999
1693526400000,0.2075,0.20806,0.20599,0.20599,1019.80151861,1693555199999
1693555200000,0.207,0.2082,0.20594,0.20594,77681.13303502,1693583999999
1693584000000,0.20709,0.20803,0.2035,0.2061,91033.62332148,1693612799999
1693612800000,0.20422,0.2062,0.20422,0.20531,8841.93730354,1693641599999
1693641600000,0.20495,0.2101,0.20495,0.2101,83423.0234208,1693670399999
1693670400000,0.21063,0.211,0.20733,0.211,22660.24589799,1693699199999
1693699200000,0.211,0.21493,0.21066,0.21158,26899.41982372,1693727999999
1693728000000,0.20926,0.21069,0.20771,0.20818,264748.15075721,1693756799999
1693756800000,0.2085,0.2102,0.20706,0.2099,60266.89850692,1693785599999
1693785600000,0.21356,0.22107,0.21279,0.21806,86952.47500897,1693814399999
1693814400000,0.21975,0.22641,0.2138,0.2138,566783.41324505,1693843199999
1693843200000,0.21334,0.21482,0.21274,0.21297,37734.8156211,1693871999999
1693872000000,0.211,0.21136,0.21076,0.2108,16813.03728242,1693900799999
1693900800000,0.2114,0.21632,0.2114,0.21451,10829.91349862,1693929599999
1693929600000,0.21591,0.21803,0.2152,0.21769,33745.35615572,1693958399999
1693958400000,0.21769,0.2189,0.21439,0.21524,6718.39025717,1693987199999
1693987200000,0.21584,0.21835,0.21428,0.21428,13448.04612494,1694015999999
1694016000000,0.2154,0.2196,0.214,0.21729,19119.59769666,1694044799999
1694044800000,0.21717,0.21767,0.21675,0.21675,13159.76490526,1694073599999
1694073600000,0.2157,0.21824,0.2157,0.21723,12555.65404293,1694102399999
1694102400000,0.21837,0.22366,0.2174,0.2227,17211.4837194,1694131199999
1694131200000,0.22427,0.2322,0.22059,0.22692,88353.04559817,1694159999999
1694160000000,0.22714,0.25493,0.2267,0.23007,1889545.98802716,1694188799999
1694188800000,0.22948,0.2347,0.22919,0.23191,89232.78869037,1694217599999
1694217600000,0.23002,0.2303,0.22577,0.22694,41235.17541749,1694246399999
1694246400000,0.22683,0.2703,0.22501,0.26322,1937949.57986142,1694275199999
1694275200000,0.26255,0.27828,0.25315,0.26067,2382699.76721399,1694303999999
1694304000000,0.25946,0.27981,0.24641,0.2545,1301649.7599168,1694332799999
1694332800000,0.25279,0.28592,0.24972,0.28105,3252064.71407506,1694361599999
1694361600000,0.28089,0.28803,0.27456,0.2848,1708250.94980755,1694390399999
1694390400000,0.2848,0.30239,0.26456,0.26929,1951502.57347835,1694419199999
1694419200000,0.2675,0.27312,0.26037,0.26833,1346129.89661546,1694447999999
1694448000000,0.27041,0.2726,0.26178,0.2717,208869.04716427,1694476799999
1694476800000,0.27134,0.28216,0.25975,0.26665,216019.6654524,1694505599999
1694505600000,0.26541,0.27351,0.26416,0.27088,124269.46461487,1694534399999
1694534400000,0.26648,0.27679,0.26527,0.27273,167162.77057899,1694563199999
1694563200000,0.27525,0.29561,0.27487,0.2882,675670.97862363,1694591999999
1694592000000,0.28683,0.31383,0.2866,0.31109,655085.11980076,1694620799999
1694620800000,0.31123,0.31786,0.30053,0.30503,1414087.66700482,1694649599999
1694649600000,0.31098,0.31358,0.29259,0.29644,243955.90595359,1694678399999
1694678400000,0.29678,0.3067,0.29196,0.30509,525019.9095665,1694707199999
1694707200000,0.30336,0.30343,0.29758,0.30153,110495.60161745,1694735999999
1694736000000,0.3041,0.32497,0.30316,0.31483,959708.64311636,1694764799999
1694764800000,0.31318,0.3408,0.31251,0.33504,659426.71987449,1694793599999
1694793600000,0.33523,0.39,0.33348,0.37268,1851523.47652497,1694822399999
1694822400000,0.37373,0.39163,0.35076,0.37704,1386245.66140614,1694851199999
1694851200000,0.37753,0.37911,0.34559,0.34874,1235267.6259242,1694879999999
1694880000000,0.35047,0.35071,0.33657,0.34065,370089.18130277,1694908799999
1694908800000,0.34047,0.36228,0.32136,0.35566,1261106.43803846,1694937599999
1694937600000,0.35967,0.37011,0.35306,0.35726,418143.95819141,1694966399999
1694966400000,0.3581,0.3581,0.33452,0.34021,727516.07631616,1694995199999
1694995200000,0.33635,0.3434,0.3173,0.31876,369040.02996204,1695023999999
1695024000000,0.321,0.36202,0.321,0.35609,515807.74743493,1695052799999
1695052800000,0.35857,0.36464,0.3415,0.34467,353558.12671562,1695081599999
1695081600000,0.3422,0.38645,0.33577,0.37273,659405.50304411,1695110399999
1695110400000,0.37303,0.4015,0.36857,0.39629,1654576.58225829,1695139199999
1695139200000,0.39649,0.39916,0.38504,0.3936,584981.00116105,1695167999999
1695168000000,0.3945,0.415,0.36578,0.37057,1331730.90500476,1695196799999
1695196800000,0.36915,0.36915,0.35487,0.36214,499976.9598844,1695225599999
1695225600000,0.36291,0.3704,0.35945,0.36779,174614.71527638,1695254399999
1695254400000,0.36756,0.36756,0.33187,0.33187,348761.14318252,1695283199999
1695283200000,0.33049,0.34267,0.32266,0.34267,316095.99223068,1695311999999
1695312000000,0.34226,0.34226,0.33433,0.3354,229575.16717604,1695340799999
1695340800000,0.33601,0.33945,0.3295,0.33198,158743.3826583,1695369599999
1695369600000,0.33259,0.33826,0.33021,0.33241,155212.02643891,1695398399999
1695398400000,0.3324,0.33769,0.33078,0.33528,123490.6390468,1695427199999
1695427200000,0.33686,0.33686,0.32862,0.32896,82048.91931463,1695455999999
1695456000000,0.32805,0.32987,0.31788,0.3184,282020.72261332,1695484799999
1695484800000,0.31654,0.32196,0.31167,0.31899,108150.30012177,1695513599999
1695513600000,0.31941,0.32718,0.31641,0.3198,30762.28595073,1695542399999
1695542400000,0.31903,0.32184,0.31452,0.31452,54626.12102189,1695571199999
1695571200000,0.31274,0.3165,0.30631,0.3096,71447.43299784,1695599999999
1695600000000,0.31033,0.31309,0.30655,0.3092,58263.31745388,1695628799999
1695628800000,0.31427,0.363,0.3123,0.35402,1813124.56811678,1695657599999
1695657600000,0.3543,0.35877,0.34905,0.35249,543405.38140249,1695686399999
1695686400000,0.35259,0.36723,0.34948,0.35971,869204.66281928,1695715199999
1695715200000,0.36144,0.3692,0.35654,0.3641,426360.29917675,1695743999999
1695744000000,0.36466,0.37349,0.36316,0.37349,133760.78992277,1695772799999
1695772800000,0.37511,0.39137,0.36333,0.37471,357005.58905991,1695801599999
1695801600000,0.37479,0.3953,0.36609,0.37923,398228.36627973,1695830399999
1695830400000,0.38132,0.38451,0.37354,0.37951,141923.89786289,1695859199999
1695859200000,0.37869,0.38608,0.37136,0.37924,157771.93534333,1695887999999
1695888000000,0.37886,0.394,0.37214,0.37378,161923.73482242,1695916799999
1695916800000,0.37415,0.37921,0.36721,0.37698,73283.94188143,1695945599999
1695945600000,0.37769,0.38005,0.37638,0.37665,65423.56539974,1695974399999
1695974400000,0.37666,0.41952,0.37511,0.40916,873889.76930563,1696003199999
1696003200000,0.40976,0.4289,0.40891,0.42189,1050304.97682433,1696031999999
1696032000000,0.4188,0.42409,0.39792,0.40197,479468.16142168,1696060799999
1696060800000,0.40129,0.4047,0.39383,0.39756,154348.66695548,1696089599999
1696089600000,0.39826,0.39952,0.39098,0.39189,149718.34768501,1696118399999
1696118400000,0.39471,0.46299,0.38662,0.44791,1655307.95213624,1696147199999
1696147200000,0.44787,0.47,0.44089,0.46297,840914.71963944,1696175999999
1696176000000,0.46229,0.48213,0.44676,0.46945,547933.88712196,1696204799999
1696204800000,0.46817,0.48116,0.45121,0.4544,565734.61878406,1696233599999
1696233600000,0.45443,0.4606,0.45,0.45487,397997.86774749,1696262399999
1696262400000,0.45798,0.46562,0.44,0.46224,329528.68374061,1696291199999
1696291200000,0.4587,0.4626,0.4395,0.4395,220109.25954913,1696319999999
1696320000000,0.4417,0.47096,0.42465,0.44179,316554.44263095,1696348799999
1696348800000,0.44356,0.44515,0.41468,0.41576,129884.55358478,1696377599999
1696377600000,0.41093,0.42335,0.39974,0.40702,233918.02902593,1696406399999
1696406400000,0.40644,0.41455,0.39824,0.4009,307509.42308739,1696435199999
1696435200000,0.39882,0.40344,0.38971,0.39702,60295.1266522,1696463999999
1696464000000,0.3987,0.40566,0.39668,0.40138,54111.36717351,1696492799999
1696492800000,0.40386,0.41821,0.4019,0.41304,208538.97035212,1696521599999
1696521600000,0.41286,0.4282,0.40835,0.42436,502326.7167203,1696550399999
1696550400000,0.42586,0.44562,0.4184,0.43053,310217.14384676,1696579199999
1696579200000,0.431,0.44389,0.42238,0.42377,368108.47673222,1696607999999
1696608000000,0.42469,0.43162,0.42295,0.4271,206966.78803911,1696636799999
1696636800000,0.42935,0.43862,0.40201,0.41132,190665.6871631,1696665599999
1696665600000,0.40961,0.45904,0.4051,0.45484,1398077.93472724,1696694399999
1696694400000,0.4547,0.46331,0.4474,0.45521,681639.43724015,1696723199999
1696723200000,0.45643,0.46858,0.43281,0.43717,842897.22065144,1696751999999
1696752000000,0.43668,0.46121,0.43376,0.4481,746729.54046764,1696780799999
1696780800000,0.4477,0.45212,0.44318,0.44443,66552.48796653,1696809599999
1696809600000,0.44301,0.515,0.4425,0.49971,1300771.4680428,1696838399999
1696838400000,0.50092,0.51398,0.48111,0.48569,939706.9108831,1696867199999
1696867200000,0.4858,0.49071,0.47643,0.48688,569360.07561227,1696895999999
1696896000000,0.48558,0.49527,0.43431,0.43527,1234702.38565763,1696924799999
1696924800000,0.4339,0.451,0.42465,0.42914,923762.13056117,1696953599999
1696953600000,0.4293,0.43917,0.42648,0.42648,582820.50719766,1696982399999
1696982400000,0.426,0.426,0.40109,0.40109,218165.36010488,1697011199999
1697011200000,0.40289,0.405,0.38253,0.38816,764424.72951798,1697039999999
1697040000000,0.38782,0.40412,0.3845,0.3995,610999.98227678,1697068799999
1697068800000,0.39633,0.3985,0.375,0.39624,314999.33080625,1697097599999
1697097600000,0.4,0.4,0.38502,0.38632,179986.50219001,1697126399999
1697126400000,0.386,0.39084,0.37912,0.38798,257280.35644167,1697155199999
1697155200000,0.38447,0.3965,0.38447,0.39236,40714.81566628,1697183999999
1697184000000,0.39143,0.3925,0.38439,0.3925,83388.85134686,1697212799999
1697212800000,0.39335,0.3962,0.38694,0.3918,94475.2443943,1697241599999
1697241600000,0.39103,0.39103,0.38618,0.38767,7314.87780148,1697270399999
1697270400000,0.38768,0.38969,0.38521,0.38646,36650.07907597,1697299199999
1697299200000,0.38676,0.3874,0.38316,0.3863,33109.64660523,1697327999999
1697328000000,0.38896,0.39771,0.371,0.3819,93544.86431138,1697356799999
1697356800000,0.3812,0.3878,0.37661,0.37963,95273.89633008,1697385599999
1697385600000,0.37841,0.38887,0.37841,0.38512,45797.58732417,1697414399999
1697414400000,0.38408,0.39,0.37983,0.38625,58784.12698692,1697443199999
1697443200000,0.38627,0.3982,0.379,0.37959,139654.10132175,1697471999999
1697472000000,0.37931,0.3844,0.3776,0.3827,79329.82165652,1697500799999
1697500800000,0.382,0.38235,0.365,0.36591,159522.67747421,1697529599999
1697529600000,0.36578,0.36771,0.34471,0.35766,243637.1228164,1697558399999
1697558400000,0.35685,0.36316,0.35623,0.3603,43305.73287045,1697587199999
1697587200000,0.35206,0.35252,0.33787,0.34314,216451.7610705,1697615999999
1697616000000,0.3434,0.34527,0.33655,0.3368,105564.80419654,1697644799999
1697644800000,0.33892,0.33892,0.33498,0.33737,78305.51741203,1697673599999
1697673600000,0.33428,0.35386,0.33,0.34268,521592.5457388,1697702399999
1697702400000,0.34233,0.36977,0.3376,0.3544,1135290.51426131,1697731199999
1697731200000,0.35688,0.35754,0.3469,0.3469,45029.89932082,1697759999999
1697760000000,0.34856,0.37929,0.3459,0.36776,744406.72795691,1697788799999
1697788800000,0.36765,0.3697,0.36075,0.36077,111994.68047504,1697817599999
1697817600000,0.36031,0.36259,0.35796,0.35949,30885.32552132,1697846399999
1697846400000,0.35892,0.36699,0.35885,0.36315,24228.4064946,1697875199999
1697875200000,0.3652,0.36609,0.35991,0.36031,64146.97434999,1697903999999
1697904000000,0.3611,0.3647,0.3592,0.36073,14510.41064927,1697932799999
1697932800000,0.36211,0.36505,0.348,0.35359,33256.07311814,1697961599999
1697961600000,0.35398,0.35534,0.35051,0.35143,34403.31240717,1697990399999
1697990400000,0.35257,0.35797,0.35125,0.357,6814.36460438,1698019199999
1698019200000,0.35666,0.36219,0.35268,0.3527,68495.11171587,1698047999999
1698048000000,0.3533,0.35556,0.34764,0.3509,77819.01305772,1698076799999
1698076800000,0.35252,0.37372,0.35161,0.3713,182332.66280815,1698105599999
1698105600000,0.3729,0.387,0.3619,0.36496,120400.09645116,1698134399999
1698134400000,0.36464,0.3888,0.36235,0.37067,211084.65591054,1698163199999
1698163200000,0.36951,0.3806,0.3663,0.38059,17977.30995841,1698191999999
1698192000000,0.38298,0.4259,0.38298,0.39998,520203.88700074,1698220799999
1698220800000,0.40051,0.404,0.39065,0.40206,206067.51642222,1698249599999
1698249600000,0.40159,0.40659,0.3939,0.40659,32434.7809265,1698278399999
1698278400000,0.40092,0.40629,0.38918,0.40147,181322.28012842,1698307199999
1698307200000,0.40502,0.40646,0.37045,0.3761,196509.65652264,1698335999999
1698336000000,0.37587,0.38414,0.37185,0.38251,68569.01597754,1698364799999
1698364800000,0.3795,0.38096,0.36661,0.3758,49670.39506931,1698393599999
1698393600000,0.37333,0.38029,0.37333,0.37711,15905.15572944,1698422399999
1698422400000,0.37749,0.37749,0.36707,0.37379,39135.17496761,1698451199999
1698451200000,0.3779,0.38001,0.3773,0.3796,3447.96755412,1698479999999
1698480000000,0.38022,0.3824,0.37545,0.37879,13843.63018889,1698508799999
1698508800000,0.37754,0.3819,0.37631,0.37631,78181.51865274,1698537599999
1698537600000,0.3762,0.3868,0.37368,0.38585,9449.3308018,1698566399999
1698566400000,0.38691,0.42361,0.3826,0.4112,862575.63454797,1698595199999
1698595200000,0.41148,0.41298,0.40272,0.40418,90206.30088904,1698623999999
1698624000000,0.4048,0.42999,0.4008,0.41762,59299.04963609,1698652799999
1698652800000,0.41802,0.43319,0.4107,0.4171,240428.96298201,1698681599999
1698681600000,0.41697,0.4205,0.40721,0.42021,55086.83867403,1698710399999
1698710400000,0.42251,0.43318,0.4155,0.416,80284.1511817,1698739199999
1698739200000,0.41411,0.42631,0.3793,0.3867,384023.27579951,1698767999999
1698768000000,0.3846,0.4058,0.38418,0.40321,159964.05259021,1698796799999
1698796800000,0.40828,0.42522,0.39,0.39173,379076.66293177,1698825599999
1698825600000,0.39199,0.40623,0.39159,0.39511,83528.49901511,1698854399999
1698854400000,0.39733,0.42167,0.39733,0.42167,154450.10484959,1698883199999
1698883200000,0.41975,0.42296,0.40779,0.41403,32037.89906049,1698911999999
1698912000000,0.41168,0.43635,0.41006,0.42812,192591.74633201,1698940799999
1698940800000,0.42843,0.43993,0.42468,0.43182,136732.25475395,1698969599999
1698969600000,0.42872,0.4393,0.41607,0.43235,85068.62677606,1698998399999
1698998400000,0.43782,0.44046,0.41459,0.42496,589834.78380139,1699027199999
1699027200000,0.42416,0.42833,0.41545,0.42833,274762.53479862,1699055999999
1699056000000,0.42049,0.42408,0.41421,0.41904,38760.12685127,1699084799999
1699084800000,0.4186,0.4309,0.41699,0.42601,111925.89503524,1699113599999
1699113600000,0.42607,0.43518,0.42301,0.43361,17460.05050713,1699142399999
1699142400000,0.4328,0.4328,0.42242,0.42581,10952.30276356,1699171199999
1699171200000,0.4261,0.43356,0.42202,0.42293,49571.71606553,1699199999999
1699200000000,0.4195,0.42732,0.41423,0.41847,5127.99503295,1699228799999
1699228800000,0.41661,0.42886,0.41214,0.42075,15069.48043688,1699257599999
1699257600000,0.4199,0.43667,0.4186,0.43319,46026.57913151,1699286399999
1699286400000,0.43145,0.43314,0.42417,0.42785,64165.28181125,1699315199999
1699315200000,0.42768,0.42768,0.41955,0.4225,42997.00981822,1699343999999
1699344000000,0.42189,0.42421,0.40739,0.41577,115551.28778332,1699372799999
1699372800000,0.4178,0.42798,0.41132,0.42539,19083.43923472,1699401599999
1699401600000,0.42956,0.56003,0.42924,0.54446,2306343.27712615,1699430399999
1699430400000,0.54362,0.68,0.52536,0.61487,4838339.10154849,1699459199999
1699459200000,0.61397,0.67998,0.60343,0.64182,4795430.94831552,1699487999999
1699488000000,0.64206,0.7,0.62595,0.65276,2036282.51125102,1699516799999
1699516800000,0.65617,0.8494,0.65443,0.74017,6003399.21647312,1699545599999
1699545600000,0.73861,0.79,0.65055,0.73638,3031678.47446329,1699574399999
1699574400000,0.72777,0.87148,0.71289,0.85357,2032600.39353912,1699603199999
1699603200000,0.85056,0.9036,0.71382,0.74009,2680955.75770861,1699631999999
1699632000000,0.73986,0.7603,0.72835,0.75433,506107.16029522,1699660799999
1699660800000,0.7521,0.75874,0.67262,0.67799,492945.86893907,1699689599999
1699689600000,0.67901,0.735,0.67363,0.72451,837898.34000853,1699718399999
1699718400000,0.72586,0.74,0.7,0.70781,167822.09170068,1699747199999
1699747200000,0.71411,0.77593,0.68636,0.70961,297815.59714409,1699775999999
1699776000000,0.70972,0.71169,0.67685,0.70411,262833.79812538,1699804799999
1699804800000,0.70231,0.71204,0.69536,0.69721,26213.02513712,1699833599999
1699833600000,0.69215,0.70907,0.65633,0.68649,92510.99227384,1699862399999
1699862400000,0.68544,0.68728,0.64429,0.6624,111523.59848129,1699891199999
1699891200000,0.66336,0.6732,0.64119,0.67144,45727.10088435,1699919999999
1699920000000,0.6653,0.7775,0.6653,0.69699,5225176.47536283,1699948799999
1699948800000,0.6973,0.70459,0.631,0.6404,618462.69487772,1699977599999
1699977600000,0.6408,0.64598,0.606,0.62508,419659.10917684,1700006399999
1700006400000,0.62314,0.66992,0.62039,0.63753,309068.57153529,1700035199999
1700035200000,0.63998,0.6515,0.63732,0.64358,115597.33898008,1700063999999
1700064000000,0.64492,0.6578,0.6379,0.65309,94098.63062538,1700092799999
1700092800000,0.6489,0.69998,0.64674,0.64962,69202.61725238,1700121599999
1700121600000,0.6475,0.64781,0.60458,0.61151,80505.35380401,1700150399999
1700150400000,0.60933,0.62383,0.599,0.61499,28460.93347304,1700179199999
1700179200000,0.61155,0.72,0.61155,0.70976,575417.05324058,1700207999999
1700208000000,0.70976,0.74997,0.65036,0.65526,3114905.20723843,1700236799999
1700236800000,0.65749,0.6621,0.62485,0.63969,712498.61841344,1700265599999
1700265600000,0.63978,0.68248,0.63916,0.67609,429761.00154302,1700294399999
1700294400000,0.67366,0.69417,0.66105,0.68377,246398.71688188,1700323199999
1700323200000,0.68611,0.71189,0.68269,0.68583,378607.95650958,1700351999999
1700352000000,0.67491,0.68148,0.65727,0.65781,24358.65802148,1700380799999
1700380800000,0.65754,0.66356,0.64408,0.65087,63091.13377825,1700409599999
1700409600000,0.65214,0.683,0.64813,0.68243,65913.61367524,1700438399999
1700438400000,0.67265,0.70049,0.67147,0.6783,72867.02905616,1700467199999
1700467200000,0.68082,0.71022,0.67549,0.68466,100102.72556987,1700495999999
1700496000000,0.68769,0.7042,0.67462,0.68531,85944.65007467,1700524799999
1700524800000,0.6984,0.72265,0.65504,0.65623,62449.00601384,1700553599999
1700553600000,0.6561,0.6642,0.6232,0.64019,78589.61448057,1700582399999
1700582400000,0.63722,0.64667,0.6067,0.63145,83755.75199356,1700611199999
1700611200000,0.62849,0.65505,0.62451,0.65426,33837.70084138,1700639999999
1700640000000,0.65577,0.68641,0.6464,0.68029,87335.32233132,1700668799999
1700668800000,0.67782,0.71148,0.67135,0.68835,378886.41762784,1700697599999
1700697600000,0.6875,0.72756,0.67918,0.72609,95507.78617469,1700726399999
1700726400000,0.72644,0.75449,0.70101,0.70249,515443.3931329,1700755199999
1700755200000,0.70148,0.71861,0.6921,0.6921,122566.28686976,1700783999999
1700784000000,0.69114,0.69142,0.68227,0.68789,43774.49666014,1700812799999
1700812800000,0.68656,0.69745,0.67306,0.68475,166243.42447327,1700841599999
1700841600000,0.68764,0.6885,0.67263,0.68112,28666.82546145,1700870399999
1700870400000,0.67598,0.69358,0.67598,0.69134,20988.48235016,1700899199999
1700899200000,0.69342,0.69541,0.66864,0.67173,42321.20627605,1700927999999
1700928000000,0.67259,0.68095,0.67104,0.67957,19076.65078185,1700956799999
1700956800000,0.68323,0.68555,0.67316,0.67635,25697.1372055,1700985599999
1700985600000,0.675,0.675,0.65881,0.65881,39641.4732502,1701014399999
1701014400000,0.66168,0.68086,0.64469,0.67384,32796.6999296,1701043199999
1701043200000,0.67192,0.6915,0.67192,0.6828,47605.90602881,1701071999999
1701072000000,0.66706,0.68709,0.64429,0.68195,199458.89483546,1701100799999
1701100800000,0.68432,0.7196,0.67051,0.70299,360788.91791372,1701129599999
1701129600000,0.70632,0.71627,0.6462,0.66109,58805.09520052,1701158399999
1701158400000,0.65791,0.67136,0.65138,0.66693,84162.82245497,1701187199999
1701187200000,0.66534,0.70388,0.66448,0.69552,219476.07916515,1701215999999
1701216000000,0.69739,0.735,0.6729,0.68305,149517.65113749,1701244799999
1701244800000,0.69733,0.69733,0.65813,0.66678,106340.12739031,1701273599999
1701273600000,0.66171,0.66702,0.65273,0.66111,29551.43135516,1701302399999
1701302400000,0.6618,0.66192,0.65057,0.65419,15155.64965769,1701331199999
1701331200000,0.65203,0.66609,0.64871,0.66151,14245.92819016,1701359999999
1701360000000,0.67372,0.67522,0.66745,0.6723,25895.42378292,1701388799999
1701388800000,0.67156,0.70265,0.67156,0.68337,138645.09062308,1701417599999
1701417600000,0.68474,0.68766,0.67129,0.6834,48778.45509571,1701446399999
1701446400000,0.68215,0.68802,0.67532,0.68481,46824.13387161,1701475199999
1701475200000,0.68225,0.68956,0.67751,0.68214,6000.80041527,1701503999999
1701504000000,0.68441,0.70208,0.6828,0.6975,28892.67248993,1701532799999
1701532800000,0.69801,0.70477,0.69263,0.69307,23923.42923232,1701561599999
1701561600000,0.69632,0.70943,0.68913,0.70132,4574.15740378,1701590399999
1701590400000,0.70217,0.73771,0.68705,0.69135,108472.49863907,1701619199999
1701619200000,0.69504,0.69638,0.68099,0.68847,44850.26656504,1701647999999
1701648000000,0.68896,0.70898,0.68523,0.70844,69843.86777257,1701676799999
1701676800000,0.7084,0.71334,0.653,0.6731,168997.83215634,1701705599999
1701705600000,0.67872,0.69,0.67448,0.69,9928.70903772,1701734399999
1701734400000,0.68979,0.79366,0.68979,0.75724,375656.57406691,1701763199999
1701763200000,0.76305,0.85,0.71886,0.73562,2322391.48450098,1701791999999
1701792000000,0.73812,0.74969,0.72885,0.74257,271039.27867553,1701820799999
1701820800000,0.7289,0.74722,0.66826,0.67995,569619.0937957,1701849599999
1701849600000,0.68091,0.69348,0.66675,0.68034,504845.38229862,1701878399999
1701878400000,0.67938,0.68433,0.67025,0.67422,197640.4155515,1701907199999
1701907200000,0.677,0.68283,0.66324,0.66497,39500.71634521,1701935999999
1701936000000,0.66628,0.66947,0.63665,0.66413,176212.83835888,1701964799999
1701964800000,0.66089,0.67086,0.65488,0.66668,111304.57632867,1701993599999
1701993600000,0.66655,0.66814,0.65509,0.65546,13159.16653147,1702022399999
1702022400000,0.65509,0.66895,0.65345,0.66419,91283.25676983,1702051199999
1702051200000,0.66697,0.67679,0.66199,0.67485,103444.5207331,1702079999999
1702080000000,0.67536,0.68134,0.67193,0.6798,79435.63761105,1702108799999
1702108800000,0.6798,0.68292,0.66244,0.66676,115508.26847866,1702137599999
1702137600000,0.67744,0.67744,0.65801,0.66371,19042.21477608,1702166399999
1702166400000,0.66503,0.66866,0.66256,0.66483,20491.68476422,1702195199999
1702195200000,0.66429,0.66429,0.64698,0.66412,21348.99867768,1702223999999
1702224000000,0.66245,0.66936,0.65905,0.66399,38710.64835758,1702252799999
1702252800000,0.6645,0.66533,0.58,0.61084,73245.17786329,1702281599999
1702281600000,0.61069,0.61869,0.60224,0.609,37834.01368015,1702310399999
1702310400000,0.60918,0.62031,0.59738,0.6138,57432.72080772,1702339199999
1702339200000,0.61179,0.62985,0.61179,0.62598,12649.67990285,1702367999999
1702368000000,0.62229,0.64824,0.61925,0.63337,299067.87373936,1702396799999
1702396800000,0.63463,0.65868,0.6171,0.65655,174335.13791588,1702425599999
1702425600000,0.66,0.67609,0.63032,0.66464,357764.00508052,1702454399999
1702454400000,0.67,0.74958,0.66661,0.74908,2917593.16536303,1702483199999
1702483200000,0.74988,0.77319,0.71251,0.71995,1899699.37976273,1702511999999
1702512000000,0.71278,0.73198,0.68997,0.71056,180418.45886969,1702540799999
1702540800000,0.71001,0.7819,0.69433,0.77551,260642.86549828,1702569599999
1702569600000,0.77612,0.783,0.75061,0.77376,159316.39032339,1702598399999
1702598400000,0.78028,0.87925,0.76097,0.83701,1071362.001455,1702627199999
1702627200000,0.83673,0.92365,0.83432,0.89451,1349988.16783283,1702655999999
1702656000000,0.89526,0.90438,0.85937,0.87259,820174.5911023,1702684799999
1702684800000,0.87149,0.88959,0.80606,0.80634,445618.20281771,1702713599999
1702713600000,0.80979,0.9193,0.80651,0.86594,358346.70968598,1702742399999
1702742400000,0.86482,0.8848,0.84927,0.8508,106825.62975092,1702771199999
1702771200000,0.85012,0.99498,0.85011,0.98228,351223.36910066,1702799999999
1702800000000,0.98233,1.019,0.94722,0.98556,1460019.27500681,1702828799999
1702828800000,0.98533,1.0362,0.97217,0.97368,815461.1498456,1702857599999
1702857600000,0.97588,0.99917,0.95009,0.96697,143244.59662129,1702886399999
1702886400000,0.9741,1.0165,0.9,0.9846,615146.58851012,1702915199999
1702915200000,0.99109,0.99792,0.95238,0.95238,156244.60828323,1702943999999
1702944000000,0.95212,1.0304,0.9518,0.98136,187344.14488512,1702972799999
1702972800000,0.9833,0.99036,0.94809,0.96769,130688.34028904,1703001599999
1703001600000,0.96783,0.96899,0.93,0.9563,71764.28466332,1703030399999
1703030400000,0.95362,0.95395,0.90517,0.92366,46589.79573927,1703059199999
1703059200000,0.92306,0.94755,0.90869,0.93102,54278.49272998,1703087999999
1703088000000,0.9284,0.93614,0.90693,0.93407,96713.97142988,1703116799999
1703116800000,0.935,1.1274,0.91986,1.0914,956543.81789796,1703145599999
1703145600000,1.0912,1.13,0.9119,0.9119,1675643.3035509,1703174399999
1703174400000,0.9158,0.95047,0.90942,0.93616,478057.3413269,1703203199999
1703203200000,0.93371,0.934,0.86237,0.87555,566446.13379939,1703231999999
1703232000000,0.87412,0.89352,0.82411,0.83999,833785.44394292,1703260799999
1703260800000,0.83743,0.85908,0.82601,0.8422,496971.09209253,1703289599999
1703289600000,0.842,0.842,0.77367,0.7923,480104.11460403,1703318399999
1703318400000,0.79142,0.85,0.7388,0.76086,925147.32173959,1703347199999
1703347200000,0.76101,0.81376,0.75483,0.81339,967995.59515286,1703375999999
1703376000000,0.81103,0.81166,0.7446,0.74507,706548.19751678,1703404799999
1703404800000,0.745,0.76006,0.73601,0.74756,839776.75534984,1703433599999
1703433600000,0.74607,0.75776,0.73014,0.74229,321219.16987283,1703462399999
1703462400000,0.74325,0.75958,0.71941,0.75495,164148.96689663,1703491199999
1703491200000,0.75319,0.7593,0.73,0.74031,447057.38057893,1703519999999
1703520000000,0.74194,0.74592,0.73,0.74369,288343.40365343,1703548799999
1703548800000,0.74692,0.76767,0.72,0.72798,312796.6545977,1703577599999
1703577600000,0.72885,0.74007,0.72069,0.72595,251589.45812205,1703606399999
1703606400000,0.72541,0.73227,0.66569,0.71934,196931.93671857,1703635199999
1703635200000,0.7166,0.71763,0.663,0.66969,98975.51361212,1703663999999
1703664000000,0.6699,0.68996,0.66553,0.6833,551758.10476996,1703692799999
1703692800000,0.68392,0.70294,0.67468,0.68956,202286.3954421,1703721599999
1703721600000,0.6906,0.70044,0.64769,0.65543,247253.24588262,1703750399999
1703750400000,0.65726,0.6651,0.63536,0.64184,181217.97863567,1703779199999
1703779200000,0.64159,0.65673,0.63723,0.65401,150448.62299065,1703807999999
1703808000000,0.65332,0.65461,0.62371,0.62702,130312.99634925,1703836799999
1703836800000,0.6299,0.66218,0.6299,0.64374,179904.45699796,1703865599999
1703865600000,0.64085,0.7715,0.62677,0.64617,508244.20474834,1703894399999
1703894400000,0.64678,0.67784,0.64678,0.66679,218127.18820513,1703923199999
1703923200000,0.66636,0.66888,0.64618,0.66291,142147.80201019,1703951999999
1703952000000,0.66076,0.6755,0.6556,0.66492,101070.41217128,1703980799999
1703980800000,0.66255,0.66255,0.64353,0.65163,72742.60091617,1704009599999
1704009600000,0.652,0.66742,0.64847,0.65257,77596.17425599,1704038399999
1704038400000,0.65352,0.66227,0.60107,0.63481,166735.41426634,1704067199999
1704067200000,0.63635,0.6371,0.61669,0.62469,33293.81966212,1704095999999
1704096000000,0.62381,0.64306,0.62381,0.64306,46015.0740263,1704124799999
1704124800000,0.64566,0.65259,0.63742,0.65032,79710.79346686,1704153599999
1704153600000,0.64423,0.65701,0.64423,0.65701,31259.4949225,1704182399999
1704182400000,0.65702,0.66787,0.63819,0.64772,187946.28719809,1704211199999
1704211200000,0.64335,0.66171,0.64335,0.65696,32136.36754374,1704239999999
1704240000000,0.6614,0.66404,0.65157,0.65462,30955.18141358,1704268799999
1704268800000,0.65466,0.66961,0.47826,0.57365,551424.07155442,1704297599999
1704297600000,0.57141,0.58787,0.555,0.58258,113812.80315695,1704326399999
1704326400000,0.58441,0.59216,0.57092,0.57128,48257.64666948,1704355199999
1704355200000,0.56928,0.58529,0.56153,0.58178,82752.79109184,1704383999999
1704384000000,0.5816,0.60273,0.57582,0.59187,140594.21922047,1704412799999
1704412800000,0.60301,0.62489,0.57775,0.60337,215796.14575985,1704441599999
1704441600000,0.60329,0.60545,0.55526,0.56307,283477.85194296,1704470399999
1704470400000,0.56155,0.5828,0.54752,0.5828,91919.50493769,1704499199999
1704499200000,0.58461,0.58461,0.53823,0.55192,105456.97358353,1704527999999
1704528000000,0.55095,0.57916,0.54985,0.5785,85504.8715049,1704556799999
1704556800000,0.57704,0.61099,0.56756,0.57135,386180.0243625,1704585599999
1704585600000,0.57058,0.57865,0.56614,0.57258,27542.98040123,1704614399999
1704614400000,0.57833,0.58493,0.55469,0.55469,47526.72067611,1704643199999
1704643200000,0.55752,0.55791,0.52675,0.53292,80586.78408287,1704671999999
1704672000000,0.53565,0.53672,0.47611,0.50081,55506.64853446,1704700799999
1704700800000,0.50189,0.53102,0.49758,0.53102,102321.74571285,1704729599999
1704729600000,0.534,0.56426,0.52842,0.5585,142369.12195031,1704758399999
1704758400000,0.55994,0.56335,0.54082,0.54636,26744.4542529,1704787199999
1704787200000,0.54334,0.54944,0.5079,0.51366,85861.54432167,1704815999999
1704816000000,0.51602,0.51879,0.5,0.51742,66488.62197021,1704844799999
1704844800000,0.51587,0.52376,0.51307,0.51536,10871.01194817,1704873599999
1704873600000,0.51531,0.52597,0.49594,0.51424,34092.18985213,1704902399999
1704902400000,0.52017,0.57078,0.51018,0.55356,188661.57802164,1704931199999
1704931200000,0.55081,0.56854,0.54903,0.55892,16883.81308752,1704959999999
1704960000000,0.55815,0.58144,0.55654,0.5619,66356.89719249,1704988799999
1704988800000,0.56292,0.57213,0.54806,0.56667,38567.72423233,1705017599999
1705017600000,0.56404,0.59243,0.562,0.58906,39473.90006555,1705046399999
1705046400000,0.59192,0.60349,0.5722,0.57539,176911.61952926,1705075199999
1705075200000,0.5755,0.58522,0.54,0.56295,149108.99289242,1705103999999
1705104000000,0.56978,0.56978,0.53767,0.56081,17486.74686874,1705132799999
1705132800000,0.56146,0.56457,0.55682,0.56439,12343.67037743,1705161599999
1705161600000,0.56713,0.58056,0.56475,0.57241,15129.05892567,1705190399999
1705190400000,0.57359,0.57359,0.5606,0.56524,3888.27168111,1705219199999
1705219200000,0.56981,0.57482,0.56058,0.56839,38100.31829028,1705247999999
1705248000000,0.56817,0.56924,0.54415,0.54415,51875.39050684,1705276799999
1705276800000,0.5485,0.55904,0.54767,0.55052,5187.63731333,1705305599999
1705305600000,0.55095,0.55508,0.54157,0.54327,30937.59735564,1705334399999
1705334400000,0.54381,0.55634,0.54381,0.55006,18533.32270919,1705363199999
1705363200000,0.54995,0.55386,0.54808,0.55242,50976.49855858,1705391999999
1705392000000,0.55401,0.55909,0.54359,0.54359,19919.32650109,1705420799999
1705420800000,0.55997,0.56674,0.55785,0.56368,57594.36640824,1705449599999
1705449600000,0.56173,0.56301,0.5472,0.5472,20429.41062315,1705478399999
1705478400000,0.54686,0.56133,0.54545,0.55673,26912.90795285,1705507199999
1705507200000,0.55282,0.55397,0.54501,0.54647,23677.41673333,1705535999999
1705536000000,0.55224,0.5523,0.54101,0.5523,5425.74597881,1705564799999
1705564800000,0.55016,0.55282,0.53855,0.54409,9248.32030897,1705593599999
1705593600000,0.54194,0.54194,0.51251,0.52434,35561.43273532,1705622399999
1705622400000,0.52007,0.52037,0.5079,0.51759,3225.10715309,1705651199999
1705651200000,0.51562,0.52205,0.50667,0.50667,14450.38012903,1705679999999
1705680000000,0.505,0.51664,0.48842,0.51647,38189.52035094,1705708799999
1705708800000,0.50839,0.51946,0.50839,0.51715,8310.81445998,1705737599999
1705737600000,0.51572,0.53131,0.50967,0.52297,65855.92688276,1705766399999
1705766400000,0.52512,0.53013,0.52208,0.52839,10316.41338726,1705795199999
1705795200000,0.52461,0.56105,0.52397,0.54798,179367.54665203,1705823999999
1705824000000,0.54628,0.55905,0.54111,0.55366,153093.61302837,1705852799999
1705852800000,0.55151,0.55172,0.5345,0.53837,75159.37200969,1705881599999
1705881600000,0.524,0.524,0.50824,0.51936,17525.82529466,1705910399999
1705910400000,0.51618,0.51763,0.49603,0.505,72047.51438045,1705939199999
1705939200000,0.50463,0.50783,0.48908,0.49267,96690.12315481,1705967999999
1705968000000,0.49474,0.49906,0.48592,0.48828,6942.63877667,1705996799999
1705996800000,0.48797,0.48797,0.44994,0.46731,62140.49594712,1706025599999
1706025600000,0.4665,0.4785,0.463,0.4785,147707.02381531,1706054399999
1706054400000,0.48124,0.48346,0.47237,0.481,4866.99171165,1706083199999
1706083200000,0.48198,0.48732,0.47331,0.48301,91826.15067543,1706111999999
1706112000000,0.48494,0.49187,0.47933,0.49187,18778.58605246,1706140799999
1706140800000,0.49072,0.50708,0.48908,0.50456,20293.49649827,1706169599999
1706169600000,0.505,0.52796,0.49507,0.49613,502548.36119607,1706198399999
1706198400000,0.49563,0.5016,0.48417,0.49677,34039.77469797,1706227199999
1706227200000,0.49175,0.53473,0.49151,0.53023,137403.40819008,1706255999999
1706256000000,0.53099,0.53632,0.52296,0.53632,80481.62192845,1706284799999
1706284800000,0.53383,0.54489,0.52957,0.53503,296447.88097238,1706313599999
1706313600000,0.53987,0.56303,0.53615,0.562,127561.28377924,1706342399999
1706342400000,0.56008,0.58587,0.55061,0.57732,428910.60456355,1706371199999
1706371200000,0.57856,0.59337,0.57105,0.58973,173428.24583037,1706399999999
1706400000000,0.59051,0.59368,0.56099,0.56245,37926.1856188,1706428799999
1706428800000,0.56365,0.58968,0.56198,0.5712,150291.29796194,1706457599999
1706457600000,0.57094,0.57796,0.56,0.5636,73386.94269651,1706486399999
1706486400000,0.5619,0.58816,0.56095,0.58816,83178.16783746,1706515199999
1706515200000,0.58819,0.65362,0.58293,0.6492,1206867.98302208,1706543999999
1706544000000,0.6492,0.66789,0.63764,0.64496,873589.87260467,1706572799999
1706572800000,0.64506,0.66717,0.61958,0.6324,202202.13527462,1706601599999
1706601600000,0.63107,0.64637,0.62025,0.63175,125128.92467528,1706630399999
1706630400000,0.62742,0.63382,0.6154,0.61641,60744.36832378,1706659199999
1706659200000,0.6106,0.63102,0.58923,0.60239,46860.27372727,1706687999999
1706688000000,0.6022,0.60647,0.5845,0.60499,218021.23821213,1706716799999
1706716800000,0.61001,0.63211,0.59388,0.60081,95823.76844849,1706745599999
1706745600000,0.60133,0.61921,0.576,0.58362,170668.12187838,1706774399999
1706774400000,0.58485,0.6,0.5811,0.59418,34212.54740833,1706803199999
1706803200000,0.59338,0.59797,0.58905,0.58905,20846.68625289,1706831999999
1706832000000,0.59496,0.62644,0.59496,0.62481,68380.95327439,1706860799999
1706860800000,0.62182,0.63006,0.61395,0.61922,105315.15558755,1706889599999
1706889600000,0.62031,0.62297,0.60471,0.60839,41140.04675463,1706918399999
1706918400000,0.60727,0.60927,0.59395,0.59475,14635.61193889,1706947199999
1706947200000,0.59769,0.59769,0.58877,0.5953,44256.59716848,1706975999999
1706976000000,0.59422,0.59928,0.58913,0.5913,40146.19541994,1707004799999
1707004800000,0.589,0.58975,0.57873,0.58449,8043.13227493,1707033599999
1707033600000,0.58382,0.59386,0.58077,0.59386,2620.07691352,1707062399999
1707062400000,0.59261,0.59261,0.57263,0.57297,69628.53956053,1707091199999
1707091200000,0.57551,0.58822,0.57529,0.58124,16468.06421513,1707119999999
1707120000000,0.58093,0.58756,0.57395,0.57441,17403.31859361,1707148799999
1707148800000,0.57458,0.57912,0.57296,0.57593,13370.31174892,1707177599999
1707177600000,0.57529,0.5988,0.57378,0.5988,21286.22031986,1707206399999
1707206400000,0.59654,0.6157,0.58868,0.60984,124721.1926793,1707235199999
1707235200000,0.6103,0.61813,0.60382,0.60632,140098.72495244,1707263999999
1707264000000,0.60207,0.6143,0.59609,0.601,62326.15039758,1707292799999
1707292800000,0.60266,0.624,0.60266,0.61339,28489.60066762,1707321599999
1707321600000,0.61414,0.62083,0.6114,0.61535,62064.58996956,1707350399999
1707350400000,0.61441,0.63254,0.61344,0.618,47845.51380944,1707379199999
1707379200000,0.61746,0.61915,0.6076,0.61778,31944.17376277,1707407999999
1707408000000,0.61858,0.61858,0.60448,0.60954,55909.38130883,1707436799999
1707436800000,0.60919,0.623,0.60919,0.61738,10334.85717881,1707465599999
1707465600000,0.618,0.62479,0.60044,0.61748,74583.34328198,1707494399999
1707494400000,0.61674,0.62544,0.61386,0.61533,58160.43198165,1707523199999
1707523200000,0.61589,0.61821,0.60882,0.61155,44862.69530974,1707551999999
1707552000000,0.61491,0.61542,0.58869,0.59885,159791.4349403,1707580799999
1707580800000,0.59917,0.60505,0.59722,0.59895,42857.8657822,1707609599999
1707609600000,0.59965,0.60576,0.59732,0.60198,10766.83226511,1707638399999
1707638400000,0.60389,0.61661,0.59766,0.60522,109558.66795499,1707667199999
1707667200000,0.60592,0.60592,0.5806,0.58873,21971.31251713,1707695999999
1707696000000,0.59314,0.59414,0.58037,0.58753,14234.98340267,1707724799999
1707724800000,0.58818,0.59781,0.58002,0.59781,24890.35423818,1707753599999
1707753600000,0.59734,0.61483,0.59424,0.61156,68025.12765342,1707782399999
1707782400000,0.61366,0.6312,0.60918,0.63047,64326.24160079,1707811199999
1707811200000,0.6296,0.63288,0.59876,0.6182,193816.97381654,1707839999999
1707840000000,0.6182,0.6344,0.61377,0.6332,83099.44354179,1707868799999
1707868800000,0.63317,0.63461,0.61551,0.61694,48386.6995735,1707897599999
1707897600000,0.6171,0.62672,0.60679,0.61436,235796.27060645,1707926399999
1707926400000,0.61164,0.61829,0.60802,0.61704,84832.06519099,1707955199999
1707955200000,0.61592,0.62105,0.60461,0.60873,86817.75764472,1707983999999
1707984000000,0.60778,0.628,0.60698,0.6107,160471.22106038,1708012799999
1708012800000,0.61431,0.61774,0.60151,0.60693,68860.45380766,1708041599999
1708041600000,0.618,0.62568,0.61016,0.61511,33486.26029751,1708070399999
1708070400000,0.6138,0.64122,0.60555,0.61508,149838.27858479,1708099199999
1708099200000,0.61636,0.63002,0.60716,0.63002,50112.40832242,1708127999999
1708128000000,0.6317,0.68561,0.62986,0.68561,410373.35683312,1708156799999
1708156800000,0.68526,0.70896,0.6441,0.6603,1028703.77997618,1708185599999
1708185600000,0.65749,0.6754,0.65295,0.67013,552540.08569032,1708214399999
1708214400000,0.66404,0.67769,0.64191,0.65101,94498.91452329,1708243199999
1708243200000,0.65049,0.67724,0.64605,0.66054,283447.42060297,1708271999999
1708272000000,0.65833,0.66678,0.65334,0.66532,84604.6672763,1708300799999
1708300800000,0.66677,0.6688,0.65,0.66204,34341.49242588,1708329599999
1708329600000,0.66084,0.69631,0.65377,0.67154,216386.81452701,1708358399999
1708358400000,0.6807,0.7116,0.66973,0.7116,341736.06957498,1708387199999
1708387200000,0.713,0.763,0.68278,0.69935,344731.85585215,1708415999999
1708416000000,0.69974,0.72546,0.61248,0.66047,407438.55623328,1708444799999
1708444800000,0.66047,0.68994,0.64271,0.68229,131750.04554108,1708473599999
1708473600000,0.6848,0.6848,0.64851,0.65172,31683.64439679,1708502399999
1708502400000,0.6546,0.65976,0.62743,0.63728,62314.09721631,1708531199999
1708531200000,0.63915,0.65593,0.62974,0.6551,27604.77986004,1708559999999
1708560000000,0.64434,0.64937,0.62418,0.64937,45559.86289967,1708588799999
1708588800000,0.64735,0.66519,0.63774,0.6591,125531.05275625,1708617599999
1708617600000,0.65693,0.6838,0.6469,0.65874,308856.93220175,1708646399999
1708646400000,0.65979,0.67529,0.64093,0.65936,39189.44550183,1708675199999
1708675200000,0.66114,0.6934,0.65205,0.65592,172978.57703519,1708703999999
1708704000000,0.65506,0.67745,0.64619,0.67178,76420.71705839,1708732799999
1708732800000,0.67205,0.6876,0.655,0.67997,48181.89893107,1708761599999
1708761600000,0.67994,0.69158,0.66591,0.66968,39319.42098825,1708790399999
1708790400000,0.66969,0.68195,0.66869,0.67494,39689.87940743,1708819199999
1708819200000,0.67096,0.6816,0.66668,0.67134,23341.52388194,1708847999999
1708848000000,0.67058,0.69025,0.66729,0.67543,46108.69582112,1708876799999
1708876800000,0.67751,0.68429,0.6665,0.67741,183160.37986748,1708905599999
1708905600000,0.67935,0.67935,0.65901,0.66156,132368.93839119,1708934399999
1708934400000,0.66046,0.66994,0.64032,0.66976,202893.05975358,1708963199999
1708963200000,0.67,0.6797,0.66631,0.67834,227649.36179129,1708991999999
1708992000000,0.67839,0.67889,0.65835,0.66133,68794.25859808,1709020799999
1709020800000,0.65988,0.67594,0.65988,0.66267,86789.51428572,1709049599999
1709049600000,0.66515,0.68728,0.65979,0.68583,67651.7297131,1709078399999
1709078400000,0.68632,0.73215,0.68632,0.6976,347120.56920198,1709107199999
1709107200000,0.69845,0.7186,0.68986,0.71143,240205.40236124,1709135999999
1709136000000,0.71102,0.72047,0.56855,0.68885,487496.23246187,1709164799999
1709164800000,0.68365,0.7078,0.67072,0.70613,279624.31640014,1709193599999
1709193600000,0.70769,0.72124,0.69131,0.71538,198343.04696797,1709222399999
1709222400000,0.71422,0.71573,0.67898,0.70216,252862.90603108,1709251199999
1709251200000,0.69876,0.73326,0.69712,0.71748,54676.47840868,1709279999999
1709280000000,0.71764,0.74908,0.71764,0.73348,192699.79814539,1709308799999
1709308800000,0.73233,0.75446,0.7272,0.75446,138360.41267433,1709337599999
1709337600000,0.74764,0.761,0.72142,0.74599,67388.61847825,1709366399999
1709366400000,0.74882,0.74882,0.72861,0.73447,45960.12821863,1709395199999
1709395200000,0.73432,0.77996,0.733,0.77996,52272.11475123,1709423999999
1709424000000,0.77909,0.77912,0.665,0.73208,103151.46716092,1709452799999
1709452800000,0.72147,0.76241,0.70997,0.7533,178069.06558854,1709481599999
1709481600000,0.75839,0.76246,0.74755,0.75647,13995.92458902,1709510399999
1709510400000,0.75171,0.75504,0.73476,0.74443,39659.92528634,1709539199999
1709539200000,0.74566,0.766,0.73,0.7469,200518.74286167,1709567999999
1709568000000,0.74516,0.74905,0.60864,0.73851,185719.49042115,1709596799999
1709596800000,0.74131,0.7414,0.70106,0.724,64635.09108498,1709625599999
1709625600000,0.72296,0.74821,0.71253,0.72433,32553.3581577,1709654399999
1709654400000,0.7274,0.7274,0.5581,0.67361,624347.68723241,1709683199999
1709683200000,0.67155,0.69596,0.64828,0.69596,12828.54504423,1709711999999
1709712000000,0.69854,0.70745,0.66455,0.67582,32707.06506722,1709740799999
1709740800000,0.67527,0.70718,0.67445,0.70683,17915.07346957,1709769599999
1709769600000,0.70833,0.72936,0.70098,0.71714,15714.24680447,1709798399999
1709798400000,0.72013,0.75137,0.71897,0.73159,62720.80313375,1709827199999
1709827200000,0.73615,0.75,0.72987,0.74677,47385.67281142,1709855999999
1709856000000,0.74375,0.86125,0.72698,0.82946,534101.01209793,1709884799999
1709884800000,0.82979,0.84121,0.682,0.74331,620370.61501675,1709913599999
1709913600000,0.7447,0.78441,0.72707,0.78167,264759.89944038,1709942399999
1709942400000,0.78506,0.83949,0.7831,0.80868,454162.23185506,1709971199999
1709971200000,0.81149,0.82283,0.7849,0.80689,131933.29043555,1709999999999
1710000000000,0.80622,0.80622,0.78813,0.79852,69857.70212633,1710028799999
1710028800000,0.79307,0.81389,0.78392,0.8121,22210.55394436,1710057599999
1710057600000,0.81457,0.81893,0.7557,0.76418,81787.81215257,1710086399999
1710086400000,0.76256,0.78914,0.76256,0.78279,46614.26437862,1710115199999
1710115200000,0.79359,0.82103,0.74756,0.80543,142698.10212115,1710143999999
1710144000000,0.80634,0.82595,0.80179,0.80694,94875.73939355,1710172799999
1710172800000,0.81276,0.82826,0.79938,0.82826,105643.43612967,1710201599999
1710201600000,0.8194,0.824,0.78512,0.79288,344105.04339494,1710230399999
1710230400000,0.79336,0.80095,0.7666,0.79708,44249.52713355,1710259199999
1710259200000,0.79526,0.80855,0.75,0.80855,48894.17187361,1710287999999
1710288000000,0.80452,0.82308,0.79536,0.81724,34723.4410654,1710316799999
1710316800000,0.81451,0.81526,0.78197,0.79361,36924.22325476,1710345599999
1710345600000,0.7957,0.81169,0.7957,0.80665,24111.01010313,1710374399999
1710374400000,0.81016,0.82014,0.78919,0.79522,31692.51028944,1710403199999
1710403200000,0.79797,0.79997,0.745,0.758,72383.95586768,1710431999999
1710432000000,0.75786,0.78307,0.73,0.78093,48577.58418115,1710460799999
1710460800000,0.77857,0.78418,0.6936,0.72125,738700.14506708,1710489599999
1710489600000,0.72118,0.72118,0.6602,0.70731,139775.5173242,1710518399999
1710518400000,0.70101,0.7321,0.69222,0.7209,57213.0377187,1710547199999
1710547200000,0.71752,0.72258,0.70121,0.71837,14439.01237751,1710575999999
1710576000000,0.71834,0.72219,0.67225,0.69406,55842.96263247,1710604799999
1710604800000,0.69018,0.69177,0.63767,0.65288,49281.76770823,1710633599999
1710633600000,0.65694,0.6573,0.60824,0.62571,25426.78892996,1710662399999
1710662400000,0.62691,0.67111,0.62541,0.66964,42480.96335666,1710691199999
1710691200000,0.66794,0.68729,0.66026,0.67448,33057.47245615,1710719999999
1710720000000,0.6652,0.67251,0.64708,0.6622,3356.16821593,1710748799999
1710748800000,0.6592,0.6592,0.62058,0.62888,19566.91778759,1710777599999
1710777600000,0.63214,0.63865,0.615,0.63255,40264.8607753,1710806399999
1710806400000,0.63314,0.6392,0.56245,0.5921,59673.87936275,1710835199999
1710835200000,0.58984,0.59748,0.56,0.59748,97399.74118245,1710863999999
1710864000000,0.6013,0.61175,0.56504,0.5787,59496.45697373,1710892799999
1710892800000,0.58219,0.61193,0.56327,0.60753,12484.26958065,1710921599999
1710921600000,0.60328,0.6335,0.6022,0.61783,135051.53578247,1710950399999
1710950400000,0.6204,0.65374,0.59417,0.65247,120805.225028,1710979199999
1710979200000,0.65326,0.67137,0.64277,0.65325,34826.86154601,1711007999999
1711008000000,0.6586,0.66918,0.658,0.65925,14159.34972799,1711036799999
1711036800000,0.66349,0.67245,0.64515,0.66078,17974.35893025,1711065599999
1711065600000,0.65908,0.67176,0.64089,0.66929,10605.20349331,1711094399999
1711094400000,0.66994,0.67254,0.6266,0.64931,31827.8178961,1711123199999
1711123200000,0.64453,0.65197,0.6329,0.64555,42198.69424335,1711151999999
1711152000000,0.64321,0.65804,0.6392,0.6531,3011.53652598,1711180799999
1711180800000,0.65476,0.66043,0.65045,0.65877,7314.83338214,1711209599999
1711209600000,0.6556,0.66055,0.6471,0.6471,8813.79028188,1711238399999
1711238400000,0.64791,0.65897,0.6443,0.64514,3092.00486449,1711267199999
1711267200000,0.6486,0.6616,0.6486,0.65807,10662.91183553,1711295999999
1711296000000,0.6601,0.67277,0.65084,0.66942,48379.30715331,1711324799999
1711324800000,0.66912,0.67728,0.66389,0.66389,12924.07999803,1711353599999
1711353600000,0.66933,0.69409,0.66709,0.69207,29108.19204551,1711382399999
1711382400000,0.69365,0.71733,0.69046,0.69911,125826.06317192,1711411199999
1711411200000,0.70477,0.7412,0.7017,0.73189,75303.5787142,1711439999999
1711440000000,0.73685,0.7551,0.72686,0.73641,70597.72702174,1711468799999
1711468800000,0.73893,0.74087,0.72223,0.73927,42633.97857557,1711497599999
1711497600000,0.73555,0.765,0.7204,0.72225,32097.34004921,1711526399999
1711526400000,0.7276,0.75388,0.71,0.72358,17082.72496244,1711555199999
1711555200000,0.72262,0.7282,0.71173,0.71843,26676.80315615,1711583999999
1711584000000,0.7276,0.75,0.71091,0.74977,4683.1458449,1711612799999
1711612800000,0.75111,0.78898,0.75043,0.78097,93814.78915163,1711641599999
1711641600000,0.78025,0.78248,0.7614,0.77143,33107.06780063,1711670399999
1711670400000,0.76594,0.76867,0.7394,0.7394,15087.35289673,1711699199999
1711699200000,0.7496,0.76631,0.74266,0.75009,16028.65289104,1711727999999
1711728000000,0.75127,0.76057,0.74204,0.75881,7596.9782103,1711756799999
1711756800000,0.75218,0.75736,0.7422,0.74743,9551.59139864,1711785599999
1711785600000,0.74224,0.74893,0.73748,0.73877,4953.27163166,1711814399999
1711814400000,0.74291,0.74317,0.72376,0.7294,12358.62986933,1711843199999
1711843200000,0.7267,0.7349,0.71823,0.73163,12888.58649962,1711871999999
1711872000000,0.72795,0.73371,0.7252,0.72625,9073.87287084,1711900799999
1711900800000,0.73155,0.7422,0.72968,0.73191,31624.04410014,1711929599999
1711929600000,0.73342,0.75234,0.70597,0.71981,56349.17994123,1711958399999
1711958400000,0.71765,0.71765,0.66967,0.67627,25141.31636363,1711987199999
1711987200000,0.67357,0.68929,0.66608,0.68492,32019.91630342,1712015999999
1712016000000,0.68508,0.68508,0.63463,0.64412,81204.81914794,1712044799999
1712044800000,0.64545,0.64731,0.61437,0.6299,24875.09991186,1712073599999
1712073600000,0.62801,0.63429,0.61767,0.62298,9808.92108248,1712102399999
1712102400000,0.6159,0.64403,0.59531,0.6368,11414.43309388,1712131199999
1712131200000,0.64268,0.64327,0.62544,0.626,8602.71059463,1712159999999
1712160000000,0.63024,0.6323,0.60874,0.6232,12665.23392324,1712188799999
1712188800000,0.62885,0.63394,0.6107,0.63394,3787.85168555,1712217599999
1712217600000,0.634,0.64525,0.63025,0.64379,5979.12015796,1712246399999
1712246400000,0.645,0.65793,0.63612,0.64435,6046.69740375,1712275199999
1712275200000,0.64095,0.6423,0.62375,0.62823,8774.04013495,1712303999999
1712304000000,0.63339,0.64345,0.6135,0.64086,15239.92783985,1712332799999
1712332800000,0.645,0.6517,0.63793,0.63793,10040.30567727,1712361599999
1712361600000,0.6405,0.64779,0.63858,0.64444,8521.75384521,1712390399999
1712390400000,0.64379,0.64538,0.63708,0.64318,2651.58208184,1712419199999
1712419200000,0.645,0.6514,0.64103,0.64787,5403.6247949,1712447999999
1712448000000,0.65205,0.65491,0.6509,0.65415,774.04355079,1712476799999
1712476800000,0.65785,0.66,0.65452,0.65495,8482.68113823,1712505599999
1712505600000,0.65684,0.66101,0.6514,0.65838,11463.64412514,1712534399999
1712534400000,0.65497,0.65992,0.6386,0.65841,6110.2467537,1712563199999
1712563200000,0.66079,0.68242,0.66052,0.68107,25686.32453531,1712591999999
1712592000000,0.68053,0.6849,0.67814,0.67814,25875.78490843,1712620799999
1712620800000,0.68276,0.6933,0.6711,0.6711,13366.38354245,1712649599999
1712649600000,0.6711,0.6846,0.65497,0.65854,56583.77831299,1712678399999
1712678400000,0.66029,0.66655,0.6514,0.6514,9461.21083381,1712707199999
1712707200000,0.64622,0.65057,0.62721,0.63965,4400.54548391,1712735999999
1712736000000,0.6323,0.63882,0.61538,0.6386,17423.96125023,1712764799999
1712764800000,0.63933,0.65298,0.63836,0.6514,6011.5646405,1712793599999
1712793600000,0.65431,0.65683,0.64694,0.65032,958.16798401,1712822399999
1712822400000,0.654,0.654,0.63621,0.64379,35165.00587955,1712851199999
1712851200000,0.64649,0.65498,0.6386,0.6472,18718.80414578,1712879999999
1712880000000,0.65321,0.66119,0.64923,0.65615,3062.20008925,1712908799999
1712908800000,0.65426,0.66753,0.6386,0.63967,18490.64624116,1712937599999
1712937600000,0.6386,0.6386,0.4768,0.56127,168129.65762239,1712966399999
1712966400000,0.55834,0.56271,0.53129,0.55516,14069.760456,1712995199999
1712995200000,0.55,0.55958,0.541,0.5446,52076.82394203,1713023999999
1713024000000,0.53989,0.54242,0.39418,0.4825,81758.9925091,1713052799999
1713052800000,0.46851,0.51083,0.45814,0.50669,7494.7241335,1713081599999
1713081600000,0.50423,0.5065,0.4786,0.49417,8509.10141918,1713110399999
1713110400000,0.498,0.51423,0.4786,0.51261,74429.50267248,1713139199999
1713139200000,0.50812,0.52618,0.496,0.52459,1939.4801833,1713167999999
1713168000000,0.52548,0.53058,0.503,0.51289,2178.49661757,1713196799999
1713196800000,0.5131,0.5131,0.47303,0.49656,9377.28276432,1713225599999
1713225600000,0.49252,0.49825,0.4698,0.49825,3227.80457712,1713254399999
1713254400000,0.49325,0.49646,0.4739,0.47832,7396.68842047,1713283199999
1713283200000,0.473,0.49982,0.46701,0.49367,6382.66576718,1713311999999
1713312000000,0.4931,0.50227,0.4882,0.49617,1952.83274819,1713340799999
1713340800000,0.49343,0.49343,0.4678,0.4678,5685.63310972,1713369599999
1713369600000,0.4739,0.4931,0.46542,0.4789,4872.12518711,1713398399999
1713398400000,0.4739,0.4834,0.46546,0.47006,1078.08689845,1713427199999
1713427200000,0.4692,0.503,0.4692,0.50001,43833.63323686,1713455999999
1713456000000,0.50101,0.5055,0.4882,0.50339,4965.97902559,1713484799999
1713484800000,0.498,0.50853,0.45977,0.5023,15493.32216806,1713513599999
1713513600000,0.50077,0.51359,0.49907,0.51035,1765.69577136,1713542399999
1713542400000,0.51132,0.51151,0.4931,0.498,3798.52082246,1713571199999
1713571200000,0.503,0.51563,0.498,0.51031,1448.25525568,1713599999999
1713600000000,0.508,0.523,0.49962,0.523,5332.76808474,1713628799999
1713628800000,0.5234,0.53827,0.5234,0.53575,10884.07298274,1713657599999
1713657600000,0.5286,0.5392,0.52809,0.53286,21396.79782751,1713686399999
1713686400000,0.53221,0.53352,0.52241,0.52383,3218.07781775,1713715199999
1713715200000,0.52273,0.52593,0.51643,0.51781,13564.6650472,1713743999999
1713744000000,0.5234,0.53926,0.52262,0.53063,5873.85838231,1713772799999
1713772800000,0.52898,0.5392,0.52843,0.53283,2637.29639278,1713801599999
1713801600000,0.53443,0.53955,0.5286,0.53955,4974.31876511,1713830399999
1713830400000,0.53873,0.53873,0.52739,0.52739,597.37646188,1713859199999
1713859200000,0.52772,0.5339,0.5268,0.53267,7423.09756943,1713887999999
1713888000000,0.53292,0.54458,0.53161,0.54363,15535.2740123,1713916799999
1713916800000,0.5446,0.56113,0.54094,0.55575,14489.02996981,1713945599999
1713945600000,0.55087,0.55709,0.52628,0.52852,16168.05086017,1713974399999
1713974400000,0.52573,0.52892,0.51251,0.51251,5563.96369165,1714003199999
1714003200000,0.51019,0.51527,0.4972,0.50402,1149.29683225,1714031999999
1714032000000,0.50285,0.50516,0.49213,0.50437,5471.69657999,1714060799999
1714060800000,0.50527,0.51631,0.50256,0.51142,6968.37915514,1714089599999
1714089600000,0.51031,0.51031,0.498,0.5021,497.461721,1714118399999
1714118400000,0.50678,0.5131,0.50286,0.50821,2390.18357519,1714147199999
1714147200000,0.50517,0.51602,0.50517,0.51602,4628.84929113,1714175999999
1714176000000,0.51146,0.5141,0.498,0.50897,2692.06028697,1714204799999
1714204800000,0.50794,0.5286,0.50794,0.51255,28719.13317723,1714233599999
1714233600000,0.51136,0.52404,0.5096,0.52057,7574.47929396,1714262399999
1714262400000,0.52163,0.52595,0.52025,0.52481,1621.52245947,1714291199999
1714291200000,0.52357,0.52846,0.51777,0.51891,1187.34956526,1714319999999
1714320000000,0.52108,0.5216,0.508,0.508,4036.29344764,1714348799999
1714348800000,0.50906,0.52661,0.49779,0.50566,5425.91892299,1714377599999
1714377600000,0.50561,0.50859,0.49727,0.50715,4698.47303851,1714406399999
1714406400000,0.508,0.51401,0.49996,0.51281,6393.52484998,1714435199999
1714435200000,0.51291,0.51641,0.50243,0.50243,4764.90117291,1714463999999
1714464000000,0.49361,0.49361,0.465,0.46918,20426.72530924,1714492799999
1714492800000,0.46371,0.47647,0.46,0.47269,11779.55105797,1714521599999
1714521600000,0.46373,0.46663,0.4442,0.4473,4314.37273396,1714550399999
1714550400000,0.44578,0.46499,0.43479,0.45188,11253.80194455,1714579199999
1714579200000,0.4539,0.47339,0.45001,0.46986,7010.09289189,1714607999999
1714608000000,0.47201,0.47201,0.46225,0.46225,1122.78410657,1714636799999
1714636800000,0.46444,0.49194,0.46293,0.49194,24227.12665407,1714665599999
1714665600000,0.48852,0.50272,0.48852,0.49027,84416.28432568,1714694399999
1714694400000,0.48875,0.49438,0.4819,0.48397,15934.37800637,1714723199999
1714723200000,0.48494,0.5,0.47882,0.49592,10994.47494649,1714751999999
1714752000000,0.49774,0.50762,0.49654,0.5038,9440.33977783,1714780799999
1714780800000,0.50126,0.50369,0.49659,0.49822,7822.12042996,1714809599999
1714809600000,0.49983,0.50641,0.49764,0.50097,3745.29666492,1714838399999
1714838400000,0.50131,0.50514,0.49874,0.50289,4917.66499335,1714867199999
1714867200000,0.50005,0.50005,0.4937,0.49973,2702.6374012,1714895999999
1714896000000,0.49714,0.50913,0.49533,0.50913,2861.99160257,1714924799999
1714924800000,0.50749,0.51042,0.50132,0.50488,5611.7337096,1714953599999
1714953600000,0.50467,0.5117,0.5,0.5117,250.397709,1714982399999
1714982400000,0.51238,0.51833,0.49524,0.4975,19374.32849708,1715011199999
1715011200000,0.50064,0.5021,0.49534,0.49995,21934.83741821,1715039999999
1715040000000,0.49811,0.50281,0.49266,0.49778,1494.38250939,1715068799999
1715068800000,0.50306,0.51141,0.50245,0.50824,10759.29887689,1715097599999
1715097600000,0.50597,0.50597,0.4915,0.49347,7333.82527365,1715126399999
1715126400000,0.48946,0.49009,0.48017,0.48349,4195.13055514,1715155199999
1715155200000,0.48661,0.49734,0.48358,0.49462,6939.20655722,1715183999999
1715184000000,0.49753,0.49946,0.4856,0.48603,514.04913073,1715212799999
1715212800000,0.49229,0.49229,0.48808,0.48958,627.31192755,1715241599999
1715241600000,0.48719,0.49326,0.47752,0.49233,6493.98513012,1715270399999
1715270400000,0.49132,0.50251,0.49102,0.50134,1135.48503313,1715299199999
1715299200000,0.50314,0.50833,0.50173,0.5082,2068.28078172,1715327999999
1715328000000,0.5098,0.51242,0.49,0.49059,25274.89618681,1715356799999
1715356800000,0.48993,0.49,0.4786,0.4803,11912.95344581,1715385599999
1715385600000,0.4851,0.4873,0.4851,0.48617,116.53472483,1715414399999
1715414400000,0.48329,0.48751,0.47893,0.48327,1682.35487042,1715443199999
1715443200000,0.48315,0.48443,0.47696,0.47894,792.40081028,1715471999999
1715472000000,0.4755,0.47732,0.47505,0.47599,220.03098316,1715500799999
1715500800000,0.47344,0.47817,0.47301,0.47743,1023.47967458,1715529599999
1715529600000,0.47201,0.47207,0.4661,0.46727,751.54011788,1715558399999
1715558400000,0.4708,0.4708,0.45283,0.46955,3776.94357652,1715587199999
1715587200000,0.4708,0.48247,0.4708,0.48247,4233.80430201,1715615999999
1715616000000,0.48003,0.48462,0.46956,0.47355,3166.26698709,1715644799999
1715644800000,0.4755,0.4803,0.4661,0.47689,333.13685725,1715673599999
1715673600000,0.47191,0.47296,0.45767,0.4661,10143.08012474,1715702399999
1715702400000,0.4615,0.46279,0.4569,0.4569,1158.65796297,1715731199999
1715731200000,0.4615,0.4615,0.45711,0.45849,1161.83552371,1715759999999
1715760000000,0.4569,0.47875,0.45164,0.47542,63262.74468444,1715788799999
1715788800000,0.47809,0.48378,0.46918,0.4797,24635.20811489,1715817599999
1715817600000,0.48086,0.49,0.48086,0.48907,8182.40744857,1715846399999
1715846400000,0.48731,0.49078,0.47382,0.4803,4800.81638201,1715875199999
1715875200000,0.48076,0.48746,0.4803,0.48252,3555.33156864,1715903999999
1715904000000,0.4851,0.502,0.48196,0.502,3472.36655684,1715932799999
1715932800000,0.50294,0.50295,0.4949,0.50295,1277.92270618,1715961599999
1715961600000,0.50266,0.505,0.49922,0.50276,10627.90613083,1715990399999
1715990400000,0.50282,0.5149,0.50282,0.50764,1482.13585383,1716019199999
1716019200000,0.50824,0.50987,0.49743,0.49743,7075.81854049,1716047999999
1716048000000,0.49658,0.49883,0.49658,0.49766,71.87641786,1716076799999
1716076800000,0.49796,0.49796,0.49158,0.49312,3466.54726258,1716105599999
1716105600000,0.49284,0.49284,0.4803,0.4803,8830.23116906,1716134399999
1716134400000,0.47962,0.47962,0.46858,0.46938,4329.02177724,1716163199999
1716163200000,0.4661,0.4851,0.46131,0.47339,63904.37857771,1716191999999
1716192000000,0.47406,0.4755,0.46762,0.4755,7028.83417897,1716220799999
1716220800000,0.47719,0.52029,0.47719,0.52001,119091.41224566,1716249599999
1716249600000,0.51873,0.53114,0.50735,0.52805,137864.41893536,1716278399999
1716278400000,0.52854,0.53326,0.52384,0.52384,50523.79728944,1716307199999
1716307200000,0.52321,0.53242,0.51969,0.5211,41833.00009187,1716335999999
1716336000000,0.52046,0.5252,0.51411,0.52049,3845.69454137,1716364799999
1716364800000,0.51862,0.5282,0.50783,0.52237,18372.54133038,1716393599999
1716393600000,0.51826,0.5252,0.51335,0.51622,25358.22647565,1716422399999
1716422400000,0.51767,0.52074,0.5149,0.52033,3777.26096514,1716451199999
1716451200000,0.52021,0.5252,0.4998,0.5048,20898.78574842,1716479999999
1716480000000,0.50101,0.51061,0.48246,0.50994,26806.41078473,1716508799999
1716508800000,0.51116,0.5252,0.5048,0.5098,4037.54185645,1716537599999
1716537600000,0.50776,0.5173,0.4998,0.51103,8674.77797548,1716566399999
1716566400000,0.5098,0.52496,0.50959,0.52357,13363.50747905,1716595199999
1716595200000,0.5252,0.5252,0.52241,0.52241,27.75454813,1716623999999
1716624000000,0.52175,0.52556,0.51749,0.52228,14998.47037776,1716652799999
1716652800000,0.52226,0.52226,0.51448,0.51829,8102.46580991,1716681599999
1716681600000,0.51999,0.52,0.51236,0.51297,173.73107419,1716710399999
1716710400000,0.5098,0.5149,0.50972,0.50973,6431.45765459,1716739199999
1716739200000,0.51017,0.51017,0.5029,0.50831,43655.90286405,1716767999999
1716768000000,0.50979,0.51067,0.4998,0.50116,7484.91836288,1716796799999
1716796800000,0.5048,0.52436,0.50402,0.52256,10380.81247132,1716825599999
1716825600000,0.5252,0.52868,0.51575,0.52359,10145.83771282,1716854399999
1716854400000,0.52,0.52,0.4998,0.50882,4217.61127141,1716883199999
1716883200000,0.50794,0.52222,0.50794,0.51194,3216.00396731,1716911999999
1716912000000,0.51838,0.53827,0.51838,0.5252,26702.39979043,1716940799999
1716940800000,0.52,0.5276,0.51985,0.51985,1067.22068283,1716969599999
1716969600000,0.51522,0.5252,0.51449,0.51449,8913.15352458,1716998399999
1716998400000,0.5098,0.5149,0.5046,0.50672,10051.3404989,1717027199999
1717027200000,0.5098,0.5098,0.48701,0.48701,12579.21333482,1717055999999
1717056000000,0.48788,0.50168,0.48788,0.50168,11216.04943516,1717084799999
1717084800000,0.49991,0.50523,0.4966,0.4966,2647.11052632,1717113599999
1717113600000,0.4949,0.4949,0.48712,0.49208,231.32970398,1717142399999
1717142400000,0.49279,0.49279,0.48422,0.48633,9778.82976719,1717171199999
1717171200000,0.481,0.49415,0.48051,0.49231,17334.12879307,1717199999999
1717200000000,0.48883,0.49105,0.48883,0.48962,14004.32463192,1717228799999
1717228800000,0.48908,0.49114,0.48765,0.49114,574.59868915,1717257599999
1717257600000,0.49107,0.49107,0.48837,0.4888,267.45536161,1717286399999
1717286400000,0.48809,0.4926,0.48422,0.48719,1251.86257271,1717315199999
1717315200000,0.48599,0.48849,0.48213,0.4873,6823.02242017,1717343999999
1717344000000,0.48263,0.48263,0.47397,0.47624,2657.71706638,1717372799999
1717372800000,0.47775,0.48832,0.47344,0.48665,10923.75387762,1717401599999
1717401600000,0.48665,0.48761,0.47928,0.48183,47896.69069747,1717430399999
1717430400000,0.48235,0.48323,0.47744,0.4802,431.27209452,1717459199999
1717459200000,0.47953,0.47953,0.47363,0.47394,4872.72633212,1717487999999
1717488000000,0.47792,0.48485,0.47448,0.48464,40910.59069783,1717516799999
1717516800000,0.485,0.48992,0.48331,0.48822,47400.49983625,1717545599999
1717545600000,0.49123,0.49367,0.48946,0.49101,1181.14717832,1717574399999
1717574400000,0.49173,0.49487,0.48769,0.49451,20049.51972692,1717603199999
1717603200000,0.49671,0.49917,0.49302,0.49337,3744.17910277,1717631999999
1717632000000,0.49146,0.49377,0.48903,0.48903,1020.83680788,1717660799999
1717660800000,0.49698,0.52074,0.49698,0.51914,25972.69469671,1717689599999
1717689600000,0.51668,0.52279,0.50336,0.52279,36306.5095814,1717718399999
1717718400000,0.51971,0.52095,0.51036,0.51036,15567.9434604,1717747199999
1717747200000,0.51293,0.52033,0.50612,0.51796,14369.11371097,1717775999999
1717776000000,0.51717,0.51717,0.43461,0.47233,146819.32212694,1717804799999
1717804800000,0.46657,0.47022,0.46163,0.46417,6571.89181341,1717833599999
1717833600000,0.4618,0.4618,0.4414,0.44361,17680.42629211,1717862399999
1717862400000,0.4402,0.44385,0.43204,0.43717,14329.88071098,1717891199999
1717891200000,0.43943,0.45,0.43789,0.45,17350.48202438,1717919999999
1717920000000,0.44661,0.44882,0.44446,0.4487,1476.78974714,1717948799999
1717948800000,0.44546,0.45801,0.44466,0.45801,13675.36088999,1717977599999
1717977600000,0.4549,0.4781,0.4549,0.45534,9321.0783985,1718006399999
1718006400000,0.45941,0.45965,0.44061,0.45006,18815.88998376,1718035199999
1718035200000,0.45195,0.45195,0.44236,0.44275,9929.47106996,1718063999999
1718064000000,0.44152,0.44152,0.42368,0.42695,18264.60317035,1718092799999
1718092800000,0.43197,0.43462,0.41091,0.41232,21330.10920051,1718121599999
1718121600000,0.41821,0.41964,0.41067,0.41789,5543.70646233,1718150399999
1718150400000,0.412,0.42312,0.40725,0.42312,6023.902364,1718179199999
1718179200000,0.42334,0.44345,0.4216,0.43889,16608.02919049,1718207999999
1718208000000,0.44316,0.44444,0.42749,0.43505,25403.42486518,1718236799999
1718236800000,0.42715,0.42715,0.42304,0.42304,13941.21965988,1718265599999
1718265600000,0.42671,0.42898,0.41868,0.41868,2556.19201754,1718294399999
1718294400000,0.42404,0.42415,0.41784,0.41784,5654.52769457,1718323199999
1718323200000,0.42193,0.4326,0.42193,0.43165,19900.9921339,1718351999999
1718352000000,0.43047,0.43799,0.42756,0.42791,14080.50235326,1718380799999
1718380800000,0.422,0.42486,0.40599,0.41178,7526.1264015,1718409599999
1718409600000,0.41277,0.41811,0.41277,0.41639,551.87388593,1718438399999
1718438400000,0.4151,0.41757,0.41232,0.4175,8211.90934561,1718467199999
1718467200000,0.41764,0.41764,0.41545,0.41691,5003.47314377,1718495999999
1718496000000,0.41125,0.4143,0.40537,0.4143,7622.2114817,1718524799999
1718524800000,0.41391,0.41703,0.41251,0.4136,15838.35425939,1718553599999
1718553600000,0.41608,0.41608,0.40988,0.41322,16036.01683274,1718582399999
1718582400000,0.404,0.404,0.36813,0.37144,12609.51055909,1718611199999
1718611200000,0.36887,0.36987,0.352,0.35203,26794.1276749,1718639999999
1718640000000,0.3524,0.36502,0.34054,0.35239,38919.76036003,1718668799999
1718668800000,0.34713,0.34713,0.30773,0.33501,103932.37268288,1718697599999
1718697600000,0.33431,0.33585,0.32529,0.32775,9316.71229457,1718726399999
1718726400000,0.32631,0.33664,0.32204,0.33592,8701.45203399,1718755199999
1718755200000,0.33415,0.35135,0.33415,0.34955,13044.63783949,1718783999999
1718784000000,0.35026,0.35286,0.34374,0.3487,6907.83616473,1718812799999
1718812800000,0.3544,0.3582,0.35251,0.35505,7576.831872,1718841599999
1718841600000,0.35543,0.36855,0.35543,0.36855,2525.28056154,1718870399999
1718870400000,0.3687,0.37259,0.35894,0.35894,13414.49724641,1718899199999
1718899200000,0.36042,0.3642,0.36042,0.36089,10521.4466944,1718927999999
1718928000000,0.36465,0.36683,0.36128,0.36683,6252.94440899,1718956799999
1718956800000,0.36268,0.36669,0.35519,0.3595,32257.60373639,1718985599999
1718985600000,0.36182,0.3635,0.35372,0.36051,17500.38572849,1719014399999
1719014400000,0.35992,0.3607,0.35503,0.35987,16845.31453283,1719043199999
1719043200000,0.35359,0.35741,0.35359,0.35741,2556.94489149,1719071999999
1719072000000,0.35781,0.36004,0.35255,0.35433,13008.71876439,1719100799999
1719100800000,0.3608,0.36188,0.36071,0.36071,5756.21269474,1719129599999
1719129600000,0.36336,0.36336,0.3527,0.35297,434.64842923,1719158399999
1719158400000,0.3505,0.3505,0.34448,0.34448,16669.47946615,1719187199999
1719187200000,0.34744,0.3481,0.3363,0.33865,4166.93100675,1719215999999
1719216000000,0.33613,0.34468,0.32584,0.34125,20187.97397969,1719244799999
1719244800000,0.34059,0.34973,0.33269,0.34973,28009.77645121,1719273599999
1719273600000,0.35364,0.35808,0.35313,0.35313,12512.00929521,1719302399999
1719302400000,0.35524,0.36507,0.35359,0.36507,10229.71943266,1719331199999
1719331200000,0.3636,0.3701,0.3636,0.3693,13935.74833691,1719359999999
1719360000000,0.36495,0.37036,0.3626,0.3659,7956.5361052,1719388799999
1719388800000,0.36672,0.36706,0.36244,0.36244,5315.09984894,1719417599999
1719417600000,0.36084,0.36313,0.35675,0.36118,5755.98303832,1719446399999
1719446400000,0.35455,0.3561,0.351,0.35275,7218.83980353,1719475199999
1719475200000,0.35716,0.36977,0.35716,0.36825,35495.17648878,1719503999999
1719504000000,0.3646,0.36799,0.3646,0.36799,2737.57682257,1719532799999
1719532800000,0.3707,0.3707,0.36332,0.36332,4172.31687041,1719561599999
1719561600000,0.3663,0.3724,0.3663,0.3691,6622.62687353,1719590399999
1719590400000,0.368,0.36838,0.35769,0.35769,32995.37100055,1719619199999
1719619200000,0.35827,0.36009,0.35658,0.3595,8293.62536212,1719647999999
1719648000000,0.35819,0.3582,0.35203,0.35309,14421.39533331,1719676799999
1719676800000,0.34889,0.34889,0.34328,0.34483,7149.27943698,1719705599999
1719705600000,0.34736,0.35201,0.34141,0.35111,4123.36332809,1719734399999
1719734400000,0.35208,0.35238,0.35014,0.35094,16010.37113289,1719763199999
1719763200000,0.34986,0.35926,0.3489,0.35926,28144.45643348,1719791999999
1719792000000,0.3608,0.36175,0.35236,0.35667,4162.16422158,1719820799999
1719820800000,0.3573,0.3573,0.34536,0.34711,9309.85905846,1719849599999
1719849600000,0.35407,0.35407,0.34877,0.34877,635.83014159,1719878399999
1719878400000,0.34922,0.34922,0.34869,0.34869,51.11259875,1719907199999
1719907200000,0.34915,0.35404,0.34822,0.34926,1472.36186384,1719935999999
1719936000000,0.34814,0.34814,0.34451,0.34451,84.36348893,1719964799999
1719964800000,0.34,0.34,0.34,0.34,73.52941176,1719993599999
1719993600000,0.34323,0.3434,0.33621,0.33841,1510.27060844,1720022399999
1720022400000,0.33869,0.33869,0.33158,0.33386,676.3272544,1720051199999
1720051200000,0.32684,0.32684,0.31671,0.31813,36993.44867618,1720079999999
1720080000000,0.31984,0.31984,0.3,0.30871,27700.11846866,1720108799999
1720108800000,0.30766,0.31106,0.2957,0.2957,13254.44545146,1720137599999
1720137600000,0.29473,0.29473,0.25784,0.274,337961.6096963,1720166399999
1720166400000,0.274,0.2935,0.26741,0.29181,8995.31566617,1720195199999
1720195200000,0.29977,0.30133,0.29707,0.2989,7116.67668285,1720223999999
1720224000000,0.297,0.30254,0.2953,0.30254,3865.53651951,1720252799999
1720252800000,0.29885,0.30799,0.29885,0.30799,640.36521825,1720281599999
1720281600000,0.31425,0.31513,0.3126,0.3147,2040.21566109,1720310399999
1720310400000,0.30846,0.30846,0.30678,0.30678,32.51597556,1720339199999
1720339200000,0.31122,0.31591,0.30839,0.30839,1321.98262845,1720367999999
1720368000000,0.3081,0.30902,0.30098,0.30098,6344.27712769,1720396799999
1720396800000,0.30203,0.30203,0.2988,0.2988,282.60660964,1720425599999
1720425600000,0.30656,0.3211,0.30327,0.31339,3771.46247106,1720454399999
1720454400000,0.30821,0.31356,0.30821,0.31149,107219.14376186,1720483199999
1720483200000,0.31456,0.31724,0.31456,0.3149,366.94047208,1720511999999
1720512000000,0.31889,0.3355,0.3161,0.3217,20002.59683353,1720540799999
1720540800000,0.32314,0.32314,0.31678,0.31678,118336.8668567,1720569599999
1720569600000,0.3229,0.3252,0.32011,0.32334,2543.76842954,1720598399999
1720598400000,0.32312,0.3232,0.3167,0.3232,8939.75559587,1720627199999
1720627200000,0.32337,0.3264,0.32311,0.32388,1389.33416931,1720655999999
1720656000000,0.3297,0.33,0.32673,0.32673,65.34150929,1720684799999
1720684800000,0.326,0.3363,0.32559,0.32976,3002.02737582,1720713599999
1720713600000,0.32984,0.337,0.32704,0.32797,44330.77417082,1720742399999
1720742400000,0.32593,0.32593,0.31914,0.32337,12359.56161036,1720771199999
1720771200000,0.32249,0.32323,0.3124,0.31867,29698.47945467,1720799999999
1720800000000,0.3228,0.32807,0.32183,0.32183,12952.28532391,1720828799999
1720828800000,0.32334,0.32688,0.32318,0.32684,246.08785006,1720857599999
1720857600000,0.32647,0.33946,0.32585,0.33936,25426.72946775,1720886399999
1720886400000,0.3397,0.36968,0.33495,0.36199,633605.87551311,1720915199999
1720915200000,0.35862,0.36458,0.347,0.34725,64197.02743982,1720943999999
1720944000000,0.34675,0.34974,0.34151,0.34911,105009.99669025,1720972799999
1720972800000,0.34845,0.35295,0.34588,0.35282,53673.63150524,1721001599999
1721001600000,0.35526,0.35739,0.35279,0.35626,12410.04528073,1721030399999
1721030400000,0.3545,0.3548,0.34978,0.35188,4423.08725806,1721059199999
1721059200000,0.35267,0.36636,0.35267,0.36636,34285.60553957,1721087999999
1721088000000,0.3678,0.3752,0.3561,0.35638,27791.60255301,1721116799999
1721116800000,0.35394,0.3715,0.3535,0.3715,2444.21549208,1721145599999
1721145600000,0.36824,0.37292,0.35964,0.3617,27394.03661381,1721174399999
1721174400000,0.3642,0.37532,0.3642,0.37274,6017.48538186,1721203199999
1721203200000,0.37203,0.3752,0.3678,0.3715,21882.4730615,1721231999999
1721232000000,0.36933,0.36933,0.35881,0.36467,24708.66686405,1721260799999
1721260800000,0.3678,0.3715,0.36771,0.36824,3893.68768258,1721289599999
1721289600000,0.3678,0.38657,0.3642,0.3642,40821.10265841,1721318399999
1721318400000,0.3606,0.36096,0.35,0.3606,19999.91690398,1721347199999
1721347200000,0.3642,0.3752,0.357,0.3606,4850.23097231,1721375999999
1721376000000,0.36068,0.37484,0.3594,0.37321,10164.08304791,1721404799999
1721404800000,0.37297,0.38783,0.37296,0.3823,5739.4622913,1721433599999
1721433600000,0.379,0.38441,0.379,0.38318,1082.29044796,1721462399999
1721462400000,0.38303,0.38303,0.3752,0.3828,2432.28606112,1721491199999
1721491200000,0.38374,0.3866,0.38136,0.3842,3577.16242142,1721519999999
1721520000000,0.3866,0.38756,0.379,0.38238,1465.08174031,1721548799999
1721548800000,0.38418,0.39208,0.37923,0.38531,10276.63899931,1721577599999
1721577600000,0.38368,0.39217,0.3715,0.39027,47705.73806805,1721606399999
1721606400000,0.39068,0.39068,0.3752,0.3752,6069.15814064,1721635199999
1721635200000,0.3756,0.379,0.37324,0.37545,12238.03979547,1721663999999
1721664000000,0.3715,0.3755,0.366,0.36824,29596.73780569,1721692799999
1721692800000,0.3715,0.3715,0.357,0.35999,8223.45882092,1721721599999
1721721600000,0.3606,0.37388,0.3606,0.3642,6128.96686041,1721750399999
1721750400000,0.3606,0.36241,0.3535,0.35873,3214.31020464,1721779199999
1721779200000,0.357,0.3642,0.35572,0.3642,3225.65579366,1721807999999
1721808000000,0.36444,0.36672,0.3622,0.36344,5725.75043275,1721836799999
1721836800000,0.3606,0.3642,0.3465,0.3465,5169.00247789,1721865599999
1721865600000,0.35,0.35,0.333,0.33483,12899.63743087,1721894399999
1721894400000,0.33464,0.33464,0.3264,0.33116,2230.26477826,1721923199999
1721923200000,0.32995,0.33465,0.32286,0.33465,15708.81402833,1721951999999
1721952000000,0.3363,0.35,0.3363,0.35,839.74856578,1721980799999
1721980800000,0.34927,0.34938,0.34522,0.34548,3987.37503322,1722009599999
1722009600000,0.347,0.35102,0.34626,0.35015,1534.08585835,1722038399999
1722038400000,0.34797,0.35408,0.34797,0.354,8224.24533718,1722067199999
1722067200000,0.35589,0.39798,0.35112,0.38857,320104.3173654,1722095999999
1722096000000,0.38964,0.4647,0.38821,0.44249,4644568.69433909,1722124799999
1722124800000,0.4429,0.44896,0.42415,0.44881,714320.4463934,1722153599999
1722153600000,0.44266,0.48663,0.42871,0.45869,2717118.36425027,1722182399999
1722182400000,0.4569,0.47088,0.43473,0.4494,1178370.05356093,1722211199999
1722211200000,0.44871,0.47359,0.44481,0.44577,273794.47130678,1722239999999
1722240000000,0.44491,0.44747,0.42256,0.42507,396345.02036263,1722268799999
1722268800000,0.42394,0.44794,0.41824,0.44794,129361.8608592,1722297599999
1722297600000,0.44868,0.46112,0.44372,0.44564,91874.14228714,1722326399999
1722326400000,0.44489,0.4516,0.42263,0.42324,86015.10150745,1722355199999
1722355200000,0.42395,0.42395,0.40376,0.41457,33427.62140504,1722383999999
1722384000000,0.4186,0.43825,0.41839,0.41839,23650.61577967,1722412799999
1722412800000,0.41904,0.42436,0.41539,0.41539,19439.74574791,1722441599999
1722441600000,0.42054,0.42064,0.40315,0.40494,14298.96735495,1722470399999
1722470400000,0.40477,0.41269,0.40191,0.40657,3950.84578066,1722499199999
1722499200000,0.40657,0.40796,0.3828,0.3828,38548.38199392,1722527999999
1722528000000,0.38072,0.38706,0.36416,0.38706,78310.42578097,1722556799999
1722556800000,0.3828,0.40431,0.38241,0.39702,74029.94472019,1722585599999
1722585600000,0.3983,0.3983,0.3642,0.37176,30352.6029715,1722614399999
1722614400000,0.37247,0.37297,0.357,0.35732,41652.58432973,1722643199999
1722643200000,0.35576,0.35576,0.34964,0.35458,5151.91405466,1722671999999
1722672000000,0.34981,0.35241,0.3363,0.3363,35059.00374864,1722700799999
1722700800000,0.334,0.33428,0.30885,0.31216,186965.31422831,1722729599999
1722729600000,0.31003,0.31329,0.30636,0.30845,87640.42133694,1722758399999
1722758400000,0.30858,0.31057,0.28854,0.28866,279504.7353455,1722787199999
1722787200000,0.28925,0.29578,0.28,0.28154,264593.40887414,1722815999999
1722816000000,0.28257,0.28413,0.23586,0.27484,327054.6395048,1722844799999
1722844800000,0.27608,0.37608,0.26956,0.34623,1692076.7580522,1722873599999
1722873600000,0.34927,0.38668,0.33473,0.36633,1881494.06469934,1722902399999
1722902400000,0.36732,0.38274,0.35519,0.37478,576693.98571281,1722931199999
1722931200000,0.37332,0.37442,0.35745,0.36591,339223.69734805,1722959999999
1722960000000,0.36519,0.37157,0.3606,0.36642,122158.51006352,1722988799999
1722988800000,0.36497,0.36505,0.35476,0.3605,69846.14373106,1723017599999
1723017600000,0.35785,0.36183,0.33147,0.35088,68535.02993353,1723046399999
1723046400000,0.35269,0.35551,0.33379,0.34167,34978.85424956,1723075199999
1723075200000,0.3363,0.3535,0.32718,0.34246,9377.62456808,1723103999999
1723104000000,0.3397,0.34677,0.3344,0.34487,58805.59300366,1723132799999
1723132800000,0.34652,0.3642,0.3431,0.3642,43810.31295747,1723161599999
1723161600000,0.3606,0.3635,0.34968,0.35105,7063.42134866,1723190399999
1723190400000,0.35163,0.35765,0.34573,0.35508,28682.48611439,1723219199999
1723219200000,0.35558,0.36013,0.34744,0.35191,10305.73031947,1723247999999
1723248000000,0.35588,0.357,0.34246,0.34748,3152.800981,1723276799999
1723276800000,0.34509,0.34894,0.34473,0.34778,20654.34874954,1723305599999
1723305600000,0.3431,0.35054,0.34236,0.34719,7119.16834723,1723334399999
1723334400000,0.34815,0.34815,0.3445,0.34683,5680.37734142,1723363199999
1723363200000,0.34532,0.35,0.32799,0.33098,27827.54003913,1723391999999
1723392000000,0.32958,0.33118,0.31491,0.31677,21304.35032115,1723420799999
1723420800000,0.3232,0.33402,0.32,0.3281,24902.30282954,1723449599999
1723449600000,0.33088,0.33366,0.31829,0.333,8180.12020089,1723478399999
1723478400000,0.33412,0.33412,0.32,0.32709,4074.74064871,1723507199999
1723507200000,0.32707,0.32707,0.31958,0.32091,1269.79059592,1723535999999
1723536000000,0.3176,0.32786,0.31679,0.32306,6498.21202035,1723564799999
1723564800000,0.3264,0.33146,0.32458,0.32586,4900.31163589,1723593599999
1723593600000,0.32354,0.32677,0.32158,0.32224,454.39630787,1723622399999
1723622400000,0.32117,0.32321,0.31158,0.31771,44298.4660857,1723651199999
1723651200000,0.31626,0.31887,0.31363,0.31887,36013.54479172,1723679999999
1723680000000,0.31904,0.3349,0.31667,0.3349,77820.06124354,1723708799999
1723708800000,0.33264,0.3465,0.32188,0.32954,455725.05010708,1723737599999
1723737600000,0.328,0.33318,0.31685,0.32405,102210.36840445,1723766399999
1723766400000,0.315,0.32642,0.315,0.32642,101055.21360794,1723795199999
1723795200000,0.33028,0.33145,0.31108,0.31391,263857.53257874,1723823999999
1723824000000,0.31658,0.32533,0.31457,0.32178,14950.58651173,1723852799999
1723852800000,0.3211,0.3211,0.31956,0.31956,675.98822755,1723881599999
1723881600000,0.31779,0.32352,0.31779,0.32062,1218.20241151,1723910399999
1723910400000,0.32233,0.32233,0.3188,0.32229,20982.46108701,1723939199999
1723939200000,0.32005,0.32005,0.31683,0.31793,810.95239005,1723967999999
1723968000000,0.31791,0.33389,0.3165,0.33127,82065.73282018,1723996799999
1723996800000,0.33239,0.3348,0.33092,0.33126,28248.15991264,1724025599999
1724025600000,0.32547,0.33159,0.32547,0.33159,943.8178502,1724054399999
1724054400000,0.33493,0.33717,0.31905,0.31905,9971.70990766,1724083199999
1724083200000,0.31786,0.3262,0.31786,0.32293,2148.42132702,1724111999999
1724112000000,0.32271,0.33053,0.32271,0.32838,14717.11068641,1724140799999
1724140800000,0.32779,0.33001,0.315,0.31951,14292.56438717,1724169599999
1724169600000,0.32079,0.32469,0.31849,0.32368,7678.7455415,1724198399999
1724198400000,0.32622,0.357,0.32622,0.33389,139003.30686372,1724227199999
1724227200000,0.33355,0.34767,0.33301,0.33849,119970.47760705,1724255999999
1724256000000,0.33723,0.3501,0.33656,0.34693,51060.49742534,1724284799999
1724284800000,0.34464,0.39895,0.34219,0.382,551748.81332921,1724313599999
1724313600000,0.38003,0.386,0.36539,0.37113,577106.99747018,1724342399999
1724342400000,0.36996,0.37978,0.36996,0.37342,46906.67108143,1724371199999
1724371200000,0.37878,0.37878,0.3681,0.37692,10482.74035843,1724399999999
1724400000000,0.37642,0.38142,0.37446,0.38142,27452.94200698,1724428799999
1724428800000,0.38197,0.39345,0.38086,0.38761,30325.0848918,1724457599999
1724457600000,0.38133,0.38133,0.37609,0.37919,9757.18788987,1724486399999
1724486400000,0.37665,0.38521,0.37665,0.38221,5018.31332838,1724515199999
1724515200000,0.38624,0.39061,0.37472,0.38065,24908.85076656,1724543999999
1724544000000,0.37491,0.37528,0.36205,0.36205,4192.63039676,1724572799999
1724572800000,0.36343,0.37328,0.36305,0.3723,18727.36291325,1724601599999
1724601600000,0.37291,0.37711,0.3695,0.37505,6542.50610678,1724630399999
1724630400000,0.36568,0.37191,0.36397,0.36823,2480.48996629,1724659199999
1724659200000,0.36847,0.374,0.36283,0.36731,2070.90548143,1724687999999
1724688000000,0.36586,0.36617,0.35677,0.36126,2776.9409479,1724716799999
1724716800000,0.35979,0.3645,0.35979,0.3645,28878.34026911,1724745599999
1724745600000,0.35749,0.35983,0.35219,0.35556,5700.0872898,1724774399999
1724774400000,0.35677,0.35737,0.32825,0.33182,395051.97769526,1724803199999
1724803200000,0.33077,0.33168,0.32817,0.32936,13398.17140154,1724831999999
1724832000000,0.3285,0.34109,0.3285,0.33733,6954.75100855,1724860799999
1724860800000,0.323,0.33134,0.32233,0.32628,101114.53976118,1724889599999
1724889600000,0.3283,0.33712,0.3283,0.33712,712.58025391,1724918399999
1724918400000,0.33679,0.34391,0.33447,0.34391,18511.9029809,1724947199999
1724947200000,0.343,0.34315,0.33139,0.33139,5169.92584309,1724975999999
1724976000000,0.33093,0.33141,0.32979,0.32979,767.64408962,1725004799999
1725004800000,0.33292,0.33672,0.3217,0.3217,5711.10386562,1725033599999
1725033600000,0.31775,0.33198,0.31775,0.33111,772.3332495,1725062399999
1725062400000,0.33325,0.33325,0.33325,0.33325,21.05789606,1725091199999
1725091200000,0.32907,0.32929,0.32518,0.32696,298.07087194,1725119999999
1725120000000,0.3229,0.32482,0.32192,0.32431,2651.7070837,1725148799999
1725148800000,0.32501,0.32501,0.31958,0.31958,1002.74917801,1725177599999
1725177600000,0.32392,0.32401,0.315,0.32178,3124.72753334,1725206399999
1725206400000,0.32119,0.32164,0.30584,0.30712,8170.98155854,1725235199999
1725235200000,0.30951,0.30951,0.30331,0.30331,701.45787602,1725263999999
1725264000000,0.30223,0.31734,0.30223,0.31734,11326.40810392,1725292799999
1725292800000,0.31403,0.32438,0.31403,0.32241,406.67732674,1725321599999
1725321600000,0.32433,0.32827,0.32329,0.324,4532.42269158,1725350399999
1725350400000,0.324,0.324,0.30589,0.30589,2217.10717122,1725379199999
1725379200000,0.30645,0.30956,0.30612,0.30859,10089.03695109,1725407999999
1725408000000,0.3,0.30616,0.29286,0.30616,3342.44414352,1725436799999
1725436800000,0.30504,0.30807,0.30012,0.30682,10361.64033554,1725465599999
1725465600000,0.31302,0.31302,0.30701,0.30826,216.90804331,1725494399999
1725494400000,0.3064,0.30686,0.30492,0.30667,5278.26212642,1725523199999
1725523200000,0.30515,0.30584,0.2983,0.2983,3224.16292883,1725551999999
1725552000000,0.29771,0.29771,0.29268,0.2951,3734.54709095,1725580799999
1725580800000,0.30069,0.30224,0.30047,0.30047,3506.65518373,1725609599999
1725609600000,0.30001,0.3086,0.29817,0.29817,9000.96807615,1725638399999
1725638400000,0.29986,0.29986,0.28,0.29156,30417.43638552,1725667199999
1725667200000,0.29425,0.2991,0.29425,0.2991,506.36136484,1725695999999
1725696000000,0.30104,0.30333,0.29876,0.30333,6347.88831423,1725724799999
1725724800000,0.3,0.3,0.29756,0.29756,139.75481351,1725753599999
1725753600000,0.30431,0.30601,0.30431,0.30601,640.16860104,1725782399999
1725782400000,0.30673,0.30673,0.2998,0.2998,2168.398237,1725811199999
1725811200000,0.30268,0.30947,0.3015,0.30546,7428.89920981,1725839999999
1725840000000,0.30511,0.315,0.30279,0.31279,14263.80695151,1725868799999
1725868800000,0.31642,0.31811,0.3122,0.317,12177.74092325,1725897599999
1725897600000,0.31702,0.32507,0.31702,0.32366,7638.43110052,1725926399999
1725926400000,0.31996,0.32102,0.31871,0.32102,910.73102393,1725955199999
1725955200000,0.32231,0.32588,0.32053,0.32351,1425.56671637,1725983999999
1725984000000,0.32381,0.33123,0.32381,0.32382,5641.47278302,1726012799999
1726012800000,0.32194,0.32288,0.31132,0.31638,31533.50876716,1726041599999
1726041600000,0.31603,0.3198,0.31342,0.3198,19586.12958629,1726070399999
1726070400000,0.32159,0.32276,0.32057,0.32156,1536.61971764,1726099199999
1726099200000,0.3248,0.32533,0.3248,0.32533,154.29804022,1726127999999
1726128000000,0.32601,0.32703,0.32231,0.32355,12665.83088092,1726156799999
1726156800000,0.32356,0.32809,0.32356,0.32809,1973.00648287,1726185599999
1726185600000,0.32841,0.32841,0.32248,0.32428,8019.67725598,1726214399999
1726214400000,0.32682,0.33097,0.3233,0.33097,2532.69922414,1726243199999
1726243200000,0.33245,0.33518,0.33124,0.33504,1176.77197107,1726271999999
1726272000000,0.33404,0.33404,0.33,0.33008,242.39137814,1726300799999
1726300800000,0.33007,0.33048,0.32675,0.32792,488.72214793,1726329599999
1726329600000,0.32779,0.32779,0.32615,0.32619,2512.12862244,1726358399999
1726358400000,0.3262,0.3262,0.32279,0.3235,6630.61764238,1726387199999
1726387200000,0.32148,0.32551,0.32138,0.32551,3020.15761384,1726415999999
1726416000000,0.32388,0.35687,0.32227,0.34023,227111.4292238,1726444799999
1726444800000,0.33874,0.36777,0.33163,0.3545,801474.49607651,1726473599999
1726473600000,0.35369,0.35369,0.32969,0.3345,277403.53602469,1726502399999
1726502400000,0.33219,0.34439,0.32502,0.32965,309972.04696886,1726531199999
1726531200000,0.32901,0.33659,0.32689,0.32982,113136.78258442,1726559999999
1726560000000,0.3305,0.34149,0.32821,0.34149,56526.06046185,1726588799999
1726588800000,0.33578,0.34033,0.3342,0.3342,2192.05620719,1726617599999
1726617600000,0.33689,0.33689,0.32977,0.33179,15017.3393512,1726646399999
1726646400000,0.32687,0.32687,0.31569,0.31569,18601.85631225,1726675199999
1726675200000,0.31458,0.332,0.31458,0.32955,34163.29646216,1726703999999
1726704000000,0.341,0.35635,0.341,0.35447,13372.6024201,1726732799999
1726732800000,0.35562,0.37316,0.35071,0.35669,218819.99019371,1726761599999
1726761600000,0.35742,0.36907,0.35742,0.36037,125331.3540361,1726790399999
1726790400000,0.35856,0.3671,0.35547,0.36615,2532.95015605,1726819199999
1726819200000,0.36834,0.36912,0.36132,0.36132,18097.47812654,1726847999999
1726848000000,0.3573,0.36225,0.3573,0.36208,4397.75370845,1726876799999
1726876800000,0.36857,0.37952,0.36391,0.37078,8007.41961201,1726905599999
1726905600000,0.37283,0.38614,0.37032,0.37632,21183.16239457,1726934399999
1726934400000,0.3785,0.39015,0.37829,0.38608,20686.41833219,1726963199999
1726963200000,0.37425,0.37425,0.36799,0.37098,889.75631846,1726991999999
1726992000000,0.37171,0.37171,0.36035,0.36405,35548.22809081,1727020799999
1727020800000,0.36323,0.36689,0.35632,0.36537,9612.42615287,1727049599999
1727049600000,0.36699,0.37099,0.36417,0.36461,7968.1818778,1727078399999
1727078400000,0.36395,0.37298,0.36241,0.37289,5670.94838081,1727107199999
1727107200000,0.37067,0.37304,0.36632,0.37004,21956.04795093,1727135999999
1727136000000,0.37357,0.3767,0.36875,0.3767,2384.2347923,1727164799999
1727164800000,0.377,0.38041,0.36982,0.37103,4880.7031452,1727193599999
1727193600000,0.37396,0.38144,0.37396,0.38144,1618.4145667,1727222399999
1727222400000,0.38344,0.39321,0.37902,0.38182,3941.66526244,1727251199999
1727251200000,0.38152,0.39591,0.38152,0.39095,24762.82802184,1727279999999
1727280000000,0.39281,0.398,0.388,0.388,4844.06976582,1727308799999
1727308800000,0.38727,0.39409,0.38563,0.39409,4425.96029201,1727337599999
1727337600000,0.39484,0.39595,0.39073,0.39595,3519.03650876,1727366399999
1727366400000,0.39907,0.40053,0.39571,0.39625,5412.28654598,1727395199999
1727395200000,0.39925,0.40266,0.39923,0.40136,8552.80441556,1727423999999
1727424000000,0.40303,0.40443,0.39419,0.4,73145.34432884,1727452799999
1727452800000,0.39937,0.4,0.394,0.39943,160873.11758426,1727481599999
1727481600000,0.4,0.40238,0.38834,0.38957,317098.55256938,1727510399999
1727510400000,0.38503,0.38797,0.38363,0.38745,15093.6898265,1727539199999
1727539200000,0.386,0.39086,0.38504,0.38824,9228.87998764,1727567999999
1727568000000,0.38137,0.38209,0.38,0.38,1327.41555549,1727596799999
1727596800000,0.37925,0.3828,0.375,0.38039,7019.77542139,1727625599999
1727625600000,0.3845,0.39126,0.38261,0.38808,9438.53062417,1727654399999
1727654400000,0.38048,0.38116,0.37283,0.38,15146.20152885,1727683199999
1727683200000,0.37739,0.37739,0.367,0.367,39896.07710644,1727711999999
1727712000000,0.367,0.3738,0.36691,0.36691,457367.97535897,1727740799999
1727740800000,0.37141,0.38183,0.37141,0.38128,1370.13641379,1727769599999
1727769600000,0.38039,0.39057,0.35525,0.36259,29245.11137166,1727798399999
1727798400000,0.3602,0.3602,0.33679,0.34127,22879.07490844,1727827199999
1727827200000,0.34163,0.35141,0.34163,0.35141,1046.58983625,1727855999999
1727856000000,0.34944,0.34944,0.33902,0.34334,14814.37166589,1727884799999
1727884800000,0.34816,0.35249,0.33233,0.33767,85169.10314361,1727913599999
1727913600000,0.34107,0.34345,0.34106,0.34106,481.54198996,1727942399999
1727942400000,0.332,0.33617,0.32376,0.32698,16285.67665285,1727971199999
1727971200000,0.32639,0.33196,0.32486,0.33196,414.934049,1727999999999
1728000000000,0.33462,0.34477,0.33462,0.34197,23129.56072913,1728028799999
1728028800000,0.34682,0.34682,0.34055,0.34055,1119.5812,1728057599999
1728057600000,0.35138,0.35138,0.34927,0.34927,1043.70105234,1728086399999
1728086400000,0.35723,0.35944,0.35574,0.35675,168.24538516,1728115199999
1728115200000,0.36197,0.36279,0.35484,0.35484,7301.65342473,1728143999999
1728144000000,0.3499,0.35194,0.348,0.348,197.08333496,1728172799999
1728172800000,0.34942,0.35626,0.34942,0.35195,610.55888266,1728201599999
1728201600000,0.35771,0.35928,0.35771,0.35928,114.7068297,1728230399999
1728230400000,0.36115,0.36115,0.35777,0.36096,6597.66408537,1728259199999
1728259200000,0.36519,0.36638,0.3648,0.3648,1535.59631809,1728287999999
1728288000000,0.36518,0.36524,0.35448,0.35638,4676.12037355,1728316799999
1728316800000,0.35928,0.36177,0.34995,0.34995,6846.77135339,1728345599999
1728345600000,0.3511,0.3511,0.34597,0.34822,2986.0854887,1728374399999
1728374400000,0.3468,0.35806,0.34597,0.34597,3968.56218024,1728403199999
1728403200000,0.34516,0.36168,0.34516,0.3575,14861.33588802,1728431999999
1728432000000,0.3637,0.38357,0.35948,0.37954,53707.6866366,1728460799999
1728460800000,0.38312,0.38312,0.3663,0.37205,57716.61444842,1728489599999
1728489600000,0.36577,0.36583,0.35413,0.35413,26789.22212936,1728518399999
1728518400000,0.37575,0.385,0.37151,0.37513,62834.7671073,1728547199999
1728547200000,0.37507,0.37507,0.36465,0.36965,19041.91641558,1728575999999
1728576000000,0.37287,0.3817,0.36927,0.37861,71371.63787614,1728604799999
1728604800000,0.38409,0.3917,0.375,0.37757,533245.16367495,1728633599999
1728633600000,0.3761,0.38129,0.37503,0.38129,33146.77908238,1728662399999
1728662400000,0.38089,0.395,0.38066,0.395,7711.62590299,1728691199999
1728691200000,0.39186,0.41,0.39186,0.40988,37808.49924243,1728719999999
1728720000000,0.40952,0.41233,0.40141,0.40781,82757.63834204,1728748799999
1728748800000,0.40658,0.40978,0.40392,0.40906,13508.45128712,1728777599999
1728777600000,0.40062,0.4153,0.40028,0.41144,5801.42881419,1728806399999
1728806400000,0.41105,0.41749,0.409,0.409,21317.11055862,1728835199999
1728835200000,0.41226,0.43301,0.41196,0.42323,50459.80830478,1728863999999
1728864000000,0.41995,0.422,0.41013,0.41708,34846.18839267,1728892799999
1728892800000,0.41501,0.43212,0.41332,0.43031,80741.25805174,1728921599999
1728921600000,0.4373,0.44142,0.43343,0.43349,64909.13798735,1728950399999
1728950400000,0.428,0.46274,0.42746,0.44542,177985.96201006,1728979199999
1728979200000,0.44566,0.50261,0.44071,0.4927,1446271.79091064,1729007999999
1729008000000,0.49324,0.57073,0.48636,0.55608,1883932.13776938,1729036799999
1729036800000,0.55722,0.58583,0.53961,0.57281,835214.13254646,1729065599999
1729065600000,0.57344,0.57344,0.53348,0.5404,950754.11602789,1729094399999
1729094400000,0.54018,0.55235,0.53541,0.5514,411952.43009155,1729123199999
1729123200000,0.55559,0.57769,0.5083,0.52108,264229.83797781,1729151999999
1729152000000,0.52086,0.53003,0.50868,0.5142,133333.93023279,1729180799999
1729180800000,0.52119,0.58,0.51998,0.5732,86795.78557498,1729209599999
1729209600000,0.5475,0.58093,0.5459,0.57086,129845.20968691,1729238399999
1729238400000,0.56714,0.61297,0.56585,0.58615,1051727.4931996,1729267199999
1729267200000,0.58377,0.59776,0.576,0.58191,242769.79284148,1729295999999
1729296000000,0.57852,0.70699,0.57822,0.60961,1499059.90045838,1729324799999
1729324800000,0.61934,0.62228,0.54309,0.55853,1014715.66776858,1729353599999
1729353600000,0.55637,0.55637,0.53872,0.54488,319541.07833397,1729382399999
1729382400000,0.54008,0.54872,0.50329,0.51394,400317.82232083,1729411199999
1729411200000,0.51305,0.51769,0.49515,0.502,375217.03709829,1729439999999
1729440000000,0.50133,0.5085,0.49808,0.50334,227795.64931629,1729468799999
1729468800000,0.501,0.5082,0.49097,0.49323,142498.25384666,1729497599999
1729497600000,0.4932,0.49541,0.47913,0.48188,638425.25446297,1729526399999
1729526400000,0.48232,0.48232,0.47418,0.47456,145670.39208661,1729555199999
1729555200000,0.47487,0.49239,0.467,0.47825,71902.07966021,1729583999999
1729584000000,0.47883,0.48892,0.4725,0.4856,72505.12451518,1729612799999
1729612800000,0.4934,0.50055,0.4817,0.48767,395140.84712437,1729641599999
1729641600000,0.4937,0.4937,0.46764,0.46845,68139.44587785,1729670399999
1729670400000,0.47075,0.47628,0.45,0.4509,79923.5343897,1729699199999
1729699200000,0.451,0.45173,0.44228,0.45152,60686.69848189,1729727999999
1729728000000,0.45268,0.4528,0.44191,0.44357,18229.06885593,1729756799999
1729756800000,0.44221,0.46264,0.44,0.45848,110576.12364762,1729785599999
1729785600000,0.46042,0.46086,0.44983,0.45381,104535.72066086,1729814399999
1729814400000,0.44368,0.44558,0.43074,0.43284,32937.67364967,1729843199999
1729843200000,0.43,0.44358,0.43,0.43879,43967.62005349,1729871999999
1729872000000,0.4328,0.43854,0.38853,0.40429,269337.94851155,1729900799999
1729900800000,0.3984,0.41362,0.39432,0.40965,24317.08472079,1729929599999
1729929600000,0.40992,0.4139,0.3975,0.39996,80354.01955476,1729958399999
1729958400000,0.40177,0.41259,0.40098,0.40566,134102.57016442,1729987199999
1729987200000,0.40606,0.40873,0.40606,0.40858,1860.16690249,1730015999999
1730016000000,0.40937,0.428,0.40937,0.41389,314081.38268396,1730044799999
1730044800000,0.4165,0.41918,0.41196,0.41732,4194.34374881,1730073599999
1730073600000,0.42284,0.44276,0.42187,0.43561,346122.45704403,1730102399999
1730102400000,0.43208,0.44518,0.42432,0.43313,210598.03393273,1730131199999
1730131200000,0.4309,0.43993,0.42775,0.43159,66966.58834044,1730159999999
1730160000000,0.434,0.43633,0.4269,0.42775,119006.30138415,1730188799999
1730188800000,0.429,0.45,0.42862,0.44532,48873.52936951,1730217599999
1730217600000,0.44612,0.45383,0.437,0.44129,57559.9889221,1730246399999
1730246400000,0.43512,0.44133,0.43336,0.43837,7639.31080502,1730275199999
1730275200000,0.4357,0.4379,0.42952,0.43582,28601.04572662,1730303999999
1730304000000,0.43329,0.43724,0.4329,0.4353,74813.78202326,1730332799999
1730332800000,0.42983,0.42983,0.42215,0.42255,6331.43278067,1730361599999
1730361600000,0.42167,0.42167,0.40996,0.40996,6083.71941047,1730390399999
1730390400000,0.41107,0.41107,0.403,0.40652,262516.72755211,1730419199999
1730419200000,0.40954,0.40954,0.39907,0.40209,193757.73836301,1730447999999
1730448000000,0.40158,0.41483,0.40129,0.41172,16398.15404684,1730476799999
1730476800000,0.40648,0.40997,0.39822,0.40519,10798.4072519,1730505599999
1730505600000,0.41626,0.42535,0.41626,0.41656,9992.83697305,1730534399999
1730534400000,0.41489,0.41594,0.40042,0.40047,44955.29003394,1730563199999
1730563200000,0.401,0.40114,0.39573,0.39934,2727.62214898,1730591999999
1730592000000,0.4008,0.4008,0.38497,0.38923,10238.01425761,1730620799999
1730620800000,0.39008,0.39104,0.37102,0.37434,32974.03998262,1730649599999
1730649600000,0.37684,0.38948,0.37684,0.38948,99705.92491817,1730678399999
1730678400000,0.38379,0.38702,0.37865,0.37865,2446.54382637,1730707199999
1730707200000,0.37918,0.3874,0.37908,0.3874,33120.43654055,1730735999999
1730736000000,0.37989,0.37989,0.36629,0.3738,36796.52104586,1730764799999
1730764800000,0.37619,0.38237,0.37619,0.38138,2631.65604749,1730793599999
1730793600000,0.382,0.39442,0.382,0.39264,8971.03030963,1730822399999
1730822400000,0.39447,0.39561,0.39125,0.39209,18578.77925369,1730851199999
1730851200000,0.40028,0.42612,0.40028,0.4198,556432.99228664,1730879999999
1730880000000,0.41993,0.42483,0.40848,0.42019,136265.32442413,1730908799999
1730908800000,0.41978,0.43382,0.41821,0.43254,40454.11625411,1730937599999
1730937600000,0.43254,0.44354,0.42061,0.42643,60309.93351636,1730966399999
1730966400000,0.42671,0.42745,0.41789,0.42694,29417.96454214,1730995199999
1730995200000,0.4293,0.43238,0.42573,0.42661,50590.08615555,1731023999999
1731024000000,0.4316,0.433,0.42133,0.42133,8436.97872618,1731052799999
1731052800000,0.42233,0.43214,0.421,0.4282,32920.48036656,1731081599999
1731081600000,0.42874,0.43295,0.42017,0.43235,11073.30565043,1731110399999
1731110400000,0.43225,0.43271,0.4235,0.43271,18932.81910596,1731139199999
1731139200000,0.43627,0.44029,0.42955,0.43417,175469.32036626,1731167999999
1731168000000,0.43497,0.4508,0.43083,0.4508,106498.61794927,1731196799999
1731196800000,0.44665,0.46022,0.44315,0.45603,48670.73322338,1731225599999
1731225600000,0.45777,0.46856,0.45487,0.4637,101810.21408797,1731254399999
1731254400000,0.46374,0.47082,0.42389,0.45467,237917.18111652,1731283199999
1731283200000,0.45624,0.4713,0.43925,0.44984,59759.74244316,1731311999999
1731312000000,0.44945,0.46868,0.44752,0.4599,90108.28515651,1731340799999
1731340800000,0.46217,0.47702,0.45772,0.47502,283683.68436485,1731369599999
1731369600000,0.47448,0.48496,0.45972,0.48376,92907.13282674,1731398399999
1731398400000,0.48399,0.4877,0.42161,0.44191,1008852.12011535,1731427199999
1731427200000,0.43457,0.47613,0.43457,0.46773,25990.65256235,1731455999999
1731456000000,0.46842,0.47861,0.42394,0.44051,49694.97031295,1731484799999
1731484800000,0.43707,0.45775,0.43133,0.45665,37401.03615375,1731513599999
1731513600000,0.45909,0.46353,0.43176,0.45073,130839.19656671,1731542399999
1731542400000,0.45846,0.46081,0.43688,0.4487,18532.47929953,1731571199999
1731571200000,0.45641,0.45681,0.42184,0.42545,84774.07165701,1731599999999
1731600000000,0.42133,0.43537,0.4187,0.42014,20251.70238221,1731628799999
1731628800000,0.42156,0.42757,0.4081,0.41859,115925.75213682,1731657599999
1731657600000,0.42049,0.43662,0.42049,0.42576,40817.98503817,1731686399999
1731686400000,0.42782,0.45186,0.42739,0.45115,42007.83599546,1731715199999
1731715200000,0.45314,0.46457,0.45314,0.46172,39368.94217942,1731743999999
1731744000000,0.46121,0.47952,0.45819,0.46467,77432.24738621,1731772799999
1731772800000,0.46916,0.48526,0.46916,0.48376,32799.84288613,1731801599999
1731801600000,0.47847,0.48209,0.46411,0.47015,14722.84870342,1731830399999
1731830400000,0.47137,0.4724,0.46052,0.46184,14657.19183518,1731859199999
1731859200000,0.46206,0.46465,0.44227,0.45023,50220.73548547,1731887999999
1731888000000,0.45233,0.47826,0.45233,0.4764,5525.0098574,1731916799999
1731916800000,0.47395,0.48403,0.46229,0.48267,59720.16852773,1731945599999
1731945600000,0.48449,0.49114,0.46771,0.48222,39971.60859068,1731974399999
1731974400000,0.4871,0.50501,0.47965,0.50501,9695.25319704,1732003199999
1732003200000,0.50805,0.50961,0.47504,0.47936,62119.31209887,1732031999999
1732032000000,0.47721,0.48653,0.4679,0.48454,20422.52572184,1732060799999
1732060800000,0.47732,0.47732,0.45708,0.4685,2515.08377076,1732089599999
1732089600000,0.47053,0.47822,0.46451,0.47229,47146.01176973,1732118399999
1732118400000,0.47771,0.47771,0.44826,0.45926,55833.46930531,1732147199999
1732147200000,0.45606,0.46479,0.44359,0.46479,31695.14109451,1732175999999
1732176000000,0.46452,0.48047,0.45368,0.46848,106531.32044892,1732204799999
1732204800000,0.47556,0.48104,0.47284,0.47896,50700.5727433,1732233599999
1732233600000,0.47668,0.49299,0.47478,0.4825,50372.32632312,1732262399999
1732262400000,0.48403,0.49052,0.46863,0.4822,61062.07131505,1732291199999
1732291200000,0.48376,0.505,0.47477,0.50456,54413.08096762,1732319999999
1732320000000,0.5034,0.52045,0.49938,0.51838,43018.36113213,1732348799999
1732348800000,0.5183,0.5345,0.51396,0.53272,47840.84706381,1732377599999
1732377600000,0.53482,0.53687,0.50362,0.53083,81275.96153214,1732406399999
1732406400000,0.52855,0.57986,0.52345,0.56323,45048.8928947,1732435199999
1732435200000,0.56749,0.56832,0.5,0.5,44388.86939934,1732463999999
1732464000000,0.49872,0.55643,0.49872,0.55474,28440.56153524,1732492799999
1732492800000,0.55046,0.59261,0.55046,0.57302,178701.88428484,1732521599999
1732521600000,0.57575,0.58106,0.536,0.55125,68893.75647876,1732550399999
1732550400000,0.55051,0.55519,0.52244,0.53763,30929.62916799,1732579199999
1732579200000,0.55247,0.6063,0.54748,0.57377,283785.89930111,1732607999999
1732608000000,0.57561,0.57561,0.53598,0.56586,77201.0528174,1732636799999
1732636800000,0.55819,0.591,0.55079,0.591,76988.98726186,1732665599999
1732665600000,0.58464,0.58499,0.5629,0.57232,47296.45581991,1732694399999
1732694400000,0.5692,0.58251,0.56131,0.58056,59724.08650539,1732723199999
1732723200000,0.57892,0.59421,0.57892,0.58778,92128.78680519,1732751999999
1732752000000,0.59507,0.59507,0.57214,0.57261,23392.56540035,1732780799999
1732780800000,0.5694,0.57434,0.56145,0.56339,75993.62015673,1732809599999
1732809600000,0.56419,0.5764,0.56251,0.57461,37275.12219902,1732838399999
1732838400000,0.57007,0.57379,0.55654,0.55654,10760.85573887,1732867199999
1732867200000,0.55609,0.591,0.55609,0.58994,25933.11280966,1732895999999
1732896000000,0.59,0.60283,0.5869,0.59985,39700.36984271,1732924799999
1732924800000,0.59334,0.59334,0.58533,0.58992,4356.5383922,1732953599999
1732953600000,0.58946,0.60754,0.58571,0.60696,4662.17872359,1732982399999
1732982400000,0.609,0.61498,0.6024,0.61301,37880.93500714,1733011199999
1733011200000,0.61092,0.62628,0.59029,0.62628,27323.51995202,1733039999999
1733040000000,0.62678,0.63,0.60411,0.6217,49731.9126452,1733068799999
1733068800000,0.62027,0.62357,0.60393,0.62065,43249.34565383,1733097599999
1733097600000,0.61758,0.6237,0.59665,0.60949,86882.66264141,1733126399999
1733126400000,0.6072,0.6125,0.56578,0.61042,88703.91374285,1733155199999
1733155200000,0.61177,0.64144,0.59889,0.6414,136651.63478636,1733183999999
1733184000000,0.642,0.67,0.62948,0.64397,107498.04843513,1733212799999
1733212800000,0.64654,0.65711,0.58565,0.61175,391280.31729755,1733241599999
1733241600000,0.619,0.678,0.6098,0.67746,121356.67052902,1733270399999
1733270400000,0.66374,0.69024,0.65286,0.69024,164399.67649891,1733299199999
1733299200000,0.68908,0.69532,0.67,0.6739,36902.41883845,1733327999999
1733328000000,0.666,0.69733,0.65147,0.66956,152022.92370957,1733356799999
1733356800000,0.678,0.678,0.6399,0.67009,36890.80285768,1733385599999
1733385600000,0.6665,0.67614,0.65488,0.66217,89927.97715449,1733414399999
1733414400000,0.66098,0.67261,0.62633,0.64957,139543.9822043,1733443199999
1733443200000,0.64448,0.68208,0.64448,0.67274,25027.95639616,1733471999999
1733472000000,0.67274,0.67563,0.63579,0.66216,39082.86619091,1733500799999
1733500800000,0.66699,0.68945,0.66699,0.68722,94646.8440248,1733529599999
1733529600000,0.69164,0.69472,0.67031,0.67031,45264.04022356,1733558399999
1733558400000,0.6738,0.68643,0.67221,0.67763,25862.9076388,1733587199999
1733587200000,0.67233,0.67314,0.66169,0.66367,12548.5855873,1733615999999
1733616000000,0.66474,0.66745,0.64752,0.6558,11827.18870275,1733644799999
1733644800000,0.6546,0.66244,0.64133,0.66218,31662.70917556,1733673599999
1733673600000,0.66428,0.67444,0.65677,0.67369,24659.75593356,1733702399999
1733702400000,0.67028,0.67389,0.6317,0.63832,18058.95780037,1733731199999
1733731200000,0.6328,0.63288,0.59804,0.60667,113188.42160407,1733759999999
1733760000000,0.60766,0.61243,0.45325,0.54688,516641.9500333,1733788799999
1733788800000,0.53793,0.54574,0.50619,0.53344,70813.83746878,1733817599999
1733817600000,0.53037,0.5435,0.49326,0.49359,41395.02189582,1733846399999
1733846400000,0.4983,0.528,0.47621,0.528,89608.29250698,1733875199999
1733875200000,0.51841,0.5205,0.50869,0.5205,2309.45219302,1733903999999
1733904000000,0.51791,0.56044,0.51791,0.55897,89571.31320604,1733932799999
1733932800000,0.56051,0.56588,0.55824,0.56369,12979.70153059,1733961599999
1733961600000,0.56103,0.585,0.5589,0.58169,8090.40600658,1733990399999
1733990400000,0.5862,0.59059,0.56634,0.57566,28998.91123469,1734019199999
1734019200000,0.5812,0.5838,0.55974,0.56643,4228.15495806,1734047999999
1734048000000,0.57367,0.57367,0.55463,0.55463,69.11869514,1734076799999
1734076800000,0.5625,0.5667,0.55235,0.56209,5413.04058327,1734105599999
1734105600000,0.55546,0.5664,0.55546,0.56269,15436.22989497,1734134399999
1734134400000,0.56305,0.56879,0.5611,0.56388,6747.65537377,1734163199999
1734163200000,0.56481,0.56481,0.53589,0.54147,17503.3535578,1734191999999
1734192000000,0.53801,0.53955,0.52396,0.53446,12843.77023305,1734220799999
1734220800000,0.51859,0.51859,0.51859,0.51859,47.72665759,1734249599999
1734249600000,0.52142,0.55512,0.52142,0.55243,4844.88590345,1734278399999
1734278400000,0.5524,0.55628,0.53228,0.55342,21910.80713269,1734307199999
1734307200000,0.55442,0.56265,0.54222,0.54318,53219.88258771,1734335999999
1734336000000,0.53289,0.53723,0.52263,0.53211,6741.78270155,1734364799999
1734364800000,0.54082,0.54868,0.53396,0.53459,38189.75177121,1734393599999
1734393600000,0.52374,0.52848,0.51835,0.5242,19165.75911535,1734422399999
1734422400000,0.52407,0.53459,0.51,0.51467,33311.54668471,1734451199999
1734451200000,0.50822,0.52928,0.504,0.5055,42925.38852091,1734479999999
1734480000000,0.50561,0.50561,0.49331,0.49706,5824.02072404,1734508799999
1734508800000,0.49549,0.50327,0.49163,0.49332,8649.06525303,1734537599999
1734537600000,0.49374,0.50182,0.46,0.47049,64344.93867599,1734566399999
1734566400000,0.4599,0.47085,0.43885,0.47016,28669.07981334,1734595199999
1734595200000,0.45904,0.47161,0.44852,0.45397,28082.18985232,1734623999999
1734624000000,0.45259,0.45784,0.41712,0.43963,173585.53123547,1734652799999
1734652800000,0.42958,0.44807,0.42958,0.43917,12224.89101806,1734681599999
1734681600000,0.42621,0.43064,0.38512,0.43064,135121.2223316,1734710399999
1734710400000,0.43147,0.45079,0.43147,0.44953,14797.4506955,1734739199999
1734739200000,0.45,0.46994,0.45,0.46917,1298.87511799,1734767999999
1734768000000,0.46982,0.46982,0.44,0.44148,3908.11162626,1734796799999
1734796800000,0.43845,0.43845,0.421,0.42103,14217.04969665,1734825599999
1734825600000,0.43762,0.43762,0.43311,0.43311,1730.2377527,1734854399999
1734854400000,0.43639,0.45525,0.43518,0.44266,37084.02750008,1734883199999
1734883200000,0.44341,0.44915,0.42753,0.43953,37533.7267246,1734911999999
1734912000000,0.42933,0.45741,0.42933,0.4447,15825.79227244,1734940799999
1734940800000,0.44713,0.46179,0.44713,0.45376,10490.07766384,1734969599999
1734969600000,0.44602,0.47567,0.44602,0.4718,2499.55580714,1734998399999
1734998400000,0.47094,0.47208,0.46305,0.47173,3712.76253988,1735027199999
1735027200000,0.47073,0.50263,0.47073,0.50163,38313.45233542,1735055999999
1735056000000,0.50198,0.50198,0.48653,0.49566,10504.4261352,1735084799999
1735084800000,0.49197,0.49289,0.48852,0.48852,8115.69436066,1735113599999
1735113600000,0.49126,0.49333,0.48408,0.48999,2587.47593256,1735142399999
1735142400000,0.47756,0.4843,0.47717,0.48037,2354.12756818,1735171199999
1735171200000,0.47745,0.47745,0.45757,0.45757,1804.0246949,1735199999999
1735200000000,0.45746,0.45746,0.446,0.446,8457.16219758,1735228799999
1735228800000,0.4465,0.4465,0.43777,0.44302,5262.51304232,1735257599999
1735257600000,0.44298,0.44831,0.44298,0.44309,5918.53008427,1735286399999
1735286400000,0.44945,0.46473,0.44135,0.44135,19475.77201348,1735315199999
1735315200000,0.4525,0.45266,0.44325,0.44531,3017.5633991,1735343999999
1735344000000,0.44742,0.52826,0.44742,0.52456,690176.7974936,1735372799999
1735372800000,0.52279,0.53454,0.4778,0.50036,808363.90553314,1735401599999
1735401600000,0.49401,0.54442,0.49391,0.53144,478152.05540625,1735430399999
1735430400000,0.53286,0.53286,0.4864,0.48842,147803.54128114,1735459199999
1735459200000,0.48918,0.49164,0.47767,0.47981,46699.44186202,1735487999999
1735488000000,0.47594,0.47766,0.46857,0.4743,20032.2881677,1735516799999
1735516800000,0.47102,0.49303,0.46668,0.46897,48410.85098096,1735545599999
1735545600000,0.47312,0.47313,0.45067,0.45454,81501.49444938,1735574399999
1735574400000,0.45436,0.47285,0.44907,0.46123,30314.89664735,1735603199999
1735603200000,0.46032,0.46063,0.4483,0.44864,1871.68394256,1735631999999
1735632000000,0.4518,0.4684,0.4518,0.46536,200151.72416473,1735660799999
1735660800000,0.46194,0.46194,0.457,0.457,231503.67693936,1735689599999
1735689600000,0.45888,0.47703,0.45888,0.47425,4907.82090208,1735718399999
1735718400000,0.4696,0.47632,0.46131,0.47483,15411.61796157,1735747199999
1735747200000,0.47802,0.47802,0.46717,0.47602,7181.89933921,1735775999999
1735776000000,0.47798,0.47872,0.47637,0.4786,19836.95040689,1735804799999
1735804800000,0.47905,0.49091,0.47795,0.4857,15243.72475545,1735833599999
1735833600000,0.49032,0.49277,0.48498,0.48711,13679.32051734,1735862399999
1735862400000,0.48877,0.48877,0.47892,0.47892,26474.65079818,1735891199999
1735891200000,0.47928,0.5041,0.47926,0.50317,14383.59435473,1735919999999
1735920000000,0.50272,0.5065,0.5014,0.50501,32266.06691899,1735948799999
1735948800000,0.50202,0.511,0.50104,0.50936,127865.37762214,1735977599999
1735977600000,0.50637,0.51022,0.49661,0.49661,32534.9220602,1736006399999
1736006400000,0.5,0.50404,0.49802,0.50334,5009.3847205,1736035199999
1736035200000,0.50002,0.51487,0.49798,0.51464,304466.63017933,1736063999999
1736064000000,0.51349,0.54384,0.5091,0.52657,437403.45041882,1736092799999
1736092800000,0.5231,0.52571,0.51724,0.52339,18953.12368255,1736121599999
1736121600000,0.52324,0.555,0.51948,0.55358,157970.08871551,1736150399999
1736150400000,0.5516,0.559,0.54019,0.55099,277870.51289487,1736179199999
1736179200000,0.55224,0.6,0.55159,0.55414,796874.90359037,1736207999999
1736208000000,0.54597,0.55962,0.53037,0.53162,53492.67396808,1736236799999
1736236800000,0.53278,0.53524,0.5051,0.51163,112411.35517846,1736265599999
1736265600000,0.50875,0.51151,0.48607,0.4941,527345.27327498,1736294399999
1736294400000,0.4941,0.50163,0.47107,0.47811,3489.264694,1736323199999
1736323200000,0.48057,0.49653,0.47561,0.4953,89910.24334489,1736351999999
1736352000000,0.49418,0.50764,0.475,0.50696,62567.58222988,1736380799999
1736380800000,0.5094,0.53038,0.5094,0.51198,19207.22363513,1736409599999
1736409600000,0.51049,0.53225,0.5067,0.52322,89328.58516427,1736438399999
1736438400000,0.52559,0.53604,0.50827,0.53253,57240.44231042,1736467199999
1736467200000,0.53078,0.53078,0.50772,0.51947,23436.25671274,1736495999999
1736496000000,0.51402,0.5403,0.51354,0.51477,47115.89639647,1736524799999
1736524800000,0.5176,0.54147,0.51699,0.53626,56722.31343723,1736553599999
1736553600000,0.53694,0.56309,0.53272,0.54781,165280.64670249,1736582399999
1736582400000,0.54955,0.55103,0.53562,0.54232,64384.52068361,1736611199999
1736611200000,0.53709,0.5472,0.53477,0.53841,11479.69655215,1736639999999
1736640000000,0.53291,0.54323,0.53291,0.53527,30787.24286322,1736668799999
1736668800000,0.52814,0.52814,0.51689,0.51689,11699.68150457,1736697599999
1736697600000,0.5214,0.54515,0.51022,0.5136,38751.90400946,1736726399999
1736726400000,0.51462,0.53561,0.48483,0.4859,72414.85992061,1736755199999
1736755200000,0.48,0.48,0.45,0.47454,118020.13878965,1736783999999
1736784000000,0.469,0.49951,0.45686,0.48948,17406.93310769,1736812799999
1736812800000,0.4838,0.4858,0.48123,0.48123,569.88414424,1736841599999
1736841600000,0.48726,0.50314,0.48629,0.49792,33376.73099305,1736870399999
1736870400000,0.49232,0.50324,0.49207,0.50037,23337.05202497,1736899199999
1736899200000,0.49704,0.52,0.49352,0.49377,50827.10416024,1736927999999
1736928000000,0.49169,0.51401,0.47722,0.5129,39811.52230233,1736956799999
1736956800000,0.51522,0.51896,0.50419,0.517,12937.59237824,1736985599999
1736985600000,0.51262,0.51288,0.50322,0.5043,2028.27547361,1737014399999
1737014400000,0.5041,0.50827,0.49,0.49905,30547.61985804,1737043199999
1737043200000,0.50563,0.50793,0.493,0.49338,17083.72598893,1737071999999
1737072000000,0.49768,0.5085,0.49529,0.5085,2123.82432077,1737100799999
1737100800000,0.50654,0.51355,0.50654,0.50753,25350.93632394,1737129599999
1737129600000,0.51298,0.52117,0.504,0.52117,99983.48187248,1737158399999
1737158400000,0.51651,0.51848,0.48405,0.48405,15214.10742676,1737187199999
1737187200000,0.48,0.4885,0.47806,0.47992,17068.79444727,1737215999999
1737216000000,0.47997,0.48281,0.47155,0.48125,8317.02318796,1737244799999
1737244800000,0.47957,0.48273,0.47003,0.4738,912.43976288,1737273599999
1737273600000,0.47189,0.48347,0.44646,0.48244,126058.52867103,1737302399999
1737302400000,0.47944,0.48542,0.43786,0.44083,198321.5066519,1737331199999
1737331200000,0.43997,0.48,0.43,0.47168,69589.18441016,1737359999999
1737360000000,0.47268,0.47268,0.44637,0.44637,29545.57709245,1737388799999
1737388800000,0.44623,0.45294,0.43173,0.44224,85290.1971309,1737417599999
1737417600000,0.42848,0.43295,0.42451,0.43058,16864.95660499,1737446399999
1737446400000,0.42942,0.44538,0.42942,0.43957,16497.05945915,1737475199999
1737475200000,0.44993,0.45647,0.44633,0.44633,44497.92177123,1737503999999
1737504000000,0.44813,0.44908,0.44813,0.44863,1046.95012983,1737532799999
1737532800000,0.44831,0.45153,0.44725,0.44863,1269.73257069,1737561599999
1737561600000,0.44311,0.45083,0.44067,0.44182,2849.34717744,1737590399999
1737590400000,0.43534,0.4354,0.4282,0.42922,1540.46765438,1737619199999
1737619200000,0.43315,0.4367,0.42286,0.43624,23920.11129076,1737647999999
1737648000000,0.43283,0.43572,0.41969,0.43458,44704.02104965,1737676799999
1737676800000,0.4226,0.4354,0.4226,0.43171,14976.20962813,1737705599999
1737705600000,0.43177,0.4397,0.43165,0.43724,4801.24388935,1737734399999
1737734400000,0.42762,0.43132,0.41732,0.41732,4117.81827246,1737763199999
1737763200000,0.41527,0.42386,0.41464,0.4219,15429.23656008,1737791999999
1737792000000,0.4203,0.42508,0.41825,0.42346,1959.26065634,1737820799999
1737820800000,0.43,0.43044,0.42609,0.42609,2023.05037793,1737849599999
1737849600000,0.43043,0.44064,0.43043,0.43983,8200.12347463,1737878399999
1737878400000,0.44142,0.44142,0.43557,0.43635,13148.12988963,1737907199999
1737907200000,0.43668,0.43957,0.42745,0.42745,24794.58314129,1737935999999
1737936000000,0.419,0.419,0.38517,0.39457,68490.91579179,1737964799999
1737964800000,0.39,0.40831,0.38505,0.40782,17769.08640151,1737993599999
1737993600000,0.40575,0.41237,0.39715,0.41237,4240.73730674,1738022399999
1738051200000,0.40784,0.412,0.40571,0.41065,3652.76170182,1738079999999
1738080000000,0.402,0.402,0.38614,0.38614,7190.20582823,1738108799999
1738108800000,0.38751,0.39941,0.38751,0.39912,5900.42692502,1738137599999
1738137600000,0.4,0.4,0.38992,0.38992,262.81631042,1738166399999
1738166400000,0.38797,0.40456,0.385,0.40215,19274.00188262,1738195199999
1738195200000,0.40501,0.40501,0.40471,0.40471,163.46970836,1738223999999
1738224000000,0.40363,0.412,0.40363,0.4104,7533.24105187,1738252799999
1738252800000,0.41632,0.41804,0.41383,0.41523,82475.9961943,1738281599999
1738310400000,0.41009,0.42595,0.41009,0.42595,43747.03444635,1738339199999
1738339200000,0.42557,0.42557,0.40969,0.41166,1518.25861144,1738367999999
1738368000000,0.4194,0.4194,0.41906,0.41906,532.96,1738396799999
1738396800000,0.41803,0.41803,0.405,0.40651,14266.10699399,1738425599999
1738425600000,0.40418,0.40418,0.37856,0.38062,12272.27618486,1738454399999
1738454400000,0.3842,0.387,0.37316,0.3783,14912.53309854,1738483199999
1738483200000,0.37722,0.38214,0.36835,0.37296,13258.84027051,1738511999999
1738512000000,0.36909,0.36909,0.315,0.32984,168707.53512335,1738540799999
1738540800000,0.31633,0.32121,0.26921,0.30949,391160.02533283,1738569599999
1738569600000,0.31,0.33285,0.30394,0.33261,70030.21970983,1738598399999
1738598400000,0.33344,0.34703,0.33141,0.34384,133431.78599517,1738627199999
1738627200000,0.34486,0.348,0.315,0.315,2245.74846328,1738655999999
1738656000000,0.31431,0.32989,0.31166,0.32728,3865.24610862,1738684799999
1738684800000,0.3285,0.33141,0.31637,0.32477,2456.8961787,1738713599999
1738713600000,0.32459,0.32459,0.32043,0.32378,21176.72454219,1738742399999
1738742400000,0.32423,0.32523,0.31752,0.31752,9429.96679655,1738771199999
1738771200000,0.31742,0.31975,0.31045,0.31555,1298.47277943,1738799999999
1738800000000,0.31758,0.32089,0.31758,0.32089,16212.83917655,1738828799999
1738828800000,0.31922,0.31922,0.30116,0.30116,2694.47272952,1738857599999
1738857600000,0.30064,0.30366,0.29818,0.29818,3405.96420439,1738886399999
1738886400000,0.30454,0.30529,0.30454,0.30529,16728.8638224,1738915199999
1738915200000,0.30658,0.32508,0.30658,0.32508,2951.09333557,1738943999999
1738944000000,0.3204,0.3204,0.30068,0.30069,1782.62949275,1738972799999
1738972800000,0.3068,0.31055,0.30522,0.30597,2026.90680367,1739001599999
1739001600000,0.30546,0.31221,0.30287,0.31221,639.17665571,1739030399999
1739030400000,0.31602,0.31915,0.31602,0.31783,3673.55921024,1739059199999
1739059200000,0.3204,0.3204,0.3204,0.3204,155.66576691,1739087999999
1739088000000,0.32767,0.32767,0.31843,0.32228,5131.87056639,1739116799999
1739116800000,0.32081,0.32081,0.3075,0.31623,27938.21144382,1739145599999
1739145600000,0.3219,0.32237,0.32098,0.32237,421.01811944,1739174399999
1739174400000,0.32532,0.32846,0.31995,0.32368,1417.58554929,1739203199999
1739203200000,0.32734,0.33528,0.32611,0.33494,12976.90406693,1739231999999
1739232000000,0.33689,0.35082,0.33625,0.34798,85108.93984085,1739260799999
1739260800000,0.34837,0.34869,0.32741,0.33179,6221.62918098,1739289599999
1739289600000,0.32441,0.32441,0.31767,0.32073,7130.50741689,1739318399999
1739318400000,0.31903,0.31942,0.31675,0.31942,1860.01794416,1739347199999
1739347200000,0.32079,0.32435,0.3131,0.32078,51849.36887855,1739375999999
1739376000000,0.33,0.34053,0.3279,0.33694,7334.66148158,1739404799999
1739404800000,0.33969,0.3475,0.33969,0.33985,32154.75508314,1739433599999
1739433600000,0.33642,0.3415,0.33568,0.33568,2902.93474947,1739462399999
1739462400000,0.33155,0.33673,0.33155,0.33245,3868.32644154,1739491199999
1739491200000,0.333,0.333,0.333,0.333,5046.96069961,1739519999999
1739520000000,0.33538,0.33717,0.33318,0.33318,172.98594858,1739548799999
1739548800000,0.33611,0.3404,0.33,0.33,6975.59358984,1739577599999
1739577600000,0.33509,0.33509,0.3335,0.3335,374.17088616,1739606399999
1739606400000,0.33192,0.33491,0.32526,0.32526,4630.45083032,1739635199999
1739635200000,0.32591,0.32591,0.32334,0.32368,591.71064303,1739663999999
1739664000000,0.32504,0.34287,0.32407,0.33364,68374.54492514,1739692799999
1739692800000,0.344,0.40699,0.34122,0.34868,1090765.42973606,1739721599999
1739721600000,0.34771,0.35167,0.34,0.34462,94995.02485326,1739750399999
1739750400000,0.34,0.44619,0.34,0.38897,1389287.08526581,1739779199999
1739779200000,0.38763,0.39065,0.36669,0.37573,572790.15925558,1739807999999
1739808000000,0.37502,0.37525,0.36177,0.36389,129334.96405486,1739836799999
1739836800000,0.36251,0.40253,0.34549,0.34549,285656.59683007,1739865599999
1739865600000,0.3453,0.35611,0.34198,0.34198,67216.58499601,1739894399999
1739894400000,0.34777,0.36736,0.34121,0.36736,108362.99509601,1739923199999
1739923200000,0.35774,0.35774,0.34,0.35273,47757.83488709,1739951999999
1739952000000,0.35418,0.379,0.35418,0.36622,44631.71692392,1739980799999
1739980800000,0.36837,0.37112,0.35832,0.3589,22039.56933238,1740009599999
1740009600000,0.37403,0.38928,0.36443,0.36443,108948.01184351,1740038399999
1740038400000,0.36536,0.37094,0.36399,0.37006,105497.70162699,1740067199999
1740067200000,0.36692,0.37133,0.36483,0.37133,37484.24024621,1740095999999
1740096000000,0.3675,0.38181,0.36538,0.3723,188255.16733558,1740124799999
1740124800000,0.37206,0.38122,0.37061,0.37307,81794.24435114,1740153599999
1740153600000,0.37463,0.37539,0.34683,0.3509,63612.99019007,1740182399999
1740182400000,0.36111,0.36296,0.34898,0.35634,130677.21427925,1740211199999
1740211200000,0.35463,0.35997,0.35204,0.35997,3594.38422862,1740239999999
1740240000000,0.36009,0.36009,0.35453,0.35697,4246.41579017,1740268799999
1740268800000,0.35646,0.36645,0.35646,0.3596,35778.04454518,1740297599999
1740297600000,0.36129,0.39204,0.36129,0.37284,459314.73212017,1740326399999
1740326400000,0.37127,0.37133,0.36629,0.36862,31399.96071504,1740355199999
1740355200000,0.37026,0.37898,0.35058,0.35492,42079.87610241,1740383999999
1740384000000,0.35398,0.35398,0.34446,0.34446,14981.91146772,1740412799999
1740412800000,0.34458,0.34788,0.31542,0.32125,81252.89806463,1740441599999
1740441600000,0.31974,0.32219,0.29975,0.30111,123761.56908096,1740470399999
1740470400000,0.30835,0.31779,0.30327,0.31392,36683.17134494,1740499199999
1740499200000,0.31497,0.32252,0.31271,0.32252,4729.82167261,1740527999999
1740528000000,0.31868,0.32483,0.31868,0.32196,1118.7499959,1740556799999
1740556800000,0.32379,0.32579,0.31907,0.32414,6585.19651146,1740585599999
1740585600000,0.3215,0.32162,0.308,0.31556,217308.28589847,1740614399999
1740614400000,0.31602,0.32138,0.31602,0.32138,9549.24037347,1740643199999
1740643200000,0.32332,0.32863,0.32176,0.32444,33457.96355586,1740671999999
1740672000000,0.32622,0.32933,0.32162,0.32911,704718.74365825,1740700799999
1740700800000,0.32775,0.32775,0.299,0.30005,184122.19770999,1740729599999
1740729600000,0.29814,0.31867,0.29716,0.31867,58169.28897438,1740758399999
1740758400000,0.3177,0.32245,0.3177,0.31808,26702.98710992,1740787199999
1740787200000,0.31951,0.31951,0.31951,0.31951,15.08733794,1740815999999
1740816000000,0.31557,0.31697,0.31,0.31319,7477.06762762,1740844799999
1740844800000,0.31268,0.31838,0.31268,0.31833,568.31184886,1740873599999
1740873600000,0.3142,0.3142,0.3142,0.3142,473.96476024,1740902399999
1740902400000,0.31713,0.32598,0.31284,0.32598,4358.06590575,1740931199999
1740931200000,0.32137,0.33958,0.32137,0.338,216754.83553969,1740959999999
1740960000000,0.33833,0.33833,0.31899,0.32038,48407.84046298,1740988799999
1740988800000,0.32155,0.32155,0.30921,0.31114,29293.96268252,1741017599999
1741017600000,0.31081,0.31081,0.28335,0.28581,62753.53503615,1741046399999
1741046400000,0.28173,0.28173,0.26825,0.27884,8492.07066573,1741075199999
1741075200000,0.2774,0.28568,0.27099,0.27612,68597.35515473,1741103999999
1741104000000,0.269,0.28509,0.269,0.28351,45556.74828243,1741132799999
1741132800000,0.28363,0.28363,0.27885,0.28131,1482.11192827,1741161599999
1741161600000,0.28033,0.28784,0.28018,0.28018,14538.08424234,1741190399999
1741190400000,0.2775,0.29067,0.2775,0.28829,71057.51375125,1741219199999
1741219200000,0.28999,0.29716,0.2884,0.29651,31803.2660471,1741247999999
1741248000000,0.29306,0.29585,0.28696,0.28921,10547.89495224,1741276799999
1741276800000,0.28125,0.28358,0.28,0.28358,10264.67940646,1741305599999
1741305600000,0.28,0.2805,0.26964,0.2805,3435.51385321,1741334399999
1741334400000,0.27977,0.28712,0.27952,0.28554,1004.22360336,1741363199999
1741363200000,0.28041,0.28766,0.2781,0.27855,19904.62616442,1741391999999
1741392000000,0.27558,0.27797,0.27555,0.27555,1014.31412116,1741420799999
1741420800000,0.27512,0.27647,0.27333,0.27456,11818.87555793,1741449599999
1741449600000,0.27283,0.27522,0.27283,0.27478,8802.2527549,1741478399999
1741478400000,0.26892,0.26936,0.26833,0.26936,15848.20648485,1741507199999
1741507200000,0.26913,0.26913,0.25626,0.25626,14347.37881135,1741535999999
1741536000000,0.25644,0.25661,0.24261,0.24413,49773.00809549,1741564799999
1741564800000,0.24122,0.25434,0.24023,0.25408,18685.48695431,1741593599999
1741593600000,0.25381,0.2635,0.248,0.2509,68804.80433229,1741622399999
1741622400000,0.2491,0.2491,0.23498,0.24207,136419.84650372,1741651199999
1741651200000,0.23815,0.24481,0.22694,0.24474,41737.32711154,1741679999999
1741680000000,0.2447,0.24706,0.24115,0.24557,31164.66312877,1741708799999
1741708800000,0.24882,0.2539,0.24339,0.25241,3564.38275835,1741737599999
1741737600000,0.24688,0.25279,0.24615,0.25279,1013.48933334,1741766399999
1741766400000,0.2526,0.26043,0.25215,0.25236,81636.37067927,1741795199999
1741795200000,0.25643,0.2601,0.25643,0.25892,1109.53777921,1741823999999
1741824000000,0.2635,0.2635,0.26082,0.26082,254.33916075,1741852799999
1741852800000,0.26072,0.27205,0.26072,0.2637,58991.99556426,1741881599999
1741881600000,0.25497,0.25631,0.25251,0.2563,7493.73734393,1741910399999
1741910400000,0.25783,0.26391,0.25762,0.26279,92283.16528338,1741939199999
1741939200000,0.2643,0.27042,0.26321,0.27042,22479.2884222,1741967999999
1741968000000,0.27141,0.27141,0.2696,0.27008,5375.05512851,1741996799999
1741996800000,0.26525,0.26525,0.26525,0.26525,565.50424128,1742025599999
1742025600000,0.26727,0.26769,0.26407,0.26521,12114.1208112,1742054399999
1742054400000,0.26943,0.27183,0.26836,0.26956,5487.70749183,1742083199999
1742083200000,0.2723,0.27239,0.27219,0.27224,8821.56811839,1742111999999
1742112000000,0.27123,0.27123,0.2599,0.2599,20391.13710327,1742140799999
1742140800000,0.26574,0.26574,0.25807,0.25927,4286.10592186,1742169599999
1742198400000,0.26793,0.271,0.26494,0.26494,30523.21745017,1742227199999
1742227200000,0.2696,0.27046,0.26881,0.26999,737.39457969,1742255999999
1742284800000,0.26898,0.28082,0.26898,0.27257,227133.05966225,1742313599999
1742313600000,0.27285,0.27393,0.2635,0.26825,76121.82792638,1742342399999
1742342400000,0.26946,0.27912,0.26946,0.27004,168825.31905174,1742371199999
1742371200000,0.27041,0.27413,0.26997,0.27314,225917.13786163,1742399999999
1742400000000,0.27007,0.28173,0.2698,0.28173,26383.08967944,1742428799999
1742428800000,0.274,0.27518,0.27343,0.27343,5770.52027042,1742457599999
1742457600000,0.27326,0.27326,0.27102,0.27189,8565.55399791,1742486399999
1742486400000,0.26817,0.27089,0.26817,0.27069,1291.31389369,1742515199999
1742515200000,0.27041,0.27041,0.26949,0.26949,148.00179544,1742543999999
1742544000000,0.26798,0.26828,0.25944,0.26197,3128.31906726,1742572799999
1742572800000,0.26207,0.26612,0.26207,0.26368,5220.99297841,1742601599999
1742601600000,0.26934,0.27067,0.26934,0.26992,830.24963912,1742630399999
1742630400000,0.26881,0.26881,0.26873,0.26873,729.92483622,1742659199999
1742659200000,0.27126,0.27621,0.27126,0.27163,3499.23275953,1742687999999
1742688000000,0.2727,0.2727,0.2705,0.2705,2858.46191766,1742716799999
1742716800000,0.27045,0.27045,0.26948,0.26948,793.42353035,1742745599999
1742745600000,0.26841,0.26965,0.26725,0.26862,638.11553905,1742774399999
1742774400000,0.2674,0.29345,0.2674,0.29035,38685.3183426,1742803199999
1742803200000,0.29099,0.29135,0.28383,0.284,37339.1104486,1742831999999
1742832000000,0.28229,0.28417,0.28,0.28015,40066.76031519,1742860799999
1742860800000,0.28223,0.29088,0.2822,0.28512,27582.07472678,1742889599999
1742889600000,0.28578,0.28668,0.28417,0.28434,9180.1001844,1742918399999
1742918400000,0.28312,0.28717,0.28256,0.28663,4924.88285964,1742947199999
1742947200000,0.28806,0.29038,0.28362,0.29038,5022.72092561,1742975999999
1742976000000,0.2893,0.29011,0.2822,0.28402,81483.37208906,1743004799999
1743004800000,0.28526,0.28586,0.28369,0.28402,4307.22266852,1743033599999
1743033600000,0.28604,0.29221,0.28604,0.2906,39922.66055584,1743062399999
1743062400000,0.29094,0.29094,0.28267,0.28815,432.80426492,1743091199999
1743091200000,0.28159,0.28559,0.28159,0.28559,313.99066747,1743119999999
1743120000000,0.2818,0.2818,0.266,0.26614,6017.0972466,1743148799999
1743148800000,0.26661,0.26661,0.25836,0.26,9943.77881077,1743177599999
1743177600000,0.25822,0.25822,0.2547,0.2547,3416.6681654,1743206399999
1743206400000,0.25233,0.25396,0.248,0.248,1465.93672592,1743235199999
1743235200000,0.25025,0.2514,0.24701,0.24873,16910.35168653,1743263999999
1743264000000,0.246,0.246,0.24498,0.24552,634.42942781,1743292799999
1743292800000,0.24849,0.24918,0.24757,0.24918,40438.9020149,1743321599999
1743321600000,0.24886,0.25152,0.24674,0.24694,1107.3209221,1743350399999
1743350400000,0.24627,0.25111,0.24375,0.24375,43519.50524094,1743379199999
1743379200000,0.24031,0.24052,0.24,0.24,3121.62683922,1743407999999
1743408000000,0.24228,0.24808,0.24,0.24808,13519.93023147,1743436799999
1743436800000,0.24551,0.24636,0.2438,0.2438,1489.03523988,1743465599999
1743465600000,0.24799,0.24799,0.24799,0.24799,404.25269798,1743494399999
1743494400000,0.25075,0.25246,0.24505,0.25246,24616.01266944,1743523199999
1743523200000,0.25065,0.25278,0.24839,0.24871,10400.77633196,1743551999999
1743552000000,0.23392,0.23404,0.232,0.23373,29658.65714581,1743580799999
1743580800000,0.23374,0.24264,0.23354,0.24177,107692.56414767,1743609599999
1743609600000,0.2417,0.24334,0.22576,0.22732,12845.95862453,1743638399999
1743638400000,0.23228,0.23433,0.23228,0.23229,959.85123744,1743667199999
1743667200000,0.22834,0.22834,0.21241,0.21826,21586.88305262,1743695999999
1743696000000,0.21899,0.22286,0.21899,0.22265,1763.31013775,1743724799999
1743724800000,0.22306,0.22819,0.22268,0.22819,397.70126181,1743753599999
1743753600000,0.22957,0.22957,0.22023,0.22281,514.31429272,1743782399999
1743782400000,0.22435,0.22781,0.22435,0.22701,905.90366508,1743811199999
1743811200000,0.22708,0.23,0.22708,0.23,779.62748457,1743839999999
1743840000000,0.23076,0.23303,0.22462,0.22532,69484.56867246,1743868799999
1743868800000,0.22206,0.22424,0.22206,0.22424,341.592175,1743897599999
1743897600000,0.22846,0.23136,0.22846,0.23136,6162.61805173,1743926399999
1743926400000,0.23236,0.23742,0.22791,0.23009,127626.32762551,1743955199999
1743955200000,0.22886,0.22886,0.203,0.20368,161634.93114584,1743983999999
1743984000000,0.20373,0.21173,0.1919,0.19618,60958.35228908,1744012799999
1744012800000,0.1979,0.21763,0.19645,0.215,116786.7479271,1744041599999
1744041600000,0.2145,0.21826,0.21263,0.21826,3421.65376341,1744070399999
1744070400000,0.21775,0.21775,0.21601,0.21601,2393.67870628,1744099199999
1744099200000,0.21813,0.22126,0.21653,0.21734,536.2222135,1744127999999
1744128000000,0.21932,0.21932,0.20926,0.21034,5064.42914997,1744156799999
1744156800000,0.20848,0.21751,0.19992,0.21729,1102.90607256,1744185599999
1744185600000,0.21798,0.2193,0.21526,0.2193,925.53099114,1744214399999
1744214400000,0.22085,0.23365,0.22085,0.23354,5061.82255518,1744243199999
1744243200000,0.2319,0.24498,0.2319,0.23564,63869.03082652,1744271999999
1744272000000,0.23572,0.23572,0.22293,0.22293,44260.83277387,1744300799999
1744300800000,0.2234,0.2313,0.22095,0.2313,34917.79347442,1744329599999
1744329600000,0.23363,0.23497,0.2319,0.23204,21874.47022719,1744358399999
1744358400000,0.2297,0.23454,0.22962,0.23296,47456.26124802,1744387199999
1744387200000,0.23905,0.23932,0.23569,0.23586,3866.74741991,1744415999999
1744416000000,0.23357,0.23458,0.23357,0.23458,54.41029716,1744444799999
1744444800000,0.23654,0.24798,0.23624,0.2445,101385.20322604,1744473599999
1744473600000,0.24344,0.24816,0.24283,0.24816,3849.29097922,1744502399999
1744502400000,0.24922,0.25382,0.24164,0.24197,33235.70493834,1744531199999
1744531200000,0.24237,0.24401,0.23872,0.23872,805.90979616,1744559999999
1744560000000,0.23936,0.24389,0.23562,0.23562,10522.38942682,1744588799999
1744588800000,0.23521,0.23521,0.2325,0.23269,2334.51025954,1744617599999
1744617600000,0.23072,0.23734,0.23072,0.23491,858.15936816,1744646399999
1744646400000,0.22853,0.23162,0.22843,0.22915,769.63455093,1744675199999
1744675200000,0.22977,0.23305,0.22977,0.23305,674.01379871,1744703999999
1744704000000,0.23569,0.23569,0.23477,0.23477,63.97765564,1744732799999
1744732800000,0.22966,0.22966,0.22804,0.22954,446.3277168,1744761599999
1744761600000,0.23135,0.23178,0.22955,0.22955,349.60407739,1744790399999
1744790400000,0.22663,0.24351,0.22663,0.24088,74554.19118558,1744819199999
1744819200000,0.23913,0.24312,0.23239,0.24312,49279.10948168,1744847999999
1744848000000,0.24377,0.25971,0.24121,0.2516,158997.21185209,1744876799999
1744876800000,0.25015,0.26132,0.24625,0.25097,44862.57290395,1744905599999
1744905600000,0.2509,0.25617,0.2509,0.25251,10145.73690712,1744934399999
1744934400000,0.252,0.265,0.252,0.265,19872.72039029,1744963199999
1744963200000,0.265,0.27357,0.2583,0.2591,168676.50937523,1744991999999
1744992000000,0.26045,0.2627,0.26,0.26,1274.91958004,1745020799999
1745020800000,0.26118,0.26678,0.25912,0.26187,2452.14034713,1745049599999
1745049600000,0.26165,0.26165,0.25941,0.25987,1607.71317738,1745078399999
1745078400000,0.26638,0.2709,0.26638,0.26983,895.58018232,1745107199999
1745107200000,0.26502,0.26682,0.26157,0.26157,20851.62711851,1745135999999
1745136000000,0.26118,0.26135,0.25603,0.25882,20520.97187225,1745164799999
1745164800000,0.26145,0.26371,0.26115,0.26251,1712.1188194,1745193599999
1745193600000,0.26114,0.2616,0.26005,0.26005,3298.91755379,1745222399999
1745222400000,0.26032,0.26182,0.25884,0.25901,3343.23669342,1745251199999
1745251200000,0.255,0.25728,0.25423,0.25423,1855.04609651,1745279999999
1745280000000,0.25568,0.25699,0.24939,0.25506,128520.79160088,1745308799999
1745308800000,0.25501,0.26029,0.25359,0.26029,7375.55410918,1745337599999
1745337600000,0.26243,0.27611,0.26243,0.27427,21593.80607117,1745366399999
1745366400000,0.27643,0.27794,0.27602,0.27602,1569.79195623,1745395199999
1745395200000,0.27737,0.27898,0.27436,0.27898,753.64131727,1745423999999
1745424000000,0.27692,0.27692,0.27356,0.27531,617.80492747,1745452799999
1745452800000,0.27195,0.27195,0.26826,0.26826,26.01437878,1745481599999
1745481600000,0.26878,0.275,0.26878,0.275,811.95112089,1745510399999
1745510400000,0.27445,0.27544,0.26882,0.27452,37957.21273999,1745539199999
1745539200000,0.27684,0.27968,0.27684,0.27968,18422.40795124,1745567999999
1745568000000,0.28,0.28219,0.27553,0.27874,8045.33721444,1745596799999
1745596800000,0.27621,0.2772,0.27532,0.2772,21456.73718471,1745625599999
1745625600000,0.28078,0.28614,0.28078,0.28141,4497.86049684,1745654399999
1745654400000,0.28316,0.29,0.28316,0.28893,17345.73567148,1745683199999
1745683200000,0.28772,0.305,0.28511,0.29569,137899.31429408,1745711999999
1745712000000,0.29727,0.29727,0.27911,0.27958,2732.75412248,1745740799999
1745740800000,0.28381,0.28381,0.27533,0.27758,1526.50274933,1745769599999
1745769600000,0.27704,0.27743,0.27532,0.27633,18938.08661735,1745798399999
1745798400000,0.26871,0.27944,0.26871,0.27937,1113.82093826,1745827199999
1745827200000,0.28086,0.2809,0.26884,0.2696,1885.4854545,1745855999999
1745856000000,0.27324,0.27739,0.27324,0.27586,1332.60994768,1745884799999
1745884800000,0.28151,0.28151,0.28125,0.28125,200.40806418,1745913599999
1745913600000,0.27817,0.28032,0.27672,0.27672,13045.68236562,1745942399999
1745942400000,0.27823,0.27823,0.27118,0.27118,2418.58609457,1745971199999
1745971200000,0.27082,0.2724,0.26975,0.27122,961.80227213,1745999999999
1746000000000,0.27132,0.27827,0.26283,0.26647,3085.96729349,1746028799999
1746028800000,0.26908,0.27261,0.26908,0.27132,1498.61712429,1746057599999
1746057600000,0.27117,0.27262,0.27117,0.27262,55.54673321,1746086399999
1746086400000,0.27233,0.27536,0.26941,0.27536,24750.2462129,1746115199999
1746115200000,0.27443,0.27443,0.27034,0.27205,775.04730965,1746143999999
1746144000000,0.26889,0.27022,0.26763,0.26763,2508.67572924,1746172799999
1746172800000,0.2676,0.2676,0.26451,0.26597,970.17303527,1746201599999
1746201600000,0.26673,0.26673,0.26445,0.26536,2274.1064298,1746230399999
1746230400000,0.27209,0.27622,0.26937,0.27622,8823.17597467,1746259199999
1746259200000,0.27738,0.27759,0.27,0.27,37183.44235731,1746287999999
1746288000000,0.25892,0.26176,0.258,0.258,8378.92144081,1746316799999
1746316800000,0.25453,0.25454,0.25035,0.25194,1959.84259006,1746345599999
1746345600000,0.25154,0.25154,0.24711,0.24877,4888.32762382,1746374399999
1746374400000,0.24784,0.24784,0.24552,0.24681,2770.21237795,1746403199999
1746403200000,0.24552,0.24552,0.24528,0.24528,125.25451672,1746431999999
1746432000000,0.24878,0.24878,0.24498,0.24614,664.22968371,1746460799999
1746460800000,0.25001,0.25746,0.25001,0.25097,37991.56613814,1746489599999
1746489600000,0.2489,0.24975,0.2489,0.24975,831.39360901,1746518399999
1746518400000,0.24554,0.24554,0.23648,0.23885,12491.03365219,1746547199999
1746547200000,0.23611,0.23862,0.23215,0.23215,19533.12028112,1746575999999
1746576000000,0.2434,0.2434,0.24088,0.24088,3740.56520288,1746604799999
1746604800000,0.24404,0.24404,0.24255,0.24318,15611.04012123,1746633599999
1746633600000,0.24004,0.248,0.23872,0.248,2066.03013195,1746662399999
1746662400000,0.24924,0.2596,0.24924,0.2596,902.90512495,1746691199999
1746691200000,0.26053,0.27314,0.26053,0.26816,87972.44194433,1746719999999
1746720000000,0.26942,0.27878,0.26942,0.27375,4264.11348642,1746748799999
1746748800000,0.27852,0.28567,0.27852,0.28567,6888.64109221,1746777599999
1746777600000,0.28624,0.28907,0.28159,0.28413,17259.35650708,1746806399999
1746806400000,0.28474,0.28609,0.2841,0.28469,11942.7513716,1746835199999
1746835200000,0.28944,0.292,0.28528,0.292,9679.23362941,1746863999999
1746864000000,0.2916,0.29299,0.28533,0.28712,15882.01855048,1746892799999
1746892800000,0.29105,0.29878,0.29105,0.29853,5437.74250673,1746921599999
1746921600000,0.30178,0.30281,0.29322,0.29322,15352.80104272,1746950399999
1746950400000,0.29224,0.298,0.29224,0.29611,5180.36371085,1746979199999
1746979200000,0.29881,0.29968,0.29692,0.2989,18921.24025246,1747007999999
1747008000000,0.2989,0.314,0.2989,0.31343,11569.09594202,1747036799999
1747036800000,0.3078,0.31249,0.29916,0.29917,25115.08812522,1747065599999
1747065600000,0.30081,0.30331,0.29358,0.30331,1198.3334175,1747094399999
1747094400000,0.29052,0.2927,0.28848,0.29262,1440.26635247,1747123199999
1747123200000,0.29643,0.30372,0.29452,0.30372,30867.79228916,1747151999999
1747152000000,0.30376,0.31783,0.30376,0.30853,1682.59284359,1747180799999
1747180800000,0.30866,0.30933,0.30618,0.30618,9231.26788913,1747209599999
1747209600000,0.30617,0.30617,0.29453,0.30124,732.62801958,1747238399999
1747238400000,0.29519,0.29719,0.29519,0.29719,317.10883296,1747267199999
1747267200000,0.29792,0.29792,0.28001,0.28001,1447.28490127,1747295999999
1747296000000,0.28114,0.28228,0.27403,0.28151,8822.38158817,1747324799999
1747324800000,0.2895,0.2895,0.28023,0.28164,5261.18000857,1747353599999
1747353600000,0.28373,0.28373,0.28217,0.28217,6685.49647099,1747382399999
1747382400000,0.28121,0.28401,0.28121,0.28216,3500.57138118,1747411199999
1747411200000,0.27776,0.28029,0.27776,0.28029,182.57346183,1747439999999
1747440000000,0.27056,0.27056,0.26602,0.26813,1632.51135524,1747468799999
1747468800000,0.26636,0.26671,0.26182,0.26262,4570.2004273,1747497599999
1747497600000,0.26,0.26327,0.26,0.26327,429.46449797,1747526399999
1747526400000,0.26283,0.26868,0.26283,0.26868,7837.37498701,1747555199999
1747555200000,0.273,0.273,0.26641,0.27262,959.55408727,1747583999999
1747584000000,0.27321,0.274,0.25626,0.26507,8739.31793287,1747612799999
1747612800000,0.25266,0.25522,0.25089,0.25441,3077.21365652,1747641599999
1747641600000,0.25378,0.25569,0.25,0.25,1926.86654618,1747670399999
1747670400000,0.26087,0.2653,0.2584,0.26188,2842.80578139,1747699199999
1747699200000,0.2619,0.27128,0.2619,0.26321,3254.68482575,1747727999999
1747728000000,0.25902,0.2592,0.25601,0.25601,881.900316,1747756799999
1747756800000,0.26218,0.26511,0.25835,0.26459,2242.41467315,1747785599999
1747814400000,0.26081,0.26568,0.26081,0.26568,286.82035154,1747843199999
1747843200000,0.26285,0.2653,0.26285,0.2653,100.38635807,1747871999999
1747872000000,0.27042,0.27651,0.27042,0.27651,1557.22892382,1747900799999
1747900800000,0.27695,0.28167,0.27684,0.28158,2988.52988078,1747929599999
1747929600000,0.28189,0.28214,0.2795,0.2795,1057.72995118,1747958399999
1747958400000,0.28163,0.28407,0.27646,0.27744,9783.82458475,1747987199999
1747987200000,0.27625,0.27625,0.26665,0.27309,491.5037745,1748015999999
1748016000000,0.27199,0.27208,0.26099,0.26099,1175.10140292,1748044799999
1748044800000,0.26289,0.26328,0.26087,0.26328,613.23450176,1748073599999
1748073600000,0.26149,0.26352,0.26141,0.26182,3455.58934989,1748102399999
1748102400000,0.26183,0.26319,0.25916,0.25935,1467.92287465,1748131199999
1748131200000,0.25703,0.25703,0.25535,0.25535,61.86486551,1748159999999
1748160000000,0.25447,0.25497,0.252,0.252,2566.50185452,1748188799999
1748188800000,0.252,0.25599,0.252,0.25599,4354.66518602,1748217599999
1748217600000,0.25843,0.25843,0.25843,0.25843,73.32740006,1748246399999
1748246400000,0.26023,0.26023,0.25324,0.25599,1680.86996315,1748275199999
1748275200000,0.25539,0.25539,0.25293,0.25392,2358.24283017,1748303999999
1748304000000,0.25944,0.26064,0.25944,0.26064,20.57256743,1748332799999
1748332800000,0.26173,0.26173,0.26027,0.26027,101.1613819,1748361599999
1748361600000,0.26605,0.26605,0.26277,0.26277,3611.79472668,1748390399999
1748390400000,0.2633,0.2633,0.2633,0.2633,18.91378655,1748419199999
1748419200000,0.26,0.26,0.26,0.26,75.0,1748447999999
1748448000000,0.25519,0.25586,0.25519,0.25586,57.33644685,1748476799999
1748476800000,0.26199,0.26199,0.26148,0.26148,390.41914413,1748505599999
1748505600000,0.26123,0.26237,0.25402,0.25402,201.37141151,1748534399999
1748534400000,0.25477,0.2552,0.25331,0.25331,374.77163335,1748563199999
1748563200000,0.252,0.252,0.24259,0.24266,2987.7709118,1748591999999
1748592000000,0.24165,0.2475,0.24001,0.24283,1893.03080224,1748620799999
1748620800000,0.24,0.24401,0.23695,0.23695,2390.63126841,1748649599999
1748649600000,0.2325,0.2325,0.22881,0.23136,657.49683466,1748678399999
1748678400000,0.23173,0.23578,0.23082,0.23235,1143.63322461,1748707199999
1748707200000,0.23263,0.23566,0.23177,0.23213,2201.66092309,1748735999999
1748736000000,0.23,0.23,0.23,0.23,177.57980236,1748764799999
1748764800000,0.22987,0.23233,0.22748,0.23217,1552.1164157,1748793599999
1748793600000,0.23386,0.23442,0.23366,0.23442,1557.17131066,1748822399999
1748851200000,0.23664,0.24168,0.2349,0.23616,31194.09293341,1748879999999
1748880000000,0.2355,0.23895,0.2354,0.2383,22596.59637869,1748908799999
1748908800000,0.23928,0.24101,0.2382,0.24027,284.54909574,1748937599999
1748937600000,0.23816,0.24181,0.23646,0.24181,15599.61898525,1748966399999
1748966400000,0.24216,0.24448,0.23956,0.24082,3254.7034592,1748995199999
1748995200000,0.24144,0.24144,0.24106,0.2412,190.86069132,1749023999999
1749024000000,0.24091,0.24091,0.23826,0.23826,1101.29293074,1749052799999
1749052800000,0.23677,0.23691,0.23379,0.23379,214.01672066,1749081599999
1749081600000,0.23477,0.23477,0.2326,0.23309,524.95995767,1749110399999
1749110400000,0.23395,0.23656,0.22837,0.23215,42363.74285445,1749139199999
1749139200000,0.2281,0.2281,0.21588,0.21689,44310.33098334,1749167999999
1749168000000,0.21603,0.21881,0.21603,0.21837,32960.83885084,1749196799999
1749196800000,0.21903,0.22811,0.21876,0.22694,1452.44501257,1749225599999
1749225600000,0.2266,0.2266,0.22158,0.22158,323.94514035,1749254399999
1749254400000,0.22741,0.22759,0.22728,0.22759,919.34447712,1749283199999
1749283200000,0.22692,0.22821,0.22692,0.22721,705.88402634,1749311999999
1749312000000,0.22812,0.22835,0.22751,0.22809,1890.66481297,1749340799999
1749340800000,0.22787,0.22787,0.22787,0.22787,225.77301601,1749369599999
1749369600000,0.23171,0.23391,0.23035,0.2326,34523.89918063,1749398399999
1749398400000,0.233,0.23427,0.23273,0.23383,21756.03930284,1749427199999
1749456000000,0.22973,0.23485,0.22881,0.23427,6167.11845675,1749484799999
1749484800000,0.2356,0.244,0.23523,0.244,2942.76878872,1749513599999
1749513600000,0.2455,0.2455,0.24074,0.24178,1063.99868754,1749542399999
1749542400000,0.24178,0.24807,0.24096,0.24601,31579.18517473,1749571199999
1749571200000,0.24485,0.24909,0.24346,0.24867,10317.66095495,1749599999999
1749600000000,0.25014,0.25034,0.24739,0.2486,6553.94097508,1749628799999
1749628800000,0.24774,0.24842,0.24435,0.24842,17291.95280319,1749657599999
1749657600000,0.24793,0.24793,0.23877,0.2389,506.51491338,1749686399999
1749686400000,0.24041,0.24041,0.23544,0.23545,679.79253065,1749715199999
1749715200000,0.23345,0.2337,0.2325,0.23369,397.41116193,1749743999999
1749744000000,0.23375,0.23498,0.22522,0.22522,6779.20234818,1749772799999
1749772800000,0.222,0.222,0.21096,0.21388,38373.75327776,1749801599999
1749801600000,0.21492,0.21492,0.21087,0.21107,1484.27250791,1749830399999
1749830400000,0.21681,0.21937,0.216,0.21937,352.50883284,1749859199999
1749888000000,0.2168,0.2179,0.21628,0.21742,48234.08570256,1749916799999
1749916800000,0.21531,0.21627,0.21531,0.21627,4817.67055167,1749945599999
1749945600000,0.21759,0.21842,0.21759,0.21842,18926.05575746,1749974399999
1749974400000,0.21839,0.22137,0.21802,0.21824,42258.84813028,1750003199999
1750003200000,0.21839,0.21857,0.21602,0.21829,46887.85690203,1750031999999
1750032000000,0.21739,0.2208,0.21739,0.2208,842.34721515,1750060799999
1750060800000,0.22151,0.22155,0.21867,0.22112,20753.94392811,1750089599999
1750089600000,0.222,0.222,0.21613,0.21711,22121.24691547,1750118399999
1750118400000,0.21484,0.21633,0.21484,0.21575,4050.67636372,1750147199999
1750147200000,0.21612,0.21612,0.2103,0.2103,12719.95415966,1750175999999
1750176000000,0.20875,0.21174,0.20701,0.20999,1124.3097939,1750204799999
1750204800000,0.21067,0.21261,0.21067,0.21261,5072.90115788,1750233599999
1750233600000,0.20819,0.20819,0.20385,0.20385,10062.16310765,1750262399999
1750262400000,0.20823,0.20974,0.20813,0.20943,1016.15571404,1750291199999
1750291200000,0.21158,0.21158,0.21158,0.21158,48.04458538,1750319999999
1750320000000,0.21188,0.2119,0.20884,0.20884,19849.207388,1750348799999
1750348800000,0.20738,0.21309,0.20736,0.21294,44643.63913042,1750377599999
1750377600000,0.21254,0.21731,0.21254,0.21731,6760.53029806,1750406399999
1750406400000,0.21755,0.22141,0.2138,0.2138,60737.56077928,1750435199999
1750435200000,0.21271,0.21271,0.20639,0.21055,5567.55311142,1750463999999
1750464000000,0.20955,0.21225,0.20955,0.21209,905.06252061,1750492799999
1750492800000,0.21523,0.21596,0.20693,0.20693,204785.57215053,1750521599999
1750521600000,0.20521,0.20521,0.19688,0.19863,24214.20760696,1750550399999
1750550400000,0.19941,0.2,0.19863,0.19863,12978.96770692,1750579199999
1750579200000,0.19818,0.19818,0.19,0.19172,47768.5000502,1750607999999
1750608000000,0.18907,0.19064,0.18435,0.18901,5066.1508649,1750636799999
1750636800000,0.19219,0.19757,0.19219,0.19682,2986.4547318,1750665599999
1750665600000,0.197,0.20155,0.197,0.19838,48015.25323398,1750694399999
1750694400000,0.19796,0.2106,0.19796,0.21037,44785.846887,1750723199999
1750723200000,0.21218,0.21653,0.21188,0.21525,21706.26980835,1750751999999
1750752000000,0.21324,0.21494,0.21277,0.21494,23402.88225085,1750780799999
1750780800000,0.21474,0.217,0.21372,0.21372,11821.46896885,1750809599999
1750809600000,0.2147,0.21486,0.2108,0.21461,39253.53752728,1750838399999
1750838400000,0.21437,0.21772,0.21405,0.21409,27998.6063868,1750867199999
1750867200000,0.21087,0.21087,0.21082,0.21082,6965.4,1750895999999
1750896000000,0.21151,0.21251,0.207,0.2107,9987.58613573,1750924799999
1750924800000,0.2095,0.20968,0.20364,0.20364,139067.90927369,1750953599999
1750953600000,0.2049,0.2049,0.2038,0.2038,2632.97956497,1750982399999
1750982400000,0.20168,0.20756,0.20168,0.20756,25153.09646127,1751011199999
1751011200000,0.20632,0.20632,0.2041,0.2041,25162.92349453,1751039999999
1751040000000,0.20659,0.20707,0.20287,0.20566,2874.41772228,1751068799999
1751068800000,0.20329,0.20329,0.20317,0.20319,335.89,1751097599999
1751097600000,0.20338,0.20413,0.20338,0.20413,1209.43336656,1751126399999
1751126400000,0.20759,0.20923,0.20756,0.20923,1122.5908243,1751155199999
1751212800000,0.2109,0.2154,0.2109,0.2154,1415.66406371,1751241599999
1751241600000,0.21275,0.21275,0.21063,0.21063,27900.45305884,1751270399999
1751270400000,0.2101,0.2101,0.20509,0.20509,87418.43239625,1751299199999
1751299200000,0.20453,0.20544,0.20406,0.20463,24889.09913762,1751327999999
1751328000000,0.20483,0.20483,0.19751,0.19751,4734.14430922,1751356799999
1751356800000,0.19954,0.19954,0.19864,0.19864,8625.9619067,1751385599999
1751385600000,0.19704,0.19704,0.19704,0.19704,2772.42225165,1751414399999
1751414400000,0.19551,0.20083,0.1949,0.20025,663.42827886,1751443199999
1751443200000,0.20439,0.20592,0.20439,0.20592,209.47055443,1751471999999
1751472000000,0.21091,0.21453,0.21091,0.21453,968.92168264,1751500799999
1751500800000,0.21549,0.21549,0.21549,0.21549,1688.07092975,1751529599999
1751529600000,0.21552,0.21553,0.2131,0.21494,9256.65540269,1751558399999
1751558400000,0.21283,0.21548,0.21283,0.21548,1667.55596895,1751587199999
1751587200000,0.21371,0.2138,0.21016,0.21016,2696.37069847,1751615999999
1751616000000,0.20959,0.21111,0.20952,0.20952,1714.22293058,1751644799999
1751644800000,0.20654,0.20654,0.2044,0.20507,734.79381346,1751673599999
1751702400000,0.20665,0.20665,0.20583,0.20583,5522.67823204,1751731199999
1751731200000,0.20592,0.20658,0.20547,0.20621,149076.37285547,1751759999999
1751760000000,0.20491,0.20643,0.20491,0.20565,6087.32626956,1751788799999
1751788800000,0.20505,0.20955,0.20464,0.20955,7698.87607023,1751817599999
1751817600000,0.20958,0.21266,0.20957,0.2107,28510.70344419,1751846399999
1751846400000,0.21148,0.21397,0.21039,0.21073,47250.92944479,1751875199999
1751875200000,0.21273,0.21273,0.20949,0.21001,37904.63249993,1751903999999
1751904000000,0.2104,0.21064,0.2096,0.2096,1427.91163625,1751932799999
1751932800000,0.2078,0.2078,0.2078,0.2078,144.36,1751961599999
1751961600000,0.21126,0.21184,0.21126,0.21135,26167.83944619,1751990399999
1751990400000,0.21151,0.21725,0.2113,0.21725,21991.59751281,1752019199999
1752019200000,0.21642,0.222,0.21642,0.222,7143.43918813,1752047999999
1752048000000,0.22246,0.22304,0.22042,0.22172,30937.75057491,1752076799999
1752076800000,0.2213,0.22786,0.22019,0.22786,19161.64568772,1752105599999
1752105600000,0.22726,0.22726,0.22726,0.22726,2155.24069347,1752134399999
1752134400000,0.2269,0.2269,0.22573,0.22573,1185.6827125,1752163199999
1752163200000,0.2297,0.2369,0.22859,0.23662,182029.02033115,1752191999999
1752192000000,0.24,0.2429,0.23725,0.23725,60759.4073115,1752220799999
1752220800000,0.23958,0.24615,0.23955,0.24551,26357.39174081,1752249599999
1752249600000,0.24246,0.24556,0.23991,0.24336,19932.17280858,1752278399999
1752278400000,0.248,0.33,0.24524,0.2605,655780.54130404,1752307199999
1752307200000,0.26198,0.27123,0.24842,0.24924,313051.65861525,1752335999999
1752336000000,0.24844,0.25454,0.24844,0.25452,25920.992992,1752364799999
1752364800000,0.24938,0.25806,0.24938,0.25429,12609.21204894,1752393599999
1752393600000,0.25436,0.25634,0.25093,0.25582,28994.74467159,1752422399999
1752422400000,0.25447,0.25619,0.25056,0.253,38442.22047849,1752451199999
1752451200000,0.25634,0.26262,0.25529,0.25882,92832.53833734,1752479999999
1752480000000,0.25597,0.25894,0.25168,0.25186,39391.15172866,1752508799999
1752508800000,0.25523,0.25523,0.25057,0.25223,26557.0401121,1752537599999
1752537600000,0.25323,0.25418,0.24618,0.2473,43603.92829976,1752566399999
1752566400000,0.24857,0.25352,0.246,0.25315,44080.28286485,1752595199999
1752595200000,0.25426,0.26003,0.25391,0.26003,6307.96672628,1752623999999
1752624000000,0.25928,0.25937,0.25594,0.25749,2799.40720162,1752652799999
1752652800000,0.26033,0.26033,0.25797,0.2586,21052.08267498,1752681599999
1752681600000,0.25857,0.2653,0.25857,0.25972,43590.30893482,1752710399999
1752710400000,0.25982,0.25982,0.255,0.25867,12813.1708423,1752739199999
1752739200000,0.25901,0.26051,0.25695,0.25929,16866.21358053,1752767999999
1752768000000,0.2592,0.26177,0.25722,0.26177,4590.67251421,1752796799999
1752796800000,0.26176,0.27087,0.26176,0.2683,69751.4465563,1752825599999
1752825600000,0.26244,0.26915,0.262,0.26356,44537.22641405,1752854399999
1752854400000,0.26338,0.2648,0.25703,0.2627,7844.07961755,1752883199999
1752883200000,0.262,0.262,0.262,0.262,350.14643701,1752911999999
1752912000000,0.26038,0.26038,0.25553,0.25553,253.85256284,1752940799999
1752940800000,0.2567,0.26264,0.2567,0.26264,1118.17925206,1752969599999
1752969600000,0.268,0.27304,0.26779,0.27304,11247.48944516,1752998399999
1752998400000,0.2714,0.2735,0.27117,0.27297,11618.63490799,1753027199999
1753027200000,0.27622,0.27847,0.26531,0.27129,2593.30715261,1753055999999
1753056000000,0.26818,0.27507,0.26818,0.27471,2556.67787614,1753084799999
1753084800000,0.27558,0.27631,0.27208,0.27328,6827.53909442,1753113599999
1753113600000,0.2684,0.27636,0.2684,0.27431,85163.13951424,1753142399999
1753142400000,0.26886,0.28163,0.268,0.2717,86342.54902301,1753171199999
1753171200000,0.26622,0.27609,0.2647,0.26937,24364.02591422,1753199999999
1753200000000,0.26874,0.27631,0.26872,0.27631,23011.96266545,1753228799999
1753257600000,0.27267,0.2732,0.26017,0.26017,7875.52316278,1753286399999
1753286400000,0.255,0.25686,0.248,0.25502,11799.77374534,1753315199999
1753315200000,0.25713,0.25713,0.23844,0.24357,29851.30871024,1753343999999
1753344000000,0.24585,0.2524,0.24585,0.25032,33675.13149864,1753372799999
1753372800000,0.24625,0.25139,0.24625,0.25139,5332.52423703,1753401599999
1753401600000,0.24776,0.24776,0.24018,0.24148,22306.26315386,1753430399999
1753430400000,0.2488,0.2488,0.24168,0.24168,2398.58179468,1753459199999
1753459200000,0.24573,0.251,0.24573,0.25066,1002.44886712,1753487999999
1753516800000,0.25241,0.25241,0.2518,0.2518,41.5397033,1753545599999
1753545600000,0.25221,0.25222,0.25135,0.25135,3017.54739541,1753574399999
1753603200000,0.2589,0.25958,0.25502,0.25502,45438.48045392,1753631999999
1753632000000,0.25704,0.25761,0.25704,0.2576,3905.50708469,1753660799999
1753660800000,0.26141,0.26156,0.26141,0.26147,7705.3211659,1753689599999
1753689600000,0.25929,0.25929,0.24995,0.24995,8046.31497709,1753718399999
1753718400000,0.24885,0.24885,0.24383,0.24455,5295.99206905,1753747199999
1753747200000,0.24286,0.2506,0.24286,0.2506,472.48691861,1753775999999
1753776000000,0.24901,0.24946,0.24338,0.24338,72303.574248,1753804799999
1753804800000,0.2435,0.2435,0.24075,0.24075,2067.80391426,1753833599999
1753833600000,0.24242,0.24405,0.23956,0.23994,43459.11088212,1753862399999
1753862400000,0.23719,0.24353,0.237,0.24353,22453.14853475,1753891199999
1753891200000,0.24358,0.24377,0.24358,0.24377,20962.29140956,1753919999999
1753920000000,0.24854,0.24964,0.24846,0.24964,211.52797983,1753948799999
1753948800000,0.24961,0.24961,0.23951,0.23951,54.733837,1753977599999
1753977600000,0.2433,0.2433,0.2325,0.2325,22015.27483085,1754006399999
1754006400000,0.23206,0.23244,0.22842,0.2294,1841.92080741,1754035199999
1754035200000,0.22751,0.22912,0.22476,0.22476,9203.14507858,1754063999999
1754064000000,0.22697,0.22697,0.22,0.221,18635.77476712,1754092799999
1754121600000,0.22256,0.22256,0.22014,0.22014,1044.0428777,1754150399999
1754150400000,0.217,0.21944,0.2151,0.21944,1202.63557335,1754179199999
1754179200000,0.22138,0.22138,0.22138,0.22138,2.52873706,1754207999999
1754208000000,0.22388,0.22397,0.22388,0.22397,428.7187261,1754236799999
1754236800000,0.22358,0.22358,0.22358,0.22358,6209.00114451,1754265599999
1754265600000,0.22566,0.22728,0.22493,0.22552,28841.97530209,1754294399999
1754294400000,0.22569,0.22726,0.22439,0.22638,7784.4719891,1754323199999
1754323200000,0.22779,0.23447,0.22779,0.23395,31305.87846803,1754351999999
1754352000000,0.23478,0.23478,0.23146,0.23146,28308.3363744,1754380799999
1754380800000,0.22646,0.22842,0.22491,0.2254,11803.53812882,1754409599999
1754409600000,0.22427,0.22466,0.21992,0.22466,1147.52242682,1754438399999
1754438400000,0.22011,0.2234,0.21874,0.2234,27742.69783255,1754467199999
1754467200000,0.22316,0.22319,0.22144,0.22144,1064.50012187,1754495999999
1754496000000,0.22413,0.22415,0.2241,0.22411,3984.88587773,1754524799999
1754524800000,0.22332,0.22355,0.22193,0.22193,54990.54168677,1754553599999
1754553600000,0.22326,0.23285,0.22326,0.2316,3257.63656508,1754582399999
1754582400000,0.23082,0.23151,0.22858,0.23095,129334.85025441,1754611199999
1754611200000,0.2327,0.2327,0.23237,0.23237,5585.33665107,1754639999999
1754640000000,0.23262,0.23303,0.2305,0.23303,23512.69736455,1754668799999
1754668800000,0.23141,0.23512,0.23141,0.23399,12.12227218,1754697599999
1754697600000,0.23777,0.23969,0.23777,0.23969,22084.15581125,1754726399999
1754726400000,0.23971,0.24197,0.23925,0.24005,88937.71017675,1754755199999
1754755200000,0.23984,0.24305,0.23984,0.24108,8441.81910986,1754783999999
1754784000000,0.2435,0.24428,0.23896,0.23896,2945.02446001,1754812799999
1754812800000,0.23852,0.23852,0.23852,0.23852,437.11219184,1754841599999
1754841600000,0.24023,0.24289,0.24023,0.24289,14018.23056773,1754870399999
1754870400000,0.24413,0.24556,0.23937,0.23937,55500.32786539,1754899199999
1754899200000,0.23804,0.23954,0.23533,0.23533,2040.11760853,1754927999999
1754928000000,0.23758,0.23758,0.23758,0.23758,419.85857395,1754956799999
1754956800000,0.2318,0.2318,0.23011,0.23081,29973.86583065,1754985599999
1754985600000,0.22822,0.22979,0.22822,0.22979,21705.82104986,1755014399999
1755014400000,0.23986,0.24291,0.23926,0.24159,38122.38543646,1755043199999
1755043200000,0.24161,0.24256,0.24092,0.24224,3777.277891,1755071999999
1755072000000,0.2465,0.2465,0.24496,0.24496,2342.60469888,1755100799999
1755100800000,0.24513,0.24655,0.24473,0.24655,41616.04769164,1755129599999
1755129600000,0.24694,0.24907,0.24345,0.24531,35144.6675799,1755158399999
1755158400000,0.2421,0.2421,0.22927,0.23258,162848.7336121,1755187199999
1755187200000,0.22834,0.22834,0.22106,0.2249,26880.05238698,1755215999999
1755216000000,0.22741,0.22947,0.22741,0.22947,1156.43290551,1755244799999
1755244800000,0.22736,0.22736,0.21659,0.21718,1805.74427989,1755273599999
1755273600000,0.21508,0.22336,0.21508,0.22161,16361.38308557,1755302399999
1755331200000,0.22447,0.22988,0.22447,0.22979,135179.33201312,1755359999999
1755360000000,0.23085,0.23664,0.22991,0.23575,476455.82156012,1755388799999
1755388800000,0.23523,0.23523,0.23523,0.23523,171.92347466,1755417599999
1755417600000,0.23565,0.23702,0.23436,0.23582,30024.45007593,1755446399999
1755446400000,0.23531,0.23531,0.2306,0.23141,7464.0776309,1755475199999
1755475200000,0.22212,0.22351,0.22075,0.22075,951.90060256,1755503999999
1755504000000,0.22148,0.22576,0.22035,0.22336,124350.39786097,1755532799999
1755532800000,0.22597,0.22665,0.22597,0.22665,403.177,1755561599999
1755561600000,0.2241,0.22687,0.22352,0.22352,446.35168384,1755590399999
1755590400000,0.22305,0.2275,0.22305,0.2275,25017.85962207,1755619199999
1755619200000,0.22214,0.22214,0.21849,0.21849,680.88463945,1755647999999
1755648000000,0.21884,0.2223,0.21884,0.2223,358.217,1755676799999
1755676800000,0.22219,0.22337,0.21705,0.22337,349.60203744,1755705599999
1755705600000,0.22455,0.22626,0.22455,0.22626,201.94927384,1755734399999
1755734400000,0.2256,0.22565,0.2256,0.22565,516.20600709,1755763199999
1755763200000,0.22548,0.22548,0.22282,0.22282,365.95118543,1755791999999
1755792000000,0.22231,0.22231,0.22066,0.22066,6711.40933744,1755820799999
1755820800000,0.22181,0.22181,0.22046,0.22046,905.78666369,1755849599999
1755849600000,0.217,0.22665,0.21354,0.22665,25100.16283825,1755878399999
1755878400000,0.22951,0.23487,0.22951,0.23372,1900.08737785,1755907199999
1755907200000,0.23602,0.23645,0.23022,0.23376,69099.9263551,1755935999999
1755936000000,0.2322,0.23256,0.22973,0.22973,22716.10697111,1755964799999
1755964800000,0.23222,0.23243,0.23154,0.23154,1275.99327514,1755993599999
1755993600000,0.22578,0.22591,0.22565,0.22565,349.26908792,1756022399999
1756022400000,0.22616,0.22638,0.2241,0.22569,105129.52797752,1756051199999
1756051200000,0.22484,0.237,0.22484,0.2277,31698.65705616,1756079999999
1756080000000,0.22697,0.23453,0.22667,0.2287,8560.10733663,1756108799999
1756108800000,0.22363,0.2253,0.22211,0.22351,258160.10331355,1756137599999
1756137600000,0.2218,0.2218,0.21254,0.21254,3773.55360209,1756166399999
1756166400000,0.21525,0.21726,0.21525,0.21671,4709.85028058,1756195199999
1756195200000,0.21678,0.22079,0.21678,0.22076,618.59847511,1756223999999
1756252800000,0.22388,0.22388,0.22072,0.22072,26255.83850309,1756281599999
1756281600000,0.22253,0.22385,0.22119,0.22341,22804.90853202,1756310399999
1756310400000,0.22516,0.22516,0.22122,0.22311,10911.46827058,1756339199999
1756339200000,0.22618,0.22618,0.22325,0.22325,1817.01995639,1756367999999
1756368000000,0.22378,0.22722,0.22351,0.2268,63470.99790945,1756396799999
1756425600000,0.22465,0.22465,0.2205,0.2205,47081.46764874,1756454399999
1756454400000,0.21927,0.22022,0.21617,0.21617,6763.52388357,1756483199999
1756483200000,0.21816,0.21825,0.21737,0.21737,50785.90852293,1756511999999
1756512000000,0.22052,0.22143,0.22052,0.22143,6790.93679104,1756540799999
1756540800000,0.22057,0.22145,0.21863,0.22145,6262.70035542,1756569599999
1756569600000,0.2202,0.2202,0.2202,0.2202,624.67191601,1756598399999
1756627200000,0.22438,0.22438,0.22435,0.22435,450.736779,1756655999999
1756656000000,0.22244,0.22329,0.21933,0.21933,9582.88750539,1756684799999
1756684800000,0.21678,0.21821,0.213,0.213,115144.40681159,1756713599999
1756713600000,0.2203,0.22165,0.21522,0.21522,1649.21913473,1756742399999
1756742400000,0.21278,0.21312,0.20994,0.21165,5992.35955602,1756771199999
1756771200000,0.21623,0.21679,0.21623,0.21679,2064.70108573,1756799999999
1756800000000,0.21997,0.21997,0.21889,0.21889,49754.53810077,1756828799999
1756828800000,0.21768,0.21865,0.21692,0.21865,1198.78632325,1756857599999
1756857600000,0.22027,0.22027,0.2181,0.2181,2592.91457164,1756886399999
1756886400000,0.21841,0.22216,0.21841,0.2217,2056.99542643,1756915199999
1756915200000,0.22338,0.22338,0.22338,0.22338,1119.03076616,1756943999999
1756944000000,0.21541,0.21541,0.21541,0.21541,4638.74896485,1756972799999
1756972800000,0.21551,0.21551,0.21386,0.21386,558.34691919,1757001599999
1757001600000,0.21329,0.21391,0.21329,0.21391,509.53261821,1757030399999
1757030400000,0.21538,0.21746,0.21488,0.21746,970.03204562,1757059199999
1757059200000,0.21833,0.21899,0.2172,0.2172,2404.84269622,1757087999999
1757088000000,0.21447,0.2177,0.21397,0.2177,1158.58754294,1757116799999
1757145600000,0.21315,0.21386,0.21305,0.21386,1693.64425014,1757174399999
1757174400000,0.21258,0.21258,0.21258,0.21258,0.15147113,1757203199999
1757203200000,0.21435,0.21435,0.21435,0.21435,7.82259167,1757231999999
1757232000000,0.21431,0.21565,0.21346,0.21553,710.58196193,1757260799999
1757260800000,0.21559,0.21559,0.21468,0.21468,657.3704976,1757289599999
1757289600000,0.21477,0.21556,0.21477,0.21556,23753.83550478,1757318399999
1757318400000,0.21544,0.21992,0.21544,0.21992,15080.53552293,1757347199999
1757347200000,0.22012,0.22012,0.21808,0.21929,448.55904707,1757375999999
1757376000000,0.21991,0.22415,0.21989,0.22371,5702.80796921,1757404799999
1757404800000,0.22289,0.2234,0.22266,0.2234,24240.76183789,1757433599999
1757433600000,0.21796,0.22158,0.21778,0.22149,5512.01667249,1757462399999
1757462400000,0.21968,0.22239,0.21963,0.22239,24924.49760304,1757491199999
1757491200000,0.2228,0.22529,0.2228,0.22437,943.73434055,1757519999999
1757520000000,0.22381,0.22381,0.22381,0.22381,8.50035845,1757548799999
1757548800000,0.22557,0.226,0.22489,0.226,7223.69814786,1757577599999
1757577600000,0.22517,0.22517,0.22274,0.22276,41420.07837554,1757606399999
1757606400000,0.22507,0.22514,0.22507,0.22514,544.03,1757635199999
1757635200000,0.22655,0.22715,0.22655,0.2268,2855.64581438,1757663999999
1757664000000,0.22645,0.22673,0.22582,0.22673,1584.54303147,1757692799999
1757692800000,0.22848,0.22907,0.22766,0.22766,11549.94148254,1757721599999
1757721600000,0.23161,0.23228,0.22932,0.22932,518.42994303,1757750399999
1757750400000,0.22988,0.23346,0.22988,0.23219,11503.93482023,1757779199999
1757779200000,0.2316,0.2326,0.2316,0.23219,43955.00092358,1757807999999
1757808000000,0.23342,0.23342,0.23029,0.23029,20820.87832844,1757836799999
1757836800000,0.2311,0.23216,0.22316,0.22542,70353.62606366,1757865599999
1757865600000,0.22548,0.22786,0.22548,0.22751,30829.61544443,1757894399999
1757923200000,0.22027,0.22063,0.217,0.217,39032.63831274,1757951999999
1757952000000,0.21701,0.21701,0.21701,0.21701,77.02664982,1757980799999
1757980800000,0.21462,0.21462,0.21462,0.21462,46.45419811,1758009599999
1758009600000,0.21627,0.21627,0.21265,0.21474,36778.91941797,1758038399999
1758038400000,0.21504,0.21813,0.21504,0.21734,654.72061996,1758067199999
1758067200000,0.21654,0.21654,0.21416,0.21575,31286.38479078,1758095999999
1758096000000,0.21381,0.21381,0.2116,0.2116,5101.49617977,1758124799999
1758124800000,0.2112,0.218,0.2112,0.218,31568.79772649,1758153599999
1758153600000,0.21982,0.22,0.21982,0.22,698.11592186,1758182399999
1758182400000,0.22032,0.22074,0.21902,0.21999,432.92351867,1758211199999
1758211200000,0.22303,0.22414,0.2229,0.22393,5245.2302689,1758239999999
1758240000000,0.22244,0.22244,0.22215,0.22215,4400.38679144,1758268799999
1758268800000,0.22242,0.22242,0.2185,0.21955,946.39130018,1758297599999
1758297600000,0.21741,0.21762,0.21574,0.21615,130877.9565252,1758326399999
1758326400000,0.2148,0.21578,0.21361,0.21578,12493.44882305,1758355199999
1758355200000,0.21463,0.21749,0.21463,0.21691,25588.61039995,1758383999999
1758384000000,0.21677,0.21796,0.21655,0.21796,7962.59041889,1758412799999
1758412800000,0.21802,0.21802,0.21802,0.21802,2415.6,1758441599999
1758441600000,0.21713,0.21713,0.2137,0.21496,30813.80819837,1758470399999
1758470400000,0.21479,0.21495,0.21479,0.21495,2470.26341476,1758499199999
1758499200000,0.21159,0.21159,0.18933,0.19968,301287.62212173,1758527999999
1758528000000,0.19862,0.19942,0.19568,0.19603,49827.86128479,1758556799999
1758556800000,0.19688,0.19771,0.19541,0.19768,15689.96961719,1758585599999
1758585600000,0.194,0.19882,0.194,0.19882,2227.55580983,1758614399999
1758614400000,0.19967,0.19967,0.19902,0.19907,3588.41179284,1758643199999
1758643200000,0.19719,0.19784,0.19719,0.19776,215.52057414,1758671999999
1758672000000,0.19885,0.19885,0.19537,0.19537,1845.6827204,1758700799999
1758700800000,0.20099,0.20254,0.20099,0.20238,2273.13323323,1758729599999
1758729600000,0.20208,0.20208,0.19992,0.19995,2980.29875445,1758758399999
1758758400000,0.19301,0.19427,0.19301,0.19427,1182.24545182,1758787199999
1758787200000,0.19466,0.19583,0.19435,0.1949,237173.62682592,1758815999999
1758816000000,0.19513,0.19555,0.18742,0.18814,56786.09244794,1758844799999
1758844800000,0.19092,0.19114,0.18986,0.18986,15240.52776872,1758873599999
1758873600000,0.1916,0.19316,0.18911,0.19236,412057.1418254,1758902399999
1758902400000,0.19421,0.1962,0.19421,0.19448,42559.11730099,1758931199999
1758931200000,0.19529,0.19529,0.19354,0.19407,59595.34440597,1758959999999
1758960000000,0.19386,0.19495,0.19343,0.19418,20562.02055231,1758988799999
1758988800000,0.1925,0.19406,0.1925,0.19406,11637.14911302,1759017599999
1759046400000,0.19161,0.19407,0.19091,0.19407,4602.87322572,1759075199999
1759075200000,0.1941,0.19847,0.1941,0.19847,17227.92855499,1759103999999
1759104000000,0.19753,0.19753,0.19385,0.1949,48817.51812525,1759132799999
1759132800000,0.19418,0.19692,0.19418,0.19579,4955.9705669,1759161599999
1759161600000,0.19506,0.19681,0.19346,0.19669,8170.70137428,1759190399999
1759190400000,0.1941,0.1951,0.19284,0.19392,178183.70721182,1759219199999
1759219200000,0.19455,0.19529,0.1912,0.1912,75718.56679913,1759247999999
1759248000000,0.19173,0.19522,0.19135,0.19522,137254.35322428,1759276799999
1759276800000,0.19546,0.19546,0.19296,0.19296,28551.04762514,1759305599999
1759305600000,0.19464,0.2022,0.19464,0.20219,331220.22140103,1759334399999
1759334400000,0.20222,0.20447,0.20101,0.20447,53687.70082668,1759363199999
1759363200000,0.20509,0.2084,0.20509,0.20691,248477.47479642,1759391999999
1759392000000,0.20709,0.20973,0.20303,0.20645,427602.63254185,1759420799999
1759420800000,0.20768,0.20951,0.2069,0.20806,272310.14677921,1759449599999
1759449600000,0.20731,0.20755,0.20543,0.20543,3493.6808193,1759478399999
1759478400000,0.2056,0.20916,0.20546,0.20916,202122.225376,1759507199999
1759507200000,0.20921,0.2098,0.20834,0.20837,8360.16669433,1759535999999
1759536000000,0.20851,0.20867,0.20449,0.20449,156867.20269932,1759564799999
1759564800000,0.19976,0.20241,0.19718,0.19765,66312.9244611,1759593599999
1759593600000,0.1971,0.19848,0.1971,0.19848,7309.34932811,1759622399999
1759622400000,0.20159,0.20358,0.20102,0.20345,5280.23372202,1759651199999
1759651200000,0.20488,0.20488,0.19956,0.19956,3821.80437527,1759679999999
1759680000000,0.19912,0.19912,0.19787,0.19853,12441.86033354,1759708799999
1759708800000,0.1987,0.20042,0.19739,0.20042,12078.49106968,1759737599999
1759737600000,0.20032,0.20251,0.20032,0.20251,18976.95658768,1759766399999
1759766400000,0.20249,0.20342,0.20049,0.20096,138723.32978069,1759795199999
1759795200000,0.2003,0.20046,0.19863,0.19863,82757.37743391,1759823999999
1759824000000,0.19857,0.201,0.19489,0.19489,5236.62092077,1759852799999
1759852800000,0.19273,0.19367,0.19129,0.19129,184066.22377423,1759881599999
1759881600000,0.19,0.19238,0.18943,0.19238,14169.90167794,1759910399999
1759910400000,0.19402,0.19529,0.19301,0.19529,35324.07426555,1759939199999
1759939200000,0.1991,0.19954,0.19734,0.19734,2066.73622834,1759967999999
1759968000000,0.19643,0.197,0.19282,0.19542,11102.4644522,1759996799999
1759996800000,0.19434,0.19434,0.19222,0.19419,57037.26253536,1760025599999
1760025600000,0.19421,0.1978,0.19421,0.1978,32191.63087106,1760054399999
1760054400000,0.19565,0.20269,0.19465,0.19465,147996.81655771,1760083199999
1760083200000,0.19508,0.19789,0.18482,0.1885,25621.72600151,1760111999999
1760112000000,0.18756,0.18819,0.06435,0.15001,1016093.2842606,1760140799999
1760140800000,0.17407,0.1885,0.13374,0.14071,79251.35629546,1760169599999
1760169600000,0.14664,0.149,0.143,0.14646,90966.32093638,1760198399999
1760198400000,0.14606,0.15192,0.13676,0.13987,9523.07207284,1760227199999
1760227200000,0.14065,0.14507,0.1395,0.14482,96955.33490284,1760255999999
1760256000000,0.14541,0.15374,0.144,0.15366,204057.20532405,1760284799999
1760284800000,0.15408,0.16121,0.15342,0.15976,94683.82487296,1760313599999
1760313600000,0.15861,0.16093,0.15821,0.16082,165957.21407366,1760342399999
1760342400000,0.16424,0.1663,0.16236,0.16447,344961.39382143,1760371199999
1760371200000,0.16766,0.17474,0.16766,0.17455,32636.85097831,1760399999999
1760400000000,0.18196,0.184,0.1584,0.16087,456126.33439577,1760428799999
1760428800000,0.15994,0.16425,0.15694,0.164,71092.27185274,1760457599999
1760457600000,0.16392,0.16659,0.16302,0.16434,127478.37112589,1760486399999
1760486400000,0.1631,0.16403,0.1631,0.16402,2670.21964347,1760515199999
1760515200000,0.16588,0.16693,0.15854,0.15854,74997.40108938,1760543999999
1760544000000,0.15831,0.15831,0.1543,0.15565,1655.74885769,1760572799999
1760572800000,0.15636,0.15734,0.15624,0.15652,9966.25704582,1760601599999
1760601600000,0.15627,0.15925,0.15493,0.15549,6430.51114783,1760630399999
1760630400000,0.15112,0.15405,0.14955,0.14955,121349.35307654,1760659199999
1760659200000,0.14847,0.14885,0.14,0.14,13741.50346129,1760687999999
1760688000000,0.13952,0.1452,0.13952,0.14495,36893.61472218,1760716799999
1760716800000,0.14704,0.148,0.14597,0.14637,20274.44149125,1760745599999
1760745600000,0.14849,0.14979,0.14848,0.14979,70920.89584641,1760774399999
1760774400000,0.14825,0.14974,0.14825,0.14974,3617.87776881,1760803199999
1760803200000,0.14791,0.14907,0.14658,0.14896,5487.28915463,1760831999999
1760832000000,0.14965,0.14972,0.14822,0.14822,3394.03888649,1760860799999
1760860800000,0.15256,0.15429,0.15256,0.15428,31109.11177812,1760889599999
1760889600000,0.15359,0.15416,0.15359,0.15416,3009.94064311,1760918399999
1760918400000,0.1569,0.1569,0.1569,0.1569,3521.12,1760947199999
1760947200000,0.15655,0.15747,0.15646,0.1567,1857.13663628,1760975999999
1760976000000,0.15547,0.15684,0.15547,0.15684,707.16143168,1761004799999
1761004800000,0.15082,0.15082,0.15061,0.15061,664.15255033,1761033599999
1761033600000,0.15123,0.19747,0.15123,0.18805,2199638.52525497,1761062399999
1761062400000,0.18791,0.18994,0.16083,0.16116,678662.6397244,1761091199999
1761091200000,0.16216,0.16846,0.15862,0.15913,488512.2083108,1761119999999
1761120000000,0.15887,0.16111,0.15538,0.15742,1140509.35820591,1761148799999
1761148800000,0.15753,0.15753,0.1463,0.14789,424676.25098333,1761177599999
1761177600000,0.15129,0.15458,0.14995,0.15362,51956.304003,1761206399999
1761206400000,0.15365,0.15365,0.15114,0.15255,8925.57121245,1761235199999
1761235200000,0.1561,0.1562,0.151,0.151,58171.68843005,1761263999999
1761264000000,0.1546,0.15751,0.1546,0.1562,80686.73543766,1761292799999
1761292800000,0.15693,0.15693,0.15109,0.15122,213638.85277774,1761321599999
1761321600000,0.15047,0.15267,0.15023,0.15264,144451.8359661,1761350399999
1761350400000,0.15526,0.15526,0.15526,0.15526,2534.0482638,1761379199999
1761408000000,0.15599,0.15599,0.15599,0.15599,1825.07710955,1761436799999
1761465600000,0.15813,0.15885,0.15813,0.15885,502.84342692,1761494399999
1761494400000,0.15867,0.16088,0.15823,0.15989,1851.12240865,1761523199999
1761523200000,0.15963,0.15963,0.15837,0.15837,258.84728384,1761551999999
1761552000000,0.15538,0.15538,0.15488,0.15488,1820.89513225,1761580799999
1761580800000,0.1585,0.1585,0.15794,0.15794,1637.90381278,1761609599999
1761609600000,0.15256,0.15737,0.15256,0.15737,35996.8236284,1761638399999
1761638400000,0.15664,0.15664,0.15323,0.15323,3718.64340984,1761667199999
1761667200000,0.15438,0.15438,0.14861,0.14861,24426.30395038,1761695999999
1761696000000,0.14884,0.14884,0.14884,0.14884,29.14955377,1761724799999
1761724800000,0.14904,0.14994,0.14904,0.14994,3417.20869639,1761753599999
1761753600000,0.14864,0.15323,0.14731,0.15323,18705.83631499,1761782399999
1761782400000,0.1485,0.1485,0.14548,0.14627,66032.25374132,1761811199999
1761811200000,0.14536,0.14577,0.13988,0.14,18042.10932286,1761839999999
1761840000000,0.13821,0.1392,0.1368,0.1387,12226.84639442,1761868799999
1761897600000,0.14283,0.14593,0.14283,0.14379,69693.18388523,1761926399999
1761926400000,0.14378,0.14547,0.14145,0.14476,15048.10290344,1761955199999
1761955200000,0.14495,0.147,0.14495,0.14592,54737.86789081,1761983999999
1761984000000,0.1485,0.14984,0.1485,0.14984,7703.57146802,1762012799999
1762012800000,0.1525,0.1525,0.14846,0.14852,1328.33869122,1762041599999
1762041600000,0.15157,0.15822,0.15157,0.15614,122159.16296012,1762070399999
1762070400000,0.15627,0.15734,0.15057,0.15057,56287.2008142,1762099199999
1762099200000,0.1479,0.14939,0.14661,0.14939,44042.77515428,1762127999999
1762128000000,0.14517,0.14517,0.13895,0.14,50557.92548327,1762156799999
1762156800000,0.1392,0.1395,0.1319,0.13385,79072.17669368,1762185599999
1762185600000,0.13453,0.13711,0.13182,0.13275,18312.56934592,1762214399999
1762214400000,0.13669,0.13691,0.13064,0.13066,104982.09312034,1762243199999
1762243200000,0.13191,0.13419,0.13064,0.13419,59916.73055748,1762271999999
1762272000000,0.13293,0.13293,0.12136,0.12784,82001.64143986,1762300799999
1762300800000,0.12554,0.12759,0.12554,0.12759,9595.08300233,1762329599999
1762329600000,0.12644,0.12803,0.12565,0.12714,14657.1538091,1762358399999
1762358400000,0.12838,0.13006,0.12838,0.13006,32373.68161944,1762387199999
1762387200000,0.12999,0.12999,0.12999,0.12999,769.28994538,1762415999999
1762416000000,0.12709,0.12966,0.12685,0.12692,47330.96378031,1762444799999
1762444800000,0.13161,0.15618,0.13076,0.15068,3800246.50565028,1762473599999
1762473600000,0.14992,0.17165,0.14992,0.15641,4491420.06708941,1762502399999
1762502400000,0.1571,0.15962,0.14525,0.15624,1774843.75087325,1762531199999
1762531200000,0.161,0.20729,0.16009,0.17581,9168871.16254487,1762559999999
1762560000000,0.1784,0.17968,0.1625,0.1668,1634623.65495601,1762588799999
1762588800000,0.16573,0.17184,0.155,0.155,1085104.47516436,1762617599999
1762617600000,0.15483,0.15938,0.15449,0.15684,819193.18460017,1762646399999
1762646400000,0.15427,0.15465,0.1477,0.15036,334900.81335325,1762675199999
1762675200000,0.15024,0.15352,0.14753,0.15215,655765.43865232,1762703999999
1762704000000,0.15209,0.15415,0.1516,0.1525,208267.60027699,1762732799999
1762732800000,0.15148,0.15611,0.15117,0.154,300506.55510368,1762761599999
1762761600000,0.15364,0.15401,0.14893,0.15152,253545.2845448,1762790399999
1762790400000,0.15088,0.1517,0.14899,0.15076,270694.06841318,1762819199999
1762819200000,0.15127,0.15435,0.14938,0.15247,323846.6564608,1762847999999
1762848000000,0.15204,0.16088,0.15021,0.15053,1792988.4501968,1762876799999
1762876800000,0.15072,0.15332,0.14341,0.14341,163033.2007099,1762905599999
1762905600000,0.1438,0.14974,0.1438,0.14906,4579.5027554,1762934399999
1762934400000,0.14794,0.15119,0.14794,0.1483,42182.95950801,1762963199999
1762963200000,0.143,0.14933,0.143,0.14909,321279.07324519,1762991999999
1762992000000,0.15047,0.152,0.14702,0.14878,365143.21828672,1763020799999
1763020800000,0.14935,0.14935,0.14429,0.14441,108169.25283247,1763049599999
1763049600000,0.143,0.1431,0.1384,0.14182,61914.87106921,1763078399999
1763078400000,0.14183,0.14183,0.13704,0.14023,7969.51652347,1763107199999
1763107200000,0.13968,0.14204,0.1383,0.14204,39877.13637185,1763135999999
1763136000000,0.14071,0.14071,0.13787,0.13897,45586.88646482,1763164799999
1763164800000,0.14016,0.14217,0.14016,0.1411,40427.11556128,1763193599999
1763193600000,0.14013,0.14141,0.14013,0.14062,49829.37141525,1763222399999
1763222400000,0.14008,0.14033,0.13922,0.13974,134083.8464313,1763251199999
1763251200000,0.13951,0.14154,0.13951,0.14099,2646.19499016,1763279999999
1763280000000,0.14068,0.1416,0.13874,0.13896,15347.74915167,1763308799999
1763308800000,0.13755,0.13785,0.13631,0.13785,12550.04670761,1763337599999
1763337600000,0.14205,0.1431,0.14164,0.14179,16746.64595002,1763366399999
1763366400000,0.14193,0.14193,0.13917,0.13938,5446.77379065,1763395199999
1763395200000,0.14018,0.14018,0.13535,0.13672,7911.02529753,1763423999999
1763424000000,0.13834,0.13834,0.13597,0.13597,7831.98614837,1763452799999
1763452800000,0.13706,0.13786,0.13706,0.13786,4632.92014726,1763481599999
1763481600000,0.13944,0.14077,0.1391,0.1391,145.13636167,1763510399999
1763510400000,0.13803,0.13803,0.13585,0.13585,144.82908978,1763539199999
1763539200000,0.13915,0.1415,0.13814,0.13968,45521.89057278,1763567999999
1763568000000,0.13646,0.13758,0.13462,0.13696,22654.86438867,1763596799999
1763625600000,0.13862,0.13924,0.13843,0.13924,250.67518655,1763654399999
1763654400000,0.13656,0.13656,0.13413,0.13582,521.13629423,1763683199999
1763683200000,0.1364,0.1364,0.1282,0.13133,22355.19867555,1763711999999
1763712000000,0.12825,0.12939,0.125,0.12859,57122.6584059,1763740799999
1763740800000,0.1285,0.13182,0.12599,0.12804,3608.90196938,1763769599999
1763769600000,0.12645,0.12802,0.12645,0.12802,2068.75425161,1763798399999
1763798400000,0.12629,0.12969,0.12629,0.12969,8433.19142343,1763827199999
1763827200000,0.12912,0.12959,0.12834,0.12959,95587.09229862,1763855999999
1763856000000,0.12944,0.13103,0.12944,0.13021,1841.0211114,1763884799999
1763884800000,0.13117,0.13458,0.13117,0.13333,85209.03819943,1763913599999
1763913600000,0.13226,0.13227,0.12976,0.12976,45014.08648923,1763942399999
1763942400000,0.13169,0.13169,0.1307,0.13086,876.09550521,1763971199999
1763971200000,0.12799,0.13002,0.12799,0.13002,156.4385633,1763999999999
1764000000000,0.13428,0.13428,0.13348,0.13348,4782.81623208,1764028799999
1764057600000,0.13406,0.13414,0.13392,0.13414,4752.05404727,1764086399999
1764086400000,0.1344,0.13607,0.13355,0.13607,9436.13511838,1764115199999
1764115200000,0.13358,0.13358,0.13358,0.13358,37.28103009,1764143999999
1764144000000,0.13228,0.13228,0.13032,0.13034,1153.55684987,1764172799999
1764172800000,0.13064,0.13314,0.13032,0.13314,1456.83563683,1764201599999
1764230400000,0.13451,0.13451,0.13383,0.13415,150.43757121,1764259199999
1764259200000,0.13659,0.13697,0.13527,0.13582,685.44097893,1764287999999
1764288000000,0.13447,0.13447,0.133,0.13312,203.70393895,1764316799999
1764316800000,0.13454,0.13518,0.13385,0.13518,1330.13191389,1764345599999
1764345600000,0.13163,0.13252,0.1312,0.13252,4770.20151262,1764374399999
1764374400000,0.13193,0.13193,0.13193,0.13193,6.97014102,1764403199999
1764403200000,0.13284,0.13291,0.13227,0.13291,88821.99506512,1764431999999
1764432000000,0.1325,0.1325,0.13116,0.13116,46858.98739581,1764460799999
1764460800000,0.12912,0.12912,0.12912,0.12912,500.0,1764489599999
1764489600000,0.13041,0.13053,0.13041,0.13053,910.99049021,1764518399999
1764518400000,0.12992,0.13032,0.12992,0.13017,41535.77010697,1764547199999
1764547200000,0.12771,0.12771,0.12167,0.12255,51871.35268428,1764575999999
1764576000000,0.12891,0.12936,0.12447,0.12447,951632.42800725,1764604799999
1764604800000,0.12254,0.12471,0.12203,0.12462,9627.84541938,1764633599999
1764633600000,0.1277,0.1277,0.1277,0.1277,793.99807289,1764662399999
1764662400000,0.12662,0.13298,0.12662,0.13298,19723.66154316,1764691199999
1764691200000,0.1321,0.1321,0.13112,0.13165,327.85516457,1764719999999
1764720000000,0.13338,0.13441,0.13338,0.13437,1385.39179236,1764748799999
1764748800000,0.13234,0.13274,0.13234,0.13274,3826.91552063,1764777599999
1764777600000,0.13218,0.13219,0.13063,0.13111,2775.48602535,1764806399999
1764806400000,0.13069,0.13069,0.13069,0.13069,76.5169485,1764835199999
1764835200000,0.13051,0.13156,0.13036,0.13075,25918.77946778,1764863999999
1764864000000,0.12804,0.12804,0.12758,0.12758,163.87375818,1764892799999
1764892800000,0.12783,0.12783,0.12642,0.12642,1453.70344067,1764921599999
1764921600000,0.12642,0.12642,0.12484,0.12484,271.8625656,1764950399999
1764950400000,0.122,0.12291,0.12192,0.12291,6036.33391843,1764979199999
1764979200000,0.12307,0.12307,0.12307,0.12307,812.54570569,1765007999999
1765008000000,0.12375,0.12375,0.12338,0.12346,25048.08301791,1765036799999
1765036800000,0.12392,0.12392,0.12392,0.12392,201.17817947,1765065599999
1765094400000,0.12,0.12,0.12,0.12,125.0,1765123199999
1765123200000,0.12155,0.12417,0.12152,0.12152,1704.87612054,1765151999999
1765152000000,0.12171,0.124,0.12107,0.124,98246.26699502,1765180799999
1765180800000,0.12482,0.12482,0.12388,0.12388,3838.14256172,1765209599999
1765209600000,0.12249,0.12249,0.1212,0.12183,3108.06473322,1765238399999
1765238400000,0.12013,0.12087,0.12013,0.12087,15486.24187059,1765267199999
1765267200000,0.12057,0.12157,0.12034,0.12119,56290.84058561,1765295999999
1765296000000,0.12375,0.12731,0.12374,0.12596,21896.66319842,1765324799999
1765324800000,0.1278,0.1278,0.12652,0.12652,117344.90476951,1765353599999
1765353600000,0.12318,0.12318,0.12318,0.12318,80.93846403,1765382399999
1765382400000,0.12085,0.12101,0.12027,0.12027,12397.62779294,1765411199999
1765411200000,0.11968,0.11968,0.1165,0.1179,4802.3969715,1765439999999
1765440000000,0.11819,0.11835,0.11774,0.11774,5581.06517865,1765468799999
1765468800000,0.11719,0.11817,0.11719,0.11724,939.38664258,1765497599999
1765526400000,0.12025,0.12026,0.11906,0.11929,80644.77016841,1765555199999
1765555200000,0.11644,0.11962,0.11644,0.11826,418216.4583024,1765583999999
1765584000000,0.11909,0.11909,0.11909,0.11909,3306.43223215,1765612799999
1765612800000,0.11874,0.11874,0.11874,0.11874,10.81047252,1765641599999
1765641600000,0.11904,0.11904,0.11904,0.11904,331.96401117,1765670399999
1765670400000,0.1189,0.1189,0.1189,0.1189,117.14606034,1765699199999
1765699200000,0.11588,0.11588,0.11555,0.11555,92715.61421684,1765727999999
1765728000000,0.11575,0.11575,0.11281,0.11281,154132.42503286,1765756799999
1765756800000,0.11492,0.11535,0.11492,0.11535,59247.39100727,1765785599999
1765785600000,0.11354,0.11449,0.10982,0.10986,9117.92759016,1765814399999
1765814400000,0.10942,0.10942,0.1059,0.10662,347932.32680674,1765843199999
1765843200000,0.104,0.104,0.10308,0.10343,147235.87609073,1765871999999
1765872000000,0.10337,0.10532,0.10337,0.10532,10318.7418792,1765900799999
1765900800000,0.105,0.105,0.10441,0.10441,200.067568,1765929599999
1765958400000,0.10301,0.10378,0.10187,0.10378,42647.25027465,1765987199999
1765987200000,0.1008,0.1008,0.09782,0.0988,9062.2,1766015999999
1766016000000,0.09814,0.09814,0.09697,0.09697,114009.21592294,1766044799999
1766044800000,0.09738,0.09904,0.09738,0.09904,10206.43606032,1766073599999
1766073600000,0.09627,0.09627,0.09627,0.09627,82.97,1766102399999
1766102400000,0.09789,0.09883,0.09789,0.09883,10239.65953027,1766131199999
1766131200000,0.09953,0.09984,0.09949,0.09949,90.39840956,1766159999999
1766160000000,0.10144,0.10148,0.10144,0.10148,13108.10318657,1766188799999
1766188800000,0.10083,0.10141,0.10058,0.10141,310.61748532,1766217599999
1766217600000,0.10161,0.10161,0.10161,0.10161,14.43532189,1766246399999
1766246400000,0.10069,0.10069,0.1006,0.1006,1609.3255936,1766275199999
1766304000000,0.10048,0.10048,0.09795,0.09795,134432.7262405,1766332799999
1766332800000,0.09744,0.09744,0.09736,0.09736,10466.35096791,1766361599999
1766361600000,0.09738,0.0986,0.09734,0.0985,243680.17951377,1766390399999
1766390400000,0.09898,0.1044,0.09898,0.10103,386634.20746411,1766419199999
1766419200000,0.09851,0.09875,0.09841,0.09875,2732.08381645,1766447999999
1766448000000,0.09902,0.09902,0.09733,0.09733,510.56630294,1766476799999
1766476800000,0.09594,0.09594,0.09594,0.09594,20124.0,1766505599999
1766505600000,0.09751,0.09771,0.09731,0.09771,4657.37605841,1766534399999
1766534400000,0.09697,0.09721,0.09503,0.09503,216791.56170522,1766563199999
1766563200000,0.09473,0.09482,0.09467,0.09467,8633.3939584,1766591999999
1766592000000,0.09575,0.09584,0.09513,0.09584,105.80773457,1766620799999
1766649600000,0.098,0.09881,0.098,0.09881,1545.85717561,1766678399999
1766678400000,0.09894,0.09895,0.09894,0.09895,42.25076847,1766707199999
1766707200000,0.09694,0.09862,0.09694,0.09862,973.87130706,1766735999999
1766736000000,0.09856,0.1,0.09856,0.09913,557112.97497011,1766764799999
1766764800000,0.09743,0.09743,0.09743,0.09743,577.83614506,1766793599999
1766793600000,0.09767,0.09767,0.0974,0.0974,8524.25050297,1766822399999
1766822400000,0.09791,0.10033,0.09758,0.0992,669922.69569175,1766851199999
1766851200000,0.10022,0.1529,0.10013,0.13553,3334416.27028301,1766879999999
1766880000000,0.1328,0.14965,0.12289,0.14694,1941452.32707222,1766908799999
1766908800000,0.147,0.14794,0.12583,0.12664,2721149.96012307,1766937599999
1766937600000,0.12692,0.13136,0.1178,0.119,1444073.95815384,1766966399999
1766966400000,0.117,0.12497,0.115,0.1238,548803.28665403,1766995199999
1766995200000,0.12243,0.12537,0.11879,0.12418,396103.03739401,1767023999999
1767024000000,0.12245,0.1233,0.11846,0.12268,485396.73706338,1767052799999
1767052800000,0.12114,0.1378,0.11612,0.11884,1404368.70692194,1767081599999
1767081600000,0.11812,0.11835,0.1145,0.11598,394818.14194482,1767110399999
1767110400000,0.11453,0.11513,0.11326,0.11401,122299.51529743,1767139199999
1767139200000,0.11381,0.1152,0.11149,0.11417,125406.72747056,1767167999999
1767168000000,0.1152,0.11711,0.11045,0.1111,133899.68781741,1767196799999
1767196800000,0.10961,0.11013,0.10672,0.10915,85584.29940287,1767225599999
1767225600000,0.10826,0.10927,0.10652,0.10927,56563.56179462,1767254399999
1767254400000,0.10787,0.11195,0.10726,0.11031,69870.36130109,1767283199999
1767283200000,0.11029,0.11086,0.10914,0.10957,120246.97824035,1767311999999
1767312000000,0.11028,0.11028,0.10754,0.1076,76755.84440064,1767340799999
1767340800000,0.10825,0.11066,0.10792,0.1104,132632.74763127,1767369599999
1767369600000,0.11082,0.11263,0.10997,0.11244,118903.72499311,1767398399999
1767398400000,0.11278,0.11355,0.11046,0.11128,306943.32603517,1767427199999
1767427200000,0.11086,0.11369,0.11086,0.11288,50630.04624317,1767455999999
1767456000000,0.11221,0.11325,0.11135,0.11306,55167.99815314,1767484799999
1767484800000,0.11301,0.11301,0.11122,0.1119,19373.69261064,1767513599999
1767513600000,0.11152,0.11273,0.11127,0.11273,22917.64660797,1767542399999
1767542400000,0.11294,0.11365,0.11127,0.11247,14829.61633093,1767571199999
1767571200000,0.11305,0.11475,0.11049,0.11193,175765.99323627,1767599999999
1767600000000,0.1118,0.14848,0.11002,0.1306,2191166.99876505,1767628799999
1767628800000,0.13187,0.13238,0.12484,0.1258,604255.81003908,1767657599999
1767657600000,0.12401,0.12819,0.12197,0.12352,451987.60285991,1767686399999
1767686400000,0.12411,0.12736,0.12288,0.12717,400385.98325831,1767715199999
1767715200000,0.12529,0.12529,0.1165,0.123,63482.69811795,1767743999999
1767744000000,0.12378,0.12406,0.12035,0.12035,140163.56972057,1767772799999
1767772800000,0.12208,0.12224,0.11842,0.11842,19544.01273363,1767801599999
1767801600000,0.11825,0.11853,0.11713,0.1179,17648.91886232,1767830399999
1767830400000,0.11817,0.1205,0.1165,0.1165,4782.44234125,1767859199999
1767859200000,0.11818,0.11818,0.115,0.11706,183576.93297992,1767887999999
1767888000000,0.11775,0.11775,0.11608,0.11608,1502.27190755,1767916799999
1767916800000,0.11828,0.11868,0.11799,0.11799,128136.3899693,1767945599999
1767945600000,0.11943,0.1271,0.11943,0.12422,915480.52767699,1767974399999
1767974400000,0.12414,0.12414,0.12106,0.12224,163596.97817045,1768003199999
1768003200000,0.12174,0.12174,0.11931,0.11955,28839.61264683,1768031999999
1768032000000,0.12121,0.12121,0.12002,0.12025,3049.08302228,1768060799999
1768060800000,0.11854,0.11924,0.11746,0.11827,31495.09756595,1768089599999
1768089600000,0.11893,0.11894,0.11776,0.11811,23589.9262783,1768118399999
1768118400000,0.11803,0.11803,0.11417,0.11536,62013.91073504,1768147199999
1768147200000,0.1161,0.11821,0.1131,0.1131,113208.47533811,1768175999999
1768176000000,0.11346,0.11548,0.11331,0.11331,1155.53638255,1768204799999
1768204800000,0.11373,0.123,0.11298,0.12171,118857.62159047,1768233599999
1768233600000,0.12123,0.12123,0.11573,0.12006,16632.5787416,1768262399999
1768262400000,0.11727,0.12728,0.11727,0.12187,344587.79332622,1768291199999
1768291200000,0.12136,0.12367,0.12048,0.12362,117378.03397606,1768319999999
1768320000000,0.12269,0.12442,0.12252,0.1227,29992.31019538,1768348799999
1768348800000,0.1246,0.1246,0.12253,0.12387,16024.56187216,1768377599999
1768377600000,0.12392,0.12619,0.12218,0.12418,154678.39601384,1768406399999
1768406400000,0.12431,0.12439,0.12178,0.12372,56906.70990576,1768435199999
1768435200000,0.125,0.12699,0.12209,0.12227,138137.38635446,1768463999999
1768464000000,0.12275,0.12275,0.11928,0.11928,63078.63079758,1768492799999
1768492800000,0.12149,0.12312,0.11894,0.12312,13401.90896234,1768521599999
1768521600000,0.12368,0.127,0.12368,0.12697,56664.22931437,1768550399999
1768550400000,0.12511,0.12719,0.12291,0.12291,64872.9089329,1768579199999
1768579200000,0.12307,0.12543,0.12307,0.12543,42406.86223426,1768607999999
1768608000000,0.12543,0.12543,0.12355,0.12434,424.25327405,1768636799999
1768636800000,0.12476,0.1282,0.12476,0.1282,38699.8785605,1768665599999
1768665600000,0.12702,0.12702,0.12702,0.12702,27228.55236687,1768694399999
1768694400000,0.12634,0.12729,0.1227,0.12401,104730.84681016,1768723199999
1768723200000,0.124,0.124,0.12268,0.12268,50794.80209706,1768751999999
1768752000000,0.12351,0.1241,0.1194,0.1194,65352.05769814,1768780799999
1768780800000,0.118,0.12284,0.105,0.11343,178634.55605986,1768809599999
1768809600000,0.11354,0.11458,0.11318,0.11414,92859.46013301,1768838399999
1768838400000,0.11414,0.1159,0.11414,0.11474,2644.17894701,1768867199999
1768867200000,0.11453,0.11453,0.11156,0.11156,38582.73691225,1768895999999
1768896000000,0.11119,0.11245,0.10962,0.11065,20815.32484325,1768924799999
1768924800000,0.10794,0.10803,0.1059,0.1059,880.92346928,1768953599999
1768953600000,0.11086,0.11086,0.11086,0.11086,1213.82293893,1768982399999
1768982400000,0.10943,0.11079,0.10841,0.1104,14087.7534565,1769011199999
1769011200000,0.10717,0.11162,0.10717,0.11076,92969.84055834,1769039999999
1769040000000,0.11216,0.11216,0.11216,0.11216,5895.0,1769068799999
1769068800000,0.11083,0.11083,0.10904,0.10904,21595.47963807,1769097599999
1769097600000,0.10968,0.10976,0.10875,0.10903,7150.91248868,1769126399999
1769126400000,0.1103,0.1103,0.11025,0.11026,8464.23483788,1769155199999
1769184000000,0.10935,0.10935,0.10841,0.10841,2615.68664079,1769212799999
1769212800000,0.10833,0.10898,0.10833,0.10898,796.36697084,1769241599999
1769241600000,0.10999,0.10999,0.10963,0.10963,970.93419478,1769270399999
1769270400000,0.10844,0.10861,0.10844,0.10848,4429.11710226,1769299199999
1769299200000,0.10715,0.10715,0.10715,0.10715,47.90775416,1769327999999
1769328000000,0.10664,0.10834,0.10664,0.10709,187811.43028178,1769356799999
1769356800000,0.106,0.106,0.10159,0.10221,246825.64288786,1769385599999
1769385600000,0.10403,0.10557,0.10378,0.10557,277376.16570046,1769414399999
1769414400000,0.10477,0.10616,0.10454,0.10616,2947.58272474,1769443199999
1769443200000,0.10635,0.10635,0.10635,0.10635,0.00635367,1769471999999
1769472000000,0.10854,0.10864,0.10678,0.1071,50129.87379376,1769500799999
1769500800000,0.1069,0.10696,0.10433,0.10501,214919.14320815,1769529599999
1769529600000,0.10499,0.10629,0.10499,0.10629,19741.40883939,1769558399999
1769558400000,0.10598,0.10598,0.10534,0.10534,2629.47995365,1769587199999
1769587200000,0.10531,0.10607,0.10498,0.10498,60658.58079991,1769615999999
1769616000000,0.1049,0.10506,0.10411,0.10506,40560.47860152,1769644799999
1769644800000,0.1011,0.1011,0.1008,0.1008,2861.72889379,1769673599999
1769673600000,0.10137,0.10137,0.09612,0.09648,16538.03136352,1769702399999
1769702400000,0.09753,0.09933,0.09753,0.09861,129624.73503635,1769731199999
1769731200000,0.09876,0.0994,0.096,0.096,105214.92464327,1769759999999
1769760000000,0.09707,0.09804,0.09707,0.09721,48737.28899024,1769788799999
1769788800000,0.0987,0.0987,0.09624,0.09812,36898.62694579,1769817599999
1769817600000,0.09905,0.09905,0.09905,0.09905,15972.73985731,1769846399999
1769846400000,0.09763,0.09822,0.0926,0.09312,69855.26906461,1769875199999
1769875200000,0.09209,0.09209,0.085,0.09161,103374.82531698,1769903999999
1769904000000,0.09172,0.09411,0.09172,0.09403,192164.92358144,1769932799999
1769932800000,0.09477,0.0989,0.09098,0.09126,710141.07682276,1769961599999
1769961600000,0.09222,0.09222,0.08992,0.08992,65771.23255839,1769990399999
1769990400000,0.09229,0.09239,0.0897,0.09004,38525.78531912,1770019199999
1770019200000,0.09046,0.09233,0.09023,0.09233,8170.06514769,1770047999999
1770048000000,0.09369,0.0937,0.09225,0.09326,5244.1683372,1770076799999
1770076800000,0.09141,0.0961,0.09141,0.09488,60835.57342304,1770105599999
1770105600000,0.09489,0.09551,0.09371,0.0954,42903.65557137,1770134399999
1770134400000,0.08953,0.0955,0.08928,0.09268,181641.29534543,1770163199999
1770163200000,0.09331,0.09529,0.09331,0.0948,21639.4112311,1770191999999
1770192000000,0.09605,0.10181,0.09169,0.09169,167989.31693656,1770220799999
1770220800000,0.09105,0.09431,0.09104,0.09431,11686.14409279,1770249599999
1770249600000,0.0951,0.09511,0.09172,0.09172,53389.39575449,1770278399999
1770278400000,0.09114,0.09114,0.08527,0.08593,117763.46092483,1770307199999
1770307200000,0.08556,0.08598,0.08,0.08085,191857.8170342,1770335999999
1770336000000,0.08036,0.08184,0.075,0.08111,46250.64529798,1770364799999
1770364800000,0.0816,0.08658,0.08102,0.08658,83327.00909616,1770393599999
1770393600000,0.09052,0.09052,0.08798,0.08858,19146.03715638,1770422399999
1770422400000,0.08911,0.08911,0.08911,0.08911,17568.75693397,1770451199999
1770451200000,0.08785,0.10041,0.08692,0.0907,1563880.11970083,1770479999999
1770480000000,0.09161,0.0925,0.09028,0.09183,118549.00157438,1770508799999
1770508800000,0.08965,0.08965,0.08965,0.08965,33.23217512,1770537599999
1770537600000,0.09036,0.09036,0.08837,0.0884,56152.37603121,1770566399999
1770566400000,0.08765,0.08765,0.08643,0.08643,24193.6619822,1770595199999
1770595200000,0.08536,0.08536,0.08536,0.08536,58.34114339,1770623999999
1770624000000,0.0846,0.0846,0.08134,0.08162,34042.78240694,1770652799999
1770652800000,0.08315,0.08492,0.08285,0.08363,50429.38855786,1770681599999
1770681600000,0.08363,0.08363,0.08313,0.08313,37601.71281219,1770710399999
1770710400000,0.08258,0.08258,0.08137,0.08191,14653.05099775,1770739199999
1770739200000,0.08159,0.08222,0.08159,0.08222,80811.66824486,1770767999999
1770768000000,0.08233,0.08233,0.08013,0.08013,4693.39557539,1770796799999
1770796800000,0.0791,0.07927,0.07903,0.07927,7690.4318584,1770825599999
1770825600000,0.08219,0.08219,0.08212,0.08212,4961.77301509,1770854399999
1770854400000,0.08298,0.08375,0.08298,0.08375,180.79510598,1770883199999
1770883200000,0.08543,0.08563,0.08323,0.08323,38669.58506178,1770911999999
1770912000000,0.08174,0.08174,0.08174,0.08174,60.92488377,1770940799999
1770940800000,0.08249,0.08256,0.08249,0.08256,121.2268212,1770969599999
1770969600000,0.0841,0.08526,0.08387,0.08497,52769.44360524,1770998399999
1770998400000,0.08729,0.08729,0.0869,0.0869,3052.86065986,1771027199999
1771027200000,0.088,0.08842,0.08736,0.08736,13838.00623708,1771055999999
1771056000000,0.08876,0.08876,0.08796,0.08845,525.46610888,1771084799999
1771084800000,0.0899,0.0899,0.0899,0.0899,62.50332,1771113599999
1771113600000,0.08915,0.09183,0.08915,0.09183,18473.01714689,1771142399999
1771142400000,0.09017,0.09017,0.08632,0.08632,15896.76400301,1771171199999
1771171200000,0.08629,0.08629,0.08402,0.08402,8549.97516235,1771199999999
1771200000000,0.0881,0.10851,0.0881,0.0953,772632.24344231,1771228799999
1771228800000,0.09459,0.09509,0.09142,0.09142,61222.33037328,1771257599999
1771257600000,0.09203,0.09438,0.09137,0.09311,63612.34101774,1771286399999
1771286400000,0.09194,0.09219,0.09001,0.09079,4945.11661313,1771315199999
1771315200000,0.09075,0.09075,0.08827,0.08853,9723.04313138,1771343999999
1771344000000,0.0903,0.09053,0.0903,0.09053,1240.51613228,1771372799999
1771372800000,0.0882,0.0882,0.08505,0.08545,219383.53906244,1771401599999
1771401600000,0.08591,0.08607,0.08534,0.08607,428.1868712,1771430399999
1771430400000,0.08538,0.08538,0.08403,0.08409,20201.99590391,1771459199999
1771459200000,0.08441,0.08503,0.08398,0.08426,64196.54320183,1771487999999
1771488000000,0.08327,0.08327,0.08,0.080027,118105.24666914,1771516799999
1771516800000,0.08091,0.081176,0.080034,0.081176,67523.6703401,1771545599999
1771545600000,0.081439,0.081657,0.080215,0.08022,128816.24000832,1771574399999
1771574400000,0.080708,0.08165,0.079916,0.081522,48177.82695928,1771603199999
1771603200000,0.081902,0.083107,0.081902,0.083107,20475.85093989,1771631999999
1771660800000,0.083129,0.08387,0.083129,0.08321,20059.42581981,1771689599999
1771689600000,0.082534,0.082534,0.082534,0.082534,20023.61760024,1771718399999
1771718400000,0.080094,0.080094,0.080094,0.080094,1275.58763649,1771747199999
1771747200000,0.080101,0.080154,0.080101,0.080154,986.4,1771775999999
1771776000000,0.079501,0.079753,0.079501,0.079753,46541.60851279,1771804799999
1771804800000,0.077243,0.077243,0.074903,0.076307,27323.7432002,1771833599999
1771833600000,0.075711,0.077594,0.075711,0.076673,41381.17132346,1771862399999
1771862400000,0.075856,0.075856,0.074653,0.07511,42996.73571696,1771891199999
1771891200000,0.075311,0.082,0.075311,0.079,514365.06608224,1771919999999
1771920000000,0.079495,0.084996,0.076299,0.078775,1026569.0389791,1771948799999
1771948800000,0.079486,0.082357,0.078341,0.07996,308839.46389162,1771977599999
1771977600000,0.0804,0.081613,0.079834,0.079834,31926.65368232,1772006399999
1772006400000,0.081418,0.083359,0.080524,0.083359,110695.76922885,1772035199999
1772035200000,0.0835,0.0841,0.083235,0.083593,75990.74782307,1772063999999
1772064000000,0.082648,0.082694,0.081369,0.081411,126881.55157955,1772092799999
1772092800000,0.082179,0.082523,0.080842,0.080842,156967.96394639,1772121599999
1772121600000,0.081162,0.081513,0.079128,0.081513,103782.1957728,1772150399999
1772150400000,0.080482,0.082364,0.080482,0.082283,143642.20116959,1772179199999
1772179200000,0.081647,0.081647,0.08056,0.08056,42736.32028322,1772207999999
1772208000000,0.079972,0.079972,0.079448,0.079448,9906.62198485,1772236799999
1772236800000,0.080189,0.082413,0.077076,0.077978,173255.82564208,1772265599999
1772265600000,0.076394,0.078441,0.076394,0.0783,22159.58498569,1772294399999
1772294400000,0.079166,0.082136,0.079127,0.082058,88914.74689343,1772323199999
1772323200000,0.081422,0.082941,0.081088,0.082686,60658.97350181,1772351999999
1772352000000,0.081203,0.081203,0.08045,0.080846,126995.18159167,1772380799999
1772380800000,0.08045,0.08045,0.077313,0.079213,185436.22440281,1772409599999
1772409600000,0.079896,0.082088,0.079431,0.081782,54215.73213094,1772438399999
1772438400000,0.081103,0.0835,0.080186,0.082822,313913.48464319,1772467199999
1772467200000,0.083633,0.083697,0.081154,0.081154,105527.2721125,1772495999999
1772496000000,0.08132,0.08414,0.08132,0.08414,287253.83368281,1772524799999
1772524800000,0.083314,0.083314,0.080896,0.080896,3863.87735128,1772553599999
1772553600000,0.081684,0.081684,0.080318,0.080318,20394.5613427,1772582399999
1772582400000,0.079288,0.080437,0.079288,0.080437,21436.30476331,1772611199999
1772611200000,0.080492,0.08265,0.080492,0.08265,111425.34663273,1772639999999
1772640000000,0.083248,0.0835,0.082039,0.082039,96202.93986987,1772668799999
1772668800000,0.081219,0.081219,0.081219,0.081219,61.80819759,1772697599999
1772697600000,0.082292,0.082514,0.081406,0.081406,43599.08801359,1772726399999
1772726400000,0.0809,0.081574,0.079529,0.081574,36986.09881098,1772755199999
1772755200000,0.081869,0.081869,0.081869,0.081869,1221.46355763,1772783999999
1772784000000,0.081558,0.081558,0.078129,0.078129,2348.26619909,1772812799999
1772812800000,0.078792,0.078792,0.078792,0.078792,1668.7858025,1772841599999
1772870400000,0.078645,0.07866,0.078645,0.07866,2542.83082951,1772899199999
1772899200000,0.077658,0.077658,0.077341,0.07751,22940.58543929,1772927999999
1772928000000,0.076722,0.076722,0.075845,0.075845,44123.05281227,1772956799999
1772956800000,0.076662,0.077493,0.076207,0.076207,6519.67498722,1772985599999
1772985600000,0.075598,0.076982,0.075504,0.076013,10387.58047996,1773014399999
1773014400000,0.075698,0.078003,0.075698,0.076884,10958.7076396,1773043199999
1773043200000,0.077782,0.077782,0.077356,0.077356,4113.73297291,1773071999999
1773072000000,0.077403,0.077979,0.0774,0.077979,2182.86442359,1773100799999
1773100800000,0.076994,0.078,0.076994,0.078,11297.59126452,1773129599999
1773129600000,0.078257,0.078258,0.077349,0.077349,2909.28415364,1773158399999
1773158400000,0.077645,0.077645,0.076739,0.077188,87299.85386554,1773187199999
1773187200000,0.077175,0.084578,0.077175,0.080024,993233.97459648,1773215999999
1773216000000,0.080884,0.0821,0.079662,0.081442,725577.55055208,1773244799999
1773244800000,0.082455,0.084192,0.081581,0.081581,253371.03899412,1773273599999
1773273600000,0.081468,0.081561,0.080637,0.081195,89610.84256145,1773302399999
1773302400000,0.081351,0.081979,0.080786,0.081278,108147.13138211,1773331199999
1773331200000,0.082614,0.084513,0.082608,0.083532,287394.0400742,1773359999999
1773360000000,0.084398,0.08458,0.080002,0.083709,57763.08178113,1773388799999
1773388800000,0.083338,0.08464,0.083288,0.08464,144465.74988429,1773417599999
1773417600000,0.085204,0.085415,0.083941,0.084697,119217.68239522,1773446399999
1773446400000,0.084491,0.084491,0.083624,0.083923,41879.64899243,1773475199999
1773475200000,0.083453,0.084358,0.083453,0.084358,57641.60457289,1773503999999
1773504000000,0.084342,0.085394,0.084342,0.084461,59740.22100432,1773532799999
1773532800000,0.084064,0.084857,0.084064,0.084857,37936.63805813,1773561599999
1773561600000,0.08457,0.08457,0.0838,0.0838,56988.77118794,1773590399999
1773619200000,0.085991,0.087683,0.085991,0.087361,139111.99060999,1773647999999
1773648000000,0.086684,0.086901,0.085008,0.086208,308476.13062073,1773676799999
1773676800000,0.086547,0.088109,0.086491,0.088109,389569.01413547,1773705599999
1773705600000,0.08755,0.088491,0.085531,0.086453,110488.25403114,1773734399999
1773734400000,0.086467,0.088977,0.086343,0.087876,720638.45831068,1773763199999
1773763200000,0.0883,0.089195,0.08811,0.08811,509360.23700282,1773791999999
1773792000000,0.087865,0.0899,0.087474,0.089818,918168.37729575,1773820799999
1773820800000,0.090007,0.090199,0.086107,0.086381,55197.76877957,1773849599999
1773849600000,0.085702,0.087113,0.085671,0.087056,15708.12093084,1773878399999
1773878400000,0.086571,0.089684,0.086571,0.087407,1449086.73148227,1773907199999
1773907200000,0.087909,0.089992,0.087417,0.088672,459659.43569076,1773935999999
1773936000000,0.08958,0.092835,0.088079,0.089939,493252.10723762,1773964799999
1773964800000,0.089557,0.090126,0.086349,0.0879,508989.05078353,1773993599999
1773993600000,0.087884,0.088507,0.087856,0.087856,227905.96528304,1774022399999
1774022400000,0.086564,0.087709,0.085907,0.087305,134543.71794228,1774051199999
1774051200000,0.086999,0.086999,0.086332,0.086332,2285.08419549,1774079999999
1774080000000,0.086014,0.086014,0.08495,0.08495,40207.08310396,1774108799999
1774108800000,0.085768,0.085768,0.083093,0.083962,49496.26609635,1774137599999
1774137600000,0.083376,0.084271,0.082714,0.082714,67717.82567207,1774166399999
1774166400000,0.082459,0.082917,0.082458,0.08278,26006.30094841,1774195199999
1774195200000,0.082509,0.08263,0.080665,0.080665,20642.21529295,1774223999999
1774224000000,0.082463,0.082463,0.082463,0.082463,20465.99496221,1774252799999
1774252800000,0.083336,0.086899,0.082524,0.08497,51920.62280985,1774281599999
1774281600000,0.0862,0.088275,0.0862,0.088275,23103.65142417,1774310399999
1774310400000,0.088123,0.088713,0.087638,0.087888,46922.8167788,1774339199999
1774339200000,0.086721,0.09,0.086635,0.087813,71606.17660311,1774367999999
1774368000000,0.088168,0.088315,0.088048,0.088048,32155.23460957,1774396799999
1774396800000,0.087602,0.087602,0.087481,0.087573,3353.74524362,1774425599999
1774425600000,0.087384,0.087702,0.086595,0.087125,75838.26132748,1774454399999
1774454400000,0.088112,0.088274,0.087703,0.088274,6846.8912372,1774483199999
1774512000000,0.085103,0.085129,0.08423,0.084498,4607.7438508,1774540799999
1774540800000,0.082989,0.084184,0.082989,0.084184,43438.18940673,1774569599999
1774569600000,0.083734,0.085745,0.083734,0.085745,733.02500946,1774598399999
1774598400000,0.086536,0.092884,0.08,0.080334,1213485.59811752,1774627199999
1774627200000,0.081671,0.081671,0.081405,0.081405,43083.10717077,1774655999999
1774656000000,0.080334,0.080376,0.078694,0.079667,55926.52376835,1774684799999
1774684800000,0.079638,0.08021,0.07872,0.07872,75417.33697011,1774713599999
1774713600000,0.078626,0.078626,0.076403,0.076403,43465.49077814,1774742399999
1774742400000,0.077216,0.077445,0.074789,0.075219,89654.6946916,1774771199999
1774771200000,0.075,0.075621,0.07346,0.074321,104743.04068878,1774799999999
1774800000000,0.075726,0.075726,0.07392,0.074703,27021.24677286,1774828799999
1774828800000,0.077884,0.077884,0.077174,0.077174,684.76195232,1774857599999
1774857600000,0.077969,0.078692,0.077118,0.078685,145380.38890122,1774886399999
1774886400000,0.079157,0.079157,0.077579,0.078862,8483.10475068,1774915199999
1774915200000,0.077735,0.077735,0.077598,0.077598,13810.0,1774943999999
1774944000000,0.077873,0.078333,0.077873,0.078249,13779.83934686,1774972799999
1774972800000,0.079037,0.079037,0.078683,0.078935,2059.17330203,1775001599999
1775001600000,0.079208,0.079684,0.078691,0.078691,63492.13509274,1775030399999
1775030400000,0.079285,0.080181,0.079236,0.079791,189172.62637062,1775059199999
1775059200000,0.080935,0.080935,0.080935,0.080935,20796.67253239,1775087999999
1775088000000,0.080276,0.080771,0.080135,0.080135,63043.23300218,1775116799999
1775116800000,0.079934,0.080259,0.078924,0.079254,98762.55307392,1775145599999
1775145600000,0.079539,0.080034,0.07899,0.079158,19446.26116521,1775174399999
1775174400000,0.079801,0.079801,0.079801,0.079801,425.80083378,1775203199999
1775203200000,0.081263,0.083613,0.08116,0.081208,201159.87133841,1775231999999
1775232000000,0.080235,0.08029,0.079741,0.080116,58642.95905853,1775260799999
1775260800000,0.082,0.083627,0.082,0.08336,112243.31318442,1775289599999
1775289600000,0.08384,0.08384,0.080616,0.080616,45589.23861472,1775318399999
1775318400000,0.081222,0.082235,0.081222,0.082235,23065.00536221,1775347199999
1775347200000,0.081687,0.081687,0.081687,0.081687,20844.46819882,1775375999999
1775376000000,0.081064,0.081607,0.080665,0.081061,46607.95559496,1775404799999
1775404800000,0.080853,0.081414,0.080853,0.081414,894.83551143,1775433599999
1775433600000,0.081586,0.081988,0.081536,0.081696,48117.46540307,1775462399999
1775462400000,0.082554,0.083666,0.082554,0.083135,104305.64564359,1775491199999
1775491200000,0.083224,0.084795,0.083224,0.083321,34020.36513114,1775519999999
1775520000000,0.081892,0.081892,0.081892,0.081892,11839.0831814,1775548799999
1775548800000,0.082046,0.082046,0.07934,0.079559,34002.51233672,1775577599999
1775577600000,0.080326,0.084051,0.080108,0.084051,60514.41915766,1775606399999
1775606400000,0.083485,0.083853,0.083343,0.083561,96328.22470117,1775635199999
1775635200000,0.081993,0.08308,0.081993,0.08308,6337.93916596,1775663999999
1775664000000,0.083317,0.083317,0.081642,0.081642,45563.20584745,1775692799999
1775692800000,0.080808,0.080808,0.080808,0.080808,45.01977395,1775721599999
1775721600000,0.084504,0.08499,0.081539,0.081575,48807.70300123,1775750399999
1775750400000,0.082294,0.083206,0.081855,0.083206,27237.00480454,1775779199999
1775779200000,0.081259,0.082625,0.081259,0.082625,12639.1765306,1775807999999
1775808000000,0.082959,0.083405,0.082759,0.083405,21495.25203693,1775836799999
1775836800000,0.083758,0.083758,0.083357,0.083668,20703.97393837,1775865599999
1775865600000,0.083986,0.083986,0.083022,0.083022,81120.48365897,1775894399999
1775894400000,0.083175,0.084965,0.082829,0.083881,161434.36644945,1775923199999
1775923200000,0.084886,0.086822,0.084886,0.085118,238269.32026824,1775951999999
1775952000000,0.084744,0.084744,0.083418,0.083549,47963.42210964,1775980799999
1775980800000,0.08325,0.083973,0.082316,0.082912,88928.59879933,1776009599999
1776009600000,0.08397,0.08397,0.08397,0.08397,826.60473978,1776038399999
1776038400000,0.082524,0.082524,0.082524,0.082524,20158.16405644,1776067199999
1776067200000,0.082967,0.082967,0.082635,0.082635,2919.91314228,1776095999999
1776096000000,0.082662,0.08693,0.081989,0.082465,240826.56025625,1776124799999
1776124800000,0.084411,0.084411,0.08392,0.08394,2446.73923943,1776153599999
1776153600000,0.083786,0.084876,0.083786,0.084746,98116.08275062,1776182399999
1776182400000,0.083705,0.083705,0.082664,0.08341,100246.49103365,1776211199999
1776211200000,0.083333,0.083625,0.082892,0.083588,1979.84707153,1776239999999
1776240000000,0.083164,0.083164,0.083164,0.083164,1202.44336491,1776268799999
1776268800000,0.08534,0.085455,0.085058,0.085058,39797.04989716,1776297599999
1776297600000,0.086,0.087303,0.086,0.087027,41708.04678625,1776326399999
1776326400000,0.087987,0.088654,0.087021,0.087485,545300.9751873,1776355199999
1776355200000,0.088014,0.088762,0.087724,0.088762,84238.06066104,1776383999999
1776384000000,0.088221,0.090271,0.088221,0.090271,23351.2281644,1776412799999
1776412800000,0.090475,0.09068,0.089669,0.0906,50661.0373076,1776441599999
1776441600000,0.091205,0.091205,0.090968,0.090968,1547.67068424,1776470399999
1776470400000,0.090708,0.091726,0.090708,0.091726,37726.14609338,1776499199999
1776499200000,0.091688,0.091688,0.088236,0.08848,25665.68208785,1776527999999
1776528000000,0.088165,0.088165,0.086957,0.08783,138935.53306413,1776556799999
1776556800000,0.085948,0.087047,0.085948,0.087047,1736.43532396,1776585599999
1776585600000,0.087135,0.087178,0.086508,0.08709,19984.26137852,1776614399999
1776614400000,0.087987,0.087987,0.084636,0.084636,58186.31448308,1776643199999
1776672000000,0.08561,0.08561,0.08561,0.08561,0.08254381,1776700799999
1776700800000,0.08567,0.086391,0.085532,0.086391,7255.26501556,1776729599999
1776729600000,0.085334,0.085334,0.085334,0.085334,117.18658448,1776758399999
1776758400000,0.0855,0.085554,0.0855,0.085554,498.62543378,1776787199999
1776787200000,0.084917,0.085336,0.084917,0.085219,3905.64890896,1776815999999
1776816000000,0.086592,0.086592,0.086592,0.086592,1154.84109386,1776844799999
1776844800000,0.08676,0.087109,0.08676,0.087109,1017.97285265,1776873599999
1776873600000,0.087108,0.087108,0.087108,0.087108,441.55081949,1776902399999
1776902400000,0.085255,0.085457,0.08483,0.08483,20489.96261635,1776931199999
1776931200000,0.084719,0.084719,0.084719,0.084719,353.1675303,1776959999999
1776960000000,0.084719,0.085571,0.084719,0.085571,5887.12103511,1776988799999
1777017600000,0.085595,0.085595,0.085595,0.085595,728.61200932,1777046399999
1777075200000,0.086997,0.086997,0.08652,0.08652,9548.71939262,1777103999999
1777104000000,0.088587,0.08913,0.088587,0.088861,55679.80901389,1777132799999
1777132800000,0.087681,0.087681,0.087035,0.08731,64171.08415734,1777161599999
1777161600000,0.087469,0.087674,0.087469,0.087674,6696.41914909,1777190399999
1777190400000,0.087889,0.087889,0.086993,0.087231,4455.92354015,1777219199999
1777248000000,0.087421,0.087421,0.08516,0.08516,23854.59314169,1777276799999
1777276800000,0.085185,0.085185,0.084476,0.084476,421.33140878,1777305599999
1777305600000,0.083948,0.084498,0.083687,0.084498,17629.65793033,1777334399999
1777334400000,0.084383,0.084853,0.084143,0.084143,1138.22997897,1777363199999
1777392000000,0.084,0.084552,0.083885,0.084133,7473.79159009,1777420799999
1777420800000,0.084046,0.084046,0.084046,0.084046,66.63017871,1777449599999
1777449600000,0.084606,0.084883,0.08331,0.08331,5624.12058315,1777478399999
1777478400000,0.083219,0.083237,0.081447,0.082358,4739.01246428,1777507199999
1777507200000,0.082691,0.082692,0.082691,0.082692,6037.46432544,1777535999999
1777536000000,0.082753,0.082753,0.082172,0.082172,21097.49606367,1777564799999
1777564800000,0.082097,0.082097,0.081764,0.081765,11785.16733901,1777593599999
1777622400000,0.082057,0.082057,0.082057,0.082057,163.70511314,1777651199999
1777651200000,0.082184,0.082184,0.082016,0.082016,237.28899726,1777679999999
1777737600000,0.082525,0.082898,0.082376,0.082898,18478.689718,1777766399999
1777795200000,0.081958,0.082168,0.081958,0.082168,192.1330451,1777823999999
1777824000000,0.082306,0.082306,0.081957,0.081957,1316.22265542,1777852799999
1777852800000,0.084136,0.084218,0.083717,0.083903,5660.43970973,1777881599999
1777881600000,0.082914,0.082914,0.08278,0.08278,241.00091164,1777910399999
1777910400000,0.083411,0.083492,0.083411,0.083492,59.71298383,1777939199999
1777939200000,0.083788,0.086571,0.083546,0.086067,28025.68622208,1777967999999
1777968000000,0.085915,0.086315,0.08572,0.08572,75293.8275068,1777996799999
1777996800000,0.086216,0.090515,0.086216,0.088085,540339.62453331,1778025599999
1778025600000,0.088101,0.127611,0.088101,0.110957,3129394.62945149,1778054399999
1778054400000,0.11104,0.117972,0.098927,0.099096,1025841.94421631,1778083199999
1778083200000,0.098625,0.099938,0.096734,0.097793,573983.66892277,1778111999999
1778112000000,0.097696,0.098299,0.093,0.097084,796014.15449828,1778140799999
1778140800000,0.096892,0.098706,0.095734,0.096402,335084.71828944,1778169599999
1778169600000,0.096382,0.099426,0.095892,0.099185,168159.42184299,1778198399999
1778198400000,0.09904,0.108943,0.097333,0.098436,1329144.95796956,1778227199999
1778227200000,0.09818,0.10482,0.096352,0.1035,943307.11724576,1778255999999
1778256000000,0.103721,0.106,0.099013,0.103139,609544.13014422,1778284799999
1778284800000,0.102565,0.103864,0.100067,0.100219,133815.87139697,1778313599999
1778313600000,0.099724,0.101683,0.097096,0.098838,327221.29495683,1778342399999
1778342400000,0.098765,0.099799,0.098266,0.098678,233854.07317453,1778371199999
1778371200000,0.098289,0.098666,0.096439,0.097466,152719.50077439,1778399999999
1778400000000,0.097464,0.09836,0.097,0.097,64651.53190946,1778428799999
1778428800000,0.09798,0.099233,0.096008,0.097219,98276.84125092,1778457599999
1778457600000,0.097299,0.097299,0.095,0.096101,16023.466033,1778486399999
1778486400000,0.095881,0.096622,0.09514,0.095264,5089.59859759,1778515199999
1778515200000,0.09543,0.096104,0.095225,0.095447,6145.60478039,1778543999999
1778544000000,0.096225,0.096335,0.095337,0.095337,150541.028809,1778572799999
1778572800000,0.09503,0.095567,0.091276,0.091988,229879.16668924,1778601599999
1778601600000,0.091902,0.093093,0.091495,0.092186,58735.2138342,1778630399999
1778630400000,0.092982,0.093535,0.092592,0.093309,36912.86726983,1778659199999
1778659200000,0.094459,0.094485,0.09,0.09,99162.0155616,1778687999999
1778688000000,0.090531,0.090531,0.090131,0.090393,139639.23832211,1778716799999
1778716800000,0.090687,0.090741,0.088823,0.090342,54547.53314089,1778745599999
1778745600000,0.090246,0.0939,0.090112,0.0939,144206.51842281,1778774399999
1778774400000,0.094442,0.094852,0.093154,0.093154,46388.03677394,1778803199999
1778803200000,0.092561,0.092561,0.09075,0.091588,88714.54599916,1778831999999
1778832000000,0.09073,0.097147,0.086862,0.096137,1897066.72450868,1778860799999
1778860800000,0.095911,0.137053,0.092032,0.113102,8419826.85278238,1778889599999
1778889600000,0.112586,0.129972,0.1075,0.10851,2322112.33571645,1778918399999
1778918400000,0.108952,0.109431,0.101807,0.10589,2895003.4446581,1778947199999
1778947200000,0.10494,0.10769,0.10324,0.104077,544654.4028807,1778975999999
1778976000000,0.104093,0.10786,0.099479,0.104019,514284.97794791,1779004799999
1779004800000,0.103,0.10659,0.100572,0.101859,285774.78202169,1779033599999
1779033600000,0.101816,0.101816,0.093,0.095457,262775.72018422,1779062399999
1779062400000,0.095448,0.097305,0.094189,0.094232,304880.77931249,1779091199999
1779091200000,0.09478,0.096719,0.093623,0.095494,301087.77571302,1779119999999
1779120000000,0.09527,0.096,0.093234,0.096,132428.43010497,1779148799999
1779148800000,0.0975,0.10374,0.097473,0.098385,574242.2301514,1779177599999
1779177600000,0.098385,0.111002,0.098311,0.100583,2510468.86648178,1779206399999
1779206400000,0.1004,0.102853,0.098822,0.099717,292168.9780747,1779235199999
1779235200000,0.099177,0.100533,0.098299,0.09965,86636.56606958,1779263999999
1779264000000,0.099907,0.099907,0.095954,0.096677,498822.70029394,1779292799999
1779292800000,0.096812,0.097652,0.095684,0.097148,232343.63180642,1779321599999
1779321600000,0.097541,0.100162,0.097541,0.098514,91837.6907591,1779350399999
1779350400000,0.098164,0.099522,0.097362,0.098648,185268.71839002,1779379199999
1779379200000,0.098708,0.098911,0.098311,0.098522,127717.02506099,1779407999999
1779408000000,0.09845,0.100187,0.097983,0.098948,106805.93936227,1779436799999
1779436800000,0.098476,0.098476,0.092091,0.092932,745194.49444731,1779465599999
1779465600000,0.092706,0.092706,0.088441,0.088441,174263.8726475,1779494399999
1779494400000,0.089106,0.096315,0.087531,0.087797,1768561.85784608,1779523199999
1779523200000,0.087831,0.090709,0.087308,0.090709,150808.0975099,1779551999999
1779552000000,0.090544,0.091478,0.089857,0.09088,27753.20135138,1779580799999
1779580800000,0.090887,0.090979,0.089034,0.089449,210613.77662134,1779609599999
1779609600000,0.089447,0.093038,0.08936,0.090119,771129.40927779,1779638399999
1779638400000,0.090172,0.090172,0.08743,0.089837,74988.64685571,1779667199999
1779667200000,0.089534,0.091076,0.088572,0.090206,281691.40774367,1779695999999
1779696000000,0.090145,0.09126,0.089763,0.090631,202422.44364109,1779724799999
1779724800000,0.09036,0.090565,0.088189,0.088236,134278.81853753,1779753599999
1779753600000,0.087855,0.087855,0.084955,0.086816,228248.82848287,1779782399999
1779782400000,0.086141,0.087945,0.086019,0.086412,730715.70426826,1779811199999
1779811200000,0.086581,0.088516,0.086212,0.088516,241347.46920886,1779839999999
1779840000000,0.088381,0.093193,0.087441,0.089223,2179557.64243835,1779868799999
1779868800000,0.089397,0.093096,0.088135,0.09242,1181889.2918652,1779897599999
1779897600000,0.093,0.093288,0.090016,0.092351,787492.16408507,1779926399999
1779926400000,0.0923,0.09338,0.086786,0.087931,1178416.02376985,1779955199999
1779955200000,0.087773,0.088051,0.083299,0.083299,274415.06858496,1779983999999
1779984000000,0.083753,0.086533,0.083753,0.085123,30560.90634007,1780012799999
1780012800000,0.084691,0.084954,0.08235,0.083552,81597.18801663,1780041599999
1780041600000,0.082876,0.083396,0.078122,0.080554,119417.32778647,1780070399999
1780070400000,0.081093,0.08177,0.07972,0.080507,26110.85084223,1780099199999
1780099200000,0.080243,0.082709,0.080233,0.081741,22457.02134311,1780127999999
1780128000000,0.081657,0.08191,0.079799,0.079864,41240.22198528,1780156799999
1780156800000,0.079552,0.080236,0.079214,0.079833,16390.19187103,1780185599999
1780185600000,0.07929,0.081258,0.07929,0.080343,20789.29125967,1780214399999
1780214400000,0.0806,0.088444,0.080341,0.080708,462983.64267272,1780243199999
1780243200000,0.080297,0.080859,0.079306,0.080859,184146.65285873,1780271999999
1780272000000,0.080947,0.084872,0.080367,0.082209,633524.99810708,1780300799999
1780300800000,0.083269,0.085114,0.080314,0.080782,338165.17697516,1780329599999
1780329600000,0.081643,0.082331,0.08116,0.082331,20162.82495683,1780358399999
1780358400000,0.082425,0.082425,0.079497,0.079681,30073.71552492,1780387199999
1780387200000,0.07879,0.07879,0.07459,0.074764,249207.06271679,1780415999999
1780416000000,0.075509,0.07746,0.075087,0.076135,149839.90471814,1780444799999
1780444800000,0.077107,0.079225,0.076608,0.078798,85943.25682479,1780473599999
1780473600000,0.078316,0.080783,0.078277,0.079912,152213.23896402,1780502399999
1780502400000,0.079506,0.079713,0.075511,0.076007,124448.74660512,1780531199999
1780531200000,0.076273,0.076673,0.071945,0.074416,411390.38730012,1780559999999
1780560000000,0.073794,0.073794,0.07,0.073614,230442.70744324,1780588799999
1780588800000,0.0727,0.074342,0.0727,0.074342,798.80042911,1780617599999
1780617600000,0.073147,0.073147,0.067876,0.06909,16702.87525838,1780646399999
1780646400000,0.068888,0.068908,0.064605,0.064619,222420.5866911,1780675199999
1780675200000,0.065325,0.067106,0.064658,0.067106,25937.59106066,1780703999999
1780704000000,0.066392,0.066392,0.061795,0.063879,5266.91297468,1780732799999
1780732800000,0.065725,0.06704,0.065725,0.06704,2083.33240139,1780761599999
1780761600000,0.065556,0.065556,0.065556,0.065556,152.5413387,1780790399999
1780790400000,0.067274,0.067831,0.066084,0.067566,42640.7644532,1780819199999
1780819200000,0.0685,0.0685,0.066854,0.067316,16019.60861406,1780847999999
1780876800000,0.067694,0.067694,0.067052,0.067083,34809.83120141,1780905599999
1780905600000,0.067787,0.069223,0.067787,0.069223,2488.01553922,1780934399999
1780934400000,0.069093,0.069924,0.068778,0.068778,52886.80959256,1780963199999
1780963200000,0.069237,0.069237,0.067217,0.068419,60376.06528126,1780991999999
1780992000000,0.068304,0.068304,0.065878,0.065878,31522.22985298,1781020799999
1781020800000,0.0653,0.067053,0.0653,0.066219,70664.48301952,1781049599999
1781049600000,0.066482,0.066523,0.064725,0.065248,148227.42975218,1781078399999
1781078400000,0.065,0.067348,0.06394,0.066384,251421.43526518,1781107199999
1781107200000,0.06695,0.067131,0.063686,0.064138,118269.13999485,1781135999999
1781136000000,0.064288,0.065988,0.064251,0.065695,34593.01740805,1781164799999
1781164800000,0.0657,0.067015,0.06516,0.0665,89920.29583532,1781193599999
1781193600000,0.066518,0.067684,0.066344,0.067038,8795.29926991,1781222399999
1781222400000,0.066668,0.066668,0.066442,0.066442,2205.4156017,1781251199999
1781251200000,0.066964,0.066965,0.065838,0.066609,62355.66547221,1781279999999
1781280000000,0.066148,0.066671,0.065992,0.065992,21574.30973739,1781308799999
1781308800000,0.067239,0.067562,0.066538,0.067358,182284.3221526,1781337599999
1781337600000,0.067339,0.067504,0.066961,0.067504,19748.64115251,1781366399999
1781366400000,0.067053,0.067327,0.067053,0.067327,14629.24162424,1781395199999
1781395200000,0.067338,0.067338,0.066887,0.067244,1977.01130752,1781423999999
1781424000000,0.066639,0.067051,0.066043,0.066043,76851.98665393,1781452799999
1781452800000,0.067902,0.067902,0.067504,0.067504,295.41043663,1781481599999
1781481600000,0.067909,0.068981,0.067909,0.067918,14636.22730783,1781510399999
1781510400000,0.067976,0.069156,0.067869,0.06857,59568.57401045,1781539199999
1781539200000,0.068815,0.068815,0.067584,0.06817,4901.20434785,1781567999999
1781568000000,0.068222,0.068222,0.067819,0.06794,11665.2367937,1781596799999
1781596800000,0.068477,0.068477,0.066506,0.066523,27343.98222646,1781625599999
1781625600000,0.066605,0.067346,0.06639,0.067279,19620.57543717,1781654399999
1781654400000,0.067402,0.068363,0.067326,0.06747,67189.32331646,1781683199999
1781683200000,0.067246,0.068965,0.067246,0.068965,112633.62627429,1781711999999
1781712000000,0.069129,0.069129,0.067108,0.067513,21012.07603754,1781740799999
1781740800000,0.068917,0.068917,0.067301,0.068173,15213.26595924,1781769599999
1781769600000,0.068146,0.068168,0.064576,0.064576,59338.39706997,1781798399999
1781798400000,0.064788,0.065344,0.064661,0.065344,56996.76394207,1781827199999
1781827200000,0.065595,0.065907,0.065064,0.065064,8691.50615863,1781855999999
1781856000000,0.065036,0.066588,0.065002,0.066237,99680.92868304,1781884799999
1781884800000,0.066754,0.066754,0.06633,0.066682,2107.40904884,1781913599999
1781913600000,0.066757,0.068132,0.066736,0.067669,52117.37839288,1781942399999
1781942400000,0.067627,0.068384,0.067323,0.067825,71563.40820188,1781971199999
1781971200000,0.069068,0.069421,0.068456,0.069193,254475.29111666,1781999999999
1782000000000,0.068685,0.068685,0.067481,0.067617,22592.1783486,1782028799999
1782028800000,0.066876,0.067328,0.066876,0.066948,15110.55469446,1782057599999
1782057600000,0.067504,0.067938,0.066145,0.066145,27863.45134965,1782086399999
1782086400000,0.066569,0.06743,0.066569,0.067283,52949.58553045,1782115199999
1782115200000,0.066499,0.067613,0.066334,0.06741,41099.32674564,1782143999999
1782144000000,0.066742,0.066742,0.065774,0.065774,1159.01615674,1782172799999
1782172800000,0.065998,0.069625,0.065164,0.066071,271608.81704878,1782201599999
1782201600000,0.065267,0.065267,0.06372,0.064875,66205.05406791,1782230399999
1782230400000,0.064697,0.064697,0.063248,0.063248,6624.32772579,1782259199999
1782259200000,0.063399,0.065801,0.063375,0.065708,275502.00462299,1782287999999
1782288000000,0.065676,0.065948,0.063938,0.064579,120325.83960046,1782316799999
1782316800000,0.062828,0.065159,0.061725,0.064994,118259.51388737,1782345599999
1782345600000,0.064902,0.064902,0.063202,0.063202,19055.61034392,1782374399999
1782374400000,0.064414,0.065252,0.0594,0.062983,131647.36252435,1782403199999
1782403200000,0.062195,0.06298,0.061635,0.062721,5654.70256173,1782431999999
1782432000000,0.062487,0.063311,0.060531,0.063311,13015.07696505,1782460799999
1782460800000,0.063069,0.063201,0.061238,0.063201,78386.40802872,1782489599999
1782489600000,0.064086,0.064086,0.062287,0.062864,59159.55149951,1782518399999
1782518400000,0.064612,0.070006,0.064559,0.064984,1575555.33915129,1782547199999
1782547200000,0.064674,0.065646,0.064674,0.065646,246459.97747394,1782575999999
1782576000000,0.065353,0.065455,0.063719,0.063719,59144.67164231,1782604799999
1782604800000,0.064845,0.07033,0.064521,0.065306,602089.07447408,1782633599999
1782633600000,0.06519,0.065348,0.064803,0.065347,29774.57423629,1782662399999
1782662400000,0.064836,0.065056,0.064201,0.065056,8364.24866684,1782691199999
1782691200000,0.065716,0.06679,0.064606,0.064967,100354.61703637,1782719999999
1782720000000,0.065002,0.06506,0.064078,0.064078,52579.75375859,1782748799999
1782748800000,0.065034,0.065034,0.063529,0.063532,63976.37068117,1782777599999
1782777600000,0.063292,0.063292,0.062999,0.063085,30443.61075454,1782806399999
1782806400000,0.062177,0.062513,0.060886,0.062479,137397.72396569,1782835199999
1782835200000,0.062369,0.062506,0.061828,0.062138,34757.02791896,1782863999999
1782864000000,0.061778,0.061887,0.061778,0.061887,485.03956923,1782892799999
1782892800000,0.062027,0.063349,0.061531,0.063349,21212.4746894,1782921599999
1782921600000,0.0634,0.068241,0.0634,0.066189,958668.96268932,1782950399999
1782950400000,0.065098,0.06558,0.064281,0.064586,77848.72479842,1782979199999
1782979200000,0.064678,0.066657,0.064678,0.065929,99427.58108702,1783007999999
1783008000000,0.065659,0.065958,0.065481,0.065593,20792.00785705,1783036799999
1783036800000,0.065428,0.065581,0.065314,0.065314,1981.90900084,1783065599999
1783065600000,0.066223,0.067349,0.066223,0.066516,8576.76395813,1783094399999
1783094400000,0.066446,0.067673,0.066446,0.067388,1083.61522133,1783123199999
1783123200000,0.067921,0.067921,0.067436,0.067617,1420.56933791,1783151999999
1783152000000,0.068484,0.084034,0.067692,0.068783,2663391.73634054,1783180799999
1783180800000,0.069001,0.069905,0.068137,0.068852,147523.4983735,1783209599999
1783209600000,0.068611,0.069299,0.067763,0.068956,176749.04952317,1783238399999
1783238400000,0.068872,0.06895,0.066821,0.066821,241775.0293546,1783267199999
1783267200000,0.06654,0.06699,0.066373,0.066573,9740.63194913,1783295999999
1783296000000,0.066388,0.066388,0.065076,0.065122,10615.92893311,1783324799999
1783324800000,0.065414,0.066703,0.064529,0.066446,19248.89998901,1783353599999
1783353600000,0.06734,0.067883,0.06723,0.06723,30720.26286148,1783382399999
1783382400000,0.066503,0.066503,0.065929,0.065929,374.88129057,1783411199999
1783411200000,0.065875,0.065875,0.064953,0.065178,36060.55589638,1783439999999
1783440000000,0.065944,0.065956,0.063892,0.063905,150313.0493409,1783468799999
1783468800000,0.063009,0.06314,0.06279,0.06279,12065.73947862,1783497599999
1783497600000,0.06375,0.064562,0.062538,0.062644,21490.13843658,1783526399999
1783526400000,0.064611,0.071151,0.064437,0.065075,571160.92049442,1783555199999
1783555200000,0.06518,0.065976,0.064332,0.06499,98860.85313942,1783583999999
1783584000000,0.064978,0.066071,0.064978,0.066071,48923.99372516,1783612799999
1783612800000,0.067683,0.068451,0.066634,0.067129,92857.1691322,1783641599999
1783641600000,0.067019,0.068486,0.065786,0.065991,127854.08556775,1783670399999
1783670400000,0.065911,0.067364,0.06551,0.06565,131676.36500893,1783699199999
1783699200000,0.065848,0.066395,0.065648,0.065951,98030.81316396,1783727999999
1783728000000,0.066083,0.066263,0.066083,0.066263,3985.18028257,1783756799999
1783756800000,0.066533,0.069407,0.066533,0.066811,790164.72071077,1783785599999
1783785600000,0.066929,0.067239,0.065845,0.066116,208607.70895204,1783814399999
1783814400000,0.065492,0.067131,0.065492,0.065752,52979.93262369,1783843199999
1783843200000,0.066186,0.066233,0.065963,0.066028,1809.48726128,1783871999999
1783872000000,0.06574,0.072669,0.06456,0.064702,1118445.94183908,1783900799999
1783900800000,0.065021,0.066606,0.064211,0.064545,244192.8674,1783929599999
1783929600000,0.064563,0.064675,0.063756,0.06429,29964.37441561,1783958399999
1783958400000,0.063952,0.063995,0.062935,0.063995,153216.02883198,1783987199999
1783987200000,0.063863,0.064355,0.063863,0.064021,14381.55536681,1784015999999
1784016000000,0.064035,0.064035,0.063825,0.063825,4525.43871367,1784044799999
1784044800000,0.064881,0.0652,0.063691,0.064966,205123.00653266,1784073599999
1784073600000,0.064832,0.064832,0.063937,0.064438,13894.69182795,1784102399999
1784102400000,0.064198,0.06573,0.064198,0.064846,183273.32896738,1784131199999
1784131200000,0.065121,0.065337,0.0647,0.065023,8544.75983835,1784159999999
1784160000000,0.064814,0.065497,0.064769,0.065419,22970.40641553,1784188799999
1784188800000,0.064809,0.06548,0.064546,0.065081,110246.13710826,1784217599999
1784217600000,0.065623,0.065751,0.06524,0.065301,71543.35341489,1784246399999
1784246400000,0.065171,0.065171,0.065171,0.065171,460.0,1784275199999
1784275200000,0.064679,0.065677,0.064372,0.064406,191064.08813751,1784303999999
1784304000000,0.064906,0.065298,0.064906,0.065298,2508.34621616,1784332799999
1784332800000,0.064822,0.064822,0.064822,0.064822,1542.59093573,1784361599999
1784361600000,0.064248,0.064248,0.064217,0.064217,2114.11740499,1784390399999
1784390400000,0.064463,0.064463,0.064453,0.064453,11728.64318685,1784419199999
1784419200000,0.064115,0.064601,0.063838,0.064601,29249.6944487,1784447999999
1784448000000,0.064148,0.064148,0.064148,0.064148,1303.52088437,1784476799999
1784476800000,0.06444,0.06444,0.06444,0.06444,1551.15716324,1784505599999
1784505600000,0.064308,0.064778,0.0636,0.064467,8690.43639231,1784534399999
1784534400000,0.065337,0.065427,0.064254,0.065141,63137.74155062,1784563199999
1784563200000,0.065693,0.065733,0.065693,0.065733,2045.66696066,1784591999999
1784592000000,0.065645,0.066044,0.065197,0.065965,67054.33516801,1784620799999
1784620800000,0.065736,0.065736,0.065736,0.065736,1766.372,1784649599999
1784649600000,0.06558,0.065987,0.06558,0.065986,3102.39622642,1784678399999
1784678400000,0.065521,0.065521,0.06552,0.06552,12992.29025419,1784707199999
1784707200000,0.065358,0.066056,0.065358,0.066055,9937.26688864,1784735999999
1784736000000,0.066164,0.066164,0.066163,0.066163,1575.01447289,1784764799999
1784764800000,0.065209,0.065209,0.0647,0.064819,19731.12616332,1784793599999
1784793600000,0.064837,0.065182,0.064482,0.064482,78492.73037931,1784822399999
1784822400000,0.064401,0.064401,0.06378,0.064093,53901.94968434,1784851199999
1784851200000,0.063752,0.064436,0.063752,0.064436,16521.5031276,1784879999999
1784880000000,0.064725,0.064788,0.063693,0.063847,14997.09348829,1784908799999
1784908800000,0.063898,0.063904,0.063898,0.063904,1564.74932715,1784937599999
1784937600000,0.063615,0.064198,0.063615,0.063977,2760.0,1784966399999
1784966400000,0.063642,0.064135,0.063642,0.064135,6069.99018979,1784995199999
1784995200000,0.064433,0.064786,0.064433,0.064786,14758.30046973,1785023999999
1785024000000,0.0647,0.0654,0.0647,0.0654,4610.41618185,1785052799999
1785052800000,0.065262,0.065499,0.065154,0.065467,10468.79720665,1785081599999
1785081600000,0.065615,0.065994,0.064006,0.065125,292218.28182415,1785110399999
1785110400000,0.064679,0.064679,0.053838,0.055015,2082938.47150235,1785139199999
1785139200000,0.054862,0.054862,0.051951,0.05289,1698088.46589549,1785167999999
1785168000000,0.05291,0.055467,0.052726,0.053182,1502791.31095314,1785196799999
1785196800000,0.053199,0.054149,0.047464,0.0476,996203.34972608,1785225599999
1785225600000,0.047557,0.051806,0.046608,0.047712,2468998.97308342,1785254399999
1785254400000,0.047721,0.048454,0.046738,0.046827,403023.13499746,1785283199999
1785283200000,0.046603,0.047436,0.043958,0.045698,447822.17066115,1785311999999
1785312000000,0.045745,0.045745,0.0437,0.044133,229721.03089804,1785340799999
1785340800000,0.043954,0.043991,0.042485,0.043097,257565.97910818,1785369599999
1785369600000,0.042883,0.04464,0.042231,0.042729,327708.67533231,1785398399999
1785398400000,0.042601,0.048,0.04258,0.043899,1045943.03618259,1785427199999
1785427200000,0.043814,0.043814,0.042861,0.042861,149691.69463186,1785455999999
1785456000000,0.042627,0.042707,0.041017,0.04125,380692.19540024,1785484799999
1785484800000,0.041409,0.041409,0.039817,0.039995,403146.54214822,1785513599999
1785513600000,0.040217,0.041063,0.040217,0.040708,90733.10534826,1785542399999
1785542400000,0.040525,0.041546,0.040525,0.041044,43227.4192511,1785571199999
1785571200000,0.040842,0.041205,0.040297,0.040356,121648.47600907,1785599999999
1785600000000,0.040407,0.040407,0.039449,0.04014,58492.946466,1785628799999
1785628800000,0.040257,0.041288,0.040018,0.040405,739079.88488922,1785657599999
1785657600000,0.040624,0.040624,0.039828,0.039836,203432.66627261,1785686399999
1785686400000,0.039511,0.039738,0.039024,0.039024,138127.38834133,1785715199999
1785715200000,0.039371,0.040568,0.038161,0.039136,731582.07350892,1785743999999
1785744000000,0.038816,0.038881,0.037939,0.038669,454762.85033923,1785772799999
1785772800000,0.038794,0.039538,0.038731,0.039538,27445.76482669,1785801599999
1785801600000,0.039067,0.039429,0.038537,0.03862,156311.24108453,1785830399999
1785830400000,0.03862,0.040875,0.038198,0.03994,1473454.08983073,1785859199999
1785859200000,0.039988,0.039988,0.038372,0.038646,290131.25423062,1785887999999
1785888000000,0.03819,0.038801,0.03819,0.038628,38620.53472431,1785916799999
1785916800000,0.038864,0.038902,0.038269,0.038555,597239.46210692,1785945599999
1785945600000,0.038774,0.038874,0.038522,0.038522,144612.50732891,1785974399999
1785974400000,0.038476,0.039544,0.038372,0.039255,108058.65064786,1786003199999
1786003200000,0.039211,0.039514,0.038706,0.039371,610704.27882772,1786031999999
1786032000000,0.039706,0.039707,0.039236,0.039575,189655.77794679,1786060799999
1786060800000,0.039738,0.040573,0.038865,0.039098,183625.12649078,1786089599999
1786089600000,0.038773,0.039038,0.038659,0.038864,173910.28122943,1786118399999
1786118400000,0.039078,0.039214,0.038913,0.038917,10508.35354154,1786147199999
1786147200000,0.038869,0.038869,0.03876,0.03876,13121.71966798,1786175999999
1786176000000,0.038993,0.039513,0.038993,0.039513,46277.29549585,1786204799999
1786233600000,0.039365,0.039854,0.039365,0.039714,15494.1557641,1786262399999
1786262400000,0.039989,0.039989,0.039278,0.039331,13913.32808084,1786291199999
1786291200000,0.039239,0.039239,0.038356,0.038356,22014.41916098,1786319999999
1786320000000,0.038566,0.038788,0.038566,0.038577,30157.99939904,1786348799999
1786348800000,0.03872,0.03872,0.03855,0.038716,35310.96817596,1786377599999
1786377600000,0.03868,0.03868,0.038485,0.038485,16746.87244319,1786406399999
1786406400000,0.03847,0.03879,0.036104,0.036583,203595.79561507,1786435199999
1786435200000,0.036454,0.037266,0.035969,0.036186,960613.43184995,1786463999999
1786464000000,0.036131,0.036405,0.035869,0.036136,296177.13884537,1786492799999
1786492800000,0.036312,0.053023,0.036312,0.046976,4416070.42932537,1786521599999
