openTime,open,high,low,close,volume,closeTime
1743379200000,0.014,0.014,0.013927,0.013927,1073.80007122,1743407999999
1743408000000,0.014043,0.014043,0.013861,0.014032,129846.51085751,1743436799999
1743436800000,0.014168,0.014202,0.014162,0.014162,124841.35851055,1743465599999
1743465600000,0.014284,0.014392,0.014261,0.014392,47800.14347122,1743494399999
1743494400000,0.014426,0.014426,0.014228,0.014228,1065.37246886,1743523199999
1743523200000,0.014467,0.014467,0.014366,0.014366,34824.67331209,1743551999999
1743552000000,0.0138,0.0138,0.013796,0.013796,3869.56521739,1743580799999
1743580800000,0.013851,0.01413,0.013851,0.014082,8756.50071465,1743609599999
1743609600000,0.014223,0.014241,0.01312,0.01312,114070.12106042,1743638399999
1743638400000,0.013082,0.013082,0.012985,0.012985,268617.17741538,1743667199999
1743667200000,0.012987,0.012987,0.012453,0.012453,5080.66381096,1743695999999
1743696000000,0.012725,0.012849,0.012725,0.012849,1490.4881362,1743724799999
1743724800000,0.013063,0.013063,0.012957,0.012957,6057.72794352,1743753599999
1743753600000,0.013183,0.013246,0.012911,0.01324,1277009.29443616,1743782399999
1743782400000,0.013145,0.01351,0.013145,0.01351,337593.46696582,1743811199999
1743811200000,0.013514,0.013759,0.013164,0.013179,7064332.6866617,1743839999999
1743840000000,0.013223,0.013223,0.013204,0.013204,1780.24811014,1743868799999
1743868800000,0.013084,0.013106,0.013084,0.013106,1541.65981353,1743897599999
1743897600000,0.01293,0.01293,0.01293,0.01293,193.41739077,1743926399999
1743926400000,0.012963,0.012963,0.012729,0.012729,116103.1863175,1743955199999
1743955200000,0.01271,0.01271,0.011479,0.011503,3594185.23609059,1743983999999
1743984000000,0.01153,0.01153,0.010606,0.010801,279846.57766332,1744012799999
1744012800000,0.010741,0.012088,0.010731,0.011687,3930048.33119214,1744041599999
1744041600000,0.011682,0.011811,0.011619,0.011756,625990.22042774,1744070399999
1744070400000,0.011688,0.012114,0.011688,0.012041,231569.37454476,1744099199999
1744099200000,0.011952,0.012241,0.011881,0.011881,2358976.38215203,1744127999999
1744128000000,0.011595,0.011662,0.011507,0.011507,133103.82381808,1744156799999
1744156800000,0.011507,0.011794,0.011507,0.011733,114971.11245223,1744185599999
1744185600000,0.011902,0.012034,0.011706,0.012034,512900.89305189,1744214399999
1744214400000,0.01203,0.012789,0.01203,0.012751,1798789.61087365,1744243199999
1744243200000,0.012735,0.013063,0.012735,0.013055,865463.05807831,1744271999999
1744272000000,0.012777,0.012903,0.012221,0.012221,955218.3828989,1744300799999
1744300800000,0.012176,0.01227,0.012137,0.012161,237725.38064874,1744329599999
1744329600000,0.012278,0.012686,0.012263,0.012559,27550.37156185,1744358399999
1744358400000,0.012403,0.012537,0.012356,0.012356,1077766.74005009,1744387199999
1744387200000,0.012582,0.0126,0.012582,0.0126,62619.95240577,1744415999999
1744416000000,0.012485,0.012485,0.012485,0.012485,70238.0,1744444799999
1744444800000,0.012669,0.013144,0.012669,0.013144,728626.36978004,1744473599999
1744473600000,0.013069,0.01318,0.013068,0.01316,200676.57352239,1744502399999
1744502400000,0.01306,0.013089,0.012823,0.012825,280548.78702458,1744531199999
1744531200000,0.01297,0.012998,0.012787,0.012787,694657.04008913,1744559999999
1744560000000,0.012699,0.012865,0.01242,0.01257,327835.05091171,1744588799999
1744588800000,0.012408,0.012408,0.012082,0.012082,826793.22346797,1744617599999
1744617600000,0.012134,0.012512,0.012134,0.012422,83993.67554697,1744646399999
1744646400000,0.012103,0.012389,0.012103,0.012305,253180.18569228,1744675199999
1744675200000,0.012492,0.0126,0.012492,0.012579,83816.79992176,1744703999999
1744704000000,0.012709,0.012733,0.012582,0.012706,5993087.86425538,1744732799999
1744732800000,0.012621,0.012686,0.012604,0.012607,58560.91299038,1744761599999
1744761600000,0.012619,0.01264,0.012619,0.01264,181273.48859566,1744790399999
1744790400000,0.012431,0.012742,0.012431,0.012742,98079.3399196,1744819199999
1744819200000,0.012776,0.012776,0.012776,0.012776,468.0651221,1744847999999
1744848000000,0.012851,0.013138,0.01276,0.01302,550470.38664913,1744876799999
1744876800000,0.013004,0.01353,0.012962,0.013327,3093754.3773314,1744905599999
1744905600000,0.013321,0.013577,0.013145,0.013283,2222746.61013803,1744934399999
1744934400000,0.013021,0.022283,0.013021,0.018334,5.140969548290619E7,1744963199999
1744963200000,0.018368,0.02046,0.017676,0.018388,2.705945568969964E7,1744991999999
1744992000000,0.018319,0.021167,0.017993,0.018683,2.327786458698205E7,1745020799999
1745020800000,0.018642,0.018642,0.017045,0.017159,3979492.82490291,1745049599999
1745049600000,0.01702,0.017546,0.016704,0.017232,6068921.20968023,1745078399999
1745078400000,0.0172,0.0172,0.0165,0.016578,1670042.56429815,1745107199999
1745107200000,0.016213,0.016213,0.015797,0.015874,792748.91281092,1745135999999
1745136000000,0.015849,0.016128,0.015466,0.01558,1605289.10901704,1745164799999
1745164800000,0.015446,0.015709,0.015371,0.015677,571762.68821144,1745193599999
1745193600000,0.015405,0.015737,0.015171,0.015573,2681598.6743782,1745222399999
1745222400000,0.015535,0.016075,0.01552,0.015681,2108827.73958376,1745251199999
1745251200000,0.015654,0.016144,0.015386,0.015386,2701478.9920758,1745279999999
1745280000000,0.015222,0.015222,0.014565,0.014765,502663.60519363,1745308799999
1745308800000,0.014882,0.015106,0.014683,0.014998,461802.42344894,1745337599999
1745337600000,0.014952,0.015376,0.014952,0.015347,1145776.56457785,1745366399999
1745366400000,0.015336,0.015396,0.015227,0.015275,27396.47554084,1745395199999
1745395200000,0.015322,0.015675,0.01514,0.015339,1979995.21127578,1745423999999
1745424000000,0.015277,0.015294,0.015009,0.015205,852237.73984712,1745452799999
1745452800000,0.015469,0.015656,0.014987,0.015622,644642.10353327,1745481599999
1745481600000,0.015622,0.016262,0.015545,0.015648,2126927.98761408,1745510399999
1745510400000,0.01547,0.01547,0.01514,0.015378,334095.60623649,1745539199999
1745539200000,0.01537,0.019457,0.01537,0.017346,1.977184178943519E7,1745567999999
1745568000000,0.017458,0.017734,0.016761,0.017019,2776079.47767554,1745596799999
1745596800000,0.016843,0.017331,0.016788,0.017053,438360.25839468,1745625599999
1745625600000,0.016944,0.017369,0.016944,0.017021,1671730.68257856,1745654399999
1745654400000,0.016944,0.017032,0.016377,0.016711,2878882.97203109,1745683199999
1745683200000,0.016728,0.016891,0.016579,0.016707,772105.43154507,1745711999999
1745712000000,0.016665,0.016665,0.015918,0.016052,93449.99270609,1745740799999
1745740800000,0.015947,0.016249,0.015878,0.015901,536447.62331571,1745769599999
1745769600000,0.015997,0.016049,0.015554,0.015676,200189.78132248,1745798399999
1745798400000,0.015479,0.015811,0.015467,0.015753,77732.92293277,1745827199999
1745827200000,0.016002,0.016139,0.015682,0.015682,464278.39604537,1745855999999
1745856000000,0.015574,0.015804,0.015574,0.015789,16299.97953602,1745884799999
1745884800000,0.015683,0.015875,0.015683,0.015875,3290.36320233,1745913599999
1745913600000,0.015786,0.015823,0.015321,0.015414,221424.19827948,1745942399999
1745942400000,0.015414,0.015484,0.015326,0.015387,34540.76962484,1745971199999
1745971200000,0.015437,0.015623,0.015437,0.015623,11132.9678768,1745999999999
1746000000000,0.015363,0.0157,0.015087,0.015334,230197.04876911,1746028799999
1746028800000,0.015354,0.015884,0.015354,0.015602,1069186.64218545,1746057599999
1746057600000,0.01567,0.015747,0.015635,0.015685,41447.94712989,1746086399999
1746086400000,0.015808,0.016112,0.015808,0.016061,846606.13199306,1746115199999
1746115200000,0.015988,0.016153,0.015677,0.016153,2298302.43601576,1746143999999
1746144000000,0.016126,0.016126,0.015947,0.01595,156464.50197995,1746172799999
1746172800000,0.016032,0.01621,0.016027,0.016194,318595.32510285,1746201599999
1746201600000,0.01628,0.016319,0.01583,0.01597,142994.78485776,1746230399999
1746230400000,0.01595,0.016,0.01595,0.016,3566.21825655,1746259199999
1746259200000,0.015765,0.015771,0.015678,0.015771,64756.53050133,1746287999999
1746288000000,0.015844,0.015844,0.01541,0.0155,69564.71388353,1746316799999
1746316800000,0.015547,0.015685,0.014943,0.014943,4595214.61083158,1746345599999
1746345600000,0.015017,0.015073,0.014909,0.01504,129973.40859112,1746374399999
1746374400000,0.014877,0.014877,0.014731,0.014731,77960.92797984,1746403199999
1746403200000,0.014963,0.014963,0.014963,0.014963,281.737758,1746431999999
1746432000000,0.015087,0.015087,0.014783,0.014855,57313.42639422,1746460799999
1746460800000,0.015243,0.015321,0.015243,0.015321,1729.35257796,1746489599999
1746489600000,0.015231,0.015389,0.015084,0.015157,72043.01593789,1746518399999
1746518400000,0.014882,0.014943,0.0145,0.014507,87711.41645668,1746547199999
1746547200000,0.014478,0.014559,0.014208,0.014559,183976.79891198,1746575999999
1746576000000,0.014692,0.014742,0.014609,0.014742,17512.67543268,1746604799999
1746604800000,0.014688,0.014771,0.014662,0.014662,13866.23310349,1746633599999
1746633600000,0.014555,0.015002,0.014481,0.014561,829718.27893437,1746662399999
1746662400000,0.015374,0.015374,0.01535,0.01535,1621.91525759,1746691199999
1746691200000,0.015387,0.015809,0.015387,0.015809,406504.94872649,1746719999999
1746720000000,0.015906,0.01623,0.01582,0.01613,370733.13003126,1746748799999
1746748800000,0.016156,0.016622,0.016156,0.016622,65169.96822371,1746777599999
1746777600000,0.016624,0.016852,0.0163,0.016413,2441220.36923572,1746806399999
1746806400000,0.016469,0.016732,0.016469,0.01673,1382363.51894267,1746835199999
1746835200000,0.016853,0.01697,0.016479,0.016715,2886239.34107927,1746863999999
1746864000000,0.016754,0.016754,0.016538,0.016538,141848.92777056,1746892799999
1746892800000,0.016805,0.017378,0.016797,0.017378,118339.60085189,1746921599999
1746921600000,0.016923,0.017085,0.016444,0.016496,825108.94448142,1746950399999
1746950400000,0.016558,0.016832,0.016422,0.016544,144989.73231052,1746979199999
1746979200000,0.01646,0.016705,0.01646,0.016688,628146.38693374,1747007999999
1747008000000,0.016544,0.017403,0.016271,0.017089,677347.30504454,1747036799999
1747036800000,0.017219,0.017338,0.016908,0.016909,643353.49669603,1747065599999
1747065600000,0.01682,0.017012,0.016099,0.016903,48212.0795035,1747094399999
1747094400000,0.016722,0.016846,0.016722,0.016836,17668.9213108,1747123199999
1747123200000,0.016848,0.016848,0.016505,0.016605,359053.90906335,1747151999999
1747152000000,0.016801,0.017176,0.016801,0.017111,59094.98378401,1747180799999
1747180800000,0.017245,0.017245,0.017183,0.017183,5786.3362,1747209599999
1747209600000,0.016832,0.016832,0.016379,0.016535,83641.05540629,1747238399999
1747238400000,0.016563,0.016563,0.016486,0.016545,300157.95123157,1747267199999
1747267200000,0.016247,0.016247,0.015675,0.015675,18155.0103213,1747295999999
1747296000000,0.015814,0.015957,0.015364,0.015829,404039.66277807,1747324799999
1747324800000,0.015701,0.015944,0.015489,0.0155,53756.22521179,1747353599999
1747353600000,0.015773,0.015814,0.015773,0.015814,3336.53392049,1747382399999
1747382400000,0.015714,0.015936,0.015712,0.015748,743065.51590864,1747411199999
1747411200000,0.015841,0.015841,0.015536,0.015565,41975.83649693,1747439999999
1747440000000,0.015443,0.015539,0.015249,0.015417,217877.63355587,1747468799999
1747468800000,0.015298,0.015411,0.015276,0.015411,8077.61021889,1747497599999
1747497600000,0.015323,0.015379,0.015152,0.015379,9720.72159832,1747526399999
1747526400000,0.015297,0.015686,0.015296,0.015686,283519.13263863,1747555199999
1747555200000,0.015723,0.015906,0.01564,0.015906,7033.21441522,1747583999999
1747584000000,0.016116,0.016116,0.015358,0.015605,70455.41439994,1747612799999
1747612800000,0.015256,0.015256,0.015,0.015075,421785.13494888,1747641599999
1747641600000,0.014984,0.015047,0.01485,0.014936,209258.57688108,1747670399999
1747670400000,0.015339,0.015339,0.015216,0.015247,20111.56023074,1747699199999
1747699200000,0.015568,0.015568,0.015541,0.015541,23741.88976008,1747727999999
1747728000000,0.015258,0.01533,0.015001,0.015014,192513.420154,1747756799999
1747756800000,0.01501,0.015255,0.01501,0.015227,5342.23080647,1747785599999
1747785600000,0.01532,0.01532,0.015162,0.015163,97167.85778808,1747814399999
1747814400000,0.015152,0.015306,0.015152,0.015306,136284.76316745,1747843199999
1747843200000,0.015467,0.015675,0.015216,0.015675,691961.67461458,1747871999999
1747872000000,0.015962,0.015962,0.015772,0.01581,28954.22453385,1747900799999
1747900800000,0.015944,0.016185,0.015895,0.016185,76621.06905128,1747929599999
1747929600000,0.016214,0.016303,0.016134,0.016134,12729.66329078,1747958399999
1747958400000,0.016421,0.016687,0.016122,0.016122,43480.30773469,1747987199999
1747987200000,0.016196,0.016321,0.015476,0.015865,79287.75320695,1748015999999
1748016000000,0.015784,0.015784,0.015195,0.015195,1720.19013941,1748044799999
1748044800000,0.015415,0.015415,0.015384,0.015384,6459.85696235,1748073599999
1748073600000,0.015507,0.015507,0.015485,0.015485,6179.40407475,1748102399999
1748102400000,0.015497,0.015497,0.015304,0.015304,39288.65111937,1748131199999
1748160000000,0.014951,0.014984,0.01485,0.014984,364747.83375256,1748188799999
1748188800000,0.014905,0.014905,0.014858,0.014858,32747.63551683,1748217599999
1748246400000,0.015244,0.015244,0.015095,0.015095,8058.75991378,1748275199999
1748275200000,0.015166,0.015166,0.015166,0.015166,1990.68441858,1748303999999
1748304000000,0.015374,0.015381,0.015374,0.015381,687.18404745,1748332799999
1748332800000,0.01548,0.015576,0.015437,0.015544,10584.78540888,1748361599999
1748361600000,0.015675,0.015675,0.015481,0.015481,89023.87756028,1748390399999
1748390400000,0.015512,0.015704,0.015512,0.015704,3057.90814607,1748419199999
1748419200000,0.015494,0.015494,0.015146,0.015146,642.51040876,1748447999999
1748448000000,0.015158,0.015368,0.015148,0.015368,39464.61654188,1748476799999
1748476800000,0.015305,0.015305,0.015305,0.015305,171.39282378,1748505599999
1748505600000,0.015331,0.015408,0.015115,0.015115,13464.20119363,1748534399999
1748534400000,0.015046,0.015046,0.014939,0.01497,57283.40850263,1748563199999
1748563200000,0.01485,0.01485,0.014188,0.01444,693887.88048783,1748591999999
1748592000000,0.014442,0.014462,0.014342,0.014342,117976.08323055,1748620799999
1748620800000,0.014025,0.014227,0.013319,0.013342,230925.28846868,1748649599999
1748649600000,0.0132,0.013458,0.0132,0.013248,10796.96158574,1748678399999
1748678400000,0.013275,0.013275,0.01297,0.01297,12687.15798307,1748707199999
1748707200000,0.013088,0.013088,0.013,0.013029,33124.78999869,1748735999999
1748736000000,0.013073,0.013088,0.013073,0.013088,761.43903324,1748764799999
1748764800000,0.01295,0.013104,0.012905,0.013007,1111897.84118312,1748793599999
1748793600000,0.013112,0.013112,0.012953,0.013051,632629.90638266,1748822399999
1748822400000,0.013133,0.013133,0.0129,0.012927,462046.52763149,1748851199999
1748851200000,0.012956,0.01306,0.012956,0.013009,15015.12833456,1748879999999
1748880000000,0.012995,0.013116,0.012995,0.013116,5850.54142398,1748908799999
1748908800000,0.013137,0.013137,0.013137,0.013137,1837.90390345,1748937599999
1748937600000,0.013265,0.013359,0.013251,0.013359,3015.00543695,1748966399999
1748966400000,0.013301,0.013481,0.013301,0.013481,13746.78906652,1748995199999
1748995200000,0.0134,0.014206,0.0134,0.014033,3162397.6233802,1749023999999
1749024000000,0.013914,0.014386,0.013874,0.014058,4436187.01725521,1749052799999
1749052800000,0.014106,0.014312,0.013615,0.013702,5399457.89493141,1749081599999
1749081600000,0.013424,0.013424,0.013211,0.013327,436220.42504925,1749110399999
1749110400000,0.013243,0.013243,0.01282,0.013055,3643789.03788507,1749139199999
1749139200000,0.013009,0.013009,0.012189,0.012536,1137930.75055538,1749167999999
1749168000000,0.012541,0.01262,0.012456,0.012581,123154.79922628,1749196799999
1749196800000,0.012589,0.01301,0.012589,0.01301,55065.98744017,1749225599999
1749225600000,0.01275,0.01275,0.012548,0.012548,38510.529841,1749254399999
1749254400000,0.012548,0.012968,0.012548,0.012968,844.94616878,1749283199999
1749283200000,0.012943,0.012953,0.012943,0.012943,72324.03268753,1749311999999
1749312000000,0.01284,0.012887,0.01284,0.012871,5112.83301739,1749340799999
1749340800000,0.012866,0.012866,0.012866,0.012866,766.01615298,1749369599999
1749369600000,0.012808,0.012808,0.012808,0.012808,4040.1027262,1749398399999
1749398400000,0.012816,0.01282,0.012749,0.012753,53173.21126586,1749427199999
1749427200000,0.0127,0.0127,0.012658,0.012658,40597.9228983,1749455999999
1749456000000,0.012752,0.012843,0.012719,0.012764,94510.30875054,1749484799999
1749484800000,0.012958,0.012958,0.012957,0.012957,76979.47214076,1749513599999
1749513600000,0.013411,0.014202,0.013411,0.013463,4188325.1491938,1749542399999
1749542400000,0.013436,0.014119,0.013436,0.013821,1466221.44618139,1749571199999
1749571200000,0.013758,0.013997,0.013665,0.013997,157695.44197608,1749599999999
1749600000000,0.013894,0.013894,0.013894,0.013894,0.08647233,1749628799999
1749628800000,0.013856,0.013856,0.013525,0.013689,41403.40191364,1749657599999
1749657600000,0.013635,0.013635,0.0132,0.013241,19097.316158,1749686399999
1749686400000,0.013206,0.013206,0.013206,0.013206,7572.3,1749715199999
1749715200000,0.012919,0.012919,0.012709,0.012855,12471.06144836,1749743999999
1749744000000,0.012755,0.012755,0.012556,0.012556,10937.16088939,1749772799999
1749772800000,0.012114,0.012144,0.011919,0.012065,2108510.89570301,1749801599999
1749801600000,0.012072,0.012257,0.012072,0.012257,7572.29808377,1749830399999
1749830400000,0.012295,0.012372,0.012292,0.012372,20040.1776608,1749859199999
1749888000000,0.01233,0.012403,0.01233,0.012402,6052.19986145,1749916799999
1749916800000,0.012305,0.012442,0.012176,0.012442,35320.01770455,1749945599999
1749945600000,0.012468,0.016679,0.012468,0.014815,1.095552945310118E7,1749974399999
1749974400000,0.014904,0.0183,0.014347,0.014393,1.943404594420002E7,1750003199999
1750003200000,0.01436,0.015343,0.014347,0.014358,9983076.72028472,1750031999999
1750032000000,0.014321,0.014546,0.01368,0.013859,3191733.68465655,1750060799999
1750060800000,0.013869,0.01404,0.0132,0.013597,6112732.50984849,1750089599999
1750089600000,0.013617,0.013813,0.013189,0.013189,4199128.95268793,1750118399999
1750118400000,0.013442,0.014128,0.013178,0.013511,7799497.77911408,1750147199999
1750147200000,0.01359,0.01386,0.013293,0.013472,5168969.88365808,1750175999999
1750176000000,0.013475,0.013487,0.013173,0.013185,605357.35483242,1750204799999
1750204800000,0.013214,0.013214,0.012646,0.012675,1530109.94088081,1750233599999
1750233600000,0.012928,0.012928,0.012613,0.012761,270928.29757283,1750262399999
1750262400000,0.0127,0.013058,0.0127,0.013058,63675.47921899,1750291199999
1750291200000,0.013017,0.013017,0.012792,0.012883,415180.34133782,1750319999999
1750320000000,0.012874,0.014282,0.012853,0.014137,8661148.38922546,1750348799999
1750348800000,0.014101,0.014242,0.013786,0.014208,6027445.6801781,1750377599999
1750377600000,0.01424,0.017199,0.01424,0.015374,1.663743158342841E7,1750406399999
1750406400000,0.015359,0.016391,0.014958,0.015206,8500871.82270094,1750435199999
1750435200000,0.015189,0.015491,0.014578,0.014645,5692390.32775565,1750463999999
1750464000000,0.014522,0.015615,0.0145,0.015062,8624213.93288325,1750492799999
1750492800000,0.015079,0.015506,0.014187,0.014238,7072636.00690037,1750521599999
1750521600000,0.01427,0.014441,0.013906,0.014085,580267.46530073,1750550399999
1750550400000,0.014661,0.015685,0.014188,0.015019,4506822.77501691,1750579199999
1750579200000,0.015175,0.01635,0.01471,0.014922,9309607.48648181,1750607999999
1750608000000,0.014976,0.01517,0.014472,0.015019,3176673.08507197,1750636799999
1750636800000,0.015038,0.015758,0.014943,0.014986,4356027.11537143,1750665599999
1750665600000,0.015036,0.015423,0.014629,0.01514,1991272.17835125,1750694399999
1750694400000,0.014942,0.015615,0.014549,0.01559,4498761.90622294,1750723199999
1750723200000,0.015623,0.015623,0.014981,0.015447,7116056.4192247,1750751999999
1750752000000,0.01537,0.015631,0.015025,0.015033,1106106.91727448,1750780799999
1750780800000,0.015063,0.015185,0.014789,0.014942,624520.77073451,1750809599999
1750809600000,0.015069,0.01664,0.015014,0.015984,9349308.62793535,1750838399999
1750838400000,0.015675,0.016812,0.015569,0.016075,5785021.640441,1750867199999
1750867200000,0.016065,0.016241,0.015578,0.015657,2058805.14077013,1750895999999
1750896000000,0.0155,0.015875,0.015219,0.015311,4125266.52921867,1750924799999
1750924800000,0.015303,0.015576,0.014647,0.014647,3369290.72646363,1750953599999
1750953600000,0.014662,0.014912,0.01465,0.014895,616938.15294078,1750982399999
1750982400000,0.015096,0.015919,0.015096,0.015747,7398955.00279611,1751011199999
1751011200000,0.015753,0.015753,0.015414,0.015557,925973.65104119,1751039999999
1751040000000,0.01527,0.015355,0.015167,0.015297,63964.88273403,1751068799999
1751068800000,0.015042,0.015076,0.014997,0.015076,116724.53536212,1751097599999
1751097600000,0.015025,0.015044,0.014984,0.015044,178060.64013848,1751126399999
1751126400000,0.015058,0.01515,0.015047,0.01515,327276.72335258,1751155199999
1751155200000,0.015072,0.015098,0.014833,0.014833,915524.75716771,1751183999999
1751184000000,0.014853,0.01502,0.014853,0.014914,248983.21903947,1751212799999
1751212800000,0.014826,0.015204,0.014825,0.015204,492987.09740804,1751241599999
1751241600000,0.014948,0.014955,0.014458,0.014582,412145.75911777,1751270399999
1751270400000,0.014598,0.014598,0.014243,0.014459,3955798.80977441,1751299199999
1751299200000,0.014477,0.014543,0.014375,0.014375,98046.64628901,1751327999999
1751328000000,0.014096,0.014167,0.013629,0.013715,201245.03736783,1751356799999
1751356800000,0.013654,0.013654,0.013568,0.013587,145880.23019949,1751385599999
1751385600000,0.013492,0.013492,0.0132,0.0132,143825.17536736,1751414399999
1751414400000,0.0132,0.013358,0.012956,0.013358,760503.81496897,1751443199999
1751443200000,0.013294,0.013622,0.013294,0.013593,490271.12534059,1751471999999
1751472000000,0.013616,0.013851,0.013616,0.013851,127414.66699452,1751500799999
1751500800000,0.013784,0.013884,0.013784,0.013884,27564.4721979,1751529599999
1751529600000,0.013716,0.013779,0.01365,0.013779,138934.23592718,1751558399999
1751558400000,0.013614,0.013694,0.013492,0.013693,1065918.96618498,1751587199999
1751616000000,0.013255,0.013255,0.013255,0.013255,18086.29546535,1751644799999
1751673600000,0.013343,0.013343,0.013197,0.013245,48984.93190697,1751702399999
1751702400000,0.013228,0.013566,0.0132,0.0132,838043.19889955,1751731199999
1751731200000,0.013107,0.013164,0.013037,0.013164,12222.16949413,1751759999999
1751760000000,0.013,0.013107,0.013,0.013103,301761.88292832,1751788799999
1751788800000,0.013058,0.013228,0.012991,0.013227,91206.36029945,1751817599999
1751817600000,0.01323,0.013327,0.013109,0.013324,442016.11735851,1751846399999
1751846400000,0.013283,0.013283,0.013283,0.013283,8149.04161171,1751875199999
1751875200000,0.013323,0.013323,0.013188,0.013243,409319.53035536,1751903999999
1751904000000,0.013257,0.013257,0.013101,0.013161,8347.17841669,1751932799999
1751932800000,0.013359,0.013421,0.013023,0.013168,2382057.68768892,1751961599999
1751961600000,0.013193,0.013246,0.013165,0.013165,48368.73298855,1751990399999
1752019200000,0.013273,0.013273,0.013269,0.013269,82288.69464458,1752047999999
1752048000000,0.013343,0.013394,0.013296,0.013394,39576.2144518,1752076799999
1752076800000,0.013449,0.013676,0.013449,0.013631,38894.9180431,1752105599999
1752105600000,0.01363,0.01399,0.01363,0.013771,61629.812012,1752134399999
1752134400000,0.013722,0.013811,0.01365,0.01365,119445.61847259,1752163199999
1752163200000,0.013767,0.014206,0.013763,0.014206,232935.5915077,1752191999999
1752192000000,0.014093,0.014558,0.014092,0.014343,823650.84997736,1752220799999
1752220800000,0.014316,0.014608,0.014271,0.014278,492715.84256238,1752249599999
1752249600000,0.014277,0.014629,0.014175,0.014175,283128.28707378,1752278399999
1752278400000,0.014209,0.015268,0.014209,0.014846,4383777.85699995,1752307199999
1752307200000,0.014877,0.014887,0.014259,0.014259,406164.06193948,1752335999999
1752336000000,0.014285,0.014697,0.014285,0.014523,22860.82794167,1752364799999
1752364800000,0.015035,0.015149,0.014595,0.014855,1430334.14915587,1752393599999
1752393600000,0.014816,0.014816,0.014547,0.014815,752487.37920007,1752422399999
1752422400000,0.014697,0.014957,0.014658,0.014721,300129.99803048,1752451199999
1752451200000,0.014888,0.01547,0.014861,0.014981,1278490.15814424,1752479999999
1752480000000,0.014981,0.015071,0.0146,0.0146,173867.1268082,1752508799999
1752508800000,0.014695,0.014792,0.0145,0.014589,4623.10777056,1752537599999
1752537600000,0.014354,0.014354,0.014286,0.014319,332160.37388906,1752566399999
1752566400000,0.01422,0.014491,0.01422,0.014491,10430.88716071,1752595199999
1752595200000,0.014575,0.014671,0.014466,0.014671,12278.07452987,1752623999999
1752624000000,0.014818,0.014832,0.01468,0.014832,33564.12193544,1752652799999
1752652800000,0.014858,0.014858,0.014703,0.014826,373644.09234759,1752681599999
1752681600000,0.014797,0.015197,0.014797,0.015197,21981.01509249,1752710399999
1752710400000,0.01508,0.015123,0.014911,0.014986,13774.99971444,1752739199999
1752739200000,0.015115,0.015207,0.015015,0.015036,46309.8076883,1752767999999
1752768000000,0.015035,0.015321,0.015035,0.015321,28008.90442456,1752796799999
1752796800000,0.015361,0.015644,0.015301,0.015644,387799.17580559,1752825599999
1752825600000,0.015462,0.015679,0.015427,0.015523,136807.46111821,1752854399999
1752854400000,0.015809,0.015875,0.015637,0.015803,104228.31893348,1752883199999
1752883200000,0.015718,0.01576,0.015499,0.015606,90011.95621163,1752911999999
1752912000000,0.015538,0.015647,0.015334,0.015334,18292.98924643,1752940799999
1752940800000,0.015431,0.01557,0.015331,0.01557,1399.30175005,1752969599999
1752969600000,0.016,0.016,0.015882,0.015882,3571.93854679,1752998399999
1752998400000,0.016089,0.016502,0.016089,0.016502,176126.65153662,1753027199999
1753027200000,0.016496,0.016496,0.016372,0.016434,124860.59911685,1753055999999
1753056000000,0.016405,0.016618,0.016405,0.016618,280.73194564,1753084799999
1753084800000,0.016655,0.018306,0.016655,0.017153,7708081.5943091,1753113599999
1753113600000,0.017088,0.017342,0.016812,0.017342,67402.07912137,1753142399999
1753142400000,0.017365,0.017365,0.016617,0.016748,213570.11103648,1753171199999
1753171200000,0.016692,0.016875,0.01649,0.016767,410356.21049212,1753199999999
1753200000000,0.016709,0.016945,0.016565,0.016945,10206.96395436,1753228799999
1753228800000,0.016758,0.016901,0.016659,0.016753,12776.9273707,1753257599999
1753257600000,0.016626,0.016707,0.0159,0.0159,147682.65476399,1753286399999
1753286400000,0.015675,0.015675,0.015,0.015178,75280.35171942,1753315199999
1753315200000,0.015336,0.015336,0.01485,0.01485,19324.96549165,1753343999999
1753344000000,0.014898,0.015031,0.014809,0.01502,28177.57624036,1753372799999
1753372800000,0.014959,0.015049,0.014891,0.014896,121034.23044718,1753401599999
1753430400000,0.01474,0.014871,0.014699,0.014768,89112.47226184,1753459199999
1753459200000,0.014447,0.014761,0.014423,0.014761,3643.14262049,1753487999999
1753516800000,0.014923,0.014965,0.014923,0.014964,7744.2275068,1753545599999
1753545600000,0.015088,0.015089,0.015007,0.015007,19845.91999235,1753574399999
1753574400000,0.015174,0.017396,0.015174,0.017028,4431641.70207659,1753603199999
1753603200000,0.017049,0.017687,0.015675,0.015772,1.343750412849467E7,1753631999999
1753632000000,0.015931,0.016075,0.015852,0.015979,924491.26688613,1753660799999
1753660800000,0.015895,0.015895,0.015711,0.01586,129456.12265069,1753689599999
1753689600000,0.015844,0.015844,0.015375,0.015375,88205.33889619,1753718399999
1753718400000,0.015445,0.015445,0.014985,0.014985,70368.43634055,1753747199999
1753747200000,0.01485,0.015507,0.01485,0.015507,495156.79540851,1753775999999
1753776000000,0.01543,0.01566,0.01524,0.01566,869086.1445077,1753804799999
1753804800000,0.01554,0.015634,0.015179,0.01548,1044666.53201622,1753833599999
1753833600000,0.015127,0.015127,0.015038,0.015038,549503.21184751,1753862399999
1753862400000,0.014882,0.014955,0.014691,0.014946,260543.71606454,1753891199999
1753891200000,0.015093,0.015246,0.014715,0.015233,746527.94026669,1753919999999
1753920000000,0.015257,0.015682,0.015242,0.015619,3412335.6886106,1753948799999
1753948800000,0.015653,0.016012,0.015231,0.01546,2816663.40340303,1753977599999
1753977600000,0.015505,0.015683,0.01485,0.01485,153511.87422284,1754006399999
1754006400000,0.0148,0.0148,0.014575,0.014629,386643.78409099,1754035199999
1754035200000,0.0145,0.014639,0.014458,0.014458,186085.38198321,1754063999999
1754064000000,0.01449,0.01449,0.014025,0.014025,3507.10567609,1754092799999
1754092800000,0.014383,0.014383,0.014241,0.014241,33674.00000188,1754121599999
1754121600000,0.014141,0.014141,0.014044,0.014044,254567.10204831,1754150399999
1754150400000,0.013779,0.013811,0.013519,0.013681,51692.85000316,1754179199999
1754179200000,0.014082,0.014082,0.014082,0.014082,10343.31939234,1754207999999
1754208000000,0.014014,0.014285,0.014014,0.014253,44727.90463579,1754236799999
1754236800000,0.014304,0.01436,0.014287,0.014313,75920.53559328,1754265599999
1754294400000,0.01426,0.0144,0.01426,0.0144,9584.85273493,1754323199999
1754323200000,0.014474,0.0146,0.014474,0.0146,8543.44362811,1754351999999
1754352000000,0.014586,0.014586,0.014586,0.014586,2779.50451272,1754380799999
1754380800000,0.014069,0.014069,0.014069,0.014069,1256.68082773,1754409599999
1754409600000,0.013974,0.014026,0.013974,0.014026,21756.34115351,1754438399999
1754467200000,0.014074,0.014121,0.01397,0.014121,16256.07751196,1754495999999
1754496000000,0.014264,0.014264,0.014264,0.014264,68551.23639362,1754524799999
1754524800000,0.01425,0.01425,0.01425,0.01425,23432.42519122,1754553599999
1754553600000,0.01439,0.014576,0.01439,0.014527,31804.02992416,1754582399999
1754582400000,0.0146,0.0146,0.014453,0.014463,39381.04752849,1754611199999
1754611200000,0.014679,0.014741,0.014658,0.014658,5051.82283644,1754639999999
1754640000000,0.01485,0.01485,0.014715,0.01473,66685.05360498,1754668799999
1754668800000,0.01473,0.014919,0.01473,0.014919,3113.30704641,1754697599999
1754697600000,0.015309,0.015309,0.015158,0.015158,896.65994551,1754726399999
1754726400000,0.01539,0.01539,0.015168,0.015168,16432.16544816,1754755199999
1754755200000,0.015313,0.015313,0.015313,0.015313,2.25629843,1754783999999
1754784000000,0.015262,0.015262,0.015262,0.015262,3481.69715327,1754812799999
1754812800000,0.014764,0.015049,0.014764,0.014983,115312.00383284,1754841599999
1754841600000,0.015009,0.015166,0.015009,0.015166,3583.44561901,1754870399999
1754870400000,0.015493,0.015494,0.015253,0.015253,159167.33348634,1754899199999
1754899200000,0.015064,0.015064,0.014908,0.014908,50722.12414789,1754927999999
1754928000000,0.014873,0.014873,0.014466,0.014466,2245.33896539,1754956799999
1754985600000,0.01472,0.014847,0.014638,0.014847,234895.41144425,1755014399999
1755014400000,0.01501,0.01502,0.01501,0.01502,683.14354915,1755043199999
1755043200000,0.015139,0.015153,0.015139,0.015153,6971.70745434,1755071999999
1755072000000,0.015115,0.01545,0.015115,0.015215,155587.43146599,1755100799999
1755100800000,0.015233,0.015233,0.015212,0.015212,49454.17333617,1755129599999
1755129600000,0.015321,0.015446,0.015138,0.015223,52069.40975515,1755158399999
1755158400000,0.01511,0.01511,0.014493,0.014493,838302.09295755,1755187199999
1755187200000,0.014025,0.014114,0.013958,0.014114,29381.32179583,1755215999999
1755273600000,0.014114,0.014166,0.014114,0.014166,1962.99076553,1755302399999
1755302400000,0.014141,0.014141,0.014141,0.014141,1590.43196132,1755331199999
1755331200000,0.014284,0.014493,0.014284,0.014493,350.72239102,1755359999999
1755360000000,0.014484,0.014656,0.014484,0.014503,69485.58561503,1755388799999
1755417600000,0.014521,0.014596,0.014521,0.014596,10875.70999084,1755446399999
1755446400000,0.014711,0.014711,0.014444,0.014444,46979.51724069,1755475199999
1755475200000,0.0139,0.01406,0.013846,0.013846,20956.02884437,1755503999999
1755504000000,0.013879,0.013879,0.013879,0.013879,2.49723041,1755532799999
1755532800000,0.014121,0.014121,0.014121,0.014121,6744.56483252,1755561599999
1755561600000,0.013851,0.013851,0.013851,0.013851,719.80362428,1755590399999
1755590400000,0.014086,0.014086,0.013758,0.013758,17480.77210111,1755619199999
1755619200000,0.013576,0.013576,0.013576,0.013576,41111.0,1755647999999
1755648000000,0.013599,0.013646,0.013599,0.013646,375230.05639043,1755676799999
1755676800000,0.013626,0.013826,0.013432,0.013432,15048.67676184,1755705599999
1755705600000,0.013847,0.014011,0.013847,0.014011,8899.92180473,1755734399999
1755734400000,0.013964,0.013964,0.013828,0.013828,3514.24872438,1755763199999
1755763200000,0.013651,0.013652,0.013576,0.013576,31278.52733527,1755791999999
1755792000000,0.013666,0.013666,0.01362,0.01362,17783.14477975,1755820799999
1755820800000,0.013765,0.013765,0.013765,0.013765,638.31004313,1755849599999
1755849600000,0.013851,0.013961,0.013484,0.013961,26640.59414984,1755878399999
1755878400000,0.014188,0.014412,0.014188,0.014412,3547.94988087,1755907199999
1755936000000,0.014452,0.014452,0.014397,0.014398,31500.05002942,1755964799999
1755964800000,0.014337,0.014425,0.014337,0.014425,66669.07866763,1755993599999
1755993600000,0.014248,0.014248,0.014248,0.014248,492.70072993,1756022399999
1756022400000,0.014006,0.014127,0.014006,0.014127,489523.85502348,1756051199999
1756051200000,0.014257,0.014677,0.014186,0.014319,439751.2318081,1756079999999
1756080000000,0.01483,0.01485,0.014393,0.014422,686403.77308404,1756108799999
1756108800000,0.014143,0.014399,0.013955,0.014038,95123.68274113,1756137599999
1756137600000,0.013634,0.01366,0.013631,0.013631,297951.57930471,1756166399999
1756166400000,0.013424,0.013424,0.013424,0.013424,11052.83003623,1756195199999
1756195200000,0.013676,0.013691,0.013676,0.013691,752481.45269979,1756223999999
1756224000000,0.013877,0.013925,0.013877,0.013909,274872.95504228,1756252799999
1756252800000,0.013936,0.013936,0.013936,0.013936,15179.95150484,1756281599999
1756281600000,0.013956,0.013956,0.013956,0.013956,312.51847028,1756310399999
1756310400000,0.013954,0.013954,0.013954,0.013954,357.60355453,1756339199999
1756339200000,0.013929,0.013929,0.013929,0.013929,1.81748448,1756367999999
1756368000000,0.01407,0.014241,0.01407,0.014241,119326.98675696,1756396799999
1756396800000,0.0139,0.0139,0.0139,0.0139,1000.0,1756425599999
1756454400000,0.013725,0.013725,0.013605,0.013676,20278.06878334,1756483199999
1756483200000,0.013512,0.013512,0.0135,0.0135,4151.69988817,1756511999999
1756540800000,0.013835,0.013835,0.01375,0.01375,140.51585815,1756569599999
1756598400000,0.013925,0.013925,0.013925,0.013925,45.69658166,1756627199999
1756627200000,0.014004,0.014004,0.013884,0.013946,66461.18517348,1756655999999
1756656000000,0.013995,0.013996,0.013952,0.013952,192098.74238124,1756684799999
1756684800000,0.0135,0.0135,0.0135,0.0135,444.37037037,1756713599999
1756713600000,0.013975,0.013975,0.013569,0.013569,35523.80726612,1756742399999
1756742400000,0.013545,0.013545,0.013351,0.013351,1494.1999193,1756771199999
1756800000000,0.013764,0.013764,0.013712,0.013712,1577.77157072,1756828799999
1756828800000,0.013687,0.013825,0.013642,0.013825,17775.19626663,1756857599999
1756857600000,0.013771,0.013771,0.013771,0.013771,28.84427755,1756886399999
1756886400000,0.013823,0.013823,0.013823,0.013823,434.7826087,1756915199999
1756915200000,0.013989,0.01399,0.013936,0.013936,150315.70693849,1756943999999
1756944000000,0.013898,0.013898,0.013538,0.013538,39657.8272603,1756972799999
1756972800000,0.013625,0.013625,0.013625,0.013625,287.23915825,1757001599999
1757001600000,0.013399,0.01352,0.013399,0.01352,8970.66856106,1757030399999
1757059200000,0.013706,0.013807,0.013706,0.013807,37153.47656218,1757087999999
1757088000000,0.013565,0.013565,0.013565,0.013565,1470.69664577,1757116799999
1757145600000,0.01354,0.013543,0.01354,0.013543,37195.68083976,1757174399999
1757174400000,0.013453,0.013453,0.013453,0.013453,98.2501504,1757203199999
1757260800000,0.013556,0.013556,0.013556,0.013556,9665.16263078,1757289599999
1757289600000,0.013655,0.013704,0.013655,0.013704,7804.10255395,1757318399999
1757318400000,0.013824,0.013837,0.013755,0.013837,45231.40696119,1757347199999
1757347200000,0.013847,0.013847,0.013847,0.013847,1227.7027515,1757375999999
1757376000000,0.013903,0.014125,0.013903,0.014125,57281.1311236,1757404799999
1757404800000,0.014205,0.014205,0.014036,0.014051,27673.59074869,1757433599999
1757433600000,0.013935,0.013935,0.013935,0.013935,256.74974636,1757462399999
1757462400000,0.013949,0.014187,0.013949,0.014132,8302.93231784,1757491199999
1757491200000,0.014138,0.014227,0.014124,0.014124,29697.88980443,1757519999999
1757520000000,0.014069,0.014069,0.013939,0.013976,413335.86652612,1757548799999
1757577600000,0.014109,0.014138,0.01391,0.01391,308801.74426205,1757606399999
1757606400000,0.013837,0.013942,0.013837,0.013936,168774.09415337,1757635199999
1757635200000,0.014182,0.014182,0.014108,0.014108,28641.2908176,1757663999999
1757664000000,0.014085,0.014085,0.01405,0.01405,10309.51446244,1757692799999
1757692800000,0.014043,0.01425,0.014043,0.01425,12820.58266931,1757721599999
1757721600000,0.014274,0.014278,0.014188,0.014199,903309.21589056,1757750399999
1757750400000,0.014404,0.014461,0.014325,0.014325,281058.4072196,1757779199999
1757779200000,0.014306,0.014703,0.014226,0.014703,464928.510282,1757807999999
1757808000000,0.014586,0.014606,0.014228,0.014391,47019.65741611,1757836799999
1757836800000,0.014434,0.014434,0.01404,0.01404,571622.88339176,1757865599999
1757865600000,0.014118,0.014208,0.014118,0.014208,83516.28844019,1757894399999
1757894400000,0.01445,0.01445,0.01445,0.01445,7542.29275167,1757923199999
1757923200000,0.014087,0.014467,0.014077,0.014207,899985.30534957,1757951999999
1757952000000,0.014167,0.014333,0.014163,0.014325,1293816.37848831,1757980799999
1757980800000,0.014234,0.014279,0.014165,0.014231,2495300.66608541,1758009599999
1758009600000,0.014238,0.014245,0.014135,0.01418,702104.82359665,1758038399999
1758038400000,0.014226,0.014297,0.014133,0.014133,42065.85399647,1758067199999
1758067200000,0.014097,0.014118,0.014057,0.014057,451967.58311469,1758095999999
1758096000000,0.014122,0.014142,0.014099,0.014114,27349.98963817,1758124799999
1758124800000,0.014339,0.014463,0.014299,0.014383,171934.39323307,1758153599999
1758153600000,0.01483,0.01485,0.014466,0.014466,12069.30278493,1758182399999
1758182400000,0.014648,0.0148,0.014603,0.0148,756081.3703227,1758211199999
1758211200000,0.014856,0.014856,0.014753,0.014753,47356.96341925,1758239999999
1758240000000,0.014673,0.014735,0.014673,0.014735,7491.23574048,1758268799999
1758268800000,0.014516,0.014516,0.014169,0.014237,1146162.93232774,1758297599999
1758297600000,0.014212,0.014259,0.014208,0.014259,423218.25136002,1758326399999
1758326400000,0.014259,0.014336,0.014211,0.014264,470351.4884789,1758355199999
1758355200000,0.014337,0.014355,0.014229,0.014335,1928306.0394095,1758383999999
1758412800000,0.014139,0.014139,0.014128,0.014128,7041.81349435,1758441599999
1758441600000,0.014025,0.014025,0.013827,0.013991,95371.17378619,1758470399999
1758470400000,0.013928,0.013928,0.01388,0.013915,63291.72664887,1758499199999
1758499200000,0.01375,0.01375,0.012785,0.013155,960336.84102954,1758527999999
1758528000000,0.013126,0.013126,0.012998,0.013016,21400.71401719,1758556799999
1758556800000,0.013052,0.013052,0.013052,0.013052,768.46460313,1758585599999
1758585600000,0.013078,0.013213,0.013078,0.013213,9427.79889898,1758614399999
1758614400000,0.013183,0.013183,0.013183,0.013183,657.42223088,1758643199999
1758643200000,0.0133,0.0133,0.013268,0.013268,81837.97137639,1758671999999
1758672000000,0.013173,0.013173,0.013173,0.013173,7601.09455761,1758700799999
1758700800000,0.013272,0.013272,0.013272,0.013272,29.55129028,1758729599999
1758758400000,0.012561,0.013257,0.012375,0.013205,2460199.92661506,1758787199999
1758787200000,0.013108,0.013567,0.01309,0.013195,1610964.92315927,1758815999999
1758816000000,0.013242,0.013242,0.013051,0.013051,87768.3598986,1758844799999
1758873600000,0.01302,0.013073,0.01302,0.013073,44452.48724922,1758902399999
1758902400000,0.013193,0.013193,0.013164,0.013164,3293.41844864,1758931199999
1758931200000,0.013048,0.013049,0.013002,0.013002,20126.0052102,1758959999999
1758960000000,0.012999,0.013034,0.012999,0.013034,51776.47497069,1758988799999
1759017600000,0.012854,0.012854,0.012555,0.012555,91220.20904919,1759046399999
1759046400000,0.012524,0.012766,0.012484,0.012757,124661.23952674,1759075199999
1759075200000,0.012816,0.0129,0.012786,0.0129,87727.80718033,1759103999999
1759104000000,0.0129,0.012914,0.012798,0.012814,78951.67810209,1759132799999
1759132800000,0.012716,0.012716,0.012685,0.012685,157654.24520563,1759161599999
1759161600000,0.012783,0.013033,0.012703,0.013033,89320.44523518,1759190399999
1759219200000,0.012571,0.012571,0.012375,0.012375,2665.41773355,1759247999999
1759248000000,0.012313,0.012575,0.012313,0.012575,11820.86569691,1759276799999
1759305600000,0.012938,0.012993,0.012938,0.012976,2772.9796835,1759334399999
1759334400000,0.013023,0.013118,0.012975,0.013116,80924.09182645,1759363199999
1759363200000,0.0132,0.013245,0.013181,0.0132,13965.61757389,1759391999999
1759392000000,0.013205,0.013329,0.013193,0.013263,123012.25401182,1759420799999
1759420800000,0.013281,0.013335,0.013281,0.013335,16868.14846181,1759449599999
1759449600000,0.013383,0.013383,0.013329,0.013329,451.21533719,1759478399999
1759478400000,0.01327,0.013288,0.013257,0.013286,39437.7473322,1759507199999
1759507200000,0.013545,0.013625,0.013545,0.013625,78719.64945206,1759535999999
1759536000000,0.013434,0.013457,0.013395,0.013457,81709.57971288,1759564799999
1759564800000,0.013133,0.013133,0.013133,0.013133,364.0,1759593599999
1759593600000,0.013061,0.013168,0.013047,0.013168,7007.82609267,1759622399999
1759622400000,0.013352,0.013362,0.013352,0.013362,381.35550162,1759651199999
1759651200000,0.013367,0.013367,0.013367,0.013367,15164.53764285,1759679999999
1759680000000,0.013061,0.013061,0.013,0.013,8641.06883087,1759708799999
1759708800000,0.013076,0.013076,0.013076,0.013076,3831.44692567,1759737599999
1759737600000,0.013421,0.01349,0.013377,0.01349,36624.97689088,1759766399999
1759766400000,0.013417,0.013417,0.013336,0.013336,58980.12499034,1759795199999
1759795200000,0.013303,0.013303,0.013303,0.013303,0.0263436,1759823999999
1759824000000,0.013154,0.013254,0.01275,0.01282,2363.20535001,1759852799999
1759852800000,0.012786,0.012786,0.012786,0.012786,3809.6219052,1759881599999
1759939200000,0.013089,0.013089,0.013089,0.013089,1470.79225294,1759967999999
1759968000000,0.013334,0.013361,0.013267,0.013267,75244.73030537,1759996799999
1759996800000,0.013108,0.013108,0.012937,0.01297,28133.96157397,1760025599999
1760025600000,0.013044,0.013316,0.013044,0.013283,23721.62224406,1760054399999
1760054400000,0.013181,0.013269,0.013181,0.013269,5284.93794141,1760083199999
1760083200000,0.013115,0.013357,0.013115,0.013357,27475.67796504,1760111999999
1760112000000,0.012737,0.012737,0.0099,0.0105,1334366.56726507,1760140799999
1760140800000,0.011275,0.011275,0.010249,0.010573,1606360.78018917,1760169599999
1760169600000,0.010544,0.010712,0.010544,0.010662,1341978.12928436,1760198399999
1760198400000,0.010678,0.010678,0.010257,0.010302,580943.36845191,1760227199999
1760227200000,0.010403,0.010792,0.010403,0.010792,51247.6368332,1760255999999
1760256000000,0.010706,0.011508,0.010706,0.011481,44681.25685006,1760284799999
1760284800000,0.011627,0.011799,0.011586,0.011795,67915.43264496,1760313599999
1760313600000,0.01149,0.01149,0.01149,0.01149,867.71105308,1760342399999
1760342400000,0.011615,0.011616,0.01143,0.011616,11176.91576353,1760371199999
1760371200000,0.011639,0.011908,0.011639,0.011908,137343.7763938,1760399999999
1760400000000,0.011553,0.011553,0.011272,0.011272,121148.23228898,1760428799999
1760428800000,0.011085,0.011085,0.011022,0.011022,35728.37149321,1760457599999
1760457600000,0.011524,0.011524,0.011446,0.011446,43826.66655633,1760486399999
1760486400000,0.011383,0.011383,0.011383,0.011383,1.6720026,1760515199999
1760515200000,0.011474,0.011474,0.01107,0.011112,411185.20258482,1760543999999
1760544000000,0.010791,0.010844,0.010791,0.010844,1149.30520154,1760572799999
1760572800000,0.011184,0.011184,0.011184,0.011184,52.23594725,1760601599999
1760601600000,0.011012,0.011012,0.011012,0.011012,6273.78485616,1760630399999
1760630400000,0.010636,0.010636,0.010458,0.010458,20229.09788013,1760659199999
1760659200000,0.010554,0.010576,0.009947,0.009947,463333.949892,1760687999999
1760688000000,0.009911,0.010261,0.009904,0.0101,558216.24853496,1760716799999
1760774400000,0.010282,0.01036,0.01024,0.010356,1027436.42119586,1760803199999
1760803200000,0.010344,0.010388,0.010242,0.010336,271881.77009553,1760831999999
1760832000000,0.010309,0.01034,0.010195,0.010287,1963291.48852585,1760860799999
1760860800000,0.01032,0.010445,0.010223,0.010445,1558407.1564664,1760889599999
1760889600000,0.010627,0.01069,0.01062,0.01069,970738.02806052,1760918399999
1760947200000,0.01107,0.011175,0.010864,0.010864,863493.43867109,1760975999999
1760976000000,0.0108,0.01086,0.01072,0.010748,165082.77911548,1761004799999
1761004800000,0.0105,0.0105,0.0105,0.0105,1000.0,1761033599999
1761033600000,0.010453,0.01073,0.010453,0.01073,9594.957279,1761062399999
1761062400000,0.011057,0.011383,0.010766,0.010766,2244773.04369698,1761091199999
1761091200000,0.01093,0.011314,0.01093,0.011044,470716.82395136,1761119999999
1761120000000,0.011043,0.011043,0.01086,0.01096,614876.68163719,1761148799999
1761148800000,0.010851,0.010851,0.010323,0.010752,2321905.64305033,1761177599999
1761177600000,0.010741,0.010918,0.010733,0.010918,84838.48192992,1761206399999
1761206400000,0.010866,0.010866,0.010714,0.010862,1001959.64966073,1761235199999
1761235200000,0.010858,0.010973,0.010833,0.010833,101303.96809165,1761263999999
1761264000000,0.010867,0.010867,0.010867,0.010867,46010.85856262,1761292799999
1761292800000,0.010861,0.011012,0.010861,0.010983,71163.88045773,1761321599999
1761321600000,0.011048,0.011052,0.011017,0.011048,71488.74925536,1761350399999
1761350400000,0.011039,0.01104,0.011039,0.01104,1101.50819032,1761379199999
1761379200000,0.011005,0.01103,0.011005,0.01103,18128.12358018,1761407999999
1761436800000,0.011044,0.011122,0.011044,0.011121,5429.22399539,1761465599999
1761465600000,0.011174,0.011174,0.01113,0.01113,1847.37613681,1761494399999
1761494400000,0.011214,0.011214,0.011214,0.011214,11558.4936405,1761523199999
1761552000000,0.011138,0.011138,0.011138,0.011138,36002.87304723,1761580799999
1761580800000,0.01122,0.01122,0.01122,0.01122,0.02848242,1761609599999
1761609600000,0.01114,0.01114,0.01114,0.01114,170.26114565,1761638399999
1761638400000,0.011144,0.011181,0.011135,0.011136,279354.71942003,1761667199999
1761667200000,0.011106,0.011106,0.010988,0.011028,333900.61559094,1761695999999
1761696000000,0.010923,0.011076,0.010923,0.011038,548545.89053452,1761724799999
1761724800000,0.011031,0.011044,0.010887,0.010887,55542.00453111,1761753599999
1761753600000,0.010993,0.010993,0.010814,0.010824,665118.84453676,1761782399999
1761782400000,0.010977,0.01098,0.010564,0.010805,112385.40759132,1761811199999
1761811200000,0.010678,0.010678,0.010205,0.010229,205746.4672059,1761839999999
1761840000000,0.010281,0.010442,0.010281,0.010442,677794.1427483,1761868799999
1761868800000,0.010593,0.010595,0.010592,0.010595,28331.08047206,1761897599999
1761897600000,0.010715,0.010752,0.010664,0.010704,463035.07158289,1761926399999
1761926400000,0.010601,0.010847,0.010547,0.010763,300716.40667138,1761955199999
1761984000000,0.010828,0.010931,0.010823,0.010868,51704.55545116,1762012799999
1762012800000,0.010858,0.010858,0.010858,0.010858,0.0247386,1762041599999
1762041600000,0.010869,0.010967,0.010869,0.010939,449060.12216618,1762070399999
1762070400000,0.0109,0.010941,0.01085,0.010865,827997.08572724,1762099199999
1762099200000,0.010871,0.0145,0.010871,0.011752,2.581682136102328E7,1762127999999
1762128000000,0.011891,0.012428,0.010647,0.010661,9840613.07047161,1762156799999
1762156800000,0.010616,0.010678,0.01,0.010177,853634.32277993,1762185599999
1762185600000,0.010243,0.010522,0.010243,0.010363,1788623.02931859,1762214399999
1762214400000,0.010359,0.010553,0.010209,0.010321,845575.79154278,1762243199999
1762243200000,0.01034,0.010531,0.010325,0.010344,957056.23828486,1762271999999
1762272000000,0.010386,0.01055,0.010177,0.010298,4796157.83168419,1762300799999
1762300800000,0.010178,0.010491,0.010167,0.010254,2233055.77866081,1762329599999
1762329600000,0.010383,0.010494,0.010338,0.010494,579967.39915406,1762358399999
1762358400000,0.010484,0.010616,0.010439,0.010461,718556.66998428,1762387199999
1762387200000,0.010448,0.010607,0.010382,0.010571,12506.76354677,1762415999999
1762416000000,0.010414,0.010448,0.010239,0.010241,185923.73985492,1762444799999
1762444800000,0.010224,0.010386,0.010224,0.010344,532552.29006213,1762473599999
1762473600000,0.010454,0.010454,0.010454,0.010454,22349.12470794,1762502399999
1762502400000,0.010535,0.010535,0.010239,0.010391,29895.91746573,1762531199999
1762531200000,0.010748,0.011443,0.010748,0.011343,72892.27929143,1762559999999
1762560000000,0.011298,0.0113,0.01129,0.0113,10000.55277012,1762588799999
1762588800000,0.011311,0.011334,0.010915,0.010915,741485.26365969,1762617599999
1762617600000,0.010824,0.010983,0.010824,0.010983,750.23896535,1762646399999
1762646400000,0.010592,0.010592,0.010556,0.010556,3355.20845289,1762675199999
1762675200000,0.011076,0.011076,0.011076,0.011076,1042.06138689,1762703999999
1762704000000,0.011189,0.011189,0.011189,0.011189,15.62198065,1762732799999
1762732800000,0.01155,0.011842,0.011169,0.011169,1071858.83508661,1762761599999
1762761600000,0.011237,0.01131,0.010906,0.011039,13549.89413574,1762790399999
1762790400000,0.011099,0.011099,0.011028,0.011028,27013.39312237,1762819199999
1762819200000,0.01112,0.01112,0.01112,0.01112,33.94004148,1762847999999
1762848000000,0.011659,0.011659,0.010959,0.010959,105146.53132459,1762876799999
1762876800000,0.011152,0.011152,0.010725,0.010817,960839.36738787,1762905599999
1762905600000,0.010801,0.011145,0.010801,0.01093,1457585.17776885,1762934399999
1762934400000,0.010922,0.011085,0.010872,0.010872,608586.23405384,1762963199999
1762963200000,0.010521,0.010626,0.010521,0.010626,3312.73339641,1762991999999
1763049600000,0.010386,0.010405,0.010056,0.010056,1616866.82759681,1763078399999
1763078400000,0.010087,0.010272,0.009866,0.010272,1012348.48081424,1763107199999
1763107200000,0.010184,0.010184,0.010184,0.010184,9819.32443047,1763135999999
1763136000000,0.010195,0.010259,0.009948,0.010096,697557.46436168,1763164799999
1763164800000,0.010125,0.010273,0.010125,0.010191,314918.9165214,1763193599999
1763193600000,0.010189,0.010189,0.010094,0.010094,88714.80668001,1763222399999
1763222400000,0.010164,0.010241,0.010142,0.010222,711701.3877754,1763251199999
1763251200000,0.010214,0.010257,0.010048,0.010257,833979.24493851,1763279999999
1763280000000,0.010257,0.010266,0.010023,0.010023,562489.33054404,1763308799999
1763308800000,0.010028,0.01005,0.009913,0.01005,517948.71700013,1763337599999
1763337600000,0.01017,0.01019,0.010092,0.010167,992275.59721361,1763366399999
1763366400000,0.010135,0.01014,0.01009,0.010114,54505.42763556,1763395199999
1763395200000,0.010014,0.010018,0.009941,0.010018,34385.16458459,1763423999999
1763424000000,0.01007,0.01007,0.009976,0.009976,33956.2077797,1763452799999
1763452800000,0.009975,0.010068,0.009975,0.010068,123570.5632486,1763481599999
1763481600000,0.010207,0.010251,0.010207,0.010251,110814.1057931,1763510399999
1763539200000,0.010108,0.010108,0.010095,0.010095,3746.14166997,1763567999999
1763568000000,0.009942,0.009992,0.009887,0.009991,1042247.75183034,1763596799999
1763596800000,0.010186,0.010294,0.010186,0.010212,412160.34597346,1763625599999
1763625600000,0.010219,0.010304,0.010212,0.010212,605831.79082689,1763654399999
1763654400000,0.010009,0.010009,0.009867,0.01,7821.36559064,1763683199999
1763683200000,0.009772,0.009822,0.009772,0.009822,749699.77884672,1763711999999
1763712000000,0.009741,0.009995,0.009689,0.009896,104243.41227875,1763740799999
1763740800000,0.010219,0.010219,0.009818,0.009908,2514569.78091371,1763769599999
1763769600000,0.00984,0.009903,0.009824,0.009824,134360.01945648,1763798399999
1763798400000,0.009762,0.009848,0.009722,0.009848,169300.86873883,1763827199999
1763827200000,0.009844,0.009896,0.009844,0.009896,10964.85858375,1763855999999
1763856000000,0.009862,0.009939,0.009859,0.009939,77440.05704907,1763884799999
1763884800000,0.009973,0.009973,0.009951,0.009951,1204.80497826,1763913599999
1763913600000,0.009977,0.009977,0.009977,0.009977,39995.67684255,1763942399999
1763942400000,0.00998,0.00998,0.00998,0.00998,15.64575206,1763971199999
1764000000000,0.009986,0.010011,0.009986,0.010011,999.05182333,1764028799999
1764028800000,0.009924,0.009924,0.00988,0.00988,3510.99310842,1764057599999
1764086400000,0.010006,0.010006,0.010006,0.010006,497.70137917,1764115199999
1764115200000,0.009911,0.009911,0.009911,0.009911,0.00182488,1764143999999
1764172800000,0.010009,0.010009,0.009972,0.010004,1442.67099945,1764201599999
1764201600000,0.01002,0.01002,0.01002,0.01002,532818.39014079,1764230399999
1764230400000,0.010071,0.010079,0.009966,0.009966,13777.18006816,1764259199999
1764259200000,0.010076,0.010076,0.010076,0.010076,4967.2489083,1764287999999
1764288000000,0.00994,0.00994,0.00994,0.00994,113.0,1764316799999
1764316800000,0.009932,0.009933,0.009893,0.009893,338092.41770554,1764345599999
1764345600000,0.00977,0.00993,0.00973,0.00993,515733.12390581,1764374399999
1764374400000,0.009774,0.009973,0.009739,0.009798,203717.59613637,1764403199999
1764403200000,0.009768,0.00984,0.009766,0.009806,43662.10272693,1764431999999
1764432000000,0.009717,0.009717,0.00969,0.00969,20611.15959358,1764460799999
1764460800000,0.009816,0.009816,0.009734,0.009774,850675.52448807,1764489599999
1764489600000,0.009891,0.009891,0.009742,0.009742,167973.81382391,1764518399999
1764518400000,0.009704,0.009704,0.009685,0.009685,10324.70929248,1764547199999
1764547200000,0.009496,0.009529,0.009429,0.009429,1747965.30267418,1764575999999
1764576000000,0.009408,0.009449,0.009199,0.009288,1103982.57312863,1764604799999
1764604800000,0.009222,0.009381,0.009174,0.009381,1178415.40048084,1764633599999
1764633600000,0.009374,0.0094,0.009289,0.009331,643458.0964908,1764662399999
1764662400000,0.009672,0.009672,0.009672,0.009672,5156.12076095,1764691199999
1764691200000,0.009607,0.009697,0.009574,0.009574,47515.46724333,1764719999999
1764720000000,0.009611,0.009611,0.009591,0.009591,1444.79187297,1764748799999
1764748800000,0.009451,0.009451,0.009451,0.009451,1080.74240788,1764777599999
1764777600000,0.009634,0.009634,0.009634,0.009634,193191.5355511,1764806399999
1764806400000,0.009636,0.009636,0.009619,0.009619,614763.24494627,1764835199999
1764864000000,0.009528,0.009528,0.009507,0.009507,1201.48237381,1764892799999
1764892800000,0.009536,0.009536,0.009536,0.009536,2026.85913395,1764921599999
1764950400000,0.009391,0.009761,0.009391,0.009454,4344696.70834696,1764979199999
1764979200000,0.00943,0.009535,0.00943,0.009442,1337770.0971747,1765007999999
1765008000000,0.00944,0.009494,0.0094,0.009494,624771.11755934,1765036799999
1765036800000,0.009642,0.009642,0.009621,0.009621,81990.02193295,1765065599999
1765065600000,0.009574,0.009574,0.009483,0.009483,94283.096501,1765094399999
1765123200000,0.009321,0.009343,0.009301,0.009343,588536.33791914,1765151999999
1765152000000,0.009333,0.00948,0.009329,0.009438,1159644.91106124,1765180799999
1765180800000,0.009442,0.009493,0.009398,0.009448,518725.86431544,1765209599999
1765238400000,0.009415,0.009454,0.009415,0.009451,1192814.24571575,1765267199999
1765267200000,0.009465,0.009471,0.009424,0.009468,264176.02476933,1765295999999
1765296000000,0.009493,0.009618,0.009491,0.00961,610723.73825636,1765324799999
1765324800000,0.009591,0.009658,0.009565,0.009645,112621.74552187,1765353599999
1765353600000,0.009651,0.009651,0.009482,0.009508,156641.92985642,1765382399999
1765382400000,0.009495,0.00953,0.009483,0.009527,39680.66906636,1765411199999
1765411200000,0.009405,0.009479,0.009362,0.009362,1392394.50960287,1765439999999
1765468800000,0.009309,0.00969,0.009309,0.009461,3642708.84791523,1765497599999
1765526400000,0.009326,0.00937,0.00932,0.00932,77941.14809319,1765555199999
1765555200000,0.00913,0.00913,0.009064,0.00909,863123.02666091,1765583999999
1765584000000,0.009122,0.009165,0.009047,0.009062,1750209.93000955,1765612799999
1765612800000,0.009093,0.009093,0.009054,0.009058,210722.01253223,1765641599999
1765641600000,0.009061,0.00907,0.008998,0.00907,258387.48736354,1765670399999
1765670400000,0.009068,0.009068,0.009068,0.009068,11027.79003087,1765699199999
1765699200000,0.008989,0.008989,0.008844,0.008844,100872.61274414,1765727999999
1765728000000,0.008836,0.008836,0.008566,0.008566,1501488.52353093,1765756799999
1765756800000,0.008737,0.008775,0.008675,0.008692,1240664.41512569,1765785599999
1765785600000,0.008551,0.008551,0.008456,0.008456,18139.92388205,1765814399999
1765814400000,0.008071,0.008071,0.007944,0.008013,137695.816509,1765843199999
1765843200000,0.00799,0.00799,0.00799,0.00799,1000.0,1765871999999
1765872000000,0.008031,0.008031,0.008019,0.008019,3888.76137673,1765900799999
1765900800000,0.007995,0.007995,0.007995,0.007995,2622.88930581,1765929599999
1765929600000,0.007968,0.008021,0.007968,0.008021,640684.1729015,1765958399999
1765958400000,0.008063,0.008063,0.008028,0.008028,1057752.91503285,1765987199999
1765987200000,0.007968,0.008051,0.007885,0.007885,1501976.90963509,1766015999999
1766016000000,0.007816,0.007816,0.0075,0.0075,1069528.5437499,1766044799999
1766044800000,0.007606,0.007606,0.007606,0.007606,1442.28240862,1766073599999
1766073600000,0.007679,0.007679,0.007472,0.007472,470.7001757,1766102399999
1766102400000,0.007466,0.007529,0.007414,0.007529,2584187.85708293,1766131199999
1766131200000,0.007519,0.007519,0.007519,0.007519,63192.95962906,1766159999999
1766160000000,0.007696,0.007835,0.007673,0.007835,2773.82601876,1766188799999
1766188800000,0.008028,0.008147,0.007903,0.007909,4785761.19293426,1766217599999
1766217600000,0.00786,0.007862,0.007852,0.007852,38358.52151054,1766246399999
1766246400000,0.007896,0.007896,0.007876,0.007877,1191605.59406863,1766275199999
1766304000000,0.007872,0.007872,0.007695,0.007695,2240122.82260597,1766332799999
1766361600000,0.00766,0.007727,0.007621,0.00769,1801013.07056456,1766390399999
1766390400000,0.007676,0.007682,0.007631,0.007663,912858.98950707,1766419199999
1766419200000,0.00771,0.00771,0.00771,0.00771,64850.84306095,1766447999999
1766448000000,0.007427,0.007427,0.007427,0.007427,0.00200631,1766476799999
1766476800000,0.00741,0.00741,0.00741,0.00741,688073.39449541,1766505599999
1766505600000,0.007473,0.007473,0.007473,0.007473,610854.5871528,1766534399999
1766534400000,0.007488,0.007488,0.007488,0.007488,617.56105705,1766563199999
1766563200000,0.007394,0.007394,0.00737,0.00737,1422.28122182,1766591999999
1766592000000,0.007378,0.007416,0.007353,0.007416,81542.14129006,1766620799999
1766620800000,0.007495,0.007558,0.007471,0.007542,1413621.31019116,1766649599999
1766649600000,0.007471,0.007472,0.007471,0.007472,611.41006703,1766678399999
1766678400000,0.007468,0.007468,0.00724,0.00724,38974.97644813,1766707199999
1766736000000,0.007328,0.00734,0.0072,0.0072,179337.32151609,1766764799999
1766764800000,0.007195,0.007213,0.007195,0.007213,227315.35061783,1766793599999
1766793600000,0.007239,0.007239,0.007239,0.007239,16447.35979237,1766822399999
1766851200000,0.00734,0.007343,0.00734,0.007343,8150.0,1766879999999
1766880000000,0.0075,0.008115,0.0075,0.008022,6210042.43294294,1766908799999
1766908800000,0.008039,0.009569,0.00801,0.008144,2.236537460196564E7,1766937599999
1766937600000,0.008172,0.00828,0.007764,0.007943,1.075168496529962E7,1766966399999
1766966400000,0.007901,0.007901,0.007646,0.007693,4544535.1887303,1766995199999
1766995200000,0.007675,0.007767,0.007555,0.007684,1973388.9887123,1767023999999
1767024000000,0.007684,0.007684,0.00754,0.00754,2914945.24990323,1767052799999
1767052800000,0.007645,0.008149,0.007486,0.007598,1.797469894046712E7,1767081599999
1767081600000,0.007575,0.007633,0.007571,0.007604,2639748.95684932,1767110399999
1767110400000,0.007612,0.007612,0.007612,0.007612,165701.52390962,1767139199999
1767139200000,0.007528,0.007555,0.007504,0.007504,468074.55037053,1767167999999
1767168000000,0.007455,0.007455,0.00728,0.00728,770651.75303608,1767196799999
1767196800000,0.007255,0.007278,0.007255,0.007278,9573.49131064,1767225599999
1767225600000,0.00722,0.00722,0.0071,0.0071,5656.74654911,1767254399999
1767254400000,0.007317,0.007321,0.007273,0.007321,11752.33736671,1767283199999
1767283200000,0.00736,0.007438,0.007348,0.007397,35451.61842092,1767311999999
1767312000000,0.007422,0.007422,0.007372,0.007387,1060277.21646178,1767340799999
1767340800000,0.007447,0.007447,0.007447,0.007447,1352.72579332,1767369599999
1767369600000,0.00749,0.007563,0.00749,0.007508,227412.03684895,1767398399999
1767398400000,0.007609,0.007609,0.007564,0.007564,2334.72304677,1767427199999
1767427200000,0.007489,0.00753,0.007489,0.00753,1641.23767107,1767455999999
1767456000000,0.007552,0.007656,0.007552,0.007575,34506.62124735,1767484799999
1767484800000,0.007659,0.007739,0.007659,0.007702,2327.57666547,1767513599999
1767513600000,0.007664,0.007804,0.007664,0.007804,35009.67485624,1767542399999
1767542400000,0.007848,0.00837,0.007772,0.00837,238682.09392008,1767571199999
1767571200000,0.007772,0.007778,0.007772,0.007778,64229.58005981,1767599999999
1767600000000,0.007686,0.007791,0.007686,0.007791,208278.82267397,1767628799999
1767628800000,0.007847,0.007935,0.007847,0.007935,424251.7990882,1767657599999
1767657600000,0.007977,0.008067,0.007975,0.008067,412694.89214673,1767686399999
1767686400000,0.008106,0.00833,0.008106,0.00825,586854.23723797,1767715199999
1767744000000,0.008152,0.008232,0.008151,0.008232,598555.58512068,1767772799999
1767772800000,0.008237,0.008475,0.008104,0.00812,4404156.12893522,1767801599999
1767801600000,0.008286,0.010654,0.008099,0.00817,3.448293886673064E7,1767830399999
1767830400000,0.008238,0.008824,0.008116,0.008157,1.01186980274708E7,1767859199999
1767859200000,0.008159,0.008549,0.00801,0.008099,5810348.93225098,1767887999999
1767888000000,0.008096,0.00816,0.008074,0.008135,1961384.02375212,1767916799999
1767916800000,0.008272,0.008457,0.008237,0.008252,1404477.16821281,1767945599999
1767945600000,0.008245,0.008484,0.008213,0.008366,1977124.05572617,1767974399999
1767974400000,0.008395,0.008416,0.008284,0.008416,115904.24830627,1768003199999
1768003200000,0.00856,0.010312,0.008499,0.008881,4630718.94413571,1768031999999
1768032000000,0.008891,0.009284,0.008407,0.008414,4696077.01756171,1768060799999
1768060800000,0.008424,0.008428,0.008276,0.008276,940245.36466557,1768089599999
1768089600000,0.008279,0.008279,0.0081,0.008216,418775.0300476,1768118399999
1768118400000,0.008238,0.008272,0.008112,0.008112,550032.71627389,1768147199999
1768147200000,0.008123,0.008123,0.008036,0.008043,180375.81269145,1768175999999
1768176000000,0.007986,0.008164,0.007986,0.008164,218331.22413481,1768204799999
1768204800000,0.008156,0.008156,0.007974,0.007974,480173.90973383,1768233599999
1768233600000,0.008202,0.008202,0.00797,0.00797,33855.55827662,1768262399999
1768291200000,0.008654,0.008654,0.0084,0.008523,35956.9134599,1768319999999
1768320000000,0.008603,0.00878,0.008603,0.00878,34367.36399597,1768348799999
1768377600000,0.008556,0.008728,0.008556,0.008727,157179.59136798,1768406399999
1768406400000,0.008749,0.008772,0.008663,0.008663,781179.28197526,1768435199999
1768464000000,0.008516,0.00866,0.008431,0.008431,593621.1498229,1768492799999
1768492800000,0.008391,0.008431,0.008382,0.008389,106770.151109,1768521599999
1768521600000,0.008436,0.008473,0.008409,0.008409,517157.51993876,1768550399999
1768550400000,0.008544,0.008586,0.008454,0.008454,22959.10076504,1768579199999
1768579200000,0.008532,0.008569,0.008532,0.00855,238909.73211432,1768607999999
1768608000000,0.008652,0.008652,0.008652,0.008652,384.93629393,1768636799999
1768636800000,0.00869,0.008748,0.00869,0.008748,605894.80087631,1768665599999
1768665600000,0.008728,0.008728,0.008728,0.008728,575.1604033,1768694399999
1768723200000,0.008622,0.008639,0.008622,0.008631,530.57237281,1768751999999
1768780800000,0.00815,0.00815,0.008116,0.008116,70930.92829399,1768809599999
1768809600000,0.008199,0.008235,0.008199,0.008235,36237.29917407,1768838399999
1768838400000,0.008255,0.008255,0.008255,0.008255,512.44380456,1768867199999
1768867200000,0.008255,0.008255,0.008255,0.008255,1230.2858551,1768895999999
1768924800000,0.007847,0.007847,0.007847,0.007847,15353.66945242,1768953599999
1768953600000,0.007939,0.007939,0.007939,0.007939,13207.93570103,1768982399999
1768982400000,0.007878,0.007951,0.007836,0.007951,20774.61757344,1769011199999
1769040000000,0.008092,0.008092,0.008092,0.008092,12869.91851259,1769068799999
1769068800000,0.008005,0.008011,0.008005,0.008011,2561.90157767,1769097599999
1769126400000,0.007761,0.007811,0.007761,0.007811,15591.376458,1769155199999
1769155200000,0.007827,0.007827,0.007827,0.007827,1273.79583493,1769183999999
1769184000000,0.007941,0.007941,0.007814,0.007814,554473.69829664,1769212799999
1769212800000,0.007854,0.007854,0.007854,0.007854,10238.03429741,1769241599999
1769241600000,0.007812,0.007859,0.007812,0.007859,24475.71033455,1769270399999
1769270400000,0.007873,0.007873,0.007871,0.007871,11460.24748148,1769299199999
1769299200000,0.007737,0.007737,0.00772,0.00772,888.81972157,1769327999999
1769328000000,0.007623,0.007623,0.007623,0.007623,53894.0493741,1769356799999
1769356800000,0.007587,0.007587,0.007225,0.007225,92869.98518345,1769385599999
1769385600000,0.007294,0.007481,0.007294,0.007481,16861.29621898,1769414399999
1769414400000,0.007772,0.007909,0.007478,0.007492,5786414.84436296,1769443199999
1769443200000,0.007574,0.007615,0.007573,0.007615,80939.99683189,1769471999999
1769472000000,0.007689,0.007772,0.007664,0.007664,507903.01740616,1769500799999
1769500800000,0.007473,0.007473,0.007473,0.007473,1338.15067576,1769529599999
1769587200000,0.007469,0.007469,0.007469,0.007469,2005.62324273,1769615999999
1769616000000,0.007462,0.007462,0.007462,0.007462,210774.80819492,1769644799999
1769644800000,0.007358,0.007363,0.007301,0.007301,610853.70874572,1769673599999
1769673600000,0.007284,0.007289,0.006923,0.006959,1196125.83470633,1769702399999
1769702400000,0.006882,0.006969,0.006882,0.006969,224753.64840024,1769731199999
1769731200000,0.00685,0.00685,0.006768,0.006809,241500.87598623,1769759999999
1769760000000,0.006955,0.006999,0.006788,0.006828,395378.73383736,1769788799999
1769788800000,0.00681,0.006914,0.006806,0.006806,775550.53253704,1769817599999
1769817600000,0.006904,0.006978,0.006904,0.006926,254731.64624266,1769846399999
1769846400000,0.006827,0.007009,0.006533,0.006581,3850567.68174211,1769875199999
1769875200000,0.006304,0.006454,0.006099,0.006454,2089669.16474346,1769903999999
1769904000000,0.006567,0.006806,0.006529,0.006738,1538435.22984826,1769932799999
1769932800000,0.00698,0.007078,0.006603,0.006683,3737661.23830565,1769961599999
1769961600000,0.006492,0.006492,0.006357,0.006428,391847.64835588,1769990399999
1769990400000,0.006377,0.006377,0.0062,0.006333,248427.12226649,1770019199999
1770019200000,0.006363,0.006792,0.006363,0.006786,2443583.30947195,1770047999999
1770048000000,0.006816,0.006816,0.006704,0.006745,293603.89215971,1770076799999
1770076800000,0.006819,0.007073,0.00666,0.007023,2597914.61157373,1770105599999
1770105600000,0.006884,0.006909,0.006773,0.006859,2607200.12935354,1770134399999
1770134400000,0.006691,0.006765,0.006691,0.006765,490155.85148401,1770163199999
1770163200000,0.006873,0.006873,0.006831,0.006831,736005.18507707,1770191999999
1770192000000,0.00678,0.00678,0.006529,0.006529,322025.9885164,1770220799999
1770220800000,0.006441,0.006591,0.006393,0.006583,1653527.64408577,1770249599999
1770249600000,0.006592,0.006592,0.00646,0.00646,302583.15278988,1770278399999
1770278400000,0.006379,0.006379,0.006,0.006,22331.46717096,1770307199999
1770307200000,0.005956,0.006012,0.005474,0.005474,687414.82521189,1770335999999
1770336000000,0.00505,0.005634,0.00505,0.00553,598571.86774845,1770364799999
1770364800000,0.005546,0.005781,0.005546,0.005781,83015.18851616,1770393599999
1770393600000,0.006014,0.006054,0.005933,0.005964,1475148.7542596,1770422399999
1770451200000,0.005989,0.005989,0.00594,0.00594,576444.39315878,1770479999999
1770480000000,0.006103,0.006127,0.006061,0.006061,194248.79110879,1770508799999
1770508800000,0.006077,0.006077,0.006077,0.006077,15497.43738175,1770537599999
1770566400000,0.005884,0.005884,0.005884,0.005884,50407.15755447,1770595199999
1770624000000,0.005708,0.005708,0.005627,0.0057,301409.00487334,1770652799999
1770652800000,0.005807,0.00584,0.005807,0.00584,792365.37025284,1770681599999
1770681600000,0.005818,0.005953,0.005759,0.005759,3083074.66778984,1770710399999
1770710400000,0.005688,0.005881,0.005681,0.005856,8972111.92933023,1770739199999
1770739200000,0.005895,0.006059,0.005886,0.00605,2758087.47440721,1770767999999
1770768000000,0.005992,0.006073,0.005945,0.005945,4916493.09302987,1770796799999
1770796800000,0.005874,0.006039,0.005874,0.006039,281388.38838266,1770825599999
1770825600000,0.006019,0.006049,0.006019,0.006049,256971.33756195,1770854399999
1770854400000,0.006034,0.006073,0.006034,0.006073,260745.01101407,1770883199999
1770883200000,0.006052,0.006128,0.006052,0.006128,25873.02269532,1770911999999
1770912000000,0.006011,0.006011,0.006011,0.006011,828.48111795,1770940799999
1770940800000,0.00607,0.00607,0.00607,0.00607,8296.45649642,1770969599999
1770969600000,0.006182,0.006182,0.006182,0.006182,247492.72080232,1770998399999
1770998400000,0.006249,0.006332,0.006249,0.006332,305300.65396899,1771027199999
1771027200000,0.006396,0.006396,0.006396,0.006396,3345.80638684,1771055999999
1771056000000,0.006425,0.006425,0.006425,0.006425,795.22365901,1771084799999
1771113600000,0.00644,0.00644,0.00644,0.00644,15971.79417673,1771142399999
1771200000000,0.006178,0.006178,0.006178,0.006178,265595.20566603,1771228799999
1771228800000,0.006205,0.006205,0.006164,0.006164,13876.75362726,1771257599999
1771257600000,0.006245,0.006245,0.006245,0.006245,28846.06461285,1771286399999
1771286400000,0.006219,0.006219,0.006219,0.006219,1607.97555877,1771315199999
1771315200000,0.006129,0.006129,0.006129,0.006129,819.0569424,1771343999999
1771344000000,0.006243,0.006243,0.006243,0.006243,16458.06190449,1771372799999
1771372800000,0.006283,0.006283,0.006283,0.006283,16998.07420863,1771401599999
1771430400000,0.006197,0.006197,0.005993,0.006008,343026.69925595,1771459199999
1771459200000,0.006013,0.006057,0.006013,0.006057,66285.96666594,1771487999999
1771488000000,0.005851,0.005867,0.0058321,0.0058321,27302.51560776,1771516799999
1771516800000,0.0058656,0.0059307,0.0058538,0.0059307,37350.55703958,1771545599999
1771545600000,0.0060071,0.0061002,0.0060071,0.0060645,792648.69012764,1771574399999
1771574400000,0.0060224,0.0060227,0.0059246,0.0059987,688790.09804493,1771603199999
1771603200000,0.006055,0.0060698,0.0059799,0.0060698,32947.34432539,1771631999999
1771632000000,0.006013,0.0060136,0.006013,0.0060136,32898.39811227,1771660799999
1771660800000,0.0059804,0.0059804,0.0059804,0.0059804,87.6110667,1771689599999
1771689600000,0.0060169,0.0060169,0.0059759,0.0059759,90209.82740526,1771718399999
1771776000000,0.005733,0.0057557,0.005733,0.0057557,20852.19053782,1771804799999
1771804800000,0.0057518,0.0057518,0.005492,0.0056268,797431.19359241,1771833599999
1771862400000,0.0055312,0.0055312,0.0055312,0.0055312,3626.34171,1771891199999
1771891200000,0.0053829,0.0055833,0.0053763,0.0053763,1330950.39969164,1771919999999
1771948800000,0.0053865,0.0053865,0.0053865,0.0053865,1856.49308456,1771977599999
1772035200000,0.005628,0.005628,0.005628,0.005628,20127.93770014,1772063999999
1772064000000,0.0055164,0.0055164,0.0055144,0.0055144,7223.69938248,1772092799999
1772092800000,0.0054942,0.0054942,0.0054714,0.0054714,26912.5544093,1772121599999
1772121600000,0.0056434,0.0057739,0.0055776,0.0056052,2225902.51425628,1772150399999
1772179200000,0.0056997,0.0056997,0.0055855,0.0055855,727272.09678821,1772207999999
1772236800000,0.0054758,0.0054758,0.0052638,0.0052638,322289.70651158,1772265599999
1772294400000,0.0054906,0.0056206,0.0054906,0.0056123,18165.97503844,1772323199999
1772323200000,0.0056416,0.0057571,0.0056003,0.0057478,1186877.24311088,1772351999999
1772352000000,0.0056493,0.0057002,0.0055993,0.0056428,612776.05834681,1772380799999
1772380800000,0.0056276,0.0056276,0.0054518,0.0055219,1255954.92241597,1772409599999
1772409600000,0.0055413,0.0055923,0.0055413,0.0055923,313353.03115547,1772438399999
1772438400000,0.0056531,0.0059015,0.005652,0.0057314,1640449.08742394,1772467199999
1772467200000,0.0059146,0.0059146,0.005845,0.005845,39422.43004661,1772495999999
1772496000000,0.0057709,0.0057757,0.0057709,0.0057757,368025.06372917,1772524799999
1772524800000,0.0057064,0.0057064,0.0056158,0.0056158,88470.87448254,1772553599999
1772553600000,0.0056578,0.0056578,0.0056278,0.0056297,314545.40333661,1772582399999
1772582400000,0.00561,0.0056854,0.0055618,0.0056156,969289.87718962,1772611199999
1772611200000,0.0056212,0.0057631,0.0055801,0.0056377,1196402.7956738,1772639999999
1772640000000,0.0056249,0.0056519,0.0056249,0.0056496,145631.66300636,1772668799999
1772668800000,0.0056461,0.0056462,0.0056461,0.0056462,2123.0,1772697599999
1772697600000,0.0056369,0.0056369,0.0056314,0.0056314,3549.78209041,1772726399999
1772726400000,0.0055,0.0055,0.0055,0.0055,2727.27272727,1772755199999
1772755200000,0.0055513,0.0056938,0.005551,0.0056938,1070152.4113836,1772783999999
1772784000000,0.0056613,0.0062474,0.0056512,0.0056777,1.365433229583537E7,1772812799999
1772812800000,0.0057421,0.0057421,0.0055768,0.0056458,786182.3257818,1772841599999
1772841600000,0.00559,0.0062149,0.0055375,0.0055409,2559445.00027919,1772870399999
1772870400000,0.0055611,0.0055611,0.0055535,0.0055536,307422.07662392,1772899199999
1772899200000,0.005561,0.005561,0.0054955,0.0054955,396305.4075888,1772927999999
1772928000000,0.005616,0.005974,0.0056053,0.0056391,2741186.59960651,1772956799999
1772956800000,0.0057141,0.0059123,0.0056667,0.0058,1146541.67044183,1772985599999
1772985600000,0.0058028,0.0058502,0.0056415,0.0056415,1882398.93881729,1773014399999
1773043200000,0.0056722,0.0057348,0.0056575,0.0057231,414240.45534442,1773071999999
1773072000000,0.0056481,0.0056481,0.005619,0.005619,14195.58507677,1773100799999
1773100800000,0.0056603,0.0057138,0.00565,0.00565,301670.01687684,1773129599999
1773129600000,0.0056538,0.0057097,0.0056402,0.0056496,127859.48739439,1773158399999
1773158400000,0.0056926,0.0056926,0.0056926,0.0056926,34643.59215451,1773187199999
1773187200000,0.005598,0.0060018,0.005598,0.0057033,5171319.66919892,1773215999999
1773216000000,0.0056523,0.0057407,0.0056114,0.0056979,2763330.51994912,1773244799999
1773244800000,0.0057208,0.0057208,0.0057208,0.0057208,279500.31959877,1773273599999
1773273600000,0.0057752,0.0057845,0.0056753,0.0057059,859184.01372298,1773302399999
1773302400000,0.0057732,0.0057732,0.00576,0.00576,50223.21903871,1773331199999
1773331200000,0.0058413,0.0058413,0.0058175,0.0058175,5191.88426868,1773359999999
1773388800000,0.0058264,0.0058264,0.005802,0.0058226,842119.47699769,1773417599999
1773417600000,0.005819,0.005819,0.005819,0.005819,855.81715071,1773446399999
1773446400000,0.0057323,0.0057323,0.0056576,0.0056576,18531.15651722,1773475199999
1773475200000,0.0056552,0.0056621,0.0056552,0.0056621,9494.0058881,1773503999999
1773504000000,0.0056237,0.0056237,0.0056178,0.0056178,17735.31302952,1773532799999
1773532800000,0.0056351,0.0056351,0.0056044,0.0056044,293831.26879607,1773561599999
1773590400000,0.0057271,0.0057333,0.0057271,0.0057333,559570.3789218,1773619199999
1773619200000,0.0057953,0.0058223,0.0057953,0.0058223,559874.11594989,1773647999999
1773648000000,0.005901,0.0059066,0.0058267,0.0058267,632639.77534437,1773676799999
1773676800000,0.0058345,0.0058855,0.0058345,0.0058855,562834.66518957,1773705599999
1773705600000,0.0060153,0.006022,0.0058309,0.0058909,2243315.96283818,1773734399999
1773734400000,0.0059492,0.0061744,0.0059312,0.0060191,1.064420022481954E7,1773763199999
1773763200000,0.0060253,0.0061949,0.0060253,0.0061213,848602.03437571,1773791999999
1773792000000,0.0060962,0.0066803,0.0060962,0.0061077,9117204.44479213,1773820799999
1773820800000,0.0061337,0.0061337,0.0056633,0.0057141,3380545.29780329,1773849599999
1773849600000,0.0057098,0.0058346,0.0056921,0.005815,1388046.47509936,1773878399999
1773878400000,0.0057404,0.0057533,0.0057404,0.0057533,33527.56749032,1773907199999
1773907200000,0.0056948,0.0056948,0.0056867,0.0056867,3521.25061046,1773935999999
1773936000000,0.0056079,0.0056148,0.0055919,0.0056124,52368.56903498,1773964799999
1773964800000,0.0057726,0.0058627,0.0057146,0.0057367,1065289.39693952,1773993599999
1773993600000,0.0057641,0.0058765,0.0057641,0.0057982,98216.98197015,1774022399999
1774022400000,0.0057946,0.0058379,0.0057329,0.0058379,274933.03287889,1774051199999
1774051200000,0.0057615,0.0057615,0.0057615,0.0057615,2934.2905,1774079999999
1774080000000,0.005761,0.005761,0.0057026,0.0057166,245591.76555787,1774108799999
1774108800000,0.0057009,0.0057009,0.0055849,0.0055849,62903.32474663,1774137599999
1774137600000,0.0055783,0.0056189,0.0055783,0.0056189,2662.97964075,1774166399999
1774166400000,0.0055616,0.0055616,0.0055616,0.0055616,17980.43728423,1774195199999
1774195200000,0.0055443,0.0055443,0.0055443,0.0055443,100026.17291036,1774223999999
1774224000000,0.0054185,0.0054219,0.0054073,0.0054116,40641.12045307,1774252799999
1774252800000,0.0055494,0.0055494,0.0055494,0.0055494,1796.5906224,1774281599999
1774281600000,0.0055648,0.0055688,0.0055585,0.0055585,15520.9849736,1774310399999
1774310400000,0.0055446,0.0057325,0.0055446,0.0057096,952097.04073108,1774339199999
1774339200000,0.0057545,0.0057731,0.00564,0.0057676,921311.49604579,1774367999999
1774368000000,0.0056025,0.0056025,0.0056025,0.0056025,299435.67891281,1774396799999
1774396800000,0.0057649,0.0057649,0.005701,0.005701,129742.43016764,1774425599999
1774454400000,0.0056729,0.0056729,0.0056729,0.0056729,36156.11063124,1774483199999
1774483200000,0.0056031,0.0056031,0.0055062,0.0055062,77523.32282818,1774511999999
1774512000000,0.0054889,0.0054951,0.0054155,0.0054255,258715.68095053,1774540799999
1774540800000,0.0053988,0.0053988,0.0053988,0.0053988,9210.05669701,1774569599999
1774569600000,0.0053822,0.0053822,0.0053471,0.0053811,104121.66741578,1774598399999
1774598400000,0.005437,0.005437,0.0052729,0.0052884,182719.03659556,1774627199999
1774627200000,0.0052659,0.0052894,0.0052659,0.0052769,396714.76919527,1774655999999
1774656000000,0.0052509,0.0052798,0.0052416,0.0052798,205245.00110297,1774684799999
1774684800000,0.005286,0.0052907,0.0052414,0.0052414,702882.9554494,1774713599999
1774713600000,0.0053022,0.0053022,0.0052858,0.0052858,330318.78492064,1774742399999
1774742400000,0.0052382,0.0052382,0.0052244,0.0052244,341494.27712216,1774771199999
1774771200000,0.0052242,0.0052242,0.0051991,0.0051991,355644.363302,1774799999999
1774857600000,0.0053034,0.0053034,0.0053034,0.0053034,3742.8819248,1774886399999
1774944000000,0.0051494,0.0051494,0.0051494,0.0051494,471.11110517,1774972799999
1774972800000,0.0052012,0.005231,0.005177,0.0052197,78050.07380328,1775001599999
1775001600000,0.0052894,0.0054422,0.0052277,0.005241,6307835.82824427,1775030399999
1775030400000,0.00525,0.0052867,0.00525,0.0052762,1759446.0912083,1775059199999
1775059200000,0.005287,0.005287,0.0052824,0.0052824,319845.14151561,1775087999999
1775088000000,0.005376,0.005376,0.0051897,0.0051897,674653.50069445,1775116799999
1775145600000,0.0051993,0.0052265,0.0051993,0.0052265,13455.11942259,1775174399999
1775174400000,0.0053409,0.0053731,0.0053409,0.0053731,1485.28150456,1775203199999
1775203200000,0.0053479,0.0053479,0.0052901,0.0052901,1269090.19562796,1775231999999
1775289600000,0.0053327,0.0053843,0.0053227,0.0053381,652041.62027802,1775318399999
1775347200000,0.0053849,0.0058097,0.0053068,0.0053556,8184267.61591795,1775375999999
1775376000000,0.0054226,0.0054783,0.0052167,0.0052835,1544438.101797,1775404799999
1775404800000,0.0053086,0.0053086,0.0053086,0.0053086,0.08217928,1775433599999
1775433600000,0.0053654,0.0053654,0.0053654,0.0053654,316468.53572442,1775462399999
1775462400000,0.005326,0.005326,0.005325,0.005325,19283.46876652,1775491199999
1775491200000,0.0053246,0.0053246,0.0052063,0.0052358,374297.18037083,1775519999999
1775520000000,0.0052399,0.0052399,0.0052399,0.0052399,324176.05253314,1775548799999
1775548800000,0.0052323,0.0052459,0.0052078,0.0052459,409612.81421245,1775577599999
1775577600000,0.0052636,0.0054081,0.0052636,0.0054081,363061.57076819,1775606399999
1775606400000,0.0053659,0.0054436,0.0053659,0.0054338,639809.36012366,1775635199999
1775664000000,0.0053892,0.0053892,0.0052702,0.0052702,1309555.29319363,1775692799999
1775692800000,0.0052488,0.0052488,0.0052488,0.0052488,92913.38272897,1775721599999
1775721600000,0.0052656,0.0052937,0.0052463,0.0052937,444777.94943424,1775750399999
1775808000000,0.0052753,0.0052753,0.0052753,0.0052753,317641.30965955,1775836799999
1775836800000,0.0053503,0.0053503,0.0053116,0.0053116,2095.13171924,1775865599999
1775865600000,0.0052801,0.0052801,0.0052801,0.0052801,316468.53572442,1775894399999
1775894400000,0.0053983,0.0053983,0.0053274,0.0053274,318942.63859772,1775923199999
1775923200000,0.0054022,0.0054022,0.0053988,0.0053988,318501.00293546,1775951999999
1775952000000,0.0052383,0.0052468,0.0052,0.0052101,18787.51504936,1775980799999
1775980800000,0.0051964,0.0051964,0.0051939,0.0051939,321463.1581346,1776009599999
1776009600000,0.005276,0.005392,0.0052247,0.0052247,3217287.62614375,1776038399999
1776038400000,0.0052113,0.0052113,0.0051843,0.0051843,329549.21859622,1776067199999
1776067200000,0.0051957,0.0051957,0.0051908,0.0051908,3844.1371469,1776095999999
1776096000000,0.0052999,0.0054212,0.0052999,0.005334,2457289.6302097,1776124799999
1776124800000,0.0053294,0.0053294,0.0052431,0.0052431,8702.21528894,1776153599999
1776153600000,0.0052478,0.0052503,0.0052331,0.0052331,172208.60305204,1776182399999
1776182400000,0.0052189,0.0052189,0.0051689,0.0051689,637806.93194687,1776211199999
1776211200000,0.0051897,0.0051897,0.0051897,0.0051897,1926.89365473,1776239999999
1776240000000,0.0052111,0.0052137,0.0052111,0.0052137,21234.20055047,1776268799999
1776268800000,0.0052535,0.0052742,0.0052535,0.0052689,1341207.60623131,1776297599999
1776297600000,0.0052942,0.0053914,0.0052942,0.0053914,9192.47176966,1776326399999
1776326400000,0.0053623,0.0053822,0.0053623,0.0053822,404176.67590171,1776355199999
1776355200000,0.0053888,0.0054461,0.0053888,0.0054461,320144.00737436,1776383999999
1776384000000,0.0054266,0.0054367,0.0053721,0.0053721,309705.21707328,1776412799999
1776412800000,0.0055008,0.0056587,0.0055008,0.005629,6807761.95756791,1776441599999
1776441600000,0.0056654,0.005693,0.0056654,0.005679,514088.19282556,1776470399999
1776470400000,0.0056013,0.0056013,0.0055663,0.0055988,679343.08573871,1776499199999
1776499200000,0.0055533,0.0055533,0.005438,0.0054867,448389.58140969,1776527999999
1776528000000,0.0054151,0.0054151,0.0054151,0.0054151,17708.53665028,1776556799999
1776556800000,0.0053688,0.0053688,0.0053097,0.0053147,1299431.7887333,1776585599999
1776585600000,0.0053415,0.0053415,0.0053055,0.0053055,260267.92916783,1776614399999
1776614400000,0.0052897,0.0053326,0.0052897,0.0053326,626268.43152599,1776643199999
1776643200000,0.0053138,0.0053138,0.0053138,0.0053138,312012.48049921,1776671999999
1776700800000,0.0054757,0.0054757,0.005434,0.005434,319444.71868034,1776729599999
1776729600000,0.0054235,0.0054235,0.0054201,0.0054229,461589.01958814,1776758399999
1776787200000,0.0053766,0.0053766,0.0053765,0.0053765,326729.00328133,1776815999999
1776816000000,0.0054184,0.0054339,0.0054142,0.0054279,1010383.12431195,1776844799999
1776844800000,0.005401,0.005401,0.005401,0.005401,4.199E-5,1776873599999
1776873600000,0.0053598,0.0053598,0.005358,0.005358,29863.77871027,1776902399999
1776902400000,0.0052452,0.0052452,0.0052452,0.0052452,4375.42896362,1776931199999
1776931200000,0.0052212,0.0052212,0.0052212,0.0052212,91674.33920623,1776959999999
1776960000000,0.0052858,0.0052858,0.0052393,0.0052831,13100.26348212,1776988799999
1777017600000,0.0053286,0.0053286,0.0053286,0.0053286,0.02052499,1777046399999
1777046400000,0.0052982,0.005326,0.0052982,0.0053191,37576.10088791,1777075199999
1777075200000,0.0053578,0.0053578,0.0053578,0.0053578,0.88538917,1777103999999
1777104000000,0.0053054,0.0053189,0.0053054,0.0053179,252156.60978364,1777132799999
1777161600000,0.005361,0.005361,0.005361,0.005361,29595.19725533,1777190399999
1777248000000,0.0052897,0.0052897,0.0052042,0.0052042,25295.61966287,1777276799999
1777276800000,0.0052423,0.0052423,0.0052108,0.0052108,7158.25138505,1777305599999
1777363200000,0.0051672,0.0051672,0.0051672,0.0051672,3.0E-8,1777391999999
1777392000000,0.0051721,0.0051885,0.0051721,0.0051885,199623.14769945,1777420799999
1777420800000,0.0052033,0.0052033,0.0052033,0.0052033,34714.68908745,1777449599999
1777449600000,0.0051995,0.0051995,0.00508,0.00508,492471.98604696,1777478399999
1777478400000,0.005,0.005,0.0049489,0.0049647,55003.00805024,1777507199999
1777536000000,0.0049884,0.0049884,0.0049884,0.0049884,9143.21225242,1777564799999
1777564800000,0.005,0.005,0.0049553,0.0049553,517459.87943932,1777593599999
1777622400000,0.0050263,0.0050263,0.0050263,0.0050263,998.74659293,1777651199999
1777651200000,0.0050567,0.0050567,0.0050415,0.0050415,2820.71058854,1777679999999
1777680000000,0.0050614,0.0050614,0.0050614,0.0050614,4217.01485399,1777708799999
1777795200000,0.0050579,0.0051023,0.0050579,0.0050912,48633.94883093,1777823999999
1777824000000,0.0050573,0.0050573,0.0050573,0.0050573,0.90516184,1777852799999
1777852800000,0.0050222,0.0051244,0.0050222,0.0051244,81197.18235308,1777881599999
1777881600000,0.0050798,0.0050963,0.0050497,0.0050923,246652.33386136,1777910399999
1777910400000,0.0050697,0.0050697,0.0050611,0.0050611,104366.19201196,1777939199999
1777939200000,0.0051219,0.0052539,0.0051219,0.0052325,137206.96392112,1777967999999
1777968000000,0.0052236,0.0052282,0.0051195,0.0051195,1640688.300273,1777996799999
1777996800000,0.005129,0.0051316,0.0051288,0.0051316,47867.6357428,1778025599999
1778025600000,0.0052324,0.0052324,0.0052324,0.0052324,0.39412479,1778054399999
1778054400000,0.005262,0.0052796,0.0052216,0.0052216,401702.30521742,1778083199999
1778083200000,0.0052118,0.0052118,0.0052118,0.0052118,1912.96672934,1778111999999
1778112000000,0.0051278,0.0051357,0.0051253,0.0051357,24939.18806152,1778140799999
1778140800000,0.0052085,0.0052086,0.0051646,0.0051646,475643.68784139,1778169599999
1778198400000,0.0051869,0.0051869,0.005134,0.005134,602787.18111562,1778227199999
1778227200000,0.0051742,0.0052506,0.0051742,0.0052447,670033.56779749,1778255999999
1778256000000,0.0052473,0.005312,0.0052443,0.0052924,91829.06874993,1778284799999
1778284800000,0.0052927,0.0053711,0.0052926,0.0053035,5277846.3590455,1778313599999
1778313600000,0.00526,0.0052622,0.0052482,0.0052622,1335286.95557656,1778342399999
1778342400000,0.0052703,0.0053061,0.0052703,0.0053061,565548.31400239,1778371199999
1778371200000,0.005241,0.0053591,0.005241,0.0053347,3032829.04794892,1778399999999
1778400000000,0.0053285,0.0054112,0.0053285,0.0054112,2841191.26031883,1778428799999
1778428800000,0.0054315,0.0054907,0.0054,0.0054,321956.19851816,1778457599999
1778457600000,0.0053752,0.0053805,0.0053513,0.0053516,747849.20266123,1778486399999
1778486400000,0.0054366,0.0054366,0.0054206,0.0054206,36891.44635218,1778515199999
1778515200000,0.0054644,0.0055162,0.0054644,0.0054809,726243.85778508,1778543999999
1778544000000,0.0054807,0.0054807,0.0053904,0.0053929,314636.56420335,1778572799999
1778572800000,0.0053703,0.0053704,0.0052922,0.0052922,990095.98969988,1778601599999
1778601600000,0.00528,0.0053032,0.00528,0.0052981,2177772.95824853,1778630399999
1778659200000,0.0051853,0.0051853,0.0051853,0.0051853,321014.07523252,1778687999999
1778688000000,0.0051456,0.0051456,0.0051456,0.0051456,3.338E-5,1778716799999
1778716800000,0.0051549,0.0051549,0.0051245,0.0051246,108170.99004244,1778745599999
1778745600000,0.0051154,0.0051646,0.0051154,0.0051646,497023.12037329,1778774399999
1778832000000,0.0050922,0.0050947,0.0050018,0.0050018,1020578.98901525,1778860799999
1778860800000,0.0050439,0.0050439,0.0049996,0.0050093,51421.19275487,1778889599999
1778889600000,0.0049993,0.0049993,0.0048963,0.0049302,62286.11173983,1778918399999
1778918400000,0.0048203,0.0048739,0.0048203,0.0048739,22592.00976601,1778947199999
1778947200000,0.0048958,0.0048958,0.0048547,0.0048593,83756.78717374,1778975999999
1779004800000,0.0048883,0.0048883,0.0048883,0.0048883,27259.47072827,1779033599999
1779033600000,0.0048527,0.0048527,0.0047343,0.0047343,302760.85967948,1779062399999
1779062400000,0.0046888,0.0047391,0.0046822,0.0047312,580089.30722286,1779091199999
1779091200000,0.004719,0.004719,0.0045946,0.0046182,544979.30051001,1779119999999
1779120000000,0.0046251,0.0046436,0.0046027,0.0046436,11168.14553053,1779148799999
1779177600000,0.0046333,0.0046333,0.0046333,0.0046333,34394.7242415,1779206399999
1779206400000,0.0046059,0.0046059,0.0045703,0.0045703,630350.19611505,1779235199999
1779264000000,0.0046436,0.0046436,0.0045703,0.0045703,42512.66720063,1779292799999
1779292800000,0.0046436,0.0046436,0.0045703,0.0045703,119164.80372566,1779321599999
1779321600000,0.0046243,0.0046243,0.0045916,0.0045916,148920.07164918,1779350399999
1779350400000,0.0046066,0.0046066,0.004606,0.004606,43357.10096081,1779379199999
1779379200000,0.0047151,0.0047151,0.0047151,0.0047151,5302.11448326,1779407999999
1779408000000,0.0047149,0.0047318,0.0047149,0.0047276,1222163.8989441,1779436799999
1779436800000,0.0046973,0.0047426,0.0046662,0.0046662,229707.79067471,1779465599999
1779465600000,0.0046662,0.0046662,0.0045,0.0045,558305.67331114,1779494399999
1779494400000,0.0045945,0.0047501,0.0045137,0.0045137,1.051471641244908E7,1779523199999
1779523200000,0.0045106,0.0045106,0.0045106,0.0045106,22181.99021439,1779551999999
1779552000000,0.0046005,0.0047304,0.0046005,0.0046574,868150.04750288,1779580799999
1779580800000,0.0046764,0.0046764,0.0045851,0.0045851,64603.81273036,1779609599999
1779609600000,0.004498,0.0045203,0.0044712,0.0045203,475918.49899937,1779638399999
1779667200000,0.0045474,0.0045474,0.0045474,0.0045474,22913.07925302,1779695999999
1779696000000,0.0045084,0.0045385,0.0045084,0.0045385,16757.50317572,1779724799999
1779782400000,0.0044432,0.0044432,0.0043926,0.0044073,730862.50876684,1779811199999
1779811200000,0.0043856,0.0044079,0.0043545,0.0043642,551543.29230119,1779839999999
1779868800000,0.0043562,0.0043741,0.0043296,0.0043732,79723.86917526,1779897599999
1779897600000,0.0044019,0.0044019,0.0042871,0.0042871,417118.46526716,1779926399999
1779926400000,0.0041285,0.0041335,0.0040315,0.0040323,726215.56276361,1779955199999
1779955200000,0.00407,0.0040725,0.004,0.0040182,657003.02524411,1779983999999
1779984000000,0.0040249,0.0041349,0.0040249,0.0040754,144490.34935565,1780012799999
1780012800000,0.004065,0.004065,0.0040519,0.0040519,8634.70793911,1780041599999
1780041600000,0.0040881,0.0041037,0.003988,0.0040765,777104.82803656,1780070399999
1780070400000,0.0041424,0.0041424,0.0040858,0.0040858,86559.14613417,1780099199999
1780099200000,0.0041677,0.0041677,0.0041475,0.0041475,172312.34896857,1780127999999
1780128000000,0.0041321,0.0041321,0.0041321,0.0041321,4508.52557673,1780156799999
1780185600000,0.0041549,0.0041549,0.0041549,0.0041549,15872.24099881,1780214399999
1780214400000,0.00418,0.00418,0.0041218,0.0041218,13604.25623277,1780243199999
1780243200000,0.0040827,0.0041629,0.0040669,0.0041629,3333187.26513744,1780271999999
1780272000000,0.004176,0.004176,0.0041577,0.0041598,9607.79404779,1780300799999
1780300800000,0.0041571,0.0041571,0.0040971,0.0040999,214358.61275334,1780329599999
1780329600000,0.0041844,0.0042051,0.0041844,0.0042051,10235.18023592,1780358399999
1780358400000,0.0042073,0.0042073,0.0040943,0.0041315,2139443.73511303,1780387199999
1780387200000,0.0040958,0.0041003,0.0038842,0.0038842,5359740.1148396,1780415999999
1780416000000,0.0039098,0.0039956,0.0038061,0.0038575,2042973.82815923,1780444799999
1780444800000,0.0039173,0.0039688,0.0038169,0.0039639,1528774.21039502,1780473599999
1780473600000,0.0039633,0.0040229,0.0039484,0.0039959,3827369.18456614,1780502399999
1780502400000,0.0039547,0.0039802,0.0038586,0.0038702,2044993.6793578,1780531199999
1780531200000,0.0038656,0.0038668,0.0035888,0.0036131,1.055527250358099E7,1780559999999
1780560000000,0.0036071,0.0036748,0.0035517,0.0036575,3153593.26465333,1780588799999
1780588800000,0.0036,0.0036,0.0035604,0.0035623,32489.36047922,1780617599999
1780617600000,0.0035757,0.0035757,0.0032661,0.0033362,3421037.2701907,1780646399999
1780646400000,0.0033267,0.0033848,0.0033091,0.0033532,662685.80805468,1780675199999
1780675200000,0.0033288,0.0033899,0.0031864,0.0033899,459849.82517459,1780703999999
1780704000000,0.0033347,0.0033505,0.0031478,0.0032429,2834418.06601431,1780732799999
1780732800000,0.0032491,0.0032918,0.0032459,0.0032459,938675.17027165,1780761599999
1780761600000,0.0032705,0.0032789,0.0032328,0.0032679,24509.64882349,1780790399999
1780790400000,0.0033452,0.0033452,0.0033201,0.0033365,95589.7964774,1780819199999
1780819200000,0.0033668,0.0033931,0.0033097,0.0033538,312536.88808241,1780847999999
1780848000000,0.0033082,0.0034056,0.0033082,0.0033723,625944.31465936,1780876799999
1780876800000,0.0033614,0.0033846,0.0033007,0.0033202,480588.03026145,1780905599999
1780905600000,0.0033402,0.0034217,0.0033226,0.0034019,767050.29641096,1780934399999
1780934400000,0.0034213,0.0034343,0.0033916,0.0034149,367802.25470159,1780963199999
1780963200000,0.0033561,0.0033561,0.0032592,0.0032902,1247635.59309357,1780991999999
1780992000000,0.0032728,0.0032728,0.0031868,0.0031977,104669.22723409,1781020799999
1781020800000,0.0031733,0.00325,0.0031733,0.0031913,677403.7700084,1781049599999
1781049600000,0.0032111,0.0032163,0.003151,0.0031975,1410547.69736457,1781078399999
1781078400000,0.0031811,0.0032264,0.0031531,0.0032056,862632.19746912,1781107199999
1781107200000,0.003194,0.003194,0.0031352,0.0031364,1552022.17030992,1781135999999
1781136000000,0.0031544,0.0032355,0.003151,0.0031924,1337026.74708749,1781164799999
1781164800000,0.0032222,0.0032441,0.0031993,0.0032425,759847.38804043,1781193599999
1781193600000,0.0032673,0.0033171,0.0032573,0.0032573,72572.81179036,1781222399999
1781222400000,0.0032558,0.0032558,0.0032489,0.0032489,36706.04776892,1781251199999
1781251200000,0.0032779,0.0033035,0.0032459,0.0032993,361493.65355521,1781279999999
1781280000000,0.0032747,0.0032839,0.0032421,0.0032421,378484.25981454,1781308799999
1781308800000,0.0033265,0.0035478,0.0032902,0.0033381,1.416683582241165E7,1781337599999
1781337600000,0.0033313,0.0033533,0.0033158,0.0033343,6993396.01745435,1781366399999
1781366400000,0.0033421,0.0033513,0.0033313,0.0033512,469670.06006113,1781395199999
1781395200000,0.0033121,0.0033121,0.0032961,0.0032961,601550.31247286,1781423999999
1781424000000,0.0032783,0.0033032,0.0032368,0.0032368,678613.91147113,1781452799999
1781452800000,0.0032205,0.0033219,0.0032191,0.0033187,902444.65771978,1781481599999
1781481600000,0.0033338,0.0033338,0.0032997,0.0032997,29762.78819654,1781510399999
1781510400000,0.0032918,0.00339,0.0032918,0.0033883,61998.63824251,1781539199999
1781539200000,0.0033671,0.0033671,0.0033314,0.0033446,29208.68110877,1781567999999
1781568000000,0.0032956,0.0033274,0.0032956,0.0033274,33077.00940676,1781596799999
1781596800000,0.0033313,0.0033313,0.0032943,0.0032962,33335.19478367,1781625599999
1781625600000,0.0032708,0.0033004,0.0032708,0.0032894,63303.96866666,1781654399999
1781654400000,0.0032893,0.0033321,0.0032887,0.0032919,59649.75190404,1781683199999
1781683200000,0.0032581,0.0033349,0.0032581,0.0033349,279357.15319899,1781711999999
1781712000000,0.0033387,0.0033387,0.0032324,0.0032697,409684.12621237,1781740799999
1781740800000,0.0032951,0.0033214,0.0032028,0.0032123,27685.95854716,1781769599999
1781769600000,0.0032212,0.0032348,0.003129,0.003129,145099.81332701,1781798399999
1781798400000,0.0030931,0.0030931,0.0030931,0.0030931,32086.17697924,1781827199999
1781827200000,0.0030656,0.0030696,0.0030656,0.0030696,9777.51108178,1781855999999
1781856000000,0.0030501,0.0030833,0.0030501,0.0030833,7880.51409472,1781884799999
1781884800000,0.0030811,0.0031394,0.0030749,0.0030749,1423616.57256018,1781913599999
1781913600000,0.0030994,0.003142,0.0030768,0.0030836,1877048.3697872,1781942399999
1781942400000,0.0031112,0.0031455,0.0030744,0.0031455,1775736.04619561,1781971199999
1781971200000,0.0031333,0.0032623,0.0031333,0.0032521,1571996.09838556,1781999999999
1782000000000,0.0032468,0.0032498,0.0032409,0.0032498,106105.9604232,1782028799999
1782028800000,0.0032102,0.003225,0.0031994,0.0031994,48184.79756783,1782057599999
1782057600000,0.0031878,0.0031878,0.0031318,0.0031465,196970.64968845,1782086399999
1782086400000,0.003164,0.0031713,0.0031511,0.0031656,925401.39767597,1782115199999
1782115200000,0.0031458,0.0032071,0.0031328,0.0032071,1377868.66735355,1782143999999
1782144000000,0.0030835,0.0030835,0.0030835,0.0030835,12572.92035968,1782172799999
1782172800000,0.0030906,0.0030984,0.0030423,0.0030423,20571.10162958,1782201599999
1782201600000,0.0030487,0.0030822,0.0029716,0.0030783,782105.34477437,1782230399999
1782230400000,0.0031012,0.0034692,0.0030302,0.0030302,2.284475939812598E7,1782259199999
1782259200000,0.0030464,0.0031961,0.0030294,0.0031184,1252499.46410056,1782287999999
1782288000000,0.0030691,0.0031191,0.0030176,0.0030618,487846.33555006,1782316799999
1782316800000,0.0029664,0.0029869,0.002882,0.0029832,244381.70405442,1782345599999
1782345600000,0.0029506,0.0029925,0.0029421,0.0029925,12409.35897384,1782374399999
1782374400000,0.0029788,0.0029788,0.0027969,0.0028876,357655.97588837,1782403199999
1782403200000,0.0028716,0.0028801,0.0028682,0.0028682,76613.17706486,1782431999999
1782432000000,0.0028003,0.0029716,0.0028003,0.0029716,151283.99417799,1782460799999
1782460800000,0.0029595,0.0030029,0.0029094,0.0030029,146104.66554821,1782489599999
1782489600000,0.0030244,0.0030298,0.0029961,0.0029961,784541.89129824,1782518399999
1782518400000,0.0029956,0.0030684,0.0029856,0.0030574,1233291.48909066,1782547199999
1782547200000,0.0030378,0.0030613,0.0030378,0.0030613,65558.28947651,1782575999999
1782576000000,0.0030135,0.0030135,0.0030135,0.0030135,567437.80008729,1782604799999
1782604800000,0.0030181,0.0031818,0.0030157,0.0030329,9434056.93684902,1782633599999
1782633600000,0.0030633,0.0032437,0.0030585,0.0030653,3689887.55021367,1782662399999
1782662400000,0.0030352,0.003088,0.0030105,0.003088,133786.72730256,1782691199999
1782691200000,0.0031234,0.0031484,0.0029846,0.0030124,97590.36734158,1782719999999
1782720000000,0.0030305,0.0030611,0.0029964,0.0029964,67550.40052958,1782748799999
1782748800000,0.0030537,0.0030592,0.0030215,0.0030215,73743.92068366,1782777599999
1782777600000,0.0029983,0.0029983,0.002984,0.002984,8473.17799521,1782806399999
1782806400000,0.0028795,0.0029243,0.0028795,0.002918,44903.57761709,1782835199999
1782835200000,0.0029151,0.0029326,0.0029151,0.0029326,145565.82001172,1782863999999
1782892800000,0.0028943,0.002981,0.0028812,0.002981,267439.31609706,1782921599999
1782921600000,0.0029691,0.0029691,0.0029628,0.0029628,37894.34399507,1782950399999
1782950400000,0.0029838,0.0030041,0.0029838,0.0029852,992004.96831058,1782979199999
1782979200000,0.0029908,0.0030521,0.0029908,0.0030417,267322.19423337,1783007999999
1783008000000,0.0030209,0.0030316,0.0030209,0.0030316,6725.17104596,1783036799999
1783036800000,0.0030149,0.0030656,0.0030149,0.0030632,70150.97484199,1783065599999
1783065600000,0.0030888,0.0031385,0.0030764,0.0031385,83335.35091863,1783094399999
1783094400000,0.0031753,0.0031753,0.0031657,0.0031657,34586.37806306,1783123199999
1783123200000,0.0031291,0.0031291,0.0031042,0.0031042,6393.88344559,1783151999999
1783152000000,0.0031238,0.0032413,0.003121,0.0032413,64446.62325832,1783180799999
1783180800000,0.0032649,0.0033031,0.0031823,0.0031967,2548903.25573734,1783209599999
1783209600000,0.0031883,0.0031883,0.0030757,0.0030818,1423563.6827638,1783238399999
1783238400000,0.0030671,0.0030714,0.0030628,0.0030714,22672.28740349,1783267199999
1783267200000,0.003088,0.0031302,0.003088,0.0031302,6457.03847568,1783295999999
1783296000000,0.0030875,0.0030935,0.0030194,0.0030321,3821685.96356668,1783324799999
1783324800000,0.0030353,0.0031094,0.002993,0.0031094,426894.59518151,1783353599999
1783353600000,0.0031267,0.0031477,0.003106,0.0031314,21434.78309915,1783382399999
1783382400000,0.0031089,0.0031089,0.0030217,0.0030217,359719.32467334,1783411199999
1783411200000,0.0030355,0.0030536,0.0030173,0.0030536,82893.58717343,1783439999999
1783440000000,0.0030576,0.0030708,0.0030007,0.0030053,539694.45169577,1783468799999
1783468800000,0.0029693,0.0029693,0.0029378,0.0029378,37391.81808269,1783497599999
1783497600000,0.0029289,0.0030752,0.0029289,0.0029597,2466970.8788464,1783526399999
1783555200000,0.0029856,0.0030127,0.0029698,0.0029698,167221.00427594,1783583999999
1783584000000,0.0029633,0.0029682,0.0029633,0.0029658,34476.47886137,1783612799999
1783612800000,0.0029675,0.0029817,0.0029493,0.0029712,134561.15319511,1783641599999
1783641600000,0.0030128,0.0030292,0.0030013,0.0030013,44747.75561652,1783670399999
1783670400000,0.0030297,0.0030297,0.0029843,0.0029843,168209.37774828,1783699199999
1783699200000,0.0029935,0.0029935,0.0029758,0.0029862,170723.78965303,1783727999999
1783728000000,0.0029982,0.002999,0.0029957,0.0029957,103412.67012459,1783756799999
1783756800000,0.0030225,0.0046669,0.0030225,0.00458,8.426576876056871E7,1783785599999
1783785600000,0.00458,0.0047787,0.0038689,0.0041664,5.393406682278658E7,1783814399999
1783814400000,0.0041471,0.0052523,0.0040762,0.00478,2.991881535708693E7,1783843199999
1783843200000,0.00475,0.0055,0.0045433,0.0045898,5.653955235189088E7,1783871999999
1783872000000,0.0046192,0.00515,0.0045446,0.004761,1.954487379841292E7,1783900799999
1783900800000,0.0047528,0.005,0.0041,0.0041956,2.103173933914351E7,1783929599999
1783929600000,0.0042797,0.0044825,0.0041665,0.0041665,1.687533164681573E7,1783958399999
1783958400000,0.0041987,0.004222,0.0041286,0.0041943,7058653.72153104,1783987199999
1783987200000,0.0041772,0.0047271,0.003973,0.003973,1.250224799381098E7,1784015999999
1784016000000,0.003949,0.0039664,0.0037751,0.0038102,1.977213532920251E7,1784044799999
1784044800000,0.0038037,0.003813,0.00375,0.0037626,4340838.57121169,1784073599999
1784073600000,0.0037465,0.0039348,0.0035839,0.0035839,1.380794186446169E7,1784102399999
1784102400000,0.0035845,0.0036536,0.0035275,0.0035343,5884659.01472321,1784131199999
1784131200000,0.0035269,0.0036549,0.00349,0.003564,1.548611012811415E7,1784159999999
1784160000000,0.0035466,0.0036909,0.0034178,0.0034294,2081633.40619515,1784188799999
1784188800000,0.0033991,0.0035505,0.0033894,0.003439,1.589819152451987E7,1784217599999
1784217600000,0.0034234,0.0036162,0.0034234,0.0034824,1.107351682469964E7,1784246399999
1784246400000,0.0034771,0.00413,0.0034475,0.0036909,5.812334903785788E7,1784275199999
1784275200000,0.0036779,0.0039119,0.0035321,0.00379,4.655708501981512E7,1784303999999
1784304000000,0.0037852,0.0037914,0.0035795,0.0036364,1.146015049416503E7,1784332799999
1784332800000,0.0036254,0.0039948,0.0035175,0.0035458,3.068235668909758E7,1784361599999
1784361600000,0.0035489,0.0035905,0.003498,0.003498,4041973.17288063,1784390399999
1784390400000,0.0035113,0.0035306,0.0034808,0.0035161,461788.68965116,1784419199999
1784419200000,0.0035024,0.0035138,0.0034,0.0034351,1.342976147279615E7,1784447999999
1784448000000,0.0034168,0.0036347,0.0033751,0.0035854,2844650.01895199,1784476799999
1784476800000,0.003616,0.003616,0.0034185,0.0034228,5365720.60633338,1784505599999
1784505600000,0.0034268,0.0034334,0.0032471,0.0032471,1816345.01268541,1784534399999
1784534400000,0.0032154,0.0032747,0.0032154,0.0032747,125174.20101317,1784563199999
1784563200000,0.0032797,0.0032811,0.0032213,0.0032546,216174.94529668,1784591999999
1784592000000,0.0032903,0.0034707,0.0032168,0.0032812,6145039.03955621,1784620799999
1784620800000,0.0032706,0.0033401,0.0032354,0.0032354,400211.76150789,1784649599999
1784649600000,0.0032467,0.0032577,0.003213,0.0032237,1002644.82631166,1784678399999
1784678400000,0.0032194,0.0032327,0.0031615,0.0032104,876133.96842241,1784707199999
1784707200000,0.0032217,0.003226,0.0031793,0.0031817,743222.07704634,1784735999999
1784736000000,0.0032074,0.0032316,0.0031919,0.003219,603518.45787985,1784764799999
1784764800000,0.003196,0.0032445,0.0031959,0.0032193,77430.95985197,1784793599999
1784793600000,0.0032586,0.0033487,0.0032384,0.0033487,2110547.90374401,1784822399999
1784822400000,0.003347,0.0033549,0.0032367,0.003262,3635358.6340663,1784851199999
1784851200000,0.0032509,0.0033521,0.0031502,0.003202,788049.6876506,1784879999999
1784880000000,0.0032031,0.0032494,0.0031964,0.0032387,309544.21580569,1784908799999
1784908800000,0.0032486,0.0032541,0.0032236,0.0032377,1338293.35878338,1784937599999
1784937600000,0.0032308,0.003254,0.0031739,0.0031739,805597.23658138,1784966399999
1784966400000,0.0032046,0.0032474,0.0031933,0.0031933,828514.61721588,1784995199999
1784995200000,0.0031797,0.0031844,0.0031507,0.0031527,254216.54971343,1785023999999
1785024000000,0.0031285,0.0031285,0.0031033,0.003124,585788.64570895,1785052799999
1785052800000,0.0031213,0.0031215,0.0030858,0.0030912,214132.6465561,1785081599999
1785081600000,0.0030958,0.0030958,0.0030719,0.0030915,440874.65505341,1785110399999
1785110400000,0.0030864,0.0033355,0.0030764,0.0031708,1.790264506109826E7,1785139199999
1785139200000,0.0031764,0.0031905,0.0030404,0.0030404,2737710.21495443,1785167999999
1785168000000,0.0030435,0.0031097,0.00302,0.0030348,276377.63752153,1785196799999
1785196800000,0.003071,0.003109,0.0029632,0.0030773,3809756.85936933,1785225599999
1785225600000,0.003113,0.003134,0.0030893,0.0030893,5579155.55182795,1785254399999
1785254400000,0.0031107,0.0031842,0.0030792,0.0030815,718120.27773822,1785283199999
1785283200000,0.0030791,0.0030805,0.0030271,0.0030271,902121.64617583,1785311999999
1785312000000,0.0030283,0.0030283,0.0029881,0.0029899,582660.46703431,1785340799999
1785340800000,0.0029766,0.0029766,0.0029146,0.0029749,928692.71701448,1785369599999
1785369600000,0.0029801,0.0030044,0.002941,0.002941,901943.42658295,1785398399999
1785398400000,0.0029416,0.0029416,0.0029142,0.0029142,12274.15950018,1785427199999
1785427200000,0.0028522,0.0028522,0.0028076,0.0028134,248243.16631551,1785455999999
1785456000000,0.0028045,0.0028715,0.0028045,0.0028715,624492.15398557,1785484799999
1785484800000,0.00286,0.0029892,0.00286,0.00295,1323758.7899213,1785513599999
1785513600000,0.0029577,0.0031085,0.0029399,0.0029399,4682136.80653019,1785542399999
1785542400000,0.0029371,0.0029756,0.0029212,0.0029449,1610583.67614677,1785571199999
1785571200000,0.0029609,0.0029989,0.0029486,0.0029512,2133089.07013807,1785599999999
1785600000000,0.0029504,0.0029609,0.0029053,0.0029222,1364384.94016559,1785628799999
1785628800000,0.002943,0.0029479,0.0029,0.0029,56424.74751668,1785657599999
1785657600000,0.0028999,0.0029065,0.0028358,0.002842,2690407.98734279,1785686399999
1785686400000,0.0028446,0.0028446,0.0028084,0.0028084,173490.85298229,1785715199999
1785715200000,0.0028218,0.0029096,0.002819,0.0029019,206924.05975644,1785743999999
1785744000000,0.0029216,0.0030396,0.0029216,0.0029843,1.104206565084779E7,1785772799999
1785772800000,0.0029766,0.0029827,0.0029414,0.0029433,806595.63510215,1785801599999
1785801600000,0.0029393,0.0029526,0.0029108,0.0029135,203138.80474832,1785830399999
1785830400000,0.002907,0.0029194,0.0028855,0.0028948,1855047.65889022,1785859199999
1785859200000,0.0029216,0.0029558,0.0029133,0.0029323,690350.27877074,1785887999999
1785888000000,0.0029318,0.0029622,0.0029095,0.0029424,3392913.15604842,1785916799999
1785916800000,0.0029309,0.0029466,0.0029018,0.0029018,76383.80136563,1785945599999
1785945600000,0.002895,0.0029531,0.0028948,0.0029215,2019250.46825832,1785974399999
1785974400000,0.0029308,0.0030737,0.0029308,0.0030335,1424279.43149011,1786003199999
1786003200000,0.0030429,0.00308,0.0030315,0.0030741,1767906.61778608,1786031999999
1786032000000,0.0030741,0.0030992,0.0030543,0.0030819,682800.18844473,1786060799999
1786060800000,0.0030799,0.0030908,0.0030751,0.0030847,875691.10874171,1786089599999
1786089600000,0.0030683,0.0031298,0.0030518,0.0030911,2525363.25212002,1786118399999
1786118400000,0.0030833,0.0030902,0.0030784,0.003081,178573.2738305,1786147199999
1786147200000,0.0031061,0.0031441,0.0030974,0.0031101,1609798.0690634,1786175999999
1786176000000,0.0031062,0.003136,0.0031062,0.003136,70816.79142171,1786204799999
1786204800000,0.0031684,0.0032795,0.003149,0.0032172,5152805.03815442,1786233599999
1786233600000,0.0032015,0.0032292,0.0031849,0.0032206,394169.40635648,1786262399999
1786262400000,0.0032309,0.0032309,0.0031505,0.0031777,891499.41641383,1786291199999
1786291200000,0.0031679,0.0031937,0.0031679,0.0031937,15736.07174704,1786319999999
1786320000000,0.0032013,0.0032101,0.0031474,0.0031474,105507.10698789,1786348799999
1786348800000,0.0031283,0.0031377,0.0030876,0.0030918,1405066.49284078,1786377599999
1786377600000,0.0030766,0.0031046,0.0030644,0.0030644,996113.66019328,1786406399999
1786406400000,0.0030683,0.003091,0.0030419,0.0030419,136677.46739937,1786435199999
1786435200000,0.0030539,0.0030539,0.003,0.003,74139.08512306,1786463999999
1786464000000,0.0029869,0.0030052,0.0029759,0.0029954,828459.14421616,1786492799999
1786492800000,0.0030009,0.0030009,0.0029709,0.0029709,637547.98312106,1786521599999
