openTime,open,high,low,close,volume,closeTime
1710331200000,2.0844,2.0878,2.0001,2.0379,28483.146288,1710338399999
1710338400000,2.0372,2.2545,2.0346,2.2072,215287.236371,1710345599999
1710345600000,2.2142,2.48,2.2108,2.378,1787344.982533,1710352799999
1710352800000,2.3799,2.459,2.3798,2.3883,717137.061817,1710359999999
1710360000000,2.397,2.5383,2.3639,2.505,575448.898887,1710367199999
1710367200000,2.517,2.521,2.4037,2.4196,492642.840542,1710374399999
1710374400000,2.4191,2.6029,2.418,2.6029,377047.800507,1710381599999
1710381600000,2.5975,2.75,2.5717,2.6612,775487.025044,1710388799999
1710388800000,2.6547,2.7463,2.5921,2.7289,738553.903513,1710395999999
1710396000000,2.7301,3.0797,2.7054,2.8554,1920566.264392,1710403199999
1710403200000,2.86,3.1148,2.8449,3.0716,1761367.374186,1710410399999
1710410400000,3.0735,3.2,2.84,2.9759,2161226.20409,1710417599999
1710417600000,2.9843,3.067,2.761,2.8702,1437211.785062,1710424799999
1710424800000,2.8726,3.0624,2.8645,3.0368,1386250.154971,1710431999999
1710432000000,3.0396,3.1774,2.8691,3.0321,2347735.696366,1710439199999
1710439200000,3.028,3.0437,2.7151,2.9549,1938392.041145,1710446399999
1710446400000,2.954,3.09,2.8416,2.8447,1361912.862223,1710453599999
1710453600000,2.8454,2.9578,2.8345,2.9012,572141.102913,1710460799999
1710460800000,2.9063,3.1986,2.9063,3.1744,892596.403004,1710467999999
1710468000000,3.1679,3.2807,2.7885,3.1442,1374529.435414,1710475199999
1710475200000,3.1394,3.2262,2.8842,2.8856,1054378.995962,1710482399999
1710482400000,2.8865,3.099,2.8568,2.9251,1330723.100358,1710489599999
1710489600000,2.924,2.9479,2.452,2.7712,2507597.606066,1710496799999
1710496800000,2.7645,2.7713,2.4979,2.5306,1020296.182505,1710503999999
1710504000000,2.5279,2.8373,2.4786,2.8287,1055435.242066,1710511199999
1710511200000,2.8255,2.843,2.6452,2.6587,1161407.868779,1710518399999
1710518400000,2.6621,2.6712,2.5765,2.6034,540025.905267,1710525599999
1710525600000,2.6071,2.8967,2.602,2.716,1190097.272435,1710532799999
1710532800000,2.7172,2.7261,2.5453,2.5925,712690.514081,1710539999999
1710540000000,2.5917,2.6149,2.5022,2.5835,470530.22345,1710547199999
1710547200000,2.5883,2.6983,2.5469,2.6054,243391.79846,1710554399999
1710554400000,2.6127,2.6145,2.4339,2.4934,218257.58559,1710561599999
1710561600000,2.4909,2.5245,2.2139,2.3522,792517.033082,1710568799999
1710568800000,2.3501,2.4159,2.307,2.408,1018990.548825,1710575999999
1710576000000,2.4074,2.4439,2.3163,2.3164,630633.252077,1710583199999
1710583200000,2.3174,2.53,2.2988,2.3781,1313502.605788,1710590399999
1710590400000,2.3761,2.4024,2.232,2.2326,515912.962171,1710597599999
1710597600000,2.2398,2.3506,2.2185,2.3451,595886.901003,1710604799999
1710604800000,2.3469,2.3935,2.1615,2.1689,525974.706511,1710611999999
1710612000000,2.185,2.2043,2.0053,2.0056,1541405.931812,1710619199999
1710619200000,2.0078,2.0938,1.9646,1.9866,932160.792156,1710626399999
1710626400000,1.9837,2.0507,1.886,2.0408,739415.682023,1710633599999
1710633600000,2.0436,2.1421,1.9977,2.1386,392632.230235,1710640799999
1710640800000,2.125,2.1816,2.0967,2.1709,271155.375918,1710647999999
1710648000000,2.1711,2.1973,2.0981,2.1165,175379.877286,1710655199999
1710655200000,2.1246,2.1379,1.9869,2.0817,334052.377959,1710662399999
1710662400000,2.0779,2.188,2.0632,2.1517,441147.072486,1710669599999
1710669600000,2.1583,2.4999,2.1583,2.3749,1454761.566933,1710676799999
1710676800000,2.3713,2.407,2.1777,2.2594,935965.621276,1710683999999
1710684000000,2.2546,2.3557,2.1885,2.3464,716626.623965,1710691199999
1710691200000,2.3357,2.5707,2.2871,2.5701,1060036.801631,1710698399999
1710698400000,2.5701,2.7522,2.5096,2.723,2568918.346516,1710705599999
1710705600000,2.7233,2.9292,2.6811,2.8696,1674933.226012,1710712799999
1710712800000,2.8679,2.8679,2.7103,2.7892,897107.867975,1710719999999
1710720000000,2.789,2.84,2.6454,2.7552,450601.467241,1710727199999
1710727200000,2.7617,2.8467,2.7275,2.7667,335785.909977,1710734399999
1710734400000,2.7488,2.7939,2.685,2.7124,288974.704798,1710741599999
1710741600000,2.7137,2.7137,2.6146,2.6296,414896.365558,1710748799999
1710748800000,2.6306,2.6342,2.3378,2.3626,818702.883128,1710755999999
1710756000000,2.3623,3.0116,2.2957,3.0031,2656157.025183,1710763199999
1710763200000,3.0039,3.03,2.7716,2.8337,1420555.736245,1710770399999
1710770400000,2.8261,2.8411,2.5169,2.5937,1316914.143627,1710777599999
1710777600000,2.5934,2.7061,2.411,2.4677,962255.456308,1710784799999
1710784800000,2.4738,2.5649,2.4227,2.4512,625571.916763,1710791999999
1710792000000,2.4555,2.5707,2.4365,2.4683,549964.067125,1710799199999
1710799200000,2.468,2.4771,2.3015,2.3482,506480.073224,1710806399999
1710806400000,2.3431,2.4066,2.148,2.1933,444248.736104,1710813599999
1710813600000,2.194,2.2251,2.0864,2.1574,518108.873944,1710820799999
1710820800000,2.1542,2.1843,2.0762,2.0769,216900.872225,1710827999999
1710828000000,2.0718,2.238,1.9399,2.2047,1752420.289438,1710835199999
1710835200000,2.2126,2.23,1.9845,2.225,1838229.670128,1710842399999
1710842400000,2.2183,2.2325,2.0761,2.2189,1565340.530576,1710849599999
1710849600000,2.2199,2.4,2.1958,2.2438,1483298.617107,1710856799999
1710856800000,2.2422,2.4539,2.14,2.4424,1182402.264322,1710863999999
1710864000000,2.4429,2.52,2.359,2.3791,1255743.73992,1710871199999
1710871200000,2.3784,2.3972,2.3032,2.3094,635976.392037,1710878399999
1710878400000,2.3074,2.3223,2.1283,2.163,657624.643478,1710885599999
1710885600000,2.1699,2.1755,1.9963,2.1371,743865.908826,1710892799999
1710892800000,2.1318,2.1852,2.0337,2.0434,266446.555064,1710899999999
1710900000000,2.0422,2.1676,2.0401,2.0588,312525.688011,1710907199999
1710907200000,2.0586,2.0976,1.7962,1.8591,674065.679602,1710914399999
1710914400000,1.8584,2.2705,1.8514,2.0929,1219894.216475,1710921599999
1710921600000,2.0901,2.162,2.0271,2.066,673629.564214,1710928799999
1710928800000,2.0494,2.122,1.9943,2.0144,589101.493085,1710935999999
1710936000000,2.0144,2.122,1.8901,1.9239,929445.132601,1710943199999
1710943200000,1.9164,2.0436,1.9069,1.9456,739914.264033,1710950399999
1710950400000,1.9459,2.0694,1.8553,2.0506,972061.863185,1710957599999
1710957600000,2.0493,2.4277,2.0485,2.3641,2178382.395817,1710964799999
1710964800000,2.3691,2.5172,2.3093,2.4187,2263351.59407799,1710971999999
1710972000000,2.4184,2.4547,2.3558,2.3815,523598.006621,1710979199999
1710979200000,2.3842,2.4006,2.2681,2.3111,344949.505291,1710986399999
1710986400000,2.32,2.3752,2.2526,2.2674,143888.37437,1710993599999
1710993600000,2.2716,2.2845,2.1395,2.2357,477986.867992,1711000799999
1711000800000,2.2345,2.2969,2.2185,2.2223,372017.497739,1711007999999
1711008000000,2.221,2.3559,2.1963,2.2147,444375.574402,1711015199999
1711015200000,2.2187,2.2394,2.1838,2.2094,260272.706951,1711022399999
1711022400000,2.2017,2.2591,2.1504,2.1565,279264.231581,1711029599999
1711029600000,2.1477,2.2147,2.1259,2.1998,392457.49043,1711036799999
1711036800000,2.1963,2.244,2.1066,2.1236,567921.779049,1711043999999
1711044000000,2.1226,2.1322,2.05,2.1023,666190.55747,1711051199999
1711051200000,2.1025,2.1624,2.0727,2.1391,309471.290245,1711058399999
1711058400000,2.1366,2.1708,2.0947,2.1046,131608.400781,1711065599999
1711065600000,2.1032,2.1424,2.032,2.0357,96732.767161,1711072799999
1711072800000,2.0493,2.1657,2.0314,2.1561,99370.659473,1711079999999
1711080000000,2.1636,2.304,2.1257,2.2463,451818.356605,1711087199999
1711087200000,2.251,2.3,2.191,2.2,407517.652331,1711094399999
1711094400000,2.1983,2.2251,2.1604,2.1722,209329.768362,1711101599999
1711101600000,2.1735,2.1816,2.0695,2.0805,255759.890732,1711108799999
1711108800000,2.0776,2.0999,1.9883,1.9999,341050.770778,1711115999999
1711116000000,1.995,2.17,1.9605,2.0838,818477.295646,1711123199999
1711123200000,2.0754,2.0917,2.0097,2.0563,408757.505415,1711130399999
1711130400000,2.0529,2.0933,2.0339,2.0744,310248.689883,1711137599999
1711137600000,2.0707,2.0784,1.9961,2.0211,207178.322005,1711144799999
1711144800000,2.0196,2.0678,1.9596,2.067,369944.613644,1711151999999
1711152000000,2.067,2.101,2.0256,2.0809,82168.758769,1711159199999
1711159200000,2.0773,2.0914,1.985,1.9965,91466.885666,1711166399999
1711166400000,2.0005,2.0638,1.9952,2.0626,73857.570152,1711173599999
1711173600000,2.0712,2.1398,2.0565,2.1098,345531.950622,1711180799999
1711180800000,2.1146,2.1314,2.0705,2.095,172835.452063,1711187999999
1711188000000,2.111,2.1607,2.0866,2.1356,334117.830136,1711195199999
1711195200000,2.133,2.1417,2.0888,2.1319,360569.500419,1711202399999
1711202400000,2.1304,2.1753,2.083,2.1069,304244.680167,1711209599999
1711209600000,2.1112,2.2483,2.0854,2.2319,488505.715734,1711216799999
1711216800000,2.2307,2.2899,2.1691,2.1753,409627.729845,1711223999999
1711224000000,2.176,2.2092,2.1302,2.1637,242312.134825,1711231199999
1711231200000,2.1624,2.1713,2.1068,2.1074,122630.682714,1711238399999
1711238400000,2.1096,2.1531,2.1096,2.1303,48814.899361,1711245599999
1711245600000,2.1306,2.1355,2.0862,2.0936,90699.820464,1711252799999
1711252800000,2.0981,2.1084,2.0702,2.097,119631.440097,1711259999999
1711260000000,2.0969,2.097,2.059,2.0913,169360.193332,1711267199999
1711267200000,2.0899,2.1227,2.076,2.0846,161894.472532,1711274399999
1711274400000,2.0831,2.1029,2.0713,2.1006,184143.043898,1711281599999
1711281600000,2.0987,2.1624,2.0935,2.1288,215212.780693,1711288799999
1711288800000,2.128,2.3231,2.128,2.2546,745850.809792,1711295999999
1711296000000,2.2537,2.2912,2.1748,2.2078,540168.919198,1711303199999
1711303200000,2.2074,2.4017,2.1997,2.3753,979716.740545,1711310399999
1711310400000,2.3736,2.6464,2.3503,2.5858,1942264.691872,1711317599999
1711317600000,2.5861,2.638,2.5645,2.6099,884523.663703,1711324799999
1711324800000,2.6081,2.6201,2.498,2.5564,485049.650832,1711331999999
1711332000000,2.568,2.6094,2.5448,2.5637,160847.850985,1711339199999
1711339200000,2.5655,2.5956,2.5173,2.5804,258921.497566,1711346399999
1711346400000,2.5782,2.6345,2.5207,2.5589,437708.749746,1711353599999
1711353600000,2.5543,2.6673,2.5543,2.6333,459632.316613,1711360799999
1711360800000,2.6358,2.7782,2.455,2.475,1098746.087569,1711367999999
1711368000000,2.4784,2.5244,2.4285,2.4984,470879.012382,1711375199999
1711375200000,2.4955,2.7214,2.4741,2.6867,1156052.777057,1711382399999
1711382400000,2.6902,2.7008,2.5469,2.5659,443137.66341,1711389599999
1711389600000,2.5625,2.5774,2.5071,2.5431,317660.857434,1711396799999
1711396800000,2.5395,2.5537,2.4524,2.4764,319122.142506,1711403999999
1711404000000,2.4822,2.5139,2.4509,2.474,193430.554626,1711411199999
1711411200000,2.4718,2.5291,2.4567,2.5104,112180.473972,1711418399999
1711418400000,2.5067,2.5234,2.485,2.5212,118221.89426,1711425599999
1711425600000,2.5147,2.6987,2.5113,2.6411,436348.042747,1711432799999
1711432800000,2.6325,2.7391,2.624,2.7059,438300.59054,1711439999999
1711440000000,2.7016,2.9341,2.6823,2.9265,558701.619992,1711447199999
1711447200000,2.9252,3.0,2.8705,2.9165,727933.028913,1711454399999
1711454400000,2.9148,3.1,2.8709,2.925,563180.31414,1711461599999
1711461600000,2.9307,3.0533,2.8305,2.9749,539818.191568,1711468799999
1711468800000,2.9733,3.0184,2.813,2.958,561733.381482,1711475999999
1711476000000,2.9649,3.1309,2.9404,2.9534,867835.736795,1711483199999
1711483200000,2.9569,3.0206,2.9099,2.9869,346590.174418,1711490399999
1711490400000,2.9811,3.1199,2.9136,2.9992,371340.707769,1711497599999
1711497600000,2.991,3.1946,2.9456,3.0254,372531.623784,1711504799999
1711504800000,3.0236,3.0767,2.9559,3.0362,207043.437285,1711511999999
1711512000000,3.0362,3.1412,2.9585,3.1122,311447.431727,1711519199999
1711519200000,3.1035,3.25,2.9763,3.0033,548869.46585,1711526399999
1711526400000,3.0108,3.046,2.8669,2.9544,505540.265116,1711533599999
1711533600000,2.9461,2.9605,2.9,2.9578,389607.445623,1711540799999
1711540800000,2.9584,3.1208,2.9113,3.08,828291.693733,1711547999999
1711548000000,3.0764,3.1029,2.7704,2.799,963458.093457,1711555199999
1711555200000,2.8029,2.9515,2.7619,2.8556,379528.806833,1711562399999
1711562400000,2.8606,2.8863,2.8101,2.8616,186675.461435,1711569599999
1711569600000,2.86,2.9357,2.8389,2.8523,209030.617833,1711576799999
1711576800000,2.8525,2.8917,2.78,2.819,236790.270961,1711583999999
1711584000000,2.8179,3.0315,2.8017,2.924,491626.442727,1711591199999
1711591200000,2.926,2.9514,2.7,2.7712,166681.679571,1711598399999
1711598400000,2.7717,2.8869,2.7625,2.849,104589.831855,1711605599999
1711605600000,2.8518,2.9,2.8256,2.8813,173906.303773,1711612799999
1711612800000,2.875,2.89,2.8286,2.8385,182774.517024,1711619999999
1711620000000,2.8346,2.9416,2.8055,2.9005,412185.49894,1711627199999
1711627200000,2.9013,2.9661,2.8094,2.9564,469823.675874,1711634399999
1711634400000,2.9553,3.1381,2.9236,3.0699,866748.370977,1711641599999
1711641600000,3.0746,3.164,3.043,3.1035,478277.235616,1711648799999
1711648800000,3.1084,3.4075,3.1011,3.3922,849045.924443,1711655999999
1711656000000,3.3955,3.7,3.2871,3.454,2708061.448036,1711663199999
1711663200000,3.4488,3.5588,3.4338,3.473,517659.566103,1711670399999
1711670400000,3.4756,3.6748,3.448,3.5852,322441.701847,1711677599999
1711677600000,3.5841,3.7469,3.4605,3.5161,530643.167509,1711684799999
1711684800000,3.5177,3.5275,3.4368,3.4437,159257.455077,1711691999999
1711692000000,3.445,3.4889,3.2904,3.3078,407465.903556,1711699199999
1711699200000,3.3015,3.3981,3.28,3.3048,478546.580762,1711706399999
1711706400000,3.3053,3.5053,3.2569,3.418,608634.831101,1711713599999
1711713600000,3.4168,3.4569,3.3084,3.4296,403629.497584,1711720799999
1711720800000,3.4283,3.5,3.3802,3.4367,582263.141464,1711727999999
1711728000000,3.4401,3.6641,3.4391,3.6098,851472.422027,1711735199999
1711735200000,3.6112,3.94,3.5899,3.8891,1391659.795419,1711742399999
1711742400000,3.8839,3.8839,3.6021,3.6474,945263.765652,1711749599999
1711749600000,3.6523,3.71,3.6068,3.6351,531881.480793,1711756799999
1711756800000,3.6481,3.8426,3.6382,3.7876,553308.360597,1711763999999
1711764000000,3.796,4.027,3.7831,3.9697,527751.846788,1711771199999
1711771200000,3.966,4.3131,3.966,4.2746,1004725.471342,1711778399999
1711778400000,4.2743,4.4279,4.0824,4.2147,1166179.898359,1711785599999
1711785600000,4.2114,4.3481,4.13,4.21,863179.235773,1711792799999
1711792800000,4.21,4.2923,4.1406,4.2871,519872.262257,1711799999999
1711800000000,4.2769,4.2898,3.9925,4.0021,751087.758467,1711807199999
1711807200000,4.0,4.2001,3.9603,4.0286,488025.118039,1711814399999
1711814400000,4.0277,4.0715,3.9664,4.0201,408755.003737,1711821599999
1711821600000,4.0214,4.0306,3.8335,4.0126,800463.795031,1711828799999
1711828800000,4.0122,4.0531,3.9353,3.951,408108.17025,1711835999999
1711836000000,3.95,3.9916,3.9069,3.9573,217492.199623,1711843199999
1711843200000,3.9689,4.1153,3.9395,4.0457,263290.515576,1711850399999
1711850400000,4.0406,4.0506,3.8818,3.9238,142087.627757,1711857599999
1711857600000,3.9273,4.0471,3.8964,4.0206,125490.306938,1711864799999
1711864800000,4.0108,4.3,3.9768,4.2431,414270.879046,1711871999999
1711872000000,4.2519,4.5056,4.2463,4.4436,1183974.531467,1711879199999
1711879200000,4.4447,4.4685,4.302,4.4301,645982.961508,1711886399999
1711886400000,4.4299,4.4395,4.2875,4.2977,404956.122346,1711893599999
1711893600000,4.2936,4.422,4.272,4.3789,471946.711348,1711900799999
1711900800000,4.3754,4.3818,4.3,4.3153,307145.455773,1711907999999
1711908000000,4.3079,4.5075,4.2949,4.3994,577045.628101,1711915199999
1711915200000,4.4052,4.4093,4.1901,4.2291,465660.989817,1711922399999
1711922400000,4.23,4.3659,4.2245,4.2439,332130.512622,1711929599999
1711929600000,4.2419,4.3086,4.1677,4.2503,136474.500712,1711936799999
1711936800000,4.2478,4.2658,4.1263,4.1263,122944.70729,1711943999999
1711944000000,4.1217,4.1827,3.926,4.1071,357909.507221,1711951199999
1711951200000,4.1189,4.1497,4.0181,4.0726,311851.718085,1711958399999
1711958400000,4.0773,4.17,4.0219,4.09,405549.536128,1711965599999
1711965600000,4.0929,4.1097,3.9714,4.0226,305732.943832,1711972799999
1711972800000,4.0222,4.1581,4.003,4.0355,320678.231882,1711979999999
1711980000000,4.0336,4.0359,3.6832,3.7318,936320.022305,1711987199999
1711987200000,3.738,3.9363,3.7206,3.8511,583117.604636,1711994399999
1711994400000,3.8484,4.0735,3.7862,4.0414,729097.289792,1712001599999
1712001600000,4.04,4.0655,3.9151,3.9887,397137.245936,1712008799999
1712008800000,3.9706,4.0293,3.9319,3.9331,135930.951296,1712015999999
1712016000000,3.9478,3.9478,3.7678,3.8254,117448.40228,1712023199999
1712023200000,3.8249,3.8287,3.55,3.5733,447698.165595,1712030399999
1712030400000,3.5745,3.6896,3.5414,3.6625,335452.059224,1712037599999
1712037600000,3.6625,3.9978,3.5314,3.5788,473935.152469,1712044799999
1712044800000,3.5767,3.6376,3.4109,3.5285,589725.895908,1712051999999
1712052000000,3.5279,3.6083,3.4358,3.5778,961642.614865,1712059199999
1712059200000,3.5722,3.6919,3.4157,3.623,1025296.043369,1712066399999
1712066400000,3.6229,3.7982,3.5838,3.6021,758870.726367,1712073599999
1712073600000,3.5985,3.8621,3.5771,3.7346,683948.082135,1712080799999
1712080800000,3.7352,3.8263,3.6645,3.7727,559757.76669,1712087999999
1712088000000,3.7666,3.7849,3.6061,3.6483,315080.309941,1712095199999
1712095200000,3.6563,3.7,3.5614,3.5805,131886.505103,1712102399999
1712102400000,3.5766,3.65,3.3568,3.6493,246611.284123,1712109599999
1712109600000,3.6661,3.845,3.6501,3.7419,327696.378631,1712116799999
1712116800000,3.7414,3.8289,3.6906,3.765,306131.474403,1712123999999
1712124000000,3.765,3.89,3.7494,3.7978,364660.153894,1712131199999
1712131200000,3.7865,3.8618,3.719,3.7322,310958.097568,1712138399999
1712138400000,3.7254,3.7255,3.501,3.619,612448.317964,1712145599999
1712145600000,3.6194,3.6499,3.5072,3.5625,247791.983918,1712152799999
1712152800000,3.5601,3.7267,3.5601,3.5848,436013.356508,1712159999999
1712160000000,3.5929,3.65,3.4238,3.4331,431068.824704,1712167199999
1712167200000,3.434,3.4534,3.3716,3.4068,310923.44883,1712174399999
1712174400000,3.3993,3.429,3.3332,3.4126,279889.612504,1712181599999
1712181600000,3.4185,3.4273,3.3485,3.3485,81122.383394,1712188799999
1712188800000,3.349,3.5317,3.3459,3.483,188713.596856,1712195999999
1712196000000,3.4823,3.4834,3.3971,3.4035,65380.061412,1712203199999
1712203200000,3.406,3.4199,3.2434,3.384,306717.674872,1712210399999
1712210400000,3.3749,3.5841,3.3677,3.5206,268683.79149,1712217599999
1712217600000,3.5205,3.72,3.4965,3.5907,372453.363006,1712224799999
1712224800000,3.5948,3.6292,3.5427,3.5831,219336.935371,1712231999999
1712232000000,3.5783,3.7111,3.5267,3.5694,598833.204702,1712239199999
1712239200000,3.5587,3.6069,3.461,3.5179,321002.305997,1712246399999
1712246400000,3.526,3.6246,3.4831,3.6045,286163.069079,1712253599999
1712253600000,3.6005,3.6526,3.3796,3.3818,363112.972314,1712260799999
1712260800000,3.394,3.3947,3.2315,3.251,347149.949555,1712267999999
1712268000000,3.2554,3.2837,3.2,3.2723,196030.221568,1712275199999
1712275200000,3.2714,3.327,3.1602,3.1602,85726.59362,1712282399999
1712282400000,3.1668,3.1881,3.0661,3.1604,208692.344977,1712289599999
1712289600000,3.1576,3.1576,2.9764,3.0752,446220.680543,1712296799999
1712296800000,3.0681,3.0962,3.0062,3.0629,267542.823153,1712303999999
1712304000000,3.0654,3.1149,3.016,3.0445,297498.738484,1712311199999
1712311200000,3.0438,3.0546,2.9604,2.9733,323007.042915,1712318399999
1712318400000,2.9724,3.2241,2.9341,3.1294,622065.124536,1712325599999
1712325600000,3.1307,3.1839,3.0549,3.0998,400704.857928,1712332799999
1712332800000,3.097,3.1314,2.9741,2.9866,174180.745018,1712339999999
1712340000000,2.9876,3.1347,2.9702,3.0766,363336.620701,1712347199999
1712347200000,3.0715,3.1428,3.0347,3.0347,216982.546886,1712354399999
1712354400000,3.0482,3.0482,2.9684,2.972,98566.788702,1712361599999
1712361600000,2.9613,3.0795,2.9493,3.06,104461.073212,1712368799999
1712368800000,3.056,3.1227,3.034,3.0805,48966.026474,1712375999999
1712376000000,3.0722,3.1489,3.0352,3.0487,185614.297008,1712383199999
1712383200000,3.0443,3.1545,3.0,3.116,292701.894509,1712390399999
1712390400000,3.1168,3.2055,3.09,3.1088,412922.137398,1712397599999
1712397600000,3.1109,3.1336,3.0074,3.0298,193806.139197,1712404799999
1712404800000,3.0232,3.0404,2.9695,2.9876,166298.300903,1712411999999
1712412000000,2.9836,3.13,2.9836,3.1211,382926.69068,1712419199999
1712419200000,3.1277,3.138,3.0514,3.0585,263410.164842,1712426399999
1712426400000,3.0511,3.059,3.0075,3.0408,133695.85466,1712433599999
1712433600000,3.0385,3.13,3.0326,3.106,340166.240325,1712440799999
1712440800000,3.107,3.3136,3.107,3.2967,491355.086955,1712447999999
1712448000000,3.2952,3.4561,3.1878,3.4035,286880.414814,1712455199999
1712455200000,3.4,3.4192,3.3451,3.3585,197356.534328,1712462399999
1712462400000,3.3542,3.4811,3.3542,3.4735,253121.111667,1712469599999
1712469600000,3.4745,3.51,3.2918,3.3215,462457.417605,1712476799999
1712476800000,3.3238,3.3436,3.252,3.2705,186835.404704,1712483999999
1712484000000,3.2711,3.4088,3.2418,3.3606,284003.336477,1712491199999
1712491200000,3.3497,3.3641,3.2967,3.3311,154207.198032,1712498399999
1712498400000,3.3248,3.4267,3.3128,3.3492,383104.11154,1712505599999
1712505600000,3.3513,3.6,3.3444,3.5973,937710.110524,1712512799999
1712512800000,3.5918,3.5973,3.4725,3.4881,610265.333854,1712519999999
1712520000000,3.4917,3.5329,3.4148,3.4162,297411.367531,1712527199999
1712527200000,3.4147,3.4956,3.3878,3.469,111865.843177,1712534399999
1712534400000,3.4805,3.552,3.4091,3.5347,195786.281832,1712541599999
1712541600000,3.5332,3.5332,3.3547,3.3737,71239.294147,1712548799999
1712548800000,3.3787,3.4493,3.362,3.4463,132743.983989,1712555999999
1712556000000,3.4431,3.68,3.4048,3.6556,510806.259876,1712563199999
1712563200000,3.6584,3.855,3.651,3.7628,941129.449055,1712570399999
1712570400000,3.766,3.9451,3.7369,3.8388,767398.812434,1712577599999
1712577600000,3.8398,3.8944,3.7759,3.8465,450934.73143,1712584799999
1712584800000,3.8448,3.9188,3.7672,3.8465,557472.275698,1712591999999
1712592000000,3.8424,3.9543,3.8204,3.9147,206855.283166,1712599199999
1712599200000,3.9205,3.9284,3.8346,3.8558,222507.904166,1712606399999
1712606400000,3.8598,3.939,3.831,3.8971,227134.347969,1712613599999
1712613600000,3.8891,3.9674,3.8329,3.8612,70924.187545,1712620799999
1712620800000,3.8532,3.8695,3.7401,3.7747,99711.096518,1712627999999
1712628000000,3.7728,3.8047,3.7208,3.7439,100447.586901,1712635199999
1712635200000,3.7416,3.7915,3.7024,3.7309,162720.777044,1712642399999
1712642400000,3.7345,3.7609,3.6354,3.6373,312170.719537,1712649599999
1712649600000,3.6448,3.7161,3.5233,3.6315,435351.723831,1712656799999
1712656800000,3.6356,3.6945,3.6195,3.6699,115868.816926,1712663999999
1712664000000,3.6666,3.6778,3.5972,3.6054,146099.199108,1712671199999
1712671200000,3.6023,3.647,3.325,3.3991,679260.770472,1712678399999
1712678400000,3.4018,3.4124,3.2716,3.3492,371739.854014,1712685599999
1712685600000,3.3539,3.3672,3.2854,3.3046,233674.945055,1712692799999
1712692800000,3.3,3.3768,3.2967,3.3237,267885.051082,1712699999999
1712700000000,3.3261,3.3726,3.2511,3.3031,225486.394431,1712707199999
1712707200000,3.3007,3.3481,3.2348,3.2892,67452.265649,1712714399999
1712714400000,3.2949,3.3138,3.091,3.1791,103975.677428,1712721599999
1712721600000,3.1797,3.2741,3.1357,3.2208,321449.184251,1712728799999
1712728800000,3.2206,3.2785,3.2071,3.232,216479.116517,1712735999999
1712736000000,3.2296,3.2492,3.1817,3.2083,153695.706419,1712743199999
1712743200000,3.2106,3.2281,3.1193,3.2089,140871.406002,1712750399999
1712750400000,3.2089,3.2493,3.05,3.1563,516270.084714,1712757599999
1712757600000,3.15,3.3245,3.122,3.245,568048.58721,1712764799999
1712764800000,3.2422,3.4,3.2394,3.2833,379413.49331,1712771999999
1712772000000,3.28,3.298,3.1605,3.2933,462011.399753,1712779199999
1712779200000,3.2901,3.2992,3.2074,3.2797,191409.426822,1712786399999
1712786400000,3.2801,3.4486,3.2745,3.3707,295423.089897,1712793599999
1712793600000,3.3561,3.4369,3.293,3.3691,121809.030469,1712800799999
1712800800000,3.3599,3.4167,3.343,3.3683,122383.378248,1712807999999
1712808000000,3.3768,3.4681,3.328,3.4231,195777.902344,1712815199999
1712815200000,3.4125,3.6697,3.4125,3.539,550344.894363,1712822399999
1712822400000,3.5333,3.5418,3.4093,3.4113,250136.418577,1712829599999
1712829600000,3.4148,3.4738,3.2857,3.2946,349555.034222,1712836799999
1712836800000,3.2935,3.4142,3.2425,3.33,567361.179371,1712843999999
1712844000000,3.3302,3.3617,3.2673,3.335,324655.665246,1712851199999
1712851200000,3.3406,3.3904,3.2579,3.3392,343000.282053,1712858399999
1712858400000,3.3354,3.35,3.2709,3.3341,186103.068854,1712865599999
1712865600000,3.3345,3.3546,3.2571,3.2574,210255.470789,1712872799999
1712872800000,3.2607,3.2682,3.1926,3.2204,95405.468003,1712879999999
1712880000000,3.2148,3.2503,3.19,3.218,97714.461918,1712887199999
1712887200000,3.2175,3.3228,3.2175,3.3046,97781.234144,1712894399999
1712894400000,3.3152,3.3166,3.2548,3.2732,213330.590962,1712901599999
1712901600000,3.2742,3.291,3.1768,3.1849,226704.514483,1712908799999
1712908800000,3.1839,3.2383,3.1365,3.2068,194884.496007,1712915999999
1712916000000,3.2047,3.2141,3.1681,3.1818,116384.722105,1712923199999
1712923200000,3.1787,3.1787,2.9304,2.9846,572481.039073,1712930399999
1712930400000,2.9844,3.0784,2.9293,2.9486,566370.545956,1712937599999
1712937600000,2.9456,2.9682,2.453,2.742,1374717.152583,1712944799999
1712944800000,2.7413,3.2998,2.2231,2.77,1880045.26109701,1712951999999
1712952000000,2.7865,2.95,2.4852,2.5543,759181.267053,1712959199999
1712959200000,2.554,2.6099,2.4415,2.5203,400103.036494,1712966399999
1712966400000,2.5242,2.5388,2.2696,2.3581,196499.478194,1712973599999
1712973600000,2.3527,2.5146,2.3527,2.4506,96221.500669,1712980799999
1712980800000,2.4568,2.5743,2.4202,2.482,204897.783676,1712987999999
1712988000000,2.4852,2.5996,2.4363,2.4956,255526.052465,1712995199999
1712995200000,2.4951,2.66,2.4717,2.5986,424843.765553,1713002399999
1713002400000,2.5827,2.6942,2.5508,2.6307,311562.641948,1713009599999
1713009600000,2.6146,2.7777,2.6044,2.6668,330403.365413,1713016799999
1713016800000,2.6742,2.6908,2.5773,2.5988,178784.058297,1713023999999
1713024000000,2.5947,2.6046,2.2752,2.3582,1024093.979553,1713031199999
1713031200000,2.355,2.4515,2.0706,2.1749,886468.041912,1713038399999
1713038400000,2.1565,2.1988,1.8582,2.1351,2221544.963009,1713045599999
1713045600000,2.1406,2.6,2.072,2.2246,1366855.807972,1713052799999
1713052800000,2.2176,2.3657,2.203,2.3382,357331.001661,1713059999999
1713060000000,2.3185,2.3231,2.138,2.2601,141254.62206,1713067199999
1713067200000,2.2494,2.63,2.2204,2.5379,475062.016944,1713074399999
1713074400000,2.5493,3.0,2.4628,2.7789,1136901.452589,1713081599999
1713081600000,2.7864,2.84,2.5126,2.5665,836753.406085,1713088799999
1713088800000,2.577,2.7395,2.5331,2.5709,636077.405534,1713095999999
1713096000000,2.5727,2.7085,2.5407,2.5913,441937.727254,1713103199999
1713103200000,2.5835,2.748,2.5405,2.6894,752386.227952,1713110399999
1713110400000,2.6842,2.9109,2.564,2.728,1908218.092736,1713117599999
1713117600000,2.7224,2.8215,2.6796,2.6951,563099.905608,1713124799999
1713124800000,2.6987,2.7227,2.6002,2.6486,498743.76099,1713131999999
1713132000000,2.6334,2.9223,2.6333,2.8816,734300.2062,1713139199999
1713139200000,2.8846,2.8851,2.6978,2.728,189322.839224,1713146399999
1713146400000,2.7285,2.7413,2.6673,2.6832,87736.552514,1713153599999
1713153600000,2.6767,2.8165,2.65,2.7916,297256.423675,1713160799999
1713160800000,2.7906,2.9128,2.7576,2.8867,949471.111715,1713167999999
1713168000000,2.8857,2.9536,2.8015,2.8601,669079.380239,1713175199999
1713175200000,2.8638,2.87,2.7498,2.7559,350254.008478,1713182399999
1713182400000,2.7535,2.7917,2.6736,2.7092,621611.829529,1713189599999
1713189600000,2.7121,2.7422,2.5613,2.622,797040.976982,1713196799999
1713196800000,2.62,2.6623,2.4304,2.4793,793379.478289,1713203999999
1713204000000,2.478,2.5803,2.3111,2.5072,1202827.94621,1713211199999
1713211200000,2.512,2.5788,2.4192,2.5485,562462.0638,1713218399999
1713218400000,2.5472,2.6255,2.5114,2.582,381427.323497,1713225599999
1713225600000,2.5852,2.6349,2.5048,2.5189,152706.423839,1713232799999
1713232800000,2.5117,2.5497,2.4615,2.4739,163702.637506,1713239999999
1713240000000,2.4766,2.5007,2.381,2.4279,471672.342843,1713247199999
1713247200000,2.434,2.59,2.4277,2.5434,318026.224834,1713254399999
1713254400000,2.545,2.545,2.4345,2.4422,371539.102366,1713261599999
1713261600000,2.4436,2.48,2.33,2.4466,777955.13578,1713268799999
1713268800000,2.4345,2.51,2.3,2.43,636047.869319,1713275999999
1713276000000,2.43,2.4764,2.3117,2.3183,883288.787538,1713283199999
1713283200000,2.3122,2.5715,2.28,2.4716,1642385.95097,1713290399999
1713290400000,2.468,2.55,2.428,2.4378,706806.777146,1713297599999
1713297600000,2.4348,2.6021,2.4293,2.5191,713380.703022,1713304799999
1713304800000,2.518,2.545,2.4939,2.5265,350911.629615,1713311999999
1713312000000,2.5256,2.5706,2.45,2.5062,66563.396819,1713319199999
1713319200000,2.4945,2.5452,2.4665,2.5102,188989.908795,1713326399999
1713326400000,2.5085,2.6335,2.4748,2.5577,411374.392367,1713333599999
1713333600000,2.5533,2.5848,2.4712,2.4751,383778.637497,1713340799999
1713340800000,2.4723,2.4849,2.4183,2.4377,316541.041327,1713347999999
1713348000000,2.436,2.436,2.3633,2.3643,332148.77811,1713355199999
1713355200000,2.3671,2.447,2.31,2.3361,512710.940216,1713362399999
1713362400000,2.3357,2.3357,2.1821,2.2532,1318489.074846,1713369599999
1713369600000,2.2526,2.3202,2.2151,2.2999,820253.851642,1713376799999
1713376800000,2.3002,2.4111,2.29,2.3226,902556.936737,1713383999999
1713384000000,2.3211,2.3711,2.2924,2.3273,279262.062523,1713391199999
1713391200000,2.326,2.3288,2.261,2.2707,155054.26398,1713398399999
1713398400000,2.267,2.2929,2.1909,2.2527,143249.811703,1713405599999
1713405600000,2.267,2.3535,2.218,2.3171,255113.340276,1713412799999
1713412800000,2.3195,2.3312,2.2562,2.2562,170258.727218,1713419999999
1713420000000,2.2597,2.2689,2.1109,2.1469,599414.151113,1713427199999
1713427200000,2.1497,2.2458,2.1075,2.2416,387468.567176,1713434399999
1713434400000,2.2437,2.3467,2.2267,2.3077,809386.656942,1713441599999
1713441600000,2.3074,2.3438,2.2566,2.2979,442941.797804,1713448799999
1713448800000,2.2985,2.47,2.2757,2.3855,949184.840328,1713455999999
1713456000000,2.3879,2.55,2.3468,2.3502,839543.282594,1713463199999
1713463200000,2.35,2.4418,2.3225,2.4394,583885.675203,1713470399999
1713470400000,2.4382,2.4428,2.4009,2.4228,244175.663744,1713477599999
1713477600000,2.4261,2.45,2.397,2.4129,62619.469878,1713484799999
1713484800000,2.3981,2.3981,2.1839,2.1871,208687.805973,1713491999999
1713492000000,2.1814,2.3716,2.1235,2.3716,646337.326484,1713499199999
1713499200000,2.3769,2.4712,2.345,2.3966,531502.735065,1713506399999
1713506400000,2.3934,2.6148,2.3782,2.5385,983290.053619,1713513599999
1713513600000,2.5371,2.6871,2.5122,2.679,558487.995577,1713520799999
1713520800000,2.6802,2.7903,2.65,2.734,1033328.855323,1713527999999
1713528000000,2.7407,2.8299,2.7172,2.7555,698068.166666,1713535199999
1713535200000,2.7634,2.8637,2.6965,2.8518,893355.884236,1713542399999
1713542400000,2.8503,2.9,2.7693,2.8436,860585.384155,1713549599999
1713549600000,2.8399,2.8787,2.8122,2.8353,377161.021405,1713556799999
1713556800000,2.8288,2.8381,2.7091,2.78,740996.539787,1713563999999
1713564000000,2.78,2.812,2.6429,2.7198,308328.093455,1713571199999
1713571200000,2.7198,2.7272,2.6103,2.6574,121824.055563,1713578399999
1713578400000,2.6562,2.67,2.6004,2.67,109848.184622,1713585599999
1713585600000,2.6677,2.7087,2.6479,2.6753,246264.867882,1713592799999
1713592800000,2.6779,2.6976,2.6483,2.6579,193034.290191,1713599999999
1713600000000,2.6659,2.6704,2.5772,2.5904,383852.525689,1713607199999
1713607200000,2.5928,2.6084,2.5509,2.5952,483228.648019,1713614399999
1713614400000,2.5939,2.6609,2.5711,2.6111,498593.610333,1713621599999
1713621600000,2.6132,2.7488,2.5548,2.699,530437.804441,1713628799999
1713628800000,2.7,2.8647,2.6458,2.8517,1048531.507588,1713635999999
1713636000000,2.8548,2.9054,2.8003,2.8356,929301.896535,1713643199999
1713643200000,2.8372,2.8799,2.7724,2.7966,876351.090679,1713650399999
1713650400000,2.8001,2.8832,2.7503,2.8456,281669.356892,1713657599999
1713657600000,2.8439,2.8825,2.7713,2.8423,181474.080009,1713664799999
1713664800000,2.8388,3.0108,2.8265,2.9124,331183.529898,1713671999999
1713672000000,2.91,2.953,2.8806,2.9198,404096.560864,1713679199999
1713679200000,2.9179,2.9886,2.9117,2.962,549102.645167,1713686399999
1713686400000,2.9628,2.9896,2.8981,2.9295,582601.654267,1713693599999
1713693600000,2.933,2.9576,2.8534,2.8924,641484.821326,1713700799999
1713700800000,2.8928,2.9,2.7891,2.798,658679.718735,1713707999999
1713708000000,2.7988,2.8392,2.7851,2.8135,291683.496857,1713715199999
1713715200000,2.8135,2.824,2.7147,2.7916,541873.817284,1713722399999
1713722400000,2.7887,2.7956,2.7257,2.7314,305302.295071,1713729599999
1713729600000,2.7298,2.8071,2.7209,2.7361,273354.571539,1713736799999
1713736800000,2.7339,2.7812,2.7228,2.7488,75009.986482,1713743999999
1713744000000,2.7658,2.815,2.7117,2.7214,124048.13461,1713751199999
1713751200000,2.725,2.8598,2.6827,2.8148,131666.834676,1713758399999
1713758400000,2.8071,2.856,2.7721,2.8483,236976.809429,1713765599999
1713765600000,2.8498,2.8917,2.7584,2.7597,335664.021238,1713772799999
1713772800000,2.7707,2.8068,2.7501,2.7635,277725.397219,1713779999999
1713780000000,2.7635,2.807,2.7321,2.7595,179691.606442,1713787199999
1713787200000,2.7545,2.7979,2.7192,2.7499,135216.856187,1713794399999
1713794400000,2.7503,2.7629,2.642,2.6768,330170.365325,1713801599999
1713801600000,2.6768,2.7141,2.6133,2.6854,360699.49389,1713808799999
1713808800000,2.685,2.7248,2.6786,2.716,264769.718372,1713815999999
1713816000000,2.7159,2.77,2.7006,2.7188,272938.224744,1713823199999
1713823200000,2.7207,2.7715,2.711,2.7338,97019.87607,1713830399999
1713830400000,2.739,2.7912,2.7268,2.7835,147276.76772,1713837599999
1713837600000,2.7656,2.7912,2.6765,2.6778,97384.548214,1713844799999
1713844800000,2.6806,2.6955,2.62,2.6357,265954.319887,1713851999999
1713852000000,2.6411,2.6559,2.5753,2.5783,273969.493949,1713859199999
1713859200000,2.5813,2.6481,2.5682,2.6304,188523.356843,1713866399999
1713866400000,2.6335,2.7,2.6335,2.6676,181889.788624,1713873599999
1713873600000,2.6722,2.8023,2.6499,2.7789,422204.088082,1713880799999
1713880800000,2.7755,2.91,2.7518,2.8431,1181257.104739,1713887999999
1713888000000,2.8482,2.9054,2.811,2.9021,479084.974066,1713895199999
1713895200000,2.9032,2.9078,2.8343,2.8614,463855.526758,1713902399999
1713902400000,2.8621,2.8761,2.8089,2.851,272737.409652,1713909599999
1713909600000,2.846,2.8635,2.7727,2.817,175763.39633,1713916799999
1713916800000,2.8295,2.996,2.7766,2.9784,785312.6786,1713923999999
1713924000000,2.9759,3.0771,2.8965,2.9943,662861.781116,1713931199999
1713931200000,3.0011,3.1677,2.9822,3.1161,685326.326073,1713938399999
1713938400000,3.11,3.2137,3.0234,3.1594,919296.439519,1713945599999
1713945600000,3.1593,3.1992,3.0744,3.1283,436060.403212,1713952799999
1713952800000,3.1261,3.3291,3.116,3.3028,711440.889829,1713959999999
1713960000000,3.3073,3.328,3.14,3.1573,659846.180652,1713967199999
1713967200000,3.1576,3.1702,2.9893,3.003,844412.150476,1713974399999
1713974400000,3.003,3.1359,2.9429,3.089,687050.332724,1713981599999
1713981600000,3.081,3.1345,2.95,3.0468,756100.439847,1713988799999
1713988800000,3.047,3.0812,2.9857,3.0489,428391.745219,1713995999999
1713996000000,3.0447,3.0447,2.8336,2.9007,331069.739619,1714003199999
1714003200000,2.8869,2.9265,2.7595,2.7668,276265.963624,1714010399999
1714010400000,2.7628,2.7956,2.6862,2.6993,349526.967174,1714017599999
1714017600000,2.7067,2.7371,2.661,2.7001,794105.113732,1714024799999
1714024800000,2.7034,2.85,2.6948,2.741,669259.774017,1714031999999
1714032000000,2.7403,2.7815,2.6833,2.7065,433970.337949,1714039199999
1714039200000,2.705,2.7671,2.6602,2.7425,561286.917552,1714046399999
1714046400000,2.7396,2.7926,2.6874,2.7402,456080.163269,1714053599999
1714053600000,2.7375,2.8724,2.7294,2.8704,743019.206229,1714060799999
1714060800000,2.8714,3.1211,2.8698,3.0293,1547873.712349,1714067999999
1714068000000,3.0262,3.0595,2.9216,2.984,695734.584643,1714075199999
1714075200000,2.9764,3.0632,2.9582,3.0054,456143.395474,1714082399999
1714082400000,2.9955,3.0071,2.9324,2.9369,153290.561724,1714089599999
1714089600000,2.9383,2.9647,2.8051,2.8664,294278.473269,1714096799999
1714096800000,2.8681,2.9316,2.8001,2.8146,211526.00275,1714103999999
1714104000000,2.8095,2.8645,2.7572,2.8538,235903.978585,1714111199999
1714111200000,2.8473,2.8515,2.769,2.7952,284086.391581,1714118399999
1714118400000,2.795,2.8527,2.7849,2.8362,213478.67632,1714125599999
1714125600000,2.8392,2.86,2.7853,2.7875,147237.160327,1714132799999
1714132800000,2.7895,2.8668,2.733,2.8565,352479.324703,1714139999999
1714140000000,2.8538,2.8868,2.7225,2.7475,466723.81202,1714147199999
1714147200000,2.7492,2.8094,2.7196,2.7954,320191.884338,1714154399999
1714154400000,2.7941,2.8079,2.7616,2.7702,98123.544205,1714161599999
1714161600000,2.7685,2.7885,2.7249,2.7576,102528.815379,1714168799999
1714168800000,2.7516,2.7516,2.6423,2.6662,266173.590256,1714175999999
1714176000000,2.6602,2.679,2.4388,2.5025,459550.166935,1714183199999
1714183200000,2.4996,2.555,2.4814,2.5313,159575.248318,1714190399999
1714190400000,2.5325,2.539,2.4822,2.5186,207153.346132,1714197599999
1714197600000,2.5201,2.5809,2.4891,2.5175,456283.829758,1714204799999
1714204800000,2.5181,2.5266,2.4933,2.5029,193905.461431,1714211999999
1714212000000,2.4986,2.5096,2.4484,2.5023,214602.485553,1714219199999
1714219200000,2.4973,2.6209,2.4961,2.6166,251941.179893,1714226399999
1714226400000,2.6116,2.6287,2.5496,2.5627,264676.307054,1714233599999
1714233600000,2.5599,2.6495,2.5453,2.6302,362035.778842,1714240799999
1714240800000,2.6319,2.6451,2.5514,2.5843,358160.80925,1714247999999
1714248000000,2.5888,2.6024,2.5514,2.5654,123327.287515,1714255199999
1714255200000,2.5682,2.5998,2.5407,2.5887,75472.13703,1714262399999
1714262400000,2.5948,2.6362,2.5744,2.6122,44918.96126,1714269599999
1714269600000,2.6046,2.6527,2.5902,2.606,253290.633056,1714276799999
1714276800000,2.601,2.6525,2.5775,2.626,172609.246961,1714283999999
1714284000000,2.6231,2.6546,2.5922,2.6139,272559.17387,1714291199999
1714291200000,2.6103,2.6135,2.5419,2.5611,253873.610278,1714298399999
1714298400000,2.5602,2.5697,2.5241,2.5333,168542.260439,1714305599999
1714305600000,2.5353,2.595,2.5319,2.5806,176533.782055,1714312799999
1714312800000,2.5751,2.5929,2.5468,2.5705,134731.851249,1714319999999
1714320000000,2.5694,2.6039,2.5606,2.5932,132068.33441,1714327199999
1714327200000,2.586,2.6118,2.5669,2.5781,125479.610441,1714334399999
1714334400000,2.57,2.5768,2.5505,2.552,92227.223005,1714341599999
1714341600000,2.55,2.5599,2.4545,2.4766,150100.080843,1714348799999
1714348800000,2.4737,2.5193,2.4729,2.5138,49453.195997,1714355999999
1714356000000,2.5122,2.5219,2.4289,2.4308,94611.344962,1714363199999
1714363200000,2.4266,2.4932,2.4163,2.4888,150767.285947,1714370399999
1714370400000,2.4893,2.5189,2.4285,2.4482,198013.295911,1714377599999
1714377600000,2.4543,2.535,2.4303,2.5272,220945.140366,1714384799999
1714384800000,2.5273,2.5677,2.5089,2.5512,236001.40895,1714391999999
1714392000000,2.5577,2.5913,2.4543,2.4743,510941.315621,1714399199999
1714399200000,2.474,2.5439,2.45,2.502,455433.863165,1714406399999
1714406400000,2.5064,2.5064,2.3771,2.4337,650861.293041,1714413599999
1714413600000,2.4301,2.4679,2.4175,2.4679,123765.777772,1714420799999
1714420800000,2.467,2.485,2.4364,2.4702,168007.500063,1714427999999
1714428000000,2.4722,2.6244,2.4722,2.5824,408668.890371,1714435199999
1714435200000,2.5766,2.6149,2.5134,2.5134,202417.850912,1714442399999
1714442400000,2.5036,2.5215,2.4746,2.4916,146159.510517,1714449599999
1714449600000,2.4986,2.4986,2.4268,2.4517,288426.142905,1714456799999
1714456800000,2.4492,2.4751,2.429,2.4312,144029.617521,1714463999999
1714464000000,2.4331,2.4385,2.3342,2.3401,494234.254294,1714471199999
1714471200000,2.3378,2.3719,2.2972,2.3114,289334.820243,1714478399999
1714478400000,2.3123,2.3274,2.243,2.2685,636077.139954,1714485599999
1714485600000,2.2655,2.3397,2.2655,2.2842,635768.632365,1714492799999
1714492800000,2.2807,2.2922,2.1861,2.2252,553393.247924,1714499999999
1714500000000,2.2264,2.2564,2.1995,2.2418,238281.83076,1714507199999
1714507200000,2.2421,2.3299,2.2418,2.3091,355621.56702,1714514399999
1714514400000,2.301,2.4065,2.301,2.3459,252902.968054,1714521599999
1714521600000,2.3498,2.3762,2.2926,2.3454,83792.387142,1714528799999
1714528800000,2.3438,2.3438,2.2845,2.3156,104885.281136,1714535999999
1714536000000,2.3144,2.33,2.2702,2.2865,79465.504136,1714543199999
1714543200000,2.29,2.29,2.1517,2.1572,991058.632754,1714550399999
1714550400000,2.1596,2.2209,2.1194,2.167,668945.128689,1714557599999
1714557600000,2.1664,2.2467,2.1546,2.2467,305423.751437,1714564799999
1714564800000,2.2443,2.31,2.227,2.2687,467653.297311,1714571999999
1714572000000,2.2721,2.2815,2.1993,2.2094,191361.064822,1714579199999
1714579200000,2.2109,2.3494,2.207,2.3444,543408.078136,1714586399999
1714586400000,2.3411,2.5447,2.3411,2.3789,1997679.049976,1714593599999
1714593600000,2.3757,2.4258,2.3423,2.4017,426005.441654,1714600799999
1714600800000,2.4064,2.45,2.4062,2.438,149507.173002,1714607999999
1714608000000,2.4324,2.445,2.3527,2.379,72410.097296,1714615199999
1714615200000,2.375,2.3927,2.353,2.3714,45303.40102,1714622399999
1714622400000,2.3686,2.3892,2.3274,2.3809,130269.381187,1714629599999
1714629600000,2.3754,2.4393,2.3728,2.4237,271593.563399,1714636799999
1714636800000,2.4136,2.555,2.4136,2.5482,785110.285463,1714643999999
1714644000000,2.5489,2.6096,2.4705,2.5889,924309.624726,1714651199999
1714651200000,2.5863,2.6145,2.5187,2.5243,575080.454801,1714658399999
1714658400000,2.529,2.6621,2.5244,2.5675,1118570.06884,1714665599999
1714665600000,2.5705,2.5824,2.53,2.5538,460507.214205,1714672799999
1714672800000,2.5531,2.58,2.51,2.5476,202878.708666,1714679999999
1714680000000,2.5471,2.5803,2.5154,2.5591,252759.831449,1714687199999
1714687200000,2.5573,2.5912,2.5442,2.5442,127371.201726,1714694399999
1714694400000,2.5512,2.655,2.5371,2.6316,199431.35715,1714701599999
1714701600000,2.6269,2.66,2.5883,2.6423,92371.495345,1714708799999
1714708800000,2.6381,2.662,2.5694,2.5889,183262.371459,1714715999999
1714716000000,2.5918,2.6061,2.5519,2.5605,250945.841448,1714723199999
1714723200000,2.5589,2.5984,2.5448,2.5768,281410.576524,1714730399999
1714730400000,2.5796,2.6444,2.5368,2.6181,353171.202089,1714737599999
1714737600000,2.6167,2.7706,2.5935,2.7657,1010447.979051,1714744799999
1714744800000,2.7682,2.8062,2.7121,2.7493,615639.150265,1714751999999
1714752000000,2.765,2.8223,2.7534,2.7719,494558.313751,1714759199999
1714759200000,2.7749,2.7914,2.7269,2.7517,154889.520997,1714766399999
1714766400000,2.7491,2.8799,2.7396,2.803,734449.931782,1714773599999
1714773600000,2.8088,2.9363,2.7946,2.892,359604.539732,1714780799999
1714780800000,2.8907,2.9395,2.8693,2.9294,153535.927227,1714787999999
1714788000000,2.9249,3.0392,2.9043,2.9952,350889.750859,1714795199999
1714795200000,3.0045,3.1138,3.0045,3.1121,498779.215749,1714802399999
1714802400000,3.1141,3.1169,3.0439,3.0815,454288.395087,1714809599999
1714809600000,3.0804,3.1187,3.047,3.1018,332094.726732,1714816799999
1714816800000,3.1071,3.193,3.04,3.04,622084.425468,1714823999999
1714824000000,3.0493,3.2178,2.811,3.1406,1534342.068268,1714831199999
1714831200000,3.1451,3.1725,3.0531,3.1329,539642.753402,1714838399999
1714838400000,3.133,3.1733,3.0701,3.1528,368301.712917,1714845599999
1714845600000,3.1569,3.2318,3.1305,3.2167,426085.534843,1714852799999
1714852800000,3.2204,3.2204,3.149,3.1887,171772.990739,1714859999999
1714860000000,3.1833,3.1886,3.1439,3.1543,58815.362647,1714867199999
1714867200000,3.1607,3.1954,3.0268,3.0984,93512.965166,1714874399999
1714874400000,3.0949,3.1909,3.0675,3.0931,79278.493662,1714881599999
1714881600000,3.1108,3.2095,3.0974,3.1419,168762.327209,1714888799999
1714888800000,3.15,3.2533,3.1089,3.2195,294608.200363,1714895999999
1714896000000,3.2201,3.2201,3.1163,3.1163,248045.89621,1714903199999
1714903200000,3.1167,3.1333,3.0494,3.0932,281566.802257,1714910399999
1714910400000,3.0945,3.1416,3.0707,3.0828,220337.995098,1714917599999
1714917600000,3.0825,3.1049,3.022,3.0445,231708.398604,1714924799999
1714924800000,3.0455,3.0665,3.0044,3.019,166450.827725,1714931999999
1714932000000,3.02,3.0601,2.9759,3.029,218437.507464,1714939199999
1714939200000,3.028,3.0373,2.9445,2.9895,186933.253,1714946399999
1714946400000,2.9834,3.0068,2.9668,2.9944,63037.154208,1714953599999
1714953600000,3.0001,3.056,2.9905,2.9935,78785.741716,1714960799999
1714960800000,2.9906,3.0472,2.9834,3.018,51230.346485,1714967999999
1714968000000,3.0104,3.1084,3.008,3.094,130967.566267,1714975199999
1714975200000,3.0868,3.1654,3.0746,3.0872,263382.100067,1714982399999
1714982400000,3.0883,3.418,3.0865,3.3718,1168892.872443,1714989599999
1714989600000,3.3691,3.3841,3.1962,3.2219,683590.04078,1714996799999
1714996800000,3.2335,3.2458,3.0614,3.1465,752150.971893,1715003999999
1715004000000,3.1481,3.2233,3.0901,3.181,598348.984908,1715011199999
1715011200000,3.18,3.2118,3.0831,3.1059,510830.473455,1715018399999
1715018400000,3.1081,3.1768,3.0694,3.106,414294.753987,1715025599999
1715025600000,3.1095,3.1724,3.0908,3.1689,244443.860829,1715032799999
1715032800000,3.1702,3.1704,3.1109,3.1208,67236.034246,1715039999999
1715040000000,3.1271,3.3235,3.0903,3.29,218697.730438,1715047199999
1715047200000,3.2775,3.32,3.042,3.0851,546735.91445,1715054399999
1715054400000,3.0753,3.0971,2.9847,3.0336,326448.734918,1715061599999
1715061600000,3.0339,3.0477,2.9887,3.0043,284867.89096,1715068799999
1715068800000,3.0013,3.1184,2.9958,3.0577,298090.421091,1715075999999
1715076000000,3.0587,3.0833,3.0232,3.043,302108.109187,1715083199999
1715083200000,3.0487,3.0823,2.9907,3.0089,171690.656722,1715090399999
1715090400000,3.0122,3.0735,2.988,3.0258,214779.669414,1715097599999
1715097600000,3.0224,3.1277,3.0186,3.0978,431479.666965,1715104799999
1715104800000,3.0905,3.095,3.0047,3.0203,303992.642965,1715111999999
1715112000000,3.0187,3.0479,2.8765,2.9026,268785.867514,1715119199999
1715119200000,2.9006,2.9187,2.785,2.7884,385973.76793,1715126399999
1715126400000,2.7912,2.8038,2.7025,2.7371,139134.616867,1715133599999
1715133600000,2.7381,2.7863,2.7274,2.7567,211608.401604,1715140799999
1715140800000,2.7571,2.7817,2.673,2.6863,327716.640202,1715147999999
1715148000000,2.6873,2.7314,2.6668,2.7076,412608.533178,1715155199999
1715155200000,2.7015,2.7537,2.678,2.7124,310869.534527,1715162399999
1715162400000,2.716,2.75,2.69,2.7033,260835.636181,1715169599999
1715169600000,2.7005,2.7627,2.6689,2.7627,271877.176966,1715176799999
1715176800000,2.761,2.7822,2.6576,2.6811,624368.531031,1715183999999
1715184000000,2.6797,2.7386,2.6357,2.7112,371540.387967,1715191199999
1715191200000,2.7132,2.75,2.6531,2.6663,466812.704726,1715198399999
1715198400000,2.6682,2.685,2.5623,2.5786,583354.874555,1715205599999
1715205600000,2.5826,2.5985,2.5453,2.5853,216110.605622,1715212799999
1715212800000,2.5857,2.6866,2.5857,2.6657,163626.139257,1715219999999
1715220000000,2.6632,2.6967,2.643,2.6741,55361.881121,1715227199999
1715227200000,2.6733,2.7215,2.6713,2.7031,178808.404505,1715234399999
1715234400000,2.7034,2.7417,2.6507,2.6698,292898.714857,1715241599999
1715241600000,2.6696,2.7005,2.6225,2.6521,165428.171981,1715248799999
1715248800000,2.6549,2.6608,2.5976,2.6222,130934.587074,1715255999999
1715256000000,2.6154,2.676,2.606,2.6208,128441.444936,1715263199999
1715263200000,2.6162,2.7426,2.5918,2.7126,475880.954585,1715270399999
1715270400000,2.7125,2.7836,2.6688,2.7409,480809.703098,1715277599999
1715277600000,2.7398,2.9,2.7294,2.8418,733556.056409,1715284799999
1715284800000,2.8402,2.8676,2.7725,2.8458,746708.92162,1715291999999
1715292000000,2.8407,2.9562,2.828,2.8955,291912.388837,1715299199999
1715299200000,2.8974,2.9671,2.8482,2.9413,160768.894384,1715306399999
1715306400000,2.9391,2.9695,2.8883,2.9654,125881.906526,1715313599999
1715313600000,2.9605,3.0022,2.9178,2.9443,323486.849008,1715320799999
1715320800000,2.9433,3.0172,2.9433,2.963,368394.023848,1715327999999
1715328000000,2.9593,2.983,2.9135,2.9205,291758.071125,1715335199999
1715335200000,2.9236,2.9969,2.8878,2.9754,255803.635293,1715342399999
1715342400000,2.9745,2.987,2.8956,2.909,167342.266887,1715349599999
1715349600000,2.9055,2.9078,2.7335,2.7768,781701.895126,1715356799999
1715356800000,2.7686,2.8197,2.69,2.715,635576.015852,1715363999999
1715364000000,2.7108,2.7745,2.6989,2.7221,197433.568005,1715371199999
1715371200000,2.7307,2.7558,2.7,2.7558,172058.139654,1715378399999
1715378400000,2.7505,2.7896,2.7273,2.7711,57739.391103,1715385599999
1715385600000,2.7715,2.8637,2.7693,2.824,89230.627544,1715392799999
1715392800000,2.8173,2.8263,2.7697,2.7811,22161.377904,1715399999999
1715400000000,2.782,2.8373,2.7801,2.8163,40632.05556,1715407199999
1715407200000,2.8182,2.837,2.7892,2.809,62921.020653,1715414399999
1715414400000,2.8108,2.8262,2.7755,2.824,140810.862074,1715421599999
1715421600000,2.8238,2.8341,2.778,2.7979,135799.688373,1715428799999
1715428800000,2.8037,2.8253,2.7827,2.8071,45866.359988,1715435999999
1715436000000,2.81,2.9291,2.7988,2.8894,621583.82492,1715443199999
1715443200000,2.8927,2.9188,2.8385,2.8547,286244.750539,1715450399999
1715450400000,2.851,2.8928,2.8178,2.8368,253612.57809,1715457599999
1715457600000,2.8376,2.8376,2.7979,2.8111,189346.548217,1715464799999
1715464800000,2.81,2.8194,2.7827,2.7924,76552.190344,1715471999999
1715472000000,2.7902,2.8124,2.7881,2.8031,24522.581667,1715479199999
1715479200000,2.804,2.823,2.7912,2.7974,17677.104646,1715486399999
1715486400000,2.7903,2.8138,2.7693,2.8053,88889.15975,1715493599999
1715493600000,2.7983,2.8081,2.7433,2.7622,124417.204424,1715500799999
1715500800000,2.7634,2.7987,2.7599,2.789,105814.056999,1715507999999
1715508000000,2.7916,2.8212,2.7753,2.7774,65005.784453,1715515199999
1715515200000,2.7788,2.7884,2.7538,2.7726,74178.17927,1715522399999
1715522400000,2.7738,2.8212,2.7477,2.8052,151024.793039,1715529599999
1715529600000,2.8056,2.8495,2.7792,2.798,258723.270642,1715536799999
1715536800000,2.7946,2.8031,2.7537,2.7669,144036.486214,1715543999999
1715544000000,2.7657,2.7747,2.7268,2.75,65933.88564,1715551199999
1715551200000,2.75,2.7639,2.7316,2.7577,68216.583351,1715558399999
1715558400000,2.7677,2.7947,2.6815,2.7093,34998.622133,1715565599999
1715565600000,2.7175,2.7233,2.5632,2.6283,202571.974277,1715572799999
1715572800000,2.627,2.627,2.5674,2.576,225366.186251,1715579999999
1715580000000,2.5802,2.6999,2.5801,2.6908,345421.714638,1715587199999
1715587200000,2.7,2.79,2.6966,2.7506,313702.337673,1715594399999
1715594400000,2.7555,2.7555,2.6875,2.7208,256575.213224,1715601599999
1715601600000,2.7256,2.854,2.7041,2.8148,367695.005371,1715608799999
1715608800000,2.8133,2.9568,2.8119,2.9075,652622.124934,1715615999999
1715616000000,2.9119,3.1085,2.8505,2.9106,1495844.937118,1715623199999
1715623200000,2.9073,2.9358,2.75,2.8993,758305.80843,1715630399999
1715630400000,2.901,2.9036,2.8019,2.8147,259939.101062,1715637599999
1715637600000,2.8155,2.834,2.7501,2.7856,152747.707378,1715644799999
1715644800000,2.7856,2.8467,2.7678,2.7796,115683.110433,1715651999999
1715652000000,2.7752,2.8149,2.7233,2.7783,74008.470771,1715659199999
1715659200000,2.774,2.9111,2.7681,2.8858,265769.170586,1715666399999
1715666400000,2.885,2.9068,2.7636,2.8869,426088.097192,1715673599999
1715673600000,2.8778,2.8946,2.8,2.8111,219263.742017,1715680799999
1715680800000,2.8126,2.8246,2.7735,2.8165,258317.832409,1715687999999
1715688000000,2.8109,2.921,2.7833,2.7907,657885.782687,1715695199999
1715695200000,2.7921,2.7936,2.6097,2.6233,786325.360215,1715702399999
1715702400000,2.62,2.6745,2.5652,2.5904,535743.90927,1715709599999
1715709600000,2.5894,2.6521,2.5868,2.6034,178946.975016,1715716799999
1715716800000,2.6046,2.6298,2.5806,2.595,194724.991942,1715723999999
1715724000000,2.5925,2.6066,2.56,2.5808,86542.470002,1715731199999
1715731200000,2.5865,2.6134,2.551,2.5691,68444.695209,1715738399999
1715738400000,2.5712,2.6483,2.5645,2.6376,71788.467339,1715745599999
1715745600000,2.6376,2.7,2.6158,2.6824,145341.250545,1715752799999
1715752800000,2.6729,2.7079,2.6539,2.7078,154886.91094,1715759999999
1715760000000,2.7102,2.7543,2.6647,2.7285,244950.487179,1715767199999
1715767200000,2.7288,2.7699,2.6645,2.6882,247689.708202,1715774399999
1715774400000,2.6917,2.8386,2.63,2.7684,865124.016723,1715781599999
1715781600000,2.7718,2.8441,2.6534,2.655,666614.490023,1715788799999
1715788800000,2.66,2.78,2.5866,2.667,745780.259196,1715795999999
1715796000000,2.6664,2.7289,2.6467,2.7156,331517.598766,1715803199999
1715803200000,2.7188,2.8201,2.7181,2.774,655971.072594,1715810399999
1715810400000,2.7703,2.83,2.7649,2.7959,201160.464661,1715817599999
1715817600000,2.804,2.88,2.7127,2.7364,148938.564948,1715824799999
1715824800000,2.7398,2.82,2.725,2.7867,137868.221515,1715831999999
1715832000000,2.789,2.7966,2.7009,2.7273,120097.110381,1715839199999
1715839200000,2.7284,2.8034,2.7252,2.7706,302341.748324,1715846399999
1715846400000,2.7686,2.7923,2.7,2.767,172407.790385,1715853599999
1715853600000,2.7652,2.7657,2.7013,2.7403,204815.447216,1715860799999
1715860800000,2.7395,2.75,2.6,2.6634,421503.293027,1715867999999
1715868000000,2.6605,2.6673,2.55,2.5872,458066.247089,1715875199999
1715875200000,2.5829,2.621,2.5285,2.6107,365736.43204,1715882399999
1715882400000,2.6028,2.6407,2.5947,2.6078,233126.255248,1715889599999
1715889600000,2.6115,2.6333,2.6,2.6193,106245.347607,1715896799999
1715896800000,2.6174,2.628,2.6003,2.6145,53190.418318,1715903999999
1715904000000,2.6121,2.642,2.5658,2.5949,27308.660977,1715911199999
1715911200000,2.5966,2.6432,2.5756,2.6175,53944.802601,1715918399999
1715918400000,2.6182,2.6199,2.5854,2.5989,62669.26518,1715925599999
1715925600000,2.5973,2.6942,2.5834,2.6631,276014.117779,1715932799999
1715932800000,2.663,2.6644,2.6,2.6272,184453.293208,1715939999999
1715940000000,2.6263,2.6457,2.6055,2.6102,144363.982478,1715947199999
1715947200000,2.609,2.7357,2.5753,2.6212,430180.53903,1715954399999
1715954400000,2.621,2.6892,2.6146,2.66,318319.835054,1715961599999
1715961600000,2.6604,2.721,2.6026,2.6066,607758.597241,1715968799999
1715968800000,2.6057,2.6149,2.5756,2.5918,326064.009588,1715975999999
1715976000000,2.5863,2.6109,2.5772,2.5847,248972.345618,1715983199999
1715983200000,2.5844,2.6082,2.5543,2.5672,148716.755774,1715990399999
1715990400000,2.5671,2.5897,2.55,2.5699,152274.054946,1715997599999
1715997600000,2.5696,2.5975,2.5679,2.5902,56012.078919,1716004799999
1716004800000,2.5936,2.6069,2.5701,2.5783,63557.384875,1716011999999
1716012000000,2.578,2.5968,2.5669,2.5841,153740.987351,1716019199999
1716019200000,2.5736,2.6025,2.569,2.6019,130653.525732,1716026399999
1716026400000,2.5996,2.613,2.5543,2.5644,174201.966108,1716033599999
1716033600000,2.5613,2.5613,2.26,2.3682,1336440.09463,1716040799999
1716040800000,2.3644,2.44,2.305,2.3653,501090.760836,1716047999999
1716048000000,2.3654,2.4611,2.3537,2.3826,460465.782047,1716055199999
1716055200000,2.3825,2.402,2.3336,2.3503,242625.664786,1716062399999
1716062400000,2.3479,2.3747,2.3277,2.3362,326587.508269,1716069599999
1716069600000,2.3362,2.38,2.3301,2.3532,123504.096392,1716076799999
1716076800000,2.3568,2.3952,2.3423,2.3715,83104.773194,1716083999999
1716084000000,2.3693,2.4178,2.3693,2.4123,54460.147262,1716091199999
1716091200000,2.415,2.4485,2.3795,2.4066,141922.022248,1716098399999
1716098400000,2.408,2.4158,2.3658,2.377,147134.815222,1716105599999
1716105600000,2.3796,2.3839,2.343,2.3728,164684.790303,1716112799999
1716112800000,2.3723,2.4021,2.3376,2.4021,116015.072247,1716119999999
1716120000000,2.3938,2.397,2.2301,2.2924,312346.842595,1716127199999
1716127200000,2.2909,2.2984,2.2408,2.2933,327848.157287,1716134399999
1716134400000,2.2922,2.3299,2.2534,2.3194,176308.172899,1716141599999
1716141600000,2.3189,2.3312,2.2933,2.296,161860.955533,1716148799999
1716148800000,2.297,2.3326,2.2864,2.3223,133608.602032,1716155999999
1716156000000,2.3181,2.3406,2.3088,2.3269,78855.614054,1716163199999
1716163200000,2.3288,2.3549,2.2985,2.3385,66312.34458,1716170399999
1716170400000,2.3364,2.4006,2.3356,2.3783,66819.503687,1716177599999
1716177600000,2.3776,2.5043,2.3776,2.4812,434560.985712,1716184799999
1716184800000,2.4812,2.4849,2.4087,2.456,322374.015096,1716191999999
1716192000000,2.4559,2.5,2.4383,2.4703,331025.022384,1716199199999
1716199200000,2.4729,2.5289,2.4684,2.4844,444523.120526,1716206399999
1716206400000,2.4898,2.5113,2.4702,2.5019,209432.462742,1716213599999
1716213600000,2.5008,2.5008,2.4385,2.4804,413945.077188,1716220799999
1716220800000,2.4804,2.5117,2.4356,2.5116,511210.876109,1716227999999
1716228000000,2.5118,2.6183,2.4891,2.6145,795171.418368,1716235199999
1716235200000,2.6169,2.6365,2.534,2.573,855334.715048,1716242399999
1716242400000,2.571,2.6042,2.5325,2.5927,330051.572658,1716249599999
1716249600000,2.5918,2.6343,2.5417,2.5656,113122.529575,1716256799999
1716256800000,2.5652,2.5806,2.5223,2.5378,77954.543399,1716263999999
1716264000000,2.5411,2.574,2.5303,2.5428,249861.594632,1716271199999
1716271200000,2.5471,2.5766,2.5269,2.5446,249500.459497,1716278399999
1716278400000,2.5436,2.627,2.5341,2.6075,220161.264595,1716285599999
1716285600000,2.6072,2.6532,2.57,2.5795,373308.729774,1716292799999
1716292800000,2.5794,2.63,2.5404,2.5772,382615.676103,1716299999999
1716300000000,2.5755,2.612,2.4386,2.4589,469838.765954,1716307199999
1716307200000,2.4593,2.526,2.4398,2.5228,559415.092287,1716314399999
1716314400000,2.5213,2.5425,2.4523,2.4825,318770.141133,1716321599999
1716321600000,2.483,2.5142,2.4803,2.5019,142678.42083,1716328799999
1716328800000,2.5038,2.57,2.5015,2.5262,166516.939335,1716335999999
1716336000000,2.5296,2.6004,2.5192,2.5959,122712.445542,1716343199999
1716343200000,2.5968,2.6259,2.5564,2.5917,187491.33546,1716350399999
1716350400000,2.5951,2.5976,2.5057,2.5676,131405.720996,1716357599999
1716357600000,2.5679,2.695,2.5679,2.6826,678835.48638,1716364799999
1716364800000,2.6817,2.6817,2.5855,2.5893,364957.395752,1716371999999
1716372000000,2.5883,2.6863,2.5809,2.6521,513963.530295,1716379199999
1716379200000,2.648,2.7199,2.5919,2.7044,1105104.478734,1716386399999
1716386400000,2.7047,3.0,2.66,2.9555,2692837.824552,1716393599999
1716393600000,2.9644,2.9746,2.7208,2.8249,1394650.076846,1716400799999
1716400800000,2.8251,2.863,2.75,2.8296,589189.270704,1716407999999
1716408000000,2.8308,2.8614,2.795,2.8484,314080.469503,1716415199999
1716415200000,2.8472,2.8502,2.75,2.8017,201040.082682,1716422399999
1716422400000,2.8001,2.8127,2.6885,2.7285,155009.099069,1716429599999
1716429600000,2.7234,2.7721,2.7219,2.7678,122124.681459,1716436799999
1716436800000,2.7575,2.814,2.7288,2.7953,146928.72428,1716443999999
1716444000000,2.7835,2.7919,2.7339,2.7695,200701.575277,1716451199999
1716451200000,2.7734,2.8221,2.7631,2.7723,292512.864146,1716458399999
1716458400000,2.7719,2.8161,2.73,2.7637,285742.461048,1716465599999
1716465600000,2.7666,2.7668,2.5665,2.6263,672567.875243,1716472799999
1716472800000,2.6263,2.695,2.6234,2.6727,322559.606324,1716479999999
1716480000000,2.674,2.6965,2.6515,2.6529,125214.975299,1716487199999
1716487200000,2.6555,2.6622,2.5908,2.6042,262281.812942,1716494399999
1716494400000,2.6044,2.7598,2.495,2.6982,931548.757637,1716501599999
1716501600000,2.6962,2.7192,2.6368,2.7053,190861.431815,1716508799999
1716508800000,2.7045,2.7176,2.6551,2.6575,42672.44335,1716515999999
1716516000000,2.6621,2.6657,2.6309,2.6383,43936.235223,1716523199999
1716523200000,2.6418,2.6594,2.5973,2.619,166075.552651,1716530399999
1716530400000,2.6114,2.6166,2.5156,2.557,418515.125613,1716537599999
1716537600000,2.5559,2.5693,2.5246,2.567,185721.787969,1716544799999
1716544800000,2.567,2.5885,2.5583,2.5808,171373.287198,1716551999999
1716552000000,2.5794,2.6167,2.5656,2.582,168839.745593,1716559199999
1716559200000,2.5803,2.6628,2.5677,2.6061,393192.493784,1716566399999
1716566400000,2.6025,2.6315,2.5729,2.6253,178654.391218,1716573599999
1716573600000,2.6236,2.675,2.6223,2.6572,317360.657002,1716580799999
1716580800000,2.6579,2.6606,2.6294,2.6441,134538.583705,1716587999999
1716588000000,2.6364,2.6592,2.6312,2.6468,41680.223269,1716595199999
1716595200000,2.6458,2.669,2.6212,2.6411,22120.480582,1716602399999
1716602400000,2.6401,2.6674,2.6322,2.6421,69733.96547,1716609599999
1716609600000,2.6391,2.6651,2.6343,2.657,40511.08462,1716616799999
1716616800000,2.6607,2.725,2.6339,2.7247,274254.543848,1716623999999
1716624000000,2.7234,2.85,2.7031,2.8278,879859.647482,1716631199999
1716631200000,2.8284,2.85,2.7762,2.7899,575092.838469,1716638399999
1716638400000,2.7895,2.8,2.7,2.7161,467940.366607,1716645599999
1716645600000,2.7173,2.7642,2.7021,2.7352,198196.219331,1716652799999
1716652800000,2.7323,2.7664,2.7156,2.7555,127640.854615,1716659999999
1716660000000,2.7519,2.81,2.7475,2.8071,225339.963591,1716667199999
1716667200000,2.8065,2.8257,2.7805,2.8129,213886.859343,1716674399999
1716674400000,2.8116,2.8504,2.7833,2.8503,244645.846406,1716681599999
1716681600000,2.8489,2.99,2.8476,2.9631,503858.24445,1716688799999
1716688800000,2.9754,2.99,2.8653,2.8869,187279.477401,1716695999999
1716696000000,2.8889,2.8889,2.8246,2.8757,164826.330972,1716703199999
1716703200000,2.8705,2.8909,2.8125,2.8388,191172.93228,1716710399999
1716710400000,2.8396,2.8537,2.7667,2.7863,211138.225018,1716717599999
1716717600000,2.7889,2.8197,2.7771,2.8182,222281.72756,1716724799999
1716724800000,2.8159,2.827,2.7791,2.7976,348987.954336,1716731999999
1716732000000,2.8042,2.8155,2.7377,2.7539,194285.109874,1716739199999
1716739200000,2.7535,2.7661,2.731,2.7377,205544.318115,1716746399999
1716746400000,2.7452,2.7481,2.7213,2.7434,164819.545832,1716753599999
1716753600000,2.7379,2.7441,2.6928,2.7368,176436.477094,1716760799999
1716760800000,2.7378,2.7622,2.7157,2.7242,57325.879441,1716767999999
1716768000000,2.7189,2.8291,2.7124,2.8147,107624.443532,1716775199999
1716775200000,2.8094,2.827,2.7754,2.7761,82659.97522,1716782399999
1716782400000,2.7773,2.785,2.7355,2.7582,161951.403474,1716789599999
1716789600000,2.7523,2.8598,2.7458,2.8512,357327.257964,1716796799999
1716796800000,2.8545,2.9432,2.8545,2.9275,738679.865072,1716803999999
1716804000000,2.9329,2.9599,2.8898,2.9275,476161.143752,1716811199999
1716811200000,2.9364,3.0601,2.905,3.0463,755807.395442,1716818399999
1716818400000,3.0538,3.0799,2.9832,3.0435,777389.342421,1716825599999
1716825600000,3.0454,3.0914,3.0042,3.0321,400413.638618,1716832799999
1716832800000,3.0308,3.0619,2.9732,2.9911,368903.518211,1716839999999
1716840000000,2.996,3.113,2.9841,3.0916,363858.809644,1716847199999
1716847200000,3.094,3.1641,3.0671,3.0991,219144.685696,1716854399999
1716854400000,3.0949,3.122,3.0,3.0041,47778.458105,1716861599999
1716861600000,3.0017,3.0872,2.9495,3.0075,52427.994693,1716868799999
1716868800000,3.0077,3.0131,2.8704,3.0131,292889.48732,1716875999999
1716876000000,3.0136,3.0454,2.9446,2.9505,175937.767916,1716883199999
1716883200000,2.9531,3.3093,2.95,3.2911,909174.050731,1716890399999
1716890400000,3.286,3.4378,3.286,3.3727,1276036.033636,1716897599999
1716897600000,3.3675,3.5242,3.3324,3.4037,845844.576101,1716904799999
1716904800000,3.408,3.4618,3.2454,3.3548,698915.304015,1716911999999
1716912000000,3.3561,3.3733,3.2539,3.3393,504029.448682,1716919199999
1716919200000,3.3368,3.4364,3.3,3.4098,395053.475021,1716926399999
1716926400000,3.4075,3.4288,3.3603,3.4028,264676.688304,1716933599999
1716933600000,3.399,3.4935,3.3883,3.4699,144383.507837,1716940799999
1716940800000,3.4719,3.4872,3.3951,3.4171,67051.401481,1716947999999
1716948000000,3.4278,3.7434,3.4062,3.6928,538180.91741,1716955199999
1716955200000,3.691,3.7527,3.5994,3.6366,632334.468191,1716962399999
1716962400000,3.6371,3.6858,3.5563,3.5683,380954.541954,1716969599999
1716969600000,3.5746,3.5825,3.4029,3.4628,580548.091636,1716976799999
1716976800000,3.4583,3.6113,3.4513,3.5031,336603.58205,1716983999999
1716984000000,3.5098,3.534,3.4263,3.4777,319434.506734,1716991199999
1716991200000,3.4792,3.5899,3.4668,3.5432,344634.56538,1716998399999
1716998400000,3.5402,3.6739,3.4545,3.5541,698333.219485,1717005599999
1717005600000,3.5587,3.5983,3.5027,3.5237,194391.38686,1717012799999
1717012800000,3.5329,3.5632,3.4864,3.5568,165980.639542,1717019999999
1717020000000,3.5546,3.5576,3.3931,3.4005,91799.07747,1717027199999
1717027200000,3.4007,3.5034,3.4,3.4314,63187.788207,1717034399999
1717034400000,3.4457,3.5109,3.4417,3.4617,44004.408122,1717041599999
1717041600000,3.4587,3.514,3.4199,3.4354,88806.970304,1717048799999
1717048800000,3.4369,3.4369,3.1449,3.1557,681666.12133,1717055999999
1717056000000,3.1519,3.1877,3.0894,3.1575,605257.820047,1717063199999
1717063200000,3.158,3.217,3.1208,3.1435,273442.963438,1717070399999
1717070400000,3.1476,3.2799,3.065,3.2459,483772.052401,1717077599999
1717077600000,3.2512,3.2695,3.1386,3.1915,322671.850715,1717084799999
1717084800000,3.1927,3.3562,3.1863,3.2783,299827.322411,1717091999999
1717092000000,3.2774,3.2883,3.1771,3.1923,310802.400587,1717099199999
1717099200000,3.1917,3.24,3.1012,3.1382,400784.26437,1717106399999
1717106400000,3.1316,3.1459,3.0959,3.1094,74187.768047,1717113599999
1717113600000,3.095,3.1857,3.0815,3.13,42409.835514,1717120799999
1717120800000,3.1299,3.1656,3.1208,3.147,34681.414305,1717127999999
1717128000000,3.1495,3.1629,3.0643,3.1348,159586.415966,1717135199999
1717135200000,3.14,3.201,3.1027,3.1434,188710.274094,1717142399999
1717142400000,3.1376,3.1971,3.1376,3.1788,186594.601283,1717149599999
1717149600000,3.181,3.2275,3.1472,3.1539,172277.902764,1717156799999
1717156800000,3.1534,3.2697,3.1255,3.2104,432085.646246,1717163999999
1717164000000,3.2118,3.2232,3.01,3.01,407362.627275,1717171199999
1717171200000,3.01,3.0612,2.9352,3.0254,757719.174647,1717178399999
1717178400000,3.0268,3.0906,2.9987,3.0704,300576.971107,1717185599999
1717185600000,3.0744,3.1031,3.0515,3.0626,192055.564127,1717192799999
1717192800000,3.0622,3.0955,3.0452,3.0467,101495.333651,1717199999999
1717200000000,3.0539,3.0576,3.01,3.0539,36649.647773,1717207199999
1717207200000,3.0475,3.0863,3.039,3.0753,28638.544893,1717214399999
1717214400000,3.0685,3.1199,3.0581,3.0744,67323.820514,1717221599999
1717221600000,3.0699,3.1184,3.0695,3.1119,69799.799427,1717228799999
1717228800000,3.1112,3.1443,3.0993,3.1157,100935.86451,1717235999999
1717236000000,3.1141,3.1258,3.0613,3.0737,74933.210507,1717243199999
1717243200000,3.0671,3.1305,3.0671,3.1202,72073.861175,1717250399999
1717250400000,3.1202,3.1796,3.1138,3.1433,164958.758386,1717257599999
1717257600000,3.1437,3.1587,3.0925,3.1146,144407.806238,1717264799999
1717264800000,3.1067,3.1465,3.0705,3.1284,113956.350375,1717271999999
1717272000000,3.1314,3.1661,3.0944,3.1022,155006.466904,1717279199999
1717279200000,3.1019,3.1047,3.0088,3.024,123847.736205,1717286399999
1717286400000,3.02,3.0752,3.02,3.0504,96248.345853,1717293599999
1717293600000,3.0431,3.0482,2.95,2.9639,144509.639787,1717300799999
1717300800000,2.96,2.9937,2.9383,2.9722,102670.260209,1717307999999
1717308000000,2.9712,3.0048,2.9519,2.9674,164134.312473,1717315199999
1717315200000,2.9673,2.9951,2.9312,2.9745,131011.637352,1717322399999
1717322400000,2.9736,3.0415,2.9552,3.0345,223951.485968,1717329599999
1717329600000,3.0341,3.0486,2.9854,3.0277,155046.124751,1717336799999
1717336800000,3.0232,3.0903,3.0223,3.0693,229244.104313,1717343999999
1717344000000,3.0692,3.0695,2.8725,2.8804,390345.270253,1717351199999
1717351200000,2.8804,2.9412,2.8626,2.9355,250744.001527,1717358399999
1717358400000,2.9397,2.9442,2.87,2.9326,135817.885401,1717365599999
1717365600000,2.9352,2.9711,2.9345,2.9489,78858.339115,1717372799999
1717372800000,2.9424,3.0026,2.924,3.0026,73555.098635,1717379999999
1717380000000,3.0021,3.0066,2.91,2.9359,30659.516225,1717387199999
1717387200000,2.9403,2.9423,2.8316,2.9145,152154.528188,1717394399999
1717394400000,2.9133,3.1328,2.9106,3.1309,535488.857021,1717401599999
1717401600000,3.1312,3.1765,3.0844,3.1453,629749.436031,1717408799999
1717408800000,3.1491,3.2175,3.1363,3.173,360681.875579,1717415999999
1717416000000,3.1754,3.2345,3.1106,3.1106,316529.434696,1717423199999
1717423200000,3.1115,3.1274,3.0068,3.0839,548442.676915,1717430399999
1717430400000,3.083,3.1374,3.0422,3.1313,249230.048515,1717437599999
1717437600000,3.1242,3.1747,3.1092,3.1468,198890.719763,1717444799999
1717444800000,3.1481,3.1525,3.0589,3.0818,270751.902958,1717451999999
1717452000000,3.0767,3.0786,2.9937,2.998,58894.279752,1717459199999
1717459200000,2.9933,3.0617,2.9914,3.0491,137405.142203,1717466399999
1717466400000,3.056,3.0641,3.0268,3.0585,48552.154999,1717473599999
1717473600000,3.0497,3.0497,2.9949,3.0113,145747.293278,1717480799999
1717480800000,3.01,3.0388,2.9626,2.9965,157516.712577,1717487999999
1717488000000,3.0029,3.0085,2.9475,2.9532,227494.729939,1717495199999
1717495200000,2.9533,2.9897,2.9524,2.9625,142393.307617,1717502399999
1717502400000,2.9599,3.0471,2.9514,3.0276,226390.631691,1717509599999
1717509600000,3.0372,3.09,3.0036,3.0639,236547.82087,1717516799999
1717516800000,3.0665,3.1975,3.0665,3.179,776965.248932,1717523999999
1717524000000,3.1863,3.2132,3.08,3.1242,494647.899272,1717531199999
1717531200000,3.1295,3.13,3.078,3.0983,119991.071998,1717538399999
1717538400000,3.1039,3.135,3.0919,3.1251,34585.907928,1717545599999
1717545600000,3.1297,3.2067,3.1159,3.2018,81043.581315,1717552799999
1717552800000,3.2045,3.2883,3.1871,3.2187,395092.663893,1717559999999
1717560000000,3.2162,3.2233,3.1536,3.2001,251762.83262,1717567199999
1717567200000,3.1949,3.2706,3.1942,3.2544,208743.403786,1717574399999
1717574400000,3.2454,3.28,3.205,3.2144,276354.623361,1717581599999
1717581600000,3.2182,3.2186,3.1436,3.1825,204209.879913,1717588799999
1717588800000,3.1844,3.1905,3.1062,3.1224,128961.320203,1717595999999
1717596000000,3.1274,3.2234,3.0903,3.1934,271445.341479,1717603199999
1717603200000,3.1979,3.2141,3.1133,3.1731,225125.195926,1717610399999
1717610400000,3.1753,3.1782,3.1359,3.1743,150141.168573,1717617599999
1717617600000,3.1748,3.1824,3.1238,3.1313,68386.523226,1717624799999
1717624800000,3.1249,3.1301,3.1037,3.1166,77949.275565,1717631999999
1717632000000,3.1062,3.1354,3.0934,3.113,60105.970503,1717639199999
1717639200000,3.11,3.1638,3.1093,3.1304,48860.632851,1717646399999
1717646400000,3.1311,3.1592,3.0501,3.0598,152407.853433,1717653599999
1717653600000,3.0633,3.0799,3.0387,3.0599,209618.665339,1717660799999
1717660800000,3.0698,3.072,3.0158,3.072,200258.068269,1717667999999
1717668000000,3.0654,3.1084,3.0469,3.1044,120507.045416,1717675199999
1717675200000,3.0996,3.1115,3.075,3.0825,166330.189707,1717682399999
1717682400000,3.08,3.1392,3.0735,3.0892,178327.846433,1717689599999
1717689600000,3.0884,3.1041,3.0254,3.0494,254774.218602,1717696799999
1717696800000,3.0494,3.0642,2.98,2.9928,205952.394333,1717703999999
1717704000000,2.9901,3.0424,2.9616,2.9951,220725.541551,1717711199999
1717711200000,2.9921,3.0045,2.9654,2.97,54596.59322,1717718399999
1717718400000,2.9691,2.9942,2.9511,2.9611,64924.629325,1717725599999
1717725600000,2.9612,2.991,2.9326,2.9821,75080.10525,1717732799999
1717732800000,2.9824,3.05,2.9824,3.0187,91158.216585,1717739999999
1717740000000,3.0172,3.0592,3.0023,3.029,111161.458168,1717747199999
1717747200000,3.0322,3.0704,3.0023,3.0102,113638.315024,1717754399999
1717754400000,3.0055,3.0269,2.9801,3.0268,146717.562781,1717761599999
1717761600000,3.0244,3.0411,2.9273,2.9916,176284.388445,1717768799999
1717768800000,2.9868,3.0199,2.9247,2.9354,146693.75271,1717775999999
1717776000000,2.9339,2.9525,2.7879,2.7907,362845.94257,1717783199999
1717783200000,2.7924,2.8507,2.4301,2.6131,1085550.393095,1717790399999
1717790400000,2.605,2.69,2.5705,2.6416,351983.311826,1717797599999
1717797600000,2.6422,2.671,2.6352,2.6585,101947.219971,1717804799999
1717804800000,2.6523,2.7243,2.6497,2.7243,35737.478564,1717811999999
1717812000000,2.722,2.722,2.6412,2.6467,36104.009379,1717819199999
1717819200000,2.6451,2.6451,2.6116,2.6266,68393.96511,1717826399999
1717826400000,2.6274,2.6443,2.6205,2.6262,110034.228232,1717833599999
1717833600000,2.6253,2.6272,2.5773,2.5781,242615.867326,1717840799999
1717840800000,2.5786,2.5866,2.4753,2.4957,407418.924041,1717847999999
1717848000000,2.4954,2.5417,2.4572,2.5406,306049.926398,1717855199999
1717855200000,2.5345,2.558,2.5043,2.5425,130607.75863,1717862399999
1717862400000,2.5407,2.555,2.485,2.5343,71247.288551,1717869599999
1717869600000,2.53,2.5551,2.518,2.5334,110514.303963,1717876799999
1717876800000,2.5333,2.536,2.5,2.5003,88421.227069,1717883999999
1717884000000,2.5016,2.5393,2.4834,2.5169,45924.43157,1717891199999
1717891200000,2.5079,2.5333,2.5,2.51,14650.803097,1717898399999
1717898400000,2.5079,2.5123,2.4577,2.5085,18182.949026,1717905599999
1717905600000,2.4977,2.5159,2.4552,2.5035,44300.103323,1717912799999
1717912800000,2.5063,2.5346,2.488,2.4963,71079.134513,1717919999999
1717920000000,2.4958,2.5234,2.4864,2.5029,53917.477608,1717927199999
1717927200000,2.5035,2.5181,2.4849,2.5137,34952.487861,1717934399999
1717934400000,2.5107,2.5674,2.4864,2.5058,253169.696163,1717941599999
1717941600000,2.4996,2.5631,2.4996,2.5352,154144.673091,1717948799999
1717948800000,2.5344,2.5828,2.5308,2.5595,125159.444878,1717955999999
1717956000000,2.5567,2.6118,2.5489,2.5893,127819.001717,1717963199999
1717963200000,2.5821,2.6039,2.572,2.5909,125489.916689,1717970399999
1717970400000,2.5911,2.6029,2.5673,2.5801,96450.794364,1717977599999
1717977600000,2.5759,2.603,2.5509,2.5709,20490.540923,1717984799999
1717984800000,2.5682,2.5874,2.5461,2.5523,30119.296113,1717991999999
1717992000000,2.5475,2.5903,2.538,2.5419,65139.995879,1717999199999
1717999200000,2.5419,2.557,2.4621,2.464,135803.269973,1718006399999
1718006400000,2.4708,2.567,2.4701,2.5645,155138.757064,1718013599999
1718013600000,2.5678,2.5685,2.5252,2.5299,67141.792132,1718020799999
1718020800000,2.5292,2.5296,2.4835,2.4983,180899.054594,1718027999999
1718028000000,2.4995,2.7017,2.4699,2.6588,487814.824239,1718035199999
1718035200000,2.6594,2.6895,2.6124,2.6702,323620.5651,1718042399999
1718042400000,2.6676,2.6713,2.5576,2.565,357152.182807,1718049599999
1718049600000,2.5594,2.5594,2.51,2.5146,219992.473701,1718056799999
1718056800000,2.5123,2.5314,2.4885,2.5015,30231.953135,1718063999999
1718064000000,2.5033,2.5263,2.406,2.4386,102809.020357,1718071199999
1718071200000,2.4236,2.4608,2.3757,2.4174,173100.379727,1718078399999
1718078400000,2.4182,2.4468,2.3758,2.444,246270.482796,1718085599999
1718085600000,2.438,2.444,2.3832,2.4059,257241.342396,1718092799999
1718092800000,2.404,2.4876,2.3967,2.4753,362649.061819,1718099999999
1718100000000,2.4781,2.5473,2.4637,2.4959,339823.574249,1718107199999
1718107200000,2.4945,2.5068,2.3375,2.3588,391191.218418,1718114399999
1718114400000,2.354,2.3996,2.23,2.2631,988649.64885,1718121599999
1718121600000,2.26,2.3469,2.2552,2.3075,544869.95424,1718128799999
1718128800000,2.3074,2.3999,2.3051,2.3717,307610.176321,1718135999999
1718136000000,2.369,2.4056,2.3569,2.3976,188320.112093,1718143199999
1718143200000,2.4029,2.4058,2.3603,2.3723,144002.125057,1718150399999
1718150400000,2.3727,2.3813,2.2703,2.3232,26180.901693,1718157599999
1718157600000,2.3251,2.4025,2.3251,2.3989,380831.035599,1718164799999
1718164800000,2.3945,2.4602,2.3906,2.4136,173883.780593,1718171999999
1718172000000,2.4195,2.4604,2.4155,2.4495,145099.219256,1718179199999
1718179200000,2.44,2.4865,2.4391,2.4771,123337.302142,1718186399999
1718186400000,2.4773,2.513,2.4666,2.4729,149649.508132,1718193599999
1718193600000,2.4715,2.6825,2.4671,2.5833,867437.059025,1718200799999
1718200800000,2.5854,2.6323,2.5385,2.5476,230845.502924,1718207999999
1718208000000,2.5511,2.588,2.5133,2.5818,123971.095932,1718215199999
1718215200000,2.5794,2.5796,2.405,2.4238,555418.944519,1718222399999
1718222400000,2.4244,2.479,2.4,2.4706,167868.081631,1718229599999
1718229600000,2.4672,2.4817,2.4358,2.4656,36542.076269,1718236799999
1718236800000,2.4569,2.4569,2.3922,2.3922,29241.098583,1718243999999
1718244000000,2.3914,2.4,2.312,2.3304,163035.682377,1718251199999
1718251200000,2.3265,2.3603,2.3244,2.3438,97511.433735,1718258399999
1718258400000,2.3416,2.387,2.3165,2.378,152620.931314,1718265599999
1718265600000,2.3736,2.3874,2.3344,2.3539,133805.26368,1718272799999
1718272800000,2.3511,2.3651,2.3196,2.3271,114358.39829,1718279999999
1718280000000,2.3245,2.3772,2.2771,2.3126,282922.525506,1718287199999
1718287200000,2.3141,2.3174,2.2249,2.2493,372841.288637,1718294399999
1718294400000,2.246,2.3228,2.2263,2.3199,195219.057737,1718301599999
1718301600000,2.3216,2.3216,2.2469,2.2469,99328.05668,1718308799999
1718308800000,2.2459,2.27,2.236,2.2693,112601.195898,1718315999999
1718316000000,2.2624,2.2624,2.2,2.2208,63114.188387,1718323199999
1718323200000,2.2376,2.2507,2.195,2.2498,36993.442042,1718330399999
1718330400000,2.2586,2.2782,2.2388,2.2441,58347.434445,1718337599999
1718337600000,2.2516,2.2992,2.2364,2.2918,94727.817489,1718344799999
1718344800000,2.2941,2.3073,2.271,2.2806,138359.882181,1718351999999
1718352000000,2.2809,2.3204,2.2763,2.2991,94317.880708,1718359199999
1718359200000,2.301,2.3166,2.2752,2.3061,97032.29181,1718366399999
1718366400000,2.3087,2.3299,2.2843,2.2918,88148.184565,1718373599999
1718373600000,2.2866,2.2866,2.1621,2.1809,245776.69601,1718380799999
1718380800000,2.1805,2.186,2.0816,2.126,439726.525201,1718387999999
1718388000000,2.1268,2.1271,2.0673,2.1037,171746.454349,1718395199999
1718395200000,2.104,2.2307,2.1028,2.2085,312038.961883,1718402399999
1718402400000,2.2074,2.2074,2.173,2.1905,158926.520391,1718409599999
1718409600000,2.1949,2.2051,2.1764,2.1983,31287.94308,1718416799999
1718416800000,2.1943,2.2717,2.1914,2.2659,92165.312929,1718423999999
1718424000000,2.2639,2.3027,2.2508,2.2566,103864.550988,1718431199999
1718431200000,2.2654,2.2817,2.2414,2.2457,65318.158733,1718438399999
1718438400000,2.2488,2.2725,2.2395,2.2444,67410.442725,1718445599999
1718445600000,2.2439,2.256,2.2376,2.2542,31690.098892,1718452799999
1718452800000,2.257,2.2617,2.2263,2.235,62241.676623,1718459999999
1718460000000,2.237,2.2644,2.2229,2.2362,83984.171884,1718467199999
1718467200000,2.2437,2.2535,2.2137,2.2271,118482.34755,1718474399999
1718474400000,2.2224,2.2227,2.1816,2.1876,375030.725127,1718481599999
1718481600000,2.187,2.2163,2.154,2.2152,197549.911329,1718488799999
1718488800000,2.2121,2.2704,2.2052,2.2585,44328.655716,1718495999999
1718496000000,2.2541,2.2551,2.2144,2.2364,19508.580731,1718503199999
1718503200000,2.2578,2.2654,2.2317,2.2346,15524.962508,1718510399999
1718510400000,2.2286,2.3045,2.2161,2.2994,151205.403869,1718517599999
1718517600000,2.2993,2.3837,2.2959,2.3631,346773.740032,1718524799999
1718524800000,2.363,2.3889,2.3397,2.3681,236731.732879,1718531999999
1718532000000,2.3724,2.3947,2.3432,2.3482,160849.850435,1718539199999
1718539200000,2.3447,2.3772,2.33,2.376,167449.928622,1718546399999
1718546400000,2.3741,2.4178,2.3654,2.4126,100199.49091,1718553599999
1718553600000,2.4067,2.4345,2.3856,2.3934,266028.651149,1718560799999
1718560800000,2.3942,2.4077,2.3813,2.3887,354258.197816,1718567999999
1718568000000,2.3911,2.4133,2.3866,2.394,148445.244769,1718575199999
1718575200000,2.4019,2.4608,2.4014,2.4333,128196.735803,1718582399999
1718582400000,2.4338,2.4667,2.3876,2.402,71766.787817,1718589599999
1718589600000,2.3826,2.3882,2.3329,2.3353,43643.064565,1718596799999
1718596800000,2.3394,2.3725,2.3089,2.3194,124331.615039,1718603999999
1718604000000,2.326,2.326,2.2785,2.2834,201404.753718,1718611199999
1718611200000,2.2923,2.2977,2.2317,2.2338,157962.513142,1718618399999
1718618400000,2.2365,2.2653,2.2057,2.2301,134437.7213,1718625599999
1718625600000,2.23,2.2368,2.1665,2.1714,185886.930579,1718632799999
1718632800000,2.17,2.2005,2.1387,2.1491,190182.675684,1718639999999
1718640000000,2.1478,2.2558,2.0786,2.2401,481954.77231,1718647199999
1718647200000,2.237,2.2875,2.2255,2.2255,317670.017726,1718654399999
1718654400000,2.2318,2.2327,2.1671,2.1918,167029.258853,1718661599999
1718661600000,2.1832,2.2046,2.1489,2.1489,48269.597469,1718668799999
1718668800000,2.161,2.1663,1.8498,1.9514,525880.689893,1718675999999
1718676000000,1.9466,1.9995,1.9166,1.9918,173882.62864,1718683199999
1718683200000,1.9891,2.0013,1.9564,1.9595,222299.654076,1718690399999
1718690400000,1.9613,1.9791,1.9342,1.9449,263586.833991,1718697599999
1718697600000,1.9442,1.9935,1.9384,1.9635,234668.67865,1718704799999
1718704800000,1.9615,1.9646,1.8678,1.9209,395140.322135,1718711999999
1718712000000,1.923,1.9334,1.82,1.8273,515085.851616,1718719199999
1718719200000,1.8308,1.9108,1.8064,1.8715,411461.525393,1718726399999
1718726400000,1.8679,1.8796,1.7862,1.8055,356819.412319,1718733599999
1718733600000,1.8074,1.8263,1.7523,1.8263,442413.633729,1718740799999
1718740800000,1.8278,1.9561,1.8109,1.9354,643647.175714,1718747999999
1718748000000,1.9343,1.9365,1.9037,1.9282,221674.10761,1718755199999
1718755200000,1.9167,1.9872,1.8943,1.9376,74922.589224,1718762399999
1718762400000,1.9398,2.0003,1.9398,1.9773,90420.673277,1718769599999
1718769600000,1.9733,2.0169,1.9447,1.9657,204505.048976,1718776799999
1718776800000,1.9667,1.9846,1.9326,1.9363,171976.328941,1718783999999
1718784000000,1.9381,1.9417,1.8844,1.9052,224029.721781,1718791199999
1718791200000,1.9043,1.9436,1.891,1.9049,150089.229915,1718798399999
1718798400000,1.9024,1.9396,1.8919,1.897,111340.469858,1718805599999
1718805600000,1.8977,1.9039,1.8378,1.8894,276553.666473,1718812799999
1718812800000,1.8912,1.9463,1.8699,1.9326,192646.065194,1718819999999
1718820000000,1.9314,1.944,1.8821,1.8946,187649.34362,1718827199999
1718827200000,1.8898,1.9105,1.875,1.8934,87271.774882,1718834399999
1718834400000,1.8954,1.9066,1.869,1.8898,58716.720786,1718841599999
1718841600000,1.8871,1.9281,1.8669,1.8807,55216.278305,1718848799999
1718848800000,1.8884,1.9277,1.8706,1.8991,47663.579666,1718855999999
1718856000000,1.899,1.9317,1.8622,1.9283,105537.708491,1718863199999
1718863200000,1.928,1.9874,1.928,1.9873,164080.549144,1718870399999
1718870400000,1.9854,1.9952,1.96,1.96,104913.62177,1718877599999
1718877600000,1.9505,2.0404,1.9338,2.0062,284363.503121,1718884799999
1718884800000,2.0129,2.0298,1.8938,1.8966,211223.38933,1718891999999
1718892000000,1.8966,1.9014,1.8617,1.8731,219765.437559,1718899199999
1718899200000,1.8729,1.8988,1.82,1.8947,235769.405882,1718906399999
1718906400000,1.8967,1.915,1.8794,1.8944,215302.748204,1718913599999
1718913600000,1.8999,1.9066,1.8589,1.8654,158260.648609,1718920799999
1718920800000,1.8653,1.8689,1.8221,1.8261,51872.543333,1718927999999
1718928000000,1.8275,1.8351,1.765,1.833,139118.922551,1718935199999
1718935200000,1.8302,1.8528,1.7868,1.791,54253.266602,1718942399999
1718942400000,1.7854,1.8047,1.7637,1.7957,139155.077935,1718949599999
1718949600000,1.7937,1.7985,1.7261,1.7312,163606.405628,1718956799999
1718956800000,1.7302,1.7903,1.7064,1.7713,367181.962777,1718963999999
1718964000000,1.7722,1.7849,1.7507,1.7624,142311.073641,1718971199999
1718971200000,1.7617,1.7696,1.6878,1.6961,406625.397134,1718978399999
1718978400000,1.6949,1.775,1.6837,1.7139,480766.54624,1718985599999
1718985600000,1.713,1.7261,1.625,1.6327,395329.632808,1718992799999
1718992800000,1.6345,1.7156,1.6235,1.7028,347637.958533,1718999999999
1719000000000,1.7047,1.7225,1.6553,1.6753,207902.118496,1719007199999
1719007200000,1.6757,1.6854,1.6366,1.648,118072.153941,1719014399999
1719014400000,1.6434,1.6466,1.5949,1.6335,145239.521479,1719021599999
1719021600000,1.6393,1.6879,1.6372,1.6724,62665.023022,1719028799999
1719028800000,1.6639,1.684,1.6409,1.6704,103441.483554,1719035999999
1719036000000,1.6743,1.6984,1.667,1.692,102525.148093,1719043199999
1719043200000,1.692,1.6929,1.6534,1.6658,87023.234264,1719050399999
1719050400000,1.6634,1.682,1.6494,1.676,48636.892976,1719057599999
1719057600000,1.6774,1.6936,1.6568,1.6655,98263.543211,1719064799999
1719064800000,1.6679,1.6928,1.6679,1.6747,77431.245601,1719071999999
1719072000000,1.6752,1.698,1.657,1.6584,65761.087057,1719079199999
1719079200000,1.6569,1.6683,1.6496,1.6621,87039.514274,1719086399999
1719086400000,1.6623,1.6634,1.6381,1.6463,85652.161232,1719093599999
1719093600000,1.6465,1.6465,1.626,1.6289,61101.748804,1719100799999
1719100800000,1.6217,1.6599,1.6217,1.6437,92761.776413,1719107999999
1719108000000,1.6438,1.6803,1.638,1.6783,10508.889334,1719115199999
1719115200000,1.6728,1.6755,1.6327,1.6512,55851.041712,1719122399999
1719122400000,1.6505,1.6857,1.6503,1.6733,52940.660162,1719129599999
1719129600000,1.6731,1.6765,1.6453,1.6589,96417.592745,1719136799999
1719136800000,1.6583,1.659,1.6158,1.63,150881.99598,1719143999999
1719144000000,1.6285,1.635,1.6013,1.606,120555.389105,1719151199999
1719151200000,1.6036,1.6051,1.535,1.55,526826.587567,1719158399999
1719158400000,1.5499,1.5499,1.4894,1.5262,713541.680702,1719165599999
1719165600000,1.5304,1.5426,1.5084,1.5406,196062.883494,1719172799999
1719172800000,1.54,1.54,1.4957,1.5334,172650.289036,1719179999999
1719180000000,1.5275,1.5275,1.4727,1.4842,103324.536974,1719187199999
1719187200000,1.4846,1.5322,1.4846,1.5121,47920.283669,1719194399999
1719194400000,1.5174,1.525,1.4763,1.498,51469.453047,1719201599999
1719201600000,1.5043,1.5067,1.42,1.4347,470675.234183,1719208799999
1719208800000,1.4372,1.4622,1.4037,1.4517,418126.12392,1719215999999
1719216000000,1.4551,1.5331,1.3802,1.5158,752684.830632,1719223199999
1719223200000,1.5078,1.5432,1.4437,1.4882,895719.921896,1719230399999
1719230400000,1.4879,1.584,1.486,1.5738,674844.977384,1719237599999
1719237600000,1.5757,1.5927,1.5263,1.5431,422098.246642,1719244799999
1719244800000,1.5423,1.6038,1.5015,1.5328,1032769.067875,1719251999999
1719252000000,1.5277,1.5953,1.514,1.5419,610020.420381,1719259199999
1719259200000,1.547,1.6317,1.5219,1.6168,907781.232408,1719266399999
1719266400000,1.6175,1.7308,1.6127,1.7024,499604.32271,1719273599999
1719273600000,1.6951,1.7267,1.6845,1.7189,207682.623307,1719280799999
1719280800000,1.7198,1.8147,1.7197,1.7736,723765.997566,1719287999999
1719288000000,1.7789,1.7893,1.7483,1.7798,366379.04572,1719295199999
1719295200000,1.7737,1.7777,1.7308,1.7326,429465.24891,1719302399999
1719302400000,1.7353,1.7758,1.69,1.7723,715456.145093,1719309599999
1719309600000,1.7716,1.8114,1.7658,1.7913,453100.72714,1719316799999
1719316800000,1.7896,1.8038,1.7752,1.7876,239700.095169,1719323999999
1719324000000,1.792,1.9018,1.786,1.8889,832450.086407,1719331199999
1719331200000,1.8904,1.8965,1.84,1.8631,358805.137397,1719338399999
1719338400000,1.866,1.945,1.8583,1.9292,813506.666863,1719345599999
1719345600000,1.9285,1.9544,1.9014,1.9108,737185.707771,1719352799999
1719352800000,1.9109,1.9305,1.8857,1.9047,158609.834411,1719359999999
1719360000000,1.9049,2.0123,1.8803,1.9808,254371.805416,1719367199999
1719367200000,1.9767,1.9992,1.9062,1.933,110686.474542,1719374399999
1719374400000,1.9338,1.938,1.8606,1.8773,416260.169266,1719381599999
1719381600000,1.8844,1.9149,1.8728,1.9076,199683.931931,1719388799999
1719388800000,1.9088,1.9104,1.8608,1.8674,228972.631197,1719395999999
1719396000000,1.8718,1.8856,1.8405,1.8591,227267.887812,1719403199999
1719403200000,1.8624,1.9288,1.8621,1.9111,330884.808096,1719410399999
1719410400000,1.9106,1.9317,1.8622,1.8854,382543.641538,1719417599999
1719417600000,1.8849,1.8944,1.7877,1.8537,850215.99099,1719424799999
1719424800000,1.858,1.8684,1.8374,1.8549,383690.491991,1719431999999
1719432000000,1.8518,1.8956,1.8436,1.8886,192667.457269,1719439199999
1719439200000,1.8934,1.9073,1.8642,1.8763,50535.826015,1719446399999
1719446400000,1.8714,1.9023,1.8575,1.8941,63818.030398,1719453599999
1719453600000,1.8946,1.9168,1.8696,1.8962,37628.462533,1719460799999
1719460800000,1.891,1.904,1.8564,1.8567,93844.803991,1719467999999
1719468000000,1.8611,1.9149,1.8499,1.9089,153186.074119,1719475199999
1719475200000,1.9058,1.9417,1.8923,1.9247,245912.522974,1719482399999
1719482400000,1.9255,1.9381,1.85,1.8547,230396.623298,1719489599999
1719489600000,1.8547,2.0998,1.8412,2.0385,1829190.022865,1719496799999
1719496800000,2.0385,2.1061,1.9627,1.9814,833536.911891,1719503999999
1719504000000,1.9806,1.9964,1.9236,1.9498,317284.775776,1719511199999
1719511200000,1.9466,1.9842,1.9377,1.9451,195395.342088,1719518399999
1719518400000,1.9428,1.986,1.9324,1.9786,197236.461953,1719525599999
1719525600000,1.9798,1.9834,1.9615,1.9736,59363.642722,1719532799999
1719532800000,1.9735,2.0023,1.9406,1.9897,63157.549375,1719539999999
1719540000000,1.9816,1.9816,1.9298,1.9708,49524.097078,1719547199999
1719547200000,1.9635,1.9716,1.9136,1.9221,185498.295664,1719554399999
1719554400000,1.9256,1.9299,1.8984,1.9133,133335.495055,1719561599999
1719561600000,1.91,1.9242,1.9017,1.9102,63607.906066,1719568799999
1719568800000,1.9107,1.9162,1.8888,1.8934,113561.859011,1719575999999
1719576000000,1.8909,1.9118,1.8516,1.8792,225663.095415,1719583199999
1719583200000,1.8832,1.9336,1.8438,1.9034,324336.211959,1719590399999
1719590400000,1.8999,1.9036,1.7959,1.8088,218097.623685,1719597599999
1719597600000,1.809,1.819,1.79,1.7917,141748.418123,1719604799999
1719604800000,1.7953,1.8098,1.7715,1.8075,185951.19863,1719611999999
1719612000000,1.8069,1.8545,1.8027,1.8507,87387.000314,1719619199999
1719619200000,1.8545,1.9373,1.8545,1.9162,79347.416982,1719626399999
1719626400000,1.9205,1.9562,1.9189,1.939,69787.643631,1719633599999
1719633600000,1.9415,1.9432,1.914,1.9329,84878.469083,1719640799999
1719640800000,1.9333,1.9587,1.9251,1.9436,130177.686209,1719647999999
1719648000000,1.9482,1.9713,1.9388,1.9628,235388.761284,1719655199999
1719655200000,1.9634,1.9906,1.9591,1.9725,169457.614918,1719662399999
1719662400000,1.9717,2.0097,1.9644,2.0013,250389.076484,1719669599999
1719669600000,1.9991,2.0243,1.9707,2.0202,131016.571885,1719676799999
1719676800000,2.0204,2.0296,1.9945,2.0148,153604.554356,1719683999999
1719684000000,2.014,2.02,1.9784,1.9865,225551.024807,1719691199999
1719691200000,1.9853,1.9991,1.9723,1.9792,249506.813408,1719698399999
1719698400000,1.9779,1.9792,1.9396,1.95,58536.942698,1719705599999
1719705600000,1.9503,1.9681,1.9029,1.9147,41763.117249,1719712799999
1719712800000,1.9079,1.9172,1.87,1.8797,84754.642382,1719719999999
1719720000000,1.8749,1.8749,1.7924,1.818,381968.34209,1719727199999
1719727200000,1.8203,1.91,1.8193,1.9063,390392.6811,1719734399999
1719734400000,1.9093,1.9511,1.9081,1.9089,341961.810555,1719741599999
1719741600000,1.9086,1.9123,1.8549,1.896,337170.013659,1719748799999
1719748800000,1.8977,1.9162,1.8518,1.8814,146774.868138,1719755999999
1719756000000,1.8793,1.9123,1.8686,1.9048,121683.289106,1719763199999
1719763200000,1.914,1.975,1.8811,1.9523,164886.709318,1719770399999
1719770400000,1.9517,1.9816,1.9468,1.9659,122279.120529,1719777599999
1719777600000,1.9651,2.0154,1.9248,1.9357,302758.218041,1719784799999
1719784800000,1.935,2.062,1.9343,2.045,227279.199415,1719791999999
1719792000000,2.0418,2.1228,2.0228,2.1054,215086.821366,1719799199999
1719799200000,2.1077,2.1355,2.0739,2.1268,167917.731159,1719806399999
1719806400000,2.1248,2.1864,2.1158,2.1523,673324.233778,1719813599999
1719813600000,2.145,2.1545,2.1151,2.1392,174690.554855,1719820799999
1719820800000,2.1377,2.1414,2.0739,2.1147,253407.142821,1719827999999
1719828000000,2.1116,2.117,2.0093,2.027,297864.777342,1719835199999
1719835200000,2.0283,2.1079,2.0247,2.0552,339509.741234,1719842399999
1719842400000,2.057,2.1356,2.0537,2.1356,329265.399451,1719849599999
1719849600000,2.1339,2.1872,2.1071,2.1844,250654.963809,1719856799999
1719856800000,2.1814,2.1916,2.1351,2.1469,371044.322195,1719863999999
1719864000000,2.1448,2.18,2.1352,2.1458,359606.331589,1719871199999
1719871200000,2.1414,2.1496,2.0962,2.1148,92624.69379,1719878399999
1719878400000,2.113,2.142,2.0953,2.1412,82975.257134,1719885599999
1719885600000,2.1367,2.2029,2.1075,2.1564,148811.51835,1719892799999
1719892800000,2.1513,2.1726,2.1236,2.1294,167188.809433,1719899999999
1719900000000,2.1273,2.129,2.088,2.0956,137111.962671,1719907199999
1719907200000,2.0942,2.1141,2.0754,2.0941,225711.609982,1719914399999
1719914400000,2.0942,2.1015,2.0778,2.0887,323216.934193,1719921599999
1719921600000,2.0921,2.1034,2.0471,2.0767,446976.049583,1719928799999
1719928800000,2.0769,2.0769,2.0245,2.0403,256620.061036,1719935999999
1719936000000,2.0442,2.0534,2.01,2.0394,110048.831197,1719943199999
1719943200000,2.0386,2.0739,2.0365,2.048,157744.986101,1719950399999
1719950400000,2.0473,2.0473,2.0207,2.0355,101649.552866,1719957599999
1719957600000,2.0342,2.084,2.0295,2.0498,107172.417458,1719964799999
1719964800000,2.0475,2.0488,1.9761,1.982,139014.584774,1719971999999
1719972000000,1.9782,1.9874,1.9053,1.9377,83219.279214,1719979199999
1719979200000,1.934,1.9394,1.9,1.928,185957.720171,1719986399999
1719986400000,1.9248,1.9278,1.8826,1.8883,145032.166786,1719993599999
1719993600000,1.8861,1.9358,1.8707,1.8936,224590.956882,1720000799999
1720000800000,1.8913,1.8958,1.82,1.8534,534353.195013,1720007999999
1720008000000,1.8525,1.8525,1.7747,1.8396,648419.576388,1720015199999
1720015200000,1.8402,1.8439,1.768,1.7767,300265.483675,1720022399999
1720022400000,1.7755,1.8115,1.7676,1.7832,258535.651845,1720029599999
1720029600000,1.784,1.7899,1.6952,1.7062,444625.914343,1720036799999
1720036800000,1.7074,1.7387,1.6805,1.7319,405530.499181,1720043999999
1720044000000,1.7315,1.7358,1.6622,1.6794,163185.750809,1720051199999
1720051200000,1.6821,1.7256,1.5959,1.6595,156532.799272,1720058399999
1720058400000,1.6319,1.711,1.6319,1.711,191714.59665,1720065599999
1720065600000,1.7098,1.7243,1.6882,1.6906,87227.116588,1720072799999
1720072800000,1.6893,1.7032,1.6406,1.6541,228688.459022,1720079999999
1720080000000,1.6509,1.6932,1.6218,1.6893,366401.441101,1720087199999
1720087200000,1.6849,1.688,1.642,1.6539,365325.413477,1720094399999
1720094400000,1.6571,1.6729,1.6222,1.6704,259907.71079,1720101599999
1720101600000,1.6687,1.6999,1.6306,1.6936,303166.676349,1720108799999
1720108800000,1.69,1.7168,1.6579,1.7138,401019.875657,1720115999999
1720116000000,1.7066,1.7563,1.6812,1.709,479481.854383,1720123199999
1720123200000,1.7095,1.75,1.7063,1.7193,273444.851636,1720130399999
1720130400000,1.7181,1.7334,1.5788,1.5918,203850.773731,1720137599999
1720137600000,1.5992,1.6047,1.4549,1.5058,582838.468087,1720144799999
1720144800000,1.502,1.502,1.3872,1.41,490085.670121,1720151999999
1720152000000,1.4113,1.559,1.3892,1.5066,590107.038636,1720159199999
1720159200000,1.502,1.5063,1.4652,1.4941,502224.192826,1720166399999
1720166400000,1.495,1.498,1.4289,1.4758,342705.349404,1720173599999
1720173600000,1.4745,1.6079,1.467,1.5984,740486.202189,1720180799999
1720180800000,1.5955,1.6786,1.5621,1.6712,849007.842712,1720187999999
1720188000000,1.6698,1.79,1.627,1.7822,1097801.786158,1720195199999
1720195200000,1.7871,1.8362,1.7512,1.803,1039138.972095,1720202399999
1720202400000,1.8048,1.8068,1.7639,1.7845,564528.276495,1720209599999
1720209600000,1.7857,1.8105,1.776,1.7932,315903.660358,1720216799999
1720216800000,1.7901,1.807,1.7651,1.771,138419.095513,1720223999999
1720224000000,1.7678,1.8509,1.7623,1.7651,176373.60847,1720231199999
1720231200000,1.7672,1.7879,1.7327,1.7737,58116.95319,1720238399999
1720238400000,1.7863,1.7915,1.7388,1.7679,87889.308857,1720245599999
1720245600000,1.7698,1.8563,1.7621,1.8317,300416.389294,1720252799999
1720252800000,1.83,1.8715,1.8116,1.8657,248605.924405,1720259999999
1720260000000,1.8675,1.897,1.798,1.8091,327123.332604,1720267199999
1720267200000,1.8092,1.8301,1.7774,1.8103,293490.807906,1720274399999
1720274400000,1.8059,1.8801,1.7864,1.8658,372249.499331,1720281599999
1720281600000,1.86,1.902,1.8462,1.8667,435322.03622,1720288799999
1720288800000,1.8667,1.8758,1.8334,1.8396,243764.034598,1720295999999
1720296000000,1.8397,1.8716,1.8381,1.8442,76901.877831,1720303199999
1720303200000,1.8468,1.8694,1.841,1.8475,169517.249396,1720310399999
1720310400000,1.8491,1.8547,1.6816,1.7219,477797.036877,1720317599999
1720317600000,1.7217,1.755,1.7018,1.7189,157762.771306,1720324799999
1720324800000,1.7214,1.7228,1.6764,1.7133,488680.66802,1720331999999
1720332000000,1.7165,1.7347,1.6806,1.7021,305950.452999,1720339199999
1720339200000,1.7069,1.741,1.6949,1.7205,223689.116413,1720346399999
1720346400000,1.7195,1.7373,1.7072,1.7152,203743.732874,1720353599999
1720353600000,1.7114,1.7368,1.6424,1.6482,470355.093193,1720360799999
1720360800000,1.649,1.6691,1.6074,1.6514,540116.759314,1720367999999
1720368000000,1.6501,1.6916,1.6433,1.6691,282887.663628,1720375199999
1720375200000,1.6688,1.6749,1.6345,1.6467,222924.738893,1720382399999
1720382400000,1.6461,1.6572,1.5835,1.6018,498377.435023,1720389599999
1720389600000,1.6009,1.61,1.5223,1.5387,200063.441538,1720396799999
1720396800000,1.5383,1.5563,1.44,1.4675,395459.818612,1720403999999
1720404000000,1.4664,1.5228,1.4527,1.5,321658.120004,1720411199999
1720411200000,1.4996,1.5656,1.4929,1.5465,423265.597383,1720418399999
1720418400000,1.5432,1.5638,1.5132,1.5452,380080.222939,1720425599999
1720425600000,1.5403,1.6765,1.5373,1.6092,1303553.183896,1720432799999
1720432800000,1.6071,1.6288,1.5573,1.59,493247.513613,1720439999999
1720440000000,1.5897,1.6287,1.5641,1.5939,815865.046432,1720447199999
1720447200000,1.5916,1.6216,1.4912,1.5299,1297841.967753,1720454399999
1720454400000,1.5306,1.5599,1.5049,1.5433,392441.18387,1720461599999
1720461600000,1.5426,1.5741,1.5321,1.568,260836.627401,1720468799999
1720468800000,1.5681,1.5869,1.5358,1.5691,315760.680041,1720475999999
1720476000000,1.5699,1.5903,1.5277,1.5294,137309.332863,1720483199999
1720483200000,1.5234,1.5588,1.4889,1.5052,119838.760203,1720490399999
1720490400000,1.5074,1.5848,1.493,1.5816,97108.386873,1720497599999
1720497600000,1.5768,1.6071,1.5733,1.5855,252994.392458,1720504799999
1720504800000,1.5847,1.6129,1.5656,1.5798,515719.454546,1720511999999
1720512000000,1.5777,1.6063,1.5679,1.5774,437341.876192,1720519199999
1720519200000,1.5841,1.5944,1.544,1.5626,231101.458163,1720526399999
1720526400000,1.5607,1.5686,1.5422,1.5555,186044.878067,1720533599999
1720533600000,1.5572,1.6121,1.5322,1.5683,475365.967313,1720540799999
1720540800000,1.5677,1.5957,1.5459,1.5554,342035.720194,1720547999999
1720548000000,1.5576,1.5866,1.5562,1.583,177262.539924,1720555199999
1720555200000,1.579,1.5964,1.5592,1.5615,165682.899155,1720562399999
1720562400000,1.559,1.5828,1.545,1.5714,67029.362579,1720569599999
1720569600000,1.5753,1.5772,1.53,1.555,64551.948364,1720576799999
1720576800000,1.5544,1.591,1.5429,1.5892,37780.703784,1720583999999
1720584000000,1.5944,1.644,1.591,1.6063,534624.136972,1720591199999
1720591200000,1.6054,1.6214,1.5731,1.5887,207320.339831,1720598399999
1720598400000,1.5891,1.5891,1.5373,1.5511,308504.313624,1720605599999
1720605600000,1.549,1.5572,1.5363,1.5543,142512.075502,1720612799999
1720612800000,1.557,1.5656,1.524,1.5478,336730.058481,1720619999999
1720620000000,1.5465,1.5582,1.5208,1.545,218990.778509,1720627199999
1720627200000,1.5484,1.57,1.5301,1.5405,130524.084856,1720634399999
1720634400000,1.5385,1.5423,1.5079,1.5153,92969.995829,1720641599999
1720641600000,1.5146,1.5179,1.4825,1.4998,185698.207597,1720648799999
1720648800000,1.499,1.5304,1.4893,1.5241,132268.490777,1720655999999
1720656000000,1.5206,1.544,1.5081,1.5369,69848.821981,1720663199999
1720663200000,1.5369,1.5607,1.49,1.5063,103018.139721,1720670399999
1720670400000,1.5074,1.5322,1.5054,1.5303,77320.401109,1720677599999
1720677600000,1.5304,1.5571,1.5238,1.5475,95302.602931,1720684799999
1720684800000,1.552,1.5579,1.5286,1.5385,157878.084788,1720691999999
1720692000000,1.5396,1.5592,1.5326,1.5481,217073.19306,1720699199999
1720699200000,1.5477,1.5883,1.5216,1.5339,481427.890777,1720706399999
1720706400000,1.5348,1.5403,1.4584,1.4743,289407.894032,1720713599999
1720713600000,1.4693,1.4731,1.4429,1.4578,702767.04967,1720720799999
1720720800000,1.4583,1.4623,1.41,1.4219,264895.212003,1720727999999
1720728000000,1.4206,1.4217,1.3788,1.3914,516065.583732,1720735199999
1720735200000,1.3918,1.4221,1.3844,1.4199,276976.008554,1720742399999
1720742400000,1.4201,1.4605,1.4099,1.4323,108456.153134,1720749599999
1720749600000,1.4349,1.4812,1.4255,1.4738,87648.471354,1720756799999
1720756800000,1.4744,1.4799,1.443,1.4474,91709.52055,1720763999999
1720764000000,1.445,1.4626,1.4307,1.4447,127130.746104,1720771199999
1720771200000,1.4422,1.4473,1.4171,1.4223,136798.033823,1720778399999
1720778400000,1.4233,1.44,1.4118,1.435,207779.076891,1720785599999
1720785600000,1.4373,1.4671,1.4,1.4561,377596.797887,1720792799999
1720792800000,1.4542,1.4667,1.4359,1.4486,201193.04938,1720799999999
1720800000000,1.4506,1.4676,1.4328,1.4441,75423.076081,1720807199999
1720807200000,1.4393,1.4857,1.4356,1.4395,286771.921095,1720814399999
1720814400000,1.442,1.4428,1.4178,1.429,123817.877954,1720821599999
1720821600000,1.426,1.4447,1.426,1.4389,32994.313072,1720828799999
1720828800000,1.4398,1.4828,1.4368,1.4672,45922.884344,1720835999999
1720836000000,1.4655,1.4704,1.451,1.468,26638.49752,1720843199999
1720843200000,1.4678,1.4967,1.4557,1.4922,168006.085295,1720850399999
1720850400000,1.4915,1.4915,1.4509,1.461,187759.222938,1720857599999
1720857600000,1.4612,1.4769,1.4444,1.4744,151560.877088,1720864799999
1720864800000,1.4755,1.483,1.444,1.4588,129162.398171,1720871999999
1720872000000,1.4595,1.4759,1.4522,1.4647,200898.918198,1720879199999
1720879200000,1.4604,1.475,1.4517,1.4744,81390.741629,1720886399999
1720886400000,1.4725,1.4792,1.4576,1.4652,90268.604059,1720893599999
1720893600000,1.4679,1.473,1.4475,1.4528,157958.446001,1720900799999
1720900800000,1.4514,1.4718,1.4492,1.4571,102804.487871,1720907999999
1720908000000,1.4575,1.5066,1.4353,1.4687,281842.603837,1720915199999
1720915200000,1.471,1.5335,1.4663,1.5335,309454.539792,1720922399999
1720922400000,1.5337,1.5391,1.4987,1.505,54318.416111,1720929599999
1720929600000,1.5071,1.5483,1.5023,1.5447,202121.157146,1720936799999
1720936800000,1.5479,1.5606,1.5237,1.5525,209226.081621,1720943999999
1720944000000,1.5546,1.62,1.5541,1.6103,558208.487807,1720951199999
1720951200000,1.6099,1.617,1.5692,1.5849,483760.433643,1720958399999
1720958400000,1.5857,1.5869,1.537,1.547,250417.69625,1720965599999
1720965600000,1.5487,1.5681,1.5258,1.5603,154377.025288,1720972799999
1720972800000,1.5592,1.5615,1.5355,1.5412,129996.942804,1720979999999
1720980000000,1.5411,1.5446,1.5351,1.5355,46190.878669,1720987199999
1720987200000,1.5361,1.598,1.53,1.594,301201.008991,1720994399999
1720994400000,1.5949,1.6139,1.5789,1.5904,235882.748238,1721001599999
1721001600000,1.5955,1.6493,1.5844,1.6145,171412.939709,1721008799999
1721008800000,1.6151,1.6452,1.6096,1.6216,150164.163894,1721015999999
1721016000000,1.6245,1.6333,1.6095,1.6292,153874.461827,1721023199999
1721023200000,1.6343,1.695,1.6337,1.6867,434478.978704,1721030399999
1721030400000,1.6878,1.6971,1.6233,1.6403,317116.861406,1721037599999
1721037600000,1.6432,1.6463,1.6231,1.6276,137986.927932,1721044799999
1721044800000,1.63,1.6738,1.63,1.6626,207139.419037,1721051999999
1721052000000,1.6591,1.6912,1.6441,1.6819,248708.679558,1721059199999
1721059200000,1.6828,1.7708,1.6623,1.7542,978050.190982,1721066399999
1721066400000,1.7565,1.8265,1.7421,1.8184,690590.665563,1721073599999
1721073600000,1.8162,1.9537,1.8105,1.9071,1195410.6405,1721080799999
1721080800000,1.9094,1.9967,1.9073,1.9805,459658.170796,1721087999999
1721088000000,1.981,2.0445,1.9599,2.0137,327824.694307,1721095199999
1721095200000,2.012,2.0565,1.9842,2.0551,152599.198844,1721102399999
1721102400000,2.0517,2.0733,1.9624,1.9836,727911.565606,1721109599999
1721109600000,1.9843,2.0383,1.9291,1.9401,968083.874058,1721116799999
1721116800000,1.9443,1.995,1.8879,1.9897,838072.591331,1721123999999
1721124000000,1.9894,2.0482,1.9798,2.009,553877.55094,1721131199999
1721131200000,2.01,2.0431,1.985,1.9958,627434.744474,1721138399999
1721138400000,1.9955,2.1089,1.9829,2.1028,885266.921003,1721145599999
1721145600000,2.1023,2.1148,2.0053,2.0307,649946.992721,1721152799999
1721152800000,2.0273,2.0385,1.9684,1.9982,337953.364789,1721159999999
1721160000000,1.9943,2.014,1.9703,1.9966,175204.358461,1721167199999
1721167200000,1.9956,2.0332,1.9631,2.0205,147257.515338,1721174399999
1721174400000,2.0179,2.109,2.0136,2.1026,381854.970961,1721181599999
1721181600000,2.1003,2.1018,2.0117,2.0596,104988.567066,1721188799999
1721188800000,2.057,2.0875,2.0495,2.062,190890.064021,1721195999999
1721196000000,2.0649,2.0814,2.0176,2.0184,218833.398225,1721203199999
1721203200000,2.0167,2.0333,1.9803,2.011,285447.019603,1721210399999
1721210400000,2.0073,2.014,1.9502,1.9844,396246.158357,1721217599999
1721217600000,1.9848,2.0206,1.9762,2.0156,210983.805792,1721224799999
1721224800000,2.0029,2.012,1.9601,1.97,148749.687882,1721231999999
1721232000000,1.97,1.9782,1.9195,1.9463,509491.267285,1721239199999
1721239200000,1.9499,2.0,1.9482,1.9888,142927.182012,1721246399999
1721246400000,1.9903,2.0206,1.9744,2.0004,168597.93576,1721253599999
1721253600000,2.0032,2.0107,1.9761,1.9848,90213.643641,1721260799999
1721260800000,2.0,2.069,1.9899,2.0302,98573.117504,1721267999999
1721268000000,2.0322,2.0857,1.9924,2.0532,93727.79495,1721275199999
1721275200000,2.0493,2.0937,2.0025,2.08,365966.916352,1721282399999
1721282400000,2.0795,2.11,2.0493,2.0515,326161.246844,1721289599999
1721289600000,2.0532,2.187,2.0478,2.1746,827631.635943,1721296799999
1721296800000,2.1742,2.2554,2.1445,2.2494,790906.37499,1721303999999
1721304000000,2.2485,2.2855,2.209,2.23,642670.215259,1721311199999
1721311200000,2.2261,2.2401,2.1217,2.1368,1024088.655415,1721318399999
1721318400000,2.1354,2.1703,2.0966,2.1038,670296.387888,1721325599999
1721325600000,2.1066,2.1548,2.0904,2.1408,761875.127454,1721332799999
1721332800000,2.1394,2.2309,2.1364,2.2137,456559.682152,1721339999999
1721340000000,2.2078,2.2676,2.201,2.2303,379928.921015,1721347199999
1721347200000,2.2325,2.2337,2.1211,2.1814,215458.021942,1721354399999
1721354400000,2.175,2.2357,2.1391,2.2336,56740.527083,1721361599999
1721361600000,2.232,2.2744,2.1933,2.2672,334297.578487,1721368799999
1721368800000,2.2673,2.3295,2.189,2.2074,830504.056576,1721375999999
1721376000000,2.2067,2.2486,2.1675,2.1725,464465.695011,1721383199999
1721383200000,2.1714,2.2186,2.1714,2.207,155695.015765,1721390399999
1721390400000,2.2042,2.3,2.194,2.2759,556803.435756,1721397599999
1721397600000,2.2795,2.3147,2.2495,2.3045,766654.622683,1721404799999
1721404800000,2.3042,2.3737,2.2731,2.3657,781196.114247,1721411999999
1721412000000,2.3637,2.3732,2.3069,2.3552,617806.161559,1721419199999
1721419200000,2.3541,2.3691,2.3116,2.3341,350768.508901,1721426399999
1721426400000,2.3372,2.3537,2.3156,2.3355,112405.533835,1721433599999
1721433600000,2.3367,2.3505,2.2966,2.3045,40964.179295,1721440799999
1721440800000,2.3058,2.3266,2.2964,2.3039,33207.420411,1721447999999
1721448000000,2.3031,2.3407,2.2946,2.3053,119871.560905,1721455199999
1721455200000,2.3056,2.3256,2.2921,2.2971,222979.247789,1721462399999
1721462400000,2.2974,2.3112,2.258,2.275,168077.602107,1721469599999
1721469600000,2.2747,2.3105,2.2692,2.3002,155973.986519,1721476799999
1721476800000,2.3,2.3484,2.2806,2.342,180009.032508,1721483999999
1721484000000,2.3412,2.3878,2.3301,2.3854,238934.911548,1721491199999
1721491200000,2.3846,2.4724,2.3846,2.4368,796950.625084,1721498399999
1721498400000,2.4378,2.45,2.3915,2.3946,290925.688509,1721505599999
1721505600000,2.3967,2.421,2.3886,2.4043,250697.942419,1721512799999
1721512800000,2.4048,2.4313,2.3723,2.4184,226140.020114,1721519999999
1721520000000,2.4198,2.4359,2.3966,2.416,197091.01966,1721527199999
1721527200000,2.4139,2.4443,2.3638,2.3672,54236.701272,1721534399999
1721534400000,2.362,2.3761,2.3199,2.3552,64688.966734,1721541599999
1721541600000,2.3531,2.3562,2.316,2.3311,238229.631408,1721548799999
1721548800000,2.329,2.3491,2.3266,2.3405,93591.398953,1721555999999
1721556000000,2.3396,2.3399,2.3058,2.3303,106018.240361,1721563199999
1721563200000,2.328,2.3422,2.3124,2.3362,119292.696076,1721570399999
1721570400000,2.3362,2.3714,2.3148,2.3464,178654.552253,1721577599999
1721577600000,2.3456,2.3589,2.2748,2.2971,290171.979778,1721584799999
1721584800000,2.3014,2.4,2.2006,2.3718,606421.297105,1721591999999
1721592000000,2.3705,2.602,2.368,2.5861,1243290.738778,1721599199999
1721599200000,2.5864,2.604,2.539,2.5846,563870.103379,1721606399999
1721606400000,2.5869,2.6078,2.5443,2.5686,428934.936744,1721613599999
1721613600000,2.5673,2.609,2.5659,2.5787,236296.432195,1721620799999
1721620800000,2.5775,2.5839,2.4906,2.5162,259246.911405,1721627999999
1721628000000,2.5163,2.5234,2.4744,2.4905,255317.123928,1721635199999
1721635200000,2.4893,2.5395,2.4846,2.5327,771609.227718,1721642399999
1721642400000,2.5234,2.61,2.5046,2.5964,289910.23552,1721649599999
1721649600000,2.6027,2.6394,2.5707,2.5821,413637.801262,1721656799999
1721656800000,2.5811,2.6087,2.511,2.564,650447.139761,1721663999999
1721664000000,2.5605,2.6283,2.5443,2.6172,361913.081765,1721671199999
1721671200000,2.6222,2.6587,2.5935,2.6352,699774.998851,1721678399999
1721678400000,2.6401,2.6401,2.5253,2.5349,376382.115487,1721685599999
1721685600000,2.5333,2.5346,2.459,2.5155,342161.264539,1721692799999
1721692800000,2.5147,2.5354,2.4841,2.4955,46212.993328,1721699999999
1721700000000,2.4938,2.5016,2.4525,2.4604,69235.015889,1721707199999
1721707200000,2.4601,2.4676,2.3702,2.407,541381.58802,1721714399999
1721714400000,2.4035,2.433,2.389,2.4208,382197.868873,1721721599999
1721721600000,2.4229,2.4425,2.371,2.3986,220011.215617,1721728799999
1721728800000,2.3943,2.3945,2.31,2.3451,366005.955762,1721735999999
1721736000000,2.347,2.3639,2.3125,2.3335,273604.802988,1721743199999
1721743200000,2.3355,2.4763,2.3286,2.4401,561370.833702,1721750399999
1721750400000,2.4351,2.54,2.315,2.3382,771925.987691,1721757599999
1721757600000,2.3422,2.3738,2.32,2.3285,278025.161268,1721764799999
1721764800000,2.3347,2.4149,2.3347,2.34,206744.469963,1721771999999
1721772000000,2.3391,2.3646,2.3265,2.3549,60177.359232,1721779199999
1721779200000,2.368,2.4244,2.3663,2.4002,69138.783783,1721786399999
1721786400000,2.4041,2.4535,2.3753,2.4319,46840.153482,1721793599999
1721793600000,2.4271,2.4271,2.3748,2.3941,64735.933754,1721800799999
1721800800000,2.3868,2.4344,2.3868,2.4125,117638.956441,1721807999999
1721808000000,2.4145,2.45,2.3996,2.4118,268163.338481,1721815199999
1721815200000,2.4097,2.4283,2.3564,2.3984,181604.588326,1721822399999
1721822400000,2.3897,2.4126,2.3376,2.3893,140272.627755,1721829599999
1721829600000,2.3863,2.4724,2.3691,2.37,590654.127873,1721836799999
1721836800000,2.3702,2.4652,2.3456,2.4452,343617.046336,1721843999999
1721844000000,2.4446,2.4467,2.37,2.37,337409.770321,1721851199999
1721851200000,2.3695,2.4174,2.3204,2.3535,253853.698289,1721858399999
1721858400000,2.3539,2.3808,2.266,2.3053,206424.574864,1721865599999
1721865600000,2.3138,2.3608,2.247,2.355,234433.653136,1721872799999
1721872800000,2.333,2.3407,2.256,2.29,253903.070346,1721879999999
1721880000000,2.2902,2.3535,2.27,2.3001,245945.164614,1721887199999
1721887200000,2.3026,2.3529,2.2868,2.3256,169700.934409,1721894399999
1721894400000,2.334,2.3787,2.3272,2.3579,171288.821912,1721901599999
1721901600000,2.3573,2.3577,2.2777,2.2864,222684.055547,1721908799999
1721908800000,2.286,2.305,2.222,2.2528,501047.351386,1721915999999
1721916000000,2.254,2.3545,2.1753,2.3344,1472611.739093,1721923199999
1721923200000,2.3303,2.3486,2.2688,2.2772,320777.485527,1721930399999
1721930400000,2.286,2.2893,2.1829,2.1962,420200.070633,1721937599999
1721937600000,2.1965,2.3292,2.1443,2.309,438432.258495,1721944799999
1721944800000,2.3068,2.3311,2.28,2.3187,316987.081369,1721951999999
1721952000000,2.3187,2.3888,2.3089,2.3686,172460.909456,1721959199999
1721959200000,2.3693,2.4189,2.3513,2.3687,212456.219246,1721966399999
1721966400000,2.3646,2.3928,2.3495,2.358,200491.009639,1721973599999
1721973600000,2.3547,2.3948,2.3516,2.3642,264636.201723,1721980799999
1721980800000,2.3635,2.4428,2.3618,2.4213,196801.444776,1721987999999
1721988000000,2.4174,2.4356,2.3948,2.4287,111354.567668,1721995199999
1721995200000,2.432,2.4351,2.3524,2.4121,360454.391874,1722002399999
1722002400000,2.4131,2.4275,2.3699,2.4073,364295.11342,1722009599999
1722009600000,2.4035,2.4251,2.3815,2.3953,117978.012195,1722016799999
1722016800000,2.4006,2.4369,2.3962,2.4163,147948.029588,1722023999999
1722024000000,2.4192,2.4212,2.3868,2.408,240198.698822,1722031199999
1722031200000,2.4138,2.463,2.4102,2.4551,148332.936019,1722038399999
1722038400000,2.45,2.45,2.3863,2.3863,83489.913892,1722045599999
1722045600000,2.3861,2.4164,2.376,2.3804,27864.508388,1722052799999
1722052800000,2.3789,2.4109,2.3671,2.3854,61871.17988,1722059999999
1722060000000,2.3791,2.4185,2.3791,2.4009,137298.472475,1722067199999
1722067200000,2.4014,2.4579,2.3999,2.4563,190091.187291,1722074399999
1722074400000,2.4486,2.4777,2.4121,2.4328,294415.225031,1722081599999
1722081600000,2.4318,2.4839,2.4318,2.4557,318005.598794,1722088799999
1722088800000,2.454,2.4661,2.3412,2.362,342008.477789,1722095999999
1722096000000,2.3601,2.37,2.2737,2.2837,521494.000437,1722103199999
1722103200000,2.2834,2.2976,2.2301,2.2688,591420.705983,1722110399999
1722110400000,2.2682,2.375,2.2186,2.3518,821952.702634,1722117599999
1722117600000,2.3516,2.3522,2.2801,2.2816,218999.41933,1722124799999
1722124800000,2.2811,2.3038,2.2501,2.2992,102485.440353,1722131999999
1722132000000,2.2945,2.2955,2.2764,2.2764,14557.438851,1722139199999
1722139200000,2.2731,2.2761,2.2307,2.2454,50615.104463,1722146399999
1722146400000,2.2442,2.2786,2.2442,2.2774,106883.849153,1722153599999
1722153600000,2.2751,2.2816,2.2508,2.2741,175106.658774,1722160799999
1722160800000,2.2748,2.2993,2.2569,2.2576,156290.266597,1722167999999
1722168000000,2.255,2.2565,2.2345,2.252,261493.591975,1722175199999
1722175200000,2.254,2.254,2.2202,2.2326,109674.700113,1722182399999
1722182400000,2.2312,2.2569,2.2261,2.237,111350.195338,1722189599999
1722189600000,2.2384,2.2637,2.231,2.2363,121978.871779,1722196799999
1722196800000,2.2383,2.2423,2.2093,2.2308,215149.756151,1722203999999
1722204000000,2.2319,2.2342,2.1951,2.2204,102385.250098,1722211199999
1722211200000,2.2263,2.2912,2.218,2.2547,188100.313188,1722218399999
1722218400000,2.2501,2.3452,2.2375,2.3073,206253.20505,1722225599999
1722225600000,2.3099,2.3294,2.2967,2.3231,146235.281793,1722232799999
1722232800000,2.3235,2.3587,2.2956,2.3424,504683.835073,1722239999999
1722240000000,2.3442,2.3642,2.3338,2.3457,161345.808126,1722247199999
1722247200000,2.3429,2.3449,2.3071,2.3247,142976.678013,1722254399999
1722254400000,2.3223,2.3565,2.3008,2.3075,160338.902987,1722261599999
1722261600000,2.3122,2.3122,2.2076,2.2237,635641.885288,1722268799999
1722268800000,2.2232,2.236,2.1778,2.2133,459840.875028,1722275999999
1722276000000,2.2135,2.2466,2.2116,2.2354,124084.574163,1722283199999
1722283200000,2.2354,2.2472,2.1784,2.1938,112972.359014,1722290399999
1722290400000,2.193,2.204,2.1023,2.1088,321760.480959,1722297599999
1722297600000,2.1162,2.168,2.1046,2.1408,80308.35382,1722304799999
1722304800000,2.1387,2.1685,2.1387,2.1673,118054.500537,1722311999999
1722312000000,2.161,2.1864,2.16,2.1746,61797.67024,1722319199999
1722319200000,2.1763,2.2084,2.1757,2.2005,108512.35257,1722326399999
1722326400000,2.1996,2.2068,2.1614,2.1682,130271.860378,1722333599999
1722333600000,2.1713,2.1855,2.1556,2.1578,146650.560103,1722340799999
1722340800000,2.1578,2.1807,2.1322,2.1346,206425.109177,1722347999999
1722348000000,2.1361,2.1875,2.1306,2.1743,290006.275709,1722355199999
1722355200000,2.1731,2.1731,2.1123,2.1144,173611.551235,1722362399999
1722362400000,2.1136,2.1361,2.089,2.1154,141196.587579,1722369599999
1722369600000,2.1147,2.1431,2.0829,2.1187,161650.612824,1722376799999
1722376800000,2.1185,2.1209,2.1027,2.1177,53795.218604,1722383999999
1722384000000,2.1156,2.1504,2.0946,2.1504,22650.454125,1722391199999
1722391200000,2.1524,2.1581,2.1298,2.1368,31349.464041,1722398399999
1722398400000,2.1353,2.1455,2.0864,2.1415,53044.733721,1722405599999
1722405600000,2.141,2.1563,2.1338,2.1338,68404.002538,1722412799999
1722412800000,2.134,2.1408,2.1193,2.1245,47184.530983,1722419999999
1722420000000,2.1256,2.1256,2.091,2.1119,103826.78754,1722427199999
1722427200000,2.1116,2.1693,2.1093,2.1487,157151.774314,1722434399999
1722434400000,2.1503,2.1672,2.1113,2.1113,150569.629364,1722441599999
1722441600000,2.1113,2.1564,2.1047,2.1422,88498.061882,1722448799999
1722448800000,2.1469,2.1536,2.029,2.0372,428167.253669,1722455999999
1722456000000,2.0384,2.0453,1.9803,2.0273,447846.318073,1722463199999
1722463200000,2.024,2.0319,1.9908,2.0123,127391.667128,1722470399999
1722470400000,2.0093,2.0269,1.9725,1.9995,63731.471439,1722477599999
1722477600000,2.002,2.002,1.9227,1.926,132006.03033,1722484799999
1722484800000,1.9274,1.9443,1.8491,1.8844,478637.84681,1722491999999
1722492000000,1.8862,1.8862,1.8323,1.859,479586.577027,1722499199999
1722499200000,1.8589,1.8796,1.8521,1.863,288699.699671,1722506399999
1722506400000,1.865,1.8721,1.8043,1.8388,300145.11327,1722513599999
1722513600000,1.8409,1.8931,1.837,1.8572,306655.486658,1722520799999
1722520800000,1.857,1.857,1.7647,1.7858,676843.791742,1722527999999
1722528000000,1.7854,1.7935,1.7255,1.7479,469195.23279,1722535199999
1722535200000,1.7463,1.7506,1.6884,1.7429,568951.791175,1722542399999
1722542400000,1.7414,1.8465,1.7261,1.8118,731275.181796,1722549599999
1722549600000,1.8129,1.857,1.8059,1.8165,213915.818435,1722556799999
1722556800000,1.818,1.8456,1.771,1.7799,183087.607592,1722563999999
1722564000000,1.7809,1.8051,1.7477,1.7912,65665.834046,1722571199999
1722571200000,1.7907,1.7909,1.7248,1.7272,104813.555141,1722578399999
1722578400000,1.7255,1.7502,1.6964,1.7301,228300.557639,1722585599999
1722585600000,1.7292,1.7731,1.7173,1.7641,207077.049091,1722592799999
1722592800000,1.7651,1.7745,1.7459,1.7481,161404.044605,1722599999999
1722600000000,1.7502,1.7954,1.7325,1.7697,365513.850884,1722607199999
1722607200000,1.7619,1.7724,1.6125,1.68,846961.012291,1722614399999
1722614400000,1.6767,1.7152,1.6637,1.688,504671.408154,1722621599999
1722621600000,1.6873,1.6965,1.63,1.6372,262012.850789,1722628799999
1722628800000,1.6387,1.6772,1.5595,1.5595,780763.48229,1722635999999
1722636000000,1.5607,1.5658,1.5072,1.5225,583801.979392,1722643199999
1722643200000,1.5243,1.5454,1.4678,1.5407,257576.597417,1722650399999
1722650400000,1.5383,1.5528,1.5142,1.5512,147308.428203,1722657599999
1722657600000,1.55,1.55,1.5331,1.5434,191974.892026,1722664799999
1722664800000,1.5422,1.5788,1.5395,1.5497,414173.757834,1722671999999
1722672000000,1.5495,1.5667,1.541,1.5634,279231.997993,1722679199999
1722679200000,1.5624,1.576,1.5484,1.5675,267524.20849,1722686399999
1722686400000,1.5676,1.5948,1.5584,1.5691,373713.9504,1722693599999
1722693600000,1.5683,1.5812,1.5087,1.5169,326032.960659,1722700799999
1722700800000,1.5132,1.5348,1.4332,1.4439,1074710.749947,1722707999999
1722708000000,1.4459,1.4591,1.4248,1.4248,436916.90885,1722715199999
1722715200000,1.4258,1.4854,1.412,1.4768,320769.756396,1722722399999
1722722400000,1.4767,1.4852,1.4635,1.4664,151852.160085,1722729599999
1722729600000,1.4642,1.4774,1.4436,1.4677,67612.498018,1722736799999
1722736800000,1.4664,1.5,1.4656,1.4721,75228.956689,1722743999999
1722744000000,1.4693,1.4709,1.4382,1.4429,120782.429883,1722751199999
1722751200000,1.4454,1.4503,1.4073,1.4096,172198.360729,1722758399999
1722758400000,1.4097,1.4572,1.3982,1.4485,249282.367185,1722765599999
1722765600000,1.4495,1.479,1.432,1.4658,210472.469927,1722772799999
1722772800000,1.4645,1.4937,1.4586,1.4695,239229.355697,1722779999999
1722780000000,1.471,1.4721,1.3748,1.3794,668537.010746,1722787199999
1722787200000,1.3814,1.3833,1.2402,1.2787,1613436.894289,1722794399999
1722794400000,1.2787,1.4154,1.2696,1.3912,981632.578459,1722801599999
1722801600000,1.3877,1.4131,1.3525,1.3568,445354.962964,1722808799999
1722808800000,1.3518,1.3758,1.3141,1.3224,153898.315018,1722815999999
1722816000000,1.317,1.347,1.1097,1.1924,699353.039047,1722823199999
1722823200000,1.1924,1.2102,1.1438,1.1685,353097.962594,1722830399999
1722830400000,1.1668,1.1961,1.0842,1.0962,1100711.457441,1722837599999
1722837600000,1.1008,1.1606,0.9779,1.1291,3145486.896114,1722844799999
1722844800000,1.1302,1.1325,1.0733,1.0949,1463328.588541,1722851999999
1722852000000,1.09,1.0942,0.98326,1.0257,1297483.124115,1722859199999
1722859200000,1.0258,1.1557,1.0194,1.1413,1945663.380522,1722866399999
1722866400000,1.1434,1.2422,1.1427,1.2057,2409484.23733,1722873599999
1722873600000,1.2092,1.2682,1.192,1.2142,1018264.82478,1722880799999
1722880800000,1.2099,1.2136,1.1584,1.1806,763130.168728,1722887999999
1722888000000,1.1828,1.2066,1.1608,1.1657,533568.706203,1722895199999
1722895200000,1.1652,1.2004,1.1532,1.1532,309623.267655,1722902399999
1722902400000,1.1511,1.2866,1.151,1.255,385081.288158,1722909599999
1722909600000,1.2501,1.271,1.2488,1.2578,154736.97632,1722916799999
1722916800000,1.2575,1.3243,1.244,1.3237,568783.235668,1722923999999
1722924000000,1.323,1.3369,1.2803,1.3119,1033911.387665,1722931199999
1722931200000,1.3054,1.31,1.2412,1.2711,873228.537527,1722938399999
1722938400000,1.2714,1.2808,1.2486,1.2651,263004.853036,1722945599999
1722945600000,1.2645,1.2845,1.2368,1.2575,519152.402927,1722952799999
1722952800000,1.2585,1.335,1.2585,1.3096,739989.861913,1722959999999
1722960000000,1.3127,1.3378,1.2978,1.3015,692069.20777,1722967199999
1722967200000,1.3015,1.3237,1.2859,1.3031,338098.242132,1722974399999
1722974400000,1.2999,1.3244,1.2885,1.3189,367203.818543,1722981599999
1722981600000,1.3196,1.351,1.2921,1.2975,471453.548519,1722988799999
1722988800000,1.294,1.3264,1.2573,1.3264,209557.682217,1722995999999
1722996000000,1.3266,1.4524,1.3216,1.4524,848528.059012,1723003199999
1723003200000,1.4414,1.5836,1.4331,1.568,998187.571405,1723010399999
1723010400000,1.5652,1.5819,1.515,1.5582,914452.425678,1723017599999
1723017600000,1.5584,1.63,1.5584,1.6,1221544.274718,1723024799999
1723024800000,1.6036,1.624,1.5651,1.5829,598447.998595,1723031999999
1723032000000,1.5814,1.6233,1.568,1.5913,607942.29151,1723039199999
1723039200000,1.5989,1.6097,1.4796,1.5065,1591505.094639,1723046399999
1723046400000,1.5064,1.5112,1.4486,1.4655,784181.820117,1723053599999
1723053600000,1.4647,1.4692,1.4169,1.4337,1297242.733986,1723060799999
1723060800000,1.4339,1.4958,1.428,1.4784,1123562.478824,1723067999999
1723068000000,1.4745,1.4921,1.4314,1.4712,337675.794047,1723075199999
1723075200000,1.4691,1.55,1.419,1.5411,255895.159244,1723082399999
1723082400000,1.5484,1.6195,1.542,1.542,372903.321004,1723089599999
1723089600000,1.5441,1.5524,1.5149,1.5313,298163.699049,1723096799999
1723096800000,1.5297,1.5724,1.5182,1.5316,440089.092084,1723103999999
1723104000000,1.5306,1.5556,1.5213,1.5468,325154.508982,1723111199999
1723111200000,1.5478,1.5741,1.5389,1.5546,222395.159868,1723118399999
1723118400000,1.5582,1.639,1.5244,1.5397,1111610.218679,1723125599999
1723125600000,1.537,1.623,1.5329,1.5774,869816.70685,1723132799999
1723132800000,1.58,1.6026,1.53,1.5315,586809.873372,1723139999999
1723140000000,1.5313,1.558,1.5282,1.5352,249657.759243,1723147199999
1723147200000,1.5371,1.6055,1.5338,1.6007,248823.126092,1723154399999
1723154400000,1.6046,1.782,1.5863,1.7517,1405363.904098,1723161599999
1723161600000,1.7512,1.792,1.6899,1.704,497247.649556,1723168799999
1723168800000,1.6995,1.7085,1.6716,1.6905,153915.717783,1723175999999
1723176000000,1.688,1.689,1.6323,1.6807,445175.285133,1723183199999
1723183200000,1.6803,1.7112,1.6615,1.6956,549479.013303,1723190399999
1723190400000,1.6964,1.7287,1.6846,1.6941,381712.082953,1723197599999
1723197600000,1.6994,1.709,1.6746,1.6941,246225.483778,1723204799999
1723204800000,1.6952,1.6959,1.6362,1.6811,620256.975253,1723211999999
1723212000000,1.6779,1.7208,1.6212,1.6223,587752.841295,1723219199999
1723219200000,1.6208,1.6723,1.6151,1.6556,300833.455359,1723226399999
1723226400000,1.655,1.666,1.638,1.6546,156884.349019,1723233599999
1723233600000,1.6533,1.6696,1.6204,1.6482,211001.565941,1723240799999
1723240800000,1.6465,1.68,1.6331,1.6693,227353.627561,1723247999999
1723248000000,1.6657,1.706,1.6435,1.6496,185251.313269,1723255199999
1723255200000,1.6493,1.659,1.6225,1.6336,77721.508378,1723262399999
1723262400000,1.6337,1.6539,1.6186,1.6456,108155.363796,1723269599999
1723269600000,1.6461,1.671,1.6392,1.6694,247878.927012,1723276799999
1723276800000,1.6646,1.6726,1.6498,1.6613,113774.697179,1723283999999
1723284000000,1.6621,1.6802,1.6582,1.6737,214597.805307,1723291199999
1723291200000,1.6713,1.6713,1.627,1.6273,347549.852432,1723298399999
1723298400000,1.6278,1.659,1.6257,1.6448,242468.752262,1723305599999
1723305600000,1.6403,1.6474,1.6262,1.6409,116838.876522,1723312799999
1723312800000,1.6388,1.652,1.6335,1.6452,83963.360397,1723319999999
1723320000000,1.647,1.6798,1.6438,1.6788,189849.874,1723327199999
1723327200000,1.6736,1.6977,1.6574,1.6618,244926.880328,1723334399999
1723334400000,1.658,1.677,1.6457,1.6759,76545.039007,1723341599999
1723341600000,1.6722,1.7322,1.6652,1.6963,228304.360384,1723348799999
1723348800000,1.696,1.7021,1.6678,1.69,109322.116957,1723355999999
1723356000000,1.6899,1.6953,1.6808,1.6895,115444.633344,1723363199999
1723363200000,1.6904,1.7175,1.6729,1.6872,381928.369438,1723370399999
1723370400000,1.6842,1.6966,1.645,1.653,379107.98933,1723377599999
1723377600000,1.6506,1.6529,1.6076,1.6282,513077.473813,1723384799999
1723384800000,1.6268,1.6268,1.5636,1.5689,432620.133548,1723391999999
1723392000000,1.5685,1.5928,1.5636,1.5849,210499.737481,1723399199999
1723399200000,1.5811,1.585,1.5324,1.5324,346832.247493,1723406399999
1723406400000,1.5332,1.5408,1.5031,1.5294,695529.39192,1723413599999
1723413600000,1.5293,1.5333,1.4894,1.4932,199073.475057,1723420799999
1723420800000,1.4916,1.5348,1.4877,1.5232,127371.628158,1723427999999
1723428000000,1.5152,1.5364,1.5118,1.5186,32145.623383,1723435199999
1723435200000,1.5199,1.5303,1.5051,1.5222,101068.755894,1723442399999
1723442400000,1.5235,1.5916,1.49,1.5758,532312.636466,1723449599999
1723449600000,1.576,1.6128,1.5589,1.5711,488849.135877,1723456799999
1723456800000,1.5705,1.6671,1.5611,1.6603,599682.537357,1723463999999
1723464000000,1.6606,1.6619,1.5579,1.5653,473727.604409,1723471199999
1723471200000,1.5637,1.6478,1.5431,1.6002,831856.653954,1723478399999
1723478400000,1.6,1.6136,1.5705,1.5711,231809.648934,1723485599999
1723485600000,1.5706,1.584,1.5366,1.556,474110.671383,1723492799999
1723492800000,1.5562,1.5763,1.5291,1.551,463121.513958,1723499999999
1723500000000,1.5521,1.6027,1.5483,1.5791,187940.042654,1723507199999
1723507200000,1.5742,1.6,1.5605,1.563,87921.449225,1723514399999
1723514400000,1.5589,1.5589,1.5111,1.5153,233998.419323,1723521599999
1723521600000,1.5161,1.5428,1.5041,1.5352,228986.127013,1723528799999
1723528800000,1.5365,1.552,1.5236,1.5289,176197.925243,1723535999999
1723536000000,1.5302,1.5345,1.5088,1.5201,172682.737049,1723543199999
1723543200000,1.5205,1.5334,1.506,1.519,136393.874603,1723550399999
1723550400000,1.5207,1.5431,1.5088,1.539,289795.01182,1723557599999
1723557600000,1.5389,1.547,1.5082,1.5156,187701.711739,1723564799999
1723564800000,1.5185,1.5933,1.5185,1.5809,492187.117091,1723571999999
1723572000000,1.5784,1.58,1.519,1.5387,390570.427229,1723579199999
1723579200000,1.5387,1.5681,1.535,1.5644,223349.982428,1723586399999
1723586400000,1.5656,1.5663,1.5419,1.5489,50778.702203,1723593599999
1723593600000,1.5468,1.5601,1.5218,1.5248,45045.479468,1723600799999
1723600800000,1.5253,1.5437,1.522,1.5425,12833.442953,1723607999999
1723608000000,1.5357,1.5422,1.5221,1.5254,57442.942068,1723615199999
1723615200000,1.5209,1.5362,1.5143,1.5323,125512.696651,1723622399999
1723622400000,1.5304,1.5375,1.5146,1.5152,113252.372796,1723629599999
1723629600000,1.5149,1.551,1.5143,1.534,213812.244079,1723636799999
1723636800000,1.536,1.5893,1.4741,1.4805,998680.085623,1723643999999
1723644000000,1.4748,1.4833,1.4363,1.4623,816328.746245,1723651199999
1723651200000,1.4627,1.476,1.4227,1.4425,509221.896397,1723658399999
1723658400000,1.44,1.4465,1.4192,1.4269,279810.374943,1723665599999
1723665600000,1.4259,1.4486,1.4222,1.43,219043.968889,1723672799999
1723672800000,1.4276,1.4449,1.4185,1.4307,117276.226331,1723679999999
1723680000000,1.4322,1.4515,1.4307,1.435,87422.202289,1723687199999
1723687200000,1.4338,1.438,1.4242,1.4295,438622.841193,1723694399999
1723694400000,1.4312,1.4318,1.3926,1.398,278530.165927,1723701599999
1723701600000,1.398,1.4069,1.3754,1.3948,348929.059953,1723708799999
1723708800000,1.3931,1.4241,1.3857,1.4097,296582.669885,1723715999999
1723716000000,1.41,1.421,1.3925,1.4122,145294.120024,1723723199999
1723723200000,1.4138,1.4504,1.4079,1.4466,393643.326805,1723730399999
1723730400000,1.4475,1.4627,1.4177,1.4268,316355.665553,1723737599999
1723737600000,1.4264,1.4391,1.3404,1.3448,476187.237855,1723744799999
1723744800000,1.3448,1.3448,1.3074,1.341,683897.42376,1723751999999
1723752000000,1.3402,1.3405,1.3021,1.3272,417524.55142,1723759199999
1723759200000,1.3275,1.3612,1.3127,1.3481,175571.280602,1723766399999
1723766400000,1.3437,1.3514,1.3229,1.3297,38665.468922,1723773599999
1723773600000,1.3266,1.369,1.3265,1.337,246060.864977,1723780799999
1723780800000,1.3348,1.3488,1.3344,1.3433,57832.891276,1723787999999
1723788000000,1.3442,1.3668,1.3413,1.357,76249.340152,1723795199999
1723795200000,1.3575,1.3606,1.3391,1.3477,125337.650058,1723802399999
1723802400000,1.3475,1.3481,1.3077,1.311,282311.42594,1723809599999
1723809600000,1.3114,1.3216,1.2501,1.2842,799345.328373,1723816799999
1723816800000,1.2811,1.2845,1.2196,1.245,619720.01246,1723823999999
1723824000000,1.245,1.275,1.2249,1.2695,459103.315218,1723831199999
1723831200000,1.2713,1.2875,1.2615,1.2745,458369.008121,1723838399999
1723838400000,1.2755,1.2979,1.2743,1.2802,248234.42677,1723845599999
1723845600000,1.2776,1.2826,1.261,1.2639,67134.49795,1723852799999
1723852800000,1.2637,1.289,1.253,1.2812,88754.001821,1723859999999
1723860000000,1.2808,1.2919,1.2672,1.2756,60640.667172,1723867199999
1723867200000,1.2733,1.2835,1.2711,1.2757,67385.438754,1723874399999
1723874400000,1.2768,1.2831,1.26,1.2646,175345.581351,1723881599999
1723881600000,1.2644,1.2796,1.2542,1.2648,143627.435598,1723888799999
1723888800000,1.2653,1.2653,1.2362,1.2441,136446.132905,1723895999999
1723896000000,1.2422,1.325,1.2396,1.2976,372406.953087,1723903199999
1723903200000,1.3,1.312,1.2815,1.2849,304943.82959,1723910399999
1723910400000,1.2846,1.3073,1.283,1.2863,89845.952145,1723917599999
1723917600000,1.2833,1.2833,1.2646,1.2732,110607.426677,1723924799999
1723924800000,1.276,1.2928,1.2719,1.2928,140795.518378,1723931999999
1723932000000,1.295,1.3152,1.2829,1.2898,229439.339123,1723939199999
1723939200000,1.2897,1.3084,1.2795,1.2795,126721.422541,1723946399999
1723946400000,1.2806,1.3087,1.2695,1.2697,104136.083925,1723953599999
1723953600000,1.2707,1.2909,1.26,1.2753,83571.733025,1723960799999
1723960800000,1.2751,1.28,1.2592,1.2612,126447.50672,1723967999999
1723968000000,1.2616,1.2946,1.2611,1.2905,268604.393606,1723975199999
1723975200000,1.2925,1.31,1.2905,1.2986,374513.694822,1723982399999
1723982400000,1.2984,1.3126,1.2894,1.2914,331132.751744,1723989599999
1723989600000,1.2941,1.3135,1.2933,1.3089,229386.325152,1723996799999
1723996800000,1.308,1.3376,1.2907,1.295,498498.598398,1724003999999
1724004000000,1.2943,1.3269,1.29,1.3231,323103.763086,1724011199999
1724011200000,1.3237,1.3309,1.2994,1.3008,207928.973881,1724018399999
1724018400000,1.3046,1.3241,1.2591,1.2639,229084.424715,1724025599999
1724025600000,1.2629,1.2633,1.2242,1.2387,207694.162519,1724032799999
1724032800000,1.2358,1.259,1.222,1.2518,83195.303495,1724039999999
1724040000000,1.2537,1.2538,1.229,1.2334,186045.838796,1724047199999
1724047200000,1.233,1.2541,1.2274,1.2392,254063.385457,1724054399999
1724054400000,1.2388,1.256,1.2234,1.2236,223308.501395,1724061599999
1724061600000,1.2228,1.227,1.2025,1.2262,315533.606513,1724068799999
1724068800000,1.2251,1.266,1.2231,1.2307,333468.75208,1724075999999
1724076000000,1.2305,1.26,1.2239,1.2501,202253.144153,1724083199999
1724083200000,1.2485,1.2936,1.2377,1.2657,263319.489041,1724090399999
1724090400000,1.2643,1.2877,1.2515,1.2821,222641.43052,1724097599999
1724097600000,1.2807,1.2985,1.2752,1.2761,183035.630643,1724104799999
1724104800000,1.2762,1.3012,1.2758,1.2952,611417.19682,1724111999999
1724112000000,1.2953,1.3353,1.2777,1.3126,475450.543691,1724119199999
1724119200000,1.3096,1.3199,1.3012,1.3132,70537.735952,1724126399999
1724126400000,1.3141,1.4319,1.3123,1.4298,655735.240857,1724133599999
1724133600000,1.4298,1.4618,1.4051,1.4564,766004.980649,1724140799999
1724140800000,1.457,1.4604,1.4134,1.4383,367023.170916,1724147999999
1724148000000,1.4373,1.4447,1.4098,1.4212,344119.246791,1724155199999
1724155200000,1.4206,1.44,1.4031,1.4285,351538.424767,1724162399999
1724162400000,1.4283,1.4293,1.3598,1.3769,880683.289461,1724169599999
1724169600000,1.3768,1.3882,1.3629,1.3793,312079.670323,1724176799999
1724176800000,1.3765,1.3988,1.373,1.3909,186680.929384,1724183999999
1724184000000,1.3916,1.4044,1.3742,1.39,153929.974059,1724191199999
1724191200000,1.3871,1.41,1.3871,1.3975,43814.388945,1724198399999
1724198400000,1.3978,1.4175,1.3681,1.392,134072.471112,1724205599999
1724205600000,1.3948,1.4089,1.38,1.38,83425.079082,1724212799999
1724212800000,1.3812,1.3959,1.3757,1.3903,98309.568356,1724219999999
1724220000000,1.3905,1.416,1.388,1.4095,110634.209891,1724227199999
1724227200000,1.4049,1.4103,1.3695,1.3788,217895.288094,1724234399999
1724234400000,1.3789,1.386,1.3713,1.3728,45429.230465,1724241599999
1724241600000,1.3729,1.3748,1.3264,1.3662,241985.770601,1724248799999
1724248800000,1.367,1.3792,1.322,1.3348,379263.383976,1724255999999
1724256000000,1.3342,1.3791,1.3263,1.3634,190006.823321,1724263199999
1724263200000,1.3644,1.4333,1.3627,1.4331,470329.299274,1724270399999
1724270400000,1.4324,1.4432,1.4055,1.4145,378895.191707,1724277599999
1724277600000,1.4195,1.4261,1.392,1.3986,53315.725032,1724284799999
1724284800000,1.3988,1.4069,1.3943,1.4047,59630.926835,1724291999999
1724292000000,1.405,1.4059,1.3699,1.3949,96708.232083,1724299199999
1724299200000,1.3942,1.4406,1.3932,1.4221,139956.016326,1724306399999
1724306400000,1.4206,1.433,1.414,1.4298,73238.249404,1724313599999
1724313600000,1.4297,1.452,1.4209,1.4307,201543.905699,1724320799999
1724320800000,1.4318,1.4896,1.4259,1.4754,552183.374085,1724327999999
1724328000000,1.4751,1.4895,1.4451,1.4688,296488.763425,1724335199999
1724335200000,1.4668,1.4892,1.4431,1.4511,323737.190332,1724342399999
1724342400000,1.4501,1.4818,1.4499,1.4536,212235.55812,1724349599999
1724349600000,1.4543,1.4719,1.4457,1.4462,125031.154716,1724356799999
1724356800000,1.4472,1.47,1.4472,1.4608,114591.31855,1724363999999
1724364000000,1.4639,1.4639,1.4521,1.4564,40993.145313,1724371199999
1724371200000,1.4581,1.48,1.45,1.452,66298.630984,1724378399999
1724378400000,1.4603,1.4648,1.4437,1.4446,19473.658615,1724385599999
1724385600000,1.4448,1.4818,1.4434,1.4681,188037.675567,1724392799999
1724392800000,1.4657,1.4748,1.4537,1.4672,145279.723877,1724399999999
1724400000000,1.4648,1.4827,1.4561,1.4601,121646.241004,1724407199999
1724407200000,1.4582,1.4712,1.433,1.4332,326181.632204,1724414399999
1724414400000,1.4337,1.47,1.4337,1.4629,218166.023188,1724421599999
1724421600000,1.4667,1.538,1.435,1.4633,897500.849319,1724428799999
1724428800000,1.4641,1.5231,1.4569,1.519,399833.172744,1724435999999
1724436000000,1.5202,1.579,1.5158,1.567,1072340.562215,1724443199999
1724443200000,1.5688,1.6697,1.5688,1.6643,1227616.865207,1724450399999
1724450400000,1.6657,1.6838,1.6283,1.6434,843325.354027,1724457599999
1724457600000,1.6481,1.6517,1.5947,1.616,222911.776108,1724464799999
1724464800000,1.6163,1.6435,1.6152,1.6343,69136.953808,1724471999999
1724472000000,1.6378,1.6558,1.6313,1.648,182414.801432,1724479199999
1724479200000,1.6481,1.7094,1.6481,1.6886,399792.543757,1724486399999
1724486400000,1.688,1.6959,1.6709,1.6915,326767.705786,1724493599999
1724493600000,1.6905,1.7433,1.6807,1.7006,515985.444846,1724500799999
1724500800000,1.7021,1.7213,1.6872,1.7039,388710.449575,1724507999999
1724508000000,1.7022,1.7541,1.6917,1.7346,537647.204125,1724515199999
1724515200000,1.7315,1.8162,1.7304,1.7693,962472.402493,1724522399999
1724522400000,1.7656,1.7861,1.7518,1.7608,437205.472066,1724529599999
1724529600000,1.7617,1.7775,1.7017,1.7032,583054.942242,1724536799999
1724536800000,1.7074,1.7571,1.7074,1.756,299903.530303,1724543999999
1724544000000,1.7544,1.7587,1.6816,1.6986,140784.005609,1724551199999
1724551200000,1.6957,1.7229,1.6877,1.7229,149072.020662,1724558399999
1724558400000,1.7189,1.7364,1.697,1.7266,89915.789262,1724565599999
1724565600000,1.7258,1.7319,1.6432,1.6687,594666.888762,1724572799999
1724572800000,1.6675,1.7122,1.652,1.6979,222580.72754,1724579999999
1724580000000,1.6968,1.6983,1.6701,1.6799,128312.394853,1724587199999
1724587200000,1.6808,1.73,1.6808,1.7131,248312.844607,1724594399999
1724594400000,1.7128,1.7231,1.6836,1.6969,246797.332537,1724601599999
1724601600000,1.6947,1.7107,1.6884,1.7061,142948.799171,1724608799999
1724608800000,1.7052,1.7106,1.6969,1.7087,118984.661274,1724615999999
1724616000000,1.7076,1.7383,1.699,1.7291,205221.37372,1724623199999
1724623200000,1.7298,1.7382,1.696,1.7012,77347.134579,1724630399999
1724630400000,1.7075,1.7238,1.6594,1.6635,80755.182889,1724637599999
1724637600000,1.6652,1.6717,1.639,1.6717,127836.401691,1724644799999
1724644800000,1.671,1.6898,1.6532,1.6614,125107.705621,1724651999999
1724652000000,1.665,1.6671,1.6336,1.6626,278528.142786,1724659199999
1724659200000,1.6638,1.7025,1.6605,1.7025,117652.040621,1724666399999
1724666400000,1.7015,1.7433,1.6982,1.7122,400961.259282,1724673599999
1724673600000,1.7136,1.7267,1.6757,1.7069,293894.796613,1724680799999
1724680800000,1.7133,1.7251,1.6457,1.6536,322798.018586,1724687999999
1724688000000,1.6522,1.6677,1.6008,1.6112,367037.117828,1724695199999
1724695200000,1.61,1.6337,1.5934,1.6007,441598.687871,1724702399999
1724702400000,1.6036,1.6207,1.5821,1.6011,191603.772639,1724709599999
1724709600000,1.608,1.6081,1.5824,1.587,34927.160776,1724716799999
1724716800000,1.5871,1.6224,1.5871,1.6004,39153.571644,1724723999999
1724724000000,1.5985,1.6152,1.5905,1.6152,23836.165069,1724731199999
1724731200000,1.6168,1.6333,1.6075,1.6255,70780.407576,1724738399999
1724738400000,1.6217,1.6217,1.576,1.5887,208766.268837,1724745599999
1724745600000,1.59,1.595,1.5567,1.5609,154615.440164,1724752799999
1724752800000,1.558,1.5614,1.5269,1.5365,331944.965244,1724759999999
1724760000000,1.5364,1.5364,1.4853,1.5046,540442.245748,1724767199999
1724767200000,1.5025,1.5541,1.4889,1.5256,619744.530654,1724774399999
1724774400000,1.5261,1.5488,1.5109,1.5367,190928.45165,1724781599999
1724781600000,1.5358,1.5486,1.5082,1.5126,216954.158765,1724788799999
1724788800000,1.5067,1.5089,1.4362,1.4537,420434.597539,1724795999999
1724796000000,1.447,1.4498,1.3883,1.4087,1270795.16494,1724803199999
1724803200000,1.4095,1.4095,1.3627,1.3991,173396.828453,1724810399999
1724810400000,1.3992,1.4261,1.3797,1.42,105061.400411,1724817599999
1724817600000,1.4272,1.4321,1.4078,1.4099,169940.159135,1724824799999
1724824800000,1.4115,1.4318,1.3905,1.3943,414416.065713,1724831999999
1724832000000,1.3934,1.4906,1.382,1.4898,518900.082293,1724839199999
1724839200000,1.4869,1.4896,1.4373,1.4461,363914.745675,1724846399999
1724846400000,1.445,1.4677,1.4141,1.4184,377412.192369,1724853599999
1724853600000,1.4189,1.4388,1.3884,1.4028,395783.201322,1724860799999
1724860800000,1.3967,1.4048,1.3346,1.3786,879609.534466,1724867999999
1724868000000,1.3764,1.4541,1.374,1.4159,533216.535863,1724875199999
1724875200000,1.4183,1.4551,1.4134,1.4173,154538.232697,1724882399999
1724882400000,1.4177,1.4373,1.3959,1.4257,210030.990922,1724889599999
1724889600000,1.4239,1.4417,1.4159,1.4209,140791.220498,1724896799999
1724896800000,1.4172,1.4247,1.4072,1.4145,33674.077219,1724903999999
1724904000000,1.4147,1.4344,1.4069,1.4313,113526.920018,1724911199999
1724911200000,1.4298,1.4506,1.4218,1.4402,334147.089327,1724918399999
1724918400000,1.4387,1.4453,1.4256,1.4281,219471.592057,1724925599999
1724925600000,1.4336,1.4784,1.4336,1.4583,387444.779023,1724932799999
1724932800000,1.4558,1.4847,1.4458,1.4585,386021.827884,1724939999999
1724940000000,1.459,1.5251,1.4484,1.4955,743456.396351,1724947199999
1724947200000,1.4944,1.5202,1.4477,1.4607,264437.66114,1724954399999
1724954400000,1.4614,1.4614,1.3826,1.4027,635200.658893,1724961599999
1724961600000,1.4014,1.4148,1.39,1.3965,177004.022727,1724968799999
1724968800000,1.394,1.3955,1.3754,1.3906,73724.977073,1724975999999
1724976000000,1.3875,1.4115,1.381,1.3932,43973.467805,1724983199999
1724983200000,1.3954,1.3961,1.3822,1.3883,24086.558829,1724990399999
1724990400000,1.3852,1.4009,1.3789,1.3812,87518.362576,1724997599999
1724997600000,1.3829,1.4022,1.3644,1.3886,80666.038945,1725004799999
1725004800000,1.388,1.403,1.3875,1.3957,232279.638316,1725011999999
1725012000000,1.3978,1.4025,1.3784,1.3846,90664.083334,1725019199999
1725019200000,1.3841,1.4202,1.3737,1.3989,248054.593956,1725026399999
1725026400000,1.4006,1.4147,1.3035,1.3121,565941.014439,1725033599999
1725033600000,1.3122,1.3424,1.3015,1.3359,280422.938444,1725040799999
1725040800000,1.3356,1.4013,1.3356,1.3746,383902.448961,1725047999999
1725048000000,1.3768,1.3913,1.3744,1.3781,142714.968344,1725055199999
1725055200000,1.3853,1.4159,1.3848,1.4039,148758.453021,1725062399999
1725062400000,1.3982,1.4287,1.397,1.4081,69629.572234,1725069599999
1725069600000,1.4068,1.409,1.4012,1.4014,27061.228318,1725076799999
1725076800000,1.4023,1.4081,1.3887,1.3887,51144.772848,1725083999999
1725084000000,1.3878,1.3961,1.3826,1.3855,80986.913969,1725091199999
1725091200000,1.3893,1.3897,1.3582,1.3706,158100.794348,1725098399999
1725098400000,1.3696,1.3921,1.3692,1.3909,126184.058508,1725105599999
1725105600000,1.3891,1.4053,1.3757,1.3766,126318.380822,1725112799999
1725112800000,1.3748,1.3939,1.3743,1.384,69257.274554,1725119999999
1725120000000,1.3826,1.3841,1.3597,1.369,86002.029971,1725127199999
1725127200000,1.3652,1.3784,1.3604,1.3674,138746.804882,1725134399999
1725134400000,1.367,1.3849,1.36,1.3826,105039.903062,1725141599999
1725141600000,1.3813,1.3833,1.3715,1.3758,102026.304233,1725148799999
1725148800000,1.37,1.3818,1.3516,1.3534,35695.40846,1725155999999
1725156000000,1.3519,1.3697,1.3382,1.3646,101822.687838,1725163199999
1725163200000,1.3601,1.3649,1.3322,1.3345,86560.598896,1725170399999
1725170400000,1.3355,1.3578,1.3354,1.3525,126802.495221,1725177599999
1725177600000,1.3552,1.3552,1.3323,1.339,71237.686238,1725184799999
1725184800000,1.3369,1.3401,1.3222,1.3401,120462.986527,1725191999999
1725192000000,1.3423,1.3423,1.3,1.3166,266478.046218,1725199199999
1725199200000,1.3166,1.3516,1.2836,1.3405,346737.142355,1725206399999
1725206400000,1.342,1.3519,1.305,1.3089,139584.77794,1725213599999
1725213600000,1.3097,1.3585,1.3087,1.3426,170871.663108,1725220799999
1725220800000,1.3434,1.3554,1.324,1.3336,66403.62992,1725227999999
1725228000000,1.3347,1.3347,1.2521,1.2679,228790.601588,1725235199999
1725235200000,1.2643,1.2899,1.2589,1.2865,60404.127371,1725242399999
1725242400000,1.2835,1.2953,1.2757,1.2858,45010.937278,1725249599999
1725249600000,1.2876,1.296,1.263,1.2848,329213.039725,1725256799999
1725256800000,1.286,1.2914,1.2526,1.2607,401331.89685,1725263999999
1725264000000,1.2621,1.3124,1.2566,1.3105,291160.911621,1725271199999
1725271200000,1.312,1.336,1.3093,1.3187,269005.821219,1725278399999
1725278400000,1.3192,1.3344,1.3075,1.3129,184638.302172,1725285599999
1725285600000,1.3144,1.3532,1.302,1.3331,412537.091665,1725292799999
1725292800000,1.3366,1.38,1.3236,1.3772,405961.191054,1725299999999
1725300000000,1.375,1.3895,1.348,1.3538,837754.820366,1725307199999
1725307200000,1.3542,1.4019,1.3477,1.3876,385048.451915,1725314399999
1725314400000,1.3879,1.4079,1.3819,1.3919,197093.018398,1725321599999
1725321600000,1.3885,1.4157,1.3813,1.4157,173777.782662,1725328799999
1725328800000,1.4095,1.4831,1.4075,1.4368,842385.66987,1725335999999
1725336000000,1.4408,1.4476,1.4179,1.439,231820.732076,1725343199999
1725343200000,1.4388,1.4445,1.4226,1.444,350797.204608,1725350399999
1725350400000,1.4433,1.45,1.4232,1.4374,313212.277133,1725357599999
1725357600000,1.4371,1.445,1.4269,1.4421,172371.178734,1725364799999
1725364800000,1.4419,1.46,1.3895,1.3922,365679.707977,1725371999999
1725372000000,1.3883,1.3972,1.3543,1.3612,489986.636892,1725379199999
1725379200000,1.3608,1.376,1.3468,1.3683,181284.903695,1725386399999
1725386400000,1.3642,1.4068,1.3586,1.3759,225794.840512,1725393599999
1725393600000,1.3756,1.386,1.3673,1.3742,84132.686281,1725400799999
1725400800000,1.3735,1.3774,1.3497,1.35,67776.167042,1725407999999
1725408000000,1.3512,1.3653,1.2849,1.3352,213222.68132,1725415199999
1725415200000,1.3372,1.3731,1.3259,1.3656,167097.148372,1725422399999
1725422400000,1.3661,1.3705,1.3423,1.3488,203669.612409,1725429599999
1725429600000,1.3528,1.3952,1.3505,1.3795,207895.812708,1725436799999
1725436800000,1.3824,1.3864,1.3563,1.3566,175685.245485,1725443999999
1725444000000,1.3597,1.3598,1.3224,1.3407,283505.118835,1725451199999
1725451200000,1.3413,1.3749,1.3413,1.3658,515751.796385,1725458399999
1725458400000,1.3624,1.4539,1.3545,1.4415,1364702.997058,1725465599999
1725465600000,1.4402,1.4746,1.4302,1.4431,600123.421701,1725472799999
1725472800000,1.4456,1.4517,1.4262,1.4455,203701.506598,1725479999999
1725480000000,1.4464,1.457,1.4322,1.4531,96709.490952,1725487199999
1725487200000,1.4533,1.485,1.4526,1.4794,185671.397815,1725494399999
1725494400000,1.4731,1.4776,1.4465,1.4597,136936.519538,1725501599999
1725501600000,1.458,1.458,1.4076,1.4103,78304.464025,1725508799999
1725508800000,1.4064,1.4306,1.4061,1.423,118533.071314,1725515999999
1725516000000,1.4214,1.4502,1.4047,1.4433,186580.170799,1725523199999
1725523200000,1.4423,1.4491,1.424,1.4271,104373.018894,1725530399999
1725530400000,1.4291,1.4406,1.4207,1.4271,130348.94312,1725537599999
1725537600000,1.4265,1.4694,1.4123,1.46,267145.782877,1725544799999
1725544800000,1.4598,1.4694,1.3824,1.3983,733426.637102,1725551999999
1725552000000,1.3972,1.4083,1.3836,1.4021,199336.126163,1725559199999
1725559200000,1.4044,1.4044,1.357,1.3604,134066.97435,1725566399999
1725566400000,1.3585,1.3756,1.3536,1.3751,225758.666783,1725573599999
1725573600000,1.3761,1.3848,1.3622,1.378,36690.536948,1725580799999
1725580800000,1.3784,1.393,1.3688,1.3888,58596.940996,1725587999999
1725588000000,1.3878,1.4084,1.3878,1.393,39996.436334,1725595199999
1725595200000,1.3917,1.3952,1.366,1.3757,43339.345574,1725602399999
1725602400000,1.3785,1.3785,1.3407,1.3631,144394.135266,1725609599999
1725609600000,1.3637,1.38,1.3565,1.3729,150804.109626,1725616799999
1725616800000,1.374,1.3855,1.3701,1.3812,89428.663826,1725623999999
1725624000000,1.381,1.4432,1.3709,1.3991,584278.245066,1725631199999
1725631200000,1.3936,1.3936,1.35,1.3822,504000.822168,1725638399999
1725638400000,1.379,1.3814,1.3564,1.3622,267449.227122,1725645599999
1725645600000,1.36,1.36,1.3118,1.3277,287371.698873,1725652799999
1725652800000,1.3227,1.3364,1.264,1.3145,712457.574487,1725659999999
1725660000000,1.313,1.355,1.3035,1.3476,207019.321931,1725667199999
1725667200000,1.3437,1.381,1.3387,1.3428,234590.68117,1725674399999
1725674400000,1.3392,1.3543,1.3363,1.3463,17030.472101,1725681599999
1725681600000,1.3426,1.37,1.341,1.3602,52949.485411,1725688799999
1725688800000,1.3628,1.3684,1.3545,1.3592,161263.733973,1725695999999
1725696000000,1.3589,1.3699,1.3514,1.3552,412174.660288,1725703199999
1725703200000,1.3565,1.3681,1.3516,1.3565,342913.998897,1725710399999
1725710400000,1.3563,1.3722,1.3553,1.3616,438382.062589,1725717599999
1725717600000,1.361,1.3882,1.361,1.3819,264721.253021,1725724799999
1725724800000,1.3819,1.3827,1.33,1.3347,305935.439251,1725731999999
1725732000000,1.3315,1.3633,1.33,1.3583,377633.399921,1725739199999
1725739200000,1.3572,1.3579,1.335,1.335,235358.453899,1725746399999
1725746400000,1.3353,1.3389,1.3221,1.337,202660.354198,1725753599999
1725753600000,1.3329,1.3484,1.3299,1.3484,36899.477218,1725760799999
1725760800000,1.3485,1.3527,1.3424,1.3506,17000.48859,1725767999999
1725768000000,1.3529,1.3624,1.3507,1.3517,48028.656817,1725775199999
1725775200000,1.3539,1.3766,1.3489,1.3703,50880.003127,1725782399999
1725782400000,1.3692,1.396,1.3613,1.3758,258805.428394,1725789599999
1725789600000,1.3763,1.3916,1.3697,1.372,96073.626115,1725796799999
1725796800000,1.372,1.3754,1.351,1.3695,108760.278506,1725803999999
1725804000000,1.3664,1.3677,1.3463,1.3483,175981.889139,1725811199999
1725811200000,1.3459,1.3681,1.3389,1.3672,167370.649123,1725818399999
1725818400000,1.3665,1.37,1.3561,1.3593,119834.870403,1725825599999
1725825600000,1.3599,1.3861,1.3556,1.3813,116087.20884,1725832799999
1725832800000,1.3835,1.4362,1.3768,1.4174,372726.279453,1725839999999
1725840000000,1.4185,1.4349,1.4006,1.4187,205799.722967,1725847199999
1725847200000,1.4079,1.4079,1.3804,1.3877,75097.475661,1725854399999
1725854400000,1.3882,1.3891,1.3724,1.3739,73354.684432,1725861599999
1725861600000,1.3731,1.3951,1.3713,1.3921,135557.336247,1725868799999
1725868800000,1.396,1.42,1.3896,1.3896,274249.784163,1725875999999
1725876000000,1.3897,1.4053,1.3854,1.3948,69574.372946,1725883199999
1725883200000,1.395,1.4122,1.3845,1.4079,115806.101492,1725890399999
1725890400000,1.4095,1.4153,1.3731,1.4095,124009.322243,1725897599999
1725897600000,1.4106,1.4753,1.4106,1.4638,823962.397141,1725904799999
1725904800000,1.466,1.5297,1.4597,1.5253,789617.527506,1725911999999
1725912000000,1.5257,1.6,1.4949,1.5406,1436072.001214,1725919199999
1725919200000,1.5407,1.5451,1.5054,1.511,210403.281948,1725926399999
1725926400000,1.5147,1.5275,1.4981,1.507,72015.641506,1725933599999
1725933600000,1.5109,1.5152,1.4951,1.4954,43704.230358,1725940799999
1725940800000,1.4981,1.5323,1.4891,1.5323,178713.879429,1725947999999
1725948000000,1.529,1.557,1.5166,1.5429,287151.986622,1725955199999
1725955200000,1.5433,1.5557,1.5216,1.5253,386666.075434,1725962399999
1725962400000,1.5239,1.5288,1.513,1.5262,63913.813578,1725969599999
1725969600000,1.5234,1.5278,1.4978,1.5056,131946.080362,1725976799999
1725976800000,1.5026,1.521,1.4934,1.495,244198.351686,1725983999999
1725984000000,1.4965,1.507,1.4712,1.4985,239270.737685,1725991199999
1725991200000,1.5031,1.5224,1.4908,1.5136,282895.879324,1725998399999
1725998400000,1.5137,1.514,1.4944,1.4955,127347.780992,1726005599999
1726005600000,1.4986,1.5027,1.4931,1.4954,42159.896818,1726012799999
1726012800000,1.4969,1.4969,1.4456,1.4549,142730.763647,1726019999999
1726020000000,1.4553,1.4676,1.4518,1.4544,36414.034714,1726027199999
1726027200000,1.4516,1.453,1.4081,1.4184,188705.058783,1726034399999
1726034400000,1.4165,1.4358,1.4159,1.4241,244622.002834,1726041599999
1726041600000,1.4224,1.4226,1.4068,1.408,114871.075417,1726048799999
1726048800000,1.4077,1.4242,1.3883,1.4158,289834.100711,1726055999999
1726056000000,1.4152,1.4469,1.3795,1.3838,570763.362225,1726063199999
1726063200000,1.3802,1.4073,1.3622,1.3958,524836.756433,1726070399999
1726070400000,1.3938,1.4374,1.3938,1.4162,371460.555371,1726077599999
1726077600000,1.4164,1.4254,1.3921,1.4058,189737.915913,1726084799999
1726084800000,1.4035,1.4147,1.4035,1.4056,172403.909314,1726091999999
1726092000000,1.4031,1.4057,1.3963,1.3991,72347.704522,1726099199999
1726099200000,1.4003,1.4316,1.4003,1.4315,46586.278207,1726106399999
1726106400000,1.44,1.4507,1.4166,1.4168,148098.794347,1726113599999
1726113600000,1.416,1.4296,1.4127,1.4133,244970.369664,1726120799999
1726120800000,1.4098,1.4152,1.3981,1.4126,138411.468601,1726127999999
1726128000000,1.4123,1.4163,1.4,1.4048,174725.239326,1726135199999
1726135200000,1.4059,1.4105,1.3926,1.3991,146913.997059,1726142399999
1726142400000,1.3988,1.4137,1.379,1.4045,228576.152001,1726149599999
1726149600000,1.4062,1.4205,1.3735,1.3753,325304.339576,1726156799999
1726156800000,1.3755,1.393,1.375,1.3921,136631.541199,1726163999999
1726164000000,1.3917,1.4078,1.3807,1.4078,102189.565007,1726171199999
1726171200000,1.4066,1.408,1.3926,1.4002,133654.92324,1726178399999
1726178400000,1.4,1.4136,1.3964,1.4087,58413.369567,1726185599999
1726185600000,1.4093,1.4209,1.39,1.4093,127183.166112,1726192799999
1726192800000,1.4031,1.4031,1.3903,1.3917,31856.769241,1726199999999
1726200000000,1.3904,1.3989,1.3834,1.3974,70208.385807,1726207199999
1726207200000,1.3959,1.3959,1.3791,1.3863,41727.322776,1726214399999
1726214400000,1.3846,1.3888,1.3758,1.3839,86579.709694,1726221599999
1726221600000,1.3829,1.3968,1.378,1.378,66385.303566,1726228799999
1726228800000,1.3791,1.3823,1.3591,1.3733,126884.291588,1726235999999
1726236000000,1.3735,1.4553,1.3663,1.4367,739040.746375,1726243199999
1726243200000,1.4376,1.4602,1.4156,1.4423,544506.146354,1726250399999
1726250400000,1.443,1.4663,1.4392,1.4509,412785.825857,1726257599999
1726257600000,1.4525,1.4789,1.4525,1.4716,274504.823063,1726264799999
1726264800000,1.474,1.5021,1.472,1.4768,359238.136533,1726271999999
1726272000000,1.4805,1.4835,1.4619,1.4698,22778.225596,1726279199999
1726279200000,1.4711,1.4773,1.4655,1.4709,19473.134087,1726286399999
1726286400000,1.4733,1.484,1.4557,1.4558,72760.674376,1726293599999
1726293600000,1.4567,1.4626,1.4473,1.4519,139121.419407,1726300799999
1726300800000,1.4522,1.4549,1.439,1.4466,122534.877209,1726307999999
1726308000000,1.4465,1.4499,1.4177,1.4239,114372.227971,1726315199999
1726315200000,1.4228,1.4331,1.4221,1.4288,49635.495008,1726322399999
1726322400000,1.4295,1.4392,1.4238,1.4282,51358.456252,1726329599999
1726329600000,1.4262,1.4331,1.4151,1.418,47890.448127,1726336799999
1726336800000,1.4153,1.4159,1.4,1.408,139356.695217,1726343999999
1726344000000,1.4071,1.4186,1.405,1.4141,98277.546962,1726351199999
1726351200000,1.4138,1.4203,1.4116,1.4131,101612.714961,1726358399999
1726358400000,1.4119,1.4285,1.4119,1.4271,66646.900074,1726365599999
1726365600000,1.4281,1.439,1.4237,1.4286,25278.682163,1726372799999
1726372800000,1.4266,1.4319,1.4242,1.4265,20052.952384,1726379999999
1726380000000,1.4246,1.4401,1.4246,1.4401,42629.269294,1726387199999
1726387200000,1.4397,1.4402,1.4226,1.4226,68517.849679,1726394399999
1726394400000,1.4228,1.4239,1.4047,1.412,42482.286275,1726401599999
1726401600000,1.41,1.4311,1.4073,1.4227,50697.271544,1726408799999
1726408800000,1.424,1.4285,1.4076,1.4227,117646.572226,1726415999999
1726416000000,1.4223,1.4235,1.3796,1.3836,226108.547749,1726423199999
1726423200000,1.3821,1.4012,1.3821,1.3912,211438.007742,1726430399999
1726430400000,1.3899,1.3936,1.359,1.3661,201626.04248,1726437599999
1726437600000,1.3647,1.368,1.3411,1.3564,163884.673752,1726444799999
1726444800000,1.3553,1.3566,1.3339,1.3439,54970.383572,1726451999999
1726452000000,1.3426,1.3548,1.3285,1.3542,77562.195345,1726459199999
1726459200000,1.3542,1.3688,1.3498,1.3685,73320.219552,1726466399999
1726466400000,1.363,1.3684,1.3518,1.362,73623.232023,1726473599999
1726473600000,1.3602,1.3659,1.3394,1.3439,76972.58703,1726480799999
1726480800000,1.3443,1.3519,1.3358,1.3429,57411.863425,1726487999999
1726488000000,1.3424,1.351,1.3267,1.3423,137079.787793,1726495199999
1726495200000,1.3453,1.3458,1.3059,1.3414,150794.754383,1726502399999
1726502400000,1.336,1.3653,1.3212,1.3598,214987.631896,1726509599999
1726509600000,1.3598,1.3598,1.3383,1.3429,83535.448749,1726516799999
1726516800000,1.3448,1.3504,1.325,1.3431,30977.848581,1726523999999
1726524000000,1.3412,1.3614,1.3332,1.3558,53797.455776,1726531199999
1726531200000,1.3579,1.3626,1.3409,1.352,14644.904686,1726538399999
1726538400000,1.3555,1.3746,1.3513,1.3649,66699.779768,1726545599999
1726545600000,1.3639,1.3769,1.3639,1.3756,87568.892838,1726552799999
1726552800000,1.3732,1.3732,1.3536,1.3626,75452.457082,1726559999999
1726560000000,1.3672,1.3689,1.3524,1.3684,29685.490026,1726567199999
1726567200000,1.3661,1.3806,1.3661,1.3711,93673.478459,1726574399999
1726574400000,1.3701,1.3803,1.3573,1.3589,85721.339948,1726581599999
1726581600000,1.3588,1.422,1.3588,1.4001,455308.035767,1726588799999
1726588800000,1.4013,1.408,1.3679,1.377,246019.343748,1726595999999
1726596000000,1.3778,1.389,1.358,1.3689,164481.796021,1726603199999
1726603200000,1.3713,1.3846,1.3658,1.384,126347.509257,1726610399999
1726610400000,1.3848,1.3851,1.3685,1.3802,65946.176093,1726617599999
1726617600000,1.3802,1.3833,1.3594,1.3739,14355.562716,1726624799999
1726624800000,1.3778,1.402,1.3755,1.3962,81891.901747,1726631999999
1726632000000,1.393,1.3975,1.379,1.3826,24064.343545,1726639199999
1726639200000,1.3823,1.3864,1.3766,1.3805,17496.105789,1726646399999
1726646400000,1.3787,1.3787,1.3407,1.3412,70446.466845,1726653599999
1726653600000,1.3402,1.3571,1.3325,1.3501,195699.739217,1726660799999
1726660800000,1.3455,1.3576,1.328,1.3382,53922.80246,1726667999999
1726668000000,1.3353,1.3414,1.3159,1.3177,75200.424866,1726675199999
1726675200000,1.3163,1.3465,1.3016,1.3416,222199.435269,1726682399999
1726682400000,1.3395,1.3935,1.3373,1.3396,752053.127227,1726689599999
1726689600000,1.3403,1.3712,1.3288,1.3655,250379.172315,1726696799999
1726696800000,1.3636,1.46,1.3636,1.4548,600596.939516,1726703999999
1726704000000,1.4559,1.478,1.4389,1.4558,543199.650798,1726711199999
1726711200000,1.4529,1.5229,1.4425,1.508,394961.421865,1726718399999
1726718400000,1.5103,1.5258,1.485,1.5026,491067.882843,1726725599999
1726725600000,1.5068,1.55,1.4886,1.5395,633448.689786,1726732799999
1726732800000,1.54,1.5541,1.5148,1.5211,388780.252024,1726739999999
1726740000000,1.521,1.5563,1.5072,1.5527,301755.455747,1726747199999
1726747200000,1.5534,1.5798,1.544,1.5537,507382.879368,1726754399999
1726754400000,1.5524,1.5666,1.5399,1.5429,325539.254466,1726761599999
1726761600000,1.5457,1.5827,1.5455,1.5729,558640.642887,1726768799999
1726768800000,1.5737,1.629,1.5698,1.5744,477968.653081,1726775999999
1726776000000,1.5797,1.5917,1.5461,1.5473,210191.248712,1726783199999
1726783200000,1.547,1.587,1.5424,1.587,143230.826902,1726790399999
1726790400000,1.5876,1.5974,1.5471,1.5673,35648.009675,1726797599999
1726797600000,1.575,1.6081,1.5595,1.6016,54416.27385,1726804799999
1726804800000,1.5982,1.67,1.5931,1.669,415843.886281,1726811999999
1726812000000,1.668,1.702,1.6477,1.6751,415942.960088,1726819199999
1726819200000,1.6717,1.6717,1.6135,1.6257,566578.028759,1726826399999
1726826400000,1.6279,1.6488,1.6013,1.6091,186329.740433,1726833599999
1726833600000,1.6101,1.6278,1.5785,1.5944,473415.997789,1726840799999
1726840800000,1.5925,1.6134,1.5756,1.6076,524121.296992,1726847999999
1726848000000,1.6025,1.6117,1.5662,1.5745,188082.90647,1726855199999
1726855200000,1.5757,1.5914,1.56,1.5835,97371.870907,1726862399999
1726862400000,1.5875,1.6056,1.5818,1.5958,107023.873588,1726869599999
1726869600000,1.597,1.6009,1.5862,1.5888,70343.797269,1726876799999
1726876800000,1.5941,1.5959,1.5549,1.5549,40006.417149,1726883999999
1726884000000,1.5515,1.5611,1.5387,1.539,29996.360031,1726891199999
1726891200000,1.5396,1.5422,1.4928,1.5154,270708.243127,1726898399999
1726898400000,1.5162,1.5464,1.5154,1.5455,154614.91404,1726905599999
1726905600000,1.5449,1.5484,1.5308,1.5412,142535.708778,1726912799999
1726912800000,1.5414,1.5414,1.5212,1.5295,55714.298834,1726919999999
1726920000000,1.5319,1.5604,1.5273,1.5588,64718.687529,1726927199999
1726927200000,1.5592,1.585,1.5541,1.5602,327388.332339,1726934399999
1726934400000,1.5628,1.5801,1.555,1.5734,79563.366495,1726941599999
1726941600000,1.574,1.5814,1.5621,1.564,60465.672826,1726948799999
1726948800000,1.5624,1.5648,1.554,1.5608,90604.486415,1726955999999
1726956000000,1.5636,1.5976,1.562,1.5913,89731.763343,1726963199999
1726963200000,1.5892,1.5939,1.5611,1.564,37758.167243,1726970399999
1726970400000,1.5668,1.5668,1.5428,1.5523,30899.270179,1726977599999
1726977600000,1.5521,1.5556,1.53,1.5309,35496.787124,1726984799999
1726984800000,1.5306,1.5445,1.5306,1.5423,41219.849214,1726991999999
1726992000000,1.5408,1.5522,1.525,1.5295,68875.260014,1726999199999
1726999200000,1.5288,1.5363,1.5032,1.5178,103186.511423,1727006399999
1727006400000,1.5197,1.5223,1.4911,1.4942,159879.345928,1727013599999
1727013600000,1.494,1.5046,1.4781,1.4887,109301.159121,1727020799999
1727020800000,1.4861,1.5171,1.4749,1.5156,118047.977487,1727027999999
1727028000000,1.5146,1.5146,1.4892,1.5067,42866.471976,1727035199999
1727035200000,1.5071,1.5147,1.4665,1.4665,71816.437512,1727042399999
1727042400000,1.4685,1.5384,1.456,1.5174,163629.705906,1727049599999
1727049600000,1.5181,1.5806,1.5043,1.5676,152124.750834,1727056799999
1727056800000,1.5685,1.6012,1.5451,1.585,117215.858943,1727063999999
1727064000000,1.59,1.5936,1.5542,1.5559,91458.080408,1727071199999
1727071200000,1.5541,1.5562,1.5264,1.5289,111416.821088,1727078399999
1727078400000,1.5312,1.5517,1.5183,1.5517,113250.955818,1727085599999
1727085600000,1.555,1.555,1.5182,1.5239,91003.971119,1727092799999
1727092800000,1.5257,1.5429,1.51,1.5271,119323.295343,1727099999999
1727100000000,1.5271,1.5683,1.5255,1.566,196248.039661,1727107199999
1727107200000,1.572,1.5794,1.5421,1.5608,266585.754843,1727114399999
1727114400000,1.564,1.5881,1.5609,1.5693,168483.028881,1727121599999
1727121600000,1.5687,1.5821,1.55,1.5804,150309.296836,1727128799999
1727128800000,1.5798,1.5841,1.5612,1.5669,41841.937243,1727135999999
1727136000000,1.5702,1.5913,1.5336,1.5475,136622.298905,1727143199999
1727143200000,1.5424,1.6111,1.5375,1.5913,121953.782519,1727150399999
1727150400000,1.6012,1.6017,1.5576,1.5847,74863.613737,1727157599999
1727157600000,1.5817,1.6488,1.5782,1.6453,474172.91993,1727164799999
1727164800000,1.6454,1.704,1.6405,1.674,1197738.39876,1727171999999
1727172000000,1.6747,1.73,1.6747,1.7242,450511.528361,1727179199999
1727179200000,1.7248,1.7598,1.7083,1.7374,955450.03088,1727186399999
1727186400000,1.7355,1.7447,1.6846,1.7218,819871.690019,1727193599999
1727193600000,1.724,1.828,1.7226,1.7997,758533.897201,1727200799999
1727200800000,1.8041,1.8145,1.7765,1.7898,425228.477066,1727207999999
1727208000000,1.7918,1.802,1.7664,1.775,360488.494466,1727215199999
1727215200000,1.7758,1.81,1.7758,1.7778,175808.129963,1727222399999
1727222400000,1.7783,1.8557,1.7552,1.8057,239335.402888,1727229599999
1727229600000,1.8064,1.8525,1.8005,1.8337,135674.034661,1727236799999
1727236800000,1.8316,1.8316,1.7744,1.7829,214233.23221,1727243999999
1727244000000,1.78,1.7916,1.7571,1.7586,219422.657613,1727251199999
1727251200000,1.7589,1.7884,1.7567,1.7638,168866.344202,1727258399999
1727258400000,1.7679,1.7896,1.7626,1.7856,114383.949567,1727265599999
1727265600000,1.7821,1.7838,1.7581,1.7807,83686.081099,1727272799999
1727272800000,1.7823,1.871,1.7814,1.8116,492896.961618,1727279999999
1727280000000,1.8078,1.8614,1.8016,1.8149,537810.057879,1727287199999
1727287200000,1.8179,1.9217,1.8136,1.8849,793952.822833,1727294399999
1727294400000,1.8823,1.9116,1.8501,1.8501,315097.413952,1727301599999
1727301600000,1.8534,1.861,1.8037,1.8147,164537.384743,1727308799999
1727308800000,1.8178,1.8355,1.7842,1.8166,170833.3821,1727315999999
1727316000000,1.8216,1.9028,1.8216,1.8853,188353.291373,1727323199999
1727323200000,1.8844,1.9416,1.8635,1.9295,361116.089168,1727330399999
1727330400000,1.9342,1.9636,1.9195,1.9525,319400.355733,1727337599999
1727337600000,1.9529,1.99,1.9463,1.9647,533226.758522,1727344799999
1727344800000,1.9651,2.0221,1.958,2.0025,640667.865083,1727351999999
1727352000000,2.0033,2.0116,1.9664,1.982,516221.419916,1727359199999
1727359200000,1.9887,2.0398,1.9647,2.0284,891390.566246,1727366399999
1727366400000,2.0314,2.0527,1.9648,1.9718,645709.568962,1727373599999
1727373600000,1.9715,1.9909,1.9608,1.9645,312369.361976,1727380799999
1727380800000,1.9635,1.973,1.9356,1.953,456124.07931,1727387999999
1727388000000,1.9529,1.9852,1.9447,1.9759,218639.143453,1727395199999
1727395200000,1.9753,2.0356,1.9734,1.9939,295175.730808,1727402399999
1727402400000,1.9972,2.0091,1.9577,2.0071,154700.060573,1727409599999
1727409600000,2.0069,2.095,2.0069,2.0902,519347.423453,1727416799999
1727416800000,2.0879,2.1136,2.0615,2.0849,696581.954162,1727423999999
1727424000000,2.084,2.18,2.0804,2.1386,744353.073022,1727431199999
1727431200000,2.1386,2.1418,2.0773,2.0975,437086.79589,1727438399999
1727438400000,2.0988,2.1187,2.063,2.0905,476731.786113,1727445599999
1727445600000,2.0894,2.1532,2.0792,2.0955,811764.875186,1727452799999
1727452800000,2.0948,2.1001,2.0,2.0398,616708.450066,1727459999999
1727460000000,2.0352,2.05,2.0244,2.0271,262795.008595,1727467199999
1727467200000,2.0276,2.0481,2.0247,2.0393,79294.938462,1727474399999
1727474400000,2.0371,2.0652,2.0266,2.0322,92703.147323,1727481599999
1727481600000,2.0327,2.0593,2.0327,2.0548,74392.724102,1727488799999
1727488800000,2.0571,2.1327,2.0551,2.096,191108.230362,1727495999999
1727496000000,2.0893,2.0908,2.0337,2.0347,160015.073342,1727503199999
1727503200000,2.0317,2.0332,1.9946,2.0006,405653.716855,1727510399999
1727510400000,2.0038,2.0365,1.9863,2.0357,334123.732167,1727517599999
1727517600000,2.0303,2.08,2.0234,2.0679,274760.452663,1727524799999
1727524800000,2.0638,2.0756,2.035,2.035,230478.737289,1727531999999
1727532000000,2.0356,2.0952,2.0356,2.0747,364081.235267,1727539199999
1727539200000,2.071,2.1056,2.0567,2.0754,575528.232177,1727546399999
1727546400000,2.0757,2.0999,2.0737,2.0812,385354.672428,1727553599999
1727553600000,2.08,2.085,2.0352,2.085,387735.759864,1727560799999
1727560800000,2.085,2.1261,2.0726,2.1217,311979.422082,1727567999999
1727568000000,2.1212,2.1247,2.0573,2.1143,164981.138834,1727575199999
1727575200000,2.1155,2.1569,2.1102,2.137,242569.840006,1727582399999
1727582400000,2.1368,2.1368,2.0728,2.0824,115667.586434,1727589599999
1727589600000,2.0866,2.1043,2.0474,2.0494,565157.681692,1727596799999
1727596800000,2.0509,2.0647,2.0236,2.025,406776.659284,1727603999999
1727604000000,2.0251,2.0552,2.0155,2.0495,166404.008856,1727611199999
1727611200000,2.0483,2.0672,2.0206,2.0556,125550.552093,1727618399999
1727618400000,2.058,2.0591,2.0218,2.0418,114234.123052,1727625599999
1727625600000,2.0385,2.093,2.0229,2.0712,209244.71669,1727632799999
1727632800000,2.0701,2.1949,2.0607,2.1948,671282.194724,1727639999999
1727640000000,2.1948,2.3085,2.1929,2.2169,1809428.63844,1727647199999
1727647200000,2.2162,2.2632,2.1816,2.1952,359543.989817,1727654399999
1727654400000,2.1972,2.2188,2.1534,2.1644,164790.875438,1727661599999
1727661600000,2.1624,2.2336,2.1302,2.2115,191651.004433,1727668799999
1727668800000,2.2085,2.216,2.161,2.2136,173252.25265,1727675999999
1727676000000,2.2132,2.227,2.157,2.159,420382.567438,1727683199999
1727683200000,2.1589,2.1601,2.0971,2.1052,423880.639242,1727690399999
1727690400000,2.1045,2.1343,2.0843,2.1308,293651.176801,1727697599999
1727697600000,2.1289,2.1958,2.1188,2.1628,467849.387361,1727704799999
1727704800000,2.1619,2.2239,2.1388,2.1388,544369.612971,1727711999999
1727712000000,2.1427,2.2591,2.1396,2.2451,689281.822288,1727719199999
1727719200000,2.2462,2.2478,2.1995,2.2316,349621.660142,1727726399999
1727726400000,2.2329,2.3684,2.1807,2.248,1769341.560137,1727733599999
1727733600000,2.2467,2.2528,2.1879,2.2206,283112.361546,1727740799999
1727740800000,2.2016,2.2707,2.1839,2.2473,120743.162908,1727747999999
1727748000000,2.239,2.277,2.2123,2.277,71015.503797,1727755199999
1727755200000,2.2726,2.3152,2.2579,2.2967,309213.784602,1727762399999
1727762400000,2.2939,2.3419,2.2847,2.319,428348.742081,1727769599999
1727769600000,2.3153,2.3334,2.2761,2.2979,281939.793314,1727776799999
1727776800000,2.2994,2.3384,2.2977,2.3066,267366.530966,1727783999999
1727784000000,2.3069,2.3338,2.2182,2.2443,653222.131119,1727791199999
1727791200000,2.2426,2.2537,2.0355,2.1678,2120606.631906,1727798399999
1727798400000,2.1656,2.2112,1.949,2.1392,2070536.041882,1727805599999
1727805600000,2.1379,2.1751,2.0459,2.0507,1162301.186295,1727812799999
1727812800000,2.0516,2.1113,1.999,2.093,942021.125135,1727819999999
1727820000000,2.0886,2.0886,2.023,2.0795,201313.789315,1727827199999
1727827200000,2.0779,2.1361,2.041,2.1149,277069.107092,1727834399999
1727834400000,2.1106,2.166,2.103,2.1214,246184.347808,1727841599999
1727841600000,2.1176,2.1673,2.102,2.1405,125922.152191,1727848799999
1727848800000,2.1394,2.2521,2.1286,2.2168,516162.375907,1727855999999
1727856000000,2.2166,2.2479,2.1446,2.1549,481545.718819,1727863199999
1727863200000,2.1504,2.161,2.0567,2.0571,385243.847531,1727870399999
1727870400000,2.0621,2.0702,1.9791,2.0614,642505.460107,1727877599999
1727877600000,2.0587,2.1056,2.0428,2.0568,349927.507096,1727884799999
1727884800000,2.0588,2.1079,2.0277,2.0521,309642.314609,1727891999999
1727892000000,2.0457,2.0491,1.902,1.9728,994280.375185,1727899199999
1727899200000,1.9707,2.0579,1.9451,2.0109,681302.100249,1727906399999
1727906400000,2.0099,2.0204,1.9903,1.9959,109193.946136,1727913599999
1727913600000,1.999,2.0734,1.9865,2.0469,908501.131996,1727920799999
1727920800000,2.0419,2.0767,2.0099,2.0347,147514.552558,1727927999999
1727928000000,2.034,2.034,1.9656,1.9707,115637.662147,1727935199999
1727942400000,1.9501,1.9596,1.816,1.9326,1187603.779642,1727949599999
1727949600000,1.9279,1.951,1.8872,1.8872,336923.388011,1727956799999
1727956800000,1.8883,1.9221,1.8579,1.9042,326814.383329,1727963999999
1727964000000,1.9072,1.9596,1.7915,1.8641,560462.785983,1727971199999
1727971200000,1.8669,1.8738,1.7858,1.8629,366858.302086,1727978399999
1727978400000,1.8625,1.8871,1.8319,1.8837,323697.051383,1727985599999
1727985600000,1.8844,1.8967,1.8149,1.8542,249034.774218,1727992799999
1727992800000,1.845,1.882,1.8279,1.8457,111950.531978,1727999999999
1728000000000,1.8499,1.924,1.818,1.8933,165415.991751,1728007199999
1728007200000,1.8879,1.8894,1.8246,1.8428,88899.324128,1728014399999
1728014400000,1.8403,1.9156,1.8373,1.9029,132268.560106,1728021599999
1728021600000,1.9046,1.9773,1.895,1.9502,318072.408305,1728028799999
1728028800000,1.9451,1.9921,1.9439,1.9544,382563.756721,1728035999999
1728036000000,1.9534,1.9881,1.929,1.984,249875.687605,1728043199999
1728043200000,1.99,2.0982,1.9469,2.0677,938935.860181,1728050399999
1728050400000,2.0698,2.0854,1.9953,2.0701,418003.98766,1728057599999
1728057600000,2.0677,2.1222,2.0512,2.106,472661.446726,1728064799999
1728064800000,2.1061,2.1337,2.0885,2.1161,321189.891357,1728071999999
1728072000000,2.1135,2.1538,2.1023,2.1156,300974.703385,1728079199999
1728079200000,2.1193,2.1233,2.08,2.0853,214418.349053,1728086399999
1728086400000,2.0879,2.1386,2.0879,2.1312,80858.829901,1728093599999
1728093600000,2.1297,2.1454,2.0829,2.0829,67692.384622,1728100799999
1728100800000,2.0915,2.1695,2.0708,2.1571,106095.346554,1728107999999
1728108000000,2.1548,2.1779,2.1239,2.1247,111797.208601,1728115199999
1728115200000,2.1246,2.1621,2.1238,2.1388,110780.219327,1728122399999
1728122400000,2.1348,2.1465,2.1085,2.1287,110464.643684,1728129599999
1728129600000,2.1282,2.15,2.0938,2.1,104826.172421,1728136799999
1728136800000,2.1013,2.1143,2.0401,2.0894,201163.239228,1728143999999
1728144000000,2.0879,2.0891,2.0616,2.0773,151974.557525,1728151199999
1728151200000,2.0774,2.0828,2.0312,2.0387,188949.877749,1728158399999
1728158400000,2.0353,2.0425,1.9934,2.0229,471675.883704,1728165599999
1728165600000,2.021,2.0517,2.02,2.0517,72123.689685,1728172799999
1728172800000,2.0487,2.0811,2.0338,2.0772,64204.681619,1728179999999
1728180000000,2.0799,2.0872,2.0409,2.0457,40582.77409,1728187199999
1728187200000,2.0473,2.0514,2.0188,2.0224,40417.194999,1728194399999
1728194400000,2.022,2.0439,2.022,2.0294,44688.725738,1728201599999
1728201600000,2.0301,2.08,2.021,2.0639,187980.545479,1728208799999
1728208800000,2.0615,2.0796,2.0507,2.072,94726.581488,1728215999999
1728216000000,2.072,2.1229,2.0629,2.1075,353775.668729,1728223199999
1728223200000,2.1069,2.2261,2.0999,2.1954,846156.632252,1728230399999
1728230400000,2.1959,2.23,2.1875,2.1912,301366.450533,1728237599999
1728237600000,2.1965,2.264,2.1925,2.2106,473997.687489,1728244799999
1728244800000,2.2132,2.2424,2.2023,2.2074,293698.735506,1728251999999
1728252000000,2.2112,2.3541,2.2105,2.3359,545038.137323,1728259199999
1728259200000,2.334,2.444,2.313,2.4411,406421.981943,1728266399999
1728266400000,2.4444,2.4587,2.4037,2.4324,229746.630094,1728273599999
1728273600000,2.4268,2.4272,2.3776,2.4126,413101.151141,1728280799999
1728280800000,2.4139,2.4931,2.4059,2.429,615781.645715,1728287999999
1728288000000,2.4291,2.4735,2.3967,2.4147,450757.874756,1728295199999
1728295200000,2.4106,2.4106,2.3585,2.3996,526424.696093,1728302399999
1728302400000,2.3986,2.4114,2.3392,2.3966,364359.509722,1728309599999
1728309600000,2.3984,2.5543,2.3979,2.4652,1136957.026289,1728316799999
1728316800000,2.4636,2.5316,2.4545,2.5029,566769.772939,1728323999999
1728324000000,2.5044,2.5071,2.4159,2.4546,449923.046341,1728331199999
1728331200000,2.4581,2.4649,2.3497,2.3799,516142.628724,1728338399999
1728338400000,2.3792,2.3921,2.3008,2.3015,308514.149027,1728345599999
1728345600000,2.3002,2.358,2.2935,2.3386,187871.316554,1728352799999
1728352800000,2.3426,2.3661,2.335,2.3519,69931.271386,1728359999999
1728360000000,2.3572,2.3652,2.2979,2.3272,286081.190606,1728367199999
1728367200000,2.3247,2.3293,2.2314,2.2385,377373.960393,1728374399999
1728374400000,2.2307,2.2675,2.2121,2.2628,331228.311546,1728381599999
1728381600000,2.2646,2.2931,2.2441,2.2814,198620.606841,1728388799999
1728388800000,2.2805,2.3069,2.2044,2.3064,389372.184391,1728395999999
1728396000000,2.3031,2.3229,2.2102,2.2539,383445.604761,1728403199999
1728403200000,2.2544,2.29,2.2355,2.264,229574.422357,1728410399999
1728410400000,2.2642,2.286,2.21,2.2459,223881.528107,1728417599999
1728417600000,2.2465,2.2737,2.2308,2.2627,135282.97784,1728424799999
1728424800000,2.2611,2.2636,2.2083,2.2397,112003.645,1728431999999
1728432000000,2.2384,2.3303,2.2264,2.3204,131976.733254,1728439199999
1728439200000,2.3184,2.3231,2.2456,2.2513,119663.251162,1728446399999
1728446400000,2.25,2.2914,2.2214,2.2853,158341.634168,1728453599999
1728453600000,2.2805,2.306,2.2517,2.2922,253659.890526,1728460799999
1728460800000,2.2912,2.3104,2.2658,2.284,160839.455052,1728467999999
1728468000000,2.2801,2.3115,2.2575,2.3005,213175.234705,1728475199999
1728475200000,2.3,2.3008,2.1462,2.1529,1005325.455435,1728482399999
1728482400000,2.1528,2.232,2.1271,2.2238,332632.235284,1728489599999
1728489600000,2.2233,2.2313,2.1451,2.1635,209092.043109,1728496799999
1728496800000,2.1628,2.175,2.1301,2.1448,405079.592939,1728503999999
1728504000000,2.1423,2.1533,2.1017,2.1443,331038.967301,1728511199999
1728511200000,2.1408,2.1408,2.1149,2.122,102505.64927,1728518399999
1728518400000,2.1241,2.1556,2.096,2.1341,83725.597263,1728525599999
1728525600000,2.1413,2.1529,2.1293,2.1415,19465.937763,1728532799999
1728532800000,2.1534,2.1736,2.1297,2.1617,94328.515344,1728539999999
1728540000000,2.1661,2.1832,2.1484,2.1484,250406.304924,1728547199999
1728547200000,2.1489,2.1781,2.03,2.0531,553064.338824,1728554399999
1728554400000,2.0511,2.224,2.049,2.2178,962807.232335,1728561599999
1728561600000,2.2208,2.2467,2.1195,2.1557,1161713.529066,1728568799999
1728568800000,2.1652,2.1673,2.067,2.1193,390348.590933,1728575999999
1728576000000,2.1148,2.142,2.0461,2.0653,274543.039207,1728583199999
1728583200000,2.0586,2.199,2.0541,2.1742,922520.691972,1728590399999
1728590400000,2.179,2.24,2.1739,2.24,418606.750638,1728597599999
1728597600000,2.2432,2.2449,2.2,2.2231,376634.562735,1728604799999
1728604800000,2.2266,2.2838,2.2112,2.2708,341219.002764,1728611999999
1728612000000,2.2685,2.3162,2.2488,2.2726,173376.689543,1728619199999
1728619200000,2.2768,2.3,2.2536,2.2892,295492.594835,1728626399999
1728626400000,2.2785,2.3575,2.2702,2.3056,486994.936169,1728633599999
1728633600000,2.3036,2.3165,2.2786,2.3,197048.612727,1728640799999
1728640800000,2.2983,2.3173,2.2631,2.3076,371562.865947,1728647999999
1728648000000,2.3075,2.3713,2.3003,2.3408,519741.221572,1728655199999
1728655200000,2.3369,2.4765,2.3369,2.4411,1247643.788512,1728662399999
1728662400000,2.442,2.546,2.4323,2.5414,741219.932806,1728669599999
1728669600000,2.5416,2.545,2.4949,2.5112,603816.738308,1728676799999
1728676800000,2.5105,2.573,2.4982,2.536,306665.106982,1728683999999
1728684000000,2.5352,2.5449,2.5028,2.5199,176405.752626,1728691199999
1728691200000,2.5161,2.5795,2.5155,2.538,93006.884869,1728698399999
1728698400000,2.5359,2.5383,2.4634,2.4668,109651.290728,1728705599999
1728705600000,2.4689,2.4817,2.4553,2.4663,93634.763134,1728712799999
1728712800000,2.4668,2.5009,2.4361,2.4678,197270.798276,1728719999999
1728720000000,2.464,2.4979,2.4588,2.4925,126497.070041,1728727199999
1728727200000,2.4919,2.5381,2.4789,2.4927,168477.478723,1728734399999
1728734400000,2.4916,2.5309,2.4629,2.5043,138173.874875,1728741599999
1728741600000,2.5032,2.5563,2.475,2.4895,218080.67885,1728748799999
1728748800000,2.49,2.528,2.4758,2.4849,318786.458113,1728755999999
1728756000000,2.4874,2.5014,2.4584,2.4863,291093.649904,1728763199999
1728763200000,2.4893,2.5125,2.4804,2.497,161508.77751,1728770399999
1728770400000,2.492,2.492,2.429,2.435,208373.127446,1728777599999
1728777600000,2.4307,2.5174,2.4307,2.4995,190209.107922,1728784799999
1728784800000,2.4994,2.55,2.4844,2.4887,128454.312459,1728791999999
1728792000000,2.4886,2.555,2.4883,2.5462,97257.610212,1728799199999
1728799200000,2.5422,2.58,2.492,2.5713,255401.598679,1728806399999
1728806400000,2.5697,2.6128,2.5458,2.56,535822.140474,1728813599999
1728813600000,2.5592,2.5652,2.4609,2.4659,297963.420976,1728820799999
1728820800000,2.4653,2.5029,2.4645,2.4813,125342.761546,1728827999999
1728828000000,2.4794,2.4794,2.4255,2.443,253635.233477,1728835199999
1728835200000,2.436,2.4978,2.4295,2.4361,217094.33258,1728842399999
1728842400000,2.436,2.4387,2.3729,2.3844,354396.849395,1728849599999
1728849600000,2.3829,2.47,2.3751,2.452,223978.450142,1728856799999
1728856800000,2.4509,2.4985,2.3932,2.4375,280801.051681,1728863999999
1728864000000,2.4392,2.4418,2.4029,2.4113,61359.99318,1728871199999
1728871200000,2.4,2.5813,2.3744,2.5722,538615.630118,1728878399999
1728878400000,2.5737,2.6028,2.5447,2.5615,592118.495567,1728885599999
1728885600000,2.5623,2.5823,2.5264,2.5713,382224.448341,1728892799999
1728892800000,2.5667,2.6426,2.5341,2.5973,362087.154913,1728899999999
1728900000000,2.602,2.6279,2.5833,2.6088,215339.265572,1728907199999
1728907200000,2.6081,2.6474,2.58,2.6241,270247.147772,1728914399999
1728914400000,2.6224,2.719,2.6224,2.7039,884781.335241,1728921599999
1728921600000,2.7005,2.7098,2.6019,2.6019,559036.07221,1728928799999
1728928800000,2.6035,2.6078,2.5536,2.5865,423057.74667,1728935999999
1728936000000,2.5873,2.6187,2.5463,2.5522,173623.666938,1728943199999
1728943200000,2.5558,2.6208,2.5553,2.5846,128550.757351,1728950399999
1728950400000,2.5909,2.6154,2.55,2.5657,57295.853889,1728957599999
1728957600000,2.5644,2.6077,2.5157,2.5178,119723.093861,1728964799999
1728964800000,2.5165,2.5456,2.4906,2.5076,224377.672552,1728971999999
1728972000000,2.5071,2.5287,2.4871,2.5002,290014.071122,1728979199999
1728979200000,2.4972,2.5156,2.48,2.492,118424.27349,1728986399999
1728986400000,2.4925,2.5146,2.3782,2.3985,433247.684005,1728993599999
1728993600000,2.3937,2.5648,2.3937,2.5521,504352.11765,1729000799999
1729000800000,2.5544,2.5891,2.3607,2.4518,1173249.701057,1729007999999
1729008000000,2.4501,2.5199,2.4414,2.4509,258366.97542,1729015199999
1729015200000,2.4459,2.4781,2.421,2.4359,142011.023706,1729022399999
1729022400000,2.4357,2.44,2.341,2.3679,305797.785517,1729029599999
1729029600000,2.3608,2.4309,2.3466,2.428,175969.513087,1729036799999
1729036800000,2.428,2.4405,2.3889,2.42,82767.796882,1729043999999
1729044000000,2.4227,2.4865,2.3879,2.3927,150005.300258,1729051199999
1729051200000,2.3896,2.4055,2.3602,2.3745,120096.071823,1729058399999
1729058400000,2.37,2.3872,2.2974,2.3198,328256.427829,1729065599999
1729065600000,2.3312,2.4264,2.3229,2.4077,368536.871869,1729072799999
1729072800000,2.4042,2.4477,2.3739,2.3844,227854.304326,1729079999999
1729080000000,2.3896,2.413,2.3427,2.3573,199580.293806,1729087199999
1729087200000,2.3546,2.4129,2.3189,2.3272,263428.066502,1729094399999
1729094400000,2.3344,2.3725,2.312,2.3568,194547.113062,1729101599999
1729101600000,2.3549,2.4031,2.3549,2.3912,215792.362468,1729108799999
1729108800000,2.3925,2.5083,2.3913,2.4438,420054.286873,1729115999999
1729116000000,2.443,2.4623,2.42,2.4249,65705.773958,1729123199999
1729123200000,2.4362,2.4513,2.4,2.4304,39068.59352,1729130399999
1729130400000,2.4301,2.4301,2.395,2.4275,14197.606685,1729137599999
1729137600000,2.4467,2.4467,2.3806,2.391,195301.182055,1729144799999
1729144800000,2.3883,2.412,2.32,2.352,217562.419157,1729151999999
1729152000000,2.3483,2.3838,2.3416,2.3601,132987.473583,1729159199999
1729159200000,2.3604,2.3664,2.3062,2.3177,190171.793412,1729166399999
1729166400000,2.3173,2.4133,2.3146,2.3683,267803.560195,1729173599999
1729173600000,2.3588,2.4042,2.3431,2.3849,145208.195665,1729180799999
1729180800000,2.3855,2.3928,2.2765,2.2851,371990.905251,1729187999999
1729188000000,2.2837,2.3021,2.2565,2.3017,157755.585782,1729195199999
1729195200000,2.3016,2.3811,2.3016,2.353,284190.552934,1729202399999
1729202400000,2.3539,2.3649,2.339,2.3427,45094.855576,1729209599999
1729209600000,2.3443,2.4496,2.3388,2.4258,134172.202741,1729216799999
1729216800000,2.4258,2.494,2.4177,2.465,133611.250652,1729223999999
1729224000000,2.4662,2.5106,2.4135,2.4251,163771.728509,1729231199999
1729231200000,2.4263,2.4588,2.4035,2.4219,195018.280294,1729238399999
1729238400000,2.42,2.4464,2.4048,2.4221,96775.195543,1729245599999
1729245600000,2.4209,2.4625,2.4141,2.4257,146458.188832,1729252799999
1729252800000,2.4282,2.4596,2.3992,2.4389,99235.41979,1729259999999
1729260000000,2.4464,2.4776,2.4153,2.4409,292708.277152,1729267199999
1729267200000,2.44,2.4785,2.4132,2.4453,214782.548228,1729274399999
1729274400000,2.4441,2.4707,2.431,2.431,103693.459532,1729281599999
1729281600000,2.4323,2.4462,2.4015,2.4092,201970.767428,1729288799999
1729288800000,2.4062,2.4512,2.3973,2.4465,64919.836375,1729295999999
1729296000000,2.4479,2.495,2.4348,2.4648,74427.742501,1729303199999
1729303200000,2.4634,2.5245,2.4588,2.47,120184.761814,1729310399999
1729310400000,2.471,2.4891,2.4411,2.4529,198160.570365,1729317599999
1729317600000,2.4493,2.4586,2.4351,2.4432,54715.361005,1729324799999
1729324800000,2.4484,2.4613,2.4308,2.4313,61114.749806,1729331999999
1729332000000,2.431,2.4466,2.4118,2.4149,263211.355397,1729339199999
1729339200000,2.4188,2.4338,2.4144,2.4146,93471.758267,1729346399999
1729346400000,2.4204,2.4401,2.417,2.4184,194420.044475,1729353599999
1729353600000,2.4182,2.4197,2.3883,2.3911,127305.626669,1729360799999
1729360800000,2.3918,2.4055,2.3702,2.377,25503.154461,1729367999999
1729368000000,2.3738,2.4117,2.3738,2.3869,48961.620813,1729375199999
1729375200000,2.3831,2.43,2.3748,2.4242,262710.20036,1729382399999
1729382400000,2.4262,2.462,2.4,2.4001,280082.285931,1729389599999
1729389600000,2.4046,2.4082,2.3629,2.3889,97240.361896,1729396799999
1729396800000,2.3896,2.4098,2.3806,2.383,48475.090481,1729403999999
1729404000000,2.38,2.4267,2.3741,2.407,34087.086665,1729411199999
1729411200000,2.4071,2.4336,2.3936,2.4291,81433.667724,1729418399999
1729418400000,2.4291,2.451,2.4236,2.4255,58253.688081,1729425599999
1729425600000,2.4256,2.4368,2.3758,2.398,98245.056926,1729432799999
1729432800000,2.3992,2.454,2.3992,2.4424,170976.311897,1729439999999
1729440000000,2.4392,2.455,2.4261,2.4447,43442.86091,1729447199999
1729447200000,2.4481,2.4891,2.4369,2.4494,191123.098911,1729454399999
1729454400000,2.4494,2.5016,2.4392,2.4689,124992.964701,1729461599999
1729461600000,2.4756,2.519,2.4621,2.4911,370305.008757,1729468799999
1729468800000,2.4898,2.5516,2.4855,2.4981,160589.117833,1729475999999
1729476000000,2.4971,2.5018,2.4479,2.4602,40490.011823,1729483199999
1729483200000,2.4589,2.5001,2.4306,2.462,132628.494068,1729490399999
1729490400000,2.4627,2.4989,2.44,2.4448,154510.210941,1729497599999
1729497600000,2.4513,2.4618,2.39,2.4004,266959.644917,1729504799999
1729504800000,2.403,2.4137,2.3808,2.3853,455751.638105,1729511999999
1729512000000,2.3859,2.3992,2.3052,2.3238,321249.578172,1729519199999
1729519200000,2.3184,2.3424,2.3167,2.3395,189747.331175,1729526399999
1729526400000,2.3322,2.3438,2.2943,2.3356,137595.539649,1729533599999
1729533600000,2.3295,2.351,2.31,2.3416,123023.75648,1729540799999
1729540800000,2.34,2.3534,2.3263,2.3376,112675.726383,1729547999999
1729548000000,2.3356,2.3399,2.3075,2.3106,51012.673692,1729555199999
1729555200000,2.3111,2.344,2.2825,2.3358,93106.239158,1729562399999
1729562400000,2.337,2.3431,2.3207,2.3307,25184.843447,1729569599999
1729569600000,2.3283,2.3466,2.3191,2.3454,24826.968361,1729576799999
1729576800000,2.3446,2.36,2.3287,2.3304,112989.633623,1729583999999
1729584000000,2.3287,2.337,2.2542,2.2758,289012.418289,1729591199999
1729591200000,2.2759,2.3034,2.26,2.2843,77597.19984,1729598399999
1729598400000,2.2838,2.2987,2.1937,2.218,263831.939032,1729605599999
1729605600000,2.2163,2.2609,2.2044,2.2489,229161.533617,1729612799999
1729612800000,2.2413,2.2485,2.2037,2.236,148506.45592,1729619999999
1729620000000,2.2358,2.2527,2.2307,2.245,70724.016526,1729627199999
1729627200000,2.2444,2.26,2.2388,2.2472,49334.36879,1729634399999
1729634400000,2.251,2.268,2.2383,2.2391,45057.200474,1729641599999
1729641600000,2.2495,2.2566,2.2309,2.2432,17645.911643,1729648799999
1729648800000,2.243,2.2474,2.2084,2.2276,34919.562235,1729655999999
1729656000000,2.2245,2.2363,2.2149,2.2248,21886.659586,1729663199999
1729663200000,2.2243,2.2548,2.2112,2.2259,90660.182186,1729670399999
1729670400000,2.2276,2.245,2.1804,2.2432,184189.448976,1729677599999
1729677600000,2.2444,2.2579,2.2243,2.2384,52876.083854,1729684799999
1729684800000,2.2407,2.2831,2.2359,2.2628,563832.553283,1729691999999
1729692000000,2.2618,2.2715,2.21,2.2319,373463.168617,1729699199999
1729699200000,2.2326,2.2687,2.21,2.2164,553401.980559,1729706399999
1729706400000,2.2184,2.3051,2.1622,2.29,529448.378264,1729713599999
1729713600000,2.2906,2.3667,2.2776,2.3195,559287.805716,1729720799999
1729720800000,2.3204,2.3356,2.3008,2.3258,74052.942957,1729727999999
1729728000000,2.325,2.3628,2.3182,2.3366,113617.280798,1729735199999
1729735200000,2.3358,2.4066,2.325,2.374,322283.037546,1729742399999
1729742400000,2.3738,2.3829,2.3549,2.3562,110344.255815,1729749599999
1729749600000,2.3633,2.3679,2.3187,2.3232,181089.219629,1729756799999
1729756800000,2.3182,2.3431,2.28,2.2959,572524.678717,1729763999999
1729764000000,2.2938,2.3273,2.2914,2.3222,131201.659851,1729771199999
1729771200000,2.3228,2.3988,2.3185,2.3722,325906.935744,1729778399999
1729778400000,2.375,2.375,2.3086,2.315,143864.844378,1729785599999
1729785600000,2.3205,2.3459,2.3126,2.3126,141421.085786,1729792799999
1729792800000,2.3112,2.3456,2.3112,2.3372,224076.787936,1729799999999
1729800000000,2.3408,2.3918,2.3207,2.3778,619088.962391,1729807199999
1729807200000,2.3782,2.4047,2.35,2.362,166123.232302,1729814399999
1729814400000,2.368,2.3721,2.2975,2.2975,82905.101946,1729821599999
1729821600000,2.3,2.3454,2.2745,2.3292,78374.883673,1729828799999
1729828800000,2.3303,2.3304,2.2797,2.3139,75201.464306,1729835999999
1729836000000,2.3319,2.3416,2.2797,2.2815,130335.738533,1729843199999
1729843200000,2.2817,2.37,2.2334,2.3696,442124.361711,1729850399999
1729850400000,2.3712,2.3933,2.357,2.3775,349237.701237,1729857599999
1729857600000,2.3775,2.3919,2.32,2.3457,186552.071455,1729864799999
1729864800000,2.3477,2.395,2.2297,2.2501,466751.632115,1729871999999
1729872000000,2.25,2.2808,2.218,2.2272,388766.777449,1729879199999
1729879200000,2.225,2.3292,2.2148,2.265,833389.63366,1729886399999
1729886400000,2.265,2.3167,2.2489,2.3161,236022.879114,1729893599999
1729893600000,2.3125,2.3129,2.07,2.1436,1201664.742721,1729900799999
1729900800000,2.1424,2.1601,2.1024,2.1064,306865.254339,1729907999999
1729908000000,2.1,2.1462,2.0808,2.1426,84340.090494,1729915199999
1729915200000,2.1408,2.1602,2.1273,2.1424,120583.551992,1729922399999
1729922400000,2.1436,2.1773,2.1365,2.1538,202544.985358,1729929599999
1729929600000,2.1568,2.2115,2.1553,2.2005,118851.670989,1729936799999
1729936800000,2.2016,2.2281,2.1972,2.2078,127693.03541,1729943999999
1729944000000,2.2063,2.2176,2.1709,2.173,72182.947693,1729951199999
1729951200000,2.174,2.1899,2.1474,2.1541,134172.744898,1729958399999
1729958400000,2.1557,2.1843,2.1412,2.1782,91257.14895,1729965599999
1729965600000,2.1778,2.2153,2.1754,2.1998,99877.421703,1729972799999
1729972800000,2.2008,2.2154,2.1834,2.1872,89320.929001,1729979999999
1729980000000,2.1889,2.1992,2.1828,2.1868,51146.352125,1729987199999
1729987200000,2.184,2.2166,2.1618,2.2146,83847.446202,1729994399999
1729994400000,2.2156,2.2262,2.1794,2.2045,81945.461644,1730001599999
1730001600000,2.2059,2.2205,2.1994,2.208,65340.679956,1730008799999
1730008800000,2.2094,2.2177,2.1961,2.2082,67173.18359,1730015999999
1730016000000,2.2086,2.2313,2.1971,2.2221,73271.134972,1730023199999
1730023200000,2.2217,2.2217,2.1995,2.1995,34090.493149,1730030399999
1730030400000,2.2032,2.257,2.2029,2.2395,159132.642762,1730037599999
1730037600000,2.2408,2.2666,2.2355,2.249,96257.121957,1730044799999
1730044800000,2.2509,2.26,2.2244,2.227,411998.328956,1730051999999
1730052000000,2.2285,2.2382,2.2191,2.2351,213200.306077,1730059199999
1730059200000,2.2362,2.3132,2.23,2.2945,195105.918865,1730066399999
1730066400000,2.2954,2.33,2.2933,2.3024,660233.765713,1730073599999
1730073600000,2.3058,2.3068,2.2702,2.2755,46463.090252,1730080799999
1730080800000,2.2888,2.294,2.2107,2.2163,435439.186903,1730087999999
1730088000000,2.211,2.2131,2.1723,2.2083,150533.659341,1730095199999
1730095200000,2.2073,2.2465,2.1814,2.2251,596076.939636,1730102399999
1730102400000,2.2223,2.2654,2.2204,2.2599,152978.925722,1730109599999
1730109600000,2.2577,2.2636,2.2229,2.2359,81982.598211,1730116799999
1730116800000,2.2356,2.245,2.1926,2.1926,153813.124645,1730123999999
1730124000000,2.1926,2.2032,2.111,2.1172,974642.173041,1730131199999
1730131200000,2.1149,2.1515,2.0779,2.1074,522868.996222,1730138399999
1730138400000,2.1115,2.1657,2.095,2.1463,949197.935447,1730145599999
1730145600000,2.1459,2.3086,2.1428,2.3073,682721.672016,1730152799999
1730152800000,2.3076,2.3466,2.27,2.2762,620332.426561,1730159999999
1730160000000,2.2768,2.35,2.2548,2.3385,213217.620521,1730167199999
1730167200000,2.3348,2.4138,2.3289,2.3671,275608.618076,1730174399999
1730174400000,2.3703,2.4061,2.3703,2.3978,179511.600076,1730181599999
1730181600000,2.3976,2.4262,2.3815,2.4084,177710.696058,1730188799999
1730188800000,2.4148,2.4656,2.4066,2.4578,290509.793207,1730195999999
1730196000000,2.4568,2.4579,2.4269,2.4369,164188.636791,1730203199999
1730203200000,2.4355,2.4425,2.4106,2.4236,134620.571865,1730210399999
1730210400000,2.4261,2.4468,2.4057,2.437,173858.536297,1730217599999
1730217600000,2.4353,2.4946,2.4194,2.4514,420099.676261,1730224799999
1730224800000,2.4527,2.4808,2.3974,2.4,464244.682752,1730231999999
1730232000000,2.4025,2.4143,2.3493,2.3738,457996.132105,1730239199999
1730239200000,2.3745,2.4175,2.3722,2.4122,66308.528174,1730246399999
1730246400000,2.4064,2.4064,2.3609,2.3839,72527.80862,1730253599999
1730253600000,2.3925,2.4655,2.3923,2.445,61820.030206,1730260799999
1730260800000,2.4376,2.4557,2.4312,2.4357,42336.134111,1730267999999
1730268000000,2.4336,2.4481,2.3885,2.3895,106715.586483,1730275199999
1730275200000,2.3926,2.4122,2.3745,2.3875,98426.249862,1730282399999
1730282400000,2.3847,2.3907,2.3416,2.3418,119757.713778,1730289599999
1730289600000,2.3418,2.3816,2.3267,2.3797,131642.511482,1730296799999
1730296800000,2.3818,2.4112,2.3248,2.3451,118088.046773,1730303999999
1730304000000,2.3405,2.3755,2.3332,2.3626,141795.872018,1730311199999
1730311200000,2.3653,2.3693,2.3486,2.3521,35175.573126,1730318399999
1730318400000,2.3717,2.4019,2.3419,2.3841,107734.898363,1730325599999
1730325600000,2.3718,2.397,2.3623,2.3762,48976.409681,1730332799999
1730332800000,2.3809,2.3902,2.3441,2.3679,35526.571352,1730339999999
1730340000000,2.3551,2.3832,2.3476,2.3515,22058.028944,1730347199999
1730347200000,2.3551,2.3793,2.3515,2.3739,31091.731992,1730354399999
1730354400000,2.3763,2.3907,2.3456,2.3857,37288.579099,1730361599999
1730361600000,2.3805,2.3805,2.3355,2.3528,56810.918203,1730368799999
1730368800000,2.3582,2.3792,2.3378,2.3711,64415.009676,1730375999999
1730376000000,2.375,2.38,2.3275,2.3443,258229.659275,1730383199999
1730383200000,2.3406,2.3406,2.2658,2.297,366315.202688,1730390399999
1730390400000,2.2958,2.2958,2.2402,2.2478,193067.989372,1730397599999
1730397600000,2.2465,2.2465,2.1705,2.1721,360786.170461,1730404799999
1730404800000,2.1748,2.2011,2.1596,2.1953,191034.082912,1730411999999
1730412000000,2.1907,2.2028,2.171,2.1873,140380.301717,1730419199999
1730419200000,2.1855,2.199,2.1498,2.1636,86368.601784,1730426399999
1730426400000,2.1601,2.1698,2.135,2.1485,41562.07781,1730433599999
1730433600000,2.1496,2.1591,2.1299,2.1345,53798.896913,1730440799999
1730440800000,2.1329,2.1392,2.0851,2.0974,284538.217442,1730447999999
1730448000000,2.0985,2.123,2.0959,2.1149,187295.713419,1730455199999
1730455200000,2.114,2.1556,2.1133,2.142,173804.069435,1730462399999
1730462400000,2.1452,2.2184,2.1276,2.2173,216066.690002,1730469599999
1730469600000,2.22,2.2421,2.0781,2.1035,379049.344202,1730476799999
1730476800000,2.1024,2.1431,2.0958,2.1145,168887.74224,1730483999999
1730484000000,2.1135,2.1135,2.0596,2.087,299408.331371,1730491199999
1730491200000,2.0863,2.1059,2.012,2.0399,230092.121372,1730498399999
1730498400000,2.0387,2.0628,2.0268,2.0293,169304.36707,1730505599999
1730505600000,2.0272,2.0726,2.0272,2.0524,75460.732832,1730512799999
1730512800000,2.0568,2.0719,2.047,2.047,26443.739252,1730519999999
1730520000000,2.0513,2.0625,2.0343,2.0541,79959.287633,1730527199999
1730527200000,2.0563,2.0585,2.0322,2.0426,140135.974754,1730534399999
1730534400000,2.0434,2.0522,2.015,2.0255,132677.027407,1730541599999
1730541600000,2.025,2.0378,2.0197,2.0256,136753.362562,1730548799999
1730548800000,2.0262,2.0389,1.9,1.983,378475.890241,1730555999999
1730556000000,1.9833,1.9983,1.9588,1.9655,127945.602748,1730563199999
1730563200000,1.9706,2.0112,1.9691,1.9845,119306.674865,1730570399999
1730570400000,1.9853,2.0069,1.9721,2.0011,41945.922809,1730577599999
1730577600000,2.0013,2.0317,2.0003,2.0126,65615.7311,1730584799999
1730584800000,2.0124,2.0221,1.9938,2.0098,31414.630007,1730591999999
1730592000000,2.0171,2.0171,1.9691,1.9691,39250.742537,1730599199999
1730599200000,1.972,1.9858,1.88,1.9036,195274.64471,1730606399999
1730606400000,1.9124,1.9532,1.9124,1.9231,24860.191249,1730613599999
1730613600000,1.9242,1.9599,1.9231,1.9323,78227.682205,1730620799999
1730620800000,1.9328,1.9379,1.9023,1.9037,56634.733685,1730627999999
1730628000000,1.9048,1.949,1.9048,1.9124,127863.722229,1730635199999
1730635200000,1.9155,1.9243,1.8584,1.8592,231276.335136,1730642399999
1730642400000,1.8595,1.8785,1.8131,1.8554,377502.977958,1730649599999
1730649600000,1.8503,1.8837,1.8318,1.8679,328687.575203,1730656799999
1730656800000,1.8714,1.888,1.8172,1.8834,195901.62686,1730663999999
1730664000000,1.882,1.9364,1.882,1.919,354394.293158,1730671199999
1730671200000,1.9238,1.9263,1.9007,1.9134,89711.897099,1730678399999
1730678400000,1.9138,1.9559,1.8749,1.9193,131210.991041,1730685599999
1730685600000,1.9166,1.9538,1.9044,1.9044,39445.33346,1730692799999
1730692800000,1.9045,1.9141,1.8653,1.8659,90630.999118,1730699999999
1730700000000,1.8637,1.9113,1.8636,1.8896,57606.909197,1730707199999
1730707200000,1.8981,1.9012,1.8575,1.8663,129207.557082,1730714399999
1730714400000,1.871,1.9169,1.871,1.8965,93040.991167,1730721599999
1730721600000,1.8959,1.9148,1.867,1.867,111963.297547,1730728799999
1730728800000,1.8648,1.8804,1.8334,1.8455,217757.352376,1730735999999
1730736000000,1.8438,1.8679,1.8134,1.8475,235877.673035,1730743199999
1730743200000,1.8493,1.8564,1.8273,1.8299,108467.870222,1730750399999
1730750400000,1.8279,1.8335,1.7273,1.7372,324305.196391,1730757599999
1730757600000,1.7298,1.791,1.7277,1.7665,158784.897751,1730764799999
1730764800000,1.77,1.827,1.7699,1.8166,100967.594131,1730771999999
1730772000000,1.8162,1.8211,1.7958,1.8192,37673.70518,1730779199999
1730779200000,1.8229,1.8902,1.8226,1.8902,63769.40885,1730786399999
1730786400000,1.8904,1.8904,1.8599,1.8817,90293.878462,1730793599999
1730793600000,1.8783,1.9063,1.8628,1.8775,116837.082673,1730800799999
1730800800000,1.8736,1.915,1.8645,1.9047,97007.233563,1730807999999
1730808000000,1.9039,1.928,1.8907,1.9271,162913.375501,1730815199999
1730815200000,1.9258,1.9962,1.9126,1.9609,682554.581098,1730822399999
1730822400000,1.9624,1.9956,1.95,1.95,136956.446958,1730829599999
1730829600000,1.951,1.9593,1.8903,1.9013,133571.96559,1730836799999
1730836800000,1.8986,1.9239,1.8891,1.8893,142489.644577,1730843999999
1730844000000,1.8999,1.9374,1.8903,1.9239,105121.852834,1730851199999
1730851200000,1.9257,2.06,1.9257,2.0317,527138.166609,1730858399999
1730858400000,2.0342,2.2651,2.0228,2.238,1078373.619177,1730865599999
1730865600000,2.2387,2.292,2.2,2.2841,860573.929465,1730872799999
1730872800000,2.2864,2.3412,2.1861,2.1991,1249171.436033,1730879999999
1730880000000,2.2,2.2072,2.1,2.1668,1060073.400003,1730887199999
1730887200000,2.1694,2.2313,2.1561,2.2266,252149.066239,1730894399999
1730894400000,2.2267,2.2426,2.1938,2.2227,379118.550782,1730901599999
1730901600000,2.2209,2.2321,2.1479,2.149,268205.889246,1730908799999
1730908800000,2.1517,2.1831,2.1373,2.1624,214181.059531,1730915999999
1730916000000,2.16,2.2148,2.16,2.2083,419056.787263,1730923199999
1730923200000,2.2083,2.2465,2.1733,2.2374,660882.911622,1730930399999
1730930400000,2.239,2.2991,2.2203,2.2378,354600.216304,1730937599999
1730937600000,2.2435,2.3074,2.2242,2.2404,268398.589445,1730944799999
1730944800000,2.2407,2.2886,2.2241,2.2268,79205.259981,1730951999999
1730952000000,2.2392,2.2392,2.19,2.1953,127458.706868,1730959199999
1730959200000,2.195,2.1953,2.1428,2.1615,262128.702643,1730966399999
1730966400000,2.16,2.1842,2.156,2.1744,163993.838712,1730973599999
1730973600000,2.1732,2.1732,2.1455,2.1476,172115.122357,1730980799999
1730980800000,2.1541,2.1682,2.1161,2.1216,159878.361273,1730987999999
1730988000000,2.1223,2.1979,2.1212,2.1979,563326.925539,1730995199999
1730995200000,2.1973,2.2179,2.169,2.2049,267435.159524,1731002399999
1731002400000,2.2036,2.2282,2.1598,2.1995,881506.385916,1731009599999
1731009600000,2.2059,2.235,2.1741,2.208,295125.418332,1731016799999
1731016800000,2.2073,2.2116,2.1557,2.2057,189071.867506,1731023999999
1731024000000,2.2161,2.3254,2.2161,2.2475,528973.774321,1731031199999
1731031200000,2.2385,2.2455,2.1399,2.1653,214543.231002,1731038399999
1731038400000,2.1589,2.186,2.128,2.1727,182138.711905,1731045599999
1731045600000,2.1678,2.1735,2.1362,2.1641,270405.093647,1731052799999
1731052800000,2.1642,2.1832,2.1367,2.1812,247587.579512,1731059999999
1731060000000,2.1821,2.21,2.166,2.1823,266918.752294,1731067199999
1731067200000,2.181,2.2128,2.1712,2.2128,282996.183589,1731074399999
1731074400000,2.2125,2.226,2.1304,2.1547,455526.325539,1731081599999
1731081600000,2.1547,2.1768,2.0563,2.1358,723069.860424,1731088799999
1731088800000,2.1374,2.1812,2.136,2.1571,343670.696061,1731095999999
1731096000000,2.1553,2.1878,2.1147,2.1816,386303.042091,1731103199999
1731103200000,2.1795,2.1944,2.1569,2.1659,113409.156677,1731110399999
1731110400000,2.162,2.217,2.1551,2.1661,230939.107022,1731117599999
1731117600000,2.1652,2.1715,2.1151,2.1192,96658.641655,1731124799999
1731124800000,2.1247,2.1791,2.124,2.1791,121736.958548,1731131999999
1731132000000,2.1796,2.22,2.1726,2.1992,313546.875002,1731139199999
1731139200000,2.2038,2.3323,2.2038,2.2773,880950.562432,1731146399999
1731146400000,2.2784,2.3295,2.27,2.329,274869.296455,1731153599999
1731153600000,2.3265,2.372,2.28,2.28,486731.96298,1731160799999
1731160800000,2.2797,2.2798,2.2169,2.2641,370326.534686,1731167999999
1731168000000,2.2672,2.2685,2.21,2.2606,257697.716046,1731175199999
1731175200000,2.2628,2.2884,2.2524,2.2635,169776.783809,1731182399999
1731182400000,2.2535,2.302,2.2525,2.2816,91805.33157,1731189599999
1731189600000,2.2841,2.345,2.2841,2.3144,299311.728415,1731196799999
1731196800000,2.3197,2.3268,2.2816,2.3019,136453.499615,1731203999999
1731204000000,2.3069,2.3637,2.3051,2.3372,153884.553508,1731211199999
1731211200000,2.3331,2.4105,2.3255,2.3458,389069.002111,1731218399999
1731218400000,2.347,2.348,2.2888,2.3165,323652.169652,1731225599999
1731225600000,2.3218,2.397,2.318,2.3649,332893.840012,1731232799999
1731232800000,2.3681,2.4039,2.3223,2.4039,511074.311707,1731239999999
1731240000000,2.4027,2.5255,2.3321,2.4971,1589352.354465,1731247199999
1731247200000,2.4965,2.5833,2.4294,2.5105,921447.089061,1731254399999
1731254400000,2.516,2.5991,2.466,2.5473,736713.72818,1731261599999
1731261600000,2.5483,2.673,2.4791,2.5176,1038335.277094,1731268799999
1731268800000,2.5166,2.529,2.3309,2.4946,1247763.905516,1731275999999
1731276000000,2.4921,2.56,2.4665,2.5478,946652.905835,1731283199999
1731283200000,2.5498,2.6825,2.5381,2.6326,618978.792761,1731290399999
1731290400000,2.6232,2.9877,2.6168,2.8936,1307768.404868,1731297599999
1731297600000,2.8925,2.9228,2.7202,2.7695,600086.511361,1731304799999
1731304800000,2.7609,2.8472,2.7144,2.8114,381962.183143,1731311999999
1731312000000,2.8066,2.884,2.7862,2.8784,484368.270596,1731319199999
1731319200000,2.8787,2.9183,2.8284,2.8987,405095.730123,1731326399999
1731326400000,2.8964,2.9284,2.8034,2.8102,591870.260727,1731333599999
1731333600000,2.8101,2.88,2.7631,2.8502,686275.641131,1731340799999
1731340800000,2.8521,2.964,2.8274,2.9205,747173.867377,1731347999999
1731348000000,2.9215,2.96,2.8336,2.9076,838078.731503,1731355199999
1731355200000,2.9072,3.0083,2.843,2.8528,1499900.083655,1731362399999
1731362400000,2.8509,2.93,2.7798,2.9047,1114240.019283,1731369599999
1731369600000,2.9067,2.9086,2.7874,2.815,631047.185386,1731376799999
1731376800000,2.8141,2.8983,2.7657,2.8939,465446.795304,1731383999999
1731384000000,2.8931,3.08,2.8707,2.9675,633201.982902,1731391199999
1731391200000,2.9629,3.0441,2.9232,3.0129,695530.767048,1731398399999
1731398400000,3.011,3.069,2.84,2.84,907936.794248,1731405599999
1731405600000,2.8432,2.8699,2.5533,2.7815,2200709.075993,1731412799999
1731412800000,2.7816,2.8212,2.6354,2.7424,675331.826516,1731419999999
1731420000000,2.7429,2.7925,2.6944,2.7208,297896.604662,1731427199999
1731427200000,2.7322,2.781,2.6544,2.7358,240322.963236,1731434399999
1731434400000,2.735,2.9408,2.7345,2.8933,440872.822629,1731441599999
1731441600000,2.8927,2.9574,2.8672,2.936,342887.58492,1731448799999
1731448800000,2.9379,3.16,2.8812,3.0456,862184.321709,1731455999999
1731456000000,3.0461,3.0895,2.8971,2.9342,305613.822112,1731463199999
1731463200000,2.9295,2.9499,2.7911,2.7911,123752.680815,1731470399999
1731470400000,2.7949,2.8614,2.7,2.7538,283574.84312,1731477599999
1731477600000,2.7565,2.8309,2.7,2.8224,336173.171158,1731484799999
1731484800000,2.7957,2.85,2.7599,2.8233,231953.982009,1731491999999
1731492000000,2.8232,2.9,2.783,2.865,292740.83632,1731499199999
1731499200000,2.8542,3.0611,2.8093,3.0303,777763.375539,1731506399999
1731506400000,3.04,3.5985,3.0022,3.5977,3202091.869709,1731513599999
1731513600000,3.5946,3.6211,3.3931,3.4601,874946.740996,1731520799999
1731520800000,3.4693,4.5,3.4571,3.9715,2944236.72804401,1731527999999
1731528000000,3.9691,4.0391,3.651,3.8266,1161638.178493,1731535199999
1731535200000,3.8222,4.0167,3.75,3.931,723783.784003,1731542399999
1731542400000,3.9299,4.05,3.7094,4.0195,408106.876123,1731549599999
1731549600000,4.0196,4.023,3.747,3.8365,263065.419247,1731556799999
1731556800000,3.8202,4.0431,3.7897,4.0014,171684.49369,1731563999999
1731564000000,4.0042,4.089,3.7953,3.8336,414536.915053,1731571199999
1731571200000,3.8283,4.1324,3.8258,4.1036,468181.364631,1731578399999
1731578400000,4.1013,4.11,3.7317,3.8162,764122.632295,1731585599999
1731585600000,3.8122,3.9217,3.7089,3.8152,521312.996165,1731592799999
1731592800000,3.8142,3.9189,3.5786,3.7225,829202.754377,1731599999999
1731600000000,3.7278,3.8793,3.6767,3.8084,444457.18703,1731607199999
1731607200000,3.8044,3.87,3.757,3.8024,285139.04733,1731614399999
1731614400000,3.7991,3.9087,3.7044,3.72,409093.434807,1731621599999
1731621600000,3.7196,3.7443,3.362,3.404,640488.328248,1731628799999
1731628800000,3.4089,3.5099,3.2571,3.3771,302246.065681,1731635999999
1731636000000,3.3782,3.4095,3.3068,3.3623,294126.127947,1731643199999
1731643200000,3.3579,3.364,3.2019,3.3079,314813.027684,1731650399999
1731650400000,3.3122,3.4183,3.3122,3.3708,175169.173999,1731657599999
1731657600000,3.3768,3.5401,3.3432,3.5018,315724.298955,1731664799999
1731664800000,3.5003,3.5685,3.4542,3.4911,274137.434986,1731671999999
1731672000000,3.4813,3.5564,3.4328,3.4603,214021.152369,1731679199999
1731679200000,3.4499,3.4504,3.3011,3.3384,264412.818269,1731686399999
1731686400000,3.3438,3.5755,3.325,3.5747,394581.99718,1731693599999
1731693600000,3.5616,3.6144,3.4888,3.5793,329655.144556,1731700799999
1731700800000,3.5761,3.7178,3.5636,3.7178,346005.499548,1731707999999
1731708000000,3.72,3.7518,3.649,3.6846,231439.993432,1731715199999
1731715200000,3.6878,3.7308,3.606,3.6969,148495.980052,1731722399999
1731722400000,3.6937,3.6952,3.634,3.687,29460.660273,1731729599999
1731729600000,3.6977,3.7513,3.6188,3.6281,89528.079415,1731736799999
1731736800000,3.63,3.63,3.5264,3.5487,136619.78294,1731743999999
1731744000000,3.5469,3.5911,3.5066,3.5121,72030.306205,1731751199999
1731751200000,3.5131,3.5722,3.5074,3.5722,98854.353979,1731758399999
1731758400000,3.57,3.5945,3.509,3.5144,102401.748892,1731765599999
1731765600000,3.5155,3.5468,3.3924,3.4163,225523.374245,1731772799999
1731772800000,3.4134,3.4732,3.3849,3.4435,105924.569118,1731779999999
1731780000000,3.4415,3.4718,3.4262,3.4423,61867.583196,1731787199999
1731787200000,3.4403,3.4474,3.3843,3.439,68630.392625,1731794399999
1731794400000,3.4375,3.4708,3.3658,3.4051,83326.311709,1731801599999
1731801600000,3.4043,3.4774,3.2902,3.3134,105668.037796,1731808799999
1731808800000,3.308,3.308,3.1946,3.2509,167467.514626,1731815999999
1731816000000,3.2534,3.5895,3.2509,3.5433,227521.405882,1731823199999
1731823200000,3.5426,3.7122,3.5054,3.6431,276097.951433,1731830399999
1731830400000,3.6421,3.7184,3.5798,3.5984,336636.098033,1731837599999
1731837600000,3.5979,3.635,3.5327,3.535,178204.329885,1731844799999
1731844800000,3.5343,3.6156,3.5137,3.5939,91364.56291,1731851999999
1731852000000,3.5882,3.7077,3.5398,3.6395,206469.695265,1731859199999
1731859200000,3.6358,3.6909,3.557,3.6465,218950.822761,1731866399999
1731866400000,3.6457,3.6496,3.492,3.517,186785.255832,1731873599999
1731873600000,3.5178,3.5792,3.4043,3.4062,163201.645169,1731880799999
1731880800000,3.4031,3.4388,3.3523,3.4209,153339.854026,1731887999999
1731888000000,3.4234,3.4613,3.3666,3.4318,100888.421786,1731895199999
1731895200000,3.4311,3.4697,3.3763,3.4696,60880.255109,1731902399999
1731902400000,3.4677,3.4909,3.3879,3.4133,81624.63257,1731909599999
1731909600000,3.4202,3.4822,3.3878,3.4387,195462.399107,1731916799999
1731916800000,3.4387,3.5195,3.3973,3.4267,171216.563122,1731923999999
1731924000000,3.4225,3.508,3.3625,3.3742,208877.861932,1731931199999
1731931200000,3.3733,3.3842,3.2797,3.2799,229047.087549,1731938399999
1731938400000,3.2796,3.4202,3.2661,3.3753,438562.912245,1731945599999
1731945600000,3.3741,3.3755,3.2263,3.2472,403102.270219,1731952799999
1731952800000,3.2471,3.2814,3.1783,3.2,342222.156498,1731959999999
1731960000000,3.2028,3.3,3.1879,3.2487,304859.43559,1731967199999
1731967200000,3.2484,3.3054,3.225,3.2568,172703.769722,1731974399999
1731974400000,3.258,3.2929,3.2313,3.2589,82942.487117,1731981599999
1731981600000,3.2596,3.3307,3.1207,3.1448,141603.274847,1731988799999
1731988800000,3.1467,3.2296,3.1463,3.2022,165447.26366,1731995999999
1731996000000,3.2008,3.2417,3.19,3.2407,145920.28503,1732003199999
1732003200000,3.2379,3.28,3.2056,3.2135,213716.389098,1732010399999
1732010400000,3.2194,3.2637,3.2086,3.22,113763.725018,1732017599999
1732017600000,3.2184,3.34,3.2154,3.2347,379386.478015,1732024799999
1732024800000,3.2406,3.3087,3.1699,3.3019,444961.834954,1732031999999
1732032000000,3.3036,3.3337,3.2573,3.3282,305762.771433,1732039199999
1732039200000,3.3192,3.3638,3.2376,3.2538,426809.047317,1732046399999
1732046400000,3.25,3.2837,3.0458,3.111,494847.435514,1732053599999
1732053600000,3.1111,3.1266,3.0157,3.1047,299180.780756,1732060799999
1732060800000,3.1063,3.128,3.0689,3.0876,156730.161179,1732067999999
1732068000000,3.0869,3.1062,3.0243,3.1062,105326.748223,1732075199999
1732075200000,3.1065,3.1087,3.055,3.0971,66594.95777,1732082399999
1732082400000,3.0959,3.1817,3.0848,3.1667,161397.573494,1732089599999
1732089600000,3.168,3.1894,3.1455,3.1533,118824.166238,1732096799999
1732096800000,3.1523,3.1688,3.065,3.1033,203844.35152,1732103999999
1732104000000,3.1034,3.1085,3.0036,3.0716,386754.378849,1732111199999
1732111200000,3.0652,3.1731,3.0532,3.0681,409942.422025,1732118399999
1732118400000,3.0678,3.0991,2.9,2.9,527818.401227,1732125599999
1732125600000,2.9097,2.962,2.875,2.9047,305724.981784,1732132799999
1732132800000,2.9043,2.9872,2.8789,2.9281,161835.185757,1732139999999
1732140000000,2.9259,2.9666,2.868,2.8843,81683.948051,1732147199999
1732147200000,2.8858,3.014,2.8759,2.9697,113793.53796,1732154399999
1732154400000,2.9681,2.984,2.822,2.9127,267755.118089,1732161599999
1732161600000,2.9163,3.0695,2.888,3.0479,294346.100253,1732168799999
1732168800000,3.0474,3.0493,2.9717,3.0317,152517.40345,1732175999999
1732176000000,3.0267,3.0354,2.9195,2.9304,145790.135769,1732183199999
1732183200000,2.937,2.9668,2.8814,2.942,218494.000501,1732190399999
1732190400000,2.9387,3.145,2.9329,3.11,568662.263286,1732197599999
1732197600000,3.1107,3.208,2.9984,3.0663,625754.957327,1732204799999
1732204800000,3.065,3.1801,3.0506,3.1396,268221.833317,1732211999999
1732212000000,3.1382,3.1538,3.0668,3.0988,267215.249499,1732219199999
1732219200000,3.1003,3.1298,3.0507,3.0621,181287.593714,1732226399999
1732226400000,3.0657,3.1189,3.0624,3.1081,105758.498746,1732233599999
1732233600000,3.1067,3.1091,2.9791,3.0177,182110.874003,1732240799999
1732240800000,3.0178,3.2033,3.012,3.2021,289230.49678,1732247999999
1732248000000,3.2012,3.2699,3.1901,3.2155,258226.90082,1732255199999
1732255200000,3.2142,3.2246,3.0799,3.093,207022.915956,1732262399999
1732262400000,3.0929,3.1745,3.0894,3.1531,375868.664939,1732269599999
1732269600000,3.1511,3.2026,3.0997,3.1995,204728.852143,1732276799999
1732276800000,3.2008,3.2195,3.009,3.0385,586455.133781,1732283999999
1732284000000,3.0339,3.0464,2.9764,3.0193,702855.58357,1732291199999
1732291200000,3.0195,3.0282,2.959,2.9768,371794.298531,1732298399999
1732298400000,2.9714,2.995,2.9146,2.9524,200310.502305,1732305599999
1732305600000,2.9506,3.1227,2.9417,3.099,180547.823893,1732312799999
1732312800000,3.0956,3.1157,3.014,3.0755,207297.198962,1732319999999
1732320000000,3.0754,3.1062,3.0391,3.0627,200912.599114,1732327199999
1732327200000,3.0526,3.0825,2.993,3.0814,55912.07708,1732334399999
1732334400000,3.0976,3.2349,3.0976,3.2176,551281.615464,1732341599999
1732341600000,3.222,3.2656,3.1905,3.2207,230801.456785,1732348799999
1732348800000,3.2213,3.3221,3.1918,3.2745,329218.069029,1732355999999
1732356000000,3.2741,3.3177,3.2255,3.2379,140582.225845,1732363199999
1732363200000,3.2439,3.4173,3.2306,3.3728,340379.718191,1732370399999
1732370400000,3.3677,3.3924,3.2821,3.2872,195499.923017,1732377599999
1732377600000,3.2916,3.3389,3.1039,3.1793,614461.287176,1732384799999
1732384800000,3.1804,3.1856,3.1102,3.1154,148025.67473,1732391999999
1732392000000,3.11,3.1886,3.0041,3.1619,193651.674335,1732399199999
1732399200000,3.163,3.2,3.1013,3.1206,49548.680364,1732406399999
1732406400000,3.11,3.309,3.101,3.2235,157185.344975,1732413599999
1732413600000,3.2214,3.2341,3.1881,3.2252,23295.673567,1732420799999
1732420800000,3.2181,3.2269,3.1246,3.1569,61804.238353,1732427999999
1732428000000,3.1639,3.1652,3.1196,3.1514,98443.796968,1732435199999
1732435200000,3.1504,3.154,3.0277,3.0724,224377.202244,1732442399999
1732442400000,3.0723,3.0754,2.9779,2.9997,242242.376207,1732449599999
1732449600000,2.9975,3.0234,2.8732,2.9827,395703.879295,1732456799999
1732456800000,2.9784,2.9875,2.9172,2.922,210740.741362,1732463999999
1732464000000,2.9194,2.9921,2.9068,2.9411,215552.943167,1732471199999
1732471200000,2.9373,2.9879,2.9352,2.9543,71344.693702,1732478399999
1732478400000,2.95,2.9956,2.9466,2.9856,118420.458361,1732485599999
1732485600000,2.9831,3.0633,2.9831,3.0211,120958.512511,1732492799999
1732492800000,3.024,3.035,2.9258,2.9902,136918.609515,1732499999999
1732500000000,2.993,3.051,2.9928,3.0301,36588.402015,1732507199999
1732507200000,3.0315,3.1019,3.0198,3.0693,62576.622143,1732514399999
1732514400000,3.0694,3.103,3.054,3.0959,90416.352733,1732521599999
1732521600000,3.0969,3.1492,3.087,3.1012,143768.233973,1732528799999
1732528800000,3.1018,3.1161,3.0611,3.0842,104005.327159,1732535999999
1732536000000,3.0864,3.4744,3.0629,3.1989,2075078.531223,1732543199999
1732543200000,3.1847,3.2817,3.02,3.1833,479338.493693,1732550399999
1732550400000,3.1784,3.2085,2.9913,3.04,275299.811207,1732557599999
1732557600000,3.0358,3.0859,3.0058,3.059,258736.918539,1732564799999
1732564800000,3.0585,3.1068,3.0006,3.0365,288200.940802,1732571999999
1732572000000,3.0331,3.048,2.9207,3.0427,550735.944304,1732579199999
1732579200000,3.0412,3.2,3.0083,3.1952,280183.941941,1732586399999
1732586400000,3.1884,3.225,3.1627,3.199,231602.640002,1732593599999
1732593600000,3.1936,3.2121,3.1653,3.1906,92479.697213,1732600799999
1732600800000,3.1919,3.2093,3.0712,3.0926,178393.263716,1732607999999
1732608000000,3.0911,3.0929,2.9493,2.9825,434856.748234,1732615199999
1732615200000,2.9816,2.9908,2.775,2.8696,725744.702557,1732622399999
1732622400000,2.8645,2.9041,2.8117,2.8444,288548.922525,1732629599999
1732629600000,2.845,2.9219,2.83,2.8319,521868.185038,1732636799999
1732636800000,2.8313,2.9294,2.8242,2.8947,220128.048264,1732643999999
1732644000000,2.8938,2.8965,2.7762,2.8232,326414.765485,1732651199999
1732651200000,2.821,2.8903,2.8114,2.8573,221096.360931,1732658399999
1732658400000,2.8559,2.8918,2.8505,2.8737,97391.190969,1732665599999
1732665600000,2.8711,2.8988,2.8229,2.89,60577.068021,1732672799999
1732672800000,2.8923,2.9277,2.858,2.8863,39183.162971,1732679999999
1732680000000,2.8945,2.9285,2.8675,2.8874,30057.775763,1732687199999
1732687200000,2.8904,2.9496,2.8861,2.9365,85973.15889,1732694399999
1732694400000,2.9371,2.9437,2.9,2.9094,104127.055509,1732701599999
1732701600000,2.9086,2.9517,2.8908,2.9059,144796.590979,1732708799999
1732708800000,2.9044,2.91,2.8457,2.9022,196893.807837,1732715999999
1732716000000,2.9085,3.0013,2.8903,2.9718,301979.097778,1732723199999
1732723200000,2.9718,2.9888,2.86,2.9581,197495.897578,1732730399999
1732730400000,2.9564,2.9714,2.9388,2.9556,76965.541314,1732737599999
1732737600000,2.9548,3.011,2.9528,2.9712,173339.232149,1732744799999
1732744800000,2.9714,2.9984,2.9324,2.9499,100156.050752,1732751999999
1732752000000,2.9517,3.013,2.9326,3.0108,90920.136386,1732759199999
1732759200000,3.0117,3.0483,2.9358,2.9839,65331.877128,1732766399999
1732766400000,2.98,2.9932,2.94,2.9584,17326.711277,1732773599999
1732773600000,2.9403,2.9588,2.9145,2.9339,73494.032719,1732780799999
1732780800000,2.9353,2.9675,2.9139,2.9244,94023.323254,1732787999999
1732788000000,2.9251,2.9403,2.882,2.9259,74510.405023,1732795199999
1732795200000,2.9199,2.9238,2.8728,2.9117,83826.361222,1732802399999
1732802400000,2.9124,2.9287,2.826,2.837,150023.151299,1732809599999
1732809600000,2.8384,2.9,2.8384,2.8797,95548.824063,1732816799999
1732816800000,2.878,2.9118,2.878,2.9033,52674.48131,1732823999999
1732824000000,2.9043,2.9068,2.8782,2.9042,45442.323261,1732831199999
1732831200000,2.9044,2.9374,2.9014,2.9138,300048.848932,1732838399999
1732838400000,2.9148,2.953,2.8911,2.953,37193.651579,1732845599999
1732845600000,2.9534,3.06,2.9534,3.0352,58766.16579,1732852799999
1732852800000,3.0368,3.0403,2.9851,3.0028,99852.110393,1732859999999
1732860000000,3.003,3.0122,2.9425,2.9427,72032.311318,1732867199999
1732867200000,2.9411,3.0161,2.9411,3.0127,233406.97081,1732874399999
1732874400000,3.0145,3.0412,2.9968,3.0307,150094.959983,1732881599999
1732881600000,3.0317,3.1036,3.0182,3.0857,308531.293244,1732888799999
1732888800000,3.0869,3.1365,3.0669,3.1021,345085.321976,1732895999999
1732896000000,3.1057,3.14,3.0819,3.107,200466.30843,1732903199999
1732903200000,3.1138,3.149,3.0916,3.1367,90602.683521,1732910399999
1732910400000,3.1362,3.1475,3.0983,3.1309,83218.011696,1732917599999
1732917600000,3.1306,3.1372,3.0984,3.1078,47520.921342,1732924799999
1732924800000,3.0998,3.1145,3.0537,3.063,44572.529909,1732931999999
1732932000000,3.0589,3.0779,3.0449,3.0713,9293.315799,1732939199999
1732939200000,3.0776,3.084,3.0472,3.0738,19964.87543,1732946399999
1732946400000,3.0791,3.1257,3.0454,3.1074,181395.068912,1732953599999
1732953600000,3.1051,3.1188,3.0544,3.0815,68862.966991,1732960799999
1732960800000,3.0792,3.0792,2.9832,3.019,196310.660224,1732967999999
1732968000000,3.0193,3.0647,3.0048,3.005,77223.19553,1732975199999
1732975200000,3.0174,3.0352,2.9888,3.0332,58651.587983,1732982399999
1732982400000,3.0316,3.0502,2.9995,3.0257,48207.013195,1732989599999
1732989600000,3.0255,3.0396,3.0141,3.0356,42883.480537,1732996799999
1732996800000,3.0336,3.0829,3.0332,3.0781,57976.059335,1733003999999
1733004000000,3.0775,3.0775,3.0038,3.0052,77925.115736,1733011199999
1733011200000,3.0029,3.0866,2.9925,3.0193,107874.122535,1733018399999
1733018400000,3.0274,3.0274,2.885,2.9232,222337.767414,1733025599999
1733025600000,2.9236,2.9611,2.905,2.9235,36986.791012,1733032799999
1733032800000,2.9226,2.9694,2.9182,2.963,44927.180723,1733039999999
1733040000000,2.9616,2.9954,2.9521,2.9954,93352.694963,1733047199999
1733047200000,2.9958,3.0358,2.9836,3.0016,68552.282898,1733054399999
1733054400000,3.0034,3.07,2.9894,3.0622,145623.561801,1733061599999
1733061600000,3.0635,3.1464,3.0292,3.1411,227137.7272,1733068799999
1733068800000,3.142,3.2197,3.0708,3.107,339131.614327,1733075999999
1733076000000,3.1096,3.1958,3.1047,3.1272,221173.049305,1733083199999
1733083200000,3.1251,3.163,3.0863,3.144,229266.971769,1733090399999
1733090400000,3.1457,3.268,3.1292,3.2596,333560.694911,1733097599999
1733097600000,3.2609,3.29,3.2002,3.2555,189341.956329,1733104799999
1733104800000,3.2484,3.2556,3.05,3.0699,156419.523624,1733111999999
1733112000000,3.0734,3.091,2.9932,3.0107,303731.884658,1733119199999
1733119200000,3.0103,3.0294,2.9612,2.9874,199949.593817,1733126399999
1733126400000,2.9802,2.9882,2.8551,2.9331,529704.688947,1733133599999
1733133600000,2.9309,2.9368,2.8568,2.893,223245.836119,1733140799999
1733140800000,2.8915,2.917,2.855,2.916,140726.28177,1733147999999
1733148000000,2.9155,3.0039,2.8943,2.9966,443935.294556,1733155199999
1733155200000,2.9965,3.0247,2.8644,2.875,682498.582934,1733162399999
1733162400000,2.8748,2.9195,2.8729,2.9065,146113.127687,1733169599999
1733169600000,2.908,2.9357,2.88,2.9147,315622.904849,1733176799999
1733176800000,2.9143,2.9741,2.891,2.9708,57723.093305,1733183999999
1733184000000,2.9696,3.0011,2.9548,2.9612,63410.856442,1733191199999
1733191200000,2.9623,3.0238,2.95,2.9951,29195.477755,1733198399999
1733198400000,2.9929,3.0174,2.9854,3.0102,53999.870305,1733205599999
1733205600000,3.0128,3.13,2.9885,3.0531,621415.164862,1733212799999
1733212800000,3.0524,3.098,3.0167,3.032,182032.138341,1733219999999
1733220000000,3.0371,3.0631,2.9723,3.0211,124257.600433,1733227199999
1733227200000,3.0166,3.049,2.86,2.8865,404434.074597,1733234399999
1733234400000,2.8901,3.032,2.7849,2.9491,933108.049388,1733241599999
1733241600000,2.9572,3.0128,2.9,2.9723,341047.127952,1733248799999
1733248800000,2.9667,3.0045,2.9374,2.9787,123134.884006,1733255999999
1733256000000,2.9813,3.1989,2.9803,3.1805,674969.273115,1733263199999
1733263200000,3.1832,3.1899,3.1152,3.1309,289912.046675,1733270399999
1733270400000,3.1331,3.19,3.1151,3.1743,225579.757213,1733277599999
1733277600000,3.1617,3.1838,3.112,3.1394,83397.482271,1733284799999
1733284800000,3.137,3.19,3.123,3.1569,78064.944578,1733291999999
1733292000000,3.1552,3.202,3.1227,3.1875,136804.79064,1733299199999
1733299200000,3.1898,3.24,3.1658,3.1933,117078.257399,1733306399999
1733306400000,3.1922,3.265,3.1872,3.2417,116865.963118,1733313599999
1733313600000,3.2412,3.2631,3.1265,3.1581,240164.363196,1733320799999
1733320800000,3.1578,3.1797,3.0875,3.1279,243715.041553,1733327999999
1733328000000,3.1276,3.1352,2.9603,3.0358,488538.908778,1733335199999
1733335200000,3.0349,3.1041,3.0221,3.088,229543.56987,1733342399999
1733342400000,3.0867,3.1473,3.0131,3.068,307306.193483,1733349599999
1733349600000,3.0701,3.0821,2.9588,3.035,159471.310453,1733356799999
1733356800000,3.0367,3.0372,2.8903,2.9395,487469.12668,1733363999999
1733364000000,2.9316,3.1671,2.9308,3.0727,258225.199036,1733371199999
1733371200000,3.0723,3.184,3.0723,3.1389,248937.431163,1733378399999
1733378400000,3.142,3.15,3.0693,3.115,171119.126112,1733385599999
1733385600000,3.115,3.1618,3.1006,3.1186,97006.428076,1733392799999
1733392800000,3.1132,3.1407,3.1014,3.1368,57126.445777,1733399999999
1733400000000,3.1364,3.2048,3.1133,3.12,167967.467166,1733407199999
1733407200000,3.1197,3.1587,3.0793,3.1038,152675.230932,1733414399999
1733414400000,3.1032,3.1588,3.0716,3.1503,119337.53886,1733421599999
1733421600000,3.1517,3.1639,3.0418,3.0506,140822.961246,1733428799999
1733428800000,3.0482,3.1072,3.0166,3.1072,137171.223473,1733435999999
1733436000000,3.1119,3.2577,2.9624,3.1636,680666.587703,1733443199999
1733443200000,3.1668,3.3,3.0966,3.2264,272276.723802,1733450399999
1733450400000,3.2235,3.3645,3.1898,3.3136,163664.408704,1733457599999
1733457600000,3.3171,3.3202,3.2241,3.2254,108918.643416,1733464799999
1733464800000,3.2282,3.331,3.2282,3.3235,117752.577742,1733471999999
1733472000000,3.323,3.405,3.2389,3.2571,332928.504979,1733479199999
1733479200000,3.2564,3.2681,3.1543,3.179,172107.777907,1733486399999
1733486400000,3.1728,3.2166,3.1042,3.1929,305765.803742,1733493599999
1733493600000,3.1981,3.2872,3.1849,3.2487,330552.133368,1733500799999
1733500800000,3.2432,3.289,3.2324,3.258,68195.201807,1733507999999
1733508000000,3.2606,3.3965,3.2491,3.3056,251668.54741,1733515199999
1733515200000,3.305,3.3652,3.2937,3.3231,154408.688879,1733522399999
1733522400000,3.3281,3.3531,3.2755,3.295,107419.994534,1733529599999
1733529600000,3.3005,3.3493,3.2675,3.2818,50805.704418,1733536799999
1733536800000,3.2803,3.292,3.2523,3.2761,17770.900526,1733543999999
1733544000000,3.27,3.2713,3.2258,3.24,59880.679687,1733551199999
1733551200000,3.2477,3.2925,3.2316,3.2925,55086.841784,1733558399999
1733558400000,3.2937,3.4051,3.2905,3.4022,181886.535008,1733565599999
1733565600000,3.4059,3.528,3.381,3.4657,389349.572023,1733572799999
1733572800000,3.469,3.499,3.4096,3.4884,103197.443921,1733579999999
1733580000000,3.4889,3.6156,3.4503,3.5762,223114.541305,1733587199999
1733587200000,3.5775,3.6961,3.5089,3.6599,338336.115093,1733594399999
1733594400000,3.6547,3.752,3.6225,3.7447,250639.172855,1733601599999
1733601600000,3.7454,3.7827,3.6725,3.7771,418134.603986,1733608799999
1733608800000,3.7776,3.7933,3.6625,3.6655,159709.009905,1733615999999
1733616000000,3.663,3.7033,3.62,3.6701,178547.170035,1733623199999
1733623200000,3.6644,3.6889,3.6365,3.6672,51914.470602,1733630399999
1733630400000,3.6659,3.7097,3.5321,3.5584,94277.289441,1733637599999
1733637600000,3.5667,3.5844,3.5402,3.5578,55453.488583,1733644799999
1733644800000,3.5557,3.5643,3.4635,3.4763,131824.396491,1733651999999
1733652000000,3.4787,3.5544,3.4768,3.5519,132725.023395,1733659199999
1733659200000,3.55,3.5593,3.5187,3.5321,47545.681984,1733666399999
1733666400000,3.5329,3.5329,3.4621,3.5047,45636.245874,1733673599999
1733673600000,3.5033,3.5413,3.4684,3.4832,94353.553105,1733680799999
1733680800000,3.4835,3.4909,3.4372,3.4909,83601.591028,1733687999999
1733688000000,3.492,3.5202,3.4809,3.5074,89220.455757,1733695199999
1733695200000,3.5045,3.54,3.5001,3.5181,37921.201547,1733702399999
1733702400000,3.5177,3.518,3.416,3.4235,59555.791247,1733709599999
1733709600000,3.4358,3.5001,3.4185,3.4608,46519.738634,1733716799999
1733716800000,3.4596,3.523,3.4593,3.4905,29893.63476,1733723999999
1733724000000,3.4971,3.5071,3.3658,3.3933,136941.812152,1733731199999
1733731200000,3.3941,3.3941,3.21,3.2458,305856.364466,1733738399999
1733738400000,3.2407,3.2603,3.1495,3.1608,135430.017552,1733745599999
1733745600000,3.1567,3.2625,3.1346,3.2382,161300.694123,1733752799999
1733752800000,3.2442,3.3479,3.2157,3.2548,300099.236856,1733759999999
1733760000000,3.2402,3.3426,3.2249,3.2341,105909.140337,1733767199999
1733767200000,3.238,3.2845,3.2201,3.2201,62459.443746,1733774399999
1733774400000,3.2231,3.2288,2.5,2.855,1484449.478551,1733781599999
1733781600000,2.855,2.9404,2.6,2.8995,560976.725803,1733788799999
1733788800000,2.8903,2.979,2.8199,2.8875,169470.813766,1733795999999
1733796000000,2.873,2.873,2.6597,2.7895,350372.599298,1733803199999
1733803200000,2.7851,2.8411,2.7178,2.8127,142859.676607,1733810399999
1733810400000,2.8094,2.856,2.7908,2.8405,205504.931505,1733817599999
1733817600000,2.8326,2.8537,2.7832,2.8086,130957.554757,1733824799999
1733824800000,2.8158,2.8533,2.7468,2.7711,286813.808727,1733831999999
1733832000000,2.7717,2.7821,2.6688,2.7405,336105.84408,1733839199999
1733839200000,2.7433,2.7856,2.57,2.573,828552.487048,1733846399999
1733846400000,2.5749,2.668,2.5154,2.531,875620.136432,1733853599999
1733853600000,2.5394,2.7031,2.526,2.6526,401000.183302,1733860799999
1733860800000,2.654,2.7509,2.6477,2.6964,271918.888941,1733867999999
1733868000000,2.7006,2.7477,2.6985,2.7117,57974.882551,1733875199999
1733875200000,2.7023,2.7252,2.6195,2.63,95021.906866,1733882399999
1733882400000,2.6342,2.7513,2.6297,2.7311,42351.895484,1733889599999
1733889600000,2.7445,2.7558,2.6983,2.7175,43782.506738,1733896799999
1733896800000,2.7107,2.7718,2.7107,2.7333,171572.631091,1733903999999
1733904000000,2.7353,2.8394,2.732,2.8308,129007.097622,1733911199999
1733911200000,2.8351,2.8454,2.8142,2.8264,107332.69595,1733918399999
1733918400000,2.8264,2.8716,2.8023,2.8472,161868.070632,1733925599999
1733925600000,2.8452,2.9319,2.7939,2.9054,257879.382346,1733932799999
1733932800000,2.9051,2.9894,2.8944,2.9018,228976.064512,1733939999999
1733940000000,2.9088,2.9362,2.8875,2.9287,94239.991578,1733947199999
1733947200000,2.9317,2.9439,2.9038,2.9065,88804.992076,1733954399999
1733954400000,2.9073,2.9164,2.8863,2.9001,46365.459878,1733961599999
1733961600000,2.8997,2.92,2.8731,2.8959,33018.290654,1733968799999
1733968800000,2.9075,3.0387,2.9075,2.9867,151393.069929,1733975999999
1733976000000,2.9832,3.0321,2.9441,2.991,86684.746882,1733983199999
1733983200000,2.9956,3.0054,2.9472,2.9501,53130.225714,1733990399999
1733990400000,2.9512,3.0,2.9449,2.9455,111721.353521,1733997599999
1733997600000,2.947,2.947,2.8918,2.9176,89088.808993,1734004799999
1734004800000,2.9259,2.9845,2.8964,2.9259,142055.699936,1734011999999
1734012000000,2.9257,2.9598,2.8943,2.9385,123679.629449,1734019199999
1734019200000,2.9375,2.9803,2.9175,2.9469,51863.79138,1734026399999
1734026400000,2.9525,2.9624,2.829,2.84,123651.090163,1734033599999
1734033600000,2.8382,2.8873,2.8342,2.8448,87705.426353,1734040799999
1734040800000,2.8415,2.8415,2.8,2.8139,62083.854108,1734047999999
1734048000000,2.814,2.8403,2.762,2.7919,57160.316883,1734055199999
1734055200000,2.789,2.8196,2.7869,2.809,28020.679581,1734062399999
1734062400000,2.8169,2.8169,2.7712,2.7922,44699.631653,1734069599999
1734069600000,2.7916,2.8061,2.7396,2.7798,125641.875593,1734076799999
1734076800000,2.7837,2.8147,2.7728,2.795,59490.727496,1734083999999
1734084000000,2.7962,2.8139,2.772,2.7817,48210.124397,1734091199999
1734091200000,2.7768,2.8091,2.7768,2.7978,94716.947583,1734098399999
1734098400000,2.7986,2.8621,2.7325,2.7399,154369.947647,1734105599999
1734105600000,2.7326,2.7975,2.7158,2.7947,128009.891389,1734112799999
1734112800000,2.7906,2.8077,2.7764,2.7879,67766.214444,1734119999999
1734120000000,2.7844,2.8013,2.7832,2.7851,43229.31408,1734127199999
1734127200000,2.7833,2.8192,2.7557,2.816,21591.972354,1734134399999
1734134400000,2.8107,2.8236,2.7769,2.8135,44055.177099,1734141599999
1734141600000,2.8136,2.8136,2.7555,2.7567,22318.073527,1734148799999
1734148800000,2.7577,2.7843,2.732,2.7798,70245.034538,1734155999999
1734156000000,2.7725,2.807,2.7685,2.7685,19182.243318,1734163199999
1734163200000,2.778,2.8155,2.765,2.7729,94617.741951,1734170399999
1734170400000,2.7739,2.8058,2.7428,2.7931,75267.502721,1734177599999
1734177600000,2.7913,2.7919,2.6683,2.7001,163769.677063,1734184799999
1734184800000,2.7126,2.7483,2.7126,2.7283,58926.276167,1734191999999
1734192000000,2.7207,2.7247,2.6527,2.6614,76316.579762,1734199199999
1734199200000,2.6574,2.6804,2.64,2.6788,58023.520717,1734206399999
1734206400000,2.6754,2.695,2.6262,2.6726,69383.962372,1734213599999
1734213600000,2.6739,2.7222,2.6592,2.7062,37279.679919,1734220799999
1734220800000,2.7032,2.7032,2.6641,2.6838,14156.022668,1734227999999
1734242400000,2.6675,2.6675,2.572,2.5912,202688.272059,1734249599999
1734249600000,2.5909,2.7008,2.5825,2.6987,75912.976128,1734256799999
1734256800000,2.6931,2.7075,2.6773,2.6976,116546.951523,1734263999999
1734264000000,2.7,2.736,2.6855,2.7189,123843.052288,1734271199999
1734271200000,2.718,2.7449,2.7172,2.7271,60906.57266,1734278399999
1734278400000,2.7369,2.7381,2.705,2.7111,73483.496671,1734285599999
1734285600000,2.7081,2.7197,2.6977,2.7071,54570.642057,1734292799999
1734292800000,2.7058,2.7091,2.5893,2.5893,161320.691221,1734299999999
1734300000000,2.5874,2.733,2.58,2.7088,262442.822467,1734307199999
1734307200000,2.7102,2.767,2.6891,2.7528,225417.290611,1734314399999
1734314400000,2.7578,2.759,2.6682,2.6723,105841.556808,1734321599999
1734321600000,2.6711,2.69,2.644,2.6664,20774.5336,1734328799999
1734328800000,2.6665,2.6821,2.6176,2.6256,87310.237551,1734335999999
1734336000000,2.6338,2.6385,2.5813,2.5823,162754.75786,1734343199999
1734343200000,2.5847,2.5979,2.5272,2.5319,227492.124775,1734350399999
1734350400000,2.5317,2.5656,2.5062,2.542,241014.971873,1734357599999
1734357600000,2.5452,2.597,2.5392,2.5565,252838.109649,1734364799999
1734364800000,2.5555,2.6724,2.553,2.6331,324207.805493,1734371999999
1734372000000,2.6372,2.6815,2.6139,2.627,236723.866517,1734379199999
1734379200000,2.629,2.647,2.6081,2.6448,186089.547473,1734386399999
1734386400000,2.6487,2.6625,2.6065,2.6099,37835.534206,1734393599999
1734393600000,2.6131,2.6131,2.5395,2.6009,57307.423989,1734400799999
1734400800000,2.6145,2.6392,2.6098,2.6392,16447.610924,1734407999999
1734408000000,2.6446,2.6453,2.5958,2.6298,34390.204884,1734415199999
1734415200000,2.6228,2.6524,2.6127,2.6348,39496.028423,1734422399999
1734422400000,2.6449,2.7005,2.6391,2.6962,80919.492109,1734429599999
1734429600000,2.6929,2.6929,2.6587,2.6683,97294.68369,1734436799999
1734436800000,2.6772,2.6992,2.6543,2.6605,75813.528464,1734443999999
1734444000000,2.6592,2.6657,2.548,2.564,189459.349453,1734451199999
1734451200000,2.5608,2.7341,2.5448,2.7197,402140.901513,1734458399999
1734458400000,2.7186,2.7222,2.6634,2.6704,106983.297441,1734465599999
1734465600000,2.6707,2.6865,2.6247,2.646,97504.308609,1734472799999
1734472800000,2.6363,2.6422,2.5557,2.5813,150929.383203,1734479999999
1734480000000,2.5757,2.6517,2.5487,2.568,69695.261165,1734487199999
1734487200000,2.5678,2.6009,2.5558,2.5633,52993.402949,1734494399999
1734494400000,2.5562,2.5601,2.3963,2.4151,234026.323205,1734501599999
1734501600000,2.4138,2.4424,2.3856,2.4237,252810.766169,1734508799999
1734508800000,2.4227,2.4522,2.4094,2.4277,218412.464026,1734515999999
1734516000000,2.4281,2.45,2.4092,2.4395,101044.227592,1734523199999
1734523200000,2.4392,2.4433,2.3655,2.3991,222438.478168,1734530399999
1734530400000,2.4006,2.4364,2.3717,2.4036,330481.540479,1734537599999
1734537600000,2.4076,2.4295,2.3749,2.4125,133793.421204,1734544799999
1734544800000,2.413,2.4717,2.3698,2.3698,235959.402957,1734551999999
1734552000000,2.3674,2.3864,2.15,2.2539,994104.708836,1734559199999
1734559200000,2.2538,2.2805,2.212,2.2315,205122.141418,1734566399999
1734566400000,2.2308,2.2421,2.1735,2.1891,139121.063494,1734573599999
1734573600000,2.1949,2.2231,2.075,2.2131,345850.660199,1734580799999
1734580800000,2.2065,2.2177,2.1794,2.1965,56009.505005,1734587999999
1734588000000,2.1989,2.2038,2.163,2.181,106548.451005,1734595199999
1734595200000,2.1811,2.1949,2.1391,2.1949,128745.959042,1734602399999
1734602400000,2.196,2.2159,2.171,2.2051,128475.264108,1734609599999
1734609600000,2.2079,2.2208,2.158,2.175,212134.999568,1734616799999
1734616800000,2.1786,2.2143,2.0694,2.1206,396732.128191,1734623999999
1734624000000,2.1292,2.186,2.0308,2.0897,394301.629222,1734631199999
1734631200000,2.0897,2.0927,1.9647,2.0074,901514.882199,1734638399999
1734638400000,2.0127,2.0719,1.9505,2.0353,406718.170965,1734645599999
1734645600000,2.0305,2.057,1.9939,1.994,143965.436654,1734652799999
1734652800000,1.9953,2.0055,1.9287,1.9998,111902.512218,1734659999999
1734660000000,2.001,2.0828,2.001,2.0303,131846.268754,1734667199999
1734667200000,2.0313,2.0433,1.9746,1.9746,66593.794632,1734674399999
1734674400000,1.9685,2.0017,1.9039,1.953,308861.839013,1734681599999
1734681600000,1.9547,1.9547,1.7867,1.7916,555477.214969,1734688799999
1734688800000,1.7912,1.8047,1.6571,1.6617,1006211.924907,1734695999999
1734696000000,1.6626,1.8095,1.6568,1.7961,758583.388817,1734703199999
1734703200000,1.796,1.8849,1.772,1.8659,634419.86831,1734710399999
1734710400000,1.8656,1.9098,1.8579,1.9021,316644.823979,1734717599999
1734717600000,1.9015,1.9816,1.8923,1.9481,183533.679286,1734724799999
1734724800000,1.9506,2.0,1.9242,1.9971,181521.691922,1734731999999
1734732000000,1.9954,2.0539,1.9854,2.0202,292513.236221,1734739199999
1734739200000,2.0223,2.098,2.0143,2.0624,233645.184555,1734746399999
1734746400000,2.0613,2.0659,2.0325,2.059,59000.658582,1734753599999
1734753600000,2.0688,2.1,2.0552,2.1,31045.061122,1734760799999
1734760800000,2.1044,2.1681,2.0943,2.1434,435248.588892,1734767999999
1734768000000,2.1426,2.1514,2.0689,2.0871,281550.551551,1734775199999
1734775200000,2.0868,2.0956,2.0496,2.0689,157739.729923,1734782399999
1734782400000,2.0684,2.0694,1.8749,1.9193,442579.164777,1734789599999
1734789600000,1.9164,1.9555,1.9146,1.9354,194980.712623,1734796799999
1734796800000,1.939,1.9397,1.8617,1.8962,208330.066692,1734803999999
1734804000000,1.8929,1.9052,1.8087,1.8376,296683.128241,1734811199999
1734811200000,1.846,1.87,1.8111,1.8228,160608.430687,1734818399999
1734818400000,1.8181,1.8391,1.7878,1.8184,122962.567936,1734825599999
1734825600000,1.8165,1.8246,1.7745,1.8012,115484.248593,1734832799999
1734832800000,1.8074,1.8168,1.7747,1.8081,60388.458179,1734839999999
1734840000000,1.8077,1.8089,1.7453,1.7906,73835.936808,1734847199999
1734847200000,1.7878,1.8299,1.7807,1.8105,81660.815173,1734854399999
1734854400000,1.8129,1.9188,1.8129,1.8887,224996.443684,1734861599999
1734861600000,1.8887,1.9121,1.8818,1.8908,69319.365815,1734868799999
1734868800000,1.9019,1.96,1.8738,1.8772,101741.456564,1734875999999
1734876000000,1.8859,1.8917,1.8173,1.8679,215493.819876,1734883199999
1734883200000,1.8681,1.9109,1.8463,1.8594,197211.6901,1734890399999
1734890400000,1.8658,1.8875,1.8179,1.8182,116982.794479,1734897599999
1734897600000,1.8257,1.8831,1.7898,1.8517,142410.89165,1734904799999
1734904800000,1.852,1.8712,1.8169,1.837,77045.261339,1734911999999
1734912000000,1.8387,1.8421,1.7868,1.7996,74892.761066,1734919199999
1734919200000,1.8043,1.898,1.7835,1.8905,77241.614841,1734926399999
1734926400000,1.8893,1.8937,1.8303,1.8393,27387.267106,1734933599999
1734933600000,1.8457,1.8459,1.7937,1.8298,76311.520043,1734940799999
1734940800000,1.8315,1.8813,1.8276,1.8523,123812.538433,1734947999999
1734948000000,1.8519,1.8624,1.8254,1.8303,69312.978472,1734955199999
1734955200000,1.8352,1.8413,1.7842,1.799,132967.061795,1734962399999
1734962400000,1.7992,1.8311,1.7745,1.7841,159624.753635,1734969599999
1734969600000,1.7847,1.865,1.7818,1.831,115410.222883,1734976799999
1734976800000,1.8293,1.8963,1.8231,1.8601,134594.555598,1734983999999
1734984000000,1.8616,1.9701,1.8616,1.9214,298245.893501,1734991199999
1734991200000,1.9261,1.9681,1.9233,1.9505,143115.904208,1734998399999
1734998400000,1.9457,1.952,1.8983,1.8983,52212.01529,1735005599999
1735005600000,1.9022,1.9357,1.8726,1.9357,53256.512388,1735012799999
1735012800000,1.9333,1.9451,1.9282,1.9444,19749.430903,1735019999999
1735020000000,1.9447,1.9447,1.8994,1.911,31790.112502,1735027199999
1735027200000,1.9077,1.9246,1.8919,1.9115,114694.784098,1735034399999
1735034400000,1.9106,1.9277,1.89,1.9276,75549.086766,1735041599999
1735041600000,1.9249,1.983,1.9007,1.9813,124643.695305,1735048799999
1735048800000,1.9801,2.0163,1.9617,1.9973,131234.392402,1735055999999
1735056000000,1.9965,2.0092,1.9722,1.9834,61801.242168,1735063199999
1735063200000,1.9892,2.0067,1.9308,1.9341,133593.63609,1735070399999
1735070400000,1.9307,1.9653,1.9066,1.9653,146375.008601,1735077599999
1735077600000,1.9652,1.9789,1.9514,1.9722,121120.522678,1735084799999
1735084800000,1.9692,1.9914,1.962,1.971,130448.688001,1735091999999
1735092000000,1.9766,2.0014,1.969,1.9719,19121.461314,1735099199999
1735099200000,1.9677,1.9801,1.9542,1.9736,63759.330888,1735106399999
1735106400000,1.974,1.9869,1.9288,1.9308,87145.821902,1735113599999
1735113600000,1.9375,1.9391,1.9183,1.9262,57040.381755,1735120799999
1735120800000,1.9273,1.983,1.8956,1.9011,210585.407061,1735127999999
1735128000000,1.9063,1.9266,1.8895,1.9239,174518.267665,1735135199999
1735135200000,1.9323,1.9481,1.9018,1.9139,45819.983207,1735142399999
1735142400000,1.92,1.92,1.8893,1.9117,42189.100347,1735149599999
1735149600000,1.9098,1.9183,1.903,1.9138,46978.866749,1735156799999
1735156800000,1.9125,1.9223,1.8681,1.8887,85308.760423,1735163999999
1735164000000,1.8899,1.9118,1.8785,1.9025,24935.479079,1735171199999
1735171200000,1.9048,1.9266,1.8808,1.8914,28888.725328,1735178399999
1735178400000,1.8793,1.894,1.8575,1.8575,22353.277437,1735185599999
1735185600000,1.8526,1.8541,1.84,1.8507,20064.666682,1735192799999
1735192800000,1.843,1.8558,1.8319,1.838,49225.148188,1735199999999
1735200000000,1.8402,1.8429,1.7811,1.7869,233526.961156,1735207199999
1735207200000,1.7869,1.7997,1.7732,1.7858,93293.357289,1735214399999
1735214400000,1.7854,1.7959,1.7749,1.7883,84314.8946,1735221599999
1735221600000,1.7861,1.7968,1.7621,1.7728,58296.972559,1735228799999
1735228800000,1.7704,1.8024,1.7555,1.7738,81970.404955,1735235999999
1735236000000,1.769,1.7787,1.7529,1.7678,52522.134761,1735243199999
1735243200000,1.7657,1.7739,1.7453,1.7711,59575.772084,1735250399999
1735250400000,1.7711,1.7903,1.7478,1.7647,50944.395174,1735257599999
1735257600000,1.7744,1.7882,1.7528,1.7791,24130.898687,1735264799999
1735264800000,1.775,1.791,1.769,1.7795,6862.295274,1735271999999
1735272000000,1.7883,1.7883,1.7496,1.7651,4107.404496,1735279199999
1735279200000,1.7772,1.7847,1.7283,1.7481,44447.237333,1735286399999
1735286400000,1.7567,1.8503,1.7567,1.8407,204831.366132,1735293599999
1735293600000,1.8454,1.8568,1.8186,1.8421,63417.895503,1735300799999
1735300800000,1.8433,1.8452,1.8051,1.8063,36011.138282,1735307999999
1735308000000,1.8034,1.8034,1.75,1.7624,97061.180271,1735315199999
1735315200000,1.7643,1.8013,1.7335,1.7948,155006.999325,1735322399999
1735322400000,1.7928,1.7944,1.7728,1.7804,50037.864277,1735329599999
1735329600000,1.7779,1.7805,1.7472,1.7476,54660.365624,1735336799999
1735336800000,1.7479,1.7539,1.7352,1.7494,36256.921523,1735343999999
1735344000000,1.7521,1.7581,1.7251,1.7394,63318.381914,1735351199999
1735351200000,1.7401,1.7489,1.7315,1.7463,31999.998189,1735358399999
1735358400000,1.7391,1.7582,1.7322,1.7582,13938.766227,1735365599999
1735365600000,1.7592,1.7692,1.7463,1.7495,24134.176002,1735372799999
1735372800000,1.7523,1.7926,1.7523,1.7805,48875.456258,1735379999999
1735380000000,1.7838,1.7838,1.7647,1.7833,31618.996797,1735387199999
1735387200000,1.7825,1.829,1.7779,1.8116,46330.244924,1735394399999
1735394400000,1.8165,1.8659,1.8144,1.8207,221289.10729,1735401599999
1735401600000,1.8215,1.8894,1.8161,1.8689,121691.682365,1735408799999
1735408800000,1.8698,1.8727,1.8283,1.8283,78493.244755,1735415999999
1735416000000,1.8284,1.8321,1.8171,1.8258,55743.503933,1735423199999
1735423200000,1.8288,1.8611,1.8266,1.8424,63234.259231,1735430399999
1735430400000,1.8409,1.8687,1.8315,1.8352,39463.329836,1735437599999
1735437600000,1.8336,1.8494,1.8259,1.8326,19710.185654,1735444799999
1735444800000,1.8338,1.8371,1.8164,1.8197,14078.925911,1735451999999
1735452000000,1.8214,1.85,1.8088,1.8443,23357.907365,1735459199999
1735459200000,1.8448,1.8507,1.8249,1.832,156335.499595,1735466399999
1735466400000,1.8305,1.8361,1.795,1.8104,375843.095899,1735473599999
1735473600000,1.8071,1.8134,1.7892,1.8062,52414.783796,1735480799999
1735480800000,1.8121,1.8206,1.7758,1.7853,77202.047346,1735487999999
1735488000000,1.786,1.788,1.7653,1.7734,65175.314119,1735495199999
1735495200000,1.7737,1.78,1.7616,1.78,63966.111468,1735502399999
1735502400000,1.7771,1.7773,1.7523,1.7605,93301.104328,1735509599999
1735509600000,1.7582,1.7608,1.7384,1.76,38092.60806,1735516799999
1735516800000,1.7527,1.7991,1.7527,1.782,28289.721111,1735523999999
1735524000000,1.789,1.8142,1.7703,1.7896,24143.228348,1735531199999
1735531200000,1.8027,1.8108,1.7688,1.785,47014.752017,1735538399999
1735538400000,1.7863,1.8337,1.7863,1.8195,54122.247423,1735545599999
1735545600000,1.8361,1.85,1.8151,1.8151,65649.597352,1735552799999
1735552800000,1.8191,1.8234,1.7886,1.8234,85154.673898,1735559999999
1735560000000,1.8192,1.85,1.7637,1.7637,243795.643025,1735567199999
1735567200000,1.7688,1.7781,1.7315,1.7538,295414.79095,1735574399999
1735574400000,1.7538,1.8167,1.7137,1.815,139301.912834,1735581599999
1735581600000,1.8116,1.84,1.8108,1.8306,169709.606067,1735588799999
1735588800000,1.8311,1.8454,1.748,1.7492,245110.59285,1735595999999
1735596000000,1.7508,1.7759,1.74,1.7514,235668.446642,1735603199999
1735603200000,1.7424,1.744,1.7,1.7002,167901.338793,1735610399999
1735610400000,1.7,1.7074,1.6844,1.6934,63331.895366,1735617599999
1735617600000,1.6913,1.7079,1.6657,1.6921,139807.099813,1735624799999
1735624800000,1.691,1.7321,1.691,1.7052,152567.840892,1735631999999
1735632000000,1.7117,1.7731,1.7087,1.7678,226231.18613,1735639199999
1735639200000,1.7671,1.7796,1.7511,1.7689,91640.387284,1735646399999
1735646400000,1.7717,1.83,1.7571,1.8136,338401.062468,1735653599999
1735653600000,1.8143,1.8808,1.8137,1.8502,395281.707647,1735660799999
1735660800000,1.852,1.8778,1.7947,1.8105,127056.030217,1735667999999
1735668000000,1.815,1.82,1.7973,1.8099,124092.761279,1735675199999
1735675200000,1.8085,1.8364,1.8085,1.8187,78119.899338,1735682399999
1735682400000,1.8159,1.816,1.7842,1.7944,67867.308224,1735689599999
1735689600000,1.8057,1.85,1.8018,1.8041,72902.671973,1735696799999
1735696800000,1.8055,1.8134,1.7867,1.7904,57421.099236,1735703999999
1735704000000,1.7921,1.7942,1.7609,1.7638,76331.175459,1735711199999
1735711200000,1.7638,1.7712,1.7557,1.7657,35964.486699,1735718399999
1735718400000,1.7661,1.7689,1.7,1.7162,270030.79175,1735725599999
1735725600000,1.7157,1.7405,1.706,1.7261,156189.378437,1735732799999
1735732800000,1.7313,1.7468,1.7153,1.7297,97610.693231,1735739999999
1735740000000,1.7372,1.7514,1.7167,1.7488,89029.504152,1735747199999
1735747200000,1.7488,1.754,1.716,1.7422,102854.888358,1735754399999
1735754400000,1.7455,1.7737,1.7281,1.7704,141217.349633,1735761599999
1735761600000,1.7698,1.8053,1.7698,1.7969,166313.76663,1735768799999
1735768800000,1.8006,1.8123,1.7883,1.7906,112691.117729,1735775999999
1735776000000,1.7909,1.845,1.7866,1.8236,285977.954042,1735783199999
1735783200000,1.8238,1.8534,1.8194,1.8438,94237.83179,1735790399999
1735790400000,1.8362,1.902,1.8362,1.8623,147138.169706,1735797599999
1735797600000,1.8668,1.9136,1.8439,1.8936,267510.81934,1735804799999
1735804800000,1.8929,1.943,1.8805,1.9386,153027.800631,1735811999999
1735812000000,1.9391,1.9885,1.9261,1.9738,329837.128142,1735819199999
1735819200000,1.9719,1.9843,1.943,1.9491,248087.829279,1735826399999
1735826400000,1.9527,1.9829,1.924,1.9559,235977.754224,1735833599999
1735833600000,1.9625,1.9861,1.9395,1.9604,301952.414549,1735840799999
1735840800000,1.958,1.9629,1.9405,1.95,71186.578119,1735847999999
1735848000000,1.9508,1.9675,1.9368,1.9405,101665.045986,1735855199999
1735855200000,1.9398,1.974,1.922,1.9673,84505.911769,1735862399999
1735862400000,1.9714,1.9789,1.9292,1.9389,33580.392418,1735869599999
1735869600000,1.9417,1.9552,1.9273,1.9403,36637.26111,1735876799999
1735876800000,1.9389,1.94,1.918,1.9205,31415.89897,1735883999999
1735884000000,1.9355,1.9426,1.8933,1.8944,98698.268891,1735891199999
1735891200000,1.8938,1.9597,1.8932,1.9309,146803.15947,1735898399999
1735898400000,1.9298,1.9927,1.9123,1.9853,181940.893804,1735905599999
1735905600000,1.9858,2.0079,1.9695,1.9803,181981.738421,1735912799999
1735912800000,1.9831,2.0634,1.9769,2.0586,412197.705347,1735919999999
1735920000000,2.0609,2.1453,2.0398,2.1204,523779.931303,1735927199999
1735927200000,2.1165,2.1468,2.0908,2.0936,198876.946296,1735934399999
1735934400000,2.0941,2.1029,2.0594,2.0889,207218.667724,1735941599999
1735941600000,2.0911,2.1064,2.0855,2.1008,98259.661249,1735948799999
1735948800000,2.1012,2.1142,2.068,2.0861,76589.937518,1735955999999
1735956000000,2.0776,2.1015,2.0699,2.0965,33014.685813,1735963199999
1735963200000,2.0945,2.0968,2.0723,2.0871,19122.294172,1735970399999
1735970400000,2.0889,2.1056,2.0841,2.0947,58258.552703,1735977599999
1735977600000,2.0931,2.0973,2.0585,2.0713,129326.290794,1735984799999
1735984800000,2.0727,2.0847,2.0624,2.0731,58901.618025,1735991999999
1735992000000,2.0732,2.0945,2.0672,2.0925,50242.636873,1735999199999
1735999200000,2.0917,2.1001,2.0297,2.0577,210351.432225,1736006399999
1736006400000,2.0533,2.0685,2.047,2.0649,89994.549061,1736013599999
1736013600000,2.064,2.0784,2.0609,2.0716,56351.532246,1736020799999
1736020800000,2.0725,2.0945,2.07,2.0833,50054.960871,1736027999999
1736028000000,2.081,2.1152,2.081,2.1131,57583.540756,1736035199999
1736035200000,2.1141,2.1324,2.0842,2.0925,80375.80646,1736042399999
1736042400000,2.0961,2.1228,2.09,2.1215,46371.014944,1736049599999
1736049600000,2.129,2.1298,2.0945,2.1,28131.436916,1736056799999
1736056800000,2.0977,2.1064,2.0941,2.0961,33161.666471,1736063999999
1736064000000,2.0966,2.0979,2.0394,2.0421,161451.500516,1736071199999
1736071200000,2.0437,2.0601,2.0377,2.0528,159322.675516,1736078399999
1736078400000,2.0511,2.0637,2.035,2.0364,44384.678448,1736085599999
1736085600000,2.0328,2.0584,2.0168,2.0501,156312.428851,1736092799999
1736092800000,2.048,2.0565,2.0189,2.0239,43159.730622,1736099999999
1736100000000,2.0249,2.0479,2.0168,2.034,28441.515062,1736107199999
1736107200000,2.0392,2.05,2.0249,2.0424,85035.23474,1736114399999
1736114400000,2.0389,2.0547,2.0339,2.0397,51274.35991,1736121599999
1736121600000,2.0415,2.0464,1.996,2.0386,77676.512269,1736128799999
1736128800000,2.0418,2.0691,2.032,2.0417,70661.591353,1736135999999
1736136000000,2.0451,2.0567,2.0284,2.0363,91319.430744,1736143199999
1736143200000,2.0448,2.0448,2.0027,2.0104,58038.571645,1736150399999
1736150400000,2.01,2.0129,1.9619,1.9717,195952.283884,1736157599999
1736157600000,1.9724,1.9916,1.9563,1.9869,115921.421124,1736164799999
1736164800000,1.9912,1.9947,1.949,1.9932,98000.971987,1736171999999
1736172000000,1.9912,2.0666,1.972,2.0538,439863.783074,1736179199999
1736179200000,2.0539,2.0772,2.0136,2.028,282001.558364,1736186399999
1736186400000,2.0291,2.0429,2.0184,2.0369,74252.678525,1736193599999
1736193600000,2.0407,2.0423,2.0035,2.0065,68407.718761,1736200799999
1736200800000,2.0091,2.0171,1.9954,2.0053,78454.624379,1736207999999
1736208000000,2.0059,2.0237,1.9862,2.0212,83171.429726,1736215199999
1736215200000,2.019,2.019,1.9815,1.9894,24927.148657,1736222399999
1736222400000,1.9852,1.9881,1.9722,1.9879,39876.827419,1736229599999
1736229600000,1.9834,1.9971,1.9816,1.9885,34742.248856,1736236799999
1736236800000,1.9894,2.0096,1.9764,1.9865,54117.747891,1736243999999
1736244000000,1.9854,1.9886,1.9461,1.9604,97047.841635,1736251199999
1736251200000,1.9543,1.967,1.9397,1.961,108216.860648,1736258399999
1736258400000,1.9627,1.965,1.81,1.8463,876108.123152,1736265599999
1736265600000,1.8446,1.8514,1.8043,1.8177,410909.908293,1736272799999
1736272800000,1.817,1.8311,1.799,1.8047,204744.971354,1736279999999
1736280000000,1.8052,1.8219,1.7878,1.7878,262614.196692,1736287199999
1736287200000,1.786,1.8118,1.7837,1.7937,113191.532741,1736294399999
1736294400000,1.7953,1.8249,1.7876,1.7988,66033.081745,1736301599999
1736301600000,1.8007,1.8145,1.775,1.7887,62139.546603,1736308799999
1736308800000,1.7965,1.8223,1.776,1.7918,172648.149875,1736315999999
1736316000000,1.7894,1.7977,1.7512,1.7862,212509.84448,1736323199999
1736323200000,1.7878,1.8232,1.7878,1.7971,217088.216374,1736330399999
1736330400000,1.801,1.8072,1.7835,1.798,67092.150373,1736337599999
1736337600000,1.797,1.8014,1.7693,1.7834,151342.949748,1736344799999
1736344800000,1.7824,1.805,1.7709,1.7809,77028.76184,1736351999999
1736352000000,1.779,1.779,1.6124,1.6678,656849.110921,1736359199999
1736359200000,1.662,1.7126,1.6431,1.6438,228227.457598,1736366399999
1736366400000,1.6435,1.6552,1.6197,1.629,251026.24164,1736373599999
1736373600000,1.6302,1.6849,1.6302,1.6602,121436.057962,1736380799999
1736380800000,1.6588,1.6807,1.6488,1.6557,35070.689908,1736387999999
1736388000000,1.6594,1.6595,1.6246,1.6297,42494.802804,1736395199999
1736395200000,1.6344,1.6426,1.6245,1.6315,30977.711247,1736402399999
1736402400000,1.6306,1.6431,1.5251,1.5416,311910.726889,1736409599999
1736409600000,1.5417,1.5912,1.5355,1.578,162612.421184,1736416799999
1736416800000,1.5785,1.5797,1.5428,1.5618,145878.157003,1736423999999
1736424000000,1.5615,1.5771,1.48,1.4811,286963.339329,1736431199999
1736431200000,1.4834,1.5854,1.4625,1.5703,402876.638671,1736438399999
1736438400000,1.5696,1.5865,1.4855,1.49,413966.89531,1736445599999
1736445600000,1.4899,1.525,1.4724,1.4748,142394.32301,1736452799999
1736452800000,1.4816,1.4897,1.4514,1.4558,369320.178844,1736459999999
1736460000000,1.4548,1.5017,1.4534,1.4962,162971.002527,1736467199999
1736467200000,1.5118,1.5372,1.5109,1.519,124105.616331,1736474399999
1736474400000,1.5279,1.5372,1.518,1.53,53372.289209,1736481599999
1736481600000,1.5331,1.5732,1.5331,1.5562,82936.660019,1736488799999
1736488800000,1.5582,1.588,1.5523,1.5693,222826.784187,1736495999999
1736496000000,1.5676,1.5845,1.5654,1.5709,134175.624282,1736503199999
1736503200000,1.5701,1.5725,1.537,1.5445,128619.298362,1736510399999
1736510400000,1.5447,1.5619,1.4843,1.5102,692815.816874,1736517599999
1736517600000,1.5038,1.5428,1.4804,1.5158,414131.88337,1736524799999
1736524800000,1.5183,1.5702,1.4902,1.5622,307174.824069,1736531999999
1736532000000,1.5626,1.5722,1.5392,1.5445,140845.291857,1736539199999
1736539200000,1.5444,1.5481,1.5185,1.5193,166801.528598,1736546399999
1736546400000,1.5195,1.5359,1.5149,1.5207,255054.065778,1736553599999
1736553600000,1.5207,1.5289,1.4994,1.5012,56312.346126,1736560799999
1736560800000,1.5113,1.517,1.4926,1.4991,37963.204663,1736567999999
1736568000000,1.5044,1.5156,1.4931,1.5132,58541.134755,1736575199999
1736575200000,1.5175,1.5266,1.5107,1.5192,195730.556478,1736582399999
1736582400000,1.5187,1.5367,1.515,1.5316,61370.083547,1736589599999
1736589600000,1.5334,1.5524,1.5316,1.5451,108653.574555,1736596799999
1736596800000,1.5441,1.5496,1.5194,1.5236,63556.020089,1736603999999
1736604000000,1.5234,1.5334,1.515,1.5183,67315.437012,1736611199999
1736611200000,1.5221,1.5259,1.5055,1.5127,145597.769773,1736618399999
1736618400000,1.5161,1.5267,1.5093,1.5261,55605.306873,1736625599999
1736625600000,1.5234,1.6009,1.5183,1.5843,304302.352419,1736632799999
1736632800000,1.5854,1.5854,1.5345,1.5361,173488.583058,1736639999999
1736640000000,1.5378,1.542,1.52,1.5294,37682.109468,1736647199999
1736647200000,1.5302,1.531,1.5125,1.5157,43512.540632,1736654399999
1736654400000,1.5174,1.5222,1.511,1.5148,34387.981863,1736661599999
1736661600000,1.5157,1.5159,1.4947,1.5159,46182.854162,1736668799999
1736668800000,1.5156,1.5194,1.4878,1.494,113066.27653,1736675999999
1736676000000,1.4953,1.52,1.4868,1.5194,63037.417856,1736683199999
1736683200000,1.5197,1.5307,1.5054,1.5287,49566.149577,1736690399999
1736690400000,1.5292,1.5512,1.5235,1.5448,69597.755022,1736697599999
1736697600000,1.5458,1.5509,1.5272,1.5382,64300.689223,1736704799999
1736704800000,1.5387,1.5391,1.5171,1.5231,64792.31318,1736711999999
1736712000000,1.5245,1.5322,1.5113,1.5131,54152.337295,1736719199999
1736719200000,1.5115,1.5204,1.4943,1.5084,88114.001886,1736726399999
1736726400000,1.5089,1.5544,1.495,1.4971,42381.110537,1736733599999
1736733600000,1.4913,1.4949,1.4321,1.4484,86577.919194,1736740799999
1736740800000,1.4454,1.4834,1.4443,1.4468,45106.603444,1736747999999
1736748000000,1.4457,1.4487,1.41,1.4432,218046.79547,1736755199999
1736755200000,1.4433,1.4502,1.4226,1.4341,223348.009089,1736762399999
1736762400000,1.43,1.4383,1.3879,1.4187,621019.30676,1736769599999
1736769600000,1.4198,1.449,1.409,1.4144,287988.684684,1736776799999
1736776800000,1.4119,1.438,1.3658,1.4183,502773.822492,1736783999999
1736784000000,1.4185,1.4267,1.3522,1.3589,228242.535402,1736791199999
1736791200000,1.3631,1.3966,1.329,1.3857,266282.199226,1736798399999
1736798400000,1.3858,1.4502,1.3682,1.4409,522524.428343,1736805599999
1736805600000,1.4444,1.4616,1.4331,1.4524,258256.381266,1736812799999
1736812800000,1.4595,1.473,1.4383,1.4383,141889.171384,1736819999999
1736820000000,1.4438,1.4655,1.4438,1.4471,36065.914961,1736827199999
1736827200000,1.4515,1.4774,1.4488,1.451,81086.977168,1736834399999
1736834400000,1.4527,1.4734,1.4501,1.4608,40889.240181,1736841599999
1736841600000,1.4623,1.5092,1.4623,1.4992,187803.803046,1736848799999
1736848800000,1.4993,1.4998,1.4607,1.4723,105978.419355,1736855999999
1736856000000,1.4728,1.4966,1.4627,1.485,175746.20205,1736863199999
1736863200000,1.4848,1.4925,1.4694,1.4694,167681.404959,1736870399999
1736870400000,1.4664,1.487,1.4458,1.4786,153967.641713,1736877599999
1736877600000,1.481,1.5048,1.475,1.4928,133749.415273,1736884799999
1736884800000,1.4928,1.5028,1.4789,1.4929,67506.673111,1736891999999
1736892000000,1.4974,1.5288,1.4974,1.5049,65757.474408,1736899199999
1736899200000,1.5061,1.5108,1.4881,1.4963,71975.54705,1736906399999
1736906400000,1.4968,1.5007,1.4779,1.4999,24246.517012,1736913599999
1736913600000,1.5008,1.508,1.4811,1.495,47832.018853,1736920799999
1736920800000,1.4915,1.5089,1.48,1.4916,57066.56985,1736927999999
1736928000000,1.4913,1.5039,1.4582,1.4604,109728.017357,1736935199999
1736935200000,1.4617,1.481,1.4607,1.481,71989.897932,1736942399999
1736942400000,1.4817,1.5542,1.4742,1.547,302675.60457,1736949599999
1736949600000,1.5518,1.6326,1.5336,1.622,362255.617163,1736956799999
1736956800000,1.6243,1.6874,1.6242,1.6592,493020.445541,1736963999999
1736964000000,1.6612,1.7187,1.6598,1.7079,236003.256795,1736971199999
1736971200000,1.7123,1.73,1.6835,1.6846,243268.518466,1736978399999
1736978400000,1.6857,1.7261,1.6782,1.7184,94550.455083,1736985599999
1736985600000,1.7189,1.7282,1.6815,1.6893,60489.61892,1736992799999
1736992800000,1.6845,1.6845,1.6585,1.6638,20253.420072,1736999999999
1737000000000,1.669,1.6746,1.6591,1.6709,51165.397931,1737007199999
1737007200000,1.6697,1.7204,1.6672,1.7156,84353.17582,1737014399999
1737014400000,1.7151,1.7151,1.6621,1.6813,147405.009838,1737021599999
1737021600000,1.6883,1.7274,1.6626,1.7274,205033.392185,1737028799999
1737028800000,1.7267,1.8,1.717,1.7419,556913.602022,1737035999999
1737036000000,1.7393,1.7517,1.6734,1.71,454114.222133,1737043199999
1737043200000,1.715,1.7571,1.7147,1.752,244155.519291,1737050399999
1737050400000,1.7523,1.7908,1.7462,1.7694,198817.182291,1737057599999
1737057600000,1.7692,1.7783,1.7315,1.7337,168671.731668,1737064799999
1737064800000,1.73,1.73,1.6947,1.7095,178416.864093,1737071999999
1737072000000,1.7102,1.7644,1.6976,1.7567,74537.83974,1737079199999
1737079200000,1.758,1.775,1.7328,1.7391,81724.5065,1737086399999
1737086400000,1.7426,1.7723,1.7407,1.7685,142528.658218,1737093599999
1737093600000,1.7649,1.7691,1.7526,1.7638,58436.079944,1737100799999
1737100800000,1.7631,1.8383,1.7619,1.7909,432655.930688,1737107999999
1737108000000,1.7909,1.8129,1.7839,1.7962,166577.307929,1737115199999
1737115200000,1.7982,1.81,1.7745,1.7824,187289.201205,1737122399999
1737122400000,1.7834,1.813,1.7687,1.7875,218023.993371,1737129599999
1737129600000,1.7871,1.8226,1.7755,1.7835,255413.739477,1737136799999
1737136800000,1.7862,1.8028,1.7729,1.7907,124097.693095,1737143999999
1737144000000,1.7904,1.8639,1.7838,1.8118,339433.532236,1737151199999
1737151200000,1.8171,1.8449,1.8064,1.8187,158632.700307,1737158399999
1737158400000,1.8235,1.9329,1.8235,1.9219,176908.542006,1737165599999
1737165600000,1.9192,1.9257,1.8152,1.825,125990.689084,1737172799999
1737172800000,1.8302,1.8688,1.7826,1.7881,170943.521332,1737179999999
1737180000000,1.8028,1.8836,1.7907,1.793,347725.770311,1737187199999
1737187200000,1.7936,1.7961,1.7399,1.7835,327832.749719,1737194399999
1737194400000,1.7816,1.8225,1.7705,1.7795,251582.974038,1737201599999
1737201600000,1.7809,1.8013,1.7651,1.7891,278489.328679,1737208799999
1737208800000,1.7877,1.8046,1.7245,1.7745,342763.272288,1737215999999
1737216000000,1.7752,1.8083,1.7217,1.7347,439282.439351,1737223199999
1737223200000,1.7333,1.7489,1.7119,1.7374,155319.539326,1737230399999
1737230400000,1.7333,1.7355,1.6881,1.7027,243356.594549,1737237599999
1737237600000,1.7034,1.7318,1.6946,1.7177,156140.29318,1737244799999
1737244800000,1.7186,1.7465,1.7041,1.7139,98842.052918,1737251999999
1737266400000,1.7178,1.7358,1.6859,1.6864,219568.38476,1737273599999
1737273600000,1.6822,1.6822,1.56,1.5972,741430.368481,1737280799999
1737280800000,1.5994,1.5994,1.5134,1.5282,431117.849124,1737287999999
1737288000000,1.5275,1.5656,1.5227,1.5546,316690.629861,1737295199999
1737295200000,1.5532,1.607,1.5532,1.5883,334710.791246,1737302399999
1737302400000,1.5874,1.6368,1.58,1.636,281728.153598,1737309599999
1737309600000,1.6376,1.7,1.6225,1.6843,364302.611292,1737316799999
1737316800000,1.684,1.7264,1.5758,1.5784,586931.001442,1737323999999
1737324000000,1.5794,1.5962,1.4633,1.4947,675364.792292,1737331199999
1737331200000,1.4946,1.4957,1.39,1.402,623363.78939,1737338399999
1737338400000,1.3996,1.4283,1.3618,1.3998,138659.255877,1737345599999
1737345600000,1.3972,1.4321,1.3778,1.3851,204257.57469,1737352799999
1737352800000,1.3873,1.5528,1.3815,1.5077,596291.479062,1737359999999
1737360000000,1.512,1.5538,1.4995,1.5131,211789.159747,1737367199999
1737367200000,1.5135,1.5212,1.4722,1.5029,186842.776791,1737374399999
1737374400000,1.5056,1.5056,1.4117,1.4285,532129.733842,1737381599999
1737381600000,1.4272,1.4439,1.4028,1.407,400031.338824,1737388799999
1737388800000,1.4055,1.4384,1.3154,1.355,963231.910801,1737395999999
1737396000000,1.3616,1.3822,1.3552,1.3634,485141.272014,1737403199999
1737403200000,1.3634,1.3843,1.3324,1.3359,242317.316448,1737410399999
1737410400000,1.3335,1.378,1.3164,1.3348,235333.675569,1737417599999
1737417600000,1.3368,1.3435,1.289,1.3028,267033.033362,1737424799999
1737424800000,1.3028,1.3092,1.2769,1.3,249023.709343,1737431999999
1737432000000,1.2962,1.3322,1.265,1.309,125964.696416,1737439199999
1737439200000,1.3043,1.3327,1.299,1.3036,157203.042279,1737446399999
1737446400000,1.3042,1.3313,1.2963,1.3196,171925.078524,1737453599999
1737453600000,1.3233,1.3873,1.3128,1.3791,280920.876531,1737460799999
1737460800000,1.3777,1.3895,1.3473,1.3676,309204.539173,1737467999999
1737468000000,1.368,1.3956,1.3447,1.3757,364314.49076,1737475199999
1737475200000,1.379,1.4479,1.3673,1.4401,514506.841382,1737482399999
1737482400000,1.4419,1.4618,1.4162,1.4282,209386.4852,1737489599999
1737489600000,1.4311,1.4445,1.411,1.411,100094.569854,1737496799999
1737496800000,1.408,1.4168,1.3817,1.3967,230864.027668,1737503999999
1737504000000,1.3968,1.3985,1.3736,1.3736,78940.425856,1737511199999
1737511200000,1.377,1.4053,1.3682,1.3911,46920.98523,1737518399999
1737518400000,1.3892,1.3979,1.3697,1.3815,61623.579493,1737525599999
1737525600000,1.3802,1.389,1.3672,1.3865,130072.747278,1737532799999
1737532800000,1.3851,1.3996,1.3657,1.3791,115144.267773,1737539999999
1737540000000,1.381,1.3964,1.3651,1.3867,74781.504208,1737547199999
1737547200000,1.3896,1.3931,1.3582,1.3639,209038.002926,1737554399999
1737554400000,1.3639,1.3788,1.3485,1.3653,150177.181156,1737561599999
1737561600000,1.3641,1.387,1.3507,1.3844,102536.836875,1737568799999
1737568800000,1.3833,1.3879,1.34,1.381,152815.557488,1737575999999
1737576000000,1.3821,1.4271,1.3804,1.3885,159771.509681,1737583199999
1737583200000,1.3862,1.4031,1.3538,1.3617,128093.541649,1737590399999
1737590400000,1.3618,1.3742,1.3429,1.3441,73201.093734,1737597599999
1737597600000,1.347,1.3479,1.3262,1.335,77622.923781,1737604799999
1737604800000,1.3341,1.3574,1.3258,1.352,221012.864601,1737611999999
1737612000000,1.3525,1.3774,1.3368,1.3731,70522.828552,1737619199999
1737619200000,1.3724,1.3767,1.3436,1.3455,244296.760737,1737626399999
1737626400000,1.3509,1.3588,1.3364,1.3532,84558.111805,1737633599999
1737633600000,1.3495,1.3521,1.3183,1.3521,84424.129083,1737640799999
1737640800000,1.3475,1.3866,1.3299,1.3594,458946.395748,1737647999999
1737648000000,1.3649,1.4049,1.3397,1.3557,217558.787877,1737655199999
1737655200000,1.3564,1.36,1.2993,1.3022,356296.669306,1737662399999
1737662400000,1.3019,1.3607,1.2921,1.31,1038243.633211,1737669599999
1737669600000,1.3107,1.3735,1.3081,1.3636,66223.250192,1737676799999
1737676800000,1.3681,1.3829,1.3288,1.3288,73317.578371,1737683999999
1737684000000,1.3318,1.3345,1.2993,1.3219,54044.499622,1737691199999
1737691200000,1.3215,1.3824,1.3169,1.3745,58254.933282,1737698399999
1737698400000,1.3842,1.3852,1.3643,1.3757,61986.697147,1737705599999
1737705600000,1.3747,1.3875,1.3652,1.3686,90987.53018,1737712799999
1737712800000,1.3707,1.4,1.3611,1.3921,62172.029731,1737719999999
1737720000000,1.3954,1.4,1.3775,1.3896,98873.049761,1737727199999
1737727200000,1.3889,1.4055,1.3556,1.3647,97744.297073,1737734399999
1737734400000,1.3668,1.3721,1.3441,1.3689,272080.809195,1737741599999
1737741600000,1.3725,1.3753,1.3408,1.3429,38134.288242,1737748799999
1737748800000,1.3446,1.3499,1.2845,1.2907,175435.741091,1737755999999
1737756000000,1.287,1.287,1.203,1.2243,366376.898666,1737763199999
1737763200000,1.2289,1.2293,1.1693,1.1956,576243.827887,1737770399999
1737770400000,1.1906,1.2371,1.1889,1.2319,226738.280038,1737777599999
1737777600000,1.232,1.2677,1.2123,1.2316,135837.35797,1737784799999
1737784800000,1.2417,1.2497,1.2116,1.216,124975.980438,1737791999999
1737792000000,1.2169,1.2291,1.2146,1.2175,82041.204525,1737799199999
1737799200000,1.215,1.2365,1.1989,1.2331,139062.80431,1737806399999
1737806400000,1.2312,1.2327,1.2146,1.2259,69832.481796,1737813599999
1737813600000,1.2243,1.2583,1.2172,1.2558,107687.730774,1737820799999
1737820800000,1.2596,1.2644,1.2328,1.246,96043.33091,1737827999999
1737828000000,1.254,1.2565,1.2358,1.2445,165608.338879,1737835199999
1737835200000,1.2451,1.2491,1.2194,1.2295,103606.75132,1737842399999
1737842400000,1.2322,1.2393,1.2175,1.218,54887.029269,1737849599999
1737849600000,1.2174,1.2353,1.2146,1.2251,59248.819092,1737856799999
1737856800000,1.2225,1.2379,1.2148,1.2379,21668.174291,1737863999999
1737864000000,1.2312,1.245,1.2187,1.2234,20472.277903,1737871199999
1737871200000,1.2181,1.226,1.2165,1.2211,32587.865682,1737878399999
1737878400000,1.2241,1.2246,1.198,1.2002,90422.680507,1737885599999
1737885600000,1.2051,1.2254,1.1939,1.2246,70465.297242,1737892799999
1737892800000,1.2219,1.2367,1.2127,1.2279,94255.636665,1737899999999
1737900000000,1.2256,1.2331,1.2224,1.2274,77231.066441,1737907199999
1737907200000,1.2253,1.2449,1.2174,1.2403,59603.795431,1737914399999
1737914400000,1.2373,1.2389,1.225,1.2327,36942.481929,1737921599999
1737921600000,1.2334,1.2355,1.202,1.202,112930.629235,1737928799999
1737928800000,1.2,1.2134,1.1511,1.1566,455952.115479,1737935999999
1737936000000,1.157,1.157,1.105,1.1128,302176.361181,1737943199999
1737943200000,1.1109,1.1221,1.0929,1.1108,202512.077258,1737950399999
1737950400000,1.1114,1.1137,1.083,1.0895,208103.37435,1737957599999
1737957600000,1.0895,1.0983,1.0307,1.0739,492346.300024,1737964799999
1737964800000,1.0737,1.0737,1.0314,1.0535,446447.737603,1737971999999
1737972000000,1.0524,1.0613,1.0294,1.0495,505094.990453,1737979199999
1737979200000,1.0487,1.0966,1.0439,1.0701,359732.647945,1737986399999
1737986400000,1.0683,1.0932,1.06,1.0819,180886.582462,1737993599999
1737993600000,1.0796,1.0832,1.055,1.0599,239490.385866,1738000799999
1738000800000,1.0608,1.0693,1.0465,1.0557,245386.53328,1738007999999
1738008000000,1.0567,1.1292,1.0567,1.1069,281059.50921,1738015199999
1738015200000,1.1089,1.1337,1.1079,1.1326,140689.275008,1738022399999
1738022400000,1.1362,1.15,1.1175,1.1307,98168.037595,1738029599999
1738029600000,1.1304,1.1522,1.1296,1.1323,56244.692245,1738036799999
1738036800000,1.1335,1.1473,1.1284,1.1312,54857.503623,1738043999999
1738044000000,1.133,1.1333,1.1062,1.1087,153295.422294,1738051199999
1738051200000,1.1082,1.1089,1.0921,1.1047,160701.966418,1738058399999
1738058400000,1.0984,1.1031,1.0877,1.0913,72955.605424,1738065599999
1738065600000,1.0895,1.102,1.0745,1.0876,177072.238036,1738072799999
1738072800000,1.0821,1.1056,1.07,1.0726,430131.45201,1738079999999
1738080000000,1.0753,1.0758,1.0374,1.0468,226023.631977,1738087199999
1738087200000,1.0419,1.0452,0.98268,0.99308,446428.900746,1738094399999
1738094400000,0.99422,1.0046,0.94897,0.95324,1142343.432621,1738101599999
1738101600000,0.95373,1.0422,0.93659,1.0122,2107706.473881,1738108799999
1738108800000,1.0136,1.2019,1.0099,1.1631,1642848.121138,1738115999999
1738116000000,1.1633,1.3179,1.1633,1.2215,1932827.637997,1738123199999
1738123200000,1.2234,1.2396,1.1868,1.225,900079.689017,1738130399999
1738130400000,1.2251,1.3107,1.2238,1.2703,1016590.966566,1738137599999
1738137600000,1.2694,1.3088,1.2444,1.2703,1042244.466085,1738144799999
1738144800000,1.2714,1.3225,1.259,1.2843,867530.988201,1738151999999
1738152000000,1.2844,1.2918,1.1411,1.1414,1269349.525627,1738159199999
1738159200000,1.1399,1.1911,1.1269,1.1522,1340839.20666,1738166399999
1738166400000,1.15,1.1961,1.1362,1.1663,813186.753044,1738173599999
1738173600000,1.1666,1.2449,1.1171,1.1862,1738373.921444,1738180799999
1738180800000,1.1864,1.2348,1.1615,1.1782,972359.517674,1738187999999
1738188000000,1.1777,1.1844,1.1302,1.1359,538079.381387,1738195199999
1738195200000,1.1381,1.1795,1.1263,1.1558,306481.534387,1738202399999
1738202400000,1.156,1.1774,1.135,1.1759,179355.364017,1738209599999
1738209600000,1.1797,1.1821,1.1441,1.1511,184766.098799,1738216799999
1738216800000,1.1527,1.1601,1.1349,1.1463,351892.460452,1738223999999
1738224000000,1.1466,1.171,1.1394,1.1641,362035.787744,1738231199999
1738231200000,1.1599,1.1728,1.1503,1.1591,310244.490852,1738238399999
1738238400000,1.1597,1.1706,1.1371,1.1646,246755.491434,1738245599999
1738245600000,1.1656,1.21,1.1529,1.1542,765335.430874,1738252799999
1738252800000,1.1562,1.1975,1.1537,1.1753,433534.276198,1738259999999
1738260000000,1.1764,1.1764,1.145,1.151,246166.591319,1738267199999
1738267200000,1.1529,1.1529,1.1315,1.138,304368.758231,1738274399999
1738274400000,1.1393,1.1458,1.1084,1.109,390464.787955,1738281599999
1738281600000,1.1102,1.125,1.0891,1.125,237371.210737,1738288799999
1738288800000,1.1305,1.1434,1.1146,1.1399,71786.727262,1738295999999
1738296000000,1.1412,1.1521,1.1325,1.1358,40835.703612,1738303199999
1738303200000,1.1342,1.1379,1.1156,1.1185,100780.349259,1738310399999
1738310400000,1.1172,1.1336,1.1138,1.1258,171267.947952,1738317599999
1738317600000,1.1301,1.169,1.1264,1.1662,197070.078504,1738324799999
1738324800000,1.1654,1.1944,1.1587,1.1916,431880.309879,1738331999999
1738332000000,1.1936,1.2333,1.1655,1.2238,487709.907013,1738339199999
1738339200000,1.2279,1.2621,1.2085,1.2104,684137.413436,1738346399999
1738346400000,1.2117,1.2141,1.0692,1.1394,2297997.158595,1738353599999
1738353600000,1.1382,1.1438,1.078,1.1107,741389.468413,1738360799999
1738360800000,1.1087,1.1138,1.0941,1.096,631282.370055,1738367999999
1738368000000,1.0955,1.1334,1.092,1.1236,167571.588372,1738375199999
1738375200000,1.123,1.123,1.0744,1.0803,283831.191527,1738382399999
1738382400000,1.0824,1.1055,1.0745,1.092,140979.713928,1738389599999
1738389600000,1.0891,1.0891,1.0682,1.0749,209214.312511,1738396799999
1738396800000,1.0767,1.0831,1.048,1.0533,430359.361332,1738403999999
1738404000000,1.0553,1.072,1.0517,1.0622,292896.939141,1738411199999
1738411200000,1.06,1.078,1.0542,1.0573,154056.269415,1738418399999
1738418400000,1.0548,1.0642,1.0386,1.0515,328996.992274,1738425599999
1738425600000,1.0525,1.0618,1.034,1.051,228542.878042,1738432799999
1738432800000,1.0512,1.0512,0.98,0.995,866829.275573,1738439999999
1738440000000,0.99883,1.0062,0.97439,0.98893,711134.498147,1738447199999
1738447200000,0.98897,0.99239,0.96235,0.97569,483182.675792,1738454399999
1738454400000,0.975,0.99353,0.96738,0.98421,353268.100139,1738461599999
1738461600000,0.98365,0.98452,0.94793,0.94995,403881.404235,1738468799999
1738468800000,0.95099,0.98689,0.94956,0.9678,191439.626013,1738475999999
1738476000000,0.9687,0.9953,0.96762,0.97936,237161.531631,1738483199999
1738483200000,0.97953,0.98581,0.9679,0.9775,328929.300377,1738490399999
1738490400000,0.97546,0.97546,0.9394,0.94819,400220.754644,1738497599999
1738497600000,0.94773,0.98534,0.935,0.9841,546012.966503,1738504799999
1738504800000,0.98798,1.032,0.98403,1.0041,939310.148296,1738511999999
1738512000000,1.0068,1.0089,0.96857,0.98513,744285.884155,1738519199999
1738519200000,0.98638,1.0183,0.89,0.95244,2627559.966325,1738526399999
1738526400000,0.95425,0.98765,0.92792,0.93064,796552.15473,1738533599999
1738533600000,0.93305,0.96237,0.85388,0.92579,1441147.358928,1738540799999
1738540800000,0.92669,0.92671,0.67613,0.73868,2333974.249655,1738547999999
1738548000000,0.74514,0.75004,0.62456,0.71686,2700919.608157,1738555199999
1738555200000,0.71265,0.72133,0.66951,0.71111,1126110.107588,1738562399999
1738562400000,0.70941,0.74926,0.698,0.74628,912627.1025,1738569599999
1738569600000,0.74647,0.7574,0.7072,0.71792,1101417.697082,1738576799999
1738576800000,0.72082,0.75253,0.71986,0.72314,861044.868318,1738583999999
1738584000000,0.72765,0.74343,0.705,0.71997,698947.143967,1738591199999
1738591200000,0.72001,0.79476,0.67602,0.78172,1986093.198124,1738598399999
1738598400000,0.78192,0.82225,0.77904,0.79689,1392211.771886,1738605599999
1738605600000,0.7924,0.8527,0.79002,0.84654,1095805.712069,1738612799999
1738612800000,0.84588,0.86126,0.81728,0.85484,1088000.72885,1738619999999
1738620000000,0.8529,0.87,0.83105,0.83577,1080633.184453,1738627199999
1738627200000,0.83469,0.86454,0.83409,0.86311,292468.760611,1738634399999
1738634400000,0.85657,0.85657,0.81643,0.82076,260714.545893,1738641599999
1738641600000,0.82339,0.82714,0.74847,0.75232,844748.162665,1738648799999
1738648800000,0.75432,0.76644,0.72506,0.72588,560863.426557,1738655999999
1738656000000,0.72894,0.7465,0.72324,0.72559,631855.129037,1738663199999
1738663200000,0.72563,0.75036,0.72498,0.73899,631343.880742,1738670399999
1738670400000,0.74147,0.7788,0.74147,0.7496,572696.509258,1738677599999
1738677600000,0.75302,0.79197,0.74761,0.77164,967284.500588,1738684799999
1738684800000,0.77059,0.788,0.76495,0.77816,311268.760657,1738691999999
1738692000000,0.77528,0.81467,0.76537,0.76537,1033963.862046,1738699199999
1738699200000,0.7657,0.77525,0.72975,0.73148,1298615.544455,1738706399999
1738706400000,0.73,0.7789,0.73,0.77527,655962.425264,1738713599999
1738713600000,0.77198,0.80421,0.76692,0.78876,452712.52346,1738720799999
1738720800000,0.79091,0.80842,0.78934,0.80307,333666.956759,1738727999999
1738728000000,0.80326,0.82207,0.79747,0.81623,203638.622118,1738735199999
1738735200000,0.8156,0.82194,0.79512,0.80094,154741.484444,1738742399999
1738742400000,0.80456,0.81625,0.78855,0.79371,446665.94533,1738749599999
1738749600000,0.7922,0.80828,0.79165,0.807,270044.569029,1738756799999
1738756800000,0.80756,0.81035,0.79,0.79981,308484.006868,1738763999999
1738764000000,0.80065,0.80991,0.77823,0.79051,582743.645096,1738771199999
1738771200000,0.79166,0.79325,0.75166,0.75477,734717.117233,1738778399999
1738778400000,0.75385,0.77763,0.75127,0.77434,422768.186946,1738785599999
1738785600000,0.77488,0.7789,0.74811,0.7558,386548.901587,1738792799999
1738792800000,0.75461,0.76652,0.74177,0.76382,334301.568454,1738799999999
1738800000000,0.76442,0.78621,0.76428,0.76543,230269.402383,1738807199999
1738807200000,0.76697,0.77836,0.75805,0.77227,141035.461649,1738814399999
1738814400000,0.77049,0.78013,0.76807,0.77374,50020.338563,1738821599999
1738821600000,0.76981,0.78762,0.7682,0.77556,147481.238468,1738828799999
1738828800000,0.77583,0.79029,0.77205,0.78144,220286.129675,1738835999999
1738836000000,0.77944,0.78282,0.75972,0.76576,265394.990626,1738843199999
1738843200000,0.76717,0.76747,0.74673,0.76109,218333.623315,1738850399999
1738850400000,0.76077,0.76077,0.70926,0.71449,449598.532292,1738857599999
1738857600000,0.71352,0.718,0.69492,0.70171,453049.03081,1738864799999
1738864800000,0.70221,0.70577,0.68538,0.69052,641642.688089,1738871999999
1738872000000,0.69136,0.70638,0.68608,0.70408,250884.669464,1738879199999
1738879200000,0.70496,0.70496,0.676,0.68607,457390.674871,1738886399999
1738886400000,0.68559,0.7166,0.68398,0.71071,150830.308992,1738893599999
1738893600000,0.70988,0.71457,0.69592,0.69848,181826.283845,1738900799999
1738900800000,0.6994,0.70373,0.69041,0.69598,117887.125114,1738907999999
1738908000000,0.69633,0.70785,0.68189,0.70583,219864.344266,1738915199999
1738915200000,0.70669,0.72047,0.6995,0.72041,181391.543343,1738922399999
1738922400000,0.72284,0.73052,0.71684,0.72539,373766.033372,1738929599999
1738929600000,0.72451,0.7456,0.71314,0.73959,506083.803539,1738936799999
1738936800000,0.73915,0.75533,0.71722,0.71897,846870.120283,1738943999999
1738944000000,0.71927,0.72811,0.69717,0.69933,534897.077777,1738951199999
1738951200000,0.69765,0.71134,0.69331,0.69978,370950.134801,1738958399999
1738958400000,0.69492,0.69492,0.63463,0.63511,799967.157274,1738965599999
1738965600000,0.635,0.65904,0.62706,0.6569,856842.360236,1738972799999
1738972800000,0.65688,0.6631,0.65334,0.65334,176754.560559,1738979999999
1738980000000,0.65499,0.65553,0.64293,0.64854,186828.019138,1738987199999
1738987200000,0.6483,0.65153,0.64,0.64593,164794.480011,1738994399999
1738994400000,0.64557,0.66569,0.64368,0.66312,168824.073138,1739001599999
1739001600000,0.66427,0.66915,0.65183,0.66563,422958.039572,1739008799999
1739008800000,0.66639,0.66999,0.66118,0.66918,215047.793178,1739015999999
1739016000000,0.6682,0.71464,0.66156,0.69714,735234.406855,1739023199999
1739023200000,0.69347,0.70035,0.67857,0.68502,624769.154409,1739030399999
1739030400000,0.68546,0.71147,0.67627,0.70817,597238.135735,1739037599999
1739037600000,0.70311,0.71233,0.69639,0.7037,385631.948264,1739044799999
1739044800000,0.70307,0.70335,0.69093,0.69597,249894.77727,1739051999999
1739052000000,0.69636,0.70292,0.68681,0.69679,334280.779171,1739059199999
1739059200000,0.69334,0.69525,0.68282,0.68495,120254.908716,1739066399999
1739066400000,0.68594,0.71321,0.67427,0.70917,256861.157875,1739073599999
1739073600000,0.71,0.71,0.68437,0.68792,181532.676303,1739080799999
1739080800000,0.68819,0.69073,0.67791,0.68349,204824.216334,1739087999999
1739088000000,0.68495,0.69031,0.67632,0.68272,381734.60309,1739095199999
1739095200000,0.68226,0.68665,0.67,0.67,313403.336592,1739102399999
1739102400000,0.67188,0.68375,0.65453,0.6567,412776.233719,1739109599999
1739109600000,0.65522,0.67704,0.65522,0.67419,408297.356699,1739116799999
1739116800000,0.67423,0.67782,0.65642,0.66,291225.703793,1739123999999
1739124000000,0.65942,0.665,0.65211,0.65316,329698.876306,1739131199999
1739131200000,0.65296,0.65704,0.59967,0.6035,1212742.370186,1739138399999
1739138400000,0.60233,0.62799,0.59447,0.62368,918169.324031,1739145599999
1739145600000,0.62905,0.64897,0.60909,0.61146,261776.164123,1739152799999
1739152800000,0.61264,0.64375,0.6,0.6348,310542.867254,1739159999999
1739160000000,0.63108,0.65286,0.63053,0.6441,214795.72308,1739167199999
1739167200000,0.64364,0.64438,0.62113,0.62908,601176.539799,1739174399999
1739174400000,0.62681,0.64302,0.62415,0.63915,513235.721165,1739181599999
1739181600000,0.63886,0.64607,0.62692,0.64489,261061.654364,1739188799999
1739188800000,0.64513,0.66667,0.63305,0.66021,625278.499739,1739195999999
1739196000000,0.65949,0.66373,0.63476,0.65133,982780.669065,1739203199999
1739203200000,0.65,0.66513,0.64387,0.65163,388037.292451,1739210399999
1739210400000,0.65406,0.66359,0.64425,0.65278,418259.425902,1739217599999
1739217600000,0.65297,0.66827,0.641,0.64384,488537.43993,1739224799999
1739224800000,0.6435,0.64717,0.63196,0.63777,360329.956843,1739231999999
1739232000000,0.64,0.67086,0.6375,0.6594,416953.673486,1739239199999
1739239200000,0.65919,0.65919,0.63783,0.64043,140370.451054,1739246399999
1739246400000,0.64334,0.67571,0.64161,0.67064,479543.879304,1739253599999
1739253600000,0.67069,0.67259,0.66327,0.66636,507028.489694,1739260799999
1739260800000,0.67041,0.67661,0.65996,0.6616,419456.785244,1739267999999
1739268000000,0.66154,0.66205,0.63991,0.64638,537553.265306,1739275199999
1739275200000,0.64616,0.64616,0.60615,0.61095,642403.022234,1739282399999
1739282400000,0.61158,0.6308,0.61158,0.62067,555925.182114,1739289599999
1739289600000,0.61926,0.62947,0.61,0.61567,523130.904092,1739296799999
1739296800000,0.61441,0.62058,0.59222,0.5967,1449004.854921,1739303999999
1739304000000,0.59633,0.60967,0.59363,0.60135,594090.766608,1739311199999
1739311200000,0.60346,0.61099,0.59188,0.60611,591412.453238,1739318399999
1739318400000,0.60641,0.61026,0.5962,0.60379,354480.239724,1739325599999
1739325600000,0.60202,0.60257,0.56506,0.58233,558617.874407,1739332799999
1739332800000,0.58137,0.58736,0.57274,0.58092,685534.645362,1739339999999
1739340000000,0.57995,0.5806,0.5585,0.56641,1337249.661898,1739347199999
1739347200000,0.56727,0.5748,0.55745,0.56838,980488.142981,1739354399999
1739354400000,0.56772,0.57691,0.558,0.57375,465571.78998,1739361599999
1739361600000,0.57632,0.58723,0.5442,0.55435,1067187.291681,1739368799999
1739368800000,0.55428,0.5605,0.53256,0.55402,1469542.047288,1739375999999
1739376000000,0.55394,0.57951,0.53716,0.57258,1228613.226205,1739383199999
1739383200000,0.57311,0.5756,0.5601,0.5756,699693.098287,1739390399999
1739390400000,0.57604,0.58341,0.56646,0.57772,510372.982758,1739397599999
1739397600000,0.57675,0.59925,0.57524,0.58232,1045391.482907,1739404799999
1739404800000,0.58303,0.60282,0.57627,0.59904,410160.334731,1739411999999
1739412000000,0.59596,0.59864,0.58517,0.59615,519343.841837,1739419199999
1739419200000,0.5967,0.5982,0.57404,0.58125,447773.211886,1739426399999
1739426400000,0.58003,0.5857,0.5688,0.57041,420762.432682,1739433599999
1739433600000,0.57016,0.5792,0.56483,0.57562,570174.499008,1739440799999
1739440800000,0.57473,0.57473,0.55869,0.56609,508148.679505,1739447999999
1739448000000,0.56913,0.5702,0.55909,0.5673,746365.426724,1739455199999
1739455200000,0.56454,0.56904,0.55283,0.55819,575835.513672,1739462399999
1739462400000,0.55775,0.56559,0.54859,0.56258,528544.838974,1739469599999
1739469600000,0.56085,0.589,0.55719,0.57892,845091.504865,1739476799999
1739476800000,0.57736,0.58197,0.56539,0.56674,268168.893004,1739483999999
1739484000000,0.56705,0.56831,0.55464,0.56398,396353.543164,1739491199999
1739491200000,0.56423,0.57246,0.55912,0.56734,361572.710223,1739498399999
1739498400000,0.56929,0.58522,0.56618,0.58423,240743.432132,1739505599999
1739505600000,0.58387,0.59689,0.58178,0.59375,413279.464202,1739512799999
1739512800000,0.59054,0.6214,0.58993,0.61204,916658.076646,1739519999999
1739520000000,0.61221,0.6672,0.61212,0.66675,1843178.385362,1739527199999
1739527200000,0.66696,0.69498,0.66695,0.67957,3083692.346081,1739534399999
1739534400000,0.67953,0.69042,0.66228,0.68316,1401377.357683,1739541599999
1739541600000,0.6848,0.70982,0.67431,0.70858,1514627.523672,1739548799999
1739548800000,0.70796,0.73531,0.69131,0.71572,1239627.784203,1739555999999
1739556000000,0.71645,0.76,0.70934,0.73731,1807240.217625,1739563199999
1739563200000,0.73855,0.74093,0.70311,0.72076,1012335.128286,1739570399999
1739570400000,0.71848,0.71976,0.67714,0.69388,894290.384958,1739577599999
1739577600000,0.69277,0.6939,0.66823,0.68645,467790.189565,1739584799999
1739584800000,0.68438,0.693,0.67641,0.67818,501969.425644,1739591999999
1739592000000,0.67642,0.68013,0.66725,0.67361,378118.716309,1739599199999
1739599200000,0.67165,0.67498,0.65652,0.66494,672360.897498,1739606399999
1739606400000,0.66503,0.68454,0.66133,0.67235,555885.403309,1739613599999
1739613600000,0.67233,0.67233,0.65114,0.66121,565464.432457,1739620799999
1739620800000,0.66058,0.67067,0.65966,0.66207,393619.859227,1739627999999
1739628000000,0.66267,0.665,0.64837,0.65371,479697.174854,1739635199999
1739635200000,0.65333,0.6638,0.64628,0.6557,543584.928461,1739642399999
1739642400000,0.65564,0.66511,0.65378,0.65614,321695.638672,1739649599999
1739649600000,0.65616,0.65936,0.64634,0.65263,182533.193737,1739656799999
1739656800000,0.652,0.65958,0.64417,0.65633,330622.541907,1739663999999
1739664000000,0.65635,0.66158,0.64669,0.65867,225144.048021,1739671199999
1739671200000,0.65784,0.6666,0.64742,0.66574,379148.453143,1739678399999
1739678400000,0.6662,0.67176,0.65109,0.6551,275265.300719,1739685599999
1739685600000,0.6557,0.6616,0.63852,0.64068,523616.306119,1739692799999
1739692800000,0.64239,0.65541,0.63547,0.65541,437542.476085,1739699999999
1739700000000,0.65424,0.65763,0.64876,0.65739,331022.842769,1739707199999
1739707200000,0.659,0.65909,0.63703,0.63836,98530.889,1739714399999
1739714400000,0.63517,0.64311,0.62766,0.63858,237270.01436,1739721599999
1739721600000,0.63802,0.64246,0.62674,0.62967,311846.955044,1739728799999
1739728800000,0.62861,0.63,0.61783,0.62952,615156.157071,1739735999999
1739736000000,0.62844,0.6324,0.61702,0.63103,300437.5893,1739743199999
1739743200000,0.63182,0.63521,0.62355,0.62863,157293.414926,1739750399999
1739750400000,0.62759,0.64148,0.62729,0.639,110438.980742,1739757599999
1739757600000,0.63797,0.64119,0.629,0.63874,133390.343985,1739764799999
1739764800000,0.64019,0.64238,0.60806,0.635,495872.157418,1739771999999
1739772000000,0.6359,0.64,0.62335,0.6271,440501.432822,1739779199999
1739779200000,0.62741,0.65986,0.62408,0.65761,354481.707929,1739786399999
1739786400000,0.6558,0.66957,0.64751,0.6535,406058.967141,1739793599999
1739793600000,0.65608,0.66876,0.64993,0.655,454647.31351,1739800799999
1739800800000,0.65377,0.66561,0.6262,0.62892,482985.386091,1739807999999
1739808000000,0.62902,0.63115,0.59806,0.59806,960102.147311,1739815199999
1739815200000,0.59915,0.60216,0.58977,0.59535,1086722.387175,1739822399999
1739822400000,0.59519,0.61792,0.59264,0.61792,394087.090687,1739829599999
1739829600000,0.61839,0.61901,0.59834,0.60206,364122.191048,1739836799999
1739836800000,0.60283,0.60755,0.59641,0.60177,301531.197198,1739843999999
1739844000000,0.60338,0.6044,0.59391,0.60049,238511.833864,1739851199999
1739851200000,0.59987,0.602,0.58585,0.58729,307621.969802,1739858399999
1739858400000,0.58809,0.58978,0.57784,0.58715,682827.720813,1739865599999
1739865600000,0.58692,0.60073,0.57681,0.60038,511635.843298,1739872799999
1739872800000,0.59997,0.60386,0.59731,0.60053,565064.265313,1739879999999
1739880000000,0.601,0.60489,0.59217,0.59285,316413.871847,1739887199999
1739887200000,0.59281,0.59451,0.55713,0.55965,778315.001605,1739894399999
1739894400000,0.56022,0.5701,0.552,0.56251,600105.410733,1739901599999
1739901600000,0.56346,0.57606,0.56237,0.57196,372829.793401,1739908799999
1739908800000,0.57154,0.59293,0.57098,0.5874,316285.640809,1739915999999
1739916000000,0.5849,0.59404,0.58399,0.58876,443191.600933,1739923199999
1739923200000,0.5891,0.59448,0.58731,0.58919,239057.703264,1739930399999
1739930400000,0.58997,0.59552,0.58566,0.59079,217120.515385,1739937599999
1739937600000,0.59119,0.59191,0.57988,0.59052,239014.765012,1739944799999
1739944800000,0.59135,0.61116,0.58852,0.6069,731173.176926,1739951999999
1739952000000,0.60718,0.61178,0.5979,0.60275,451471.537513,1739959199999
1739959200000,0.60263,0.61234,0.60082,0.60564,345167.847603,1739966399999
1739966400000,0.60537,0.60639,0.5957,0.60536,474521.630389,1739973599999
1739973600000,0.60617,0.60783,0.58797,0.5956,525000.546555,1739980799999
1739980800000,0.59655,0.606,0.59233,0.59452,295392.82237,1739987999999
1739988000000,0.59424,0.5964,0.58565,0.5902,496255.93322,1739995199999
1739995200000,0.59047,0.59601,0.57781,0.57997,294519.665374,1740002399999
1740002400000,0.57848,0.59038,0.5723,0.58347,587494.5008,1740009599999
1740009600000,0.58356,0.6,0.58126,0.58297,356141.992404,1740016799999
1740016800000,0.58455,0.60022,0.58353,0.59592,209651.177841,1740023999999
1740024000000,0.59507,0.60265,0.58879,0.59016,227882.190753,1740031199999
1740031200000,0.58948,0.59209,0.58386,0.58991,612450.279968,1740038399999
1740038400000,0.58904,0.59181,0.58522,0.58811,177051.262402,1740045599999
1740045600000,0.5904,0.60116,0.5904,0.5984,143301.73819,1740052799999
1740052800000,0.59926,0.60262,0.58893,0.59259,365250.050511,1740059999999
1740060000000,0.59292,0.60176,0.57336,0.5765,590450.594549,1740067199999
1740067200000,0.57602,0.59,0.57443,0.58522,520414.738479,1740074399999
1740074400000,0.58582,0.60408,0.58582,0.60285,883660.08413,1740081599999
1740081600000,0.60307,0.60754,0.59755,0.60192,756117.026439,1740088799999
1740088800000,0.60107,0.61624,0.59861,0.6146,878355.55623,1740095999999
1740096000000,0.6159,0.62365,0.60654,0.60993,559761.914563,1740103199999
1740103200000,0.61029,0.62163,0.60571,0.60788,657907.508483,1740110399999
1740110400000,0.60988,0.62822,0.60948,0.61431,654229.171438,1740117599999
1740117600000,0.61475,0.62711,0.61196,0.62,646552.571511,1740124799999
1740124800000,0.62244,0.65694,0.62003,0.65279,1169775.633239,1740131999999
1740132000000,0.65045,0.65729,0.64116,0.64631,712922.112091,1740139199999
1740139200000,0.64702,0.69031,0.64498,0.68282,954316.206908,1740146399999
1740146400000,0.68137,0.69476,0.635,0.64783,2108111.292519,1740153599999
1740153600000,0.6484,0.6643,0.63048,0.63308,1708768.816784,1740160799999
1740160800000,0.63231,0.63504,0.60366,0.60964,1351918.200685,1740167999999
1740168000000,0.60999,0.61898,0.60429,0.61043,845109.681495,1740175199999
1740175200000,0.61053,0.62857,0.61012,0.61515,981239.095289,1740182399999
1740182400000,0.61502,0.62342,0.607,0.61833,257863.03785,1740189599999
1740189600000,0.61908,0.62004,0.60522,0.61165,449558.604885,1740196799999
1740196800000,0.61098,0.61667,0.60757,0.6147,289613.075559,1740203999999
1740204000000,0.61234,0.61827,0.60692,0.61173,551947.345887,1740211199999
1740211200000,0.61305,0.6241,0.61142,0.62271,681292.252579,1740218399999
1740218400000,0.62428,0.65296,0.62364,0.64994,1000625.355111,1740225599999
1740225600000,0.65001,0.66386,0.64107,0.65216,903285.296516,1740232799999
1740232800000,0.65303,0.68047,0.64805,0.67152,1205604.573577,1740239999999
1740240000000,0.67141,0.68297,0.66367,0.66769,1529405.876424,1740247199999
1740247200000,0.66663,0.67412,0.66249,0.67207,714433.011412,1740254399999
1740254400000,0.67178,0.68463,0.66523,0.6814,760969.035648,1740261599999
1740261600000,0.68144,0.68663,0.67029,0.67266,827984.94345,1740268799999
1740268800000,0.67299,0.67299,0.65801,0.65943,613864.866035,1740275999999
1740276000000,0.6595,0.66376,0.65266,0.65383,268776.856764,1740283199999
1740283200000,0.6533,0.65474,0.64727,0.64761,249556.561576,1740290399999
1740290400000,0.64737,0.65826,0.64401,0.65502,325984.828842,1740297599999
1740297600000,0.65418,0.65549,0.63938,0.64025,612792.960882,1740304799999
1740304800000,0.6405,0.64361,0.63622,0.63775,325011.003618,1740311999999
1740312000000,0.63885,0.64442,0.63216,0.6419,329327.953969,1740319199999
1740319200000,0.64188,0.64188,0.62902,0.63,609973.916825,1740326399999
1740326400000,0.62948,0.63934,0.62826,0.63658,464700.683505,1740333599999
1740333600000,0.63558,0.63811,0.62907,0.63107,371489.686421,1740340799999
1740340800000,0.63127,0.63297,0.62443,0.62991,513662.352248,1740347999999
1740348000000,0.62952,0.63564,0.62269,0.6289,841052.3005,1740355199999
1740355200000,0.62928,0.63718,0.60911,0.61316,633476.718236,1740362399999
1740362400000,0.61317,0.61819,0.60168,0.605,425881.765864,1740369599999
1740369600000,0.60515,0.60767,0.59334,0.60705,746462.332516,1740376799999
1740376800000,0.60529,0.60672,0.59248,0.59722,704796.175908,1740383999999
1740384000000,0.59577,0.5968,0.58196,0.59161,734330.141906,1740391199999
1740391200000,0.59109,0.59109,0.5757,0.58706,517419.845807,1740398399999
1740398400000,0.58742,0.60368,0.58297,0.58297,563814.664909,1740405599999
1740405600000,0.58465,0.58483,0.56854,0.57917,897766.261849,1740412799999
1740412800000,0.57699,0.58495,0.57243,0.58168,296534.293862,1740419999999
1740420000000,0.58148,0.58296,0.56002,0.56433,595829.693492,1740427199999
1740427200000,0.56301,0.57609,0.56229,0.56229,509103.235315,1740434399999
1740434400000,0.56101,0.56101,0.51314,0.53134,4172670.697455,1740441599999
1740441600000,0.53169,0.53674,0.5131,0.51829,1515486.416152,1740448799999
1740448800000,0.51826,0.52942,0.50871,0.51877,821191.296515,1740455999999
1740456000000,0.51833,0.52497,0.5084,0.52225,1084596.063348,1740463199999
1740463200000,0.52303,0.52364,0.48416,0.50192,2852741.105984,1740470399999
1740470400000,0.50189,0.51136,0.4955,0.49823,1388270.160337,1740477599999
1740477600000,0.49694,0.51122,0.47932,0.50827,2908113.747351,1740484799999
1740484800000,0.50766,0.51495,0.49616,0.49939,2115607.657946,1740491999999
1740492000000,0.49942,0.51132,0.48495,0.50631,1893499.302258,1740499199999
1740499200000,0.50655,0.52452,0.50251,0.5133,1221517.398208,1740506399999
1740506400000,0.51443,0.51981,0.50446,0.51981,711607.542791,1740513599999
1740513600000,0.5196,0.53557,0.51737,0.53197,1311501.921748,1740520799999
1740520800000,0.53279,0.53677,0.52076,0.52238,718500.405821,1740527999999
1740528000000,0.5226,0.53176,0.52205,0.53031,321570.09649,1740535199999
1740535200000,0.53042,0.55833,0.52882,0.54396,696412.759349,1740542399999
1740542400000,0.54384,0.54596,0.5304,0.53203,302804.891294,1740549599999
1740549600000,0.53192,0.54471,0.52932,0.53409,333590.129938,1740556799999
1740556800000,0.53426,0.53745,0.52526,0.53411,293776.272027,1740563999999
1740564000000,0.53018,0.53323,0.51967,0.52106,355612.177406,1740571199999
1740571200000,0.52197,0.52243,0.51254,0.51507,668495.65037,1740578399999
1740578400000,0.51495,0.54644,0.51144,0.54316,1447127.326637,1740585599999
1740585600000,0.54408,0.54612,0.5204,0.52357,634953.749673,1740592799999
1740592800000,0.52402,0.52976,0.51242,0.51934,1024963.784386,1740599999999
1740600000000,0.51948,0.54619,0.51797,0.54467,1416191.021475,1740607199999
1740607200000,0.54554,0.56462,0.54554,0.55085,768226.275414,1740614399999
1740614400000,0.55281,0.56323,0.5415,0.55368,548120.684414,1740621599999
1740621600000,0.55308,0.56727,0.54945,0.565,433229.484954,1740628799999
1740628800000,0.56346,0.56995,0.55498,0.56687,273733.013251,1740635999999
1740636000000,0.56861,0.59129,0.56666,0.58189,667748.53375,1740643199999
1740643200000,0.5821,0.5837,0.5643,0.56607,653977.330201,1740650399999
1740650400000,0.56541,0.57523,0.56374,0.56679,253679.303597,1740657599999
1740657600000,0.56715,0.56901,0.56028,0.56625,223652.215637,1740664799999
1740664800000,0.56692,0.57556,0.55522,0.56902,615630.063312,1740671999999
1740672000000,0.57063,0.57119,0.55569,0.56748,254419.189341,1740679199999
1740679200000,0.5668,0.56913,0.55057,0.55413,422188.090073,1740686399999
1740686400000,0.55413,0.56047,0.54168,0.56047,738849.753946,1740693599999
1740693600000,0.5604,0.5657,0.55423,0.56229,306099.213524,1740700799999
1740700800000,0.56182,0.56616,0.54364,0.54674,572960.177187,1740707999999
1740708000000,0.54814,0.56105,0.531,0.53407,928694.545619,1740715199999
1740715200000,0.53469,0.55404,0.52718,0.55298,613438.457955,1740722399999
1740722400000,0.55482,0.55817,0.53689,0.53904,608477.582061,1740729599999
1740729600000,0.53732,0.55795,0.53529,0.54968,754593.88167,1740736799999
1740736800000,0.54969,0.5513,0.53142,0.54371,514326.212011,1740743999999
1740744000000,0.54364,0.57113,0.53458,0.56248,1144012.227224,1740751199999
1740751200000,0.56185,0.59363,0.56185,0.59003,1528290.57219,1740758399999
1740758400000,0.59065,0.59683,0.58594,0.59439,470852.886196,1740765599999
1740765600000,0.5944,0.6087,0.5944,0.59881,774567.164042,1740772799999
1740772800000,0.59881,0.62308,0.59524,0.61489,590568.622709,1740779999999
1740780000000,0.61319,0.61425,0.59786,0.60631,800806.388198,1740787199999
1740787200000,0.60716,0.61209,0.59613,0.61122,221018.588809,1740794399999
1740794400000,0.61111,0.63867,0.607,0.63377,847070.170868,1740801599999
1740801600000,0.63257,0.63987,0.62366,0.6287,457025.067528,1740808799999
1740808800000,0.62605,0.62974,0.6196,0.62242,392353.382278,1740815999999
1740816000000,0.62328,0.62328,0.59995,0.60702,234103.041029,1740823199999
1740823200000,0.60693,0.60734,0.59124,0.59262,602579.91497,1740830399999
1740830400000,0.59319,0.6023,0.58209,0.58622,662168.98802,1740837599999
1740837600000,0.58634,0.58968,0.575,0.58067,481811.258247,1740844799999
1740844800000,0.58023,0.58574,0.57285,0.57336,312034.583866,1740851999999
1740852000000,0.57204,0.5813,0.56872,0.57722,383586.82833,1740859199999
1740859200000,0.57738,0.59788,0.57497,0.59428,418212.688506,1740866399999
1740866400000,0.59433,0.59827,0.58441,0.58947,526114.333157,1740873599999
1740873600000,0.58969,0.59751,0.58648,0.5911,268219.170302,1740880799999
1740895200000,0.59999,0.61066,0.59441,0.60844,104409.69095,1740902399999
1740902400000,0.60737,0.65413,0.60442,0.63251,773664.185114,1740909599999
1740909600000,0.63141,0.65091,0.62912,0.64835,922850.985499,1740916799999
1740916800000,0.64807,0.655,0.63623,0.64187,656535.721272,1740923999999
1740924000000,0.64081,0.69149,0.62377,0.66659,1721593.177189,1740931199999
1740931200000,0.66754,0.73,0.66149,0.71193,3332941.253603,1740938399999
1740938400000,0.71442,0.75554,0.7078,0.73481,1936454.841503,1740945599999
1740945600000,0.73329,0.73775,0.72052,0.72668,1408789.934326,1740952799999
1740952800000,0.72576,0.74019,0.72268,0.73233,513332.227535,1740959999999
1740960000000,0.73216,0.7374,0.71919,0.72058,392875.992922,1740967199999
1740967200000,0.71968,0.74374,0.70856,0.73785,616368.052032,1740974399999
1740974400000,0.73742,0.7571,0.7309,0.7451,557918.299128,1740981599999
1740981600000,0.74411,0.75776,0.70652,0.73367,1446616.396748,1740988799999
1740988800000,0.7339,0.74527,0.7245,0.73557,1211985.026207,1740995999999
1740996000000,0.73367,0.75278,0.72651,0.73729,705018.838476,1741003199999
1741003200000,0.73577,0.74833,0.7243,0.73248,748855.980723,1741010399999
1741010400000,0.73087,0.73184,0.69018,0.69103,1631440.980041,1741017599999
1741017600000,0.69115,0.69369,0.67774,0.68554,700850.395227,1741024799999
1741024800000,0.6823,0.68369,0.62423,0.62708,2164693.001222,1741031999999
1741032000000,0.62744,0.63474,0.60278,0.60455,1125798.544226,1741039199999
1741039200000,0.60588,0.62815,0.60588,0.61344,672146.515034,1741046399999
1741046400000,0.6136,0.61699,0.5806,0.5806,1159046.664483,1741053599999
1741053600000,0.58001,0.58415,0.55712,0.57704,1027817.562092,1741060799999
1741060800000,0.5777,0.59658,0.57174,0.58097,669008.474605,1741067999999
1741068000000,0.57955,0.58419,0.57337,0.57547,461195.38427,1741075199999
1741075200000,0.57538,0.57759,0.55869,0.55916,809589.810168,1741082399999
1741082400000,0.55828,0.57019,0.55679,0.56205,790381.199598,1741089599999
1741089600000,0.56061,0.5612,0.53858,0.54257,1340969.184936,1741096799999
1741096800000,0.5426,0.5795,0.537,0.55388,5505451.52974999,1741103999999
1741104000000,0.55419,0.55891,0.51117,0.55146,2907168.044807,1741111199999
1741111200000,0.55318,0.55397,0.54037,0.54668,1374355.674417,1741118399999
1741118400000,0.54636,0.56233,0.52754,0.54338,1953139.053173,1741125599999
1741125600000,0.54485,0.54783,0.53849,0.54137,1081046.914107,1741132799999
1741132800000,0.54094,0.5431,0.52812,0.54149,1323990.417311,1741139999999
1741140000000,0.54238,0.54634,0.52981,0.52981,1231720.272362,1741147199999
1741147200000,0.53,0.54352,0.52997,0.54223,1008314.637628,1741154399999
1741154400000,0.5424,0.54551,0.53437,0.53803,1239751.734661,1741161599999
1741161600000,0.53747,0.55915,0.53694,0.55774,2089281.915603,1741168799999
1741168800000,0.55759,0.57616,0.54257,0.5453,1465565.062362,1741175999999
1741176000000,0.54544,0.55759,0.53826,0.54029,736164.281273,1741183199999
1741183200000,0.54032,0.54154,0.52054,0.52621,1200563.792655,1741190399999
1741190400000,0.52593,0.53564,0.51215,0.53094,1367393.930284,1741197599999
1741197600000,0.53105,0.54542,0.52905,0.54083,2456009.238992,1741204799999
1741204800000,0.54149,0.54659,0.5384,0.54337,2841167.741618,1741211999999
1741212000000,0.54315,0.54465,0.53756,0.53949,966682.189239,1741219199999
1741219200000,0.53952,0.54513,0.52881,0.53418,747844.81466,1741226399999
1741226400000,0.53637,0.54169,0.53278,0.53802,523444.332233,1741233599999
1741233600000,0.53941,0.55059,0.53399,0.54955,765421.239196,1741240799999
1741240800000,0.54967,0.5501,0.53406,0.54161,1748058.457366,1741247999999
1741248000000,0.54059,0.55106,0.54042,0.54287,622530.908815,1741255199999
1741255200000,0.54369,0.55646,0.54139,0.55531,618133.042327,1741262399999
1741262400000,0.55342,0.55345,0.53362,0.54212,1121237.380543,1741269599999
1741269600000,0.54258,0.55126,0.53277,0.54517,1261481.137944,1741276799999
1741276800000,0.54674,0.54938,0.51995,0.52618,676404.653244,1741283999999
1741284000000,0.52356,0.5304,0.51662,0.52808,604916.510715,1741291199999
1741291200000,0.52453,0.53215,0.52122,0.52481,393424.929515,1741298399999
1741298400000,0.52795,0.53677,0.52731,0.52968,673694.241595,1741305599999
1741305600000,0.52971,0.53995,0.488,0.51439,1407056.619597,1741312799999
1741312800000,0.51206,0.52379,0.51031,0.51877,400300.885575,1741319999999
1741320000000,0.51561,0.5188,0.50161,0.50386,480862.297446,1741327199999
1741327200000,0.50414,0.51012,0.50146,0.50669,324446.478633,1741334399999
1741334400000,0.50925,0.52071,0.50182,0.51605,559566.731947,1741341599999
1741341600000,0.51548,0.51834,0.50861,0.51358,517832.497994,1741348799999
1741348800000,0.51278,0.51975,0.50531,0.51034,931276.918782,1741355999999
1741356000000,0.51157,0.52377,0.50251,0.50849,1299225.538774,1741363199999
1741363200000,0.50807,0.50988,0.49222,0.49995,1766633.071612,1741370399999
1741370400000,0.49981,0.53153,0.49981,0.51861,1199695.647143,1741377599999
1741377600000,0.51877,0.52064,0.49455,0.50104,1945988.687531,1741384799999
1741384800000,0.5,0.50856,0.48797,0.49304,776744.859017,1741391999999
1741392000000,0.49294,0.49805,0.47718,0.48247,1116110.118359,1741399199999
1741399200000,0.48303,0.48714,0.47887,0.48143,434568.431377,1741406399999
1741406400000,0.48159,0.48657,0.47634,0.47967,473688.615087,1741413599999
1741413600000,0.48064,0.48193,0.475,0.47722,608161.589279,1741420799999
1741420800000,0.47886,0.49609,0.47773,0.48629,719524.168018,1741427999999
1741428000000,0.48612,0.50444,0.47904,0.48043,1401322.16631,1741435199999
1741435200000,0.48188,0.48676,0.47533,0.48332,1530926.750833,1741442399999
1741442400000,0.48366,0.48739,0.47396,0.48332,830300.963583,1741449599999
1741449600000,0.48299,0.4943,0.473,0.49017,1051016.771616,1741456799999
1741456800000,0.49118,0.49651,0.48738,0.49509,557357.478889,1741463999999
1741464000000,0.49621,0.50048,0.49201,0.49316,452232.688183,1741471199999
1741471200000,0.49432,0.49612,0.48681,0.49334,461010.930035,1741478399999
1741478400000,0.49178,0.49823,0.48205,0.48453,473067.975016,1741485599999
1741485600000,0.48425,0.48568,0.47303,0.48058,834556.324777,1741492799999
1741492800000,0.48093,0.48817,0.47804,0.47866,472991.493468,1741499999999
1741500000000,0.47915,0.47963,0.46989,0.47515,585325.907028,1741507199999
1741507200000,0.47439,0.47669,0.468,0.46977,614396.796719,1741514399999
1741514400000,0.46969,0.47361,0.44098,0.44812,1892951.178514,1741521599999
1741521600000,0.44822,0.44927,0.4371,0.43733,1411717.566294,1741528799999
1741528800000,0.4371,0.44078,0.42943,0.43202,1392815.247314,1741535999999
1741536000000,0.43144,0.43698,0.40321,0.40509,2525851.978195,1741543199999
1741543200000,0.40541,0.41606,0.39579,0.41371,3495945.781755,1741550399999
1741550400000,0.41413,0.41884,0.40804,0.40823,1356673.70572,1741557599999
1741557600000,0.40856,0.41291,0.40335,0.40654,1354742.335882,1741564799999
1741564800000,0.40721,0.42667,0.4051,0.41859,1630050.407292,1741571999999
1741572000000,0.41889,0.42377,0.41231,0.41812,1309927.319029,1741579199999
1741579200000,0.4181,0.42503,0.4173,0.42445,429122.063828,1741586399999
1741586400000,0.42438,0.432,0.42163,0.4307,578647.564833,1741593599999
1741593600000,0.4313,0.45114,0.42656,0.43775,1683124.745329,1741600799999
1741600800000,0.4381,0.44729,0.43336,0.44478,936136.030713,1741607999999
1741608000000,0.44517,0.45569,0.43442,0.43623,1933466.40998,1741615199999
1741615200000,0.43721,0.43724,0.41962,0.427,2623920.898268,1741622399999
1741622400000,0.42812,0.4292,0.40357,0.40529,2304947.177545,1741629599999
1741629600000,0.40458,0.41621,0.39176,0.41171,2486923.323901,1741636799999
1741636800000,0.41262,0.41594,0.4068,0.40764,1640105.405654,1741643999999
1741644000000,0.40868,0.41036,0.39259,0.39478,1453983.966393,1741651199999
1741651200000,0.39519,0.40377,0.36481,0.39123,4609529.82948801,1741658399999
1741658400000,0.39149,0.40402,0.39027,0.3985,3584713.188199,1741665599999
1741665600000,0.39857,0.41521,0.39696,0.41087,1047099.132154,1741672799999
1741672800000,0.41105,0.41368,0.4059,0.40827,1100767.058289,1741679999999
1741680000000,0.40797,0.41333,0.40694,0.40796,1190207.443712,1741687199999
1741687200000,0.408,0.41705,0.40536,0.41285,995776.386652,1741694399999
1741694400000,0.41322,0.4218,0.40166,0.41563,2077745.647271,1741701599999
1741701600000,0.41541,0.41881,0.39327,0.41452,3164718.322008,1741708799999
1741708800000,0.4146,0.42899,0.40515,0.40665,2552591.868263,1741715999999
1741716000000,0.40677,0.43315,0.40677,0.42504,3291579.095336,1741723199999
1741723200000,0.42538,0.42555,0.41608,0.4174,1450934.628361,1741730399999
1741730400000,0.41787,0.41959,0.40954,0.41091,1040302.172652,1741737599999
1741737600000,0.41089,0.42225,0.40629,0.41755,1965084.169036,1741744799999
1741744800000,0.4176,0.41867,0.39895,0.39974,2859597.197728,1741751999999
1741752000000,0.39955,0.40213,0.39265,0.40089,1503818.596676,1741759199999
1741759200000,0.40035,0.41065,0.39676,0.40787,2303364.003484,1741766399999
1741766400000,0.40737,0.42126,0.40706,0.41136,3333684.78197,1741773599999
1741773600000,0.41112,0.41342,0.40487,0.41308,1823797.513262,1741780799999
1741780800000,0.41421,0.43589,0.41376,0.41893,4159606.560697,1741787999999
1741788000000,0.41855,0.42033,0.39894,0.40844,2759430.999797,1741795199999
1741795200000,0.4078,0.42162,0.40685,0.412,2028132.406811,1741802399999
1741802400000,0.41234,0.42194,0.4112,0.42077,1234600.517494,1741809599999
1741809600000,0.4187,0.43444,0.41505,0.42736,2586458.178954,1741816799999
1741816800000,0.42803,0.44108,0.42788,0.44062,1468415.286665,1741823999999
1741824000000,0.44108,0.44948,0.43349,0.43761,1746297.793226,1741831199999
1741831200000,0.43781,0.45846,0.43508,0.45218,2834433.23496,1741838399999
1741838400000,0.45127,0.45128,0.43213,0.43401,1662072.832594,1741845599999
1741845600000,0.43397,0.45003,0.42969,0.43944,2310554.814942,1741852799999
1741852800000,0.43918,0.4593,0.43717,0.45421,3795778.871718,1741859999999
1741860000000,0.45502,0.45557,0.43696,0.43998,2262845.527488,1741867199999
1741867200000,0.44024,0.44772,0.428,0.42876,2265338.00158,1741874399999
1741874400000,0.42882,0.44167,0.42536,0.43503,2072783.882273,1741881599999
1741881600000,0.43451,0.43513,0.41852,0.42037,2151284.276088,1741888799999
1741888800000,0.42105,0.43246,0.42104,0.42394,1317887.745976,1741895999999
1741896000000,0.42353,0.42427,0.41773,0.42162,1174444.668128,1741903199999
1741903200000,0.42228,0.43785,0.42211,0.43317,1907984.358334,1741910399999
1741910400000,0.43336,0.44528,0.43155,0.44196,1395864.170431,1741917599999
1741917600000,0.44194,0.44883,0.44169,0.44658,1067037.808705,1741924799999
1741924800000,0.44579,0.45399,0.44273,0.45098,1405514.401414,1741931999999
1741932000000,0.4513,0.45699,0.4472,0.45169,1683017.805289,1741939199999
1741939200000,0.45167,0.45949,0.44955,0.45341,2000824.611548,1741946399999
1741946400000,0.45434,0.45724,0.45174,0.45388,1005490.992421,1741953599999
1741953600000,0.45334,0.46248,0.44874,0.45722,1331895.78696,1741960799999
1741960800000,0.45715,0.4842,0.45359,0.48159,3199132.698876,1741967999999
1741968000000,0.48166,0.48587,0.46772,0.46922,1750926.517242,1741975199999
1741975200000,0.47015,0.47284,0.46645,0.46783,1427080.319588,1741982399999
1741982400000,0.46727,0.46835,0.46094,0.46756,911165.17262,1741989599999
1741989600000,0.46769,0.47469,0.46583,0.46685,1597450.840471,1741996799999
1741996800000,0.46694,0.4705,0.46126,0.46455,817862.913848,1742003999999
1742004000000,0.4648,0.47097,0.46273,0.46957,706588.292459,1742011199999
1742011200000,0.46945,0.47374,0.46455,0.46721,828023.186331,1742018399999
1742018400000,0.46721,0.46835,0.46112,0.46179,821045.242218,1742025599999
1742025600000,0.4626,0.46681,0.455,0.46103,1226456.930133,1742032799999
1742032800000,0.46029,0.46075,0.45341,0.4599,1211799.480033,1742039999999
1742040000000,0.45951,0.46546,0.45768,0.4643,717464.897966,1742047199999
1742047200000,0.46425,0.46441,0.45468,0.46315,1459712.100773,1742054399999
1742054400000,0.46333,0.46595,0.45713,0.46127,832436.390457,1742061599999
1742061600000,0.46105,0.46292,0.45312,0.45707,1062808.717079,1742068799999
1742068800000,0.45707,0.4653,0.45707,0.46386,855782.466645,1742075999999
1742076000000,0.46425,0.46425,0.45871,0.46135,674042.523119,1742083199999
1742083200000,0.46158,0.46158,0.45475,0.45605,1075065.875513,1742090399999
1742090400000,0.456,0.46104,0.45392,0.46037,446231.63691,1742097599999
1742097600000,0.46013,0.46038,0.45,0.45503,587175.293537,1742104799999
1742104800000,0.4554,0.45685,0.45066,0.45292,421433.091711,1742111999999
1742112000000,0.45353,0.45738,0.4492,0.45233,502274.646915,1742119199999
1742119200000,0.45252,0.45389,0.43892,0.44351,1979655.197546,1742126399999
1742126400000,0.44363,0.4444,0.43262,0.43338,2532186.93699,1742133599999
1742133600000,0.43359,0.43885,0.43023,0.43544,1354428.366022,1742140799999
1742140800000,0.43559,0.44809,0.43451,0.43929,1367873.936669,1742147999999
1742148000000,0.43953,0.43953,0.42743,0.42817,2112778.510071,1742155199999
1742155200000,0.42793,0.43336,0.42753,0.42888,1092444.901715,1742162399999
1742162400000,0.42902,0.43059,0.4231,0.42802,1252218.875906,1742169599999
1742169600000,0.4281,0.4388,0.42706,0.43769,1137567.827637,1742176799999
1742176800000,0.4376,0.44262,0.43526,0.44185,947826.31705,1742183999999
1742184000000,0.44309,0.4506,0.44047,0.44066,841849.237824,1742191199999
1742191200000,0.4407,0.44818,0.43444,0.44724,1717025.473023,1742198399999
1742198400000,0.44729,0.45171,0.44239,0.44458,1186997.926327,1742205599999
1742205600000,0.44559,0.4484,0.43993,0.44599,750730.761869,1742212799999
1742212800000,0.44559,0.45268,0.43762,0.43791,2010234.811152,1742219999999
1742220000000,0.43585,0.4435,0.43318,0.44165,1981559.108127,1742227199999
1742227200000,0.44181,0.45319,0.4386,0.45146,1568245.984385,1742234399999
1742234400000,0.45137,0.47287,0.45028,0.46491,2910255.372069,1742241599999
1742241600000,0.46496,0.46589,0.45463,0.46191,1608269.881261,1742248799999
1742248800000,0.46215,0.46555,0.45675,0.45854,843201.417322,1742255999999
1742256000000,0.4581,0.45904,0.43607,0.4383,986206.41864,1742263199999
1742263200000,0.43858,0.44544,0.43644,0.43761,1280212.607931,1742270399999
1742270400000,0.43761,0.44205,0.43616,0.43892,801631.203987,1742277599999
1742277600000,0.43937,0.43937,0.43062,0.43501,919081.500838,1742284799999
1742284800000,0.43519,0.43879,0.4295,0.42965,869198.574164,1742291999999
1742292000000,0.42995,0.43223,0.42207,0.42396,1611923.909431,1742299199999
1742299200000,0.42358,0.42459,0.41662,0.41777,1307600.559528,1742306399999
1742306400000,0.41757,0.42541,0.41459,0.41611,2161613.041383,1742313599999
1742313600000,0.41585,0.41934,0.41167,0.41274,1322588.553789,1742320799999
1742320800000,0.41269,0.4236,0.41248,0.42296,1387839.266078,1742327999999
1742328000000,0.42369,0.43065,0.42137,0.4286,1292672.819836,1742335199999
1742335200000,0.42854,0.43991,0.42819,0.43905,1389165.097673,1742342399999
1742342400000,0.43912,0.44667,0.4373,0.43808,916788.098194,1742349599999
1742349600000,0.43849,0.44372,0.43743,0.44353,967451.854794,1742356799999
1742356800000,0.44394,0.44495,0.43771,0.43888,910284.326309,1742363999999
1742364000000,0.43906,0.44334,0.43833,0.43867,976393.183273,1742371199999
1742371200000,0.43846,0.44233,0.43841,0.44163,1089965.020231,1742378399999
1742378400000,0.44163,0.45831,0.43965,0.4531,1298505.500554,1742385599999
1742385600000,0.45303,0.46286,0.45001,0.45314,3367479.525505,1742392799999
1742392800000,0.45394,0.46146,0.45325,0.45947,1866237.392626,1742399999999
1742400000000,0.45955,0.46059,0.44501,0.44876,2470874.46829,1742407199999
1742407200000,0.44876,0.46591,0.44293,0.45909,2332073.662307,1742414399999
1742414400000,0.45925,0.46457,0.4575,0.46166,1312891.158779,1742421599999
1742421600000,0.46208,0.4788,0.46147,0.47442,1676092.246239,1742428799999
1742428800000,0.47452,0.47967,0.45917,0.46043,1287410.818155,1742435999999
1742436000000,0.46076,0.46459,0.45551,0.45622,1020119.308987,1742443199999
1742443200000,0.45607,0.45845,0.4519,0.45442,638091.438733,1742450399999
1742450400000,0.45457,0.4585,0.45315,0.45506,1051460.054247,1742457599999
1742457600000,0.45444,0.46129,0.45305,0.45524,1400372.184387,1742464799999
1742464800000,0.45518,0.45578,0.4455,0.44941,1593955.429592,1742471999999
1742472000000,0.44944,0.45424,0.44796,0.44952,1197501.77865,1742479199999
1742479200000,0.45041,0.4599,0.4472,0.44906,1397403.649447,1742486399999
1742486400000,0.44904,0.4557,0.44336,0.45253,921514.564048,1742493599999
1742493600000,0.45305,0.45571,0.45041,0.45159,634465.460896,1742500799999
1742500800000,0.45117,0.45703,0.45002,0.45633,429219.815777,1742507999999
1742508000000,0.45581,0.46664,0.45581,0.46664,977535.906888,1742515199999
1742515200000,0.46668,0.49112,0.46517,0.48686,957475.032521,1742522399999
1742522400000,0.48686,0.49005,0.4778,0.48131,860523.848692,1742529599999
1742529600000,0.48173,0.48385,0.47039,0.47258,515808.699612,1742536799999
1742536800000,0.47252,0.47334,0.46194,0.46448,678773.845321,1742543999999
1742544000000,0.46529,0.46582,0.46043,0.46213,689345.77378,1742551199999
1742551200000,0.46301,0.46301,0.44666,0.45073,1447536.531474,1742558399999
1742558400000,0.45072,0.45654,0.44967,0.45541,917422.177141,1742565599999
1742565600000,0.45534,0.45534,0.44566,0.44778,1205196.396619,1742572799999
1742572800000,0.44775,0.45595,0.4448,0.45292,989760.940918,1742579999999
1742580000000,0.45244,0.45993,0.44969,0.45252,1168756.624397,1742587199999
1742587200000,0.45211,0.46661,0.45034,0.46006,1413705.198517,1742594399999
1742594400000,0.46,0.46147,0.45,0.45128,1364039.804858,1742601599999
1742601600000,0.45225,0.45659,0.44946,0.44946,771115.069655,1742608799999
1742608800000,0.44972,0.4574,0.4485,0.4574,865418.504647,1742615999999
1742616000000,0.4572,0.47868,0.45495,0.47379,903231.548734,1742623199999
1742623200000,0.47386,0.4786,0.47209,0.47541,707892.886062,1742630399999
1742630400000,0.4766,0.48466,0.47597,0.48069,657879.462078,1742637599999
1742637600000,0.48109,0.48407,0.47867,0.48232,552174.500544,1742644799999
1742644800000,0.4829,0.4831,0.47592,0.47671,597944.545556,1742651999999
1742652000000,0.47647,0.48513,0.46745,0.48214,699864.750164,1742659199999
1742659200000,0.4819,0.48794,0.47749,0.47932,413160.670766,1742666399999
1742666400000,0.48077,0.4833,0.47895,0.47895,333605.389325,1742673599999
1742673600000,0.47902,0.48011,0.47393,0.47396,461576.099666,1742680799999
1742680800000,0.47486,0.47739,0.46841,0.46917,492440.68582,1742687999999
1742688000000,0.46818,0.47365,0.46662,0.47104,242791.619291,1742695199999
1742695200000,0.47233,0.48045,0.47129,0.48045,497565.825181,1742702399999
1742702400000,0.4807,0.48074,0.46807,0.47154,267645.260569,1742709599999
1742709600000,0.46946,0.47572,0.46887,0.47369,228511.747506,1742716799999
1742716800000,0.47434,0.48301,0.47091,0.48185,302517.350661,1742723999999
1742724000000,0.48185,0.49568,0.48145,0.49298,1091362.379641,1742731199999
1742731200000,0.4932,0.49502,0.47786,0.48096,819272.106728,1742738399999
1742738400000,0.48163,0.48254,0.46967,0.47167,1290742.293717,1742745599999
1742745600000,0.4715,0.47382,0.46291,0.46336,1279952.748467,1742752799999
1742752800000,0.46343,0.46648,0.46035,0.46348,897977.963737,1742759999999
1742760000000,0.46355,0.47378,0.46319,0.46963,658889.823973,1742767199999
1742767200000,0.46909,0.47664,0.46778,0.47646,882062.126638,1742774399999
1742774400000,0.47728,0.48739,0.46669,0.46753,910631.449491,1742781599999
1742781600000,0.46772,0.50368,0.46694,0.50306,1192279.530259,1742788799999
1742788800000,0.504,0.51371,0.50219,0.5101,569004.996898,1742795999999
1742796000000,0.51037,0.51551,0.5039,0.50595,560260.345543,1742803199999
1742803200000,0.50536,0.51709,0.50319,0.51232,879784.698111,1742810399999
1742810400000,0.51167,0.51538,0.50687,0.51431,877421.545803,1742817599999
1742817600000,0.51426,0.52242,0.50945,0.52239,1253114.715558,1742824799999
1742824800000,0.52286,0.535,0.51433,0.52128,1573162.17875,1742831999999
1742832000000,0.52098,0.52576,0.51105,0.51544,2052533.437739,1742839199999
1742839200000,0.51536,0.52149,0.51464,0.51552,480622.252333,1742846399999
1742846400000,0.51468,0.5171,0.51061,0.51459,626753.785372,1742853599999
1742853600000,0.51463,0.51697,0.50873,0.51652,690542.075798,1742860799999
1742860800000,0.51642,0.52799,0.50658,0.51346,1028451.741492,1742867999999
1742868000000,0.51332,0.51502,0.50196,0.50287,678650.280904,1742875199999
1742875200000,0.50305,0.51083,0.49818,0.50811,654344.258041,1742882399999
1742882400000,0.5075,0.51095,0.50426,0.50838,998543.685635,1742889599999
1742889600000,0.50833,0.51361,0.50653,0.50853,634141.073419,1742896799999
1742896800000,0.509,0.50974,0.49807,0.49878,766481.867139,1742903999999
1742904000000,0.49903,0.50446,0.4937,0.49617,953285.391838,1742911199999
1742911200000,0.49609,0.50907,0.49355,0.50349,1002431.040787,1742918399999
1742918400000,0.50337,0.51103,0.50076,0.50942,919674.942843,1742925599999
1742925600000,0.50941,0.51127,0.50345,0.50949,562262.607542,1742932799999
1742932800000,0.5094,0.51312,0.50633,0.50855,593133.873707,1742939999999
1742940000000,0.50879,0.51086,0.50448,0.50904,597171.870647,1742947199999
1742947200000,0.50924,0.51252,0.50615,0.50852,545776.708951,1742954399999
1742954400000,0.50845,0.50846,0.49898,0.50146,726371.707951,1742961599999
1742961600000,0.50062,0.51636,0.50062,0.51547,419319.995995,1742968799999
1742968800000,0.51513,0.53452,0.51378,0.53232,1164357.393804,1742975999999
1742976000000,0.53204,0.53413,0.51499,0.52727,1095802.01258,1742983199999
1742983200000,0.5274,0.547,0.52625,0.54102,1000762.075869,1742990399999
1742990400000,0.54095,0.54133,0.5129,0.51303,1332955.808942,1742997599999
1742997600000,0.51231,0.51766,0.49961,0.50016,1515544.953579,1743004799999
1743004800000,0.49882,0.50609,0.4939,0.49613,1238083.01948,1743011999999
1743012000000,0.49569,0.50005,0.48785,0.49656,1217966.666919,1743019199999
1743019200000,0.49667,0.50256,0.49006,0.49743,1210468.328604,1743026399999
1743026400000,0.49736,0.49736,0.48681,0.4914,983052.536756,1743033599999
1743033600000,0.49103,0.50476,0.48902,0.50047,838094.887254,1743040799999
1743040800000,0.50039,0.5184,0.50031,0.51713,799424.252763,1743047999999
1743048000000,0.518,0.5195,0.50975,0.51129,635103.292056,1743055199999
1743055200000,0.51088,0.51366,0.50366,0.5053,586217.93825,1743062399999
1743062400000,0.50517,0.50987,0.50203,0.50343,486950.475805,1743069599999
1743069600000,0.50373,0.50567,0.47924,0.48172,1020949.258566,1743076799999
1743076800000,0.48,0.48714,0.47248,0.47969,1541209.722967,1743083999999
1743084000000,0.48017,0.49342,0.4782,0.48236,700461.739664,1743091199999
1743091200000,0.48214,0.48722,0.47833,0.47934,789575.168102,1743098399999
1743098400000,0.47956,0.4862,0.47956,0.48124,846436.241159,1743105599999
1743105600000,0.48155,0.48779,0.47751,0.48551,942794.072571,1743112799999
1743112800000,0.4862,0.487,0.47878,0.48178,694380.987066,1743119999999
1743120000000,0.48215,0.48733,0.47461,0.48494,605865.788341,1743127199999
1743127200000,0.48449,0.48755,0.4761,0.47955,656058.375188,1743134399999
1743134400000,0.47949,0.48051,0.46494,0.46596,1036305.830699,1743141599999
1743141600000,0.46495,0.46868,0.45171,0.45268,1290761.854434,1743148799999
1743148800000,0.4532,0.45519,0.44753,0.44861,1134881.363921,1743155999999
1743156000000,0.44857,0.45004,0.4414,0.44525,1402631.231654,1743163199999
1743163200000,0.44504,0.44581,0.42921,0.42962,1796499.703765,1743170399999
1743170400000,0.42964,0.43385,0.42772,0.42972,846353.387743,1743177599999
1743177600000,0.43007,0.43198,0.42403,0.42783,781431.652257,1743184799999
1743184800000,0.42817,0.43,0.42161,0.42331,824443.74378,1743191999999
1743192000000,0.42295,0.42674,0.41825,0.42197,856865.336727,1743199199999
1743199200000,0.42189,0.4274,0.42189,0.42558,622264.357504,1743206399999
1743206400000,0.42559,0.43136,0.42533,0.42618,540526.592271,1743213599999
1743213600000,0.42656,0.42731,0.41501,0.42446,777607.95508,1743220799999
1743220800000,0.42355,0.42447,0.41426,0.41655,528215.52215,1743227999999
1743228000000,0.4167,0.41689,0.40903,0.41061,552688.295445,1743235199999
1743235200000,0.41043,0.41525,0.40527,0.41001,674132.232064,1743242399999
1743242400000,0.40997,0.41079,0.39738,0.40211,851106.967831,1743249599999
1743249600000,0.40149,0.40804,0.39991,0.40584,519312.200254,1743256799999
1743256800000,0.40583,0.40583,0.39772,0.39876,1038673.810494,1743263999999
1743264000000,0.39904,0.40014,0.38924,0.39261,1171600.366023,1743271199999
1743271200000,0.39297,0.39615,0.39063,0.39545,865235.387896,1743278399999
1743278400000,0.3958,0.39581,0.38957,0.39424,821444.685616,1743285599999
1743285600000,0.39374,0.39988,0.3928,0.39956,690345.423103,1743292799999
1743292800000,0.39947,0.40125,0.39561,0.39996,260421.441966,1743299999999
1743307200000,0.39995,0.40775,0.39995,0.40253,401181.987808,1743314399999
1743314400000,0.40254,0.40755,0.40103,0.40423,308679.61511,1743321599999
1743321600000,0.40461,0.41034,0.40367,0.40732,695287.031586,1743328799999
1743328800000,0.40724,0.4099,0.40168,0.40347,480879.468752,1743335999999
1743336000000,0.40365,0.40552,0.39895,0.3997,442879.968292,1743343199999
1743343200000,0.39821,0.40497,0.39711,0.40113,466238.791566,1743350399999
1743350400000,0.40125,0.40258,0.39572,0.40125,573210.302892,1743357599999
1743357600000,0.40204,0.41152,0.40204,0.4054,701437.481641,1743364799999
1743364800000,0.40563,0.40837,0.40314,0.40427,561339.836544,1743371999999
1743372000000,0.40402,0.40733,0.39813,0.40271,304989.11509,1743379199999
1743379200000,0.40332,0.40777,0.39212,0.40741,497297.685917,1743386399999
1743386400000,0.40801,0.40801,0.39794,0.39861,419335.571418,1743393599999
1743393600000,0.39838,0.40523,0.39498,0.39843,221822.533432,1743400799999
1743400800000,0.39884,0.40035,0.39096,0.39398,394991.023036,1743407999999
1743408000000,0.39459,0.39905,0.38682,0.3906,556116.748288,1743415199999
1743415200000,0.39065,0.39688,0.3864,0.39417,553898.383847,1743422399999
1743422400000,0.39495,0.40468,0.389,0.39328,765768.712242,1743429599999
1743429600000,0.39473,0.40585,0.39465,0.40214,912865.225656,1743436799999
1743436800000,0.4018,0.40404,0.38837,0.38894,842767.757568,1743443999999
1743444000000,0.38879,0.39416,0.38674,0.38828,835917.363151,1743451199999
1743451200000,0.38798,0.39124,0.38583,0.38652,1045412.690255,1743458399999
1743458400000,0.38631,0.39108,0.38258,0.38797,809700.52678,1743465599999
1743465600000,0.38834,0.39501,0.3874,0.3922,763380.395941,1743472799999
1743472800000,0.39196,0.40134,0.39196,0.39743,1120770.479214,1743479999999
1743480000000,0.39781,0.40409,0.39638,0.4,764307.571682,1743487199999
1743487200000,0.40008,0.40555,0.39893,0.39946,893280.404507,1743494399999
1743494400000,0.40021,0.41259,0.40021,0.40945,1301923.252552,1743501599999
1743501600000,0.40989,0.40993,0.39269,0.39484,1126722.303621,1743508799999
1743508800000,0.39487,0.40015,0.39272,0.39825,1087231.498845,1743515999999
1743516000000,0.39808,0.40541,0.384,0.40337,1634961.802353,1743523199999
1743523200000,0.40352,0.40485,0.39624,0.39698,1481793.718812,1743530399999
1743530400000,0.39671,0.39679,0.38876,0.39142,1897410.534967,1743537599999
1743537600000,0.39129,0.39424,0.38671,0.3919,1226071.574408,1743544799999
1743544800000,0.39175,0.39637,0.38931,0.39146,1393925.713263,1743551999999
1743552000000,0.3913,0.3924,0.38032,0.38048,846781.7034,1743559199999
1743559200000,0.38077,0.38262,0.37,0.38,1457128.434772,1743566399999
1743566400000,0.38028,0.38223,0.3728,0.37447,984562.474832,1743573599999
1743573600000,0.37409,0.38862,0.37343,0.3771,1358763.320983,1743580799999
1743580800000,0.37634,0.38821,0.37584,0.38761,1391641.324777,1743587999999
1743588000000,0.38758,0.38939,0.38245,0.38284,831717.525668,1743595199999
1743595200000,0.38309,0.38405,0.37521,0.37739,1240002.9641,1743602399999
1743602400000,0.377,0.39014,0.37403,0.38616,2539151.954789,1743609599999
1743609600000,0.38688,0.38945,0.37538,0.3785,1566335.819935,1743616799999
1743616800000,0.3789,0.38514,0.37616,0.38418,1169457.207269,1743623999999
1743624000000,0.38434,0.3956,0.36809,0.3713,4280945.381374,1743631199999
1743631200000,0.37108,0.37108,0.34061,0.34265,4521569.03019,1743638399999
1743638400000,0.34262,0.35693,0.34183,0.35306,1317473.626832,1743645599999
1743645600000,0.35302,0.35911,0.35297,0.35597,1652823.720534,1743652799999
1743652800000,0.356,0.35962,0.35297,0.35297,612924.732288,1743659999999
1743660000000,0.35322,0.35514,0.34144,0.34575,3138234.523029,1743667199999
1743667200000,0.34567,0.34774,0.33895,0.33954,3212842.152308,1743674399999
1743674400000,0.33947,0.34036,0.32545,0.32863,3337204.592867,1743681599999
1743681600000,0.32822,0.33096,0.31733,0.32769,2488072.168114,1743688799999
1743688800000,0.32751,0.33231,0.31834,0.33231,1903146.896165,1743695999999
1743696000000,0.33181,0.33574,0.33056,0.33505,1554200.959776,1743703199999
1743703200000,0.33561,0.34271,0.33465,0.34232,1467902.325748,1743710399999
1743710400000,0.3426,0.34831,0.34144,0.34756,1190824.457484,1743717599999
1743717600000,0.3472,0.34853,0.34309,0.34747,1573519.35791,1743724799999
1743724800000,0.34772,0.34937,0.34469,0.34469,859159.824454,1743731999999
1743732000000,0.34529,0.35101,0.34529,0.34964,1182363.41336,1743739199999
1743739200000,0.34988,0.35101,0.34356,0.34643,1296957.846358,1743746399999
1743746400000,0.34674,0.34895,0.34299,0.34678,1578092.834167,1743753599999
1743753600000,0.34682,0.35057,0.34626,0.34811,1711933.777098,1743760799999
1743760800000,0.34816,0.34921,0.32716,0.33492,2836396.328759,1743767999999
1743768000000,0.33479,0.34292,0.33076,0.34281,2540512.460491,1743775199999
1743775200000,0.34253,0.35331,0.3377,0.34384,3283905.009384,1743782399999
1743782400000,0.34354,0.35575,0.34221,0.35397,2366927.645649,1743789599999
1743789600000,0.35406,0.35478,0.34634,0.34924,2218548.862623,1743796799999
1743796800000,0.3492,0.35671,0.34882,0.35372,1560396.439212,1743803999999
1743804000000,0.35368,0.35554,0.35229,0.35431,1099635.415244,1743811199999
1743811200000,0.3543,0.35876,0.35337,0.35341,1263303.83938,1743818399999
1743818400000,0.35341,0.35341,0.35039,0.35274,1198696.349183,1743825599999
1743825600000,0.35261,0.35287,0.35,0.35005,1021727.651038,1743832799999
1743832800000,0.34991,0.35715,0.34947,0.35713,723632.263603,1743839999999
1743840000000,0.35736,0.35861,0.35389,0.3578,1395362.346274,1743847199999
1743847200000,0.35781,0.35806,0.35312,0.35352,955454.412387,1743854399999
1743854400000,0.35358,0.35458,0.34419,0.3442,1198470.644816,1743861599999
1743861600000,0.34459,0.3496,0.34395,0.34563,1020116.064149,1743868799999
1743868800000,0.34558,0.34725,0.34417,0.34581,986710.623642,1743875999999
1743876000000,0.3458,0.34977,0.34547,0.34621,1125950.198664,1743883199999
1743883200000,0.34613,0.35014,0.34613,0.34766,698229.893703,1743890399999
1743890400000,0.34765,0.35311,0.3475,0.35209,733463.976839,1743897599999
1743897600000,0.35136,0.35185,0.34748,0.34753,653739.142604,1743904799999
1743904800000,0.348,0.34838,0.3449,0.3461,1081610.783738,1743911999999
1743912000000,0.34584,0.34898,0.3441,0.34874,806742.390478,1743919199999
1743919200000,0.34901,0.34916,0.34213,0.34242,722602.41252,1743926399999
1743926400000,0.3423,0.34638,0.34101,0.34332,1564567.172183,1743933599999
1743933600000,0.34338,0.3435,0.33772,0.33962,903983.415489,1743940799999
1743940800000,0.33949,0.34059,0.32274,0.32396,1368475.152318,1743947999999
1743948000000,0.32319,0.33362,0.32046,0.33127,1640437.08559,1743955199999
1743955200000,0.33103,0.33212,0.31678,0.31797,2235815.816264,1743962399999
1743962400000,0.31748,0.31758,0.30682,0.3119,2054356.803011,1743969599999
1743969600000,0.31167,0.31311,0.30376,0.3058,1760985.798737,1743976799999
1743976800000,0.3053,0.3107,0.2977,0.30418,2645954.067255,1743983999999
1743984000000,0.30447,0.31408,0.30112,0.31131,1411304.248357,1743991199999
1743991200000,0.31112,0.31266,0.29491,0.29872,1486206.27755,1743998399999
1743998400000,0.29866,0.30648,0.29741,0.30123,1091376.893171,1744005599999
1744005600000,0.30086,0.30369,0.27479,0.28532,6734932.79891101,1744012799999
1744012800000,0.28547,0.30398,0.2827,0.29919,2924507.341815,1744019999999
1744020000000,0.29936,0.30559,0.29716,0.2985,1966043.055246,1744027199999
1744027200000,0.29863,0.31847,0.2972,0.31654,2542640.451472,1744034399999
1744034400000,0.31591,0.32858,0.31177,0.31751,1839362.717155,1744041599999
1744041600000,0.31673,0.3237,0.31149,0.32141,1730786.762788,1744048799999
1744048800000,0.32073,0.32107,0.31524,0.31539,1681933.698468,1744055999999
1744056000000,0.3157,0.32222,0.31529,0.31835,1041368.739154,1744063199999
1744063200000,0.31898,0.32111,0.31455,0.31458,943112.675638,1744070399999
1744070400000,0.31443,0.32251,0.31124,0.32226,940144.790854,1744077599999
1744077600000,0.32239,0.32599,0.31535,0.31627,1620581.240928,1744084799999
1744084800000,0.31635,0.31771,0.31256,0.31334,1016102.184542,1744091999999
1744092000000,0.31334,0.31345,0.30718,0.31233,1570070.13747,1744099199999
1744099200000,0.31228,0.31256,0.30814,0.30955,1429827.959233,1744106399999
1744106400000,0.30949,0.31504,0.3064,0.31419,1880592.800394,1744113599999
1744113600000,0.31422,0.31561,0.30911,0.31365,1869816.596823,1744120799999
1744120800000,0.31351,0.31723,0.3042,0.3058,2236464.024611,1744127999999
1744128000000,0.30572,0.3074,0.29212,0.29692,2845819.921968,1744135199999
1744135200000,0.29683,0.29734,0.29143,0.29326,2446204.287547,1744142399999
1744142400000,0.29304,0.29817,0.2911,0.29423,1993375.249303,1744149599999
1744149600000,0.29412,0.29412,0.28823,0.29042,2682868.388414,1744156799999
1744156800000,0.29089,0.29265,0.27574,0.28936,2471528.952069,1744163999999
1744164000000,0.28915,0.29308,0.2875,0.28961,2915884.19427,1744171199999
1744171200000,0.28935,0.29776,0.28898,0.29604,1665470.407126,1744178399999
1744178400000,0.29626,0.3061,0.29626,0.30576,2043168.8668,1744185599999
1744185600000,0.30572,0.30745,0.30446,0.30536,1616911.550221,1744192799999
1744192800000,0.30552,0.30839,0.29689,0.29922,1896160.096962,1744199999999
1744200000000,0.29916,0.30568,0.29338,0.30272,1936702.078298,1744207199999
1744207200000,0.30279,0.30522,0.29896,0.30258,1470869.776714,1744214399999
1744214400000,0.30271,0.33884,0.30245,0.33771,3145659.265071,1744221599999
1744221600000,0.33801,0.34101,0.3322,0.33702,1846068.815238,1744228799999
1744228800000,0.33698,0.34597,0.33696,0.34392,1446090.106344,1744235999999
1744236000000,0.34428,0.34428,0.33823,0.33939,1202084.826184,1744243199999
1744243200000,0.33982,0.34053,0.3315,0.33568,977770.518748,1744250399999
1744250400000,0.3356,0.33957,0.32829,0.33316,1444359.603636,1744257599999
1744257600000,0.33313,0.33764,0.32968,0.33641,915107.942983,1744264799999
1744264800000,0.33627,0.34275,0.33598,0.33865,1051211.111111,1744271999999
1744272000000,0.33934,0.34043,0.33432,0.33634,1490284.600147,1744279199999
1744279200000,0.33616,0.33616,0.32602,0.32897,1285549.41807,1744286399999
1744286400000,0.32884,0.33496,0.32339,0.32594,2733707.522665,1744293599999
1744293600000,0.32586,0.33312,0.31469,0.31764,2222449.763328,1744300799999
1744300800000,0.31856,0.32318,0.31486,0.31894,2698708.471431,1744307999999
1744308000000,0.31874,0.32176,0.31674,0.31921,1701698.043972,1744315199999
1744315200000,0.31932,0.32766,0.31923,0.32503,1323505.810061,1744322399999
1744322400000,0.32516,0.32863,0.32346,0.3248,1420068.692897,1744329599999
1744329600000,0.32483,0.33065,0.32139,0.33051,955089.477407,1744336799999
1744336800000,0.33114,0.33479,0.32942,0.33078,1101778.4991,1744343999999
1744344000000,0.33077,0.33257,0.32783,0.33247,484598.066718,1744351199999
1744351200000,0.33194,0.34639,0.33065,0.33202,2908921.329807,1744358399999
1744358400000,0.33188,0.34241,0.32846,0.34061,3314247.382313,1744365599999
1744365600000,0.34126,0.34256,0.33645,0.3394,2871401.087135,1744372799999
1744372800000,0.33958,0.34482,0.33635,0.34103,2513804.060561,1744379999999
1744380000000,0.34025,0.3463,0.33505,0.34555,1692206.705378,1744387199999
1744387200000,0.34554,0.35141,0.34256,0.34888,1648963.990999,1744394399999
1744394400000,0.34879,0.35405,0.34836,0.35025,1398720.621656,1744401599999
1744401600000,0.35039,0.36131,0.34886,0.35564,1180116.399524,1744408799999
1744408800000,0.35571,0.35577,0.34623,0.34918,478975.273815,1744415999999
1744416000000,0.34884,0.35035,0.34622,0.34649,490801.012313,1744423199999
1744423200000,0.34654,0.34815,0.34276,0.34659,441827.240209,1744430399999
1744430400000,0.34608,0.36847,0.34375,0.36521,1120555.73717,1744437599999
1744437600000,0.36534,0.37667,0.36449,0.37593,1040387.630069,1744444799999
1744444800000,0.37657,0.38451,0.37405,0.37416,1079767.232296,1744451999999
1744452000000,0.37382,0.37425,0.36866,0.37196,875010.275958,1744459199999
1744459200000,0.37221,0.38301,0.3702,0.38143,1088967.554048,1744466399999
1744466400000,0.38141,0.3942,0.37902,0.39337,1326640.055849,1744473599999
1744473600000,0.3936,0.40239,0.38963,0.39993,1239138.652892,1744480799999
1744480800000,0.4006,0.41045,0.39821,0.40712,580110.183512,1744487999999
1744488000000,0.40664,0.42364,0.40337,0.4096,1445970.509604,1744495199999
1744495200000,0.41025,0.41552,0.40678,0.41123,545684.529366,1744502399999
1744502400000,0.41061,0.41785,0.4043,0.40453,993721.557079,1744509599999
1744509600000,0.40574,0.40747,0.39886,0.39928,464839.766167,1744516799999
1744516800000,0.39867,0.40117,0.39625,0.39669,548504.370692,1744523999999
1744524000000,0.39682,0.40585,0.39588,0.40317,587591.571748,1744531199999
1744531200000,0.40277,0.41124,0.4002,0.41006,741358.014824,1744538399999
1744538400000,0.41007,0.42139,0.40969,0.41128,934884.445466,1744545599999
1744545600000,0.4114,0.41853,0.40507,0.40543,934325.117686,1744552799999
1744552800000,0.4066,0.41087,0.40092,0.40302,694173.41207,1744559999999
1744560000000,0.40336,0.41883,0.40182,0.41135,522431.19949,1744567199999
1744567200000,0.41147,0.42018,0.39974,0.40497,1086861.119641,1744574399999
1744574400000,0.40481,0.40967,0.39028,0.39284,1522227.416381,1744581599999
1744581600000,0.39285,0.39394,0.38564,0.3922,517304.945649,1744588799999
1744588800000,0.39207,0.41201,0.39141,0.40807,891172.142838,1744595999999
1744596000000,0.40676,0.42284,0.40129,0.40365,414307.986887,1744603199999
1744603200000,0.40425,0.40535,0.39491,0.39946,464956.091806,1744610399999
1744610400000,0.39687,0.39824,0.38999,0.39375,398254.043967,1744617599999
1744617600000,0.39569,0.39891,0.38817,0.38987,830969.934167,1744624799999
1744624800000,0.38935,0.39733,0.38935,0.39543,969159.399575,1744631999999
1744632000000,0.39486,0.40124,0.38395,0.38551,950468.198315,1744639199999
1744639200000,0.38519,0.39769,0.37505,0.37629,1285737.511685,1744646399999
1744646400000,0.37697,0.38377,0.37,0.38317,1182580.894717,1744653599999
1744653600000,0.38323,0.38993,0.38287,0.38457,591830.700022,1744660799999
1744660800000,0.38478,0.3851,0.37564,0.37778,873155.067618,1744667999999
1744668000000,0.37844,0.38356,0.37626,0.37995,961101.486819,1744675199999
1744675200000,0.38032,0.38589,0.37545,0.38369,1034489.574345,1744682399999
1744682400000,0.38371,0.38371,0.37534,0.37766,471440.583165,1744689599999
1744689600000,0.37761,0.38166,0.37115,0.37844,825160.642116,1744696799999
1744696800000,0.37815,0.37892,0.37247,0.37671,985236.135517,1744703999999
1744704000000,0.37566,0.3833,0.37455,0.37798,584046.430433,1744711199999
1744711200000,0.37788,0.37858,0.36043,0.3642,1383823.057332,1744718399999
1744718400000,0.3642,0.37,0.35725,0.36196,1389597.441646,1744725599999
1744725600000,0.36185,0.36286,0.35304,0.35587,1043627.360652,1744732799999
1744732800000,0.35585,0.35697,0.35,0.35069,924923.617562,1744739999999
1744740000000,0.35073,0.35313,0.34776,0.35008,725991.802871,1744747199999
1744747200000,0.34989,0.35159,0.34674,0.34909,1021285.790079,1744754399999
1744754400000,0.34821,0.34923,0.3428,0.34473,567191.908522,1744761599999
1744761600000,0.34361,0.34514,0.3313,0.33656,2280018.423247,1744768799999
1744768800000,0.33647,0.34062,0.33409,0.33482,906136.547676,1744775999999
1744776000000,0.33478,0.33511,0.32606,0.32754,836781.655366,1744783199999
1744783200000,0.32719,0.33141,0.32392,0.32489,1498018.168278,1744790399999
1744790400000,0.32495,0.3305,0.32288,0.32491,1662018.886353,1744797599999
1744797600000,0.32447,0.33122,0.32427,0.32792,1438794.948976,1744804799999
1744804800000,0.3278,0.33088,0.32355,0.32493,604414.804879,1744811999999
1744812000000,0.32488,0.336,0.32488,0.32835,818975.466266,1744819199999
1744819200000,0.32849,0.33391,0.318,0.31989,1593552.910931,1744826399999
1744826400000,0.32097,0.33503,0.3198,0.33393,612081.574192,1744833599999
1744833600000,0.33395,0.34011,0.33124,0.33509,1345883.073395,1744840799999
1744840800000,0.33519,0.33651,0.32979,0.33155,811363.677729,1744847999999
1744848000000,0.33196,0.33579,0.3299,0.33114,923163.468692,1744855199999
1744855200000,0.33031,0.33284,0.32746,0.33199,552557.160075,1744862399999
1744862400000,0.33189,0.3384,0.32993,0.33525,766908.309773,1744869599999
1744869600000,0.33523,0.33562,0.33103,0.3327,819879.317957,1744876799999
1744876800000,0.33312,0.33534,0.33052,0.3327,570030.461241,1744883999999
1744884000000,0.33286,0.33314,0.3292,0.33057,817649.313121,1744891199999
1744891200000,0.33063,0.33609,0.32985,0.3313,527377.593716,1744898399999
1744898400000,0.33135,0.33452,0.32437,0.33317,685833.11339,1744905599999
1744905600000,0.33329,0.3477,0.33226,0.34672,965517.84359,1744912799999
1744912800000,0.34694,0.35401,0.33198,0.33308,843904.479968,1744919999999
1744920000000,0.33393,0.33848,0.33348,0.33613,1170538.243123,1744927199999
1744927200000,0.33655,0.33715,0.32726,0.33047,483411.392936,1744934399999
1744934400000,0.33144,0.33983,0.33144,0.33325,1204291.425943,1744941599999
1744941600000,0.33362,0.33706,0.33192,0.33515,540477.370536,1744948799999
1744948800000,0.33462,0.33787,0.33245,0.33724,468051.45258,1744955999999
1744956000000,0.33716,0.3485,0.33573,0.3484,532311.354194,1744963199999
1744963200000,0.34771,0.36259,0.34529,0.35654,2070580.737885,1744970399999
1744970400000,0.35636,0.36209,0.35216,0.35358,1151927.760307,1744977599999
1744977600000,0.35401,0.36011,0.352,0.35523,542709.335743,1744984799999
1744984800000,0.35598,0.35753,0.34875,0.35078,561394.879228,1744991999999
1744992000000,0.35151,0.35303,0.34857,0.35181,415108.47703,1744999199999
1744999200000,0.35224,0.35249,0.34679,0.34768,341709.936858,1745006399999
1745006400000,0.34742,0.35088,0.34619,0.35012,765299.331255,1745013599999
1745013600000,0.34957,0.35377,0.34599,0.3533,516990.565553,1745020799999
1745020800000,0.35314,0.35314,0.34416,0.35061,998036.582175,1745027999999
1745028000000,0.35122,0.35485,0.34985,0.35297,172163.987216,1745035199999
1745035200000,0.35483,0.35793,0.35439,0.3549,115714.38635,1745042399999
1745042400000,0.35452,0.35496,0.35113,0.35273,417224.425988,1745049599999
1745049600000,0.35342,0.35532,0.35214,0.3538,247075.199849,1745056799999
1745056800000,0.3533,0.35846,0.35264,0.35339,266878.269426,1745063999999
1745064000000,0.35221,0.35847,0.35206,0.35734,261546.370513,1745071199999
1745071200000,0.35715,0.36071,0.35543,0.35835,380533.55491,1745078399999
1745078400000,0.35897,0.36107,0.35521,0.35985,760792.269117,1745085599999
1745085600000,0.36013,0.365,0.35754,0.35896,333923.973624,1745092799999
1745092800000,0.359,0.36614,0.35766,0.36585,507944.149788,1745099999999
1745100000000,0.36573,0.36824,0.3624,0.36614,392283.774788,1745107199999
1745107200000,0.36632,0.37204,0.36325,0.37203,596849.584101,1745114399999
1745114400000,0.37267,0.37948,0.36987,0.37768,506276.310484,1745121599999
1745121600000,0.37654,0.38482,0.37599,0.37656,376549.546589,1745128799999
1745128800000,0.37687,0.3879,0.37645,0.37822,635410.011402,1745135999999
1745136000000,0.37775,0.37775,0.36946,0.37078,385590.310171,1745143199999
1745143200000,0.36997,0.37323,0.36633,0.3681,298404.212124,1745150399999
1745150400000,0.36798,0.37849,0.3677,0.37801,836849.0125,1745157599999
1745157600000,0.37753,0.38,0.36816,0.3687,608435.505809,1745164799999
1745164800000,0.36855,0.37936,0.36731,0.37452,410770.63689,1745171999999
1745172000000,0.37367,0.37905,0.37342,0.37826,403414.937204,1745179199999
1745179200000,0.37794,0.38596,0.3759,0.38136,769136.064821,1745186399999
1745186400000,0.38123,0.38188,0.3724,0.37423,939818.239448,1745193599999
1745193600000,0.37451,0.40041,0.37272,0.39723,1200396.635081,1745200799999
1745200800000,0.39639,0.39639,0.37823,0.37925,851346.37565,1745207999999
1745208000000,0.37924,0.39027,0.37804,0.38672,432794.080564,1745215199999
1745215200000,0.38561,0.38802,0.38014,0.38062,629817.697075,1745222399999
1745222400000,0.38077,0.38567,0.38,0.38318,611808.082402,1745229599999
1745229600000,0.38318,0.38416,0.37655,0.37738,573895.313901,1745236799999
1745236800000,0.37747,0.38312,0.3767,0.37804,594233.761582,1745243999999
1745244000000,0.3768,0.38973,0.37597,0.38529,769892.767218,1745251199999
1745251200000,0.38563,0.38975,0.37229,0.37659,901045.027157,1745258399999
1745258400000,0.3762,0.38106,0.37376,0.38019,600964.008641,1745265599999
1745265600000,0.3797,0.38158,0.37704,0.37952,545196.263561,1745272799999
1745272800000,0.3786,0.37924,0.36498,0.36719,383861.344463,1745279999999
1745280000000,0.36726,0.38085,0.36082,0.37991,1000477.074615,1745287199999
1745287200000,0.37999,0.38455,0.3675,0.37145,519074.007461,1745294399999
1745294400000,0.37157,0.37468,0.36893,0.37279,477241.690267,1745301599999
1745301600000,0.37291,0.38204,0.36387,0.38204,379902.889421,1745308799999
1745308800000,0.38212,0.38501,0.37686,0.38021,626555.455337,1745315999999
1745316000000,0.38036,0.39123,0.37784,0.39007,859778.219696,1745323199999
1745323200000,0.38988,0.40537,0.38865,0.39757,1930172.082935,1745330399999
1745330400000,0.40002,0.41856,0.39742,0.41241,1538727.85209,1745337599999
1745337600000,0.41399,0.41944,0.40669,0.40961,1029672.3794,1745344799999
1745344800000,0.41016,0.41528,0.40884,0.41469,345529.068838,1745351999999
1745352000000,0.41474,0.43984,0.41425,0.43637,1101487.693082,1745359199999
1745359200000,0.43841,0.45,0.43203,0.44069,590985.496757,1745366399999
1745380800000,0.47,0.48966,0.47,0.48465,534787.695692,1745387999999
1745388000000,0.48491,0.48948,0.47534,0.47926,802309.070694,1745395199999
1745395200000,0.4783,0.49431,0.47258,0.4936,549960.43921,1745402399999
1745402400000,0.49257,0.49922,0.48322,0.48956,575699.467708,1745409599999
1745409600000,0.49103,0.5122,0.4901,0.49297,1075563.107512,1745416799999
1745416800000,0.49388,0.50519,0.47338,0.48719,1956311.561874,1745423999999
1745424000000,0.4872,0.49061,0.47027,0.48622,735376.70591,1745431199999
1745431200000,0.48623,0.49396,0.47311,0.47557,607653.037511,1745438399999
1745438400000,0.47693,0.48051,0.4703,0.4719,386523.887296,1745445599999
1745445600000,0.47272,0.4809,0.47024,0.47613,142799.713601,1745452799999
1745452800000,0.47626,0.4771,0.46081,0.4635,377922.998819,1745459999999
1745460000000,0.46844,0.46982,0.45347,0.45347,205899.630262,1745467199999
1745467200000,0.45427,0.47462,0.45228,0.46958,701262.239638,1745474399999
1745474400000,0.46803,0.47375,0.46055,0.46125,444336.797791,1745481599999
1745481600000,0.46,0.4622,0.44739,0.45693,691122.151,1745488799999
1745488800000,0.4585,0.46155,0.45409,0.45982,105951.040366,1745495999999
1745496000000,0.4597,0.47132,0.4597,0.46607,483073.129042,1745503199999
1745503200000,0.47101,0.49141,0.46914,0.47821,1549191.748906,1745510399999
1745510400000,0.47872,0.48957,0.469,0.47228,827418.700849,1745517599999
1745517600000,0.47556,0.48152,0.47406,0.47946,215766.634453,1745524799999
1745524800000,0.4798,0.48264,0.47448,0.48075,927994.030291,1745531999999
1745532000000,0.48117,0.49162,0.47767,0.488,389703.744201,1745539199999
1745539200000,0.4875,0.49789,0.48569,0.49158,1189211.506748,1745546399999
1745546400000,0.49283,0.4961,0.48048,0.4858,407415.379203,1745553599999
1745553600000,0.48563,0.49914,0.48101,0.4871,595551.666301,1745560799999
1745560800000,0.4868,0.50588,0.48502,0.50569,1000744.469154,1745567999999
1745568000000,0.50626,0.55475,0.50626,0.55197,1626235.928412,1745575199999
1745575200000,0.55196,0.55509,0.54179,0.55256,840621.626986,1745582399999
1745582400000,0.55276,0.57146,0.54288,0.55399,1795025.228635,1745589599999
1745589600000,0.55386,0.58899,0.55386,0.56456,1840562.262854,1745596799999
1745596800000,0.56319,0.57494,0.54662,0.54716,854424.030266,1745603999999
1745604000000,0.54735,0.56056,0.54523,0.54808,690732.305261,1745611199999
1745611200000,0.5488,0.55352,0.54207,0.54371,550474.15854,1745618399999
1745618400000,0.54556,0.56552,0.54556,0.5621,676488.015182,1745625599999
1745625600000,0.5633,0.63078,0.56153,0.63078,1384644.689075,1745632799999
1745632800000,0.62886,0.63376,0.60262,0.61114,547768.392011,1745639999999
1745640000000,0.61109,0.61703,0.578,0.5832,617919.84911,1745647199999
1745647200000,0.58507,0.61226,0.58026,0.60228,1326540.038446,1745654399999
1745654400000,0.60365,0.60891,0.58389,0.58892,505561.31711,1745661599999
1745661600000,0.58623,0.59525,0.56093,0.56307,689374.985182,1745668799999
1745668800000,0.56338,0.56741,0.55365,0.56291,695169.861819,1745675999999
1745676000000,0.56393,0.57919,0.55822,0.57919,445022.347617,1745683199999
1745683200000,0.57629,0.57968,0.56883,0.57594,495418.652856,1745690399999
1745690400000,0.5758,0.57905,0.56955,0.57185,130877.54046,1745697599999
1745697600000,0.57312,0.57422,0.56756,0.56902,341121.237571,1745704799999
1745704800000,0.57062,0.57794,0.57055,0.57381,550363.33337,1745711999999
1745712000000,0.57384,0.57574,0.54748,0.54752,921780.196452,1745719199999
1745719200000,0.54846,0.57252,0.54797,0.57211,3350517.79892,1745726399999
1745726400000,0.57189,0.57239,0.55557,0.55717,150473.117299,1745733599999
1745733600000,0.55849,0.56708,0.55849,0.5642,374475.822391,1745740799999
1745740800000,0.56504,0.5676,0.55581,0.55959,206279.221496,1745747999999
1745748000000,0.55902,0.55926,0.54703,0.5491,341560.135139,1745755199999
1745755200000,0.54899,0.55552,0.53561,0.55506,1148512.9824,1745762399999
1745762400000,0.55276,0.55666,0.53805,0.54605,327013.438733,1745769599999
1745769600000,0.54647,0.55151,0.54033,0.54885,191689.891583,1745776799999
1745776800000,0.5473,0.571,0.54669,0.55338,669998.258796,1745783999999
1745784000000,0.55438,0.55897,0.5484,0.55444,375983.849322,1745791199999
1745791200000,0.55331,0.55351,0.54014,0.5429,233736.944958,1745798399999
1745798400000,0.543,0.54422,0.52478,0.53474,1167633.772579,1745805599999
1745805600000,0.53319,0.55006,0.53232,0.54714,135289.980311,1745812799999
1745812800000,0.54682,0.55916,0.54477,0.55773,450382.348242,1745819999999
1745820000000,0.55764,0.5776,0.55738,0.57353,874313.54371,1745827199999
1745827200000,0.57382,0.58413,0.56811,0.57426,428909.695884,1745834399999
1745834400000,0.5759,0.59,0.56748,0.57938,852019.88409,1745841599999
1745841600000,0.58068,0.58123,0.55123,0.55123,510435.119793,1745848799999
1745848800000,0.55123,0.56058,0.52829,0.53026,821364.64521,1745855999999
1745856000000,0.53057,0.54302,0.52403,0.54097,695664.745038,1745863199999
1745863200000,0.54108,0.54832,0.5274,0.54449,566211.679229,1745870399999
1745870400000,0.54469,0.54841,0.54071,0.54633,228700.063521,1745877599999
1745877600000,0.54666,0.55235,0.53806,0.54255,764397.2036,1745884799999
1745884800000,0.54255,0.54955,0.53689,0.5411,559358.611779,1745891999999
1745899200000,0.53308,0.53308,0.5217,0.528,1134007.794517,1745906399999
1745906400000,0.52761,0.54306,0.52761,0.54196,1454753.978697,1745913599999
1745913600000,0.54172,0.54427,0.52667,0.53338,1503666.796207,1745920799999
1745920800000,0.53266,0.53267,0.51258,0.52284,2111873.542071,1745927999999
1745928000000,0.52263,0.52355,0.50667,0.51817,1253436.598181,1745935199999
1745935200000,0.51795,0.53286,0.51501,0.52989,1286097.541207,1745942399999
1745942400000,0.52907,0.5428,0.52848,0.53935,1445302.45861,1745949599999
1745949600000,0.54154,0.54283,0.53731,0.5398,339975.077032,1745956799999
1745956800000,0.5404,0.54384,0.52662,0.5341,1014744.121697,1745963999999
1745964000000,0.53277,0.53359,0.51767,0.52906,1636934.104697,1745971199999
1745971200000,0.53068,0.54167,0.52793,0.53835,885675.392749,1745978399999
1745978400000,0.53856,0.54505,0.53211,0.53764,314568.138656,1745985599999
1745985600000,0.53846,0.54291,0.53012,0.53318,453159.629412,1745992799999
1745992800000,0.53281,0.53281,0.52137,0.52364,938567.982392,1745999999999
1746000000000,0.52352,0.53958,0.52253,0.53533,482266.759342,1746007199999
1746007200000,0.53531,0.53678,0.52591,0.53662,298435.440838,1746014399999
1746014400000,0.53738,0.53757,0.49364,0.49574,1541818.505177,1746021599999
1746021600000,0.49599,0.52694,0.49481,0.52122,2768070.83660601,1746028799999
1746028800000,0.51964,0.5309,0.5151,0.52873,645988.229891,1746035999999
1746036000000,0.529,0.53625,0.52601,0.53395,403111.400771,1746043199999
1746043200000,0.53358,0.55941,0.53317,0.54797,1074535.92306,1746050399999
1746050400000,0.55118,0.56363,0.546,0.55892,880391.427356,1746057599999
1746057600000,0.55866,0.58276,0.55389,0.57305,1355141.707339,1746064799999
1746064800000,0.57426,0.57568,0.56043,0.56099,911435.664067,1746071999999
1746072000000,0.56108,0.56803,0.55647,0.56803,389421.527311,1746079199999
1746079200000,0.56806,0.56819,0.55547,0.55753,754938.654265,1746086399999
1746086400000,0.55769,0.57144,0.54606,0.56989,1697676.222119,1746093599999
1746093600000,0.56987,0.58415,0.56418,0.57012,1167108.270626,1746100799999
1746100800000,0.57054,0.5722,0.55293,0.55298,882314.954275,1746107999999
1746108000000,0.55328,0.58,0.55328,0.5625,1304428.581702,1746115199999
1746115200000,0.5626,0.56802,0.55289,0.55718,947549.949883,1746122399999
1746122400000,0.55743,0.55761,0.54573,0.54777,883955.452308,1746129599999
1746129600000,0.54875,0.55734,0.545,0.55246,386883.698594,1746136799999
1746136800000,0.55284,0.55523,0.53984,0.545,500206.83192,1746143999999
1746144000000,0.54504,0.5685,0.54333,0.56777,402827.995028,1746151199999
1746151200000,0.56669,0.56725,0.55162,0.55376,521852.875881,1746158399999
1746158400000,0.55333,0.55474,0.54077,0.54079,550169.436811,1746165599999
1746165600000,0.54111,0.54316,0.52926,0.53032,1129965.903498,1746172799999
1746172800000,0.53037,0.54278,0.52888,0.53786,928707.707532,1746179999999
1746180000000,0.53785,0.53988,0.53166,0.53602,500876.135198,1746187199999
1746187200000,0.53476,0.54132,0.53176,0.5343,663747.222272,1746194399999
1746194400000,0.53383,0.54809,0.53383,0.54303,1346194.229956,1746201599999
1746201600000,0.54422,0.57362,0.54391,0.56977,1530091.780064,1746208799999
1746208800000,0.56984,0.57966,0.55755,0.56121,990724.595141,1746215999999
1746216000000,0.56144,0.58031,0.56124,0.56809,968349.925979,1746223199999
1746223200000,0.57065,0.57367,0.56208,0.57134,384837.602638,1746230399999
1746230400000,0.57002,0.5731,0.55482,0.55624,876027.496003,1746237599999
1746237600000,0.55738,0.56656,0.55467,0.55746,31067.585178,1746244799999
1746244800000,0.55632,0.55784,0.54568,0.54847,413324.500769,1746251999999
1746252000000,0.54822,0.54854,0.53431,0.53764,1114644.217565,1746259199999
1746259200000,0.53747,0.5386,0.52808,0.5293,790121.033999,1746266399999
1746266400000,0.52944,0.52962,0.51513,0.51697,965076.148678,1746273599999
1746273600000,0.5169,0.52599,0.5169,0.52284,873599.815766,1746280799999
1746280800000,0.52342,0.52851,0.52186,0.52265,402996.106975,1746287999999
1746288000000,0.522,0.52291,0.50532,0.51003,702195.949544,1746295199999
1746295200000,0.51021,0.51379,0.50308,0.51169,761926.381464,1746302399999
1746302400000,0.51203,0.51377,0.50312,0.505,493016.693545,1746309599999
1746309600000,0.50499,0.50973,0.50272,0.50354,428969.731673,1746316799999
1746316800000,0.50433,0.50719,0.49703,0.50311,580844.994294,1746323999999
1746324000000,0.50083,0.5094,0.49614,0.4983,635495.657374,1746331199999
1746331200000,0.4975,0.50608,0.49542,0.50432,531134.788552,1746338399999
1746338400000,0.5033,0.5033,0.494,0.49725,425105.095312,1746345599999
1746345600000,0.4972,0.49993,0.492,0.49252,534226.143341,1746352799999
1746352800000,0.49352,0.49823,0.48794,0.49393,773830.62827,1746359999999
1746360000000,0.49381,0.49803,0.48515,0.4892,1043379.225482,1746367199999
1746367200000,0.48938,0.50012,0.48592,0.49038,653130.444705,1746374399999
1746374400000,0.49192,0.49367,0.47888,0.48708,583825.930224,1746381599999
1746381600000,0.4875,0.48986,0.47491,0.47844,599167.078145,1746388799999
1746388800000,0.48026,0.48936,0.48026,0.48897,416874.29089,1746395999999
1746396000000,0.4886,0.4886,0.47787,0.48445,485574.121429,1746403199999
1746403200000,0.48439,0.48877,0.47494,0.47566,311509.215648,1746410399999
1746410400000,0.47418,0.49366,0.47408,0.48797,278168.745278,1746417599999
1746417600000,0.48774,0.50105,0.48551,0.49963,1078389.296686,1746424799999
1746424800000,0.49975,0.50168,0.49013,0.49333,607826.248648,1746431999999
1746432000000,0.49428,0.49785,0.48748,0.48748,594389.920238,1746439199999
1746439200000,0.48817,0.48817,0.47091,0.47733,1430216.333171,1746446399999
1746446400000,0.47647,0.48005,0.47296,0.47752,915579.632428,1746453599999
1746453600000,0.47848,0.48232,0.47047,0.47259,1066064.717744,1746460799999
1746460800000,0.47336,0.48431,0.47199,0.48222,627954.513606,1746467999999
1746468000000,0.4825,0.49404,0.48039,0.48074,876659.333552,1746475199999
1746475200000,0.481,0.48902,0.47167,0.4888,1079162.794676,1746482399999
1746482400000,0.48955,0.49246,0.48339,0.48433,685082.011856,1746489599999
1746489600000,0.48464,0.49172,0.48133,0.48474,862256.294957,1746496799999
1746496800000,0.48471,0.4936,0.47535,0.49222,655672.230198,1746503999999
1746504000000,0.49287,0.49844,0.4913,0.49273,886063.100995,1746511199999
1746511200000,0.4926,0.50216,0.49219,0.49385,989837.892789,1746518399999
1746518400000,0.49406,0.49406,0.48179,0.48508,1093898.205611,1746525599999
1746525600000,0.48493,0.48493,0.461,0.46491,1445600.340926,1746532799999
1746532800000,0.46611,0.47144,0.46096,0.4637,752738.517636,1746539999999
1746540000000,0.46397,0.48181,0.46364,0.47084,1349459.494581,1746547199999
1746547200000,0.47142,0.47831,0.46521,0.47289,1132507.153168,1746554399999
1746554400000,0.47328,0.48567,0.47323,0.47525,700160.939656,1746561599999
1746561600000,0.47496,0.47763,0.46,0.47221,844293.877154,1746568799999
1746568800000,0.47991,0.4987,0.47991,0.49497,818960.581267,1746575999999
1746576000000,0.4955,0.52037,0.495,0.51733,1317647.907289,1746583199999
1746583200000,0.51764,0.51832,0.49861,0.51063,717831.963976,1746590399999
1746590400000,0.51306,0.51344,0.49892,0.4993,530899.598693,1746597599999
1746597600000,0.49924,0.50848,0.4928,0.50797,2093910.707254,1746604799999
1746604800000,0.50784,0.51204,0.50169,0.50429,993259.413951,1746611999999
1746612000000,0.50417,0.50532,0.49583,0.50339,652782.287163,1746619199999
1746619200000,0.50473,0.50473,0.48523,0.49343,1583454.799391,1746626399999
1746626400000,0.49331,0.49964,0.48272,0.48465,1768904.803144,1746633599999
1746633600000,0.48447,0.48447,0.47003,0.47788,2001843.952588,1746640799999
1746640800000,0.47752,0.49147,0.47505,0.48284,2152988.327683,1746647999999
1746648000000,0.48288,0.49968,0.48208,0.49968,1109778.829005,1746655199999
1746655200000,0.50096,0.51808,0.50044,0.50888,1115871.357716,1746662399999
1746662400000,0.50872,0.52662,0.50704,0.51199,1609973.079137,1746669599999
1746669600000,0.51246,0.53723,0.51213,0.53089,1105900.420424,1746676799999
1746676800000,0.53128,0.53916,0.52858,0.53779,998359.899365,1746683999999
1746684000000,0.53842,0.55384,0.53647,0.54917,1699393.80192,1746691199999
1746691200000,0.55013,0.57101,0.54901,0.57093,1317924.865097,1746698399999
1746698400000,0.57113,0.57354,0.56145,0.56312,1351688.094517,1746705599999
1746705600000,0.56312,0.57171,0.5626,0.56277,935618.22857,1746712799999
1746712800000,0.56278,0.58818,0.5584,0.57602,2785752.087765,1746719999999
1746720000000,0.5769,0.60407,0.57563,0.59592,1435420.869031,1746727199999
1746727200000,0.59592,0.60601,0.59209,0.60076,850291.043946,1746734399999
1746734400000,0.602,0.63264,0.59591,0.60897,2520403.252848,1746741599999
1746741600000,0.6094,0.61559,0.5974,0.61559,494364.690787,1746748799999
1746748800000,0.615,0.63363,0.60541,0.62625,546230.691768,1746755999999
1746756000000,0.62673,0.63527,0.59127,0.59129,962104.372345,1746763199999
1746763200000,0.59178,0.60035,0.58098,0.59982,1136960.509135,1746770399999
1746770400000,0.5998,0.64682,0.5998,0.62587,3056276.116604,1746777599999
1746777600000,0.62576,0.67344,0.625,0.63874,4430506.966573,1746784799999
1746784800000,0.63855,0.68444,0.63508,0.65422,3283660.701683,1746791999999
1746792000000,0.65217,0.67,0.63888,0.663,2461877.697299,1746799199999
1746799200000,0.66349,0.66349,0.63246,0.64407,2014301.761035,1746806399999
1746806400000,0.64457,0.64948,0.62392,0.64937,1274512.957742,1746813599999
1746813600000,0.64792,0.65442,0.64339,0.64836,1255603.985813,1746820799999
1746820800000,0.64855,0.67077,0.64481,0.65257,1458859.526528,1746827999999
1746828000000,0.65459,0.66546,0.65034,0.66546,536285.113521,1746835199999
1746835200000,0.66548,0.73757,0.66548,0.71382,4306170.135815,1746842399999
1746842400000,0.71371,0.75689,0.70876,0.7519,1779806.399981,1746849599999
1746849600000,0.75116,0.77077,0.7251,0.76137,2082698.204582,1746856799999
1746856800000,0.7623,0.79098,0.75278,0.78309,3230271.720803,1746863999999
1746864000000,0.78376,0.81601,0.77296,0.8087,2666261.772451,1746871199999
1746871200000,0.80776,0.81256,0.74514,0.74957,2022117.440014,1746878399999
1746878400000,0.75151,0.78375,0.75151,0.77132,922218.197171,1746885599999
1746885600000,0.77232,0.77569,0.75321,0.75912,1059429.870132,1746892799999
1746892800000,0.75936,0.79917,0.75175,0.7852,1709640.296296,1746899999999
1746900000000,0.78627,0.84771,0.78184,0.83047,3449963.584036,1746907199999
1746907200000,0.83035,0.85955,0.81997,0.8444,2546915.591286,1746914399999
1746914400000,0.84317,0.86907,0.82905,0.83997,2019616.71798,1746921599999
1746921600000,0.83907,0.84366,0.80272,0.81428,1762168.116642,1746928799999
1746928800000,0.81405,0.82072,0.78882,0.80228,859759.512365,1746935999999
1746936000000,0.8032,0.81766,0.79854,0.8028,548255.666654,1746943199999
1746943200000,0.80222,0.81413,0.7652,0.77227,1237456.20684,1746950399999
1746950400000,0.77128,0.7958,0.76816,0.79089,1014391.433698,1746957599999
1746957600000,0.79013,0.81044,0.78626,0.80398,948826.690296,1746964799999
1746964800000,0.80458,0.81876,0.78301,0.78505,1119737.82367,1746971999999
1746972000000,0.78493,0.80797,0.78493,0.79719,951085.446674,1746979199999
1746979200000,0.79709,0.8138,0.78,0.80363,1400256.246438,1746986399999
1746986400000,0.80563,0.80765,0.78613,0.79375,1216716.234037,1746993599999
1746993600000,0.79471,0.8099,0.78825,0.8099,576247.006031,1747000799999
1747000800000,0.80948,0.83296,0.79615,0.80954,717680.144962,1747007999999
1747008000000,0.81201,0.88497,0.812,0.87013,1644053.359835,1747015199999
1747015200000,0.873,0.98737,0.873,0.9863,3298470.917423,1747022399999
1747022400000,0.9858,1.0332,0.95577,0.9841,2358684.931035,1747029599999
1747029600000,0.98824,1.1446,0.9851,1.0892,3761983.819403,1747036799999
1747036800000,1.0897,1.1861,1.0713,1.1215,3231776.085951,1747043999999
1747044000000,1.1218,1.131,1.0527,1.0645,2541556.331719,1747051199999
1747051200000,1.0642,1.1019,1.0296,1.0592,2528851.274849,1747058399999
1747058400000,1.0601,1.0733,0.99234,1.0078,3293680.894427,1747065599999
1747065600000,1.0081,1.0737,1.0055,1.0327,2001915.450694,1747072799999
1747072800000,1.0334,1.0374,0.96309,1.0093,2901740.741524,1747079999999
1747080000000,1.0037,1.0453,0.9947,1.0337,1422732.381788,1747087199999
1747087200000,1.0335,1.0462,1.0224,1.0342,920215.35209,1747094399999
1747094400000,1.0343,1.036,0.99208,1.0028,875661.956909,1747101599999
1747101600000,1.0029,1.0036,0.96395,0.96708,1565653.57994,1747108799999
1747108800000,0.96606,1.013,0.9524,1.013,1821318.073839,1747115999999
1747116000000,1.0121,1.0246,0.99573,1.0246,803214.492287,1747123199999
1747123200000,1.0248,1.0772,1.01,1.0625,1940264.603491,1747130399999
1747130400000,1.0637,1.0638,1.0249,1.0376,1675728.949148,1747137599999
1747137600000,1.0378,1.0801,1.0285,1.0419,1657317.445947,1747144799999
1747144800000,1.0415,1.0479,0.97345,1.0139,1735041.091814,1747151999999
1747152000000,1.0137,1.0724,1.0074,1.0417,1937449.171236,1747159199999
1747159200000,1.041,1.0648,1.0195,1.0459,1402523.856301,1747166399999
1747166400000,1.0473,1.1024,1.0324,1.0728,2663276.828797,1747173599999
1747173600000,1.0763,1.0783,1.0204,1.0504,1271065.955146,1747180799999
1747180800000,1.0509,1.0512,1.0038,1.0094,852103.641035,1747187999999
1747188000000,1.0144,1.0145,0.98499,1.0104,637584.666395,1747195199999
1747195200000,1.0107,1.0523,1.0014,1.0302,808105.822546,1747202399999
1747202400000,1.0297,1.0638,0.99236,0.99757,1648565.617074,1747209599999
1747209600000,0.99838,1.0205,0.96263,0.98089,2278072.639259,1747216799999
1747216800000,0.98057,0.99426,0.97328,0.98595,904401.01131,1747223999999
1747224000000,0.98679,0.9902,0.95,0.96553,1081372.527706,1747231199999
1747231200000,0.96722,0.97055,0.9454,0.968,1012800.001619,1747238399999
1747238400000,0.96842,0.97135,0.92283,0.96239,895386.498627,1747245599999
1747245600000,0.96248,1.0035,0.96027,1.0002,937848.381056,1747252799999
1747252800000,0.99941,1.0245,0.99495,1.0221,1042825.108223,1747259999999
1747260000000,1.0224,1.0308,1.0044,1.0121,444670.633934,1747267199999
1747267200000,1.0141,1.0198,0.9845,0.99234,492676.61187,1747274399999
1747274400000,0.99171,1.0241,0.99171,0.99758,571192.681342,1747281599999
1747281600000,0.99825,1.0197,0.96171,0.96845,529458.03891,1747288799999
1747288800000,0.97218,0.98333,0.92915,0.92964,1286237.386788,1747295999999
1747296000000,0.92901,0.97845,0.92868,0.94281,651093.432469,1747303199999
1747303200000,0.94462,0.94671,0.91218,0.93675,999355.69561,1747310399999
1747310400000,0.93204,0.95607,0.89163,0.90376,1024691.43292,1747317599999
1747317600000,0.90503,0.945,0.86868,0.93308,2024342.783773,1747324799999
1747324800000,0.93245,0.97735,0.91984,0.95137,798330.455292,1747331999999
1747332000000,0.948,0.95007,0.89844,0.90875,1237260.991881,1747339199999
1747339200000,0.91042,0.91803,0.87323,0.89202,867606.703294,1747346399999
1747346400000,0.8919,0.90394,0.84703,0.87949,563003.784521,1747353599999
1747353600000,0.88024,0.91,0.86734,0.89662,388849.274905,1747360799999
1747360800000,0.89785,0.91408,0.89395,0.90243,242270.701168,1747367999999
1747368000000,0.90323,0.92473,0.88898,0.91658,284670.373965,1747375199999
1747375200000,0.9135,0.92344,0.8962,0.91143,802395.412518,1747382399999
1747382400000,0.91267,0.94942,0.8909,0.94544,645577.90052,1747389599999
1747389600000,0.94546,0.94654,0.92606,0.94149,170694.975906,1747396799999
1747396800000,0.93997,1.0139,0.93733,1.0117,1057974.815142,1747403999999
1747404000000,1.0107,1.0257,0.9785,1.0003,991044.826013,1747411199999
1747411200000,1.0008,1.0178,0.94555,0.94825,930788.737054,1747418399999
1747418400000,0.95108,0.95254,0.91983,0.926,443078.657762,1747425599999
1747425600000,0.92336,0.93242,0.91111,0.91389,356167.965474,1747432799999
1747432800000,0.91375,0.91765,0.88629,0.89907,344529.653989,1747439999999
1747440000000,0.898,0.90667,0.86974,0.88159,371889.060629,1747447199999
1747447200000,0.8834,0.8834,0.85561,0.87017,206984.195381,1747454399999
1747454400000,0.87053,0.88748,0.85091,0.85346,522796.263413,1747461599999
1747461600000,0.85359,0.86604,0.8426,0.85202,979491.302424,1747468799999
1747468800000,0.85357,0.8613,0.84051,0.856,282760.846298,1747475999999
1747476000000,0.85398,0.88491,0.85337,0.86495,589163.456893,1747483199999
1747483200000,0.86461,0.869,0.84292,0.84777,206545.82835,1747490399999
1747490400000,0.84645,0.87034,0.84428,0.84428,480268.373157,1747497599999
1747497600000,0.84509,0.8587,0.82501,0.84256,416786.811327,1747504799999
1747504800000,0.84505,0.85634,0.8314,0.83607,332911.089024,1747511999999
1747512000000,0.83589,0.86111,0.83544,0.84711,297140.181508,1747519199999
1747519200000,0.84675,0.84675,0.82611,0.83521,311339.114383,1747526399999
1747526400000,0.83199,0.85591,0.8299,0.85591,343855.127247,1747533599999
1747533600000,0.84974,0.85552,0.83761,0.84338,336639.636021,1747540799999
1747540800000,0.84329,0.89441,0.8417,0.89154,1129395.09538,1747547999999
1747548000000,0.89241,0.89308,0.8659,0.88702,944828.258648,1747555199999
1747555200000,0.88803,0.95621,0.88784,0.9121,1676402.782801,1747562399999
1747562400000,0.91456,0.93206,0.89791,0.90723,506273.85446,1747569599999
1747569600000,0.90731,0.94237,0.90103,0.93926,406951.362297,1747576799999
1747576800000,0.94079,0.98433,0.92184,0.97377,1015074.21945,1747583999999
1747584000000,0.97494,0.98223,0.91479,0.91618,985569.55515,1747591199999
1747591200000,0.9154,0.91781,0.86,0.86365,1079800.716236,1747598399999
1747598400000,0.86014,0.88966,0.84625,0.87592,1023563.996064,1747605599999
1747605600000,0.87675,0.96565,0.86477,0.95512,672685.646649,1747612799999
1747612800000,0.95569,0.964,0.87933,0.88086,481638.014975,1747619999999
1747620000000,0.87934,0.88907,0.86486,0.8732,250793.621645,1747627199999
1747627200000,0.8736,0.87994,0.85856,0.86235,243337.439779,1747634399999
1747634400000,0.8605,0.86791,0.83311,0.86667,836511.609078,1747641599999
1747641600000,0.86677,0.86677,0.83457,0.83903,306376.1768,1747648799999
1747648800000,0.83784,0.84256,0.82948,0.83565,402173.697971,1747655999999
1747656000000,0.83422,0.86618,0.82514,0.85545,675193.892571,1747663199999
1747663200000,0.85467,0.87985,0.84667,0.86873,991848.733668,1747670399999
1747670400000,0.86918,0.91378,0.85563,0.88947,687990.879361,1747677599999
1747677600000,0.89,0.89377,0.85873,0.87051,387240.705972,1747684799999
1747684800000,0.87321,0.8833,0.85702,0.87502,525739.421915,1747691999999
1747692000000,0.87426,0.89044,0.86408,0.88271,268062.262978,1747699199999
1747699200000,0.88413,0.9079,0.85931,0.89189,357775.635271,1747706399999
1747706400000,0.88702,0.90605,0.86508,0.86892,425248.051422,1747713599999
1747713600000,0.86885,0.887,0.86319,0.87083,210134.287242,1747720799999
1747720800000,0.87054,0.87311,0.84441,0.845,732643.415654,1747727999999
1747728000000,0.84647,0.85479,0.83843,0.84398,684750.077647,1747735199999
1747735200000,0.845,0.84578,0.82694,0.84128,391964.734401,1747742399999
1747742400000,0.83902,0.84426,0.83023,0.83917,369256.300102,1747749599999
1747749600000,0.83907,0.85469,0.83365,0.85065,386287.755701,1747756799999
1747756800000,0.85016,0.88347,0.85016,0.87602,477319.187709,1747763999999
1747764000000,0.87491,0.87926,0.83722,0.87255,532941.782533,1747771199999
1747771200000,0.87089,0.88415,0.86281,0.87273,418200.551714,1747778399999
1747778400000,0.87136,0.8774,0.8525,0.8632,105028.573035,1747785599999
1747785600000,0.86317,0.88355,0.86317,0.86665,113115.712656,1747792799999
1747792800000,0.86257,0.89149,0.854,0.87371,413016.770921,1747799999999
1747800000000,0.87333,0.9064,0.86374,0.89602,442027.881831,1747807199999
1747807200000,0.89614,0.89987,0.85437,0.86524,686321.017904,1747814399999
1747814400000,0.8653,0.86734,0.84649,0.85546,261892.137066,1747821599999
1747821600000,0.85404,0.8902,0.84886,0.8895,319731.0245,1747828799999
1747828800000,0.88828,0.94066,0.88681,0.9239,1721832.622734,1747835999999
1747836000000,0.92716,0.96271,0.9105,0.95222,1222941.318235,1747843199999
1747843200000,0.95161,1.0479,0.94795,0.97032,3722901.98895,1747850399999
1747850400000,0.97226,1.0338,0.96718,1.0176,1386989.352352,1747857599999
1747857600000,1.0163,1.0199,0.97631,0.98319,556710.185824,1747864799999
1747864800000,0.98346,1.0229,0.97895,0.98465,404442.774911,1747871999999
1747872000000,0.98387,1.0237,0.9731,0.99365,320631.487926,1747879199999
1747879200000,0.9915,1.0238,0.97992,1.013,220956.584078,1747886399999
1747886400000,1.0147,1.0374,0.978,0.97978,838050.583761,1747893599999
1747893600000,0.9807,1.0263,0.97225,1.0221,647814.352422,1747900799999
1747900800000,1.0224,1.0462,1.0078,1.0331,550697.821923,1747907999999
1747908000000,1.0333,1.034,0.99645,1.0112,422826.680883,1747915199999
1747915200000,1.0112,1.032,0.99256,1.0153,488678.904769,1747922399999
1747922400000,1.0144,1.0626,1.014,1.0278,820385.241764,1747929599999
1747929600000,1.0286,1.0512,1.0172,1.0419,416334.591146,1747936799999
1747936800000,1.0409,1.0416,1.0066,1.0115,625838.577752,1747943999999
1747944000000,1.0133,1.0307,1.0,1.0071,512300.1382,1747951199999
1747951200000,1.0077,1.0616,1.0077,1.0616,415080.559491,1747958399999
1747958400000,1.063,1.155,1.0503,1.1525,705718.653562,1747965599999
1747965600000,1.1531,1.2271,1.1465,1.1985,685113.868257,1747972799999
1747972800000,1.1986,1.2074,1.1198,1.1411,868035.946739,1747979999999
1747980000000,1.143,1.143,1.0667,1.0728,1654599.3969,1747987199999
1747987200000,1.0742,1.1385,1.0742,1.1253,1133968.426399,1747994399999
1747994400000,1.125,1.125,1.0228,1.0318,1370903.828206,1748001599999
1748001600000,1.031,1.0648,0.982,1.063,1750766.156376,1748008799999
1748008800000,1.0655,1.0926,1.0282,1.0284,774395.748433,1748015999999
1748016000000,1.0291,1.0646,1.0177,1.051,714009.796946,1748023199999
1748023200000,1.0531,1.0583,1.028,1.032,527042.242551,1748030399999
1748030400000,1.0332,1.0382,1.0161,1.0223,625611.378686,1748037599999
1748037600000,1.0232,1.028,0.97059,0.98091,510132.635228,1748044799999
1748044800000,0.98015,1.0122,0.97352,0.99828,267378.233357,1748051999999
1748052000000,0.99499,1.0253,0.99499,1.0175,83898.297085,1748059199999
1748059200000,1.0171,1.0321,0.9966,1.0058,146042.287983,1748066399999
1748066400000,1.0056,1.0089,0.97254,0.98259,386985.320444,1748073599999
1748073600000,0.98295,0.9922,0.95908,0.98068,440110.291124,1748080799999
1748080800000,0.98028,1.0072,0.97591,0.99418,606386.952887,1748087999999
1748088000000,0.99408,0.99675,0.968,0.97005,513133.491897,1748095199999
1748095200000,0.9695,0.98678,0.95656,0.97761,345306.211365,1748102399999
1748102400000,0.97659,0.98639,0.95466,0.9706,500700.483887,1748109599999
1748109600000,0.96996,0.98295,0.96221,0.97819,453850.182907,1748116799999
1748116800000,0.97817,0.99321,0.96548,0.97088,362078.315325,1748123999999
1748124000000,0.96956,0.9919,0.9599,0.99031,241938.205941,1748131199999
1748131200000,0.98491,0.99991,0.9521,0.95709,333272.2815,1748138399999
1748138400000,0.95871,0.97895,0.94631,0.97014,211505.551101,1748145599999
1748145600000,0.96728,0.98104,0.95435,0.97783,236532.412888,1748152799999
1748152800000,0.97861,0.97911,0.93224,0.94883,470138.177688,1748159999999
1748160000000,0.94853,0.94899,0.93,0.94175,390187.606153,1748167199999
1748167200000,0.94299,0.94792,0.93283,0.93545,144300.377159,1748174399999
1748174400000,0.93767,0.95122,0.9264,0.93262,278141.576283,1748181599999
1748181600000,0.93104,0.93664,0.89066,0.91084,357178.899744,1748188799999
1748188800000,0.90515,0.92286,0.89584,0.91795,148355.792453,1748195999999
1748196000000,0.91766,0.93531,0.91456,0.93015,113297.171091,1748203199999
1748203200000,0.93111,0.93186,0.91688,0.92735,143913.408043,1748210399999
1748210400000,0.92382,0.97401,0.92111,0.97069,468474.074254,1748217599999
1748217600000,0.97534,1.065,0.97451,1.0207,812227.526764,1748224799999
1748224800000,1.0191,1.0191,1.0052,1.0117,11106.853224,1748231999999
1748232000000,0.99436,1.0167,0.99256,1.0135,217798.64194,1748239199999
1748239200000,1.0118,1.0325,1.0069,1.0325,655802.73815,1748246399999
1748246400000,1.0317,1.0331,0.99853,1.0025,685040.692856,1748253599999
1748253600000,1.0023,1.0062,0.9833,0.99001,325427.82475,1748260799999
1748260800000,0.99117,1.0116,0.98518,0.9906,285694.582865,1748267999999
1748268000000,0.98959,1.0061,0.96809,1.0,508411.010754,1748275199999
1748275200000,0.99909,1.0146,0.97123,0.97413,731996.995607,1748282399999
1748282400000,0.97288,0.99183,0.9718,0.9779,411523.165308,1748289599999
1748289600000,0.97657,0.9943,0.97249,0.98547,228349.601115,1748296799999
1748296800000,0.98531,1.0011,0.97431,0.9891,116433.755134,1748303999999
1748304000000,0.9912,1.0044,0.9459,0.9647,353212.402959,1748311199999
1748311200000,0.9662,0.98876,0.9619,0.98277,991065.446894,1748318399999
1748318400000,0.98331,0.9842,0.96498,0.97581,2069306.906829,1748325599999
1748325600000,0.97658,0.99294,0.97493,0.98819,2397082.09191,1748332799999
1748332800000,0.9923,1.0029,0.98466,1.0029,806904.476499,1748339999999
1748340000000,1.0029,1.0088,0.98752,0.99644,1332336.779908,1748347199999
1748347200000,0.99809,1.02,0.98887,0.98954,675441.090632,1748354399999
1748354400000,0.99532,1.0054,0.97502,1.0049,340270.951235,1748361599999
1748361600000,1.004,1.026,0.99622,1.0123,405095.890416,1748368799999
1748368800000,1.0135,1.0215,1.0,1.0014,475637.706925,1748375999999
1748376000000,1.0014,1.01,0.98095,0.983,470334.274337,1748383199999
1748383200000,0.98414,0.987,0.9664,0.97888,200120.428397,1748390399999
1748390400000,0.97732,0.99986,0.96737,0.97922,253469.639948,1748397599999
1748397600000,0.97703,0.97892,0.96292,0.97685,293039.72582,1748404799999
1748404800000,0.97238,0.97911,0.965,0.9751,186420.392372,1748411999999
1748412000000,0.97184,0.97184,0.95791,0.96077,332133.16275,1748419199999
1748419200000,0.96123,0.96835,0.94903,0.9544,224322.204242,1748426399999
1748426400000,0.95402,0.97903,0.94708,0.97711,145514.855861,1748433599999
1748433600000,0.97927,1.0008,0.97307,0.97916,418358.138274,1748440799999
1748440800000,0.97792,0.98033,0.94,0.94816,534986.656301,1748447999999
1748448000000,0.95218,0.98808,0.95015,0.98232,184915.099581,1748455199999
1748455200000,0.98256,0.99392,0.96724,0.97276,236686.928172,1748462399999
1748462400000,0.96854,0.99232,0.96549,0.99017,209737.121975,1748469599999
1748469600000,0.99037,1.01,0.97432,1.0008,207002.207582,1748476799999
1748476800000,0.99752,1.0213,0.9877,1.0134,682548.632224,1748483999999
1748484000000,1.0141,1.0533,1.0055,1.0118,454966.926966,1748491199999
1748491200000,1.014,1.0181,0.975,0.99318,484261.575687,1748498399999
1748498400000,0.9947,0.99959,0.98276,0.98433,258720.841229,1748505599999
1748505600000,0.98521,0.99575,0.9783,0.99046,226921.946511,1748512799999
1748512800000,0.99108,0.99108,0.97871,0.98292,176191.171226,1748519999999
1748520000000,0.9819,0.98279,0.95831,0.96368,282179.329953,1748527199999
1748527200000,0.96459,0.96591,0.93793,0.9488,746198.076318,1748534399999
1748534400000,0.95006,0.95256,0.93891,0.94752,217238.686877,1748541599999
1748541600000,0.94755,0.95602,0.92846,0.93439,222101.384419,1748548799999
1748548800000,0.93518,0.95232,0.93491,0.95224,219317.10598,1748555999999
1748556000000,0.94895,0.94926,0.9193,0.9289,235574.297711,1748563199999
1748563200000,0.92899,0.93416,0.86114,0.89919,1004947.548939,1748570399999
1748570400000,0.89933,0.9161,0.8973,0.90559,132440.801851,1748577599999
1748577600000,0.90479,0.90944,0.89623,0.90198,348785.326718,1748584799999
1748584800000,0.90168,0.90234,0.87866,0.88854,453257.826949,1748591999999
1748592000000,0.88837,0.8999,0.87993,0.89876,309771.85986,1748599199999
1748599200000,0.89836,0.91201,0.887,0.9036,136632.137253,1748606399999
1748606400000,0.90346,0.9076,0.86853,0.87286,364970.661763,1748613599999
1748613600000,0.87448,0.88601,0.86615,0.87292,164867.82589,1748620799999
1748620800000,0.8732,0.87721,0.818,0.83346,1385959.507058,1748627999999
1748628000000,0.83908,0.85149,0.83466,0.84636,167349.137014,1748635199999
1748635200000,0.84468,0.84562,0.83,0.83259,119681.200939,1748642399999
1748642400000,0.83402,0.83486,0.77939,0.78378,423805.859183,1748649599999
1748649600000,0.78402,0.78402,0.73377,0.74456,956072.935749,1748656799999
1748656800000,0.74652,0.75559,0.72501,0.73579,391987.150795,1748663999999
1748664000000,0.73491,0.75166,0.72,0.72109,614120.861187,1748671199999
1748671200000,0.72088,0.73475,0.71612,0.73128,1174319.670023,1748678399999
1748678400000,0.73095,0.73397,0.71095,0.71737,472354.810632,1748685599999
1748685600000,0.71691,0.7222,0.69394,0.69992,819176.181076,1748692799999
1748692800000,0.69902,0.74204,0.69761,0.72485,882893.863001,1748699999999
1748700000000,0.72402,0.75604,0.72316,0.73804,646634.978619,1748707199999
1748707200000,0.73862,0.76051,0.73779,0.74546,530403.020535,1748714399999
1748714400000,0.74557,0.77187,0.74477,0.76619,263031.195714,1748721599999
1748721600000,0.76573,0.76755,0.753,0.75673,475247.024684,1748728799999
1748728800000,0.75872,0.75922,0.74738,0.75348,371311.686254,1748735999999
1748736000000,0.75249,0.75868,0.74,0.74655,380866.102545,1748743199999
1748743200000,0.74356,0.75616,0.73715,0.7432,257048.248229,1748750399999
1748750400000,0.74106,0.75424,0.73574,0.73954,317796.606376,1748757599999
1748757600000,0.73916,0.74503,0.735,0.74503,181566.459806,1748764799999
1748764800000,0.74136,0.74343,0.72041,0.72831,230097.054397,1748771999999
1748772000000,0.72905,0.73628,0.71895,0.73301,284351.644207,1748779199999
1748779200000,0.7331,0.7331,0.72038,0.72792,249881.035688,1748786399999
1748786400000,0.72964,0.75308,0.72964,0.74674,751920.023275,1748793599999
1748793600000,0.74722,0.76808,0.74654,0.75963,659014.415895,1748800799999
1748800800000,0.75829,0.76786,0.74222,0.76741,366428.662043,1748807999999
1748808000000,0.76674,0.78104,0.75641,0.77931,396022.46625,1748815199999
1748815200000,0.77997,0.784,0.76672,0.77069,212114.856542,1748822399999
1748822400000,0.76984,0.78499,0.76934,0.77458,260615.226529,1748829599999
1748829600000,0.77569,0.77617,0.75414,0.75822,249335.7296,1748836799999
1748836800000,0.76079,0.76166,0.74863,0.7563,107175.540306,1748843999999
1748844000000,0.75561,0.76639,0.74927,0.75855,496501.218596,1748851199999
1748851200000,0.75787,0.76645,0.73927,0.74351,327904.002733,1748858399999
1748858400000,0.74368,0.74993,0.73917,0.74605,305405.679588,1748865599999
1748865600000,0.74427,0.76,0.73788,0.74101,339342.867244,1748872799999
1748872800000,0.74059,0.75718,0.73528,0.75308,405533.194301,1748879999999
1748880000000,0.75323,0.7603,0.74432,0.75942,205619.961891,1748887199999
1748887200000,0.7594,0.77794,0.74888,0.75791,345209.045683,1748894399999
1748894400000,0.75807,0.8356,0.75807,0.8347,1239786.261409,1748901599999
1748901600000,0.83409,0.845,0.82272,0.82855,726126.205809,1748908799999
1748908800000,0.82859,0.87878,0.8222,0.87576,529646.04813,1748915999999
1748916000000,0.87732,0.87834,0.8374,0.84797,472729.116987,1748923199999
1748923200000,0.84899,0.8506,0.83584,0.84667,271883.934588,1748930399999
1748930400000,0.84596,0.85957,0.83726,0.85589,407869.519266,1748937599999
1748937600000,0.85637,0.86566,0.84268,0.85976,395166.487613,1748944799999
1748944800000,0.86157,0.87295,0.85702,0.86553,562755.284691,1748951999999
1748952000000,0.86659,0.88681,0.86039,0.86762,881634.202831,1748959199999
1748959200000,0.86877,0.92374,0.86042,0.91661,1150061.49049,1748966399999
1748966400000,0.9176,0.91999,0.88712,0.89744,823152.853781,1748973599999
1748973600000,0.8974,0.91446,0.88034,0.90505,571506.36753,1748980799999
1748980800000,0.90701,0.90771,0.84811,0.85379,822225.518817,1748987999999
1748988000000,0.85401,0.8716,0.85263,0.85504,420966.864082,1748995199999
1748995200000,0.85514,0.87469,0.84471,0.8591,217331.487465,1749002399999
1749002400000,0.86042,0.86773,0.8544,0.85733,194946.716512,1749009599999
1749009600000,0.85838,0.86335,0.85083,0.85758,310510.67844,1749016799999
1749016800000,0.85748,0.87078,0.85066,0.85573,490866.486518,1749023999999
1749024000000,0.85679,0.86816,0.85091,0.86228,446734.0802,1749031199999
1749031200000,0.86374,0.86413,0.84101,0.8421,290479.988239,1749038399999
1749038400000,0.84296,0.84686,0.83056,0.83547,542108.60098,1749045599999
1749045600000,0.83612,0.84764,0.82647,0.84627,430157.747725,1749052799999
1749052800000,0.844,0.844,0.80879,0.81337,721318.27039,1749059999999
1749060000000,0.81436,0.8181,0.80302,0.80353,288408.221905,1749067199999
1749067200000,0.80378,0.80414,0.77362,0.78653,940703.930228,1749074399999
1749074400000,0.78554,0.78766,0.77102,0.77248,373353.31731,1749081599999
1749081600000,0.77156,0.78785,0.77156,0.77647,890387.535155,1749088799999
1749088800000,0.77672,0.78782,0.77309,0.77585,340729.885881,1749095999999
1749096000000,0.77702,0.77936,0.767,0.77036,988228.974372,1749103199999
1749103200000,0.77148,0.78014,0.76841,0.7753,1424810.560423,1749110399999
1749110400000,0.77312,0.77769,0.76705,0.76991,234877.542865,1749117599999
1749117600000,0.76903,0.76903,0.75564,0.76357,646895.678448,1749124799999
1749124800000,0.76258,0.78754,0.74927,0.75341,886665.393795,1749131999999
1749132000000,0.75255,0.76144,0.73598,0.75049,784694.956933,1749139199999
1749139200000,0.75086,0.75192,0.72425,0.73448,856923.184731,1749146399999
1749146400000,0.73332,0.73542,0.70269,0.72041,1073428.1216,1749153599999
1749153600000,0.72097,0.73221,0.69598,0.73085,1260398.190759,1749160799999
1749160800000,0.72873,0.72887,0.71836,0.72239,367456.051508,1749167999999
1749168000000,0.72229,0.72407,0.71009,0.72393,632029.29318,1749175199999
1749175200000,0.72179,0.73028,0.71576,0.72723,362729.569053,1749182399999
1749182400000,0.72764,0.74111,0.7252,0.7352,666111.275391,1749189599999
1749189600000,0.7352,0.75386,0.73427,0.74009,615109.933337,1749196799999
1749196800000,0.73941,0.75083,0.73738,0.74252,403548.532923,1749203999999
1749204000000,0.74277,0.74704,0.73604,0.7404,679448.9517,1749211199999
1749211200000,0.73915,0.7653,0.73762,0.7503,830477.346705,1749218399999
1749218400000,0.75234,0.77581,0.75,0.75804,675995.139952,1749225599999
1749225600000,0.75738,0.7624,0.7289,0.7385,903149.334329,1749232799999
1749232800000,0.738,0.73979,0.71903,0.72121,393928.139885,1749239999999
1749240000000,0.7205,0.73226,0.71868,0.72282,380866.479297,1749247199999
1749247200000,0.72195,0.72195,0.7137,0.71494,586875.140834,1749254399999
1749254400000,0.71493,0.74324,0.71363,0.73583,448377.955312,1749261599999
1749261600000,0.73568,0.765,0.73464,0.76308,843495.312277,1749268799999
1749268800000,0.7637,0.7854,0.75805,0.78072,501461.539698,1749275999999
1749276000000,0.7804,0.81235,0.77941,0.79126,1269120.215606,1749283199999
1749283200000,0.79273,0.79433,0.76339,0.76931,998917.106998,1749290399999
1749290400000,0.77055,0.78033,0.76669,0.77444,744535.531531,1749297599999
1749297600000,0.77416,0.77939,0.76721,0.76858,410341.959044,1749304799999
1749304800000,0.76853,0.7765,0.76253,0.76505,268177.495756,1749311999999
1749312000000,0.76548,0.7679,0.74875,0.7489,330337.170163,1749319199999
1749319200000,0.74924,0.76173,0.74885,0.76066,217990.463382,1749326399999
1749326400000,0.76045,0.76743,0.75681,0.76743,160946.061048,1749333599999
1749333600000,0.76719,0.77153,0.76461,0.76603,241142.133931,1749340799999
1749340800000,0.76573,0.78256,0.76154,0.78256,188018.316699,1749347999999
1749348000000,0.78236,0.78236,0.76429,0.76501,111877.659682,1749355199999
1749355200000,0.76491,0.76983,0.75712,0.75712,98456.24451,1749362399999
1749362400000,0.75721,0.76132,0.74765,0.74814,333889.816697,1749369599999
1749369600000,0.75014,0.75765,0.73815,0.74317,287781.483494,1749376799999
1749376800000,0.74265,0.75834,0.74094,0.75641,267503.982869,1749383999999
1749384000000,0.75741,0.76186,0.74582,0.75,513976.556502,1749391199999
1749391200000,0.74955,0.76958,0.74827,0.76471,199253.658454,1749398399999
1749398400000,0.76454,0.79831,0.7634,0.78326,770633.379911,1749405599999
1749405600000,0.78365,0.79048,0.77684,0.79048,350125.792192,1749412799999
1749412800000,0.78952,0.81771,0.78846,0.80766,688592.918761,1749419999999
1749420000000,0.80893,0.80893,0.77896,0.78012,731758.052071,1749427199999
1749427200000,0.77978,0.79366,0.77767,0.78046,283876.552385,1749434399999
1749434400000,0.78092,0.78679,0.77217,0.77922,190318.403981,1749441599999
1749441600000,0.77967,0.78434,0.76445,0.76532,315359.004579,1749448799999
1749448800000,0.76536,0.78323,0.76203,0.78002,293933.308786,1749455999999
1749456000000,0.77951,0.80471,0.77062,0.79728,691706.287588,1749463199999
1749463200000,0.79793,0.81411,0.79778,0.80442,1233329.38332,1749470399999
1749470400000,0.80493,0.81884,0.78476,0.78844,585351.966124,1749477599999
1749477600000,0.78726,0.8108,0.78124,0.7965,471022.924038,1749484799999
1749484800000,0.7971,0.82977,0.7971,0.81806,866028.280755,1749491999999
1749492000000,0.81801,0.82387,0.81214,0.8161,498159.267328,1749499199999
1749499200000,0.81664,0.90107,0.81663,0.88808,1631057.90257399,1749506399999
1749506400000,0.89066,0.90317,0.87873,0.89951,1063001.027174,1749513599999
1749513600000,0.90117,0.91,0.89157,0.89413,425231.586562,1749520799999
1749520800000,0.89417,0.93428,0.882,0.8934,211949.710537,1749527999999
1749528000000,0.8947,0.90528,0.88567,0.89939,364173.767719,1749535199999
1749535200000,0.89939,0.91633,0.89,0.90861,725335.971632,1749542399999
1749542400000,0.91015,0.91434,0.88393,0.91434,909953.169438,1749549599999
1749549600000,0.91432,0.93942,0.90608,0.93165,892160.879657,1749556799999
1749556800000,0.93297,0.94279,0.89412,0.9033,1252549.489283,1749563999999
1749564000000,0.90463,0.9063,0.86648,0.87794,1888487.290587,1749571199999
1749571200000,0.87792,0.88531,0.86632,0.87192,400147.948691,1749578399999
1749578400000,0.8706,0.90503,0.8706,0.88725,1488827.328477,1749585599999
1749585600000,0.88734,0.89118,0.87413,0.88177,718527.259022,1749592799999
1749592800000,0.88148,0.90291,0.88148,0.8982,599683.328631,1749599999999
1749600000000,0.89888,0.899,0.8813,0.8847,335383.000211,1749607199999
1749607200000,0.88698,0.89874,0.87497,0.88724,137688.154459,1749614399999
1749614400000,0.8896,0.8898,0.87637,0.883,253930.461074,1749621599999
1749621600000,0.8848,0.89254,0.87949,0.88867,498988.541991,1749628799999
1749628800000,0.88903,0.8927,0.86414,0.86877,441907.942267,1749635999999
1749636000000,0.86974,0.88097,0.86184,0.87306,584528.336531,1749643199999
1749643200000,0.8724,0.89872,0.86469,0.88115,720749.022862,1749650399999
1749650400000,0.88149,0.90975,0.87898,0.89887,775316.301305,1749657599999
1749657600000,0.90263,0.91089,0.8742,0.87727,383514.560146,1749664799999
1749664800000,0.8751,0.87706,0.85603,0.85881,1008721.900887,1749671999999
1749672000000,0.8588,0.86293,0.825,0.82704,928998.500753,1749679199999
1749679200000,0.82651,0.83169,0.80793,0.83089,543655.305947,1749686399999
1749686400000,0.83119,0.83123,0.815,0.82418,173976.673271,1749693599999
1749693600000,0.8228,0.82993,0.81257,0.81616,290597.867149,1749700799999
1749700800000,0.81525,0.8183,0.80973,0.81543,148564.560512,1749707999999
1749708000000,0.81396,0.84025,0.80994,0.82038,1068911.381788,1749715199999
1749715200000,0.81933,0.82135,0.80934,0.81285,310736.465808,1749722399999
1749722400000,0.81289,0.81429,0.79598,0.79808,901336.861045,1749729599999
1749729600000,0.79734,0.80917,0.79299,0.80186,674535.362714,1749736799999
1749736800000,0.80256,0.82244,0.78736,0.79396,666114.407357,1749743999999
1749744000000,0.79322,0.82325,0.79059,0.81445,356586.762993,1749751199999
1749751200000,0.81511,0.81528,0.77167,0.78021,472695.811775,1749758399999
1749758400000,0.7782,0.78267,0.76086,0.76249,900348.139222,1749765599999
1749765600000,0.76205,0.76975,0.75403,0.76604,295445.204862,1749772799999
1749772800000,0.76399,0.76399,0.6875,0.69615,1539961.009638,1749779999999
1749780000000,0.69616,0.72046,0.69004,0.71688,461870.956178,1749787199999
1749787200000,0.71614,0.725,0.70826,0.71307,353350.097927,1749794399999
1749794400000,0.71047,0.71394,0.70185,0.71055,665917.909075,1749801599999
1749801600000,0.71072,0.7318,0.69709,0.70165,742918.861049,1749808799999
1749808800000,0.70179,0.70993,0.692,0.70688,428706.394633,1749815999999
1749816000000,0.70661,0.71296,0.69523,0.70063,871544.516987,1749823199999
1749823200000,0.70127,0.72843,0.69227,0.71996,1090830.378973,1749830399999
1749830400000,0.72061,0.74051,0.71815,0.73085,431087.812102,1749837599999
1749837600000,0.73317,0.73317,0.71269,0.72215,541918.022846,1749844799999
1749844800000,0.72295,0.74169,0.72099,0.73435,601062.159574,1749851999999
1749852000000,0.73568,0.744,0.73253,0.73903,409803.663405,1749859199999
1749859200000,0.73883,0.74782,0.73036,0.73225,440708.577504,1749866399999
1749866400000,0.73167,0.74318,0.73052,0.7415,253451.813097,1749873599999
1749873600000,0.74211,0.74821,0.73985,0.74319,219431.169892,1749880799999
1749880800000,0.74293,0.74612,0.73123,0.74156,581936.082212,1749887999999
1749888000000,0.74127,0.74244,0.7307,0.73214,356388.014114,1749895199999
1749895200000,0.73279,0.73815,0.72856,0.73135,203435.568299,1749902399999
1749902400000,0.73137,0.74442,0.72619,0.74282,445658.608967,1749909599999
1749909600000,0.74298,0.74546,0.72155,0.72991,387652.278889,1749916799999
1749916800000,0.728,0.73359,0.71247,0.72286,353798.044141,1749923999999
1749924000000,0.72272,0.73023,0.71271,0.72145,495421.313721,1749931199999
1749931200000,0.7208,0.72954,0.71,0.72793,440488.209217,1749938399999
1749938400000,0.72838,0.73144,0.72139,0.72139,340754.041837,1749945599999
1749945600000,0.72197,0.73109,0.72065,0.72401,500754.93558,1749952799999
1749952800000,0.72373,0.73381,0.72373,0.73156,187090.994478,1749959999999
1749960000000,0.73302,0.74097,0.72596,0.7398,242653.524901,1749967199999
1749967200000,0.74097,0.741,0.72136,0.72417,539735.888813,1749974399999
1749974400000,0.72471,0.72538,0.71759,0.7187,290128.5438,1749981599999
1749981600000,0.71925,0.7386,0.71846,0.73664,333076.931524,1749988799999
1749988800000,0.73663,0.73849,0.72958,0.73664,353295.48689,1749995999999
1749996000000,0.73756,0.74999,0.73037,0.73969,417737.528904,1750003199999
1750003200000,0.74173,0.74233,0.73155,0.73797,750383.525845,1750010399999
1750010400000,0.73808,0.73833,0.72643,0.73,507580.504155,1750017599999
1750017600000,0.73021,0.7303,0.71555,0.72706,397229.356056,1750024799999
1750024800000,0.72697,0.74667,0.72697,0.73749,195252.160085,1750031999999
1750032000000,0.73787,0.74998,0.72876,0.74842,184618.933702,1750039199999
1750039200000,0.75063,0.76529,0.75063,0.75982,145328.962536,1750046399999
1750046400000,0.75932,0.78161,0.75805,0.7794,523824.421111,1750053599999
1750053600000,0.77987,0.78103,0.77295,0.77575,414922.435404,1750060799999
1750060800000,0.7778,0.7785,0.76945,0.77461,239243.324825,1750067999999
1750068000000,0.77363,0.77668,0.75925,0.76932,212344.259091,1750075199999
1750075200000,0.76891,0.77232,0.75764,0.77043,239824.230144,1750082399999
1750082400000,0.7682,0.77971,0.76121,0.7623,269218.406505,1750089599999
1750089600000,0.76058,0.77019,0.75952,0.76355,549929.131155,1750096799999
1750096800000,0.76407,0.779,0.76305,0.76926,266075.976976,1750103999999
1750104000000,0.76991,0.7812,0.76543,0.77424,194215.43802,1750111199999
1750111200000,0.7744,0.778,0.72086,0.72086,552878.348631,1750118399999
1750118400000,0.72224,0.73445,0.705,0.72785,357741.472569,1750125599999
1750125600000,0.72627,0.74863,0.7229,0.73869,276521.440279,1750132799999
1750132800000,0.74173,0.74218,0.725,0.72537,100567.917981,1750139999999
1750140000000,0.72535,0.72841,0.71496,0.71982,474892.481217,1750147199999
1750147200000,0.72112,0.7218,0.70797,0.71086,348526.526239,1750154399999
1750154400000,0.71061,0.7107,0.69661,0.70132,604712.181201,1750161599999
1750161600000,0.69999,0.70731,0.69696,0.70114,325571.934407,1750168799999
1750168800000,0.70101,0.7106,0.66149,0.66749,894376.557479,1750175999999
1750176000000,0.66735,0.67203,0.65187,0.66469,1154293.625668,1750183199999
1750183200000,0.66425,0.70191,0.65931,0.69256,743840.108776,1750190399999
1750190400000,0.69275,0.69455,0.67687,0.67892,569434.63349,1750197599999
1750197600000,0.67892,0.67942,0.66795,0.67206,348411.256919,1750204799999
1750204800000,0.67127,0.68611,0.66999,0.67701,465504.230461,1750211999999
1750212000000,0.676,0.68262,0.67299,0.67859,131463.567987,1750219199999
1750219200000,0.67967,0.69035,0.67852,0.68382,187382.48002,1750226399999
1750226400000,0.68281,0.68601,0.67722,0.6821,281143.552005,1750233599999
1750233600000,0.68593,0.68709,0.67077,0.67497,294493.108122,1750240799999
1750240800000,0.67535,0.67535,0.65855,0.67492,281822.144414,1750247999999
1750248000000,0.67072,0.67304,0.63935,0.66117,670142.547627,1750255199999
1750255200000,0.6601,0.68278,0.65714,0.67435,845323.348346,1750262399999
1750262400000,0.67406,0.68618,0.66775,0.68107,520019.977138,1750269599999
1750269600000,0.68054,0.68718,0.67054,0.67257,1134279.475848,1750276799999
1750276800000,0.67299,0.70118,0.67006,0.68972,694473.645668,1750283999999
1750284000000,0.69069,0.69288,0.68484,0.68965,205008.20524,1750291199999
1750291200000,0.69014,0.70188,0.68479,0.68811,229819.210251,1750298399999
1750298400000,0.68707,0.69915,0.68556,0.69823,169440.250671,1750305599999
1750305600000,0.69888,0.70901,0.69039,0.70197,264037.103414,1750312799999
1750312800000,0.70268,0.7037,0.69056,0.69163,420817.015205,1750319999999
1750320000000,0.69169,0.69651,0.68662,0.6922,149108.782292,1750327199999
1750327200000,0.69425,0.6946,0.68367,0.68855,164612.554596,1750334399999
1750334400000,0.68753,0.69,0.67698,0.68018,325075.008894,1750341599999
1750341600000,0.67911,0.68479,0.67569,0.67972,223218.953421,1750348799999
1750348800000,0.68186,0.69494,0.67564,0.68914,742792.611359,1750355999999
1750356000000,0.6896,0.69609,0.68138,0.68331,303737.172722,1750363199999
1750363200000,0.68381,0.68991,0.68024,0.68662,408461.085272,1750370399999
1750370400000,0.69057,0.69603,0.68547,0.68869,166138.699124,1750377599999
1750377600000,0.69001,0.69008,0.68286,0.68843,132557.612697,1750384799999
1750384800000,0.68992,0.69054,0.68136,0.68447,126568.22189,1750391999999
1750392000000,0.68324,0.68378,0.6737,0.68003,85963.477606,1750399199999
1750399200000,0.68,0.70367,0.6774,0.69999,295566.774537,1750406399999
1750406400000,0.70131,0.71203,0.6931,0.69592,571169.771632,1750413599999
1750413600000,0.69599,0.70121,0.69151,0.70017,371814.453805,1750420799999
1750420800000,0.70011,0.71088,0.69515,0.69545,318281.755232,1750427999999
1750428000000,0.69571,0.699,0.6737,0.67749,380340.332778,1750435199999
1750435200000,0.67742,0.6777,0.63786,0.66397,1279890.277422,1750442399999
1750442400000,0.66264,0.669,0.65539,0.66174,545637.710159,1750449599999
1750449600000,0.66161,0.67884,0.66161,0.66389,487347.808096,1750456799999
1750456800000,0.66295,0.66417,0.6561,0.66055,267603.077129,1750463999999
1750464000000,0.66117,0.67105,0.65879,0.66962,319198.225976,1750471199999
1750471200000,0.66837,0.6764,0.66543,0.67342,153381.841465,1750478399999
1750478400000,0.67361,0.67361,0.66975,0.6717,66416.213778,1750485599999
1750485600000,0.6713,0.67246,0.66651,0.6711,240752.50414,1750492799999
1750492800000,0.67329,0.67344,0.66544,0.66563,245482.078552,1750499999999
1750500000000,0.665,0.66838,0.66289,0.6633,106079.586979,1750507199999
1750507200000,0.66172,0.66469,0.62493,0.62649,735736.753494,1750514399999
1750514400000,0.6258,0.63373,0.62133,0.62983,506435.811633,1750521599999
1750521600000,0.63161,0.63327,0.61202,0.6146,354215.680232,1750528799999
1750528800000,0.61372,0.61843,0.605,0.60896,478867.993179,1750535999999
1750536000000,0.61016,0.62003,0.58501,0.59915,697137.820082,1750543199999
1750543200000,0.59969,0.60859,0.59332,0.60788,1190909.947157,1750550399999
1750550400000,0.60775,0.62055,0.60616,0.60961,695465.249255,1750557599999
1750557600000,0.61036,0.61332,0.596,0.59819,237721.700034,1750564799999
1750564800000,0.60166,0.61228,0.60166,0.60812,252784.60083,1750571999999
1750572000000,0.61173,0.61691,0.60716,0.6125,443321.701273,1750579199999
1750579200000,0.61346,0.61393,0.5975,0.5975,364498.397037,1750586399999
1750586400000,0.59813,0.61108,0.59659,0.60171,278943.286287,1750593599999
1750593600000,0.60122,0.60567,0.55981,0.57701,972168.635569,1750600799999
1750600800000,0.57733,0.59275,0.56566,0.57778,703383.68571,1750607999999
1750608000000,0.57919,0.58236,0.56774,0.57658,286204.94345,1750615199999
1750615200000,0.57711,0.58114,0.5638,0.56735,276458.266166,1750622399999
1750622400000,0.5678,0.58345,0.55295,0.57154,857096.610495,1750629599999
1750629600000,0.57199,0.59792,0.57125,0.59781,557138.28391,1750636799999
1750636800000,0.59713,0.60718,0.59494,0.60603,455971.163294,1750643999999
1750644000000,0.60505,0.60669,0.5999,0.60346,266959.13344,1750651199999
1750651200000,0.60378,0.61025,0.60285,0.60837,332697.162762,1750658399999
1750658400000,0.60783,0.61442,0.60584,0.60785,620239.018927,1750665599999
1750665600000,0.60927,0.61118,0.60524,0.6088,410467.059168,1750672799999
1750672800000,0.60907,0.60926,0.59969,0.60688,371039.197988,1750679999999
1750680000000,0.60744,0.62684,0.60109,0.62522,633648.177476,1750687199999
1750687200000,0.62488,0.63085,0.60502,0.6066,1410876.39363,1750694399999
1750694400000,0.6061,0.62908,0.58567,0.62112,2132160.354343,1750701599999
1750701600000,0.62095,0.64788,0.6209,0.64671,961876.812772,1750708799999
1750708800000,0.64614,0.68381,0.64248,0.669,857841.942674,1750715999999
1750716000000,0.67,0.73064,0.66971,0.7172,1065669.488579,1750723199999
1750723200000,0.7179,0.72746,0.71292,0.72192,415712.747463,1750730399999
1750730400000,0.72194,0.72372,0.71509,0.71788,218182.753714,1750737599999
1750737600000,0.71737,0.74399,0.71132,0.74399,371592.039662,1750744799999
1750744800000,0.74314,0.76167,0.73212,0.7376,1331254.85543,1750751999999
1750752000000,0.73781,0.7613,0.72858,0.74767,594449.239902,1750759199999
1750759200000,0.74725,0.74792,0.73239,0.74057,265816.620844,1750766399999
1750766400000,0.74136,0.7573,0.73882,0.75242,536148.617219,1750773599999
1750773600000,0.75298,0.75709,0.73893,0.74455,643835.09178,1750780799999
1750780800000,0.74735,0.7564,0.73273,0.7412,431688.941309,1750787999999
1750788000000,0.74083,0.74298,0.7137,0.72073,335998.776107,1750795199999
1750795200000,0.71927,0.73371,0.71813,0.73241,348020.859196,1750802399999
1750802400000,0.73136,0.7491,0.72738,0.74882,177967.029626,1750809599999
1750809600000,0.75,0.75532,0.74424,0.75052,383240.036197,1750816799999
1750816800000,0.75161,0.77,0.75042,0.7517,221920.558344,1750823999999
1750824000000,0.75152,0.75152,0.73994,0.74358,207204.873618,1750831199999
1750831200000,0.74048,0.75265,0.74048,0.74803,330789.578998,1750838399999
1750838400000,0.74762,0.7496,0.73016,0.73162,327528.185771,1750845599999
1750845600000,0.73226,0.73621,0.72566,0.73551,316203.431856,1750852799999
1750852800000,0.7335,0.74596,0.72572,0.7389,408648.105482,1750859999999
1750860000000,0.73727,0.73863,0.69373,0.69548,889353.77777,1750867199999
1750867200000,0.69509,0.70325,0.6816,0.69563,706036.317138,1750874399999
1750874400000,0.69481,0.69845,0.68979,0.69138,273219.100294,1750881599999
1750881600000,0.69127,0.70294,0.68335,0.68612,463099.901469,1750888799999
1750888800000,0.68463,0.68529,0.67145,0.68114,335315.092532,1750895999999
1750896000000,0.67985,0.69727,0.67731,0.69179,291868.77952,1750903199999
1750903200000,0.69321,0.70392,0.68315,0.68369,418646.748457,1750910399999
1750910400000,0.68294,0.68604,0.67982,0.6833,101153.338146,1750917599999
1750917600000,0.68381,0.69112,0.6833,0.68639,319895.088935,1750924799999
1750924800000,0.68783,0.68822,0.66156,0.66363,622376.599907,1750931999999
1750932000000,0.663,0.66365,0.65741,0.66036,534780.208768,1750939199999
1750939200000,0.66016,0.662,0.64202,0.6444,714782.366195,1750946399999
1750946400000,0.64467,0.65605,0.64016,0.65227,657251.017813,1750953599999
1750953600000,0.65213,0.65242,0.64336,0.64364,472601.540154,1750960799999
1750960800000,0.64384,0.64959,0.64111,0.64543,383987.635788,1750967999999
1750968000000,0.64486,0.6622,0.64129,0.6518,477117.296443,1750975199999
1750975200000,0.65175,0.65793,0.64415,0.64569,226600.988286,1750982399999
1750982400000,0.64635,0.65948,0.64065,0.65812,228292.653531,1750989599999
1750989600000,0.65482,0.66891,0.65482,0.66506,149540.014479,1750996799999
1750996800000,0.66495,0.70477,0.6632,0.66437,477299.089972,1751003999999
1751004000000,0.66404,0.67631,0.66122,0.66349,488700.608895,1751011199999
1751011200000,0.6627,0.67298,0.66055,0.66176,215673.088448,1751018399999
1751018400000,0.66245,0.66268,0.64839,0.65094,424992.627015,1751025599999
1751025600000,0.65162,0.65853,0.64753,0.65641,272243.419741,1751032799999
1751032800000,0.65695,0.66477,0.64866,0.65827,610255.802984,1751039999999
1751040000000,0.6594,0.67027,0.64509,0.65423,744350.945885,1751047199999
1751047200000,0.6533,0.65454,0.64596,0.65035,180489.323027,1751054399999
1751054400000,0.64816,0.66238,0.64816,0.65838,616081.533188,1751061599999
1751061600000,0.66053,0.6609,0.65673,0.65992,167184.810872,1751068799999
1751068800000,0.65995,0.66729,0.6586,0.66729,186256.2686,1751075999999
1751076000000,0.66677,0.66892,0.6617,0.66654,112340.207769,1751083199999
1751083200000,0.66686,0.67712,0.66343,0.67026,253945.485575,1751090399999
1751090400000,0.67116,0.6773,0.66729,0.67723,292088.173323,1751097599999
1751097600000,0.67842,0.69504,0.6743,0.6918,280897.728615,1751104799999
1751104800000,0.69169,0.69276,0.68169,0.68599,152515.080909,1751111999999
1751112000000,0.6864,0.69142,0.67926,0.68005,122149.099779,1751119199999
1751119200000,0.68114,0.69163,0.67859,0.69026,108475.950114,1751126399999
1751126400000,0.69176,0.711,0.69035,0.711,572694.832497,1751133599999
1751133600000,0.71158,0.71502,0.7028,0.70553,764842.099164,1751140799999
1751140800000,0.70724,0.712,0.69807,0.712,223419.697467,1751147999999
1751148000000,0.70945,0.72327,0.70507,0.70973,458110.392354,1751155199999
1751155200000,0.7074,0.71319,0.69835,0.70004,540903.845134,1751162399999
1751162400000,0.70044,0.7029,0.69557,0.69645,99410.068172,1751169599999
1751169600000,0.69661,0.69978,0.6961,0.69716,96107.724088,1751176799999
1751176800000,0.69828,0.69917,0.68976,0.69656,212220.973639,1751183999999
1751184000000,0.69743,0.71874,0.69364,0.71038,606857.730616,1751191199999
1751191200000,0.71028,0.71366,0.70114,0.7049,419247.68429,1751198399999
1751198400000,0.70587,0.73594,0.70209,0.71835,485433.384636,1751205599999
1751205600000,0.7217,0.72754,0.70847,0.71031,353369.790752,1751212799999
1751212800000,0.71097,0.71941,0.70597,0.71379,215072.245432,1751219999999
1751220000000,0.71282,0.71796,0.70659,0.71236,296708.891886,1751227199999
1751227200000,0.71159,0.72116,0.70202,0.71597,362338.332551,1751234399999
1751234400000,0.71669,0.77315,0.71669,0.74149,841655.572654,1751241599999
1751241600000,0.74242,0.75254,0.73088,0.73471,333883.134042,1751248799999
1751248800000,0.73176,0.73944,0.7286,0.73508,281924.240866,1751255999999
1751256000000,0.73546,0.74397,0.73009,0.74137,136119.076305,1751263199999
1751263200000,0.7418,0.74788,0.72502,0.74485,680677.947891,1751270399999
1751270400000,0.74594,0.74594,0.72487,0.72487,345163.599793,1751277599999
1751277600000,0.72631,0.7284,0.71952,0.72014,175672.023221,1751284799999
1751284800000,0.71834,0.72365,0.70969,0.71227,516873.599193,1751291999999
1751292000000,0.71436,0.75,0.70798,0.73957,603300.431399,1751299199999
1751299200000,0.74039,0.75043,0.73073,0.73888,533236.131343,1751306399999
1751306400000,0.74048,0.75215,0.73233,0.75042,239334.043308,1751313599999
1751313600000,0.75,0.76709,0.73398,0.74033,836379.702762,1751320799999
1751320800000,0.73966,0.74439,0.731,0.73585,291158.517467,1751327999999
1751328000000,0.73597,0.73748,0.7276,0.72972,125710.57904,1751335199999
1751335200000,0.7276,0.73144,0.72027,0.72027,191019.945122,1751342399999
1751342400000,0.72252,0.72422,0.6987,0.70354,429716.923493,1751349599999
1751349600000,0.70228,0.71062,0.69897,0.70678,532189.636595,1751356799999
1751356800000,0.70413,0.70413,0.6843,0.69083,321088.699779,1751363999999
1751364000000,0.69026,0.69152,0.68161,0.68376,274230.168046,1751371199999
1751371200000,0.6835,0.68722,0.6774,0.68676,335495.46146,1751378399999
1751378400000,0.68649,0.69457,0.67917,0.683,256280.606222,1751385599999
1751385600000,0.68306,0.68632,0.67886,0.68065,191248.817849,1751392799999
1751392800000,0.67989,0.68021,0.66878,0.67159,234344.236283,1751399999999
1751400000000,0.67103,0.67641,0.66878,0.67256,352736.040161,1751407199999
1751407200000,0.672,0.67237,0.661,0.6637,177838.222481,1751414399999
1751414400000,0.66289,0.67462,0.65934,0.6745,418421.601638,1751421599999
1751421600000,0.67308,0.67384,0.66571,0.66768,180394.062524,1751428799999
1751428800000,0.66829,0.68518,0.66624,0.68501,279882.34524,1751435999999
1751436000000,0.68607,0.6896,0.67576,0.67793,570123.299267,1751443199999
1751443200000,0.67845,0.69005,0.67845,0.68542,200455.86244,1751450399999
1751450400000,0.68493,0.69373,0.68097,0.68588,381350.230234,1751457599999
1751457600000,0.68685,0.69752,0.67345,0.69379,381995.547761,1751464799999
1751464800000,0.69439,0.72276,0.69259,0.72065,403949.460926,1751471999999
1751472000000,0.72167,0.76035,0.71853,0.74163,1969723.765403,1751479199999
1751479200000,0.74266,0.76422,0.741,0.7599,739672.013117,1751486399999
1751486400000,0.76046,0.78239,0.75511,0.7801,1397671.302976,1751493599999
1751493600000,0.78144,0.79078,0.7684,0.77012,421549.246522,1751500799999
1751500800000,0.77169,0.79092,0.76691,0.79054,377492.256321,1751507999999
1751508000000,0.78867,0.7887,0.77434,0.77875,119145.029264,1751515199999
1751515200000,0.77712,0.81144,0.77469,0.80168,770304.746627,1751522399999
1751522400000,0.80369,0.80369,0.76724,0.78864,773437.259513,1751529599999
1751529600000,0.78907,0.80783,0.78486,0.80053,459411.149485,1751536799999
1751536800000,0.80194,0.80194,0.78285,0.78457,278118.146829,1751543999999
1751544000000,0.78428,0.80489,0.76972,0.79582,693651.943679,1751551199999
1751551200000,0.79801,0.80001,0.74684,0.74684,959072.824809,1751558399999
1751558400000,0.74859,0.76577,0.74859,0.7642,353967.20087,1751565599999
1751565600000,0.76448,0.77599,0.76207,0.77587,199556.688787,1751572799999
1751572800000,0.7747,0.78655,0.77457,0.7865,237457.656153,1751579999999
1751580000000,0.7851,0.78977,0.77951,0.78381,217591.312998,1751587199999
1751587200000,0.78534,0.79911,0.7794,0.79046,262732.373354,1751594399999
1751594400000,0.79143,0.79143,0.76323,0.76609,322182.510685,1751601599999
1751601600000,0.76502,0.77182,0.75292,0.75668,339948.456763,1751608799999
1751608800000,0.75664,0.75664,0.73786,0.73809,450165.317407,1751615999999
1751616000000,0.73738,0.74872,0.73053,0.74014,450310.767653,1751623199999
1751623200000,0.74013,0.74319,0.73311,0.73716,151739.324592,1751630399999
1751630400000,0.73682,0.74267,0.72385,0.72446,501172.621334,1751637599999
1751637600000,0.7267,0.72763,0.70874,0.71003,510282.939971,1751644799999
1751644800000,0.71032,0.71553,0.6984,0.71553,245453.881785,1751651999999
1751652000000,0.71447,0.7151,0.7,0.7032,207976.385924,1751659199999
1751659200000,0.70289,0.71076,0.70289,0.70995,108434.159285,1751666399999
1751666400000,0.71013,0.72455,0.70943,0.71792,266968.179219,1751673599999
1751673600000,0.71901,0.72962,0.71701,0.71964,200758.547151,1751680799999
1751680800000,0.71907,0.7262,0.70867,0.71754,242414.955065,1751687999999
1751688000000,0.71815,0.7248,0.71293,0.72464,148117.556255,1751695199999
1751695200000,0.72464,0.73436,0.70869,0.727,465893.804654,1751702399999
1751702400000,0.72738,0.72808,0.70242,0.71734,1608411.279058,1751709599999
1751709600000,0.71729,0.71732,0.70778,0.7084,321579.754972,1751716799999
1751716800000,0.71022,0.71184,0.70367,0.70575,138205.329408,1751723999999
1751724000000,0.70776,0.70931,0.702,0.70383,123208.23368,1751731199999
1751731200000,0.7053,0.70906,0.69914,0.7025,87043.504134,1751738399999
1751738400000,0.70263,0.70266,0.69144,0.7011,185622.933343,1751745599999
1751745600000,0.70146,0.71392,0.69946,0.71218,238759.154929,1751752799999
1751752800000,0.71175,0.72345,0.70771,0.7197,206135.602058,1751759999999
1751760000000,0.71855,0.7216,0.71747,0.7216,35454.801034,1751767199999
1751774400000,0.70946,0.71168,0.70668,0.70916,85705.9474,1751781599999
1751781600000,0.70907,0.73032,0.70907,0.72695,347617.354254,1751788799999
1751788800000,0.72664,0.73448,0.72194,0.72194,257041.027268,1751795999999
1751796000000,0.71949,0.73937,0.71949,0.73937,208654.649967,1751803199999
1751803200000,0.74007,0.76561,0.73078,0.75654,687986.421991,1751810399999
1751810400000,0.75821,0.77,0.74875,0.75406,539807.264198,1751817599999
1751817600000,0.75696,0.76143,0.7505,0.75728,178331.776327,1751824799999
1751824800000,0.7571,0.75896,0.74521,0.74767,295609.411828,1751831999999
1751832000000,0.74782,0.768,0.74673,0.7527,526417.174332,1751839199999
1751839200000,0.75282,0.76639,0.74,0.7453,522723.84704,1751846399999
1751846400000,0.74699,0.7623,0.74111,0.76127,277296.014518,1751853599999
1751853600000,0.76499,0.76804,0.74907,0.75056,203579.652267,1751860799999
1751860800000,0.75106,0.75173,0.74058,0.74265,74795.335706,1751867999999
1751868000000,0.74165,0.74554,0.73083,0.74248,505983.261188,1751875199999
1751875200000,0.74222,0.7448,0.73241,0.73267,245416.077604,1751882399999
1751882400000,0.73212,0.73551,0.72886,0.72963,195310.288219,1751889599999
1751889600000,0.73051,0.73347,0.7239,0.73101,288191.984886,1751896799999
1751896800000,0.72948,0.72992,0.71468,0.72175,429520.916334,1751903999999
1751904000000,0.72089,0.727,0.71564,0.72241,329037.622867,1751911199999
1751911200000,0.72196,0.7345,0.71586,0.719,531185.823027,1751918399999
1751918400000,0.71819,0.72857,0.704,0.71566,636394.310648,1751925599999
1751925600000,0.72065,0.72171,0.70648,0.71782,245797.09644,1751932799999
1751932800000,0.71631,0.72,0.70479,0.70927,333039.770038,1751939999999
1751940000000,0.70705,0.71617,0.70444,0.71287,211571.060625,1751947199999
1751947200000,0.71235,0.72209,0.70802,0.72209,189136.336883,1751954399999
1751954400000,0.7208,0.72609,0.71347,0.7181,268720.928842,1751961599999
1751961600000,0.71911,0.72316,0.7125,0.71911,209697.262831,1751968799999
1751968800000,0.71803,0.72477,0.71699,0.71699,282794.511867,1751975999999
1751976000000,0.72091,0.73288,0.72006,0.72744,235212.730293,1751983199999
1751983200000,0.72714,0.72722,0.7123,0.715,295317.934338,1751990399999
1751990400000,0.717,0.7411,0.71013,0.73378,506914.117102,1751997599999
1751997600000,0.73372,0.74161,0.73204,0.7325,205844.920044,1752004799999
1752004800000,0.73588,0.73588,0.7206,0.72695,264228.357366,1752011999999
1752012000000,0.72657,0.72998,0.72039,0.72399,147705.376921,1752019199999
1752019200000,0.72482,0.72605,0.71325,0.71608,221269.158727,1752026399999
1752026400000,0.71714,0.72071,0.71379,0.71785,129097.431169,1752033599999
1752033600000,0.71781,0.73005,0.71558,0.72435,415221.777715,1752040799999
1752040800000,0.72575,0.72792,0.72021,0.72771,254622.543909,1752047999999
1752048000000,0.7271,0.73174,0.72367,0.73127,143474.498183,1752055199999
1752055200000,0.72844,0.739,0.72655,0.73475,315889.051122,1752062399999
1752062400000,0.73507,0.74441,0.73369,0.73426,380056.820384,1752069599999
1752069600000,0.73487,0.74549,0.72655,0.73228,669900.61406,1752076799999
1752076800000,0.73369,0.752,0.73329,0.74245,512927.698178,1752083999999
1752084000000,0.7431,0.79101,0.74211,0.78378,838025.385722,1752091199999
1752091200000,0.78647,0.81074,0.77273,0.80054,1044607.541173,1752098399999
1752098400000,0.80213,0.82173,0.80108,0.81726,287182.774571,1752105599999
1752105600000,0.81781,0.81849,0.8018,0.81376,162300.039643,1752112799999
1752112800000,0.8136,0.82176,0.81011,0.81826,187479.315668,1752119999999
1752120000000,0.81879,0.825,0.8136,0.8136,402349.568306,1752127199999
1752127200000,0.8146,0.8228,0.80757,0.81726,657360.137537,1752134399999
1752134400000,0.81953,0.84,0.81592,0.82051,527362.290305,1752141599999
1752141600000,0.82099,0.83408,0.81623,0.83408,287802.608157,1752148799999
1752148800000,0.83315,0.84222,0.824,0.83273,298190.563281,1752155999999
1752156000000,0.83373,0.84132,0.82721,0.82805,267468.171668,1752163199999
1752163200000,0.82918,0.87822,0.82683,0.8731,1015972.009307,1752170399999
1752170400000,0.87219,0.8748,0.84004,0.84968,764943.365025,1752177599999
1752177600000,0.84908,0.89514,0.84777,0.89099,831790.022982,1752184799999
1752184800000,0.88765,0.90889,0.88638,0.89496,300721.182742,1752191999999
1752192000000,0.89415,0.89951,0.87662,0.8982,267396.1766,1752199199999
1752199200000,0.89824,0.90973,0.89503,0.89943,857118.864697,1752206399999
1752206400000,0.89821,0.9158,0.88398,0.90336,512684.389839,1752213599999
1752213600000,0.90342,0.91516,0.82,0.86278,902208.744957,1752220799999
1752220800000,0.867,0.8949,0.8629,0.88449,527161.101872,1752227999999
1752228000000,0.88427,0.88427,0.86941,0.8739,579072.956738,1752235199999
1752235200000,0.87473,0.89104,0.86529,0.883,623908.55474,1752242399999
1752242400000,0.8832,0.89341,0.84548,0.85193,796332.924317,1752249599999
1752249600000,0.85374,0.8764,0.85073,0.8753,661402.378462,1752256799999
1752256800000,0.87472,0.87902,0.86761,0.8763,320716.728812,1752263999999
1752264000000,0.87571,0.87631,0.82054,0.82922,907177.99806,1752271199999
1752271200000,0.82921,0.83064,0.79435,0.81878,865225.868586,1752278399999
1752278400000,0.81653,0.8323,0.80226,0.82862,481012.541047,1752285599999
1752285600000,0.82895,0.83925,0.82352,0.83777,152814.731566,1752292799999
1752292800000,0.83849,0.84205,0.81742,0.82456,126733.753828,1752299999999
1752300000000,0.82472,0.83488,0.81856,0.83054,240840.468915,1752307199999
1752307200000,0.83053,0.83286,0.81894,0.82747,209574.783926,1752314399999
1752314400000,0.82685,0.82685,0.81539,0.81694,234082.515831,1752321599999
1752321600000,0.81715,0.82056,0.77788,0.79227,708466.146721,1752328799999
1752328800000,0.79204,0.80485,0.77332,0.77854,198579.040816,1752335999999
1752336000000,0.7775,0.8113,0.7743,0.80906,278866.851908,1752343199999
1752343200000,0.80892,0.81943,0.80316,0.81724,225005.664205,1752350399999
1752350400000,0.81784,0.81948,0.80332,0.81462,164550.700926,1752357599999
1752357600000,0.81388,0.81692,0.80589,0.81226,114892.736829,1752364799999
1752364800000,0.81412,0.8355,0.80841,0.83397,205867.608352,1752371999999
1752372000000,0.83301,0.83347,0.81962,0.82476,98377.704379,1752379199999
1752379200000,0.82503,0.83463,0.82427,0.825,77082.610441,1752386399999
1752386400000,0.82417,0.83295,0.82212,0.82337,113790.030188,1752393599999
1752393600000,0.82299,0.82299,0.81177,0.81276,198788.651001,1752400799999
1752400800000,0.81616,0.83967,0.81424,0.83922,182469.375259,1752407999999
1752408000000,0.83797,0.8589,0.83067,0.8403,411127.090091,1752415199999
1752415200000,0.84272,0.864,0.83814,0.85045,333344.342533,1752422399999
1752422400000,0.84907,0.86482,0.83993,0.84854,335818.023822,1752429599999
1752429600000,0.84733,0.87923,0.84608,0.86072,565256.677656,1752436799999
1752436800000,0.86052,0.87197,0.84,0.8504,676341.380509,1752443999999
1752444000000,0.85081,0.85398,0.84099,0.84952,416475.490212,1752451199999
1752451200000,0.8476,0.86778,0.8452,0.86269,411834.874908,1752458399999
1752458400000,0.86587,0.90038,0.862,0.8891,450453.921542,1752465599999
1752465600000,0.89046,0.93349,0.88262,0.92075,550766.155312,1752472799999
1752472800000,0.91965,0.92243,0.89598,0.90803,534019.247181,1752479999999
1752480000000,0.90931,0.91097,0.88422,0.9045,497929.385042,1752487199999
1752487200000,0.90437,0.90646,0.88888,0.89304,291923.617768,1752494399999
1752494400000,0.89519,0.89939,0.88067,0.89044,543926.582549,1752501599999
1752501600000,0.89292,0.89702,0.85363,0.86365,666841.005978,1752508799999
1752508800000,0.86344,0.88994,0.85596,0.87925,311079.05624,1752515999999
1752516000000,0.87912,0.88061,0.85961,0.8646,181230.413626,1752523199999
1752523200000,0.86377,0.867,0.848,0.865,249398.81585,1752530399999
1752530400000,0.86294,0.87021,0.858,0.86613,81530.157164,1752537599999
1752537600000,0.86519,0.8723,0.84146,0.85703,297059.256636,1752544799999
1752544800000,0.85705,0.86212,0.82661,0.83318,225202.654847,1752551999999
1752552000000,0.8311,0.85307,0.82225,0.84467,169908.710426,1752559199999
1752559200000,0.84467,0.86547,0.84211,0.84535,477178.120703,1752566399999
1752566400000,0.84579,0.85066,0.83236,0.84766,282324.195557,1752573599999
1752573600000,0.8482,0.86432,0.8439,0.86141,199414.366707,1752580799999
1752580800000,0.86437,0.90253,0.84084,0.89552,580948.709958,1752587999999
1752588000000,0.89621,0.907,0.85,0.89203,876343.222424,1752595199999
1752595200000,0.89312,0.91102,0.88778,0.91092,477391.415295,1752602399999
1752602400000,0.91102,0.91122,0.8641,0.86863,499555.716839,1752609599999
1752609600000,0.86659,0.90133,0.86257,0.89531,176870.997177,1752616799999
1752616800000,0.8933,0.92585,0.88867,0.92516,576339.285009,1752623999999
1752624000000,0.92506,0.959,0.9204,0.92676,813357.586536,1752631199999
1752631200000,0.92956,0.93108,0.89696,0.90197,423613.001005,1752638399999
1752638400000,0.90204,0.91509,0.8928,0.91342,119931.953349,1752645599999
1752645600000,0.9063,0.938,0.9046,0.93175,451649.986635,1752652799999
1752652800000,0.93215,0.944,0.924,0.93807,325872.296092,1752659999999
1752660000000,0.93851,0.95553,0.9292,0.94991,359389.635961,1752667199999
1752667200000,0.94933,0.97506,0.94161,0.9504,925196.41354,1752674399999
1752674400000,0.94864,0.96429,0.92099,0.94056,661054.415476,1752681599999
1752681600000,0.94124,0.97252,0.93435,0.96766,533771.14206,1752688799999
1752688800000,0.97113,0.97718,0.93983,0.94363,877852.349514,1752695999999
1752696000000,0.94657,0.975,0.94565,0.9584,776763.753526,1752703199999
1752703200000,0.96624,0.96974,0.92106,0.93119,410463.678835,1752710399999
1752710400000,0.93133,0.95864,0.90453,0.91656,370998.721697,1752717599999
1752717600000,0.91733,0.92785,0.89553,0.90323,142888.58902,1752724799999
1752724800000,0.9025,0.93132,0.90131,0.93132,207483.896129,1752731999999
1752732000000,0.93032,0.94161,0.91263,0.9332,297049.453358,1752739199999
1752739200000,0.93222,0.96436,0.92445,0.95388,644738.204409,1752746399999
1752746400000,0.95514,0.96022,0.93441,0.94839,362427.765573,1752753599999
1752753600000,0.94969,0.96,0.90882,0.93523,390402.82191,1752760799999
1752760800000,0.93578,0.952,0.92518,0.9331,496541.532521,1752767999999
1752768000000,0.93276,0.93508,0.89735,0.92369,598968.595922,1752775199999
1752775200000,0.92369,0.92838,0.89408,0.89747,939299.729083,1752782399999
1752782400000,0.89748,0.93832,0.87655,0.91581,904697.05654,1752789599999
1752789600000,0.91315,0.93309,0.91155,0.9184,199618.84349,1752796799999
1752796800000,0.91774,0.9492,0.9056,0.9438,260360.956457,1752803999999
1752804000000,0.94264,0.94806,0.92845,0.94242,106131.486139,1752811199999
1752811200000,0.94337,0.971,0.9373,0.9699,457940.992952,1752818399999
1752818400000,0.96893,0.98123,0.95171,0.95673,816989.583219,1752825599999
1752825600000,0.95771,0.97598,0.93784,0.94714,315868.682848,1752832799999
1752832800000,0.94634,0.9464,0.90594,0.91855,649906.838851,1752839999999
1752840000000,0.92,0.944,0.9171,0.93118,437180.817915,1752847199999
1752847200000,0.93056,0.94174,0.87681,0.88526,853888.855264,1752854399999
1752854400000,0.88934,0.90282,0.87943,0.89486,225012.82381,1752861599999
1752861600000,0.89266,0.89348,0.86337,0.87345,738553.455651,1752868799999
1752868800000,0.87286,0.87308,0.83686,0.86268,430844.445474,1752875999999
1752876000000,0.86379,0.87666,0.85417,0.87,129750.639123,1752883199999
1752883200000,0.87,0.8753,0.84989,0.86844,152529.708804,1752890399999
1752890400000,0.86891,0.89076,0.86406,0.88797,105119.827421,1752897599999
1752897600000,0.88871,0.92872,0.88565,0.90721,356389.831468,1752904799999
1752904800000,0.9072,0.91624,0.895,0.90073,162062.707283,1752911999999
1752912000000,0.90074,0.91258,0.89263,0.90388,233504.816614,1752919199999
1752919200000,0.90094,0.91,0.898,0.90058,211900.23788,1752926399999
1752926400000,0.90191,0.90647,0.89789,0.9044,79503.240022,1752933599999
1752933600000,0.90516,0.92549,0.89731,0.91605,452732.264725,1752940799999
1752940800000,0.91617,0.92501,0.90339,0.90366,198840.508278,1752947999999
1752948000000,0.90487,0.93121,0.90451,0.92777,132041.712553,1752955199999
1752955200000,0.92772,0.93584,0.9154,0.92469,120365.760617,1752962399999
1752962400000,0.9262,0.93251,0.92,0.92621,51127.888578,1752969599999
1752969600000,0.92825,0.9489,0.91908,0.93353,183999.538974,1752976799999
1752976800000,0.93364,0.94912,0.93002,0.94087,100860.669816,1752983999999
1752984000000,0.94183,0.94815,0.93118,0.944,138530.852434,1752991199999
1752991200000,0.94213,0.95089,0.93186,0.94058,164528.467114,1752998399999
1752998400000,0.94265,0.967,0.94086,0.95544,240220.97477,1753005599999
1753005600000,0.95614,0.9634,0.94531,0.95609,368252.279676,1753012799999
1753012800000,0.95496,1.0147,0.95303,1.0099,862862.930779,1753019999999
1753020000000,1.0101,1.0986,1.0027,1.0918,1146792.677738,1753027199999
1753027200000,1.0942,1.115,1.0452,1.0461,2283769.861168,1753034399999
1753034400000,1.0485,1.0833,1.0485,1.0734,484431.312378,1753041599999
1753041600000,1.0733,1.0735,1.0416,1.057,788165.904232,1753048799999
1753048800000,1.0587,1.0588,1.0144,1.043,388873.121557,1753055999999
1753056000000,1.0402,1.0471,1.0152,1.0278,307027.547366,1753063199999
1753063200000,1.0288,1.072,1.0288,1.0626,168223.199376,1753070399999
1753070400000,1.0679,1.0815,1.0588,1.0697,205416.781408,1753077599999
1753077600000,1.0662,1.0809,1.0559,1.0624,464287.669044,1753084799999
1753084800000,1.0618,1.0851,1.0493,1.0582,568672.667002,1753091999999
1753092000000,1.0573,1.0809,1.0466,1.0672,218177.923783,1753099199999
1753099200000,1.0676,1.0959,1.0559,1.0846,311506.850366,1753106399999
1753106400000,1.0838,1.134,1.0646,1.0951,706105.570835,1753113599999
1753113600000,1.0946,1.0967,1.049,1.0578,674081.176632,1753120799999
1753120800000,1.0589,1.0691,1.0242,1.0313,431172.996182,1753127999999
1753128000000,1.0326,1.0565,1.0285,1.0506,289315.639139,1753135199999
1753135200000,1.049,1.0686,1.049,1.059,79292.641202,1753142399999
1753142400000,1.061,1.1218,1.0331,1.112,251649.484371,1753149599999
1753149600000,1.1097,1.124,1.0669,1.0691,290489.499045,1753156799999
1753156800000,1.0706,1.0732,1.029,1.0384,365338.653918,1753163999999
1753164000000,1.0322,1.059,1.0322,1.0378,226719.772775,1753171199999
1753171200000,1.0378,1.0381,1.0015,1.0284,426675.771529,1753178399999
1753178400000,1.028,1.0348,1.0194,1.0295,74249.193031,1753185599999
1753185600000,1.0269,1.0325,0.9975,1.0018,374963.431602,1753192799999
1753192800000,1.0002,1.0206,0.9837,1.0105,661459.836801,1753199999999
1753200000000,1.0149,1.0306,1.0076,1.0195,197725.91938,1753207199999
1753207200000,1.0188,1.0436,0.9955,0.99977,358657.553672,1753214399999
1753214400000,0.99927,1.0289,0.99694,1.0256,424729.527435,1753221599999
1753221600000,1.0303,1.0861,1.0303,1.0838,188980.102071,1753228799999
1753228800000,1.084,1.088,1.0484,1.088,152592.115851,1753235999999
1753236000000,1.0879,1.1064,1.0577,1.0603,216737.467871,1753243199999
1753243200000,1.0614,1.0896,1.0614,1.088,351019.317791,1753250399999
1753250400000,1.0894,1.1164,1.0718,1.08,716501.479721,1753257599999
1753257600000,1.0785,1.1132,1.075,1.0762,520080.607075,1753264799999
1753264800000,1.075,1.0776,1.0514,1.0562,330366.901396,1753271999999
1753272000000,1.0562,1.068,0.98375,1.0047,854220.222967,1753279199999
1753279200000,1.0041,1.0352,1.0009,1.0319,394240.447024,1753286399999
1753286400000,1.033,1.0334,0.97936,0.9988,497490.270993,1753293599999
1753293600000,0.99739,1.004,0.98188,0.98188,228381.375554,1753300799999
1753300800000,0.98599,0.99071,0.9259,0.95578,1204086.353229,1753307999999
1753308000000,0.95558,1.0005,0.9458,0.98795,418333.027278,1753315199999
1753315200000,0.9867,0.99408,0.9728,0.9927,216551.852752,1753322399999
1753322400000,0.99333,1.006,0.98402,0.98703,127227.392986,1753329599999
1753329600000,0.98492,0.9868,0.90643,0.911,565951.77454,1753336799999
1753336800000,0.91093,0.92657,0.86602,0.91407,1675835.50978,1753343999999
1753344000000,0.91195,0.92884,0.90722,0.91662,693840.766759,1753351199999
1753351200000,0.91731,0.9366,0.9,0.93097,422274.682526,1753358399999
1753358400000,0.92915,0.93229,0.88791,0.89023,1131998.20703,1753365599999
1753365600000,0.88934,0.95439,0.88018,0.92887,1036841.583704,1753372799999
1753372800000,0.92898,0.93541,0.89136,0.92654,615901.907571,1753379999999
1753380000000,0.92425,0.93085,0.9104,0.91134,481980.302291,1753387199999
1753387200000,0.91215,0.92363,0.9,0.90288,415486.946377,1753394399999
1753394400000,0.90282,0.90971,0.87198,0.87577,615565.653816,1753401599999
1753401600000,0.87556,0.88489,0.85994,0.87703,453716.66099,1753408799999
1753408800000,0.87639,0.88128,0.84453,0.86558,365700.546772,1753415999999
1753416000000,0.86538,0.87728,0.84883,0.86016,353792.364247,1753423199999
1753423200000,0.86017,0.8856,0.85358,0.88024,501259.574465,1753430399999
1753430400000,0.88244,0.90684,0.87981,0.9014,359844.915156,1753437599999
1753437600000,0.89981,0.91215,0.89253,0.90169,313669.914717,1753444799999
1753444800000,0.90119,0.91,0.89443,0.90053,393822.065405,1753451999999
1753452000000,0.90027,0.90032,0.855,0.8672,503268.150307,1753459199999
1753459200000,0.86649,0.88578,0.86209,0.87676,257160.572567,1753466399999
1753466400000,0.87524,0.8874,0.87109,0.87833,134772.716363,1753473599999
1753473600000,0.87768,0.91749,0.877,0.90886,515905.044606,1753480799999
1753480800000,0.909,0.91418,0.90796,0.91391,162180.513335,1753487999999
1753488000000,0.91303,0.91728,0.90079,0.9009,50317.998064,1753495199999
1753495200000,0.90382,0.919,0.90382,0.9137,62124.772486,1753502399999
1753502400000,0.91243,0.91598,0.9073,0.91236,77439.035354,1753509599999
1753509600000,0.9131,0.91333,0.90332,0.9105,110226.886627,1753516799999
1753516800000,0.90936,0.92606,0.90931,0.91951,212819.174426,1753523999999
1753524000000,0.92188,0.93,0.91649,0.9169,217282.119697,1753531199999
1753531200000,0.91628,0.92567,0.90909,0.92156,56039.686412,1753538399999
1753538400000,0.92,0.92724,0.91046,0.9195,120580.465185,1753545599999
1753545600000,0.9245,0.92506,0.90506,0.9087,113848.905356,1753552799999
1753552800000,0.90699,0.92321,0.9058,0.92222,185363.675152,1753559999999
1753560000000,0.9211,0.92183,0.91003,0.91848,147495.600362,1753567199999
1753567200000,0.92065,0.9252,0.90042,0.90232,85277.22605,1753574399999
1753574400000,0.90188,0.91683,0.901,0.91538,129315.633702,1753581599999
1753581600000,0.9062,0.92091,0.90605,0.91461,61551.574617,1753588799999
1753588800000,0.9139,0.93219,0.9139,0.93116,147991.171646,1753595999999
1753596000000,0.93085,0.93362,0.9178,0.91948,202531.847466,1753603199999
1753603200000,0.91894,0.92055,0.90754,0.90957,134030.409073,1753610399999
1753610400000,0.90996,0.93674,0.90996,0.92394,222276.827393,1753617599999
1753617600000,0.92268,0.93,0.91065,0.91713,252962.245515,1753624799999
1753624800000,0.91639,0.92938,0.91243,0.92838,156813.236897,1753631999999
1753632000000,0.9283,0.96,0.92687,0.952,716599.578945,1753639199999
1753639200000,0.95015,0.95661,0.93893,0.93915,202786.925084,1753646399999
1753646400000,0.94138,0.95311,0.939,0.94823,150523.360245,1753653599999
1753653600000,0.95101,0.973,0.94994,0.95539,181460.942696,1753660799999
1753660800000,0.95606,0.97285,0.93943,0.94383,123253.567411,1753667999999
1753668000000,0.94013,0.97874,0.93779,0.97648,79848.843885,1753675199999
1753675200000,0.97394,0.998,0.96602,0.9953,227903.177112,1753682399999
1753682400000,0.9947,1.0026,0.9655,0.9783,337114.447369,1753689599999
1753689600000,0.9759,0.98643,0.96743,0.98368,218801.512241,1753696799999
1753696800000,0.98355,0.98355,0.96873,0.97698,66607.573022,1753703999999
1753704000000,0.97782,0.98461,0.95222,0.95568,237759.550628,1753711199999
1753711200000,0.95473,0.95923,0.9217,0.92928,400756.821722,1753718399999
1753718400000,0.92679,0.93541,0.91897,0.92601,448780.299001,1753725599999
1753725600000,0.926,0.92779,0.90812,0.91592,691121.967079,1753732799999
1753732800000,0.91611,0.91731,0.89401,0.89924,443731.374024,1753739999999
1753740000000,0.90081,0.9025,0.88,0.88645,406086.487271,1753747199999
1753747200000,0.88688,0.9027,0.87883,0.882,134111.004827,1753754399999
1753754400000,0.88202,0.89021,0.86947,0.89021,51145.425939,1753761599999
1753761600000,0.89103,0.90117,0.8861,0.90117,215608.238793,1753768799999
1753768800000,0.89785,0.93632,0.8969,0.93077,790924.504107,1753775999999
1753776000000,0.93036,0.93217,0.9083,0.91126,1148685.809971,1753783199999
1753783200000,0.91182,0.91197,0.88073,0.89412,658627.328974,1753790399999
1753790400000,0.89419,0.90825,0.88062,0.883,586981.586857,1753797599999
1753797600000,0.88318,0.88318,0.853,0.86473,555002.172453,1753804799999
1753804800000,0.8648,0.86774,0.8443,0.86006,384245.677195,1753811999999
1753812000000,0.85985,0.86512,0.84883,0.85144,426405.36768,1753819199999
1753819200000,0.84794,0.85764,0.83187,0.85431,605680.68189,1753826399999
1753826400000,0.85418,0.85493,0.84431,0.85251,179092.44749,1753833599999
1753833600000,0.85178,0.85457,0.83182,0.85069,228289.716658,1753840799999
1753840800000,0.85073,0.85897,0.84768,0.85381,130077.818549,1753847999999
1753848000000,0.85357,0.85964,0.84178,0.85245,234303.212789,1753855199999
1753855200000,0.85314,0.85744,0.84251,0.84548,303902.134341,1753862399999
1753862400000,0.84464,0.85551,0.83929,0.84261,156376.623613,1753869599999
1753869600000,0.84185,0.8477,0.80827,0.81254,374826.443391,1753876799999
1753876800000,0.81346,0.82396,0.80124,0.82123,467227.870708,1753883999999
1753884000000,0.82095,0.8442,0.81747,0.8404,239081.323545,1753891199999
1753891200000,0.84075,0.8579,0.8389,0.85513,250745.498826,1753898399999
1753898400000,0.85829,0.86599,0.79731,0.84636,1095528.892897,1753905599999
1753905600000,0.84547,0.85562,0.8311,0.83906,402893.972753,1753912799999
1753912800000,0.83999,0.84928,0.82932,0.84456,116688.815307,1753919999999
1753920000000,0.84363,0.85885,0.84057,0.8558,112807.116905,1753927199999
1753927200000,0.85653,0.86796,0.85392,0.86601,66369.324733,1753934399999
1753934400000,0.86459,0.87003,0.86233,0.866,76982.961467,1753941599999
1753941600000,0.86648,0.87166,0.86129,0.86875,117669.897861,1753948799999
1753948800000,0.86902,0.88397,0.86868,0.88397,75904.464686,1753955999999
1753956000000,0.88107,0.88274,0.86307,0.86476,98946.931724,1753963199999
1753963200000,0.8644,0.86502,0.83582,0.84209,415045.455107,1753970399999
1753970400000,0.84327,0.84499,0.823,0.83726,272147.080169,1753977599999
1753977600000,0.83588,0.86089,0.83383,0.83504,213251.561721,1753984799999
1753984800000,0.83569,0.84303,0.82565,0.83009,285773.571824,1753991999999
1753992000000,0.83029,0.83307,0.81403,0.82478,189060.24954,1753999199999
1753999200000,0.82212,0.82212,0.8,0.80294,217741.124359,1754006399999
1754006400000,0.80501,0.8054,0.76618,0.78935,443933.671133,1754013599999
1754013600000,0.79182,0.80657,0.78867,0.80115,159317.80725,1754020799999
1754020800000,0.80041,0.80041,0.78385,0.78642,110361.959293,1754027999999
1754028000000,0.78691,0.79156,0.7758,0.78858,163337.609915,1754035199999
1754035200000,0.78798,0.79269,0.76664,0.78026,247123.644991,1754042399999
1754042400000,0.77956,0.78945,0.77718,0.78806,170324.214999,1754049599999
1754049600000,0.79303,0.79598,0.75746,0.76422,349556.82221,1754056799999
1754056800000,0.76436,0.79302,0.76028,0.78844,225098.010775,1754063999999
1754064000000,0.7893,0.79801,0.77185,0.77192,117234.186619,1754071199999
1754071200000,0.77485,0.79,0.768,0.78695,120124.482978,1754078399999
1754078400000,0.78738,0.78809,0.758,0.77533,151464.635238,1754085599999
1754085600000,0.77456,0.77462,0.72961,0.75764,523093.303016,1754092799999
1754092800000,0.76084,0.76832,0.75722,0.76405,72430.107725,1754099999999
1754100000000,0.7655,0.76728,0.762,0.76728,10466.893987,1754107199999
1754107200000,0.77087,0.77087,0.76831,0.76877,13242.257095,1754114399999
1754114400000,0.7689,0.77263,0.74005,0.76647,430222.552838,1754121599999
1754121600000,0.765,0.76518,0.74703,0.75044,50901.959798,1754128799999
1754128800000,0.74766,0.75503,0.73971,0.74831,123440.059591,1754135999999
1754136000000,0.747,0.75184,0.7396,0.75174,73359.451757,1754143199999
1754143200000,0.74978,0.75052,0.73024,0.73125,135434.35558,1754150399999
1754150400000,0.73161,0.74133,0.71507,0.72014,153923.349744,1754157599999
1754157600000,0.71937,0.73148,0.70849,0.72368,243501.679667,1754164799999
1754164800000,0.72536,0.73783,0.72506,0.73141,103918.190302,1754171999999
1754172000000,0.73241,0.74285,0.72686,0.73938,147342.79389,1754179199999
1754179200000,0.73788,0.7495,0.73111,0.74728,106348.08289,1754186399999
1754186400000,0.74766,0.75523,0.74766,0.75307,48845.817322,1754193599999
1754193600000,0.75257,0.76283,0.7501,0.7524,217850.116435,1754200799999
1754200800000,0.75354,0.76089,0.75096,0.75878,120491.445468,1754207999999
1754208000000,0.75983,0.76429,0.75874,0.76425,118741.078273,1754215199999
1754215200000,0.76464,0.77869,0.76447,0.77,149884.991304,1754222399999
1754222400000,0.7697,0.7737,0.7672,0.76946,99193.853336,1754229599999
1754229600000,0.7694,0.77268,0.7655,0.77185,49201.066412,1754236799999
1754236800000,0.7712,0.7733,0.76774,0.77099,42118.730832,1754243999999
1754244000000,0.76955,0.7775,0.76839,0.77136,86158.181337,1754251199999
1754251200000,0.7707,0.77776,0.76947,0.77721,65513.877642,1754258399999
1754258400000,0.7799,0.78104,0.77135,0.77583,32621.908165,1754265599999
1754265600000,0.77656,0.79601,0.77576,0.7871,53652.451449,1754272799999
1754272800000,0.78872,0.79517,0.78465,0.78924,12390.737947,1754279999999
1754280000000,0.78896,0.79119,0.78603,0.79119,38720.324939,1754287199999
1754287200000,0.79034,0.79715,0.78594,0.79533,98639.527045,1754294399999
1754294400000,0.79874,0.80332,0.78965,0.79067,80516.656759,1754301599999
1754301600000,0.79061,0.7949,0.78331,0.78673,77622.282821,1754308799999
1754308800000,0.78683,0.80043,0.78306,0.79825,49373.769493,1754315999999
1754316000000,0.79952,0.80739,0.78746,0.79179,241351.15851,1754323199999
1754323200000,0.79318,0.81064,0.79318,0.79617,181197.345648,1754330399999
1754330400000,0.79644,0.79708,0.78433,0.78675,73244.791214,1754337599999
1754337600000,0.78647,0.80255,0.78543,0.79671,81070.744291,1754344799999
1754344800000,0.79737,0.80538,0.79699,0.79939,161183.25023,1754351999999
1754352000000,0.79912,0.80308,0.78676,0.78736,58122.685189,1754359199999
1754359200000,0.78939,0.79148,0.77791,0.77799,49059.292136,1754366399999
1754366400000,0.77764,0.78041,0.77348,0.77882,65136.790997,1754373599999
1754373600000,0.77738,0.77974,0.75852,0.76197,72108.136346,1754380799999
1754380800000,0.75712,0.78083,0.75712,0.78083,72896.434975,1754387999999
1754388000000,0.77985,0.79683,0.7742,0.79182,84826.551388,1754395199999
1754395200000,0.79065,0.79203,0.772,0.77879,122541.518811,1754402399999
1754402400000,0.77798,0.77971,0.74593,0.74761,410596.793619,1754409599999
1754409600000,0.74839,0.75891,0.74665,0.75827,131957.443673,1754416799999
1754416800000,0.75624,0.75624,0.74559,0.74915,51516.988727,1754423999999
1754424000000,0.74942,0.75612,0.74039,0.74224,30354.28398,1754431199999
1754431200000,0.74213,0.75486,0.73464,0.75353,57508.54006,1754438399999
1754438400000,0.75212,0.7526,0.74217,0.74349,13715.995689,1754445599999
1754445600000,0.74293,0.74671,0.73643,0.73809,49615.622761,1754452799999
1754452800000,0.73766,0.76362,0.73324,0.75709,77292.872201,1754459999999
1754460000000,0.75594,0.765,0.74856,0.7621,88950.191971,1754467199999
1754467200000,0.76285,0.76416,0.75446,0.75826,61267.728737,1754474399999
1754474400000,0.75931,0.75952,0.751,0.754,122518.47606,1754481599999
1754481600000,0.75475,0.75612,0.74599,0.7488,71872.780187,1754488799999
1754488800000,0.74931,0.77258,0.74486,0.77165,94413.152456,1754495999999
1754496000000,0.77132,0.7753,0.76133,0.77297,96982.538732,1754503199999
1754503200000,0.77635,0.78496,0.77105,0.77384,106035.111799,1754510399999
1754510400000,0.77433,0.77524,0.76617,0.77073,60210.572432,1754517599999
1754517600000,0.77148,0.77501,0.77003,0.77465,37684.133965,1754524799999
1754524800000,0.77527,0.77809,0.77259,0.77754,5129.74281,1754531999999
1754532000000,0.7733,0.77349,0.76747,0.76767,30034.952253,1754539199999
1754539200000,0.77109,0.77482,0.76643,0.77457,34650.060068,1754546399999
1754546400000,0.7747,0.77928,0.77185,0.77395,130687.607067,1754553599999
1754553600000,0.77451,0.77822,0.76973,0.77107,31426.952678,1754560799999
1754560800000,0.778,0.805,0.778,0.80284,376852.862329,1754567999999
1754568000000,0.80444,0.80519,0.79349,0.80108,214455.106533,1754575199999
1754575200000,0.80053,0.80053,0.78608,0.79448,267888.939325,1754582399999
1754582400000,0.795,0.795,0.77039,0.78466,103876.231822,1754589599999
1754589600000,0.78343,0.80095,0.78,0.7974,201814.179042,1754596799999
1754596800000,0.80071,0.80789,0.79742,0.8033,127379.7584,1754603999999
1754604000000,0.80392,0.81897,0.80392,0.81667,131337.111392,1754611199999
1754611200000,0.81589,0.8281,0.81019,0.81621,170496.872158,1754618399999
1754618400000,0.81622,0.82725,0.81223,0.82078,77275.654645,1754625599999
1754625600000,0.81991,0.82046,0.80939,0.8094,118675.790667,1754632799999
1754632800000,0.8089,0.82674,0.80575,0.8242,180419.239501,1754639999999
1754640000000,0.82634,0.82933,0.81489,0.8246,68490.70822,1754647199999
1754647200000,0.82369,0.83257,0.82158,0.83187,112218.319834,1754654399999
1754654400000,0.83066,0.83767,0.81493,0.83767,79791.193051,1754661599999
1754661600000,0.8381,0.84461,0.79907,0.80683,195471.923574,1754668799999
1754668800000,0.80806,0.84037,0.80788,0.83909,118724.106404,1754675999999
1754676000000,0.84053,0.84427,0.83217,0.84,121715.750425,1754683199999
1754683200000,0.84139,0.84202,0.83376,0.83916,45868.093204,1754690399999
1754690400000,0.83668,0.844,0.83511,0.83699,74558.797562,1754697599999
1754697600000,0.8372,0.83796,0.82967,0.83796,107346.137547,1754704799999
1754704800000,0.83729,0.83729,0.82808,0.82808,4090.666191,1754711999999
1754712000000,0.82876,0.86724,0.82862,0.86118,195421.570433,1754719199999
1754719200000,0.8596,0.8609,0.84233,0.85581,265315.118795,1754726399999
1754726400000,0.85541,0.87444,0.85326,0.86487,242134.769238,1754733599999
1754733600000,0.86387,0.86851,0.85859,0.8598,201478.309659,1754740799999
1754740800000,0.85868,0.8784,0.85657,0.85702,179939.948326,1754747999999
1754748000000,0.8556,0.86583,0.84665,0.85798,170111.392987,1754755199999
1754755200000,0.86081,0.86783,0.85063,0.863,57013.153774,1754762399999
1754762400000,0.86116,0.87476,0.86039,0.86895,124856.387859,1754769599999
1754769600000,0.86923,0.88459,0.86154,0.8681,200646.364306,1754776799999
1754776800000,0.86589,0.87431,0.85969,0.86151,91766.648124,1754783999999
1754784000000,0.86492,0.87561,0.85901,0.86701,66672.476543,1754791199999
1754791200000,0.86921,0.88023,0.85764,0.87509,102352.722684,1754798399999
1754798400000,0.87558,0.88709,0.85828,0.8591,178823.294951,1754805599999
1754805600000,0.85674,0.85843,0.8332,0.83538,238687.368719,1754812799999
1754812800000,0.8352,0.8415,0.82019,0.83663,168473.098727,1754819999999
1754820000000,0.83671,0.83671,0.82483,0.82919,71148.312575,1754827199999
1754827200000,0.82718,0.83479,0.82254,0.82254,54183.86753,1754834399999
1754834400000,0.82115,0.85048,0.82,0.83861,95936.778715,1754841599999
1754841600000,0.83867,0.86353,0.83816,0.85838,91980.431339,1754848799999
1754848800000,0.85962,0.87563,0.85905,0.87123,142212.794267,1754855999999
1754856000000,0.87292,0.87665,0.85105,0.86052,157246.470266,1754863199999
1754863200000,0.85894,0.86454,0.85327,0.86409,38519.889191,1754870399999
1754870400000,0.86241,0.88,0.8544,0.87514,155739.483315,1754877599999
1754877600000,0.87854,0.88494,0.87399,0.87843,116846.536073,1754884799999
1754884800000,0.88021,0.88303,0.86614,0.8676,152504.459669,1754891999999
1754892000000,0.868,0.86841,0.83717,0.83777,169519.391278,1754899199999
1754899200000,0.83895,0.85028,0.83575,0.84318,157095.739083,1754906399999
1754906400000,0.84327,0.84327,0.81741,0.82113,231067.406513,1754913599999
1754913600000,0.81927,0.82076,0.80256,0.81655,354696.509851,1754920799999
1754920800000,0.82149,0.82885,0.81009,0.82185,83777.292111,1754927999999
1754928000000,0.82318,0.83623,0.81458,0.8151,108591.289535,1754935199999
1754935200000,0.81208,0.81649,0.79853,0.80701,138679.237667,1754942399999
1754942400000,0.80705,0.80705,0.78537,0.7916,145366.892392,1754949599999
1754949600000,0.79115,0.79117,0.77767,0.7839,132350.684711,1754956799999
1754956800000,0.78357,0.79621,0.78357,0.79379,34986.984603,1754963999999
1754964000000,0.79326,0.80014,0.78695,0.78695,62124.064153,1754971199999
1754971200000,0.78607,0.7942,0.78051,0.78566,70717.081031,1754978399999
1754978400000,0.78468,0.78903,0.77393,0.78589,201122.667957,1754985599999
1754985600000,0.78535,0.78879,0.77471,0.7758,56990.23518,1754992799999
1754992800000,0.77537,0.77592,0.76314,0.77592,152695.647415,1754999999999
1755000000000,0.77519,0.80554,0.77175,0.78778,489914.381398,1755007199999
1755007200000,0.78895,0.81942,0.78723,0.81857,161792.052436,1755014399999
1755014400000,0.81843,0.83789,0.8146,0.82962,213371.454681,1755021599999
1755021600000,0.82836,0.84871,0.82577,0.84825,194092.950214,1755028799999
1755028800000,0.84977,0.85668,0.84061,0.84304,264123.924264,1755035999999
1755036000000,0.84421,0.85203,0.83917,0.84613,222286.875694,1755043199999
1755043200000,0.84646,0.85564,0.84376,0.85492,51270.037154,1755050399999
1755050400000,0.85314,0.87604,0.84719,0.87269,275800.62048,1755057599999
1755057600000,0.87162,0.88387,0.86181,0.86242,259189.647475,1755064799999
1755064800000,0.86314,0.87615,0.85565,0.87572,253463.792193,1755071999999
1755072000000,0.8752,0.89263,0.8742,0.88707,247639.869259,1755079199999
1755079200000,0.88518,0.89232,0.88068,0.88988,178311.999086,1755086399999
1755086400000,0.89117,0.90555,0.87786,0.88441,256096.139512,1755093599999
1755093600000,0.88413,0.88846,0.8688,0.88304,209906.782322,1755100799999
1755100800000,0.8825,0.89164,0.87701,0.8801,129375.668322,1755107999999
1755108000000,0.88033,0.89033,0.86995,0.89033,108057.627473,1755115199999
1755115200000,0.88891,0.89352,0.8697,0.87304,151497.940597,1755122399999
1755122400000,0.87368,0.88709,0.87306,0.87832,159813.021034,1755129599999
1755129600000,0.87833,0.89355,0.87414,0.8868,123432.146328,1755136799999
1755136800000,0.88933,0.911,0.88912,0.9054,119359.10633,1755143999999
1755144000000,0.90513,0.9087,0.8888,0.89122,78773.257468,1755151199999
1755151200000,0.88951,0.88951,0.86974,0.8744,316838.548271,1755158399999
1755158400000,0.8733,0.87539,0.8576,0.87487,289972.846095,1755165599999
1755165600000,0.87363,0.87363,0.85176,0.8623,66731.803552,1755172799999
1755172800000,0.8619,0.8691,0.79359,0.81622,1046481.670715,1755179999999
1755180000000,0.81528,0.82562,0.80323,0.80355,194745.53966,1755187199999
1755187200000,0.80062,0.80269,0.78539,0.79185,227485.974377,1755194399999
1755194400000,0.79088,0.79586,0.777,0.79045,219360.692269,1755201599999
1755201600000,0.788,0.79228,0.77,0.77906,164845.264362,1755208799999
1755208800000,0.77893,0.79416,0.77371,0.78876,116462.088732,1755215999999
1755216000000,0.78871,0.80737,0.78753,0.80737,60208.101788,1755223199999
1755223200000,0.80562,0.81185,0.80048,0.80649,49197.770371,1755230399999
1755230400000,0.80345,0.8074,0.79634,0.80152,90387.394525,1755237599999
1755237600000,0.80326,0.8058,0.79621,0.7997,158480.180381,1755244799999
1755244800000,0.80106,0.80403,0.78559,0.78702,74532.973171,1755251999999
1755252000000,0.78839,0.79384,0.78444,0.78832,106354.296104,1755259199999
1755259200000,0.78636,0.79678,0.77192,0.77348,305834.688503,1755266399999
1755266400000,0.77327,0.77761,0.73228,0.7338,555416.403992,1755273599999
1755273600000,0.73319,0.75384,0.7249,0.75202,525421.912218,1755280799999
1755280800000,0.75232,0.75455,0.7361,0.74058,166177.887394,1755287999999
1755288000000,0.74184,0.75179,0.74029,0.75141,65268.32026,1755295199999
1755295200000,0.75093,0.7583,0.74743,0.74797,145988.391219,1755302399999
1755302400000,0.75116,0.75833,0.75065,0.752,46121.299723,1755309599999
1755309600000,0.75273,0.75597,0.75196,0.75515,25973.653315,1755316799999
1755316800000,0.75217,0.75857,0.75044,0.7539,59705.154495,1755323999999
1755324000000,0.75144,0.75733,0.74945,0.75452,95537.497859,1755331199999
1755331200000,0.75528,0.75784,0.75,0.75,48448.041631,1755338399999
1755338400000,0.74622,0.75587,0.74292,0.74328,31129.622194,1755345599999
1755345600000,0.74182,0.75523,0.73937,0.74767,30877.039745,1755352799999
1755352800000,0.74606,0.75733,0.74602,0.7544,79303.703006,1755359999999
1755360000000,0.75467,0.75733,0.74921,0.75145,80062.738811,1755367199999
1755367200000,0.74883,0.75672,0.74883,0.75368,40954.904604,1755374399999
1755374400000,0.75404,0.75993,0.75228,0.75228,40651.817872,1755381599999
1755381600000,0.75273,0.76092,0.75217,0.75736,33889.201143,1755388799999
1755388800000,0.75719,0.75719,0.75695,0.75695,1674.539674,1755395999999
1755403200000,0.75814,0.76865,0.75814,0.76073,23056.100481,1755410399999
1755410400000,0.76182,0.76389,0.75636,0.76309,50769.174264,1755417599999
1755417600000,0.76396,0.77377,0.76073,0.76891,102125.666659,1755424799999
1755424800000,0.76948,0.77653,0.76613,0.77631,71109.813278,1755431999999
1755432000000,0.77701,0.78664,0.77297,0.78465,101236.357394,1755439199999
1755439200000,0.784,0.80308,0.78224,0.80304,81813.976859,1755446399999
1755446400000,0.80695,0.82201,0.7932,0.80094,213097.890555,1755453599999
1755453600000,0.80071,0.80071,0.77681,0.77681,188373.553587,1755460799999
1755460800000,0.77785,0.78435,0.77625,0.78435,161588.879584,1755467999999
1755468000000,0.78186,0.79831,0.77972,0.77972,66220.44519,1755475199999
1755475200000,0.77716,0.78113,0.76188,0.76188,170390.867865,1755482399999
1755482400000,0.76421,0.76421,0.73709,0.7524,125466.699201,1755489599999
1755489600000,0.75058,0.76008,0.74734,0.74988,53737.860577,1755496799999
1755496800000,0.74807,0.75075,0.73734,0.74092,157025.864613,1755503999999
1755504000000,0.74162,0.74945,0.72901,0.74695,187738.756183,1755511199999
1755511200000,0.74644,0.75025,0.73855,0.74991,94610.957065,1755518399999
1755518400000,0.74978,0.75798,0.74122,0.74122,117979.662472,1755525599999
1755525600000,0.74109,0.75112,0.738,0.75019,91159.473393,1755532799999
1755532800000,0.75148,0.75845,0.74112,0.74946,134494.286806,1755539999999
1755540000000,0.7503,0.75624,0.745,0.75128,72107.323516,1755547199999
1755547200000,0.7533,0.75746,0.74726,0.75552,89696.603855,1755554399999
1755554400000,0.7565,0.76033,0.74321,0.74416,71782.006109,1755561599999
1755561600000,0.74394,0.7587,0.73476,0.74563,136214.113691,1755568799999
1755568800000,0.74473,0.74643,0.72,0.72449,212163.159022,1755575999999
1755576000000,0.72291,0.73547,0.7164,0.72875,156978.61618,1755583199999
1755583200000,0.72794,0.73136,0.72048,0.72623,78375.719802,1755590399999
1755590400000,0.72732,0.74326,0.72205,0.73692,67438.625602,1755597599999
1755597600000,0.73756,0.74435,0.73707,0.74368,46679.872725,1755604799999
1755604800000,0.74475,0.74613,0.72607,0.73184,86953.048462,1755611999999
1755612000000,0.73498,0.73498,0.7095,0.71701,202608.359351,1755619199999
1755619200000,0.7155,0.72153,0.70786,0.71573,419047.261131,1755626399999
1755626400000,0.71605,0.71647,0.69869,0.70747,330449.895537,1755633599999
1755633600000,0.7095,0.71796,0.70532,0.71796,90849.428623,1755640799999
1755640800000,0.71829,0.71934,0.70731,0.71002,76015.841457,1755647999999
1755648000000,0.7115,0.72002,0.70579,0.71505,137809.291285,1755655199999
1755655200000,0.71385,0.72397,0.7127,0.71539,106179.928571,1755662399999
1755662400000,0.71655,0.72416,0.71334,0.7159,213898.454916,1755669599999
1755669600000,0.71728,0.71773,0.71081,0.71127,118846.48695,1755676799999
1755676800000,0.7106,0.72783,0.7106,0.72203,61733.884661,1755683999999
1755684000000,0.72163,0.72359,0.70748,0.71799,123265.013604,1755691199999
1755691200000,0.71845,0.72458,0.69806,0.7015,270452.283243,1755698399999
1755698400000,0.70366,0.73874,0.69616,0.73171,346400.360373,1755705599999
1755705600000,0.73296,0.74928,0.73296,0.74185,70587.926399,1755712799999
1755712800000,0.74354,0.75,0.72671,0.74823,146014.249183,1755719999999
1755720000000,0.75003,0.75179,0.744,0.75044,135731.221031,1755727199999
1755727200000,0.74728,0.75111,0.74591,0.74768,21582.942083,1755734399999
1755734400000,0.74953,0.7559,0.7443,0.7559,29324.274438,1755741599999
1755741600000,0.7562,0.75874,0.7403,0.74977,54009.818508,1755748799999
1755748800000,0.74708,0.75315,0.74619,0.7523,397165.490032,1755755999999
1755756000000,0.74498,0.74874,0.73917,0.7454,67762.164969,1755763199999
1755763200000,0.74468,0.745,0.73221,0.73328,52776.914228,1755770399999
1755770400000,0.73189,0.73662,0.72988,0.73236,153466.342774,1755777599999
1755777600000,0.73267,0.73864,0.72585,0.73864,93088.690076,1755784799999
1755784800000,0.73538,0.74293,0.72,0.72048,210409.500934,1755791999999
1755792000000,0.7211,0.72662,0.71679,0.72429,407690.352437,1755799199999
1755799200000,0.72481,0.73772,0.72479,0.72652,155298.356807,1755806399999
1755806400000,0.72753,0.7354,0.72353,0.73322,89674.853681,1755813599999
1755813600000,0.73348,0.7357,0.72793,0.73092,74581.692195,1755820799999
1755820800000,0.73385,0.73621,0.72478,0.73418,31186.892518,1755827999999
1755828000000,0.73403,0.74417,0.7255,0.72603,38384.129667,1755835199999
1755835200000,0.7285,0.736,0.72365,0.72953,88914.022213,1755842399999
1755842400000,0.72798,0.73159,0.72228,0.72843,68762.929911,1755849599999
1755849600000,0.73064,0.73138,0.72308,0.72579,40767.529908,1755856799999
1755856800000,0.72501,0.72501,0.70909,0.70909,148382.434308,1755863999999
1755864000000,0.70934,0.70934,0.68433,0.69857,832162.21623,1755871199999
1755871200000,0.69921,0.77,0.69921,0.75459,2551447.665976,1755878399999
1755878400000,0.75419,0.7854,0.75419,0.77801,2222730.255975,1755885599999
1755885600000,0.77818,0.78861,0.77579,0.78359,400060.392967,1755892799999
1755892800000,0.78553,0.79306,0.78212,0.78643,170034.296744,1755899999999
1755900000000,0.78899,0.79252,0.7805,0.79156,132067.339742,1755907199999
1755907200000,0.79081,0.79357,0.77,0.77548,76860.437071,1755914399999
1755914400000,0.77328,0.77463,0.74511,0.75402,243619.116042,1755921599999
1755921600000,0.75426,0.78714,0.75426,0.78714,26639.367644,1755928799999
1755928800000,0.78554,0.78554,0.77173,0.77194,390650.736635,1755935999999
1755936000000,0.77172,0.77696,0.7649,0.76727,119856.143151,1755943199999
1755943200000,0.76686,0.76807,0.75477,0.75533,155936.122196,1755950399999
1755950400000,0.75579,0.758,0.75139,0.75392,56285.69411,1755957599999
1755957600000,0.75397,0.76482,0.75275,0.76338,161976.422798,1755964799999
1755964800000,0.76576,0.76633,0.75612,0.761,73246.486585,1755971999999
1755972000000,0.76096,0.76764,0.76094,0.76675,112172.668327,1755979199999
1755979200000,0.76609,0.76648,0.76173,0.7629,64971.830504,1755986399999
1755986400000,0.76331,0.77256,0.76331,0.7677,45445.722074,1755993599999
1755993600000,0.77046,0.77316,0.76754,0.77275,40292.76805,1756000799999
1756000800000,0.7744,0.77778,0.76479,0.77136,51681.396498,1756007999999
1756008000000,0.76951,0.77166,0.75889,0.76075,289938.57428,1756015199999
1756015200000,0.76055,0.76055,0.74844,0.7501,124407.900343,1756022399999
1756022400000,0.74933,0.75234,0.74429,0.74742,48633.306396,1756029599999
1756029600000,0.746,0.74762,0.73366,0.73815,133760.908113,1756036799999
1756036800000,0.73791,0.7471,0.7374,0.74248,90957.757302,1756043999999
1756044000000,0.74127,0.753,0.73736,0.74239,127852.526033,1756051199999
1756051200000,0.74254,0.76449,0.73807,0.75909,303542.185322,1756058399999
1756058400000,0.75858,0.78124,0.73604,0.7489,1370293.75711,1756065599999
1756065600000,0.74394,0.74626,0.72499,0.73635,502474.015253,1756072799999
1756072800000,0.73662,0.74393,0.724,0.73735,89325.24051,1756079999999
1756080000000,0.74121,0.74139,0.72182,0.73882,102312.070171,1756087199999
1756087200000,0.73861,0.76392,0.73861,0.75569,347595.234269,1756094399999
1756094400000,0.75473,0.75643,0.74187,0.74187,90436.331417,1756101599999
1756101600000,0.74086,0.74182,0.71142,0.71608,211370.518516,1756108799999
1756108800000,0.713,0.72298,0.71001,0.71522,437859.800116,1756115999999
1756116000000,0.7148,0.7148,0.69661,0.70773,388841.929195,1756123199999
1756123200000,0.70663,0.70785,0.69414,0.70042,256567.788951,1756130399999
1756130400000,0.70081,0.70706,0.692,0.69379,337771.059325,1756137599999
1756137600000,0.69232,0.69987,0.68717,0.69357,209977.449075,1756144799999
1756144800000,0.6919,0.69521,0.675,0.67588,237468.889611,1756151999999
1756152000000,0.67678,0.679,0.6509,0.65511,555484.793534,1756159199999
1756159200000,0.65799,0.67046,0.65707,0.6693,143149.133862,1756166399999
1756166400000,0.6687,0.67508,0.66264,0.6744,82582.22811,1756173599999
1756173600000,0.67473,0.67604,0.66112,0.6624,110910.641734,1756180799999
1756180800000,0.6631,0.66964,0.66096,0.66567,268098.13528,1756187999999
1756188000000,0.66411,0.67749,0.66411,0.67555,137224.342828,1756195199999
1756195200000,0.67577,0.67677,0.67006,0.67293,98968.013832,1756202399999
1756202400000,0.67292,0.67742,0.66406,0.66923,122061.07278,1756209599999
1756209600000,0.66572,0.68623,0.6645,0.6717,178179.374753,1756216799999
1756216800000,0.6764,0.69068,0.67219,0.68211,110358.982064,1756223999999
1756224000000,0.68319,0.68967,0.68161,0.68733,84707.036684,1756231199999
1756231200000,0.68811,0.70085,0.68811,0.69878,124428.231118,1756238399999
1756238400000,0.69842,0.70152,0.69047,0.69813,74381.370932,1756245599999
1756245600000,0.69843,0.70334,0.69294,0.69836,76652.649972,1756252799999
1756252800000,0.6974,0.70198,0.69436,0.70198,55463.709644,1756259999999
1756260000000,0.70139,0.71493,0.69773,0.71304,96165.518667,1756267199999
1756267200000,0.71273,0.72308,0.69845,0.69983,305984.924653,1756274399999
1756274400000,0.69935,0.70556,0.69349,0.69454,270894.808662,1756281599999
1756281600000,0.69598,0.70799,0.69474,0.70283,97455.825541,1756288799999
1756288800000,0.70357,0.70922,0.70219,0.70818,33667.704173,1756295999999
1756296000000,0.70533,0.7077,0.69506,0.70241,320432.622366,1756303199999
1756303200000,0.69933,0.7141,0.69927,0.71391,609855.03956,1756310399999
1756310400000,0.71333,0.71524,0.70282,0.71467,335998.470478,1756317599999
1756317600000,0.71444,0.71677,0.69862,0.70504,106894.829923,1756324799999
1756324800000,0.70158,0.71668,0.69521,0.70333,179616.074246,1756331999999
1756332000000,0.7022,0.70854,0.6978,0.70074,114695.300519,1756339199999
1756339200000,0.70173,0.70833,0.69741,0.70742,72810.583269,1756346399999
1756346400000,0.70773,0.71009,0.70303,0.70576,44484.543923,1756353599999
1756353600000,0.70814,0.71786,0.70756,0.71068,55692.334694,1756360799999
1756360800000,0.70993,0.71676,0.70928,0.71523,41634.27922,1756367999999
1756368000000,0.721,0.72215,0.71117,0.71197,195841.983795,1756375199999
1756375200000,0.71201,0.71587,0.709,0.71473,101352.424676,1756382399999
1756382400000,0.71422,0.722,0.71225,0.71645,100255.327968,1756389599999
1756389600000,0.71826,0.73061,0.71519,0.71788,249560.728369,1756396799999
1756396800000,0.71923,0.725,0.7038,0.71279,78995.455365,1756403999999
1756404000000,0.71251,0.71945,0.70594,0.70594,45531.776194,1756411199999
1756411200000,0.70657,0.71788,0.705,0.71749,77884.846728,1756418399999
1756418400000,0.71783,0.73083,0.71783,0.72882,33131.416331,1756425599999
1756425600000,0.72983,0.73267,0.71679,0.71966,305510.81734,1756432799999
1756432800000,0.71986,0.73124,0.71824,0.7307,92568.935974,1756439999999
1756440000000,0.73001,0.73221,0.72235,0.72536,41040.903951,1756447199999
1756447200000,0.72637,0.72637,0.69688,0.69785,286170.544283,1756454399999
1756454400000,0.69645,0.69645,0.67854,0.69282,279660.578041,1756461599999
1756461600000,0.69385,0.69625,0.68947,0.69018,59747.334719,1756468799999
1756468800000,0.69048,0.7145,0.68186,0.68693,221142.432954,1756475999999
1756476000000,0.68901,0.69083,0.67531,0.67815,813542.451046,1756483199999
1756483200000,0.67848,0.67883,0.66416,0.66619,157688.512111,1756490399999
1756490400000,0.665,0.67603,0.66192,0.67203,220507.384833,1756497599999
1756497600000,0.67129,0.68089,0.66534,0.67983,104674.140332,1756504799999
1756504800000,0.6795,0.68355,0.67482,0.67995,85782.370118,1756511999999
1756512000000,0.6803,0.68178,0.66927,0.66927,67791.596145,1756519199999
1756519200000,0.67077,0.69906,0.67048,0.6968,39458.827463,1756526399999
1756526400000,0.6964,0.69884,0.69061,0.69061,34925.106281,1756533599999
1756533600000,0.69127,0.69541,0.69024,0.69429,164669.95189,1756540799999
1756540800000,0.69429,0.69534,0.688,0.68913,145053.316579,1756547999999
1756548000000,0.68914,0.69413,0.68848,0.69235,77890.306638,1756555199999
1756555200000,0.69451,0.69476,0.68032,0.68939,101651.200599,1756562399999
1756562400000,0.68924,0.6987,0.68395,0.69453,45550.96571,1756569599999
1756569600000,0.69349,0.69476,0.68757,0.69022,22830.95739,1756576799999
1756576800000,0.68888,0.69098,0.68662,0.68911,38940.804553,1756583999999
1756584000000,0.68965,0.68965,0.68674,0.68732,37373.046462,1756591199999
1756591200000,0.68706,0.69271,0.68507,0.69019,74376.497231,1756598399999
1756598400000,0.69101,0.69759,0.69101,0.69751,43734.994257,1756605599999
1756605600000,0.69824,0.69894,0.69186,0.69499,37929.506592,1756612799999
1756612800000,0.69626,0.69626,0.688,0.69017,68374.618215,1756619999999
1756620000000,0.69076,0.69485,0.68973,0.69352,63354.43515,1756627199999
1756627200000,0.69453,0.69845,0.69296,0.69705,27788.123978,1756634399999
1756634400000,0.69546,0.69749,0.69055,0.69642,38295.037965,1756641599999
1756641600000,0.69708,0.69708,0.68916,0.68994,101104.555477,1756648799999
1756648800000,0.68965,0.69455,0.68466,0.69342,72764.870074,1756655999999
1756656000000,0.6922,0.6928,0.68746,0.688,38944.335864,1756663199999
1756663200000,0.68873,0.69691,0.68796,0.68796,63229.401117,1756670399999
1756670400000,0.68807,0.69192,0.68645,0.69035,224525.049986,1756677599999
1756677600000,0.68952,0.69053,0.67054,0.67054,93041.447845,1756684799999
1756684800000,0.66811,0.67147,0.6622,0.6657,76336.02422,1756691999999
1756692000000,0.66658,0.66671,0.65098,0.65588,143379.500606,1756699199999
1756699200000,0.65401,0.65565,0.64382,0.65135,191870.922146,1756706399999
1756706400000,0.65026,0.67359,0.64562,0.67268,107042.556033,1756713599999
1756713600000,0.67961,0.68759,0.67494,0.68103,198455.52073,1756720799999
1756720800000,0.68195,0.68207,0.66752,0.66834,66346.834624,1756727999999
1756728000000,0.66764,0.67431,0.66261,0.66323,838447.055547,1756735199999
1756735200000,0.66449,0.66759,0.65825,0.65845,92648.854042,1756742399999
1756742400000,0.65895,0.65976,0.65,0.65425,104245.461045,1756749599999
1756749600000,0.65347,0.6601,0.65332,0.65883,63234.96071,1756756799999
1756756800000,0.65786,0.65871,0.62466,0.62835,161518.447497,1756763999999
1756764000000,0.62999,0.64771,0.62905,0.64771,128083.118408,1756771199999
1756771200000,0.65,0.6526,0.64224,0.64931,57859.11724,1756778399999
1756778400000,0.64902,0.66244,0.64664,0.66192,61465.66608,1756785599999
1756785600000,0.66024,0.66733,0.66024,0.66661,56643.89006,1756792799999
1756792800000,0.66771,0.67134,0.66388,0.66568,197848.189194,1756799999999
1756800000000,0.66705,0.67517,0.66614,0.67517,91250.179479,1756807199999
1756807200000,0.67546,0.67684,0.67295,0.67353,163544.868306,1756814399999
1756814400000,0.67342,0.69011,0.65773,0.68872,117508.76741,1756821599999
1756821600000,0.68949,0.7,0.67502,0.67709,227124.722609,1756828799999
1756828800000,0.67959,0.70246,0.67948,0.69831,203407.839682,1756835999999
1756836000000,0.69579,0.7016,0.68397,0.68572,109220.499604,1756843199999
1756843200000,0.68518,0.699,0.68509,0.69641,100240.359534,1756850399999
1756850400000,0.69616,0.70572,0.6939,0.70317,196909.098107,1756857599999
1756857600000,0.70408,0.70578,0.69327,0.70168,138238.873284,1756864799999
1756864800000,0.70307,0.70363,0.69565,0.69774,188317.789851,1756871999999
1756872000000,0.69684,0.69692,0.68678,0.68682,96641.485744,1756879199999
1756879200000,0.68788,0.68936,0.68332,0.68714,99274.059593,1756886399999
1756886400000,0.68706,0.6897,0.68079,0.68797,80824.87053,1756893599999
1756893600000,0.68716,0.69124,0.6844,0.68864,326467.807544,1756900799999
1756900800000,0.68955,0.6955,0.68311,0.68887,136262.829267,1756907999999
1756908000000,0.68853,0.6991,0.68641,0.6977,606443.493252,1756915199999
1756915200000,0.69778,0.70524,0.69342,0.70085,176411.460567,1756922399999
1756922400000,0.70172,0.70654,0.69756,0.70654,172993.463343,1756929599999
1756929600000,0.70712,0.70712,0.70034,0.70565,130233.477303,1756936799999
1756936800000,0.70567,0.70776,0.69838,0.70009,168234.325307,1756943999999
1756944000000,0.70061,0.70804,0.70061,0.70554,59241.722826,1756951199999
1756951200000,0.70443,0.70507,0.69223,0.6929,66823.533178,1756958399999
1756958400000,0.69331,0.69895,0.685,0.68701,189804.779079,1756965599999
1756965600000,0.68742,0.69652,0.68388,0.69195,112252.226401,1756972799999
1756972800000,0.69136,0.69902,0.68873,0.69049,111795.025066,1756979999999
1756980000000,0.689,0.69187,0.68136,0.68351,274454.454998,1756987199999
1756987200000,0.68326,0.68907,0.67402,0.67842,205042.873548,1756994399999
1756994400000,0.67792,0.68388,0.66961,0.67259,111655.302698,1757001599999
1757001600000,0.67181,0.67708,0.6696,0.67092,120880.951564,1757008799999
1757008800000,0.67229,0.67288,0.66428,0.66667,162883.56764,1757015999999
1757016000000,0.66522,0.673,0.66522,0.6727,87568.462774,1757023199999
1757023200000,0.6739,0.68252,0.67204,0.67204,51917.758369,1757030399999
1757030400000,0.67303,0.68272,0.67269,0.68015,87635.982193,1757037599999
1757037600000,0.6816,0.68486,0.67598,0.68486,57051.345954,1757044799999
1757044800000,0.68496,0.68681,0.68189,0.68441,63579.233075,1757051999999
1757052000000,0.68416,0.69755,0.68219,0.69598,171285.139827,1757059199999
1757059200000,0.69568,0.69794,0.68931,0.69519,148287.343153,1757066399999
1757066400000,0.69537,0.69709,0.69282,0.69572,92332.950629,1757073599999
1757073600000,0.6957,0.70509,0.69292,0.70027,243044.583999,1757080799999
1757080800000,0.70087,0.70087,0.67394,0.68505,448516.040883,1757087999999
1757088000000,0.68407,0.69334,0.68355,0.68694,102807.291038,1757095199999
1757095200000,0.68819,0.69654,0.68596,0.69504,151972.096615,1757102399999
1757102400000,0.69628,0.70318,0.69585,0.69711,163541.487506,1757109599999
1757109600000,0.69845,0.70418,0.69655,0.699,112759.784097,1757116799999
1757116800000,0.69865,0.70274,0.6983,0.69956,63512.449638,1757123999999
1757124000000,0.70015,0.7028,0.69718,0.69956,64992.329926,1757131199999
1757131200000,0.69954,0.69954,0.69096,0.69209,73538.829348,1757138399999
1757138400000,0.69157,0.69496,0.68965,0.69229,103524.643411,1757145599999
1757145600000,0.69307,0.69322,0.68492,0.68492,47463.800475,1757152799999
1757152800000,0.68443,0.68782,0.68193,0.68685,102269.620687,1757159999999
1757160000000,0.68606,0.68841,0.6837,0.68486,37911.800015,1757167199999
1757167200000,0.68549,0.69144,0.68549,0.68661,65271.169306,1757174399999
1757174400000,0.68623,0.695,0.68494,0.68829,103626.918509,1757181599999
1757181600000,0.68972,0.69481,0.68779,0.68826,64165.609667,1757188799999
1757188800000,0.68926,0.69677,0.68897,0.69643,53205.335521,1757195999999
1757196000000,0.69712,0.69903,0.69417,0.69613,77654.771546,1757203199999
1757203200000,0.69617,0.70538,0.69617,0.70408,154161.161132,1757210399999
1757210400000,0.70294,0.70309,0.69812,0.70052,73595.814999,1757217599999
1757217600000,0.70142,0.70699,0.70024,0.7055,64986.18154,1757224799999
1757224800000,0.70604,0.70604,0.69827,0.69916,111780.626781,1757231999999
1757232000000,0.70021,0.70433,0.69629,0.69955,124135.414885,1757239199999
1757239200000,0.70099,0.71506,0.69963,0.714,115409.828518,1757246399999
1757246400000,0.71408,0.71453,0.70964,0.71178,81729.513995,1757253599999
1757253600000,0.71074,0.71302,0.70753,0.70957,78629.33598,1757260799999
1757260800000,0.70909,0.71072,0.70104,0.70104,104714.462358,1757267999999
1757268000000,0.70071,0.70341,0.69703,0.7014,67835.592953,1757275199999
1757275200000,0.70128,0.7075,0.69876,0.70391,144332.083371,1757282399999
1757282400000,0.70461,0.71682,0.7046,0.71093,69684.824951,1757289599999
1757289600000,0.71109,0.71299,0.70524,0.70584,62998.042247,1757296799999
1757296800000,0.70703,0.72197,0.7058,0.71394,136133.01448,1757303999999
1757304000000,0.71433,0.71992,0.70946,0.71435,199657.435827,1757311199999
1757311200000,0.71551,0.71755,0.70895,0.71133,143374.730573,1757318399999
1757318400000,0.71166,0.72374,0.71148,0.72199,94298.164161,1757325599999
1757325600000,0.72104,0.72901,0.71578,0.72057,226835.950173,1757332799999
1757332800000,0.72166,0.72788,0.71563,0.71563,112492.812089,1757339999999
1757340000000,0.71824,0.73841,0.71678,0.73747,788983.242466,1757347199999
1757347200000,0.73538,0.74458,0.73025,0.73212,337636.06865,1757354399999
1757354400000,0.73353,0.73807,0.72766,0.7284,89411.458794,1757361599999
1757361600000,0.72863,0.73934,0.72603,0.73899,87322.316645,1757368799999
1757368800000,0.74,0.74241,0.73595,0.73926,110530.503989,1757375999999
1757376000000,0.7426,0.75213,0.72924,0.73813,175975.367431,1757383199999
1757383200000,0.7399,0.74555,0.7295,0.74555,30721.256024,1757390399999
1757390400000,0.74379,0.74605,0.74009,0.74583,49820.943257,1757397599999
1757397600000,0.74671,0.769,0.74671,0.76149,334250.886906,1757404799999
1757404800000,0.7634,0.76825,0.76,0.76168,144270.170517,1757411999999
1757412000000,0.76276,0.76639,0.75807,0.76161,118241.600556,1757419199999
1757419200000,0.76288,0.76903,0.74945,0.7556,175056.597886,1757426399999
1757426400000,0.75512,0.75607,0.72799,0.73303,663777.406433,1757433599999
1757433600000,0.73248,0.74057,0.72877,0.73574,167064.601322,1757440799999
1757440800000,0.73589,0.7436,0.73451,0.74203,159831.371025,1757447999999
1757448000000,0.74112,0.74559,0.73795,0.73891,50637.663056,1757455199999
1757455200000,0.7388,0.75,0.73666,0.7466,35718.839842,1757462399999
1757462400000,0.74807,0.75218,0.74153,0.74782,34936.598674,1757469599999
1757469600000,0.74962,0.76528,0.74962,0.76265,87899.694316,1757476799999
1757476800000,0.76185,0.76644,0.75084,0.75203,95790.216994,1757483999999
1757484000000,0.7513,0.76025,0.74877,0.75499,76800.396525,1757491199999
1757491200000,0.75604,0.75943,0.75347,0.75699,130777.006421,1757498399999
1757498400000,0.75604,0.75604,0.74886,0.75177,76194.597356,1757505599999
1757505600000,0.75209,0.7745,0.75192,0.76791,216329.70319,1757512799999
1757512800000,0.76996,0.77259,0.76142,0.76308,68574.716148,1757519999999
1757520000000,0.76188,0.76642,0.75545,0.76126,131921.976775,1757527199999
1757527200000,0.761,0.76176,0.74952,0.75353,136007.563978,1757534399999
1757534400000,0.75347,0.76217,0.7531,0.75911,61816.804165,1757541599999
1757541600000,0.75906,0.7652,0.75887,0.76494,56825.267667,1757548799999
1757548800000,0.76444,0.76729,0.76297,0.76669,40565.718619,1757555999999
1757556000000,0.76648,0.7691,0.76147,0.7685,36901.553369,1757563199999
1757563200000,0.76839,0.76958,0.76153,0.76679,89344.063652,1757570399999
1757570400000,0.76542,0.76791,0.76355,0.76667,49277.477762,1757577599999
1757577600000,0.76557,0.76654,0.76399,0.76571,79436.443922,1757584799999
1757584800000,0.76551,0.76612,0.75755,0.75755,53861.597272,1757591999999
1757592000000,0.75861,0.76904,0.74536,0.7579,362012.840598,1757599199999
1757599200000,0.75361,0.75548,0.74769,0.75135,100632.441851,1757606399999
1757606400000,0.75139,0.7576,0.75107,0.7565,71372.412761,1757613599999
1757613600000,0.75696,0.76178,0.75435,0.76178,82661.992752,1757620799999
1757620800000,0.75978,0.76554,0.75868,0.76474,81339.357021,1757627999999
1757628000000,0.76517,0.77503,0.76388,0.77503,108119.936064,1757635199999
1757635200000,0.77579,0.79546,0.77402,0.78064,161094.290045,1757642399999
1757642400000,0.78011,0.78573,0.78011,0.78199,67446.506756,1757649599999
1757649600000,0.78659,0.793,0.7823,0.79131,101970.438852,1757656799999
1757656800000,0.79132,0.79299,0.78219,0.78247,76895.671883,1757663999999
1757664000000,0.78276,0.78372,0.76966,0.77092,93794.916259,1757671199999
1757671200000,0.77058,0.77313,0.76502,0.76502,144942.268406,1757678399999
1757678400000,0.76562,0.77271,0.76,0.77271,140033.208891,1757685599999
1757685600000,0.7721,0.77735,0.76648,0.77413,146669.31961,1757692799999
1757692800000,0.7728,0.81851,0.77223,0.80401,331690.262151,1757699999999
1757700000000,0.80256,0.8142,0.80143,0.81268,194629.305689,1757707199999
1757707200000,0.81113,0.81214,0.79918,0.80535,164707.260374,1757714399999
1757714400000,0.80564,0.81306,0.8045,0.8093,184052.987419,1757721599999
1757721600000,0.80978,0.82694,0.806,0.81451,176275.826873,1757728799999
1757728800000,0.8139,0.8231,0.8114,0.81683,144483.169572,1757735999999
1757736000000,0.81646,0.82003,0.80698,0.8075,68910.436202,1757743199999
1757743200000,0.80975,0.81494,0.80818,0.80858,123482.148795,1757750399999
1757750400000,0.80767,0.83516,0.80767,0.82801,161106.505507,1757757599999
1757757600000,0.82637,0.83994,0.82385,0.83646,107486.437441,1757764799999
1757764800000,0.83457,0.84236,0.80779,0.82024,106893.220571,1757771999999
1757772000000,0.81745,0.84,0.81054,0.8231,113120.309522,1757779199999
1757779200000,0.82832,0.83315,0.81459,0.82138,180217.601647,1757786399999
1757786400000,0.81793,0.82634,0.8169,0.82472,73363.758334,1757793599999
1757793600000,0.82727,0.833,0.82573,0.8273,120119.850947,1757800799999
1757800800000,0.82663,0.83511,0.82564,0.82897,56682.838774,1757807999999
1757808000000,0.83106,0.8326,0.81183,0.82208,77671.279031,1757815199999
1757815200000,0.82565,0.82971,0.8111,0.8111,23488.601014,1757822399999
1757822400000,0.81179,0.81783,0.8045,0.81647,47115.248389,1757829599999
1757829600000,0.81747,0.82305,0.8124,0.81679,107989.231224,1757836799999
1757836800000,0.81624,0.8206,0.81303,0.81561,125093.083929,1757843999999
1757844000000,0.81707,0.81799,0.79777,0.79777,118113.410222,1757851199999
1757851200000,0.79939,0.80358,0.7886,0.79255,361103.121388,1757858399999
1757858400000,0.79394,0.7986,0.77118,0.77842,189207.4096,1757865599999
1757865600000,0.7804,0.80367,0.78033,0.80009,259972.575491,1757872799999
1757872800000,0.79903,0.79903,0.78895,0.79055,195493.989531,1757879999999
1757880000000,0.7906,0.80118,0.78928,0.79858,232380.511394,1757887199999
1757887200000,0.79845,0.8021,0.78847,0.79213,58184.447284,1757894399999
1757894400000,0.79284,0.79687,0.78311,0.79245,44396.017556,1757901599999
1757901600000,0.79614,0.79866,0.78963,0.79866,34775.368283,1757908799999
1757908800000,0.79463,0.80061,0.79367,0.80008,50237.397202,1757915999999
1757916000000,0.79711,0.79936,0.758,0.76323,466846.662095,1757923199999
1757923200000,0.76288,0.76288,0.74247,0.75222,549213.168061,1757930399999
1757930400000,0.75103,0.75309,0.74523,0.74876,118657.287941,1757937599999
1757937600000,0.74836,0.75548,0.745,0.75125,68343.916457,1757944799999
1757944800000,0.74662,0.75464,0.73782,0.74339,150196.021989,1757951999999
1757952000000,0.74178,0.74226,0.73248,0.74226,131024.592521,1757959199999
1757959200000,0.74152,0.74678,0.73815,0.74199,244176.732226,1757966399999
1757966400000,0.7437,0.7489,0.74224,0.74769,111335.882904,1757973599999
1757973600000,0.74819,0.74855,0.74396,0.74654,46380.481323,1757980799999
1757980800000,0.74722,0.7531,0.74541,0.74626,47742.24504,1757987999999
1757988000000,0.74699,0.75109,0.74685,0.74721,43116.772564,1757995199999
1757995200000,0.74682,0.75514,0.73758,0.75409,62824.437028,1758002399999
1758002400000,0.7548,0.76067,0.74772,0.75804,260731.398774,1758009599999
1758009600000,0.75962,0.76248,0.756,0.76037,195037.539696,1758016799999
1758016800000,0.76082,0.76082,0.7539,0.75461,157801.411054,1758023999999
1758024000000,0.75396,0.76545,0.74758,0.75586,127305.125904,1758031199999
1758031200000,0.75388,0.768,0.74674,0.76799,131188.539209,1758038399999
1758038400000,0.76755,0.7793,0.76139,0.7793,150208.181719,1758045599999
1758045600000,0.77985,0.78331,0.77339,0.78331,131786.70907,1758052799999
1758052800000,0.78276,0.79075,0.778,0.79024,75236.618856,1758059999999
1758060000000,0.79142,0.8164,0.79142,0.81154,397491.946431,1758067199999
1758067200000,0.81055,0.817,0.80094,0.8035,154916.014526,1758074399999
1758074400000,0.80355,0.81141,0.79205,0.79205,136500.377866,1758081599999
1758081600000,0.79305,0.79328,0.77602,0.78604,135771.591771,1758088799999
1758088800000,0.78515,0.79154,0.78179,0.78434,177716.430258,1758095999999
1758096000000,0.78364,0.78372,0.76994,0.76994,134324.272734,1758103199999
1758103200000,0.76887,0.77503,0.76617,0.77503,52137.576523,1758110399999
1758110400000,0.77495,0.77684,0.76996,0.77318,86793.875379,1758117599999
1758117600000,0.77382,0.7751,0.76664,0.76997,99479.561857,1758124799999
1758124800000,0.76923,0.7856,0.76197,0.77006,118882.141296,1758131999999
1758132000000,0.77011,0.80261,0.76732,0.79791,481162.783993,1758139199999
1758139200000,0.79794,0.80854,0.78018,0.80053,134207.41027,1758146399999
1758146400000,0.80038,0.81839,0.80038,0.81224,278803.786121,1758153599999
1758153600000,0.81268,0.82379,0.80898,0.81333,57281.354258,1758160799999
1758160800000,0.81168,0.82179,0.80483,0.81718,128654.143764,1758167999999
1758168000000,0.81749,0.81749,0.80497,0.81138,108578.994444,1758175199999
1758175200000,0.81172,0.81172,0.79494,0.79559,94157.376492,1758182399999
1758182400000,0.79596,0.80707,0.79524,0.80159,108255.096013,1758189599999
1758189600000,0.80522,0.80593,0.79572,0.79944,57949.524383,1758196799999
1758196800000,0.80056,0.81084,0.79937,0.8046,63674.764409,1758203999999
1758204000000,0.80744,0.81666,0.80581,0.81424,214301.912794,1758211199999
1758211200000,0.81461,0.82,0.80958,0.81388,208936.971119,1758218399999
1758218400000,0.81277,0.81434,0.8019,0.80566,89730.928743,1758225599999
1758225600000,0.8043,0.81052,0.8037,0.80649,96313.569909,1758232799999
1758232800000,0.80666,0.81122,0.80021,0.81056,47446.951591,1758239999999
1758240000000,0.81104,0.84341,0.81017,0.82316,250916.962312,1758247199999
1758247200000,0.82141,0.82345,0.80098,0.80133,51890.585535,1758254399999
1758254400000,0.8002,0.8069,0.79142,0.80507,55288.485464,1758261599999
1758261600000,0.80282,0.80627,0.79777,0.80217,87040.262807,1758268799999
1758268800000,0.80432,0.809,0.7938,0.79745,64095.280479,1758275999999
1758276000000,0.79677,0.79806,0.78327,0.78503,91202.938776,1758283199999
1758283200000,0.78549,0.78849,0.77885,0.78289,107330.35849,1758290399999
1758290400000,0.78107,0.78368,0.7605,0.76752,301465.809114,1758297599999
1758297600000,0.76599,0.77233,0.76126,0.7621,106228.254637,1758304799999
1758304800000,0.76139,0.76498,0.75748,0.76181,149061.650311,1758311999999
1758312000000,0.7625,0.76818,0.7611,0.76774,56886.687386,1758319199999
1758319200000,0.76794,0.77142,0.75931,0.76555,122259.331114,1758326399999
1758326400000,0.76513,0.76859,0.76038,0.7629,120282.458892,1758333599999
1758333600000,0.76201,0.76201,0.75491,0.75869,90753.278467,1758340799999
1758340800000,0.75766,0.77078,0.75725,0.76916,43801.420949,1758347999999
1758348000000,0.76791,0.76829,0.76279,0.76623,71413.791706,1758355199999
1758355200000,0.76679,0.76679,0.75529,0.75633,96572.350342,1758362399999
1758362400000,0.75692,0.75921,0.7521,0.75919,62341.187312,1758369599999
1758369600000,0.75787,0.76688,0.7568,0.76526,92267.777359,1758376799999
1758376800000,0.76426,0.77847,0.76184,0.77273,85684.129052,1758383999999
1758384000000,0.77293,0.7743,0.76558,0.76604,64052.127105,1758391199999
1758391200000,0.76548,0.76548,0.76012,0.76197,110503.763698,1758398399999
1758398400000,0.76396,0.77031,0.76396,0.76571,78948.763687,1758405599999
1758405600000,0.76622,0.76719,0.76352,0.76618,63889.393312,1758412799999
1758412800000,0.76601,0.76951,0.76392,0.76628,72811.922483,1758419999999
1758420000000,0.76653,0.77085,0.76436,0.76949,60086.109447,1758427199999
1758427200000,0.77035,0.7705,0.76555,0.76964,59295.540407,1758434399999
1758434400000,0.77036,0.77285,0.76666,0.76918,74531.666408,1758441599999
1758441600000,0.76938,0.77071,0.75234,0.76003,129792.907884,1758448799999
1758448800000,0.75985,0.7639,0.75561,0.76201,76444.468882,1758455999999
1758456000000,0.76315,0.77908,0.76311,0.77275,75540.786728,1758463199999
1758463200000,0.77204,0.77204,0.76088,0.76118,37949.214505,1758470399999
1758470400000,0.76212,0.76257,0.75079,0.76204,95043.093039,1758477599999
1758477600000,0.76217,0.76437,0.75475,0.75784,95238.027913,1758484799999
1758484800000,0.75636,0.75797,0.7506,0.75318,74862.155225,1758491999999
1758492000000,0.7514,0.7551,0.74448,0.74754,93554.542312,1758499199999
1758499200000,0.74597,0.75077,0.72466,0.72895,299995.840797,1758506399999
1758506400000,0.72871,0.72943,0.7134,0.71635,96328.622131,1758513599999
1758513600000,0.716,0.72104,0.69583,0.69583,446703.689544,1758520799999
1758520800000,0.69637,0.69813,0.66074,0.67887,1084207.528263,1758527999999
1758528000000,0.67916,0.68153,0.66852,0.67176,214277.85029,1758535199999
1758535200000,0.67173,0.67731,0.66845,0.67291,121802.002329,1758542399999
1758542400000,0.67265,0.68291,0.66992,0.6829,111220.365906,1758549599999
1758549600000,0.68396,0.68427,0.66518,0.66787,144892.471655,1758556799999
1758556800000,0.66772,0.67396,0.66426,0.66941,356853.65437,1758563999999
1758564000000,0.66935,0.67067,0.66039,0.66173,166071.367777,1758571199999
1758571200000,0.66236,0.67442,0.66141,0.67267,222738.249684,1758578399999
1758578400000,0.67245,0.67506,0.66996,0.67487,93217.61305,1758585599999
1758585600000,0.67465,0.67949,0.66096,0.66203,202856.260794,1758592799999
1758592800000,0.66362,0.67237,0.65367,0.66996,126560.301654,1758599999999
1758600000000,0.66912,0.67475,0.66312,0.67108,109402.012975,1758607199999
1758607200000,0.67116,0.68523,0.67116,0.67823,190805.06387,1758614399999
1758614400000,0.67769,0.68135,0.67198,0.67468,112082.59088,1758621599999
1758621600000,0.67369,0.67785,0.67255,0.67671,158892.683831,1758628799999
1758628800000,0.67637,0.68009,0.67545,0.67657,106360.83525,1758635999999
1758636000000,0.67669,0.68337,0.66965,0.67362,204012.010399,1758643199999
1758643200000,0.67433,0.68086,0.66544,0.66544,141750.831558,1758650399999
1758650400000,0.66702,0.66918,0.66068,0.66219,112843.57698,1758657599999
1758657600000,0.66264,0.67192,0.66,0.66931,87851.653625,1758664799999
1758664800000,0.66889,0.66889,0.66181,0.66267,61141.30867,1758671999999
1758672000000,0.66281,0.67297,0.66273,0.67251,73517.765559,1758679199999
1758679200000,0.67299,0.67314,0.647,0.65558,157747.800754,1758686399999
1758686400000,0.6523,0.67515,0.64593,0.67358,83767.423147,1758693599999
1758693600000,0.67387,0.67862,0.67265,0.67823,56160.735287,1758700799999
1758700800000,0.67969,0.68151,0.67513,0.67958,159139.691271,1758707999999
1758708000000,0.68004,0.68555,0.67901,0.68355,141878.961834,1758715199999
1758715200000,0.68376,0.68582,0.67775,0.67775,123414.612328,1758722399999
1758722400000,0.67905,0.69045,0.67874,0.68041,173035.224266,1758729599999
1758729600000,0.6797,0.68303,0.67789,0.68025,82695.593778,1758736799999
1758736800000,0.6805,0.68119,0.67506,0.67824,95654.33975,1758743999999
1758744000000,0.6779,0.6789,0.66842,0.66862,143513.879971,1758751199999
1758751200000,0.67183,0.67268,0.66901,0.6713,93451.152782,1758758399999
1758758400000,0.67194,0.67328,0.66125,0.66256,86536.060099,1758765599999
1758765600000,0.6637,0.66817,0.65268,0.65988,150145.03264,1758772799999
1758772800000,0.65956,0.66287,0.64478,0.65464,147238.243115,1758779999999
1758780000000,0.65491,0.65593,0.6464,0.65276,180271.132363,1758787199999
1758787200000,0.65294,0.65686,0.64768,0.64768,121506.39035,1758794399999
1758794400000,0.647,0.65236,0.642,0.64372,98141.60261,1758801599999
1758801600000,0.64702,0.64994,0.63144,0.6467,252235.955722,1758808799999
1758808800000,0.64817,0.65822,0.64665,0.65096,150014.843979,1758815999999
1758816000000,0.65077,0.65097,0.6176,0.62128,213381.943448,1758823199999
1758823200000,0.62121,0.64411,0.61877,0.63508,190794.701367,1758830399999
1758830400000,0.63497,0.63549,0.62381,0.63073,288505.316764,1758837599999
1758837600000,0.6313,0.63483,0.6195,0.62537,187413.349938,1758844799999
1758844800000,0.6262,0.63684,0.62593,0.63346,108910.272068,1758851999999
1758852000000,0.63349,0.63636,0.63078,0.63537,109724.647356,1758859199999
1758859200000,0.6351,0.63634,0.62853,0.63051,131122.840102,1758866399999
1758866400000,0.62965,0.63483,0.62583,0.62787,101122.679352,1758873599999
1758873600000,0.6315,0.63229,0.62351,0.62584,138508.631537,1758880799999
1758880800000,0.62612,0.62834,0.618,0.62598,165961.393005,1758887999999
1758888000000,0.62417,0.63706,0.61743,0.63669,168300.007338,1758895199999
1758895200000,0.63669,0.63696,0.62668,0.63233,221260.974576,1758902399999
1758902400000,0.63358,0.6475,0.63356,0.64559,93138.747425,1758909599999
1758909600000,0.64783,0.64964,0.63791,0.63971,172636.405332,1758916799999
1758916800000,0.64019,0.64467,0.63847,0.64349,231047.312065,1758923999999
1758924000000,0.64351,0.64559,0.64205,0.64462,99031.831208,1758931199999
1758931200000,0.64459,0.64484,0.6403,0.64178,82261.810593,1758938399999
1758938400000,0.64154,0.64522,0.64021,0.64224,115379.519666,1758945599999
1758945600000,0.64202,0.6432,0.63954,0.64179,96996.071208,1758952799999
1758952800000,0.64126,0.6418,0.63737,0.63739,99487.873324,1758959999999
1758960000000,0.63659,0.6372,0.63076,0.6357,104857.06002,1758967199999
1758967200000,0.63594,0.63775,0.63414,0.63533,81121.297411,1758974399999
1758974400000,0.63515,0.63878,0.63379,0.63609,91669.788718,1758981599999
1758981600000,0.63629,0.63839,0.63,0.63839,102974.467134,1758988799999
1758988800000,0.64017,0.64034,0.6286,0.6321,126854.276274,1758995999999
1758996000000,0.63186,0.63225,0.62798,0.6304,184407.037436,1759003199999
1759003200000,0.63037,0.63436,0.62922,0.63436,115510.920698,1759010399999
1759010400000,0.63375,0.63749,0.62912,0.62978,96753.77605,1759017599999
1759017600000,0.62982,0.62982,0.628,0.628,2295.300381,1759024799999
1759032000000,0.62723,0.62743,0.6236,0.62441,37625.912587,1759039199999
1759039200000,0.6237,0.62444,0.61927,0.62193,110102.97726,1759046399999
1759046400000,0.62191,0.62297,0.61505,0.6153,165239.89782,1759053599999
1759053600000,0.615,0.61727,0.61205,0.6147,198643.971799,1759060799999
1759060800000,0.61468,0.62126,0.60724,0.62024,160026.276549,1759067999999
1759068000000,0.62021,0.62184,0.61735,0.62139,97214.229245,1759075199999
1759075200000,0.62204,0.62811,0.61849,0.62508,81984.624157,1759082399999
1759082400000,0.62552,0.62822,0.62408,0.62584,66876.718416,1759089599999
1759089600000,0.62597,0.6309,0.62567,0.62788,161410.821884,1759096799999
1759096800000,0.62917,0.64052,0.62871,0.63827,161279.185487,1759103999999
1759104000000,0.63682,0.63682,0.62881,0.62889,80746.638436,1759111199999
1759111200000,0.62867,0.63444,0.62751,0.63055,99193.329034,1759118399999
1759118400000,0.63106,0.63116,0.62286,0.62469,305856.46244,1759125599999
1759125600000,0.62438,0.62438,0.61606,0.61962,208990.656412,1759132799999
1759132800000,0.6196,0.62068,0.61068,0.61131,231467.708719,1759139999999
1759140000000,0.61161,0.61422,0.6005,0.6009,302191.721417,1759147199999
1759147200000,0.60009,0.61158,0.59351,0.60957,287088.253245,1759154399999
1759154400000,0.60894,0.62668,0.60857,0.61124,113496.364205,1759161599999
1759161600000,0.61391,0.61645,0.60414,0.61645,119196.160907,1759168799999
1759168800000,0.61592,0.61861,0.61204,0.61789,130976.909112,1759175999999
1759176000000,0.6191,0.629,0.61799,0.62628,165321.745149,1759183199999
1759183200000,0.62636,0.62636,0.62055,0.62152,93275.632491,1759190399999
1759190400000,0.62124,0.62304,0.60948,0.61436,392552.867199,1759197599999
1759197600000,0.61404,0.61767,0.61206,0.61279,126364.816152,1759204799999
1759204800000,0.61362,0.62158,0.61323,0.61745,100841.580265,1759211999999
1759212000000,0.61644,0.62004,0.61091,0.61113,107534.16572,1759219199999
1759219200000,0.61084,0.61094,0.60505,0.60606,150605.449385,1759226399999
1759226400000,0.60662,0.6073,0.60071,0.60556,126811.378158,1759233599999
1759233600000,0.60447,0.60511,0.59791,0.5989,113178.698859,1759240799999
1759240800000,0.59927,0.60127,0.58755,0.59608,249395.743897,1759247999999
1759248000000,0.59526,0.59974,0.59213,0.59743,225289.680601,1759255199999
1759255200000,0.59648,0.6128,0.59628,0.6116,237126.782324,1759262399999
1759262400000,0.61381,0.62048,0.61185,0.61564,105215.812137,1759269599999
1759269600000,0.61635,0.62054,0.61216,0.62054,139379.982198,1759276799999
1759276800000,0.62178,0.62244,0.61471,0.62097,115836.976951,1759283999999
1759284000000,0.62214,0.62288,0.61424,0.61441,113812.445736,1759291199999
1759291200000,0.61598,0.61856,0.61359,0.61546,95545.297222,1759298399999
1759298400000,0.61509,0.61562,0.60566,0.60975,160376.997482,1759305599999
1759305600000,0.60864,0.64259,0.60864,0.64075,333017.682234,1759312799999
1759312800000,0.64095,0.64127,0.63052,0.63558,230258.364186,1759319999999
1759320000000,0.63567,0.63567,0.62993,0.63346,179955.752114,1759327199999
1759327200000,0.63426,0.6447,0.63301,0.64432,485061.018581,1759334399999
1759334400000,0.6445,0.64627,0.63703,0.63774,213665.319937,1759341599999
1759341600000,0.63926,0.65411,0.63805,0.65078,210923.29546,1759348799999
1759348800000,0.6517,0.65192,0.64539,0.64695,139372.398722,1759355999999
1759356000000,0.64886,0.65218,0.64566,0.65218,90182.603223,1759363199999
1759363200000,0.65177,0.66553,0.65147,0.66553,120243.160385,1759370399999
1759370400000,0.66594,0.67093,0.65936,0.66809,78480.868123,1759377599999
1759377600000,0.66762,0.6725,0.66423,0.67035,69938.123876,1759384799999
1759384800000,0.66923,0.67361,0.66339,0.66379,216218.545059,1759391999999
1759392000000,0.66501,0.66521,0.65925,0.66152,95797.150861,1759399199999
1759399200000,0.66163,0.66552,0.65842,0.66066,130384.808848,1759406399999
1759406400000,0.66098,0.6653,0.65495,0.66042,200798.867618,1759413599999
1759413600000,0.65842,0.66453,0.64608,0.66453,162835.35939,1759420799999
1759420800000,0.66366,0.67074,0.66131,0.66863,82652.938715,1759427999999
1759428000000,0.66864,0.68,0.66816,0.67828,151376.789321,1759435199999
1759435200000,0.67721,0.68098,0.67302,0.6769,50843.827472,1759442399999
1759442400000,0.67673,0.67705,0.6694,0.67205,56023.275774,1759449599999
1759449600000,0.66725,0.66804,0.65739,0.65739,159422.474929,1759456799999
1759456800000,0.6575,0.66562,0.65704,0.65772,73789.503796,1759463999999
1759464000000,0.65778,0.66338,0.65521,0.6576,70496.95867,1759471199999
1759471200000,0.65801,0.66007,0.65178,0.65772,150714.021076,1759478399999
1759478400000,0.65715,0.66326,0.65246,0.66052,137812.373243,1759485599999
1759485600000,0.65907,0.66052,0.65273,0.65431,126055.50106,1759492799999
1759492800000,0.65412,0.6589,0.64922,0.65378,86239.10541,1759499999999
1759500000000,0.65314,0.66992,0.64622,0.66902,343068.342796,1759507199999
1759507200000,0.66943,0.68088,0.64776,0.65003,503161.293258,1759514399999
1759514400000,0.65047,0.67277,0.64616,0.66903,276946.792389,1759521599999
1759521600000,0.66848,0.67496,0.66464,0.67,196072.760522,1759528799999
1759528800000,0.67144,0.67849,0.66875,0.66908,156737.737718,1759535999999
1759536000000,0.66999,0.67569,0.65905,0.66084,174762.40451,1759543199999
1759543200000,0.66053,0.66401,0.6545,0.66124,123288.333901,1759550399999
1759550400000,0.66182,0.66697,0.65916,0.6649,41282.961927,1759557599999
1759557600000,0.67132,0.68152,0.66916,0.67151,128596.363768,1759564799999
1759564800000,0.67216,0.67463,0.65535,0.65568,145549.081512,1759571999999
1759572000000,0.65502,0.65928,0.65031,0.65252,145226.543519,1759579199999
1759579200000,0.65293,0.65571,0.64686,0.6503,136927.89213,1759586399999
1759586400000,0.64962,0.65452,0.63247,0.63451,234882.37886,1759593599999
1759593600000,0.63441,0.64199,0.629,0.63845,132615.145989,1759600799999
1759600800000,0.64005,0.64175,0.63728,0.6388,57935.720548,1759607999999
1759608000000,0.64011,0.64352,0.63918,0.64074,104366.980389,1759615199999
1759615200000,0.64069,0.64239,0.63906,0.64142,91899.029211,1759622399999
1759622400000,0.6411,0.64124,0.63364,0.6382,413937.389462,1759629599999
1759629600000,0.63789,0.6599,0.63625,0.65383,161421.889519,1759636799999
1759636800000,0.65478,0.66361,0.65147,0.66343,140260.184728,1759643999999
1759644000000,0.66358,0.67547,0.65978,0.67476,162052.384333,1759651199999
1759651200000,0.67557,0.68309,0.66928,0.67043,155553.725948,1759658399999
1759658400000,0.66979,0.67292,0.65796,0.66422,266876.593685,1759665599999
1759665600000,0.66277,0.6697,0.65914,0.66622,133282.231804,1759672799999
1759672800000,0.66597,0.67274,0.65735,0.67053,113115.769015,1759679999999
1759680000000,0.67063,0.67063,0.65693,0.65841,222957.591063,1759687199999
1759687200000,0.65894,0.66139,0.64876,0.64931,102934.169854,1759694399999
1759694400000,0.64935,0.65346,0.64834,0.65131,131827.042899,1759701599999
1759701600000,0.65242,0.65506,0.64784,0.64838,127602.509384,1759708799999
1759708800000,0.64831,0.65477,0.64005,0.64957,147406.660599,1759715999999
1759716000000,0.65115,0.65364,0.64238,0.64962,69100.45433,1759723199999
1759723200000,0.64878,0.64971,0.64294,0.64716,90471.103671,1759730399999
1759730400000,0.64876,0.6595,0.64744,0.65097,184796.152429,1759737599999
1759737600000,0.65187,0.66771,0.65187,0.66217,175568.610623,1759744799999
1759744800000,0.66281,0.66679,0.6605,0.66304,184818.416627,1759751999999
1759752000000,0.66305,0.67682,0.66287,0.67591,208175.848699,1759759199999
1759759200000,0.67715,0.68647,0.67175,0.68584,171910.663306,1759766399999
1759766400000,0.68552,0.69372,0.67865,0.68817,179251.329264,1759773599999
1759773600000,0.68817,0.69069,0.68269,0.68591,167049.279047,1759780799999
1759780800000,0.68693,0.68879,0.6801,0.68445,127933.313702,1759787999999
1759788000000,0.68495,0.68822,0.68302,0.68373,39047.582239,1759795199999
1759795200000,0.68456,0.68883,0.68155,0.68312,25990.208819,1759802399999
1759802400000,0.68423,0.68684,0.68219,0.68534,28596.797462,1759809599999
1759809600000,0.68477,0.69055,0.68014,0.68256,52835.562095,1759816799999
1759816800000,0.6829,0.68481,0.6681,0.67047,134297.341128,1759823999999
1759824000000,0.6702,0.6702,0.65464,0.66423,262327.954726,1759831199999
1759831200000,0.66394,0.67971,0.66305,0.67971,63459.183666,1759838399999
1759838400000,0.67902,0.681,0.66427,0.66794,135805.034589,1759845599999
1759845600000,0.66553,0.66553,0.63658,0.64181,328028.363543,1759852799999
1759852800000,0.64077,0.65302,0.63545,0.6421,134644.179979,1759859999999
1759860000000,0.64211,0.64332,0.63464,0.63592,413635.024181,1759867199999
1759867200000,0.63567,0.64419,0.63323,0.63433,175154.924821,1759874399999
1759874400000,0.63386,0.63878,0.629,0.63125,202780.95709,1759881599999
1759881600000,0.63267,0.6399,0.63136,0.63969,88850.026815,1759888799999
1759888800000,0.63837,0.64087,0.62462,0.62535,98524.549904,1759895999999
1759896000000,0.62497,0.63033,0.62088,0.62436,92300.108056,1759903199999
1759903200000,0.6243,0.62777,0.62178,0.62698,155696.55288,1759910399999
1759910400000,0.62709,0.63706,0.62709,0.62989,263525.851863,1759917599999
1759917600000,0.63109,0.63492,0.62556,0.62612,107751.102488,1759924799999
1759924800000,0.62597,0.63063,0.6225,0.62836,147304.530228,1759931999999
1759932000000,0.63071,0.63701,0.61962,0.62561,157897.132203,1759939199999
1759939200000,0.62565,0.64743,0.6243,0.64416,433885.309256,1759946399999
1759946400000,0.64531,0.64531,0.63473,0.63981,167001.654808,1759953599999
1759953600000,0.63889,0.6416,0.63581,0.63784,111040.42782,1759960799999
1759960800000,0.63815,0.64367,0.63656,0.64097,115067.509372,1759967999999
1759968000000,0.64021,0.64179,0.63145,0.6381,95609.860539,1759975199999
1759975200000,0.63819,0.6383,0.617,0.62557,228940.123643,1759982399999
1759982400000,0.625,0.63469,0.62442,0.62829,115956.699255,1759989599999
1759989600000,0.62751,0.6291,0.61993,0.62163,132293.719242,1759996799999
1759996800000,0.62009,0.62151,0.60623,0.60905,200008.243772,1760003999999
1760004000000,0.60939,0.61215,0.60706,0.60908,141348.941129,1760011199999
1760011200000,0.60938,0.61709,0.6018,0.60206,300071.841869,1760018399999
1760018400000,0.60135,0.60805,0.5957,0.60316,291119.239591,1760025599999
1760025600000,0.60229,0.60976,0.59576,0.60967,218337.44787,1760032799999
1760032800000,0.60961,0.61066,0.60517,0.60881,319013.927631,1760039999999
1760040000000,0.6095,0.61231,0.60762,0.60998,229951.791412,1760047199999
1760047200000,0.60912,0.615,0.60912,0.61082,135896.160002,1760054399999
1760054400000,0.61125,0.62205,0.61125,0.61921,182796.578612,1760061599999
1760061600000,0.62034,0.62957,0.61041,0.62472,156737.504785,1760068799999
1760068800000,0.62628,0.62968,0.6177,0.62967,131589.326659,1760075999999
1760076000000,0.62999,0.63186,0.6158,0.61623,128551.037243,1760083199999
1760083200000,0.61606,0.62723,0.61367,0.62082,172931.636752,1760090399999
1760090400000,0.62058,0.62888,0.62057,0.62888,98682.03794,1760097599999
1760097600000,0.62875,0.64231,0.6265,0.63714,290488.356298,1760104799999
1760104800000,0.63803,0.64098,0.58399,0.58717,697984.042426,1760111999999
1760112000000,0.58571,0.59359,0.57106,0.57586,308767.687906,1760119199999
1760119200000,0.57541,0.58047,0.56209,0.56909,262498.586488,1760126399999
1760126400000,0.56995,0.576,0.12686,0.46532,4474003.036157,1760133599999
1760133600000,0.46206,0.48886,0.3841,0.41098,749160.10814,1760140799999
1760140800000,0.405,0.43889,0.39933,0.41072,482417.126022,1760147999999
1760148000000,0.41035,0.43983,0.41033,0.42699,118090.062121,1760155199999
1760155200000,0.427,0.43308,0.41742,0.42507,164401.861348,1760162399999
1760162400000,0.42518,0.44078,0.42246,0.43298,380760.354299,1760169599999
1760169600000,0.43069,0.46878,0.43056,0.44859,408102.53344,1760176799999
1760176800000,0.44859,0.46058,0.4411,0.44672,100560.24024,1760183999999
1760184000000,0.44585,0.44786,0.43194,0.44412,123679.381193,1760191199999
1760191200000,0.44402,0.45383,0.43461,0.44665,253373.021794,1760198399999
1760198400000,0.44752,0.45151,0.44182,0.44677,226339.044497,1760205599999
1760205600000,0.44677,0.4471,0.41582,0.42099,544783.58473,1760212799999
1760212800000,0.42061,0.42249,0.40062,0.41616,774051.012098,1760219999999
1760220000000,0.41617,0.42115,0.41447,0.42021,398764.995881,1760227199999
1760227200000,0.42042,0.42359,0.40782,0.40847,431577.787614,1760234399999
1760234400000,0.40833,0.42187,0.40426,0.41356,192323.192073,1760241599999
1760241600000,0.41313,0.42366,0.4127,0.42059,476628.186708,1760248799999
1760248800000,0.4203,0.42647,0.41984,0.42377,251586.209372,1760255999999
1760256000000,0.42306,0.4258,0.41149,0.41963,430842.126298,1760263199999
1760263200000,0.41919,0.42101,0.41518,0.41716,86885.077968,1760270399999
1760270400000,0.41673,0.42787,0.41615,0.41701,275337.263888,1760277599999
1760277600000,0.4172,0.47265,0.4169,0.47023,700906.009166,1760284799999
1760284800000,0.47014,0.50723,0.47001,0.49057,598266.121225,1760291999999
1760292000000,0.49146,0.49483,0.48357,0.4945,259157.778494,1760299199999
1760299200000,0.49384,0.49774,0.4769,0.48397,564774.576484,1760306399999
1760306400000,0.48486,0.48976,0.47385,0.47743,151630.359687,1760313599999
1760313600000,0.47714,0.48,0.46381,0.47248,160920.88606,1760320799999
1760320800000,0.47318,0.47651,0.46693,0.47323,157176.853627,1760327999999
1760328000000,0.47372,0.47844,0.47106,0.4743,532815.314759,1760335199999
1760335200000,0.47422,0.49442,0.47241,0.48291,197623.845478,1760342399999
1760342400000,0.48313,0.49105,0.48203,0.489,195011.348819,1760349599999
1760349600000,0.48922,0.49109,0.46942,0.48675,361944.991057,1760356799999
1760356800000,0.48583,0.50495,0.48132,0.49775,314751.936622,1760363999999
1760364000000,0.49683,0.50094,0.48124,0.49905,279718.560665,1760371199999
1760371200000,0.49847,0.5147,0.49489,0.51437,367193.14075,1760378399999
1760378400000,0.514,0.51769,0.5061,0.5149,296492.557622,1760385599999
1760385600000,0.5158,0.53499,0.51409,0.52147,383523.240289,1760392799999
1760392800000,0.52129,0.52852,0.5191,0.52402,159062.307202,1760399999999
1760400000000,0.52435,0.52888,0.52133,0.52549,129827.906799,1760407199999
1760407200000,0.52441,0.5253,0.50768,0.50768,199233.901296,1760414399999
1760414400000,0.50855,0.50977,0.4919,0.49337,191587.110488,1760421599999
1760421600000,0.49338,0.49591,0.46658,0.47402,545048.338206,1760428799999
1760428800000,0.47317,0.481,0.47,0.47673,265173.517593,1760435999999
1760436000000,0.47621,0.47628,0.46157,0.47328,346064.35287,1760443199999
1760443200000,0.47312,0.47589,0.45722,0.47395,328696.187322,1760450399999
1760450400000,0.47347,0.49752,0.47283,0.49474,130798.161656,1760457599999
1760457600000,0.49475,0.50752,0.48871,0.49917,420640.654666,1760464799999
1760464800000,0.49928,0.50611,0.48832,0.49693,440589.937307,1760471999999
1760472000000,0.49677,0.50374,0.49159,0.50335,206243.683512,1760479199999
1760479200000,0.50359,0.50607,0.49956,0.50247,270002.260711,1760486399999
1760486400000,0.50321,0.50335,0.49358,0.49641,194223.032126,1760493599999
1760493600000,0.49674,0.50487,0.49368,0.49494,314038.827253,1760500799999
1760500800000,0.49542,0.51264,0.49347,0.50508,397822.606473,1760507999999
1760508000000,0.50521,0.51179,0.49938,0.50685,400203.260489,1760515199999
1760515200000,0.50595,0.51404,0.49653,0.49686,332815.884672,1760522399999
1760522400000,0.49658,0.50126,0.48945,0.492,374911.23826,1760529599999
1760529600000,0.4916,0.49281,0.46528,0.47453,365788.046358,1760536799999
1760536800000,0.47536,0.48355,0.46624,0.47127,439002.239402,1760543999999
1760544000000,0.4713,0.47607,0.46762,0.47454,417900.725047,1760551199999
1760551200000,0.47458,0.47494,0.46657,0.46764,387427.026716,1760558399999
1760558400000,0.46835,0.47215,0.46065,0.46315,411751.512578,1760565599999
1760565600000,0.46311,0.46765,0.46249,0.46527,336694.750367,1760572799999
1760572800000,0.46682,0.47045,0.46486,0.46741,324199.130501,1760579999999
1760580000000,0.46737,0.47333,0.46616,0.46781,397110.089095,1760587199999
1760587200000,0.46763,0.47232,0.46604,0.46864,334477.213997,1760594399999
1760594400000,0.46862,0.47773,0.46735,0.47174,321968.708037,1760601599999
1760601600000,0.47157,0.47813,0.449,0.47474,772342.722762,1760608799999
1760608800000,0.47478,0.48172,0.47443,0.47737,266196.966656,1760615999999
1760616000000,0.47742,0.48172,0.466,0.4676,250441.303882,1760623199999
1760623200000,0.46778,0.47082,0.44646,0.44961,298680.187545,1760630399999
1760630400000,0.44875,0.46205,0.44127,0.45135,312814.705771,1760637599999
1760637600000,0.45194,0.45371,0.44,0.44588,370579.801299,1760644799999
1760644800000,0.44596,0.4478,0.43821,0.44672,223633.525921,1760651999999
1760652000000,0.44676,0.45008,0.44111,0.44799,318701.432389,1760659199999
1760659200000,0.44769,0.45982,0.4471,0.45758,265593.175705,1760666399999
1760666400000,0.45805,0.45814,0.45085,0.45238,293309.39413,1760673599999
1760673600000,0.45206,0.45319,0.44514,0.44632,281625.640462,1760680799999
1760680800000,0.44634,0.44918,0.41435,0.41481,397363.566077,1760687999999
1760688000000,0.41566,0.42558,0.40363,0.41568,662706.781515,1760695199999
1760695200000,0.41551,0.43342,0.40874,0.42849,364695.57724,1760702399999
1760702400000,0.4282,0.43579,0.42357,0.43222,231258.287372,1760709599999
1760709600000,0.43222,0.43385,0.42233,0.4338,249447.681395,1760716799999
1760716800000,0.43384,0.44238,0.4269,0.43137,382635.45463,1760723999999
1760724000000,0.43138,0.43558,0.42727,0.43136,349495.464533,1760731199999
1760731200000,0.43114,0.44211,0.43004,0.44003,432463.411445,1760738399999
1760738400000,0.4398,0.44069,0.43289,0.43509,441577.39689,1760745599999
1760745600000,0.43509,0.44706,0.43509,0.44656,341946.909303,1760752799999
1760752800000,0.44667,0.44852,0.44342,0.44557,284312.366721,1760759999999
1760760000000,0.44597,0.44597,0.44141,0.44389,124529.559136,1760767199999
1760767200000,0.44395,0.45013,0.43972,0.44035,366303.733362,1760774399999
1760774400000,0.44074,0.44627,0.44074,0.44453,428516.828717,1760781599999
1760781600000,0.44452,0.44883,0.44353,0.44675,409551.391762,1760788799999
1760788800000,0.44675,0.44931,0.43941,0.44,467158.991184,1760795999999
1760796000000,0.43977,0.44413,0.43772,0.44158,393461.924935,1760803199999
1760803200000,0.4416,0.44697,0.43616,0.44697,370904.289196,1760810399999
1760810400000,0.44698,0.44784,0.44351,0.4454,409978.075407,1760817599999
1760817600000,0.44568,0.44864,0.44289,0.44559,343752.543847,1760824799999
1760824800000,0.44583,0.44635,0.44314,0.44349,325310.516605,1760831999999
1760832000000,0.44342,0.44388,0.43903,0.44272,289873.214584,1760839199999
1760839200000,0.44232,0.4479,0.44116,0.44657,263042.250983,1760846399999
1760846400000,0.44676,0.44686,0.44152,0.44262,218092.858211,1760853599999
1760853600000,0.44257,0.44366,0.439,0.44265,300926.152452,1760860799999
1760860800000,0.44326,0.4528,0.43601,0.44655,421184.714608,1760867999999
1760868000000,0.44832,0.4565,0.44502,0.45084,228976.39173,1760875199999
1760875200000,0.45084,0.45987,0.4456,0.45728,320746.626946,1760882399999
1760882400000,0.45777,0.46043,0.45443,0.4577,318635.22914,1760889599999
1760889600000,0.45761,0.46608,0.45635,0.45688,393695.56956,1760896799999
1760896800000,0.45736,0.46311,0.45736,0.46081,239634.255946,1760903999999
1760904000000,0.46099,0.46318,0.45606,0.45835,291311.911326,1760911199999
1760911200000,0.45926,0.46273,0.45497,0.45626,396426.698955,1760918399999
1760918400000,0.45596,0.45612,0.44495,0.45012,410447.75515,1760925599999
1760925600000,0.45011,0.471,0.44734,0.47012,256143.098994,1760932799999
1760932800000,0.47172,0.47182,0.46473,0.47132,173536.369338,1760939999999
1760940000000,0.47086,0.47732,0.47032,0.47434,222368.861302,1760947199999
1760947200000,0.4737,0.47601,0.46896,0.47258,247090.670582,1760954399999
1760954400000,0.47338,0.48129,0.4705,0.47269,381710.188827,1760961599999
1760961600000,0.47256,0.47651,0.47174,0.47584,236157.051762,1760968799999
1760968800000,0.4761,0.4805,0.47178,0.47178,315541.548625,1760975999999
1760976000000,0.47113,0.47155,0.46163,0.46707,293194.684752,1760983199999
1760983200000,0.4672,0.47185,0.46433,0.46983,658615.460211,1760990399999
1760990400000,0.46908,0.4734,0.46629,0.46707,427894.012608,1760997599999
1760997600000,0.46716,0.46947,0.46486,0.46489,316142.072604,1761004799999
1761004800000,0.46468,0.46671,0.4603,0.46213,275698.487315,1761011999999
1761012000000,0.46204,0.46228,0.45314,0.45398,533292.789049,1761019199999
1761019200000,0.45347,0.45387,0.44425,0.44599,486846.243227,1761026399999
1761026400000,0.44611,0.44968,0.44481,0.44923,449060.863095,1761033599999
1761033600000,0.44832,0.44869,0.44373,0.44645,342475.629888,1761040799999
1761040800000,0.44659,0.45358,0.44646,0.44942,399022.128019,1761047999999
1761048000000,0.44948,0.45809,0.44893,0.45245,318181.939529,1761055199999
1761055200000,0.45326,0.49707,0.4531,0.48842,759253.795921,1761062399999
1761062400000,0.48854,0.50241,0.48503,0.49056,692735.396207,1761069599999
1761069600000,0.49181,0.49284,0.48578,0.48789,328260.432608,1761076799999
1761076800000,0.48846,0.48849,0.46907,0.4751,789710.136401,1761083999999
1761084000000,0.47594,0.47594,0.45174,0.45389,208915.606051,1761091199999
1761091200000,0.45384,0.4589,0.45133,0.45462,217785.430819,1761098399999
1761098400000,0.45505,0.45616,0.445,0.44803,299204.370185,1761105599999
1761105600000,0.44853,0.45176,0.43882,0.44311,383463.26159,1761112799999
1761112800000,0.44298,0.44382,0.43862,0.44319,351816.21171,1761119999999
1761120000000,0.44196,0.44277,0.43598,0.437,388928.4181,1761127199999
1761127200000,0.4373,0.44223,0.43221,0.44025,475978.822758,1761134399999
1761134400000,0.4397,0.44601,0.43777,0.44531,432714.543711,1761141599999
1761141600000,0.44431,0.44458,0.43104,0.43801,650841.14526,1761148799999
1761148800000,0.43762,0.43931,0.42721,0.42987,494369.980742,1761155999999
1761156000000,0.42953,0.43395,0.42109,0.42642,864574.734107,1761163199999
1761163200000,0.4264,0.42813,0.40829,0.41345,1109841.308969,1761170399999
1761170400000,0.41358,0.42437,0.41029,0.42334,568123.508009,1761177599999
1761177600000,0.42331,0.43106,0.42174,0.42782,459179.286161,1761184799999
1761184800000,0.42797,0.43498,0.42772,0.43462,451727.847548,1761191999999
1761192000000,0.43419,0.44401,0.43331,0.43766,551509.443985,1761199199999
1761199200000,0.43729,0.44182,0.4362,0.43984,383007.253517,1761206399999
1761206400000,0.43984,0.44297,0.43905,0.44191,283025.614735,1761213599999
1761213600000,0.44232,0.44364,0.43419,0.43523,485871.229073,1761220799999
1761220800000,0.43502,0.44222,0.43,0.44021,512012.89287,1761227999999
1761228000000,0.44048,0.44709,0.43444,0.44478,857459.933048,1761235199999
1761235200000,0.44527,0.45741,0.44195,0.45621,474545.350249,1761242399999
1761242400000,0.45684,0.45748,0.44854,0.45317,465875.555882,1761249599999
1761249600000,0.45292,0.45486,0.44579,0.44785,461406.15648,1761256799999
1761256800000,0.44793,0.45367,0.44791,0.45212,353021.582563,1761263999999
1761264000000,0.45285,0.45746,0.45136,0.45484,307998.926344,1761271199999
1761271200000,0.45485,0.45532,0.45021,0.4517,398685.253202,1761278399999
1761278400000,0.45172,0.46192,0.45041,0.45991,234111.428906,1761285599999
1761285600000,0.45988,0.46248,0.45607,0.45998,309648.074468,1761292799999
1761292800000,0.46005,0.4663,0.45819,0.46127,294946.596268,1761299999999
1761300000000,0.461,0.46215,0.45494,0.46214,298794.816875,1761307199999
1761307200000,0.46234,0.473,0.458,0.46299,385942.208836,1761314399999
1761314400000,0.46355,0.46355,0.45359,0.45581,412115.547091,1761321599999
1761321600000,0.45668,0.4609,0.45277,0.4566,456282.237284,1761328799999
1761328800000,0.45618,0.46626,0.45618,0.46346,435999.084426,1761335999999
1761336000000,0.46294,0.47147,0.46282,0.46913,570146.750833,1761343199999
1761343200000,0.46925,0.47194,0.46719,0.46898,564570.634099,1761350399999
1761350400000,0.46921,0.46921,0.46542,0.46766,551820.8652,1761357599999
1761357600000,0.46762,0.46956,0.45971,0.45995,686675.68471,1761364799999
1761364800000,0.46008,0.46348,0.45937,0.46021,420726.654306,1761371999999
1761372000000,0.46046,0.46087,0.45716,0.45787,443165.06493,1761379199999
1761379200000,0.45759,0.46166,0.45759,0.45825,399334.732759,1761386399999
1761386400000,0.45812,0.45983,0.45642,0.45884,437111.350846,1761393599999
1761393600000,0.45911,0.46449,0.45899,0.46256,407426.425396,1761400799999
1761400800000,0.46249,0.46679,0.46183,0.46594,357160.553852,1761407999999
1761408000000,0.46609,0.46784,0.46494,0.46739,268268.573961,1761415199999
1761415200000,0.46748,0.4733,0.46716,0.4733,287054.075255,1761422399999
1761422400000,0.47355,0.47646,0.47202,0.4735,312938.140412,1761429599999
1761429600000,0.47321,0.4739,0.4696,0.47039,274845.090758,1761436799999
1761436800000,0.47027,0.47109,0.46359,0.46512,223500.39625,1761443999999
1761444000000,0.46472,0.46472,0.45718,0.45892,458365.456962,1761451199999
1761451200000,0.45888,0.46763,0.45888,0.46689,276904.267187,1761458399999
1761458400000,0.46755,0.46857,0.4647,0.46821,296200.866842,1761465599999
1761465600000,0.46848,0.47757,0.4683,0.4748,206394.050842,1761472799999
1761472800000,0.47506,0.484,0.47021,0.48218,359063.452371,1761479999999
1761480000000,0.4829,0.4837,0.47855,0.48122,418020.007907,1761487199999
1761487200000,0.48087,0.48271,0.47813,0.48089,261461.700405,1761494399999
1761494400000,0.48061,0.48061,0.4759,0.47755,209945.324152,1761501599999
1761501600000,0.47782,0.47907,0.47647,0.47756,208150.045009,1761508799999
1761508800000,0.47755,0.4814,0.47411,0.4806,283095.052903,1761515999999
1761516000000,0.48098,0.49243,0.48098,0.48816,297857.700948,1761523199999
1761523200000,0.4883,0.49373,0.48719,0.49298,219209.505282,1761530399999
1761530400000,0.49213,0.49336,0.48569,0.48706,147806.607886,1761537599999
1761537600000,0.48756,0.49693,0.48647,0.49304,221082.117152,1761544799999
1761544800000,0.49255,0.49255,0.48414,0.48825,220215.06759,1761551999999
1761552000000,0.48773,0.48793,0.47679,0.47835,243616.710991,1761559199999
1761559200000,0.4781,0.47995,0.47388,0.47842,221182.845419,1761566399999
1761566400000,0.47836,0.47929,0.47001,0.47614,208417.86914,1761573599999
1761573600000,0.47656,0.47716,0.47083,0.47467,264015.359037,1761580799999
1761580800000,0.47433,0.48816,0.47433,0.48564,480517.381643,1761587999999
1761588000000,0.4854,0.4882,0.47709,0.47787,393890.717419,1761595199999
1761595200000,0.4772,0.47904,0.47285,0.47638,358526.524856,1761602399999
1761602400000,0.47641,0.47977,0.47076,0.47357,332190.464081,1761609599999
1761609600000,0.47368,0.47762,0.4728,0.47515,386910.00557,1761616799999
1761616800000,0.47539,0.47593,0.46775,0.47016,544944.817906,1761623999999
1761624000000,0.47011,0.47332,0.46434,0.46581,221384.66252,1761631199999
1761631200000,0.46635,0.47763,0.46519,0.46991,371073.910173,1761638399999
1761638400000,0.47002,0.47573,0.46927,0.47189,327599.287265,1761645599999
1761645600000,0.47123,0.47683,0.46935,0.47081,336395.780347,1761652799999
1761652800000,0.47081,0.48345,0.46971,0.48121,335759.343376,1761659999999
1761660000000,0.48133,0.4835,0.46232,0.47352,533244.808235,1761667199999
1761667200000,0.47325,0.4801,0.47179,0.47553,222394.14932,1761674399999
1761674400000,0.47538,0.47859,0.46148,0.4635,448521.086417,1761681599999
1761681600000,0.46335,0.46364,0.4486,0.4556,584066.548337,1761688799999
1761688800000,0.4554,0.46225,0.45374,0.45745,295728.88333,1761695999999
1761696000000,0.45681,0.45973,0.45422,0.45715,281123.940808,1761703199999
1761703200000,0.45657,0.45688,0.45243,0.45279,284616.665402,1761710399999
1761710400000,0.45269,0.45584,0.45156,0.45433,290137.638578,1761717599999
1761717600000,0.45433,0.45732,0.45294,0.45629,286513.942437,1761724799999
1761724800000,0.45587,0.46114,0.45441,0.45615,592736.956011,1761731999999
1761732000000,0.45573,0.46589,0.45063,0.46499,462116.786298,1761739199999
1761739200000,0.46498,0.4749,0.46451,0.47077,251001.984229,1761746399999
1761746400000,0.47096,0.47263,0.4536,0.45563,374256.053173,1761753599999
1761753600000,0.4554,0.47402,0.45202,0.47402,435272.706241,1761760799999
1761760800000,0.47492,0.48692,0.44959,0.48208,1180729.421184,1761767999999
1761768000000,0.48246,0.49398,0.47787,0.48433,572471.148991,1761775199999
1761775200000,0.48442,0.48475,0.46185,0.46395,654053.79139,1761782399999
1761782400000,0.46357,0.46995,0.46044,0.46655,504431.338893,1761789599999
1761789600000,0.46655,0.4726,0.46401,0.46664,445428.917499,1761796799999
1761796800000,0.46559,0.46573,0.44363,0.45884,697785.416951,1761803999999
1761804000000,0.45862,0.4624,0.45066,0.45906,353847.474438,1761811199999
1761811200000,0.45905,0.46013,0.44685,0.44799,351628.740276,1761818399999
1761818400000,0.44779,0.44951,0.44379,0.44421,190899.611779,1761825599999
1761825600000,0.44411,0.4451,0.42854,0.42919,931817.176249,1761832799999
1761832800000,0.42966,0.43375,0.42214,0.42336,864791.963561,1761839999999
1761840000000,0.4231,0.42706,0.41206,0.41817,1079771.513006,1761847199999
1761847200000,0.41823,0.419,0.4091,0.41081,910709.76746,1761854399999
1761854400000,0.41099,0.423,0.4085,0.42258,409308.477739,1761861599999
1761861600000,0.42184,0.42636,0.42097,0.42631,279133.05845,1761868799999
1761868800000,0.42675,0.4358,0.42577,0.43251,554523.797203,1761875999999
1761876000000,0.4325,0.4325,0.42344,0.42761,616199.43547,1761883199999
1761883200000,0.42774,0.43616,0.42774,0.43249,301020.745694,1761890399999
1761890400000,0.43296,0.43391,0.4298,0.43314,465261.476893,1761897599999
1761897600000,0.43325,0.43464,0.42909,0.43286,508839.552644,1761904799999
1761904800000,0.4329,0.43912,0.42967,0.43912,743258.627773,1761911999999
1761912000000,0.43896,0.44191,0.43293,0.44081,415494.591542,1761919199999
1761919200000,0.44089,0.45053,0.43833,0.44609,567520.432652,1761926399999
1761926400000,0.44483,0.44551,0.43018,0.43451,632778.826589,1761933599999
1761933600000,0.43465,0.45081,0.43213,0.44908,827240.77686,1761940799999
1761940800000,0.44892,0.44996,0.44247,0.44456,461957.865176,1761947999999
1761948000000,0.44465,0.44866,0.44354,0.44569,555707.393683,1761955199999
1761955200000,0.44581,0.44835,0.44239,0.44291,464178.591059,1761962399999
1761962400000,0.44291,0.45073,0.43958,0.45002,366139.987943,1761969599999
1761969600000,0.45022,0.45094,0.44448,0.44452,413508.201857,1761976799999
1761976800000,0.44473,0.45325,0.44284,0.45201,227692.085498,1761983999999
1761984000000,0.45228,0.45819,0.45181,0.45331,321975.496669,1761991199999
1761991200000,0.45371,0.46347,0.45344,0.46084,347221.55221,1761998399999
1761998400000,0.46131,0.46431,0.4576,0.46135,260860.131739,1762005599999
1762005600000,0.46208,0.46439,0.45526,0.46238,418560.05403,1762012799999
1762012800000,0.4613,0.4669,0.4611,0.46538,435018.7007,1762019999999
1762020000000,0.46525,0.46585,0.46247,0.46445,505057.436591,1762027199999
1762027200000,0.46446,0.46794,0.46043,0.46043,455727.989408,1762034399999
1762034400000,0.4604,0.46392,0.45997,0.46344,355619.288504,1762041599999
1762041600000,0.46365,0.46365,0.4585,0.45979,421170.070418,1762048799999
1762048800000,0.45899,0.46265,0.45828,0.45874,389166.403386,1762055999999
1762056000000,0.45866,0.46654,0.45846,0.46458,256399.633147,1762063199999
1762063200000,0.46464,0.47136,0.46345,0.47055,459193.928094,1762070399999
1762070400000,0.47155,0.47156,0.46199,0.4629,470059.878446,1762077599999
1762077600000,0.46326,0.47081,0.4612,0.47081,373661.183656,1762084799999
1762084800000,0.47098,0.47098,0.46277,0.46509,386582.357207,1762091999999
1762092000000,0.46501,0.46593,0.456,0.45743,453586.590148,1762099199999
1762099200000,0.45736,0.45807,0.45157,0.45619,310806.480963,1762106399999
1762106400000,0.45606,0.45639,0.45126,0.4538,599902.462036,1762113599999
1762113600000,0.45376,0.46314,0.45177,0.46009,362308.394715,1762120799999
1762120800000,0.46009,0.47427,0.45925,0.47178,570037.191214,1762127999999
1762128000000,0.47178,0.47184,0.45496,0.45638,243076.686469,1762135199999
1762135200000,0.45612,0.45733,0.43153,0.43174,560762.449802,1762142399999
1762142400000,0.43089,0.43876,0.42673,0.42673,439498.691244,1762149599999
1762149600000,0.42694,0.4318,0.42,0.42994,506290.349804,1762156799999
1762156800000,0.42929,0.4375,0.42568,0.42758,588756.762815,1762163999999
1762164000000,0.42763,0.43079,0.42184,0.42462,590818.097187,1762171199999
1762171200000,0.42494,0.42907,0.42051,0.42433,513041.194851,1762178399999
1762178400000,0.42428,0.42819,0.37664,0.39032,1351053.227977,1762185599999
1762185600000,0.39028,0.40758,0.38742,0.40742,1297056.807179,1762192799999
1762192800000,0.40729,0.40729,0.38834,0.38899,720284.263965,1762199999999
1762200000000,0.38952,0.38981,0.37828,0.38458,782745.939268,1762207199999
1762207200000,0.38487,0.3871,0.37787,0.38213,1143320.19306,1762214399999
1762214400000,0.38227,0.3931,0.37995,0.39061,664733.596447,1762221599999
1762221600000,0.39065,0.39175,0.38297,0.38455,748174.571369,1762228799999
1762228800000,0.38482,0.38631,0.35925,0.35962,945211.854722,1762235999999
1762236000000,0.35927,0.37722,0.35779,0.35979,730263.713244,1762243199999
1762243200000,0.36049,0.36958,0.35737,0.36872,742929.073787,1762250399999
1762250400000,0.36836,0.37036,0.36453,0.36694,1041604.889825,1762257599999
1762257600000,0.36637,0.36637,0.35195,0.35287,1532371.232694,1762264799999
1762264800000,0.35214,0.36821,0.34826,0.35391,1180858.137699,1762271999999
1762272000000,0.35468,0.3578,0.33906,0.35293,1889078.558834,1762279199999
1762279200000,0.35317,0.35638,0.34289,0.34511,1380216.185227,1762286399999
1762286400000,0.34576,0.34647,0.31952,0.33791,2303273.979947,1762293599999
1762293600000,0.33768,0.35254,0.33687,0.35041,1752880.479658,1762300799999
1762300800000,0.35122,0.35284,0.33359,0.34893,1109846.756703,1762307999999
1762308000000,0.3492,0.3654,0.3492,0.36437,997773.427082,1762315199999
1762315200000,0.36398,0.36812,0.36359,0.36636,1123937.764831,1762322399999
1762322400000,0.36601,0.36852,0.36455,0.36579,902272.533221,1762329599999
1762329600000,0.36493,0.36575,0.35737,0.36432,761561.566048,1762336799999
1762336800000,0.36507,0.36654,0.35786,0.36364,1104353.218672,1762343999999
1762344000000,0.36393,0.37116,0.36098,0.369,1308770.862844,1762351199999
1762351200000,0.36859,0.37366,0.36331,0.37257,633248.958064,1762358399999
1762358400000,0.37188,0.37768,0.369,0.37576,170629.688966,1762365599999
1762365600000,0.37542,0.37818,0.37311,0.37389,83886.981433,1762372799999
1762372800000,0.37387,0.37564,0.37086,0.37316,110853.226508,1762379999999
1762380000000,0.37348,0.3831,0.37335,0.38096,129108.077526,1762387199999
1762387200000,0.37939,0.37939,0.37308,0.37635,21549.041291,1762394399999
1762394400000,0.37545,0.38001,0.37383,0.37558,24609.627959,1762401599999
1762401600000,0.37533,0.37578,0.36714,0.36751,51448.58712,1762408799999
1762408800000,0.36917,0.37463,0.36887,0.36972,87939.85998,1762415999999
1762416000000,0.36934,0.37265,0.36905,0.37093,50452.885895,1762423199999
1762423200000,0.37049,0.372,0.36733,0.37076,140767.306379,1762430399999
1762430400000,0.37104,0.37442,0.3657,0.37169,112764.68702,1762437599999
1762437600000,0.37392,0.37394,0.36054,0.36248,160483.088196,1762444799999
1762444800000,0.36313,0.36994,0.35855,0.36946,123422.237712,1762451999999
1762452000000,0.36978,0.37147,0.36372,0.36953,59733.027361,1762459199999
1762459200000,0.37152,0.3716,0.3645,0.37091,61513.063148,1762466399999
1762466400000,0.3701,0.37149,0.3654,0.36705,102117.637681,1762473599999
1762473600000,0.36864,0.37934,0.36864,0.37025,76340.771863,1762480799999
1762480800000,0.37446,0.38227,0.37295,0.37884,88273.203112,1762487999999
1762488000000,0.37955,0.38314,0.37462,0.38287,31178.952861,1762495199999
1762495200000,0.38344,0.38943,0.38062,0.38842,107962.512942,1762502399999
1762502400000,0.38899,0.38899,0.37893,0.38258,87601.6828,1762509599999
1762509600000,0.38651,0.38651,0.37174,0.37672,330840.223645,1762516799999
1762516800000,0.3771,0.37851,0.36567,0.37332,346231.75331,1762523999999
1762524000000,0.37129,0.39276,0.3662,0.39151,241090.697101,1762531199999
1762531200000,0.39149,0.41928,0.38946,0.41811,1153709.784167,1762538399999
1762538400000,0.4188,0.42725,0.41868,0.42708,462454.073141,1762545599999
1762545600000,0.427,0.43,0.42408,0.42631,278383.792857,1762552799999
1762552800000,0.42538,0.42571,0.4138,0.41437,197860.083477,1762559999999
1762560000000,0.41538,0.42678,0.412,0.41958,339947.435888,1762567199999
1762567200000,0.42095,0.42555,0.41288,0.41288,127920.269386,1762574399999
1762574400000,0.4147,0.4191,0.4055,0.40595,106728.780917,1762581599999
1762581600000,0.40652,0.40895,0.40245,0.40692,366301.61808,1762588799999
1762588800000,0.40661,0.41031,0.40324,0.40496,146244.994235,1762595999999
1762596000000,0.40416,0.41615,0.40416,0.41413,250080.21657,1762603199999
1762603200000,0.41389,0.41923,0.405,0.4054,209091.10831,1762610399999
1762610400000,0.40628,0.40693,0.39763,0.40156,307125.377577,1762617599999
1762617600000,0.40276,0.40815,0.39956,0.40607,133821.552685,1762624799999
1762624800000,0.40506,0.40789,0.39771,0.40292,408542.659317,1762631999999
1762632000000,0.40268,0.4088,0.40092,0.40796,108980.354478,1762639199999
1762639200000,0.40865,0.41156,0.40762,0.41076,107599.577271,1762646399999
1762646400000,0.41023,0.41072,0.40418,0.40613,99999.76191,1762653599999
1762653600000,0.406,0.40626,0.39051,0.39247,175799.706117,1762660799999
1762660800000,0.3941,0.39929,0.393,0.39832,151206.023956,1762667999999
1762668000000,0.39801,0.40501,0.39617,0.4042,115853.049804,1762675199999
1762675200000,0.40431,0.40454,0.397,0.39784,148852.466667,1762682399999
1762682400000,0.39698,0.40925,0.39397,0.40785,138860.453416,1762689599999
1762689600000,0.40696,0.41186,0.40613,0.40859,180699.461412,1762696799999
1762696800000,0.40796,0.41819,0.40685,0.41637,234550.896188,1762703999999
1762704000000,0.41676,0.42032,0.41243,0.41335,163942.840754,1762711199999
1762711200000,0.41346,0.42203,0.41105,0.42203,200514.915994,1762718399999
1762718400000,0.42247,0.42267,0.41688,0.41799,167428.48772,1762725599999
1762725600000,0.41849,0.42101,0.41387,0.41566,230866.595694,1762732799999
1762732800000,0.41638,0.4273,0.41344,0.4208,238835.566995,1762739999999
1762740000000,0.42089,0.42719,0.41903,0.42421,145861.487509,1762747199999
1762747200000,0.42473,0.42762,0.4208,0.42539,146344.81295,1762754399999
1762754400000,0.42535,0.42565,0.42001,0.42207,121465.717954,1762761599999
1762761600000,0.42192,0.4297,0.41706,0.4297,281764.368306,1762768799999
1762768800000,0.42929,0.43169,0.4233,0.42496,298740.377607,1762775999999
1762776000000,0.42456,0.42932,0.42065,0.42692,212076.366623,1762783199999
1762783200000,0.42607,0.4277,0.41693,0.42307,280827.584405,1762790399999
1762790400000,0.42439,0.42612,0.41734,0.42301,242427.793969,1762797599999
1762797600000,0.42371,0.43,0.41953,0.42581,231099.851728,1762804799999
1762804800000,0.42549,0.42999,0.42119,0.42562,412596.553625,1762811999999
1762812000000,0.42537,0.44,0.42278,0.43077,405098.429149,1762819199999
1762819200000,0.43132,0.43844,0.42164,0.4253,191609.368199,1762826399999
1762826400000,0.42401,0.43599,0.42373,0.43339,172313.99414,1762833599999
1762833600000,0.43297,0.43384,0.41793,0.4182,121639.100083,1762840799999
1762840800000,0.4184,0.42032,0.41155,0.41155,131624.393183,1762847999999
1762848000000,0.41153,0.41762,0.41043,0.41355,259731.957972,1762855199999
1762855200000,0.41318,0.41847,0.41312,0.41663,169091.141713,1762862399999
1762862400000,0.41654,0.42,0.41313,0.41395,328224.0219,1762869599999
1762869600000,0.41395,0.41842,0.41076,0.41228,230961.77017,1762876799999
1762876800000,0.41274,0.41503,0.40799,0.41027,309976.700485,1762883999999
1762884000000,0.41056,0.41133,0.40553,0.40574,224194.382943,1762891199999
1762891200000,0.40649,0.40649,0.39782,0.39988,333070.098058,1762898399999
1762898400000,0.39851,0.40422,0.39665,0.39692,364536.796742,1762905599999
1762905600000,0.39675,0.40176,0.394,0.40107,139564.789656,1762912799999
1762912800000,0.40068,0.40352,0.39719,0.40263,155354.662897,1762919999999
1762920000000,0.40243,0.40804,0.4015,0.4078,118530.799873,1762927199999
1762927200000,0.40776,0.41052,0.40554,0.40608,114181.236245,1762934399999
1762934400000,0.40675,0.41897,0.40671,0.41462,207028.206596,1762941599999
1762941600000,0.41573,0.41952,0.41535,0.41638,138948.754083,1762948799999
1762948800000,0.41655,0.4229,0.41444,0.42273,228611.605263,1762955999999
1762956000000,0.42162,0.42379,0.40872,0.40957,263714.724646,1762963199999
1762963200000,0.40991,0.41025,0.385,0.39297,702763.027661,1762970399999
1762970400000,0.39328,0.39536,0.38294,0.38892,501970.456886,1762977599999
1762977600000,0.38892,0.39619,0.38766,0.3919,360652.530783,1762984799999
1762984800000,0.39164,0.39188,0.3845,0.38556,232409.103993,1762991999999
1762992000000,0.38564,0.39394,0.38564,0.38997,208987.022318,1762999199999
1762999200000,0.38962,0.40209,0.38419,0.39792,359274.92246,1763006399999
1763006400000,0.396,0.40731,0.39347,0.40641,185391.417981,1763013599999
1763013600000,0.40591,0.40781,0.40114,0.40114,225917.952525,1763020799999
1763020800000,0.4022,0.40412,0.39488,0.39738,216776.43985,1763027999999
1763028000000,0.39769,0.40198,0.39769,0.39953,193005.778022,1763035199999
1763035200000,0.39992,0.40362,0.39847,0.40003,225185.584283,1763042399999
1763042400000,0.40075,0.41,0.39524,0.3993,414446.287386,1763049599999
1763049600000,0.40018,0.40056,0.37672,0.37672,378480.558252,1763056799999
1763056800000,0.37719,0.37885,0.36595,0.36669,608836.072169,1763063999999
1763064000000,0.3662,0.36769,0.36255,0.36712,354779.468704,1763071199999
1763071200000,0.36644,0.38274,0.36586,0.3788,283333.862868,1763078399999
1763078400000,0.37811,0.38163,0.37788,0.37931,54703.450133,1763085599999
1763085600000,0.37845,0.38092,0.37259,0.37272,116668.44316,1763092799999
1763092800000,0.37265,0.37295,0.35501,0.3703,311891.542482,1763099999999
1763100000000,0.37111,0.38131,0.36497,0.37908,213731.036307,1763107199999
1763107200000,0.37861,0.37861,0.36646,0.36764,375278.283402,1763114399999
1763114400000,0.36704,0.37113,0.36211,0.36579,301355.467367,1763121599999
1763121600000,0.36552,0.36552,0.35463,0.3606,393960.735898,1763128799999
1763128800000,0.36,0.37177,0.35531,0.36749,273268.151283,1763135999999
1763136000000,0.3674,0.37445,0.36309,0.36386,350328.745534,1763143199999
1763143200000,0.3642,0.37283,0.36319,0.3706,419215.116169,1763150399999
1763150400000,0.37168,0.37189,0.35697,0.3606,613711.914501,1763157599999
1763157600000,0.36037,0.36216,0.34336,0.3459,295236.618203,1763164799999
1763164800000,0.3472,0.35851,0.3472,0.35851,91836.469516,1763171999999
1763172000000,0.35732,0.36483,0.35711,0.36443,212636.298612,1763179199999
1763179200000,0.36517,0.3664,0.36222,0.36626,108400.707704,1763186399999
1763186400000,0.36635,0.37086,0.36274,0.36318,201884.802007,1763193599999
1763193600000,0.36229,0.36229,0.35454,0.35784,209331.07423,1763200799999
1763200800000,0.35789,0.36069,0.35767,0.358,108187.532435,1763207999999
1763208000000,0.35899,0.372,0.3589,0.36989,179491.77092,1763215199999
1763215200000,0.37001,0.37531,0.36812,0.36876,223951.877893,1763222399999
1763222400000,0.36832,0.37095,0.36541,0.37076,181079.292957,1763229599999
1763229600000,0.3706,0.37106,0.3673,0.36751,100708.1653,1763236799999
1763236800000,0.36762,0.36762,0.36174,0.36202,258841.400429,1763243999999
1763244000000,0.36228,0.36637,0.36225,0.36538,140118.486982,1763251199999
1763251200000,0.36478,0.36559,0.35715,0.36214,160492.020771,1763258399999
1763258400000,0.36155,0.37087,0.35963,0.36982,153685.04542,1763265599999
1763265600000,0.37093,0.37276,0.36694,0.37008,97797.001965,1763272799999
1763272800000,0.3695,0.37016,0.36691,0.3692,175816.628619,1763279999999
1763280000000,0.36977,0.371,0.3664,0.371,167619.494446,1763287199999
1763287200000,0.37134,0.37134,0.35928,0.3596,253878.344061,1763294399999
1763294400000,0.35971,0.3633,0.3561,0.35758,397891.954014,1763301599999
1763301600000,0.3578,0.36086,0.35071,0.35084,324046.08512,1763308799999
1763308800000,0.3506,0.35337,0.34279,0.34812,425798.208204,1763315999999
1763316000000,0.34695,0.35394,0.34353,0.3454,452722.965597,1763323199999
1763323200000,0.34538,0.34874,0.33952,0.34298,421610.386196,1763330399999
1763330400000,0.34156,0.35589,0.34019,0.35267,314216.783417,1763337599999
1763337600000,0.35264,0.35993,0.34843,0.35515,176053.699086,1763344799999
1763344800000,0.3541,0.3593,0.3541,0.35821,103173.110214,1763351999999
1763352000000,0.35888,0.3599,0.35523,0.35706,250452.613414,1763359199999
1763359200000,0.35796,0.35942,0.35245,0.35698,270283.65276,1763366399999
1763366400000,0.35811,0.35927,0.35592,0.35768,109332.263021,1763373599999
1763373600000,0.35785,0.36035,0.35681,0.3573,129478.4907,1763380799999
1763380800000,0.35737,0.35754,0.34238,0.34546,259199.853022,1763387999999
1763388000000,0.34546,0.36087,0.34174,0.34515,493996.880295,1763395199999
1763395200000,0.34527,0.35287,0.33806,0.34198,281834.439997,1763402399999
1763402400000,0.34152,0.34468,0.3315,0.33391,445342.724037,1763409599999
1763409600000,0.33297,0.336,0.32889,0.33262,379011.756534,1763416799999
1763416800000,0.33315,0.33596,0.3306,0.33486,212564.087179,1763423999999
1763424000000,0.3344,0.33999,0.32789,0.33778,240341.109081,1763431199999
1763431200000,0.33764,0.34864,0.3352,0.34669,498699.51129,1763438399999
1763438400000,0.34709,0.35619,0.34222,0.35217,291200.825739,1763445599999
1763445600000,0.35218,0.35323,0.34461,0.34592,211672.161316,1763452799999
1763452800000,0.34591,0.35117,0.34422,0.34933,260536.611356,1763459999999
1763460000000,0.34972,0.35088,0.34469,0.34692,167457.885439,1763467199999
1763467200000,0.34688,0.35061,0.34506,0.34862,475778.224822,1763474399999
1763474400000,0.34879,0.35551,0.34442,0.35423,236826.875568,1763481599999
1763481600000,0.35557,0.36,0.35423,0.35854,217881.002262,1763488799999
1763488800000,0.35874,0.36324,0.35874,0.36153,279216.786123,1763495999999
1763496000000,0.36234,0.36243,0.35384,0.35396,166216.308704,1763503199999
1763503200000,0.3539,0.36173,0.3538,0.35981,218820.289181,1763510399999
1763510400000,0.35926,0.36166,0.35453,0.35915,191393.903305,1763517599999
1763517600000,0.35996,0.36291,0.35214,0.35607,199703.093781,1763524799999
1763524800000,0.3561,0.35973,0.35095,0.35484,281494.087296,1763531999999
1763532000000,0.35473,0.35711,0.35188,0.35438,380020.108488,1763539199999
1763539200000,0.35424,0.357,0.3522,0.35529,251570.852201,1763546399999
1763546400000,0.3559,0.35846,0.35273,0.35273,210890.969846,1763553599999
1763553600000,0.35275,0.35473,0.349,0.349,225173.662829,1763560799999
1763560800000,0.34895,0.35481,0.34153,0.34193,538139.172012,1763567999999
1763568000000,0.34269,0.34473,0.3274,0.33224,564786.020082,1763575199999
1763575200000,0.33157,0.33375,0.32476,0.3293,726983.940139,1763582399999
1763582400000,0.32915,0.34413,0.32798,0.34202,720638.316916,1763589599999
1763589600000,0.34257,0.346,0.33706,0.34462,350586.101546,1763596799999
1763596800000,0.3438,0.34859,0.34236,0.34849,282685.78924,1763603999999
1763604000000,0.349,0.35229,0.349,0.35063,262673.460431,1763611199999
1763611200000,0.3514,0.35317,0.34903,0.35222,183827.725662,1763618399999
1763618400000,0.35237,0.35864,0.35106,0.35835,278520.857357,1763625599999
1763625600000,0.35821,0.35841,0.35252,0.3535,175607.562191,1763632799999
1763632800000,0.35366,0.35572,0.351,0.35536,337233.166348,1763639999999
1763640000000,0.35554,0.36593,0.35501,0.36118,246056.633306,1763647199999
1763647200000,0.36235,0.36692,0.35514,0.35693,396991.408505,1763654399999
1763654400000,0.35751,0.35791,0.329,0.33182,577798.724122,1763661599999
1763661600000,0.329,0.33451,0.3237,0.3341,769488.869416,1763668799999
1763668800000,0.33331,0.33788,0.32752,0.33304,563260.162952,1763675999999
1763676000000,0.33261,0.34337,0.32721,0.32756,586141.037568,1763683199999
1763683200000,0.32831,0.33663,0.32806,0.33346,490949.447531,1763690399999
1763690400000,0.33319,0.33332,0.32131,0.32725,465675.28633,1763697599999
1763697600000,0.32749,0.32973,0.3219,0.32413,328213.948277,1763704799999
1763704800000,0.32484,0.32604,0.28215,0.30557,1392042.940948,1763711999999
1763712000000,0.30557,0.31061,0.29513,0.29581,1433608.11595,1763719199999
1763719200000,0.29643,0.29972,0.28937,0.29062,778840.344438,1763726399999
1763726400000,0.29025,0.29768,0.28235,0.2931,1243732.92107,1763733599999
1763733600000,0.29284,0.30033,0.28655,0.28745,963101.465672,1763740799999
1763740800000,0.28807,0.29912,0.28065,0.2914,1015598.6885,1763747999999
1763748000000,0.29094,0.29454,0.28313,0.28457,1056540.24378,1763755199999
1763755200000,0.28405,0.287,0.27576,0.2841,1135760.059091,1763762399999
1763762400000,0.28425,0.28554,0.26966,0.28554,1264336.945445,1763769599999
1763769600000,0.28563,0.28839,0.28381,0.28696,1288581.992325,1763776799999
1763776800000,0.28711,0.28717,0.27893,0.27941,868764.451374,1763783999999
1763784000000,0.27938,0.2796,0.268,0.27251,1231509.051372,1763791199999
1763791200000,0.27263,0.27934,0.26874,0.27859,1268764.321738,1763798399999
1763798400000,0.27782,0.28234,0.27163,0.28046,1504997.291586,1763805599999
1763805600000,0.2807,0.28619,0.27798,0.28397,1189808.015838,1763812799999
1763812800000,0.28339,0.28353,0.2761,0.27846,2009112.543762,1763819999999
1763820000000,0.27895,0.28617,0.27879,0.28185,1601572.492979,1763827199999
1763827200000,0.28172,0.28679,0.28056,0.28368,1089436.865124,1763834399999
1763834400000,0.28379,0.28666,0.28186,0.28526,761017.360056,1763841599999
1763841600000,0.28496,0.28922,0.28238,0.2851,874855.744709,1763848799999
1763848800000,0.28574,0.29315,0.28465,0.28887,1092513.509249,1763855999999
1763856000000,0.28859,0.292,0.28571,0.29061,847089.327811,1763863199999
1763863200000,0.29,0.29198,0.28884,0.29146,569155.799636,1763870399999
1763870400000,0.29188,0.29901,0.29088,0.29901,610061.816432,1763877599999
1763877600000,0.29895,0.30016,0.29013,0.29314,929339.176905,1763884799999
1763884800000,0.29293,0.29549,0.2926,0.29407,581078.863201,1763891999999
1763892000000,0.29359,0.29359,0.28833,0.29162,790582.666646,1763899199999
1763899200000,0.29159,0.29547,0.2913,0.29429,632557.468881,1763906399999
1763906400000,0.29441,0.29634,0.2896,0.29587,967295.205624,1763913599999
1763913600000,0.29569,0.29768,0.29213,0.29309,1076763.981561,1763920799999
1763920800000,0.29372,0.29938,0.29364,0.29684,939920.21379,1763927999999
1763928000000,0.29674,0.29774,0.29347,0.29733,817986.400991,1763935199999
1763935200000,0.29671,0.2969,0.29094,0.29141,685112.035738,1763942399999
1763942400000,0.2903,0.29556,0.2877,0.2955,397508.631877,1763949599999
1763949600000,0.29543,0.305,0.29522,0.30357,407061.50167,1763956799999
1763956800000,0.30484,0.3075,0.29664,0.30528,345639.895776,1763963999999
1763964000000,0.30525,0.30572,0.29972,0.30034,348354.117344,1763971199999
1763971200000,0.30061,0.30183,0.29279,0.29304,429352.957199,1763978399999
1763978400000,0.29257,0.29548,0.29178,0.29513,499021.452268,1763985599999
1763985600000,0.29432,0.29919,0.29171,0.29593,424249.68733,1763992799999
1763992800000,0.29556,0.30378,0.29294,0.30135,450896.544333,1763999999999
1764000000000,0.30265,0.31917,0.30101,0.3181,374031.957582,1764007199999
1764007200000,0.31921,0.32081,0.31582,0.31772,652387.811997,1764014399999
1764014400000,0.31839,0.32895,0.31839,0.32552,676556.713309,1764021599999
1764021600000,0.32608,0.32907,0.32495,0.32644,325267.364983,1764028799999
1764028800000,0.32698,0.3275,0.31812,0.31812,279888.145601,1764035999999
1764036000000,0.31823,0.32048,0.3145,0.31788,233129.967837,1764043199999
1764043200000,0.31794,0.31836,0.3142,0.31542,303600.199093,1764050399999
1764050400000,0.3156,0.31635,0.31092,0.31178,417381.230101,1764057599999
1764057600000,0.31263,0.31506,0.30941,0.31276,423306.058405,1764064799999
1764064800000,0.31238,0.31412,0.31052,0.31052,269944.590853,1764071999999
1764072000000,0.31053,0.31268,0.3053,0.30565,469739.923329,1764079199999
1764079200000,0.30521,0.30774,0.29752,0.30626,656107.712114,1764086399999
1764086400000,0.30593,0.31234,0.30522,0.30893,574234.367781,1764093599999
1764093600000,0.30837,0.31121,0.3012,0.30676,430071.875643,1764100799999
1764100800000,0.30685,0.31212,0.30685,0.31016,385541.001271,1764107999999
1764108000000,0.30958,0.32099,0.30769,0.31698,536244.941664,1764115199999
1764115200000,0.31726,0.31954,0.31514,0.31681,272241.384843,1764122399999
1764122400000,0.31706,0.31726,0.31138,0.31143,219127.902368,1764129599999
1764129600000,0.31153,0.31512,0.31061,0.31493,207791.855442,1764136799999
1764136800000,0.31487,0.31702,0.31363,0.31672,259709.978342,1764143999999
1764144000000,0.31679,0.3178,0.31027,0.31049,322756.546068,1764151199999
1764151200000,0.31105,0.31234,0.3084,0.309,245221.068084,1764158399999
1764158400000,0.30898,0.31045,0.30406,0.31036,338497.080006,1764165599999
1764165600000,0.31017,0.31355,0.3062,0.30788,327762.743072,1764172799999
1764172800000,0.30908,0.32844,0.30908,0.32767,570872.246503,1764179999999
1764180000000,0.32738,0.33824,0.32738,0.33665,659978.472066,1764187199999
1764187200000,0.33661,0.33876,0.32936,0.33541,532130.923497,1764194399999
1764194400000,0.33553,0.3367,0.33248,0.33367,278064.987254,1764201599999
1764201600000,0.33298,0.33419,0.32895,0.33235,315873.975918,1764208799999
1764208800000,0.3306,0.3325,0.32692,0.32739,226901.220721,1764215999999
1764216000000,0.3275,0.33062,0.32684,0.32853,118468.457408,1764223199999
1764223200000,0.32875,0.33471,0.32847,0.33014,364008.001245,1764230399999
1764230400000,0.33027,0.33129,0.327,0.32906,261559.068465,1764237599999
1764237600000,0.32907,0.32963,0.32474,0.32559,251338.494608,1764244799999
1764244800000,0.32559,0.3282,0.32428,0.32762,331698.265996,1764251999999
1764252000000,0.32703,0.33337,0.32675,0.33239,399893.841263,1764259199999
1764259200000,0.33234,0.33625,0.33114,0.3359,260188.559035,1764266399999
1764266400000,0.33502,0.33873,0.33461,0.33755,248362.902622,1764273599999
1764273600000,0.33747,0.34043,0.33641,0.33652,513522.498329,1764280799999
1764280800000,0.33662,0.33686,0.32987,0.33037,306703.758079,1764287999999
1764288000000,0.33098,0.33367,0.32884,0.32897,207888.170529,1764295199999
1764295200000,0.32816,0.33127,0.32603,0.33065,242358.1603,1764302399999
1764302400000,0.33116,0.33244,0.32864,0.33109,150499.759153,1764309599999
1764309600000,0.33086,0.33102,0.3276,0.32836,167920.995365,1764316799999
1764316800000,0.32849,0.33989,0.32849,0.33726,404142.325891,1764323999999
1764324000000,0.3375,0.33904,0.33158,0.33379,347363.085931,1764331199999
1764331200000,0.33412,0.34081,0.3327,0.3406,632384.396554,1764338399999
1764338400000,0.34073,0.35093,0.33902,0.34056,526087.311377,1764345599999
1764345600000,0.3397,0.3402,0.3275,0.32892,487487.050299,1764352799999
1764352800000,0.32899,0.33214,0.32601,0.33121,307294.455116,1764359999999
1764360000000,0.33008,0.3313,0.32771,0.32776,183927.952636,1764367199999
1764367200000,0.32748,0.33144,0.32719,0.32863,219198.793072,1764374399999
1764374400000,0.32873,0.33072,0.32767,0.3277,199581.820517,1764381599999
1764381600000,0.32776,0.32981,0.326,0.326,133044.700971,1764388799999
1764388800000,0.3259,0.32796,0.32532,0.3254,90494.204748,1764395999999
1764396000000,0.32594,0.32648,0.32301,0.32459,305019.848412,1764403199999
1764403200000,0.32379,0.3247,0.32201,0.32233,171062.545478,1764410399999
1764410400000,0.32244,0.32685,0.32209,0.32681,266160.861858,1764417599999
1764417600000,0.32653,0.32702,0.32168,0.32242,151860.934225,1764424799999
1764424800000,0.32219,0.32537,0.32099,0.32436,362204.022676,1764431999999
1764432000000,0.32378,0.32452,0.31899,0.32009,238786.543448,1764439199999
1764439200000,0.3189,0.32316,0.31869,0.32168,190573.707237,1764446399999
1764446400000,0.3217,0.32609,0.32041,0.32572,101673.603716,1764453599999
1764453600000,0.32582,0.33014,0.32366,0.32702,302564.720927,1764460799999
1764460800000,0.32702,0.32896,0.32685,0.32811,129714.15066,1764467999999
1764468000000,0.3281,0.32856,0.32338,0.32456,161077.433554,1764475199999
1764475200000,0.32485,0.32553,0.32098,0.32214,144817.194091,1764482399999
1764482400000,0.32263,0.32665,0.32186,0.3259,208397.872109,1764489599999
1764489600000,0.32568,0.32884,0.32481,0.32643,239831.920696,1764496799999
1764496800000,0.32623,0.32738,0.32483,0.3263,198050.809609,1764503999999
1764504000000,0.32574,0.33449,0.32457,0.33238,272006.913304,1764511199999
1764511200000,0.33191,0.33239,0.32078,0.32174,290946.554953,1764518399999
1764518400000,0.32215,0.32736,0.3218,0.32432,117774.969995,1764525599999
1764525600000,0.32455,0.32689,0.32348,0.32539,129605.985944,1764532799999
1764532800000,0.32531,0.32834,0.32332,0.32452,218696.042503,1764539999999
1764540000000,0.32478,0.32713,0.3155,0.31597,391911.772549,1764547199999
1764547200000,0.31705,0.31705,0.291,0.29378,696857.397224,1764554399999
1764554400000,0.29291,0.29683,0.29135,0.29167,324635.667596,1764561599999
1764561600000,0.2915,0.29324,0.29,0.29303,349461.438783,1764568799999
1764568800000,0.29391,0.29432,0.29047,0.29272,309770.812035,1764575999999
1764576000000,0.29253,0.29384,0.29084,0.29169,238829.279387,1764583199999
1764583200000,0.29188,0.29375,0.28752,0.2877,503150.669085,1764590399999
1764590400000,0.28802,0.29124,0.28363,0.28864,572201.832457,1764597599999
1764597600000,0.28881,0.29059,0.2824,0.28843,480272.768187,1764604799999
1764604800000,0.28814,0.28834,0.28432,0.28589,643714.658238,1764611999999
1764612000000,0.28589,0.29242,0.28589,0.28998,416974.779403,1764619199999
1764619200000,0.29031,0.29602,0.29031,0.29458,239074.371852,1764626399999
1764626400000,0.29437,0.29932,0.2943,0.29824,441667.630196,1764633599999
1764633600000,0.29794,0.30043,0.29527,0.29711,222367.612934,1764640799999
1764640800000,0.2964,0.29748,0.29337,0.2971,142532.661444,1764647999999
1764648000000,0.29729,0.29763,0.2948,0.29522,166651.732298,1764655199999
1764655200000,0.29467,0.29655,0.29382,0.29654,146621.595846,1764662399999
1764662400000,0.29656,0.29831,0.29426,0.2965,270326.718235,1764669599999
1764669600000,0.29626,0.29957,0.29489,0.29759,307080.861093,1764676799999
1764676800000,0.29877,0.30416,0.29774,0.3039,270445.211711,1764683999999
1764684000000,0.30371,0.342,0.30333,0.33945,1389387.453189,1764691199999
1764691200000,0.34,0.36522,0.33827,0.35185,1838591.094299,1764698399999
1764698400000,0.35222,0.35396,0.34126,0.34402,1185618.120424,1764705599999
1764705600000,0.34414,0.34543,0.33917,0.34346,600500.219938,1764712799999
1764712800000,0.34421,0.353,0.34421,0.34752,501755.767073,1764719999999
1764720000000,0.34844,0.34926,0.34496,0.34546,159539.344663,1764727199999
1764727200000,0.34564,0.34823,0.34518,0.3452,197692.796249,1764734399999
1764734400000,0.34444,0.34871,0.34309,0.34734,197018.382551,1764741599999
1764741600000,0.34704,0.35,0.34104,0.3421,312897.367279,1764748799999
1764748800000,0.34234,0.34725,0.33826,0.34635,436188.92888,1764755999999
1764756000000,0.34613,0.34855,0.33631,0.3443,956975.763188,1764763199999
1764763200000,0.34323,0.34494,0.3332,0.33903,594831.953868,1764770399999
1764770400000,0.3382,0.34079,0.33068,0.33532,698358.661693,1764777599999
1764777600000,0.3356,0.34149,0.33355,0.33996,293382.642866,1764784799999
1764784800000,0.34039,0.34114,0.3357,0.33599,313597.058705,1764791999999
1764792000000,0.33576,0.34139,0.33569,0.34139,232727.07561,1764799199999
1764799200000,0.34177,0.34456,0.33732,0.34165,478737.21421,1764806399999
1764806400000,0.34206,0.34902,0.34135,0.34527,224030.878536,1764813599999
1764813600000,0.34566,0.35399,0.34566,0.34754,209913.837564,1764820799999
1764820800000,0.34735,0.34846,0.34467,0.34661,143696.823561,1764827999999
1764828000000,0.34716,0.34756,0.34415,0.34654,145929.898198,1764835199999
1764835200000,0.34631,0.34652,0.34317,0.34485,119648.6972,1764842399999
1764842400000,0.3454,0.34549,0.34221,0.34386,115186.994322,1764849599999
1764849600000,0.3443,0.34484,0.33958,0.34099,194785.192141,1764856799999
1764856800000,0.34112,0.35013,0.34093,0.34956,281998.407197,1764863999999
1764864000000,0.34971,0.35399,0.34387,0.34751,259240.083352,1764871199999
1764871200000,0.34659,0.40843,0.33568,0.3432,3544289.269934,1764878399999
1764878400000,0.34322,0.34433,0.32752,0.32752,1989114.668567,1764885599999
1764885600000,0.32796,0.33433,0.32796,0.32888,737246.990941,1764892799999
1764892800000,0.32802,0.33162,0.32641,0.32705,421248.588666,1764899999999
1764900000000,0.32694,0.32983,0.32514,0.32637,514581.485573,1764907199999
1764907200000,0.32709,0.32984,0.32501,0.32981,370241.141587,1764914399999
1764914400000,0.33026,0.33646,0.33026,0.33604,407142.648742,1764921599999
1764921600000,0.33586,0.33664,0.32961,0.33077,495790.504644,1764928799999
1764928800000,0.33017,0.33339,0.32798,0.32857,324422.53637,1764935999999
1764936000000,0.32818,0.32959,0.32301,0.32309,338447.668687,1764943199999
1764943200000,0.32345,0.33091,0.32094,0.32447,616589.539108,1764950399999
1764950400000,0.32468,0.32468,0.31184,0.31619,758496.053103,1764957599999
1764957600000,0.31567,0.31874,0.30901,0.31483,279011.741367,1764964799999
1764964800000,0.31473,0.31736,0.31271,0.31535,271146.052391,1764971999999
1764972000000,0.31468,0.31935,0.31389,0.31895,300140.604691,1764979199999
1764979200000,0.31875,0.32108,0.31654,0.31977,202591.957834,1764986399999
1764986400000,0.31919,0.32437,0.3189,0.31976,391022.941622,1764993599999
1764993600000,0.31982,0.32166,0.31793,0.31994,117481.014548,1765000799999
1765000800000,0.31989,0.32164,0.31951,0.31983,74344.622591,1765007999999
1765008000000,0.32018,0.32125,0.31821,0.31899,133467.212763,1765015199999
1765015200000,0.31881,0.32469,0.31804,0.3244,370976.998291,1765022399999
1765022400000,0.32435,0.327,0.3236,0.32397,312665.873505,1765029599999
1765029600000,0.32338,0.329,0.32027,0.32159,329094.487064,1765036799999
1765036800000,0.32207,0.32342,0.32066,0.32255,242753.63673,1765043999999
1765044000000,0.32271,0.3235,0.31853,0.32244,699987.824643,1765051199999
1765051200000,0.32269,0.32871,0.32043,0.32543,360174.062431,1765058399999
1765058400000,0.32569,0.32715,0.32219,0.32684,256536.957545,1765065599999
1765065600000,0.3267,0.33174,0.32604,0.32623,312015.416066,1765072799999
1765072800000,0.32678,0.32801,0.32576,0.32752,86994.662017,1765079999999
1765087200000,0.32758,0.3282,0.32511,0.32511,104862.409431,1765094399999
1765094400000,0.3235,0.32359,0.31945,0.32008,197720.121753,1765101599999
1765101600000,0.32014,0.32225,0.31968,0.32137,186266.430958,1765108799999
1765108800000,0.32111,0.32393,0.31682,0.3179,303575.812503,1765115999999
1765116000000,0.31797,0.32092,0.30701,0.32092,645464.672024,1765123199999
1765123200000,0.31972,0.33052,0.31655,0.32794,371299.245558,1765130399999
1765130400000,0.32882,0.33137,0.32732,0.32763,249651.463266,1765137599999
1765137600000,0.32816,0.32872,0.31844,0.31871,193394.738613,1765144799999
1765144800000,0.31968,0.31972,0.31099,0.31549,405074.98985,1765151999999
1765152000000,0.31619,0.3255,0.31524,0.32212,142871.109303,1765159199999
1765159200000,0.32199,0.32668,0.32122,0.32451,85932.737273,1765166399999
1765166400000,0.32538,0.329,0.32531,0.32805,145092.039675,1765173599999
1765173600000,0.32844,0.33309,0.32788,0.33034,185675.524332,1765180799999
1765180800000,0.33035,0.33705,0.32926,0.33395,185081.699691,1765187999999
1765188000000,0.33401,0.33683,0.33333,0.33584,220055.621677,1765195199999
1765195200000,0.33568,0.33823,0.33392,0.33627,309688.703435,1765202399999
1765202400000,0.33642,0.34127,0.33424,0.3366,355166.612685,1765209599999
1765209600000,0.3364,0.34259,0.33428,0.33665,297017.73974,1765216799999
1765216800000,0.33815,0.33815,0.3285,0.33037,126979.600928,1765223999999
1765224000000,0.33162,0.33811,0.33111,0.33811,195680.779411,1765231199999
1765231200000,0.33791,0.33882,0.33195,0.33448,209108.606567,1765238399999
1765238400000,0.33421,0.33606,0.32942,0.32942,97198.687457,1765245599999
1765245600000,0.33008,0.33171,0.32712,0.33108,70012.363838,1765252799999
1765252800000,0.3307,0.3307,0.32495,0.32781,99400.286536,1765259999999
1765260000000,0.32758,0.33003,0.32551,0.32969,64699.73384,1765267199999
1765267200000,0.32949,0.33011,0.32767,0.32847,67806.948415,1765274399999
1765274400000,0.32878,0.33154,0.32871,0.33134,130625.310097,1765281599999
1765281600000,0.33082,0.337,0.33082,0.33403,189740.047048,1765288799999
1765288800000,0.33482,0.35135,0.33214,0.3496,250768.966866,1765295999999
1765296000000,0.352,0.39052,0.352,0.385,1415228.329781,1765303199999
1765303200000,0.38514,0.38697,0.37933,0.38127,822573.305997,1765310399999
1765310400000,0.38133,0.38133,0.36413,0.36862,618200.911262,1765317599999
1765317600000,0.36854,0.37812,0.36718,0.37591,631645.000919,1765324799999
1765324800000,0.37662,0.37944,0.37072,0.3723,280215.782501,1765331999999
1765332000000,0.36986,0.37491,0.36604,0.37037,227954.296346,1765339199999
1765339200000,0.36979,0.37015,0.36692,0.3687,174707.716245,1765346399999
1765346400000,0.36893,0.36965,0.36028,0.36323,513767.198098,1765353599999
1765353600000,0.36378,0.36404,0.35334,0.35829,356223.674809,1765360799999
1765360800000,0.35794,0.36156,0.34589,0.34926,708644.16382,1765367999999
1765368000000,0.349,0.35012,0.34763,0.34881,254063.501824,1765375199999
1765375200000,0.34879,0.35024,0.34567,0.34679,275892.595802,1765382399999
1765382400000,0.34678,0.35302,0.34673,0.35199,419387.73911,1765389599999
1765389600000,0.35104,0.36111,0.34933,0.35127,794597.815784,1765396799999
1765396800000,0.35138,0.36179,0.33755,0.33797,910330.474215,1765403999999
1765404000000,0.33894,0.34048,0.332,0.3346,744201.255153,1765411199999
1765411200000,0.33431,0.33431,0.328,0.32934,238440.28426,1765418399999
1765418400000,0.32879,0.32944,0.317,0.317,548168.010487,1765425599999
1765425600000,0.317,0.33072,0.31575,0.33047,420691.00501,1765432799999
1765432800000,0.32904,0.33153,0.32703,0.32932,342711.206052,1765439999999
1765440000000,0.32883,0.32927,0.32375,0.32375,483371.888261,1765447199999
1765447200000,0.32425,0.32824,0.32245,0.32692,284793.25633,1765454399999
1765454400000,0.327,0.32848,0.32505,0.32664,306014.249392,1765461599999
1765461600000,0.32642,0.3341,0.32389,0.33197,440173.151234,1765468799999
1765468800000,0.3324,0.33656,0.32905,0.33052,414536.45534,1765475999999
1765476000000,0.33048,0.34203,0.33036,0.3382,400194.149881,1765483199999
1765483200000,0.33756,0.35217,0.33714,0.34776,552181.142256,1765490399999
1765490400000,0.34806,0.34932,0.34113,0.34338,572353.330532,1765497599999
1765497600000,0.34296,0.34416,0.33727,0.3403,179603.269867,1765504799999
1765504800000,0.34007,0.34348,0.33616,0.3382,151917.498523,1765511999999
1765512000000,0.33833,0.33833,0.33215,0.33749,208560.03109,1765519199999
1765519200000,0.33819,0.34001,0.33537,0.33675,166841.114513,1765526399999
1765526400000,0.33655,0.33962,0.33482,0.33962,226913.029157,1765533599999
1765533600000,0.33932,0.34035,0.3367,0.33898,153487.75178,1765540799999
1765540800000,0.33927,0.3434,0.33846,0.34014,235579.536587,1765547999999
1765548000000,0.3397,0.34286,0.31895,0.32033,725065.143793,1765555199999
1765555200000,0.31982,0.32439,0.314,0.32206,742538.491547,1765562399999
1765562400000,0.32238,0.3284,0.32184,0.32469,290302.371465,1765569599999
1765569600000,0.32514,0.32711,0.32468,0.3256,202587.50567,1765576799999
1765576800000,0.32574,0.33271,0.32574,0.33252,458855.584799,1765583999999
1765584000000,0.33276,0.33402,0.33152,0.33276,134990.105383,1765591199999
1765591200000,0.33355,0.33714,0.33304,0.33458,55409.726927,1765598399999
1765598400000,0.33429,0.33929,0.33414,0.33577,36831.07517,1765605599999
1765605600000,0.33617,0.34007,0.33457,0.33938,116760.827285,1765612799999
1765612800000,0.34051,0.34332,0.33787,0.33817,220415.215847,1765619999999
1765620000000,0.33793,0.34054,0.33668,0.33714,202766.859921,1765627199999
1765627200000,0.33689,0.33961,0.33678,0.3378,144885.111713,1765634399999
1765634400000,0.33805,0.34213,0.33755,0.33935,189872.200563,1765641599999
1765641600000,0.33894,0.34043,0.33796,0.33878,150973.681069,1765648799999
1765648800000,0.33838,0.34089,0.33838,0.34002,146252.330397,1765655999999
1765656000000,0.34013,0.34093,0.33822,0.33954,220042.1805,1765663199999
1765663200000,0.33958,0.34035,0.3373,0.33828,91586.264297,1765670399999
1765670400000,0.33788,0.33798,0.33609,0.33647,83933.047485,1765677599999
1765677600000,0.33696,0.33958,0.33647,0.33694,71533.453468,1765684799999
1765684800000,0.3369,0.33785,0.33139,0.33203,125925.658576,1765691999999
1765692000000,0.33214,0.33774,0.33103,0.33627,177442.962906,1765699199999
1765699200000,0.33627,0.33986,0.33621,0.33986,229436.782863,1765706399999
1765706400000,0.33965,0.34053,0.33312,0.33665,413270.340436,1765713599999
1765713600000,0.33613,0.33722,0.334,0.33586,354935.052111,1765720799999
1765720800000,0.33697,0.33697,0.32978,0.33071,215583.082024,1765727999999
1765728000000,0.32984,0.33369,0.32368,0.32558,484863.389285,1765735199999
1765735200000,0.32498,0.33109,0.32498,0.32609,458033.825087,1765742399999
1765742400000,0.32615,0.3299,0.32256,0.32318,179270.09319,1765749599999
1765749600000,0.32383,0.32559,0.31895,0.32283,283709.651674,1765756799999
1765756800000,0.32399,0.3333,0.32297,0.33081,213715.645118,1765763999999
1765764000000,0.33117,0.33536,0.32947,0.33253,172947.80522,1765771199999
1765771200000,0.33303,0.33685,0.33158,0.33664,121108.798249,1765778399999
1765778400000,0.33656,0.33698,0.33292,0.33292,81324.653422,1765785599999
1765785600000,0.33397,0.33772,0.33341,0.33732,137918.908547,1765792799999
1765792800000,0.33788,0.33879,0.33616,0.33652,105122.557053,1765799999999
1765800000000,0.33626,0.34128,0.33517,0.33869,243135.696769,1765807199999
1765807200000,0.33884,0.34522,0.31479,0.3189,773022.480137,1765814399999
1765814400000,0.31807,0.32043,0.31312,0.31312,426400.465029,1765821599999
1765821600000,0.31298,0.31838,0.30907,0.3131,835940.754137,1765828799999
1765828800000,0.3123,0.31667,0.30763,0.3139,401513.073099,1765835999999
1765836000000,0.3147,0.31855,0.31442,0.31771,315913.52178,1765843199999
1765843200000,0.31742,0.31947,0.31086,0.31219,322713.272305,1765850399999
1765850400000,0.31233,0.31586,0.31054,0.31501,289823.164582,1765857599999
1765857600000,0.31502,0.31504,0.30901,0.3128,240650.098325,1765864799999
1765864800000,0.31249,0.31528,0.30732,0.30826,249185.658805,1765871999999
1765872000000,0.308,0.31132,0.30784,0.309,468846.362762,1765879199999
1765879200000,0.30944,0.32148,0.30944,0.32015,446118.50783,1765886399999
1765886400000,0.32015,0.321,0.31287,0.31367,401516.576725,1765893599999
1765893600000,0.312,0.32,0.30997,0.31905,326779.234411,1765900799999
1765900800000,0.31762,0.32,0.31485,0.31551,296127.840611,1765907999999
1765908000000,0.31552,0.32302,0.31548,0.32119,351284.314585,1765915199999
1765915200000,0.3217,0.32306,0.3204,0.32182,161515.686479,1765922399999
1765922400000,0.32357,0.32396,0.32174,0.32338,151870.779558,1765929599999
1765929600000,0.322,0.3253,0.31985,0.32101,142363.211786,1765936799999
1765936800000,0.32152,0.32381,0.31953,0.3202,120032.618029,1765943999999
1765944000000,0.32079,0.32155,0.31532,0.31726,267153.622244,1765951199999
1765951200000,0.31701,0.32092,0.3169,0.31971,133442.586543,1765958399999
1765958400000,0.31943,0.31943,0.31544,0.31739,259118.15066,1765965599999
1765965600000,0.31677,0.31843,0.3153,0.31767,167109.825321,1765972799999
1765972800000,0.31841,0.32103,0.31623,0.32103,184280.096678,1765979999999
1765980000000,0.32098,0.34269,0.31479,0.32292,562483.080227,1765987199999
1765987200000,0.32306,0.32627,0.302,0.30399,730067.188144,1765994399999
1765994400000,0.30472,0.30792,0.2986,0.30565,338907.287313,1766001599999
1766001600000,0.30558,0.30696,0.3,0.30075,216587.589462,1766008799999
1766008800000,0.30065,0.30422,0.29893,0.30139,265921.822992,1766015999999
1766016000000,0.30143,0.30175,0.29781,0.29967,258792.132679,1766023199999
1766023200000,0.29999,0.30302,0.2989,0.29968,166306.372259,1766030399999
1766030400000,0.29961,0.30153,0.29342,0.29418,273197.47507,1766037599999
1766037600000,0.2935,0.29741,0.2935,0.297,291469.348658,1766044799999
1766044800000,0.2972,0.30125,0.29545,0.29719,300810.113565,1766051999999
1766052000000,0.29668,0.30031,0.29668,0.29934,290710.497101,1766059199999
1766059200000,0.29959,0.31346,0.2983,0.3123,457121.220396,1766066399999
1766066400000,0.31252,0.3162,0.30539,0.31158,402788.882479,1766073599999
1766073600000,0.31194,0.31194,0.28454,0.28923,1118313.749638,1766080799999
1766080800000,0.28922,0.29325,0.27682,0.27731,737129.767804,1766087999999
1766088000000,0.27914,0.28652,0.27842,0.28641,877671.248178,1766095199999
1766095200000,0.28678,0.28749,0.28024,0.28118,353511.449204,1766102399999
1766102400000,0.28113,0.28323,0.27921,0.28229,538340.921262,1766109599999
1766109600000,0.28152,0.29709,0.28122,0.29328,761160.612282,1766116799999
1766116800000,0.29308,0.29611,0.29034,0.29107,584688.572227,1766123999999
1766124000000,0.29125,0.29829,0.28975,0.29438,311892.999139,1766131199999
1766131200000,0.29466,0.29505,0.29076,0.29324,672551.966889,1766138399999
1766138400000,0.29296,0.29445,0.29139,0.29407,409266.310714,1766145599999
1766145600000,0.29352,0.29598,0.29251,0.29576,345546.975985,1766152799999
1766152800000,0.29569,0.31,0.29511,0.30071,661511.884737,1766159999999
1766160000000,0.30031,0.30818,0.2947,0.2947,882932.068217,1766167199999
1766167200000,0.29504,0.3064,0.29417,0.3051,436407.943588,1766174399999
1766174400000,0.3051,0.30748,0.30309,0.30309,445361.831087,1766181599999
1766181600000,0.30398,0.30657,0.30382,0.3043,285179.420971,1766188799999
1766188800000,0.30421,0.3055,0.30259,0.30407,223181.519148,1766195999999
1766196000000,0.30402,0.30427,0.30149,0.30277,207377.385129,1766203199999
1766203200000,0.30232,0.30253,0.29918,0.29918,185140.316413,1766210399999
1766210400000,0.29876,0.3005,0.29835,0.30025,73492.453094,1766217599999
1766217600000,0.30052,0.30236,0.29982,0.29994,300307.180665,1766224799999
1766224800000,0.30015,0.30023,0.29649,0.2987,237782.306209,1766231999999
1766232000000,0.29889,0.29902,0.296,0.29799,253034.828375,1766239199999
1766239200000,0.29786,0.29987,0.2962,0.29713,278663.150621,1766246399999
1766246400000,0.29721,0.29883,0.29627,0.29688,326953.310136,1766253599999
1766253600000,0.29693,0.29831,0.296,0.29729,152033.158613,1766260799999
1766260800000,0.29717,0.29739,0.29463,0.29512,304246.066738,1766267999999
1766268000000,0.29515,0.29708,0.29444,0.29549,485941.815954,1766275199999
1766275200000,0.29532,0.29546,0.29223,0.29263,118012.062697,1766282399999
1766282400000,0.29174,0.29573,0.29107,0.29483,266455.026295,1766289599999
1766289600000,0.29468,0.29841,0.29448,0.29758,324057.956716,1766296799999
1766296800000,0.29718,0.29883,0.29628,0.2966,209249.66051,1766303999999
1766304000000,0.29637,0.2987,0.29582,0.2987,409198.230802,1766311199999
1766311200000,0.29885,0.29885,0.29577,0.29595,54116.109239,1766318399999
1766318400000,0.29614,0.29736,0.28269,0.2835,750462.743584,1766325599999
1766325600000,0.28406,0.28809,0.28406,0.28723,623428.16587,1766332799999
1766332800000,0.28666,0.28976,0.28543,0.28778,150711.888892,1766339999999
1766340000000,0.28775,0.28804,0.28505,0.28804,130788.606579,1766347199999
1766347200000,0.28733,0.28764,0.28545,0.28676,146666.456603,1766354399999
1766354400000,0.28669,0.29263,0.28622,0.29045,159541.268612,1766361599999
1766361600000,0.29082,0.29978,0.29082,0.29202,330012.337259,1766368799999
1766368800000,0.29189,0.29242,0.28641,0.29143,128026.724372,1766375999999
1766376000000,0.29207,0.2927,0.28925,0.28938,213935.461093,1766383199999
1766383200000,0.28925,0.29018,0.28835,0.28839,128062.910374,1766390399999
1766390400000,0.28907,0.29228,0.28505,0.28573,241788.931434,1766397599999
1766397600000,0.28629,0.29002,0.28472,0.28897,253205.407179,1766404799999
1766404800000,0.28921,0.29175,0.28678,0.2887,334566.395099,1766411999999
1766412000000,0.28841,0.29074,0.28559,0.28906,280094.111813,1766419199999
1766419200000,0.28954,0.29006,0.28213,0.28335,476603.627614,1766426399999
1766426400000,0.2836,0.28618,0.27801,0.27873,398189.609752,1766433599999
1766433600000,0.27852,0.28238,0.27768,0.28045,449688.233136,1766440799999
1766440800000,0.28003,0.28487,0.27921,0.2848,252077.371662,1766447999999
1766448000000,0.28478,0.28905,0.28477,0.28565,443400.909551,1766455199999
1766455200000,0.28591,0.28759,0.28003,0.28183,349618.284662,1766462399999
1766462400000,0.28114,0.282,0.27,0.27431,392728.822556,1766469599999
1766469600000,0.27429,0.27614,0.27278,0.27278,342300.789058,1766476799999
1766476800000,0.27291,0.27522,0.27258,0.27401,216261.60637,1766483999999
1766484000000,0.27403,0.27705,0.2733,0.27648,298487.852929,1766491199999
1766491200000,0.27566,0.27577,0.27049,0.27139,784508.033094,1766498399999
1766498400000,0.27117,0.2729,0.26739,0.2704,916613.628467,1766505599999
1766505600000,0.26993,0.27681,0.26979,0.27158,700754.524364,1766512799999
1766512800000,0.27182,0.27704,0.27156,0.27583,427429.664993,1766519999999
1766520000000,0.27602,0.27924,0.27456,0.27514,728094.762774,1766527199999
1766527200000,0.27535,0.27583,0.272,0.27277,263327.474732,1766534399999
1766534400000,0.27308,0.27394,0.26978,0.26985,198978.86112,1766541599999
1766541600000,0.26937,0.26976,0.265,0.26976,315199.319213,1766548799999
1766548800000,0.26956,0.27047,0.2648,0.26566,116319.67163,1766555999999
1766556000000,0.26565,0.27148,0.26461,0.27032,489904.146582,1766563199999
1766563200000,0.27045,0.27168,0.26774,0.26846,555255.931409,1766570399999
1766570400000,0.26835,0.26955,0.26807,0.2686,321798.976254,1766577599999
1766577600000,0.26857,0.27074,0.26784,0.26848,383068.129,1766584799999
1766584800000,0.26858,0.27431,0.2665,0.27358,421181.585812,1766591999999
1766592000000,0.27416,0.27481,0.27102,0.27181,488166.798122,1766599199999
1766599200000,0.27158,0.27367,0.27129,0.27352,475051.699852,1766606399999
1766606400000,0.2734,0.27514,0.27294,0.27417,229830.432834,1766613599999
1766613600000,0.27419,0.27663,0.27419,0.27487,537239.198438,1766620799999
1766620800000,0.27493,0.27527,0.27286,0.27399,548386.191457,1766627999999
1766628000000,0.27344,0.27633,0.27316,0.27545,162504.093025,1766635199999
1766635200000,0.27532,0.27758,0.27532,0.27572,410381.244687,1766642399999
1766642400000,0.27545,0.27773,0.27545,0.27641,156574.755212,1766649599999
1766649600000,0.27681,0.27736,0.27235,0.27305,373625.28977,1766656799999
1766656800000,0.27306,0.27306,0.26766,0.26859,795520.923672,1766663999999
1766664000000,0.26868,0.27117,0.26807,0.27006,656792.248047,1766671199999
1766671200000,0.27002,0.27323,0.26698,0.27116,379446.624554,1766678399999
1766678400000,0.27153,0.27238,0.26757,0.26952,501994.141853,1766685599999
1766685600000,0.26956,0.27171,0.26866,0.26993,319236.388041,1766692799999
1766692800000,0.26988,0.27201,0.26924,0.27056,203693.544286,1766699999999
1766700000000,0.27065,0.271,0.255,0.26087,932124.223632,1766707199999
1766707200000,0.26071,0.26393,0.25841,0.26386,466422.992178,1766714399999
1766714400000,0.26399,0.2732,0.26388,0.26875,352309.305768,1766721599999
1766721600000,0.26849,0.26993,0.26674,0.26907,439401.125522,1766728799999
1766728800000,0.26943,0.27077,0.26688,0.2673,286365.49075,1766735999999
1766736000000,0.26821,0.27136,0.26777,0.27134,248038.840268,1766743199999
1766743200000,0.27135,0.2718,0.27029,0.27052,179017.118288,1766750399999
1766750400000,0.27122,0.27341,0.27122,0.27167,236665.241119,1766757599999
1766757600000,0.27187,0.27224,0.26232,0.2655,763678.982895,1766764799999
1766764800000,0.26563,0.26623,0.26263,0.2646,410153.576517,1766771999999
1766772000000,0.2645,0.26777,0.26417,0.26674,227872.629149,1766779199999
1766779200000,0.26652,0.26854,0.26621,0.26629,223347.386492,1766786399999
1766786400000,0.26595,0.26748,0.26556,0.26716,288729.431507,1766793599999
1766793600000,0.26721,0.26813,0.2662,0.26813,139521.958223,1766800799999
1766800800000,0.26806,0.27042,0.26752,0.26979,148552.781186,1766807999999
1766808000000,0.27001,0.27001,0.26694,0.26716,261035.544551,1766815199999
1766815200000,0.26723,0.26868,0.26647,0.26757,129805.246542,1766822399999
1766822400000,0.26768,0.26768,0.26592,0.26638,212596.160169,1766829599999
1766829600000,0.26593,0.26862,0.26381,0.26812,312100.002014,1766836799999
1766836800000,0.26837,0.2686,0.26582,0.26592,296386.2761,1766843999999
1766844000000,0.26631,0.26758,0.26593,0.2667,166254.656347,1766851199999
1766851200000,0.26791,0.26791,0.26645,0.26715,290054.240905,1766858399999
1766858400000,0.26698,0.26705,0.26607,0.26631,421618.760822,1766865599999
1766865600000,0.26662,0.26898,0.26618,0.26883,328168.469311,1766872799999
1766872800000,0.26915,0.2729,0.26719,0.27165,505824.642813,1766879999999
1766880000000,0.2722,0.2722,0.26801,0.26858,205669.264676,1766887199999
1766887200000,0.2688,0.26968,0.26786,0.26968,187885.254005,1766894399999
1766894400000,0.26947,0.27045,0.26846,0.26958,191163.213785,1766901599999
1766901600000,0.26975,0.27093,0.26918,0.26941,138908.991891,1766908799999
1766908800000,0.2694,0.2694,0.26709,0.26822,199138.359645,1766915999999
1766916000000,0.26819,0.26992,0.26819,0.26873,66357.421308,1766923199999
1766923200000,0.26896,0.26908,0.26745,0.26792,189226.161978,1766930399999
1766930400000,0.26863,0.27138,0.26796,0.2685,206921.186653,1766937599999
1766937600000,0.2685,0.26887,0.26488,0.26543,373041.040692,1766944799999
1766944800000,0.26545,0.26582,0.26151,0.2623,837755.211808,1766951999999
1766952000000,0.26206,0.26349,0.26053,0.26316,249245.295425,1766959199999
1766959200000,0.26335,0.26593,0.26279,0.26557,186047.351397,1766966399999
1766966400000,0.26555,0.27109,0.26533,0.26978,218265.669608,1766973599999
1766973600000,0.27022,0.27411,0.26992,0.27361,371087.613858,1766980799999
1766980800000,0.2727,0.27279,0.26965,0.26998,247170.950621,1766987999999
1766988000000,0.26918,0.27016,0.26658,0.26817,152991.227394,1766995199999
1766995200000,0.26848,0.26893,0.26094,0.26258,458987.953682,1767002399999
1767002400000,0.26254,0.26397,0.26157,0.2617,247426.078866,1767009599999
1767009600000,0.2615,0.26158,0.25113,0.25205,963372.128293,1767016799999
1767016800000,0.25191,0.25231,0.24653,0.24914,1101726.41319,1767023999999
1767024000000,0.24897,0.24994,0.24433,0.24882,1106888.908678,1767031199999
1767031200000,0.24881,0.24908,0.24627,0.24796,788878.253911,1767038399999
1767038400000,0.24732,0.24767,0.24441,0.24692,270324.364568,1767045599999
1767045600000,0.24605,0.24715,0.24466,0.24586,488561.233486,1767052799999
1767052800000,0.24587,0.24665,0.24237,0.24322,573193.240732,1767059999999
1767060000000,0.24303,0.24649,0.2417,0.24599,445577.207717,1767067199999
1767067200000,0.24577,0.24701,0.24384,0.24441,452781.454366,1767074399999
1767074400000,0.24445,0.2452,0.24312,0.24459,401525.429745,1767081599999
1767081600000,0.24452,0.24791,0.24452,0.24666,498774.793516,1767088799999
1767088800000,0.24692,0.24703,0.24444,0.24507,601819.126025,1767095999999
1767096000000,0.24513,0.24546,0.24235,0.24347,623014.838446,1767103199999
1767103200000,0.24311,0.24311,0.23111,0.23962,2624064.137652,1767110399999
1767110400000,0.24055,0.24267,0.23772,0.23846,977391.50027,1767117599999
1767117600000,0.23884,0.24015,0.23599,0.2394,851733.192322,1767124799999
1767124800000,0.2392,0.2392,0.23607,0.23647,768160.961092,1767131999999
1767132000000,0.23652,0.23735,0.23372,0.23534,487380.312567,1767139199999
1767139200000,0.235,0.23666,0.23421,0.23507,393834.76707,1767146399999
1767146400000,0.23477,0.23555,0.23234,0.23413,578042.885305,1767153599999
1767153600000,0.23435,0.23588,0.23347,0.23569,789560.326197,1767160799999
1767160800000,0.23545,0.23589,0.23437,0.23533,529037.389357,1767167999999
1767168000000,0.23545,0.23597,0.23298,0.23504,701061.656683,1767175199999
1767175200000,0.23518,0.23518,0.23306,0.2334,657606.956501,1767182399999
1767182400000,0.23317,0.23456,0.23075,0.23397,624119.282249,1767189599999
1767189600000,0.23397,0.2356,0.23107,0.23217,949631.490249,1767196799999
1767196800000,0.2325,0.23328,0.22263,0.22604,2009169.031133,1767203999999
1767204000000,0.22538,0.22888,0.2245,0.22834,593275.628545,1767211199999
1767211200000,0.22808,0.23086,0.22697,0.23046,520923.785897,1767218399999
1767218400000,0.23018,0.23051,0.22921,0.22935,269018.108194,1767225599999
1767225600000,0.23005,0.23067,0.22851,0.22853,399219.172786,1767232799999
1767232800000,0.22846,0.22964,0.22799,0.2287,328795.562971,1767239999999
1767240000000,0.22871,0.23049,0.22822,0.23049,153588.203953,1767247199999
1767247200000,0.23056,0.23115,0.23021,0.23021,96793.322737,1767254399999
1767254400000,0.23041,0.23309,0.2303,0.23229,871235.371827,1767261599999
1767261600000,0.23235,0.23296,0.23152,0.23248,186174.470066,1767268799999
1767268800000,0.23259,0.23337,0.23073,0.23337,396927.646494,1767275999999
1767276000000,0.2337,0.24012,0.23327,0.23823,542960.947852,1767283199999
1767283200000,0.23833,0.24526,0.2359,0.24274,1500824.645009,1767290399999
1767290400000,0.24309,0.24647,0.24196,0.24647,672541.497108,1767297599999
1767297600000,0.2465,0.24891,0.24547,0.24799,693293.093956,1767304799999
1767304800000,0.24818,0.258,0.24807,0.25635,1241893.156213,1767311999999
1767312000000,0.25658,0.25705,0.24861,0.24975,922283.968357,1767319199999
1767319200000,0.25001,0.25509,0.24707,0.25394,1096129.303844,1767326399999
1767326400000,0.25438,0.256,0.25207,0.25569,951242.571926,1767333599999
1767333600000,0.25575,0.2583,0.24882,0.24912,896985.518147,1767340799999
1767340800000,0.24925,0.25896,0.248,0.25657,1938830.106485,1767347999999
1767348000000,0.25709,0.25878,0.2506,0.25222,2022053.277234,1767355199999
1767355200000,0.25212,0.26442,0.25151,0.25691,2384805.999279,1767362399999
1767362400000,0.25699,0.26607,0.25272,0.26551,2544679.795984,1767369599999
1767369600000,0.26564,0.28875,0.2627,0.27966,5300811.537207,1767376799999
1767376800000,0.27966,0.28136,0.272,0.27305,3086118.593187,1767383999999
1767384000000,0.27308,0.27625,0.27091,0.275,1231373.385266,1767391199999
1767391200000,0.27514,0.28138,0.27489,0.27787,1671746.372607,1767398399999
1767398400000,0.27821,0.27997,0.27484,0.27726,1038709.011047,1767405599999
1767405600000,0.27702,0.28351,0.27459,0.28232,1190761.923266,1767412799999
1767412800000,0.28233,0.28296,0.27842,0.28063,803657.420356,1767419999999
1767420000000,0.28069,0.28327,0.26897,0.27015,1359395.59794,1767427199999
1767427200000,0.27,0.27828,0.26929,0.2748,1118979.688379,1767434399999
1767434400000,0.27503,0.27514,0.27118,0.27266,942747.472737,1767441599999
1767441600000,0.27221,0.27529,0.27118,0.27456,1087592.26776,1767448799999
1767448800000,0.27451,0.278,0.27418,0.2773,492286.316145,1767455999999
1767456000000,0.2774,0.29612,0.2774,0.29366,2562243.500927,1767463199999
1767463200000,0.29425,0.2948,0.28133,0.2852,2872069.666356,1767470399999
1767470400000,0.2852,0.28785,0.282,0.28619,1086153.833498,1767477599999
1767477600000,0.28638,0.29542,0.28636,0.28922,1566074.623927,1767484799999
1767484800000,0.28918,0.29641,0.28884,0.29109,1280897.22925,1767491999999
1767492000000,0.29089,0.31,0.29073,0.30353,1715317.095093,1767499199999
1767499200000,0.30317,0.30478,0.296,0.30133,1009223.001455,1767506399999
1767506400000,0.30144,0.30692,0.29877,0.3038,3028803.078948,1767513599999
1767513600000,0.30384,0.3146,0.29913,0.31076,2015031.683956,1767520799999
1767520800000,0.31074,0.31812,0.30969,0.31741,1571283.951869,1767527999999
1767528000000,0.31703,0.33273,0.31251,0.33113,2917334.290174,1767535199999
1767535200000,0.33101,0.36666,0.32794,0.34049,1.2120745157293E7,1767542399999
1767542400000,0.34083,0.34959,0.33701,0.34592,2989711.470368,1767549599999
1767549600000,0.34584,0.34851,0.336,0.34509,973325.749454,1767556799999
1767556800000,0.34372,0.35029,0.34284,0.3486,1291472.621831,1767563999999
1767564000000,0.34789,0.35182,0.34445,0.34703,404446.124412,1767571199999
1767571200000,0.3461,0.34931,0.326,0.34295,1352401.239129,1767578399999
1767578400000,0.34375,0.34809,0.33871,0.33926,507573.062302,1767585599999
1767585600000,0.34,0.34249,0.33262,0.33682,361452.580503,1767592799999
1767592800000,0.33797,0.34663,0.33091,0.34236,1639871.740041,1767599999999
1767600000000,0.3412,0.34166,0.33,0.33194,1805540.783913,1767607199999
1767607200000,0.33197,0.33435,0.32815,0.33175,933612.766751,1767614399999
1767614400000,0.33158,0.33755,0.33052,0.33683,330866.289625,1767621599999
1767621600000,0.33623,0.34329,0.3348,0.34191,349570.782638,1767628799999
1767628800000,0.34072,0.35538,0.33811,0.3475,858088.042145,1767635999999
1767636000000,0.34758,0.35236,0.34395,0.34509,525633.957982,1767643199999
1767643200000,0.34451,0.35495,0.34432,0.3464,620848.729932,1767650399999
1767650400000,0.34665,0.35352,0.3462,0.34932,287915.365652,1767657599999
1767657600000,0.34839,0.35786,0.34668,0.34996,525144.394429,1767664799999
1767664800000,0.35017,0.36644,0.34835,0.36272,847390.049082,1767671999999
1767672000000,0.3619,0.36193,0.35002,0.3507,284241.247992,1767679199999
1767679200000,0.35093,0.35097,0.34257,0.34625,481607.892274,1767686399999
1767686400000,0.34595,0.35837,0.34595,0.35575,652520.92889,1767693599999
1767693600000,0.35565,0.38502,0.35491,0.38032,2108619.186618,1767700799999
1767700800000,0.38047,0.43011,0.37844,0.4142,7163576.535554,1767707999999
1767708000000,0.41348,0.41473,0.3454,0.37211,7507417.23878399,1767715199999
1767715200000,0.37105,0.376,0.35795,0.36646,2497589.470632,1767722399999
1767722400000,0.36473,0.36914,0.361,0.362,1411344.138511,1767729599999
1767729600000,0.36204,0.37381,0.36124,0.37003,796774.182853,1767736799999
1767736800000,0.37084,0.37085,0.3592,0.35999,1135720.982627,1767743999999
1767744000000,0.35949,0.36027,0.34899,0.35015,413571.309755,1767751199999
1767751200000,0.34962,0.35338,0.34906,0.35051,109058.713869,1767758399999
1767758400000,0.35049,0.35215,0.34572,0.35022,227731.399967,1767765599999
1767765600000,0.35051,0.35782,0.35,0.35765,627732.862498,1767772799999
1767772800000,0.35765,0.36713,0.34786,0.34911,1196483.774558,1767779999999
1767780000000,0.34943,0.35134,0.34833,0.34977,280426.213221,1767787199999
1767787200000,0.3494,0.34953,0.344,0.34464,881674.852328,1767794399999
1767794400000,0.34465,0.34847,0.33866,0.33906,1543401.030974,1767801599999
1767801600000,0.33861,0.34114,0.336,0.33695,349037.104168,1767808799999
1767808800000,0.33745,0.33983,0.33298,0.33561,412288.868644,1767815999999
1767816000000,0.336,0.33745,0.33362,0.33389,101008.019367,1767823199999
1767823200000,0.33393,0.33993,0.33049,0.33396,507493.271128,1767830399999
1767830400000,0.33284,0.33744,0.33273,0.33641,158822.215989,1767837599999
1767837600000,0.33617,0.33737,0.32637,0.32959,505849.102017,1767844799999
1767844800000,0.32964,0.33391,0.3296,0.33126,295824.840374,1767851999999
1767852000000,0.33093,0.33439,0.32687,0.33357,153412.313847,1767859199999
1767859200000,0.33495,0.33495,0.323,0.32429,524939.802469,1767866399999
1767866400000,0.32447,0.32848,0.32132,0.32792,403975.347435,1767873599999
1767873600000,0.32838,0.33183,0.32461,0.32678,400433.394315,1767880799999
1767880800000,0.32656,0.33602,0.32078,0.33602,809592.565657,1767887999999
1767888000000,0.33691,0.33756,0.33203,0.33451,292614.742943,1767895199999
1767895200000,0.33456,0.33465,0.3262,0.32654,161623.907367,1767902399999
1767902400000,0.32462,0.332,0.32321,0.33133,254587.406413,1767909599999
1767909600000,0.33158,0.33193,0.32524,0.32612,373520.634976,1767916799999
1767916800000,0.3264,0.32722,0.32165,0.32306,203524.164331,1767923999999
1767924000000,0.32298,0.33,0.32297,0.32951,112472.078026,1767931199999
1767931200000,0.32991,0.33046,0.32808,0.32948,108725.562369,1767938399999
1767938400000,0.3294,0.33128,0.32833,0.3301,123368.887486,1767945599999
1767945600000,0.33037,0.33444,0.32602,0.33024,360693.979241,1767952799999
1767952800000,0.33039,0.33317,0.32868,0.33133,227822.390711,1767959999999
1767960000000,0.33157,0.335,0.32849,0.33029,293966.743314,1767967199999
1767967200000,0.32997,0.33569,0.32469,0.32864,318627.147761,1767974399999
1767974400000,0.33106,0.34229,0.33103,0.33614,507381.652114,1767981599999
1767981600000,0.33657,0.33869,0.32905,0.32905,532437.676656,1767988799999
1767988800000,0.32834,0.33418,0.32834,0.33334,237577.780038,1767995999999
1767996000000,0.33318,0.33545,0.33215,0.33292,124144.244423,1768003199999
1768003200000,0.33274,0.33274,0.32914,0.3295,236007.886297,1768010399999
1768010400000,0.32954,0.32968,0.32584,0.32666,128449.809752,1768017599999
1768017600000,0.32595,0.32765,0.32316,0.32316,118103.749202,1768024799999
1768024800000,0.32343,0.32581,0.32175,0.32433,120174.107541,1768031999999
1768032000000,0.32414,0.32821,0.3238,0.32791,219176.852399,1768039199999
1768039200000,0.32744,0.33012,0.32661,0.32942,214848.715612,1768046399999
1768046400000,0.33264,0.33329,0.33146,0.332,58441.976284,1768053599999
1768053600000,0.33231,0.33231,0.32709,0.32827,95295.897138,1768060799999
1768060800000,0.3276,0.32905,0.32532,0.32562,102632.042877,1768067999999
1768068000000,0.326,0.329,0.32472,0.32789,26946.882201,1768075199999
1768075200000,0.32849,0.32849,0.32557,0.32597,57358.93308,1768082399999
1768082400000,0.32594,0.32634,0.32288,0.32585,90530.179306,1768089599999
1768089600000,0.32562,0.32741,0.32446,0.32653,76653.449779,1768096799999
1768096800000,0.32667,0.32975,0.32667,0.32815,85435.050451,1768103999999
1768104000000,0.32748,0.32748,0.32466,0.32634,118991.773171,1768111199999
1768111200000,0.32617,0.32875,0.32452,0.32789,65174.474739,1768118399999
1768118400000,0.32782,0.33021,0.32671,0.32829,86906.520856,1768125599999
1768125600000,0.32966,0.32995,0.3281,0.32939,69692.748942,1768132799999
1768132800000,0.32927,0.33266,0.32919,0.32955,214368.447103,1768139999999
1768140000000,0.32979,0.33226,0.32382,0.32592,144741.385214,1768147199999
1768147200000,0.32563,0.33037,0.32503,0.32724,131226.380616,1768154399999
1768154400000,0.32717,0.32896,0.32575,0.32656,91872.264143,1768161599999
1768161600000,0.32426,0.32616,0.32138,0.32616,124349.90676,1768168799999
1768168800000,0.32547,0.32547,0.3172,0.32315,218773.271636,1768175999999
1768176000000,0.3232,0.32892,0.31892,0.32639,169205.428821,1768183199999
1768183200000,0.32721,0.33696,0.32715,0.32984,765960.41871,1768190399999
1768190400000,0.32985,0.33306,0.32889,0.33098,244687.368284,1768197599999
1768197600000,0.33118,0.33304,0.31,0.31967,1138796.5687,1768204799999
1768204800000,0.3196,0.32171,0.31363,0.3171,647038.267465,1768211999999
1768212000000,0.31725,0.31959,0.31644,0.31886,328326.814656,1768219199999
1768219200000,0.31869,0.32023,0.3141,0.31472,359835.934806,1768226399999
1768226400000,0.31479,0.32605,0.31207,0.32432,735057.450217,1768233599999
1768233600000,0.32376,0.32751,0.31947,0.32016,161997.337907,1768240799999
1768240800000,0.32008,0.32397,0.31932,0.32182,230564.659355,1768247999999
1768248000000,0.32131,0.32362,0.31453,0.31569,189001.819588,1768255199999
1768255200000,0.31572,0.31798,0.31448,0.31606,205766.069207,1768262399999
1768262400000,0.31602,0.31942,0.31559,0.31783,298572.03223,1768269599999
1768269600000,0.31844,0.32064,0.31297,0.31594,256833.779321,1768276799999
1768276800000,0.31618,0.32208,0.31552,0.31955,299281.077061,1768283999999
1768284000000,0.31962,0.32183,0.31607,0.31942,429935.042254,1768291199999
1768291200000,0.3195,0.32151,0.31863,0.32066,251849.09618,1768298399999
1768298400000,0.32071,0.32812,0.32049,0.32472,710280.890185,1768305599999
1768305600000,0.32508,0.33523,0.32427,0.33,803067.184954,1768312799999
1768312800000,0.3301,0.34,0.32528,0.33565,1288281.472574,1768319999999
1768320000000,0.33558,0.33964,0.33275,0.33622,698494.827943,1768327199999
1768327200000,0.33633,0.34131,0.33594,0.34069,380917.111092,1768334399999
1768334400000,0.34126,0.34517,0.33819,0.34515,437218.568436,1768341599999
1768341600000,0.34547,0.37361,0.34494,0.36058,3103016.970023,1768348799999
1768348800000,0.36071,0.36418,0.3569,0.35935,533455.847365,1768355999999
1768356000000,0.35941,0.36563,0.35788,0.36335,119430.98276,1768363199999
1768363200000,0.36305,0.36305,0.35321,0.35671,647600.220528,1768370399999
1768370400000,0.35633,0.35796,0.3523,0.35651,509067.486195,1768377599999
1768377600000,0.35626,0.36336,0.35555,0.36259,339642.968464,1768384799999
1768384800000,0.36269,0.36706,0.35758,0.3586,664967.574184,1768391999999
1768392000000,0.35928,0.36041,0.35061,0.35225,391533.105871,1768399199999
1768399200000,0.35217,0.35995,0.35201,0.35472,734039.37481,1768406399999
1768406400000,0.35555,0.36835,0.35555,0.35677,1369013.840665,1768413599999
1768413600000,0.3568,0.36014,0.34901,0.3582,1299564.930829,1768420799999
1768420800000,0.35699,0.36098,0.35166,0.35369,314232.608072,1768427999999
1768428000000,0.35441,0.35676,0.35026,0.35313,417331.778989,1768435199999
1768435200000,0.3525,0.35292,0.34523,0.34625,543426.76445,1768442399999
1768442400000,0.34671,0.34724,0.33377,0.33546,368758.267538,1768449599999
1768449600000,0.335,0.34077,0.335,0.33925,247233.470434,1768456799999
1768456800000,0.33926,0.34361,0.33828,0.34134,509576.615621,1768463999999
1768464000000,0.34165,0.34425,0.33884,0.34221,163764.772804,1768471199999
1768471200000,0.34154,0.34154,0.33661,0.33776,70306.323391,1768478399999
1768478400000,0.3375,0.34344,0.3375,0.34239,169455.444473,1768485599999
1768485600000,0.3422,0.34359,0.3258,0.33189,1051595.313885,1768492799999
1768492800000,0.33199,0.33565,0.32912,0.33068,548395.772411,1768499999999
1768500000000,0.33106,0.33165,0.32259,0.32816,716100.58803,1768507199999
1768507200000,0.32803,0.33068,0.32643,0.32973,110175.239172,1768514399999
1768514400000,0.33018,0.334,0.33001,0.33233,329522.833609,1768521599999
1768521600000,0.33178,0.33281,0.33052,0.33085,96650.308716,1768528799999
1768528800000,0.33077,0.3313,0.32844,0.3297,161814.538448,1768535999999
1768536000000,0.3303,0.33175,0.327,0.33051,140324.466989,1768543199999
1768543200000,0.33036,0.33174,0.32962,0.32981,137681.018653,1768550399999
1768550400000,0.33046,0.33405,0.33046,0.33146,517720.68131,1768557599999
1768557600000,0.33131,0.33168,0.32895,0.33113,151214.990981,1768564799999
1768564800000,0.33075,0.33135,0.32616,0.32768,254628.58587,1768571999999
1768572000000,0.32758,0.33026,0.31831,0.3209,689228.780242,1768579199999
1768579200000,0.32037,0.32799,0.32004,0.32799,426530.466648,1768586399999
1768586400000,0.32835,0.3297,0.3258,0.32839,153692.155584,1768593599999
1768593600000,0.32737,0.33438,0.32525,0.3321,313210.038763,1768600799999
1768600800000,0.33211,0.33532,0.33105,0.33465,272765.583247,1768607999999
1768608000000,0.33484,0.33513,0.33255,0.33351,487684.298872,1768615199999
1768615200000,0.33351,0.33351,0.32975,0.33134,191022.696595,1768622399999
1768622400000,0.33156,0.33383,0.331,0.33289,159855.814596,1768629599999
1768629600000,0.33281,0.33285,0.33069,0.33269,49276.398454,1768636799999
1768636800000,0.33278,0.33549,0.33176,0.33312,235819.821001,1768643999999
1768644000000,0.33273,0.3335,0.33124,0.33143,66939.709186,1768651199999
1768651200000,0.33127,0.33315,0.33054,0.33119,73746.293859,1768658399999
1768658400000,0.33111,0.33496,0.32962,0.33471,694197.526514,1768665599999
1768665600000,0.33423,0.33463,0.33021,0.33147,462667.361594,1768672799999
1768672800000,0.331,0.33253,0.33044,0.33217,76104.278554,1768679999999
1768680000000,0.33214,0.33233,0.33004,0.33091,144086.78997,1768687199999
1768687200000,0.33053,0.33055,0.32626,0.32694,167344.969863,1768694399999
1768694400000,0.32636,0.33325,0.32418,0.32507,487022.383796,1768701599999
1768701600000,0.32505,0.32637,0.32347,0.32429,118910.950845,1768708799999
1768708800000,0.32429,0.3263,0.3228,0.32435,244730.121317,1768715999999
1768716000000,0.32471,0.32522,0.32241,0.32337,200267.371147,1768723199999
1768723200000,0.32358,0.32538,0.32271,0.32528,195198.791933,1768730399999
1768730400000,0.32519,0.32756,0.32392,0.32583,140000.936428,1768737599999
1768737600000,0.32582,0.32637,0.32292,0.32406,172998.57586,1768744799999
1768744800000,0.32404,0.32579,0.32036,0.32206,411851.985624,1768751999999
1768752000000,0.32198,0.32375,0.32054,0.32277,322774.368665,1768759199999
1768759200000,0.32266,0.32706,0.32044,0.32099,260796.827067,1768766399999
1768766400000,0.32105,0.3246,0.32061,0.32199,249998.252712,1768773599999
1768773600000,0.32218,0.32331,0.30162,0.30244,817901.607334,1768780799999
1768780800000,0.30128,0.30128,0.26796,0.29133,1216598.385585,1768787999999
1768788000000,0.29147,0.29326,0.29039,0.29251,201391.107111,1768795199999
1768795200000,0.29238,0.29405,0.2884,0.28918,383055.154232,1768802399999
1768802400000,0.28904,0.29577,0.28856,0.29562,397047.762072,1768809599999
1768809600000,0.29578,0.29827,0.29216,0.29309,538982.619206,1768816799999
1768816800000,0.29318,0.29458,0.29081,0.29281,297195.491116,1768823999999
1768824000000,0.29287,0.29343,0.29093,0.29223,436303.129427,1768831199999
1768831200000,0.29219,0.29622,0.292,0.29439,179833.83711,1768838399999
1768838400000,0.29358,0.29963,0.29344,0.29726,150836.118027,1768845599999
1768845600000,0.29782,0.30511,0.29738,0.30353,302620.94107,1768852799999
1768852800000,0.30374,0.30704,0.3026,0.30277,251770.202652,1768859999999
1768860000000,0.30247,0.30353,0.29927,0.30211,414053.485602,1768867199999
1768867200000,0.30314,0.30314,0.29945,0.30166,116479.564269,1768874399999
1768874400000,0.3013,0.30266,0.29836,0.29946,190273.708122,1768881599999
1768881600000,0.29878,0.3034,0.29717,0.30121,234788.479805,1768888799999
1768888800000,0.30106,0.30106,0.29221,0.29221,197135.036881,1768895999999
1768896000000,0.29239,0.29288,0.28756,0.28855,449448.282393,1768903199999
1768903200000,0.28823,0.29126,0.2865,0.2872,407125.115438,1768910399999
1768910400000,0.28737,0.28871,0.2833,0.28371,661139.197466,1768917599999
1768917600000,0.28382,0.29306,0.28378,0.28504,529885.922049,1768924799999
1768924800000,0.28616,0.28759,0.28,0.28199,325773.035822,1768931999999
1768932000000,0.28219,0.28223,0.27858,0.28135,554164.762345,1768939199999
1768939200000,0.28059,0.28654,0.28059,0.2829,227365.376586,1768946399999
1768946400000,0.28315,0.28415,0.27727,0.28084,427979.332498,1768953599999
1768953600000,0.28145,0.29392,0.28086,0.29149,675081.555795,1768960799999
1768960800000,0.29195,0.29443,0.28998,0.29094,331853.495582,1768967999999
1768968000000,0.29118,0.29179,0.28964,0.2904,293610.372829,1768975199999
1768975200000,0.29007,0.29235,0.28938,0.29002,253870.361982,1768982399999
1768982400000,0.29051,0.29152,0.28672,0.28815,227539.365273,1768989599999
1768989600000,0.28805,0.28873,0.2836,0.28424,277272.452815,1768996799999
1768996800000,0.28417,0.28447,0.27874,0.27943,411730.677865,1769003999999
1769004000000,0.27928,0.29536,0.27928,0.29399,1043962.707596,1769011199999
1769011200000,0.29415,0.29421,0.27542,0.27984,1168916.43126,1769018399999
1769018400000,0.27973,0.297,0.27824,0.29418,840688.241711,1769025599999
1769025600000,0.29398,0.30045,0.289,0.29701,1076981.480007,1769032799999
1769032800000,0.29701,0.29784,0.28897,0.29022,571806.813126,1769039999999
1769040000000,0.29159,0.29439,0.29042,0.29225,698435.169828,1769047199999
1769047200000,0.29215,0.29382,0.28728,0.28864,142247.865489,1769054399999
1769054400000,0.28944,0.29212,0.28901,0.29031,266456.977248,1769061599999
1769061600000,0.29058,0.291,0.28778,0.2896,287595.896581,1769068799999
1769068800000,0.29061,0.29359,0.28902,0.29266,161823.6592,1769075999999
1769076000000,0.29261,0.29261,0.28871,0.28918,504279.176334,1769083199999
1769083200000,0.2891,0.28997,0.28632,0.28704,347754.768964,1769090399999
1769090400000,0.28698,0.2871,0.27828,0.28101,515616.454187,1769097599999
1769097600000,0.28309,0.28693,0.28128,0.28678,409817.494566,1769104799999
1769104800000,0.28597,0.28615,0.2819,0.28502,506368.936458,1769111999999
1769112000000,0.2849,0.28539,0.28134,0.28251,377280.04737,1769119199999
1769119200000,0.28271,0.28446,0.2813,0.28356,209762.823875,1769126399999
1769126400000,0.28375,0.28945,0.28363,0.28827,289449.924698,1769133599999
1769133600000,0.28768,0.28999,0.28678,0.28878,68711.950957,1769140799999
1769140800000,0.28862,0.29029,0.28853,0.29017,228039.075484,1769147999999
1769148000000,0.29067,0.29107,0.28755,0.28876,391050.762108,1769155199999
1769155200000,0.28871,0.28939,0.28482,0.28611,361914.922394,1769162399999
1769162400000,0.28605,0.28679,0.2846,0.28616,244846.199367,1769169599999
1769169600000,0.28641,0.28669,0.28508,0.28522,208012.688172,1769176799999
1769176800000,0.28503,0.28724,0.27816,0.28646,568262.91295,1769183999999
1769184000000,0.28678,0.29435,0.28418,0.28857,987655.158175,1769191199999
1769191200000,0.28861,0.29191,0.28124,0.28179,480931.595976,1769198399999
1769198400000,0.28177,0.28331,0.27873,0.28065,518992.590172,1769205599999
1769205600000,0.28061,0.2834,0.28053,0.28322,499686.524145,1769212799999
1769212800000,0.28322,0.28393,0.27974,0.28162,327184.021289,1769219999999
1769220000000,0.28162,0.28584,0.28137,0.28451,583931.51203,1769227199999
1769227200000,0.28455,0.28646,0.28323,0.284,452134.985246,1769234399999
1769234400000,0.28433,0.2856,0.28343,0.28406,184727.645101,1769241599999
1769241600000,0.28399,0.28538,0.28367,0.28413,102648.009045,1769248799999
1769248800000,0.2841,0.28737,0.28382,0.28592,192761.349737,1769255999999
1769256000000,0.28604,0.28676,0.28475,0.28512,138878.10146,1769263199999
1769263200000,0.28469,0.28647,0.2814,0.28192,175473.141174,1769270399999
1769270400000,0.28192,0.28292,0.28023,0.2827,696161.258274,1769277599999
1769277600000,0.28288,0.28361,0.28141,0.28171,321592.885677,1769284799999
1769284800000,0.28169,0.28364,0.28169,0.28206,463830.726828,1769291999999
1769292000000,0.2821,0.28393,0.28196,0.2825,409503.630748,1769299199999
1769299200000,0.28247,0.28346,0.28,0.28062,705433.593319,1769306399999
1769306400000,0.28058,0.28227,0.27756,0.2786,419436.031625,1769313599999
1769313600000,0.27853,0.28006,0.27812,0.27941,333648.416308,1769320799999
1769320800000,0.27919,0.27966,0.27745,0.2792,302515.545212,1769327999999
1769328000000,0.27912,0.28204,0.27708,0.28033,408632.958552,1769335199999
1769335200000,0.28033,0.28289,0.27986,0.28066,412311.936291,1769342399999
1769342400000,0.28058,0.28058,0.27816,0.27977,431177.998873,1769349599999
1769349600000,0.27968,0.27981,0.27621,0.27817,308902.472287,1769356799999
1769356800000,0.27811,0.27811,0.26971,0.27124,416099.774597,1769363999999
1769364000000,0.27129,0.27216,0.26097,0.26296,1415283.067148,1769371199999
1769371200000,0.26296,0.26862,0.26286,0.26781,650827.158402,1769378399999
1769378400000,0.26799,0.26874,0.26437,0.26808,417012.287949,1769385599999
1769385600000,0.26838,0.27523,0.26735,0.27431,178878.673967,1769392799999
1769392800000,0.27392,0.27392,0.27036,0.27127,180448.763235,1769399999999
1769400000000,0.27146,0.27513,0.27108,0.27395,294944.42677,1769407199999
1769407200000,0.27392,0.27593,0.27328,0.27553,207180.039086,1769414399999
1769414400000,0.27587,0.27814,0.27297,0.27338,228882.618533,1769421599999
1769421600000,0.27354,0.27589,0.27348,0.27586,279045.06936,1769428799999
1769428800000,0.27612,0.27707,0.27531,0.27668,264229.691522,1769435999999
1769436000000,0.27668,0.28263,0.27437,0.27645,504162.066706,1769443199999
1769443200000,0.27668,0.27839,0.27435,0.2766,398370.306771,1769450399999
1769450400000,0.2764,0.27869,0.27593,0.27623,306015.211742,1769457599999
1769457600000,0.27626,0.27909,0.27481,0.27774,351776.787855,1769464799999
1769464800000,0.27793,0.27852,0.27539,0.27613,526158.74924,1769471999999
1769472000000,0.27601,0.27853,0.27481,0.2773,567770.014734,1769479199999
1769479200000,0.27738,0.27853,0.2748,0.27507,185376.031866,1769486399999
1769486400000,0.27499,0.27668,0.27409,0.27457,280763.080449,1769493599999
1769493600000,0.27517,0.27625,0.27363,0.27556,323561.512209,1769500799999
1769500800000,0.27585,0.27683,0.2734,0.2734,304581.31382,1769507999999
1769508000000,0.27381,0.27433,0.27271,0.2729,133713.371797,1769515199999
1769515200000,0.27284,0.27298,0.26998,0.27026,230706.460245,1769522399999
1769522400000,0.27028,0.27494,0.26928,0.27487,799944.18495,1769529599999
1769529600000,0.27495,0.27888,0.26946,0.27087,273776.664794,1769536799999
1769536800000,0.2709,0.27609,0.26999,0.27429,287240.832144,1769543999999
1769544000000,0.27426,0.27761,0.27245,0.27245,635895.267512,1769551199999
1769551200000,0.27347,0.27398,0.26917,0.26917,274848.737089,1769558399999
1769558400000,0.26975,0.27015,0.26656,0.26894,264064.79456,1769565599999
1769565600000,0.26937,0.27064,0.26852,0.26914,174552.155584,1769572799999
1769572800000,0.26877,0.26951,0.26745,0.26897,215982.09605,1769579999999
1769580000000,0.27178,0.27424,0.26951,0.27,487734.456156,1769587199999
1769587200000,0.27001,0.27283,0.26888,0.27221,373897.701584,1769594399999
1769594400000,0.27256,0.27356,0.26899,0.27356,353394.536645,1769601599999
1769601600000,0.27283,0.27361,0.2698,0.27147,528518.98161,1769608799999
1769608800000,0.27124,0.2713,0.26518,0.26636,596319.537297,1769615999999
1769616000000,0.26646,0.26792,0.26243,0.26628,424301.744782,1769623199999
1769623200000,0.26626,0.26733,0.26337,0.26711,302041.19104,1769630399999
1769630400000,0.26616,0.27066,0.26468,0.26777,770517.439212,1769637599999
1769637600000,0.26798,0.27164,0.2665,0.26709,576360.811914,1769644799999
1769644800000,0.26757,0.26807,0.26182,0.26228,426259.072613,1769651999999
1769652000000,0.26236,0.26325,0.2566,0.25879,477196.698589,1769659199999
1769659200000,0.25872,0.25906,0.25723,0.25777,491065.041488,1769666399999
1769666400000,0.25803,0.25901,0.25702,0.25716,355337.690265,1769673599999
1769673600000,0.2569,0.25708,0.25293,0.25349,361913.291965,1769680799999
1769680800000,0.25353,0.25472,0.25257,0.25346,241662.931719,1769687999999
1769688000000,0.25338,0.25572,0.25166,0.25558,391486.552914,1769695199999
1769695200000,0.25553,0.25567,0.24046,0.24703,1187267.904333,1769702399999
1769702400000,0.2456,0.2519,0.24388,0.24553,370782.71081,1769709599999
1769709600000,0.24541,0.2463,0.23955,0.24309,1193458.329443,1769716799999
1769716800000,0.24246,0.24609,0.24191,0.24522,420731.006522,1769723999999
1769724000000,0.24551,0.24724,0.24415,0.24698,486603.371878,1769731199999
1769731200000,0.24745,0.24895,0.23464,0.24536,849330.109825,1769738399999
1769738400000,0.24507,0.24648,0.24042,0.24352,826192.00527,1769745599999
1769745600000,0.24365,0.24658,0.24346,0.24516,349971.943748,1769752799999
1769752800000,0.24487,0.24488,0.23928,0.24292,584031.190101,1769759999999
1769760000000,0.24276,0.24334,0.24036,0.24146,216294.988909,1769767199999
1769767200000,0.24138,0.24729,0.24094,0.24603,326326.508914,1769774399999
1769774400000,0.24629,0.24632,0.242,0.24358,392214.737842,1769781599999
1769781600000,0.24405,0.2477,0.24295,0.24557,436867.213726,1769788799999
1769788800000,0.24528,0.24846,0.24386,0.24549,835871.33115,1769795999999
1769796000000,0.2455,0.24798,0.2384,0.24489,1122386.761983,1769803199999
1769803200000,0.2449,0.24504,0.23942,0.24214,1076497.811771,1769810399999
1769810400000,0.24191,0.24301,0.24,0.24295,797286.375193,1769817599999
1769817600000,0.24304,0.24309,0.24089,0.24182,708141.341799,1769824799999
1769824800000,0.24191,0.24267,0.24068,0.24082,514685.666507,1769831999999
1769832000000,0.2408,0.24142,0.23896,0.23936,686298.583018,1769839199999
1769839200000,0.23947,0.23957,0.234,0.23639,1102960.545336,1769846399999
1769846400000,0.23641,0.23706,0.23263,0.23592,474653.296957,1769853599999
1769853600000,0.23592,0.23684,0.23397,0.23408,320768.671044,1769860799999
1769860800000,0.23419,0.23454,0.23,0.23088,249605.980464,1769867999999
1769868000000,0.23137,0.23139,0.2174,0.22078,992141.689422,1769875199999
1769875200000,0.22092,0.22462,0.20044,0.20748,2479023.588208,1769882399999
1769882400000,0.20827,0.20931,0.191,0.20486,1962204.489527,1769889599999
1769889600000,0.20581,0.21009,0.20412,0.20942,1203180.639844,1769896799999
1769896800000,0.20968,0.21549,0.2078,0.21484,757269.859732,1769903999999
1769904000000,0.21475,0.21666,0.21283,0.21527,737302.899332,1769911199999
1769911200000,0.2153,0.21819,0.2153,0.21769,629680.938433,1769918399999
1769918400000,0.21775,0.21819,0.21497,0.21504,757494.890527,1769925599999
1769925600000,0.21521,0.21862,0.21426,0.21742,544287.844925,1769932799999
1769932800000,0.21759,0.22144,0.21705,0.22083,577949.036041,1769939999999
1769940000000,0.22106,0.22243,0.21695,0.21921,623727.526735,1769947199999
1769947200000,0.21937,0.21937,0.21355,0.2152,599438.020564,1769954399999
1769954400000,0.21554,0.21598,0.2059,0.20982,755619.869806,1769961599999
1769961600000,0.2093,0.21136,0.20577,0.20834,614752.055657,1769968799999
1769968800000,0.20863,0.21429,0.20846,0.20917,785987.396911,1769975999999
1769976000000,0.20941,0.21217,0.20662,0.20712,622448.844197,1769983199999
1769983200000,0.20759,0.21108,0.20151,0.20691,1053458.665999,1769990399999
1769990400000,0.207,0.21501,0.20465,0.2131,894464.09284,1769997599999
1769997600000,0.21236,0.21315,0.20223,0.21066,826657.48473,1770004799999
1770004800000,0.21069,0.21395,0.20417,0.20658,331626.421797,1770011999999
1770012000000,0.20637,0.21209,0.20298,0.20679,541158.779784,1770019199999
1770019200000,0.20703,0.21097,0.20596,0.21008,289500.335779,1770026399999
1770026400000,0.21024,0.21212,0.20903,0.21086,946870.916496,1770033599999
1770033600000,0.211,0.21975,0.211,0.21937,816259.659316,1770040799999
1770040800000,0.21927,0.22356,0.21614,0.22224,700505.453557,1770047999999
1770048000000,0.22233,0.22335,0.21845,0.21917,647265.529146,1770055199999
1770055200000,0.21902,0.22051,0.21725,0.21741,444173.347487,1770062399999
1770062400000,0.21691,0.21762,0.21564,0.21695,571332.177628,1770069599999
1770069600000,0.21697,0.21785,0.21587,0.21619,1045068.420128,1770076799999
1770076800000,0.21661,0.21696,0.21443,0.21565,998152.256773,1770083999999
1770084000000,0.21571,0.21594,0.21101,0.21487,938575.564187,1770091199999
1770091200000,0.21489,0.21702,0.21391,0.21396,1007387.191578,1770098399999
1770098400000,0.21419,0.21751,0.21255,0.2169,747248.692797,1770105599999
1770105600000,0.21693,0.2188,0.21292,0.21487,882055.655678,1770112799999
1770112800000,0.215,0.21603,0.21427,0.21544,848191.930604,1770119999999
1770120000000,0.21543,0.21802,0.21493,0.21736,879886.014321,1770127199999
1770127200000,0.2174,0.22086,0.21263,0.2201,1049073.99352,1770134399999
1770134400000,0.21928,0.21928,0.20777,0.20802,988545.520243,1770141599999
1770141600000,0.20821,0.21619,0.20476,0.2152,1096909.872453,1770148799999
1770148800000,0.21479,0.22438,0.21222,0.21732,1025314.305363,1770155999999
1770156000000,0.2174,0.2174,0.21009,0.21167,1159901.831398,1770163199999
1770163200000,0.21161,0.21597,0.21027,0.21378,922449.749598,1770170399999
1770170400000,0.21374,0.21452,0.21117,0.21301,502043.955969,1770177599999
1770177600000,0.21296,0.21353,0.21132,0.21172,257378.699609,1770184799999
1770184800000,0.21201,0.21447,0.21201,0.21291,424899.054659,1770191999999
1770192000000,0.21292,0.21409,0.21154,0.21322,823867.615118,1770199199999
1770199200000,0.21321,0.21417,0.21068,0.21329,613290.741702,1770206399999
1770206400000,0.21325,0.21382,0.20872,0.20876,1080020.96638,1770213599999
1770213600000,0.20884,0.21141,0.20555,0.20874,1809910.621006,1770220799999
1770220800000,0.20869,0.21036,0.20523,0.20775,1278846.885107,1770227999999
1770228000000,0.2077,0.21389,0.20485,0.21367,993191.943458,1770235199999
1770235200000,0.21307,0.21424,0.20862,0.21013,590962.780735,1770242399999
1770242400000,0.21011,0.21259,0.20594,0.2101,1184531.419727,1770249599999
1770249600000,0.21018,0.21295,0.20838,0.20977,1175172.141932,1770256799999
1770256800000,0.20985,0.21185,0.20663,0.20698,890675.546539,1770263999999
1770264000000,0.20719,0.20848,0.20382,0.20609,962148.19754,1770271199999
1770271200000,0.20601,0.2061,0.202,0.20234,562106.028084,1770278399999
1770278400000,0.20292,0.20683,0.20292,0.20434,1214681.535827,1770285599999
1770285600000,0.20429,0.20434,0.19431,0.19702,1578994.220994,1770292799999
1770292800000,0.19708,0.19905,0.19542,0.1959,1057854.897953,1770299999999
1770300000000,0.1963,0.20029,0.18152,0.18858,2384219.389305,1770307199999
1770307200000,0.18892,0.19165,0.18186,0.18498,2004881.358638,1770314399999
1770314400000,0.18519,0.1869,0.18164,0.18329,1087193.619429,1770321599999
1770321600000,0.18365,0.18459,0.17342,0.17904,1625480.89439,1770328799999
1770328800000,0.17927,0.182,0.17532,0.17587,1111945.702813,1770335999999
1770336000000,0.17619,0.18102,0.15312,0.18093,4523350.418428,1770343199999
1770343200000,0.18116,0.18245,0.17598,0.17955,1345154.235206,1770350399999
1770350400000,0.17953,0.18636,0.17802,0.18544,1505200.599584,1770357599999
1770357600000,0.18541,0.18615,0.17996,0.18034,1735666.573951,1770364799999
1770364800000,0.18035,0.1846,0.17896,0.18429,1252522.273596,1770371999999
1770372000000,0.18413,0.18839,0.18361,0.18783,900869.048698,1770379199999
1770379200000,0.18708,0.19208,0.18622,0.19172,818116.573123,1770386399999
1770386400000,0.19147,0.19778,0.1904,0.1957,838757.769468,1770393599999
1770393600000,0.19565,0.20826,0.19485,0.20486,927608.720218,1770400799999
1770400800000,0.20468,0.2047,0.19708,0.19968,1089543.936293,1770407999999
1770408000000,0.19961,0.20084,0.19681,0.19806,1068467.645601,1770415199999
1770415200000,0.19805,0.201,0.19788,0.19905,755051.289244,1770422399999
1770422400000,0.19915,0.19915,0.19515,0.19737,1034427.169206,1770429599999
1770429600000,0.19696,0.19904,0.19638,0.19845,546718.453387,1770436799999
1770436800000,0.19909,0.20085,0.1975,0.1975,789631.678716,1770443999999
1770444000000,0.19797,0.19865,0.18852,0.19054,527002.391573,1770451199999
1770451200000,0.19035,0.19251,0.18991,0.19153,460763.477979,1770458399999
1770458400000,0.19153,0.19243,0.19051,0.19215,357870.702614,1770465599999
1770465600000,0.19205,0.19862,0.19188,0.1958,323181.90844,1770472799999
1770472800000,0.19597,0.19614,0.19281,0.19512,422633.965989,1770479999999
1770480000000,0.19524,0.20201,0.19447,0.19715,1614133.502635,1770487199999
1770487200000,0.19736,0.20148,0.19715,0.19832,438886.792476,1770494399999
1770494400000,0.19844,0.19989,0.19804,0.19871,693504.884451,1770501599999
1770501600000,0.19876,0.19962,0.1968,0.19828,825228.621694,1770508799999
1770508800000,0.19829,0.19829,0.19702,0.1973,1221525.8034,1770515999999
1770516000000,0.19735,0.19768,0.19541,0.1956,648979.057051,1770523199999
1770523200000,0.19554,0.19608,0.19429,0.19507,548131.683713,1770530399999
1770530400000,0.19508,0.19578,0.19422,0.19554,644987.802998,1770537599999
1770537600000,0.19551,0.19853,0.19477,0.19609,651930.813784,1770544799999
1770544800000,0.19633,0.19798,0.19402,0.19759,326390.056484,1770551999999
1770552000000,0.19783,0.19795,0.19631,0.19698,553277.634427,1770559199999
1770559200000,0.19728,0.19874,0.19505,0.19572,665267.419794,1770566399999
1770566400000,0.19586,0.19586,0.19,0.19236,590763.177271,1770573599999
1770573600000,0.19243,0.19606,0.19243,0.19541,255996.220745,1770580799999
1770580800000,0.19542,0.19542,0.1918,0.19268,533751.850873,1770587999999
1770588000000,0.19285,0.19818,0.19014,0.19263,980965.42267,1770595199999
1770595200000,0.19286,0.19401,0.19099,0.19213,566389.914932,1770602399999
1770602400000,0.19209,0.19531,0.19147,0.19498,458001.516071,1770609599999
1770609600000,0.19492,0.195,0.19209,0.19259,451585.02197,1770616799999
1770616800000,0.1922,0.1922,0.18969,0.19044,337562.186641,1770623999999
1770624000000,0.19069,0.19077,0.18682,0.18726,470281.079592,1770631199999
1770631200000,0.1873,0.18736,0.18349,0.18474,783423.551284,1770638399999
1770638400000,0.18492,0.1869,0.18429,0.18444,499077.457893,1770645599999
1770645600000,0.18444,0.18916,0.18347,0.1886,547313.286555,1770652799999
1770652800000,0.18826,0.19223,0.18676,0.1919,870612.248088,1770659999999
1770660000000,0.19184,0.19254,0.18921,0.19018,1156567.175864,1770667199999
1770667200000,0.18987,0.19067,0.188,0.19047,703046.821893,1770674399999
1770674400000,0.19013,0.1913,0.18998,0.19016,860202.038041,1770681599999
1770681600000,0.19045,0.19163,0.18961,0.19078,669063.253355,1770688799999
1770688800000,0.19104,0.19105,0.18659,0.1887,449736.732955,1770695999999
1770696000000,0.18871,0.19033,0.18815,0.18854,486260.261758,1770703199999
1770703200000,0.18863,0.18882,0.185,0.18598,417583.953889,1770710399999
1770710400000,0.18608,0.18696,0.18543,0.18588,294929.782727,1770717599999
1770717600000,0.18602,0.18643,0.18206,0.1823,298605.67983,1770724799999
1770724800000,0.18255,0.18266,0.18082,0.18088,218572.365899,1770731999999
1770732000000,0.18082,0.18335,0.17962,0.18183,315664.759781,1770739199999
1770739200000,0.18176,0.18207,0.17871,0.18081,316015.662781,1770746399999
1770746400000,0.18098,0.18121,0.17826,0.18112,415725.411964,1770753599999
1770753600000,0.18107,0.18118,0.17984,0.18076,450444.278819,1770760799999
1770760800000,0.18091,0.18269,0.18088,0.18218,697086.352791,1770767999999
1770768000000,0.18243,0.18301,0.18159,0.18282,322279.965231,1770775199999
1770775200000,0.18306,0.18414,0.18093,0.18274,473719.70291,1770782399999
1770782400000,0.18265,0.18295,0.17857,0.17878,753184.316158,1770789599999
1770789600000,0.17874,0.17888,0.17577,0.17609,842288.808517,1770796799999
1770796800000,0.176,0.17637,0.17493,0.17512,675431.022064,1770803999999
1770804000000,0.17512,0.17543,0.17357,0.17503,602106.627692,1770811199999
1770811200000,0.17513,0.17961,0.17434,0.17961,1143179.481786,1770818399999
1770818400000,0.18026,0.18436,0.17158,0.17333,1409358.11471,1770825599999
1770825600000,0.17352,0.17626,0.17148,0.17403,796667.957111,1770832799999
1770832800000,0.17406,0.17597,0.17211,0.17433,716969.567892,1770839999999
1770840000000,0.17428,0.17818,0.17291,0.1772,723570.628605,1770847199999
1770847200000,0.17722,0.178,0.17308,0.17472,954185.67311,1770854399999
1770854400000,0.17491,0.17802,0.17491,0.17629,735062.691405,1770861599999
1770861600000,0.17615,0.17855,0.17577,0.17855,421385.583068,1770868799999
1770868800000,0.17807,0.17971,0.17661,0.17765,623145.43669,1770875999999
1770876000000,0.17734,0.17985,0.17642,0.1791,451372.316959,1770883199999
1770883200000,0.17907,0.18,0.17685,0.17964,930032.567001,1770890399999
1770890400000,0.17971,0.1823,0.17823,0.18027,988740.814057,1770897599999
1770897600000,0.18025,0.18144,0.17842,0.18096,852847.369996,1770904799999
1770904800000,0.18095,0.18178,0.17886,0.17888,552410.443122,1770911999999
1770912000000,0.17914,0.1796,0.17398,0.1763,447812.560264,1770919199999
1770919200000,0.17663,0.18093,0.17639,0.17956,200103.558021,1770926399999
1770926400000,0.17904,0.17918,0.17715,0.17838,135604.440605,1770933599999
1770933600000,0.17831,0.18237,0.17692,0.18172,95184.135976,1770940799999
1770940800000,0.18143,0.18156,0.17959,0.1809,74356.837534,1770947999999
1770948000000,0.18096,0.18202,0.18013,0.181,77053.914397,1770955199999
1770955200000,0.18158,0.18158,0.18023,0.18046,54152.722001,1770962399999
1770962400000,0.17999,0.18157,0.17914,0.18131,274501.957584,1770969599999
1770969600000,0.18142,0.18309,0.18117,0.18192,270609.690715,1770976799999
1770976800000,0.1819,0.18245,0.1805,0.18109,127503.189091,1770983999999
1770984000000,0.18045,0.1811,0.17893,0.17991,562924.884994,1770991199999
1770991200000,0.17982,0.18428,0.1789,0.18105,402318.860774,1770998399999
1770998400000,0.1814,0.1863,0.18132,0.18491,359817.183834,1771005599999
1771005600000,0.18463,0.18552,0.18354,0.18528,218203.376036,1771012799999
1771012800000,0.18608,0.18818,0.18583,0.18762,512447.494761,1771019999999
1771020000000,0.188,0.18866,0.18608,0.1861,89358.615277,1771027199999
1771027200000,0.18684,0.18752,0.18656,0.18712,150757.274324,1771034399999
1771034400000,0.18686,0.19065,0.18683,0.18981,180021.476093,1771041599999
1771041600000,0.18967,0.18985,0.18819,0.18819,33583.679919,1771048799999
1771048800000,0.18837,0.18971,0.1877,0.18971,68089.002006,1771055999999
1771056000000,0.18975,0.19256,0.18975,0.19184,148884.293583,1771063199999
1771063200000,0.19159,0.19679,0.1914,0.19635,324860.927014,1771070399999
1771070400000,0.19624,0.1972,0.19396,0.19508,264790.929275,1771077599999
1771077600000,0.19574,0.2015,0.19557,0.20087,574217.122832,1771084799999
1771084800000,0.20166,0.20837,0.20079,0.20725,418669.538972,1771091999999
1771092000000,0.20689,0.21451,0.20679,0.21341,541293.441348,1771099199999
1771099200000,0.21406,0.21712,0.21049,0.21493,672367.671246,1771106399999
1771106400000,0.21498,0.22216,0.21419,0.21515,821453.532679,1771113599999
1771113600000,0.21506,0.21524,0.20646,0.20801,664436.319378,1771120799999
1771120800000,0.20831,0.20929,0.20398,0.20774,566622.816857,1771127999999
1771128000000,0.20799,0.21185,0.20754,0.2084,363274.793743,1771135199999
1771135200000,0.20879,0.21038,0.20735,0.20966,327054.933939,1771142399999
1771142400000,0.20966,0.21041,0.20479,0.20673,775554.074768,1771149599999
1771149600000,0.20672,0.20672,0.20197,0.20335,702864.33,1771156799999
1771156800000,0.20366,0.20366,0.19417,0.19524,693160.362084,1771163999999
1771164000000,0.19521,0.19876,0.19481,0.19779,378214.657742,1771171199999
1771171200000,0.19709,0.19838,0.19249,0.1939,599741.243609,1771178399999
1771178400000,0.19395,0.1941,0.19023,0.19193,830573.784791,1771185599999
1771185600000,0.1915,0.19445,0.19088,0.19377,421665.744243,1771192799999
1771192800000,0.19367,0.19557,0.19289,0.19432,450659.86216,1771199999999
1771200000000,0.1946,0.19625,0.1941,0.19524,274326.603858,1771207199999
1771207200000,0.19534,0.19625,0.19438,0.19544,262193.161305,1771214399999
1771214400000,0.19585,0.19904,0.19549,0.19649,580641.776797,1771221599999
1771221600000,0.19683,0.19824,0.1961,0.19612,390601.863508,1771228799999
1771228800000,0.19645,0.19896,0.19633,0.19858,344071.781551,1771235999999
1771236000000,0.19823,0.19823,0.1938,0.19669,277109.175963,1771243199999
1771243200000,0.19666,0.20082,0.19498,0.19543,565815.429051,1771250399999
1771250400000,0.19525,0.19751,0.1914,0.19302,363309.46835,1771257599999
1771257600000,0.19319,0.19524,0.19312,0.19432,485766.586221,1771264799999
1771264800000,0.19448,0.19788,0.19448,0.19658,471376.556687,1771271999999
1771272000000,0.19647,0.20023,0.19609,0.20015,172492.368365,1771279199999
1771279200000,0.19992,0.20058,0.19885,0.19919,376349.270896,1771286399999
1771286400000,0.19914,0.19942,0.19751,0.19769,189863.9009,1771293599999
1771293600000,0.1977,0.19887,0.1971,0.19778,161221.046788,1771300799999
1771300800000,0.19727,0.19771,0.195,0.19648,215410.124236,1771307999999
1771308000000,0.19675,0.19789,0.19675,0.19714,205869.957069,1771315199999
1771315200000,0.19726,0.19785,0.19572,0.19644,177916.319599,1771322399999
1771322400000,0.1968,0.19765,0.19486,0.19681,745634.636094,1771329599999
1771329600000,0.19655,0.20073,0.19649,0.19887,510875.06412,1771336799999
1771336800000,0.19867,0.19955,0.194,0.19676,551104.623762,1771343999999
1771344000000,0.19706,0.20203,0.195,0.1959,855515.787832,1771351199999
1771351200000,0.19589,0.19936,0.1955,0.19625,595716.653808,1771358399999
1771358400000,0.19613,0.19673,0.19471,0.19542,307261.390357,1771365599999
1771365600000,0.19552,0.19566,0.19408,0.19408,170827.630512,1771372799999
1771372800000,0.19421,0.19435,0.19237,0.19247,226847.283649,1771379999999
1771380000000,0.19263,0.19451,0.19263,0.19443,165497.800714,1771387199999
1771387200000,0.19438,0.19447,0.19322,0.19386,743888.331961,1771394399999
1771394400000,0.19386,0.19749,0.19386,0.19707,334718.557733,1771401599999
1771401600000,0.19674,0.19748,0.19567,0.19707,373228.539199,1771408799999
1771408800000,0.197,0.19712,0.19353,0.1946,346675.74072,1771415999999
1771416000000,0.19458,0.19523,0.19148,0.19242,487721.787488,1771423199999
1771423200000,0.1926,0.19619,0.19103,0.19469,397905.46363,1771430399999
1771430400000,0.19448,0.19448,0.19177,0.19194,269329.557408,1771437599999
1771437600000,0.19179,0.1919,0.18691,0.18772,746626.692392,1771444799999
1771444800000,0.18777,0.18881,0.18697,0.18796,288573.806728,1771451999999
1771452000000,0.18794,0.18833,0.1866,0.18794,406729.63905,1771459199999
1771459200000,0.18815,0.18947,0.18741,0.18928,382736.479443,1771466399999
1771466400000,0.18934,0.19003,0.18852,0.18985,414640.797207,1771473599999
1771473600000,0.1897,0.19052,0.18761,0.18807,388932.623483,1771480799999
1771480800000,0.18806,0.18929,0.18801,0.18858,296159.88091,1771487999999
1771488000000,0.18834,0.18857,0.18553,0.186,575848.782521,1771495199999
1771495200000,0.18609,0.18702,0.18534,0.18668,368886.903067,1771502399999
1771502400000,0.18649,0.18695,0.18273,0.18406,1094505.513327,1771509599999
1771509600000,0.18404,0.18666,0.18347,0.18406,770153.026708,1771516799999
1771516800000,0.18382,0.18484,0.18187,0.18269,479108.78848,1771523999999
1771524000000,0.18285,0.18444,0.18234,0.18372,350924.835405,1771531199999
1771531200000,0.18363,0.18432,0.18297,0.18368,199609.127049,1771538399999
1771538400000,0.1838,0.18453,0.183,0.18439,491655.654253,1771545599999
1771545600000,0.18409,0.18655,0.18388,0.1865,158629.518148,1771552799999
1771552800000,0.18673,0.187,0.18543,0.1861,136499.861217,1771559999999
1771560000000,0.18539,0.18634,0.18296,0.18543,253586.840654,1771567199999
1771567200000,0.18545,0.18638,0.18462,0.18591,240760.23856,1771574399999
1771574400000,0.18611,0.18808,0.18548,0.18752,399230.786007,1771581599999
1771581600000,0.18757,0.18891,0.18498,0.18592,640519.369584,1771588799999
1771588800000,0.18544,0.18595,0.18108,0.18251,636289.997801,1771595999999
1771596000000,0.18275,0.19091,0.18266,0.19079,395073.076182,1771603199999
1771603200000,0.19093,0.19273,0.18653,0.19122,306586.92,1771610399999
1771610400000,0.19177,0.19322,0.18976,0.19031,330726.410674,1771617599999
1771617600000,0.19027,0.19158,0.18987,0.19082,235491.445317,1771624799999
1771624800000,0.19077,0.19226,0.18999,0.19177,440412.29535,1771631999999
1771632000000,0.1915,0.19198,0.19044,0.19145,108148.069256,1771639199999
1771639200000,0.19142,0.19215,0.19056,0.19073,479398.686836,1771646399999
1771646400000,0.1908,0.19276,0.19059,0.19179,111070.363118,1771653599999
1771653600000,0.1919,0.19248,0.19058,0.19119,330905.635919,1771660799999
1771660800000,0.19125,0.19449,0.19111,0.19307,413827.444858,1771667999999
1771668000000,0.19309,0.19359,0.19203,0.19238,146540.533716,1771675199999
1771675200000,0.19264,0.19298,0.191,0.19296,197862.039243,1771682399999
1771682400000,0.19296,0.19403,0.1909,0.19155,292173.119878,1771689599999
1771689600000,0.19142,0.19142,0.18971,0.19061,203058.994322,1771696799999
1771696800000,0.19078,0.19111,0.19,0.19016,251984.014804,1771703999999
1771704000000,0.19003,0.19013,0.18816,0.18909,591873.289408,1771711199999
1771711200000,0.18917,0.18917,0.18773,0.18798,349243.985186,1771718399999
1771718400000,0.18768,0.18775,0.186,0.18717,186588.2506,1771725599999
1771725600000,0.18696,0.18735,0.18339,0.18479,438710.134449,1771732799999
1771740000000,0.18443,0.18501,0.18352,0.1847,383385.786218,1771747199999
1771747200000,0.18485,0.18638,0.18239,0.1844,1016592.093847,1771754399999
1771754400000,0.18445,0.18514,0.18365,0.18366,403357.368954,1771761599999
1771761600000,0.18352,0.18352,0.18039,0.1807,439512.404288,1771768799999
1771768800000,0.18079,0.18134,0.17881,0.18105,397218.151697,1771775999999
1771776000000,0.18088,0.18088,0.17934,0.17963,448928.128485,1771783199999
1771783200000,0.1794,0.17986,0.17863,0.17898,476119.061131,1771790399999
1771790400000,0.17881,0.17933,0.17777,0.17904,392387.18945,1771797599999
1771797600000,0.17919,0.18017,0.17834,0.17867,321980.586798,1771804799999
1771804800000,0.1789,0.17904,0.16826,0.16929,777946.64194,1771811999999
1771812000000,0.16901,0.17244,0.16901,0.17059,597817.382875,1771819199999
1771819200000,0.1704,0.17236,0.16994,0.17212,296976.700849,1771826399999
1771826400000,0.17216,0.17533,0.17209,0.17421,446359.931903,1771833599999
1771833600000,0.1739,0.17774,0.17309,0.17676,742407.983845,1771840799999
1771840800000,0.17681,0.17878,0.17623,0.17846,264715.685909,1771847999999
1771848000000,0.17855,0.18184,0.17824,0.17824,1296112.585633,1771855199999
1771855200000,0.17801,0.17801,0.17293,0.17303,200332.232665,1771862399999
1771862400000,0.17239,0.17365,0.169,0.17128,340942.922286,1771869599999
1771869600000,0.1711,0.17286,0.16972,0.17026,381527.232039,1771876799999
1771876800000,0.17017,0.17134,0.16948,0.17065,707622.605882,1771883999999
1771884000000,0.17062,0.17158,0.16938,0.16994,752244.586612,1771891199999
1771891200000,0.16994,0.17179,0.1669,0.17015,758406.559307,1771898399999
1771898400000,0.16976,0.17055,0.16792,0.16874,373732.250537,1771905599999
1771905600000,0.16875,0.16948,0.16764,0.16831,243554.877006,1771912799999
1771912800000,0.16863,0.16903,0.16769,0.16879,212963.678964,1771919999999
1771920000000,0.16821,0.16994,0.16737,0.16818,550413.491617,1771927199999
1771927200000,0.16825,0.16842,0.1675,0.16785,373742.959606,1771934399999
1771934400000,0.16774,0.16819,0.16334,0.16549,644955.655111,1771941599999
1771941600000,0.16525,0.17072,0.16505,0.16956,396392.306839,1771948799999
1771948800000,0.16973,0.17171,0.16886,0.16942,452474.867422,1771955999999
1771956000000,0.16937,0.16988,0.16733,0.16792,773428.373583,1771963199999
1771963200000,0.16796,0.16829,0.16585,0.16589,213686.170673,1771970399999
1771970400000,0.1661,0.16737,0.16421,0.16548,142589.520401,1771977599999
1771977600000,0.16525,0.17424,0.16516,0.17065,491727.328924,1771984799999
1771984800000,0.17136,0.1726,0.16546,0.16573,746865.092551,1771991999999
1771992000000,0.16548,0.16614,0.1631,0.1645,672480.886769,1771999199999
1771999200000,0.16471,0.16653,0.16439,0.16653,346589.624897,1772006399999
1772006400000,0.16637,0.16818,0.1656,0.16818,528402.223337,1772013599999
1772013600000,0.16868,0.17048,0.16849,0.17015,408197.438926,1772020799999
1772020800000,0.17003,0.17533,0.1697,0.17476,960499.735147,1772027999999
1772028000000,0.1748,0.18183,0.17465,0.18046,1110643.131004,1772035199999
1772035200000,0.18082,0.18655,0.18004,0.18562,1089906.243515,1772042399999
1772042400000,0.18556,0.1911,0.18465,0.18763,2247053.99437,1772049599999
1772049600000,0.18763,0.19419,0.186,0.19121,1227207.392413,1772056799999
1772056800000,0.19204,0.1929,0.17882,0.18193,1273677.386645,1772063999999
1772064000000,0.18167,0.1851,0.18107,0.18324,504055.623665,1772071199999
1772071200000,0.18309,0.18488,0.18181,0.18244,415542.345494,1772078399999
1772078400000,0.18234,0.18401,0.17929,0.18039,400530.115795,1772085599999
1772085600000,0.18038,0.18163,0.17943,0.17994,529696.484796,1772092799999
1772092800000,0.18041,0.1839,0.18006,0.18317,570119.410506,1772099999999
1772100000000,0.1833,0.18343,0.1776,0.1781,380070.991478,1772107199999
1772107200000,0.1784,0.18208,0.17823,0.17955,809471.600947,1772114399999
1772114400000,0.17977,0.18106,0.17711,0.17875,590634.800593,1772121599999
1772121600000,0.1787,0.1787,0.1725,0.1734,1099568.700311,1772128799999
1772128800000,0.17329,0.18023,0.17273,0.17913,1077415.905761,1772135999999
1772136000000,0.17877,0.17936,0.17551,0.17644,373210.356569,1772143199999
1772143200000,0.17647,0.17804,0.1763,0.17696,605346.330301,1772150399999
1772150400000,0.17709,0.17753,0.17574,0.17719,325259.150827,1772157599999
1772157600000,0.17739,0.179,0.1766,0.1787,381000.211749,1772164799999
1772164800000,0.17861,0.18261,0.17855,0.18077,505722.818629,1772171999999
1772172000000,0.18123,0.18166,0.17962,0.18092,222245.396434,1772179199999
1772179200000,0.18104,0.18197,0.17838,0.1794,363838.508045,1772186399999
1772186400000,0.17905,0.17942,0.17492,0.17528,428685.953766,1772193599999
1772193600000,0.17509,0.17618,0.17339,0.17528,744965.208605,1772200799999
1772200800000,0.17507,0.17621,0.17377,0.17554,508694.538521,1772207999999
1772208000000,0.17538,0.17743,0.1725,0.17507,1129569.673065,1772215199999
1772215200000,0.17509,0.1755,0.172,0.17282,436493.053404,1772222399999
1772222400000,0.17261,0.17378,0.17146,0.17227,581361.993233,1772229599999
1772229600000,0.17241,0.17373,0.16956,0.17269,673058.272284,1772236799999
1772236800000,0.17269,0.1732,0.17144,0.17144,569243.397604,1772243999999
1772244000000,0.17132,0.17254,0.17082,0.17128,403045.474629,1772251199999
1772251200000,0.17134,0.17168,0.16961,0.1701,370933.117262,1772258399999
1772258400000,0.17013,0.17016,0.159,0.16142,2210973.703374,1772265599999
1772265600000,0.16125,0.16126,0.15674,0.15733,792785.617479,1772272799999
1772272800000,0.15703,0.15896,0.15608,0.15608,601951.982641,1772279999999
1772280000000,0.15629,0.16195,0.15576,0.16106,473703.53817,1772287199999
1772287200000,0.16233,0.16276,0.15624,0.15669,464569.440247,1772294399999
1772294400000,0.15653,0.15712,0.15458,0.15551,292256.679595,1772301599999
1772301600000,0.15625,0.16154,0.15515,0.16116,483442.217048,1772308799999
1772308800000,0.16074,0.16538,0.15962,0.16341,809210.301516,1772315999999
1772316000000,0.16371,0.16738,0.16322,0.16531,1187411.963265,1772323199999
1772323200000,0.16547,0.16969,0.16204,0.16835,1011319.891483,1772330399999
1772330400000,0.16938,0.17467,0.16813,0.16904,812446.832165,1772337599999
1772337600000,0.16909,0.16928,0.16633,0.16824,523075.065558,1772344799999
1772344800000,0.16819,0.16895,0.16567,0.16813,674188.07434,1772351999999
1772352000000,0.1684,0.16849,0.16396,0.16465,674952.979326,1772359199999
1772359200000,0.16474,0.16594,0.16397,0.1656,775339.588853,1772366399999
1772366400000,0.16566,0.16789,0.1628,0.16719,1007265.072068,1772373599999
1772373600000,0.16727,0.16875,0.16528,0.16672,440788.867752,1772380799999
1772380800000,0.16676,0.16791,0.16079,0.16132,1078127.670089,1772387999999
1772388000000,0.16172,0.16471,0.16013,0.16032,294558.009641,1772395199999
1772395200000,0.16055,0.16056,0.15704,0.15932,725479.911362,1772402399999
1772402400000,0.15906,0.16307,0.15906,0.16172,1326416.272127,1772409599999
1772409600000,0.16204,0.16663,0.16198,0.16515,469438.243184,1772416799999
1772416800000,0.16525,0.16575,0.16225,0.16498,516425.594819,1772423999999
1772424000000,0.16491,0.16566,0.16354,0.16391,474104.023012,1772431199999
1772431200000,0.16399,0.16399,0.16015,0.16175,724378.828448,1772438399999
1772438400000,0.16156,0.16467,0.16035,0.16383,751236.415704,1772445599999
1772445600000,0.16369,0.16437,0.16323,0.16396,418134.242828,1772452799999
1772452800000,0.16414,0.16452,0.16302,0.1637,957550.656804,1772459999999
1772460000000,0.16359,0.17954,0.16343,0.17664,1866828.995582,1772467199999
1772467200000,0.17684,0.18046,0.17083,0.17325,1140744.541183,1772474399999
1772474400000,0.17352,0.17521,0.17146,0.17357,942430.385094,1772481599999
1772481600000,0.17411,0.17501,0.17104,0.17256,520428.108122,1772488799999
1772488800000,0.17264,0.17488,0.1712,0.17224,992134.860041,1772495999999
1772496000000,0.17224,0.17253,0.16988,0.16988,587748.960673,1772503199999
1772503200000,0.16992,0.17256,0.16856,0.17216,665258.620972,1772510399999
1772510400000,0.17219,0.17246,0.16948,0.17073,322783.940415,1772517599999
1772517600000,0.17136,0.17557,0.17092,0.17557,441432.35012,1772524799999
1772524800000,0.17528,0.17582,0.1684,0.16907,977452.734728,1772531999999
1772532000000,0.16906,0.16949,0.16811,0.16949,1101899.09081,1772539199999
1772539200000,0.16934,0.17326,0.16934,0.17036,744439.221821,1772546399999
1772546400000,0.17031,0.17336,0.16827,0.17264,1122524.301989,1772553599999
1772553600000,0.17237,0.17833,0.17197,0.17488,1598537.885744,1772560799999
1772560800000,0.17496,0.17776,0.1737,0.17514,858449.398304,1772567999999
1772568000000,0.17518,0.17521,0.17155,0.17295,643530.007286,1772575199999
1772575200000,0.1729,0.17705,0.17275,0.17534,1029677.009468,1772582399999
1772582400000,0.17563,0.17738,0.17351,0.17599,382470.205709,1772589599999
1772589600000,0.17592,0.17698,0.17396,0.17526,225824.905313,1772596799999
1772596800000,0.17562,0.17624,0.17382,0.17549,157369.641258,1772603999999
1772604000000,0.17527,0.177,0.17386,0.17653,479946.184167,1772611199999
1772611200000,0.17672,0.18399,0.17589,0.18218,1457132.129437,1772618399999
1772618400000,0.18232,0.18286,0.17612,0.1774,1178760.815059,1772625599999
1772625600000,0.17716,0.18078,0.17589,0.18067,667751.619585,1772632799999
1772632800000,0.18067,0.18861,0.18012,0.18861,876680.824059,1772639999999
1772640000000,0.18891,0.18947,0.18555,0.1869,1205313.533654,1772647199999
1772647200000,0.18678,0.19167,0.18503,0.18905,826385.590528,1772654399999
1772654400000,0.189,0.18937,0.18573,0.18637,495471.380574,1772661599999
1772661600000,0.18643,0.18757,0.1821,0.18459,516404.648291,1772668799999
1772668800000,0.18427,0.18527,0.18174,0.18193,298715.775695,1772675999999
1772676000000,0.18191,0.18366,0.18175,0.18295,401724.188763,1772683199999
1772683200000,0.18309,0.18429,0.18251,0.18345,455877.519048,1772690399999
1772690400000,0.18359,0.18586,0.18276,0.1846,409272.87563,1772697599999
1772697600000,0.18463,0.18808,0.18448,0.18777,590033.576102,1772704799999
1772704800000,0.18759,0.19155,0.18671,0.18719,1184753.290429,1772711999999
1772712000000,0.18707,0.18872,0.18418,0.18557,814154.103612,1772719199999
1772719200000,0.18574,0.1877,0.18292,0.18315,799669.072967,1772726399999
1772726400000,0.1833,0.1833,0.17896,0.17914,1179338.499868,1772733599999
1772733600000,0.17911,0.18517,0.17905,0.18466,868914.821738,1772740799999
1772740800000,0.1848,0.188,0.1843,0.18536,871101.822319,1772747999999
1772748000000,0.18545,0.18612,0.18395,0.18514,439073.208999,1772755199999
1772755200000,0.18525,0.18768,0.18427,0.1871,430791.743969,1772762399999
1772762400000,0.18696,0.18789,0.18621,0.18757,505553.641282,1772769599999
1772769600000,0.18694,0.18806,0.18433,0.18599,851035.168278,1772776799999
1772776800000,0.18563,0.18708,0.18526,0.18657,242131.385068,1772783999999
1772784000000,0.18655,0.18655,0.16987,0.17361,3331458.131154,1772791199999
1772791200000,0.17335,0.17354,0.17124,0.17124,740888.905216,1772798399999
1772798400000,0.17129,0.17341,0.16928,0.16928,1290881.643202,1772805599999
1772805600000,0.16937,0.16988,0.16191,0.16257,1877727.785661,1772812799999
1772812800000,0.1624,0.16358,0.16062,0.16164,1064765.039448,1772819999999
1772820000000,0.16125,0.16448,0.16116,0.1634,681001.996887,1772827199999
1772827200000,0.16343,0.1641,0.16269,0.1634,774922.404353,1772834399999
1772834400000,0.16346,0.16387,0.16276,0.16278,561834.95434,1772841599999
1772841600000,0.16283,0.16305,0.16212,0.16272,316373.338059,1772848799999
1772848800000,0.16239,0.16265,0.16134,0.16143,206548.17606,1772855999999
1772856000000,0.161,0.16258,0.16028,0.16258,482656.337401,1772863199999
1772863200000,0.1626,0.16277,0.16071,0.16092,415642.164248,1772870399999
1772870400000,0.16085,0.161,0.15852,0.15893,420369.572733,1772877599999
1772877600000,0.15912,0.15925,0.15754,0.15777,254430.049275,1772884799999
1772884800000,0.15732,0.15736,0.15342,0.15502,453749.063984,1772891999999
1772892000000,0.15505,0.15748,0.15424,0.15506,511813.943556,1772899199999
1772899200000,0.15468,0.155,0.15342,0.1547,512742.535426,1772906399999
1772906400000,0.15491,0.15586,0.15226,0.15514,720302.831819,1772913599999
1772913600000,0.15472,0.15472,0.15359,0.1539,317686.342441,1772920799999
1772920800000,0.15405,0.15427,0.15082,0.15329,715126.885067,1772927999999
1772928000000,0.153,0.153,0.1516,0.15234,283496.420151,1772935199999
1772935200000,0.15228,0.15232,0.14978,0.15106,790967.484768,1772942399999
1772942400000,0.15106,0.15165,0.14996,0.15056,485717.311306,1772949599999
1772949600000,0.15048,0.15417,0.14988,0.15391,668462.725292,1772956799999
1772956800000,0.15393,0.15586,0.15337,0.15483,1064966.027114,1772963999999
1772964000000,0.15495,0.15679,0.15412,0.15555,1033019.139219,1772971199999
1772971200000,0.1555,0.1561,0.15261,0.15405,1035037.327274,1772978399999
1772978400000,0.15402,0.15459,0.15209,0.15306,900323.050245,1772985599999
1772985600000,0.15304,0.1539,0.15175,0.15262,835918.05481,1772992799999
1772992800000,0.15266,0.15599,0.15186,0.15507,801892.122736,1772999999999
1773000000000,0.15507,0.15664,0.15373,0.15477,1026976.814956,1773007199999
1773007200000,0.1545,0.15642,0.15225,0.15406,1608736.899937,1773014399999
1773014400000,0.1541,0.15688,0.15383,0.15515,1489460.391605,1773021599999
1773021600000,0.15539,0.15698,0.15298,0.15372,1513146.977989,1773028799999
1773028800000,0.15381,0.15529,0.15101,0.15517,1387971.367901,1773035999999
1773036000000,0.15554,0.15703,0.15126,0.15351,2003478.845692,1773043199999
1773043200000,0.15352,0.15496,0.15203,0.15222,1230276.945426,1773050399999
1773050400000,0.15206,0.15276,0.15083,0.15203,1555012.963712,1773057599999
1773057600000,0.15205,0.15517,0.15148,0.15382,1539480.40406,1773064799999
1773064800000,0.15409,0.15509,0.15137,0.15146,1716542.15031,1773071999999
1773072000000,0.15154,0.15203,0.15003,0.15184,1412882.610411,1773079199999
1773079200000,0.15155,0.15615,0.15073,0.15282,1906185.599475,1773086399999
1773086400000,0.15292,0.15367,0.15192,0.15297,1009856.881164,1773093599999
1773093600000,0.15306,0.15307,0.1467,0.14732,819460.957431,1773100799999
1773100800000,0.14738,0.15121,0.1473,0.14862,1573479.257932,1773107999999
1773108000000,0.14869,0.15081,0.14771,0.14789,2199847.130353,1773115199999
1773115200000,0.14801,0.14928,0.14495,0.14601,1805435.427375,1773122399999
1773122400000,0.14596,0.14725,0.14512,0.1463,1142885.764174,1773129599999
1773129600000,0.14671,0.15139,0.14569,0.14959,1495893.859354,1773136799999
1773136800000,0.14955,0.15022,0.14584,0.14632,1785627.33514,1773143999999
1773144000000,0.14629,0.14839,0.144,0.14515,1966267.297739,1773151199999
1773151200000,0.14507,0.1473,0.1424,0.14684,1663448.820739,1773158399999
1773158400000,0.14705,0.14768,0.14415,0.14469,1960731.020099,1773165599999
1773165600000,0.14444,0.14477,0.14208,0.14396,1529528.098228,1773172799999
1773172800000,0.14376,0.14469,0.13981,0.14105,2031887.519333,1773179999999
1773180000000,0.1408,0.14174,0.14009,0.14132,765710.260545,1773187199999
1773187200000,0.1414,0.14208,0.14027,0.14142,754431.204847,1773194399999
1773194400000,0.1415,0.14157,0.1395,0.14067,1351023.8735,1773201599999
1773201600000,0.14061,0.14173,0.13907,0.14046,1113664.642513,1773208799999
1773208800000,0.1404,0.14221,0.14007,0.14096,996376.316865,1773215999999
1773216000000,0.14107,0.14201,0.14048,0.1407,1496121.259616,1773223199999
1773223200000,0.14059,0.14141,0.1405,0.14102,942129.121716,1773230399999
1773230400000,0.14104,0.14884,0.14086,0.14572,2293846.387148,1773237599999
1773237600000,0.14572,0.14753,0.14191,0.14421,2104021.793271,1773244799999
1773244800000,0.14423,0.14752,0.14349,0.14602,1831274.372487,1773251999999
1773252000000,0.14605,0.14806,0.14605,0.1464,920982.230281,1773259199999
1773259200000,0.14616,0.14621,0.14378,0.14459,860706.85586,1773266399999
1773266400000,0.14454,0.14487,0.1435,0.14402,934778.996864,1773273599999
1773273600000,0.14447,0.14447,0.14255,0.14323,927043.755712,1773280799999
1773280800000,0.14311,0.14344,0.14142,0.14167,791130.343819,1773287999999
1773288000000,0.14159,0.14305,0.14148,0.14299,1411957.057598,1773295199999
1773295200000,0.14274,0.1428,0.14165,0.14255,908784.36446,1773302399999
1773302400000,0.14252,0.14465,0.14211,0.1442,1315235.26841,1773309599999
1773309600000,0.14409,0.14534,0.14365,0.14407,1147802.340641,1773316799999
1773316800000,0.14408,0.14531,0.143,0.14388,1081044.439773,1773323999999
1773324000000,0.14392,0.14509,0.14187,0.14343,1560922.996494,1773331199999
1773331200000,0.14366,0.14568,0.14283,0.14449,1137574.237091,1773338399999
1773338400000,0.14502,0.14777,0.14464,0.14741,992506.422259,1773345599999
1773345600000,0.14731,0.14818,0.14577,0.14809,865442.93101,1773352799999
1773352800000,0.14804,0.1496,0.14662,0.14753,1307877.712003,1773359999999
1773360000000,0.14751,0.15062,0.14693,0.14946,1384822.230595,1773367199999
1773367200000,0.14945,0.15025,0.14762,0.15025,1163554.504944,1773374399999
1773374400000,0.14951,0.14993,0.14782,0.14788,813814.963254,1773381599999
1773381600000,0.14801,0.14805,0.14713,0.14773,128554.500922,1773388799999
1773388800000,0.14749,0.14954,0.14666,0.14954,355113.573855,1773395999999
1773396000000,0.14941,0.1528,0.14922,0.15193,865573.441863,1773403199999
1773403200000,0.15225,0.15849,0.15224,0.15663,1311543.079263,1773410399999
1773410400000,0.15694,0.15764,0.15085,0.15141,1382840.39435,1773417599999
1773417600000,0.15174,0.15214,0.14835,0.14909,978023.786659,1773424799999
1773424800000,0.14906,0.14942,0.14696,0.14827,1153213.171645,1773431999999
1773432000000,0.14774,0.14931,0.14758,0.14802,892209.966842,1773439199999
1773439200000,0.14801,0.14801,0.1451,0.14689,967627.447552,1773446399999
1773446400000,0.14659,0.14801,0.14608,0.1479,819129.29187,1773453599999
1773453600000,0.14792,0.14847,0.14721,0.14774,858929.180248,1773460799999
1773460800000,0.14767,0.14816,0.14573,0.14579,1011902.793184,1773467999999
1773468000000,0.14545,0.14563,0.14367,0.14382,910948.127067,1773475199999
1773475200000,0.14372,0.14549,0.14372,0.14494,804528.315386,1773482399999
1773482400000,0.14489,0.14517,0.14394,0.14472,799113.590421,1773489599999
1773489600000,0.14462,0.14473,0.14359,0.14448,878194.396964,1773496799999
1773496800000,0.14426,0.14659,0.14422,0.14611,1082067.867874,1773503999999
1773504000000,0.14583,0.14818,0.14502,0.14502,775586.408399,1773511199999
1773511200000,0.14489,0.14525,0.14423,0.1443,823779.167411,1773518399999
1773518400000,0.14436,0.14496,0.144,0.14481,1089600.17172,1773525599999
1773525600000,0.14475,0.14666,0.14456,0.14618,1296074.331886,1773532799999
1773532800000,0.14598,0.14728,0.1457,0.14728,735098.919752,1773539999999
1773540000000,0.14761,0.14957,0.14556,0.14616,1130090.465207,1773547199999
1773547200000,0.14609,0.14609,0.14584,0.14605,39731.216739,1773554399999
1773554400000,0.14591,0.14636,0.14541,0.14597,527803.714582,1773561599999
1773561600000,0.14606,0.14657,0.14507,0.14526,787543.695505,1773568799999
1773568800000,0.14531,0.14665,0.14513,0.14651,1171167.189665,1773575999999
1773576000000,0.14657,0.14702,0.14444,0.14616,762598.807005,1773583199999
1773583200000,0.14616,0.14661,0.14529,0.1458,711046.587383,1773590399999
1773590400000,0.14597,0.14747,0.14547,0.14679,689382.777124,1773597599999
1773597600000,0.14677,0.14677,0.14519,0.14611,705853.156431,1773604799999
1773604800000,0.1461,0.14725,0.14569,0.14681,640784.92799,1773611999999
1773612000000,0.14693,0.14917,0.14595,0.14872,1529248.508894,1773619199999
1773619200000,0.14916,0.1499,0.14821,0.1494,678529.509682,1773626399999
1773626400000,0.14905,0.1525,0.14772,0.15136,555882.448637,1773633599999
1773633600000,0.15163,0.15736,0.15155,0.15695,1125077.149516,1773640799999
1773640800000,0.15733,0.16367,0.15558,0.16317,2378268.413451,1773647999999
1773648000000,0.16344,0.16849,0.16026,0.16742,3799501.538005,1773655199999
1773655200000,0.16779,0.16798,0.15801,0.15911,2472104.7008,1773662399999
1773662400000,0.15916,0.16679,0.15833,0.16243,2204763.88012,1773669599999
1773669600000,0.16217,0.16713,0.16037,0.16067,1625203.508285,1773676799999
1773676800000,0.16075,0.16647,0.16,0.16519,1933436.233586,1773683999999
1773684000000,0.16522,0.16703,0.16313,0.16493,2021406.704772,1773691199999
1773691200000,0.16478,0.16502,0.16237,0.16331,1077456.555551,1773698399999
1773698400000,0.16338,0.16596,0.16338,0.16501,1673028.766117,1773705599999
1773705600000,0.16421,0.16604,0.16353,0.16491,788349.247141,1773712799999
1773712800000,0.16502,0.16716,0.16238,0.16375,1551486.03028,1773719999999
1773720000000,0.16416,0.16418,0.15904,0.16057,1465914.363931,1773727199999
1773727200000,0.16083,0.1643,0.16024,0.16385,1125096.245132,1773734399999
1773734400000,0.16431,0.16537,0.16324,0.16377,1173197.879864,1773741599999
1773741600000,0.16379,0.16463,0.16155,0.16158,781765.097824,1773748799999
1773748800000,0.16131,0.16282,0.15974,0.16081,1122108.217375,1773755999999
1773756000000,0.16048,0.16355,0.16002,0.16193,777197.771879,1773763199999
1773763200000,0.16182,0.16247,0.15992,0.16206,673270.041486,1773770399999
1773770400000,0.162,0.16376,0.16143,0.16155,625496.650328,1773777599999
1773777600000,0.16151,0.16561,0.16079,0.1647,996101.332698,1773784799999
1773784800000,0.16456,0.16545,0.16321,0.16397,1091036.718896,1773791999999
1773792000000,0.16374,0.16459,0.16175,0.16417,459986.341811,1773799199999
1773799200000,0.16411,0.16819,0.16406,0.16507,939793.994131,1773806399999
1773806400000,0.16528,0.16608,0.16262,0.16361,872756.728447,1773813599999
1773813600000,0.16362,0.16499,0.16231,0.16401,855223.628712,1773820799999
1773820800000,0.16444,0.16444,0.16253,0.16279,663130.800196,1773827999999
1773828000000,0.1627,0.16279,0.1568,0.1576,1022976.161734,1773835199999
1773835200000,0.15734,0.15734,0.15306,0.15532,1362687.929886,1773842399999
1773842400000,0.1553,0.15536,0.15161,0.15341,834430.396489,1773849599999
1773849600000,0.15324,0.15394,0.151,0.15348,1223075.719018,1773856799999
1773856800000,0.15369,0.156,0.15369,0.15414,623811.861458,1773863999999
1773864000000,0.15415,0.15962,0.15297,0.15906,818686.871189,1773871199999
1773871200000,0.1589,0.15938,0.15706,0.15771,1131544.134046,1773878399999
1773878400000,0.15788,0.15849,0.15599,0.1564,927393.633058,1773885599999
1773885600000,0.15639,0.15815,0.15499,0.15663,812101.819245,1773892799999
1773892800000,0.1565,0.15695,0.1537,0.15463,871618.37199,1773899999999
1773900000000,0.15469,0.15505,0.15244,0.15358,1041230.471021,1773907199999
1773907200000,0.15368,0.15484,0.15249,0.15434,728574.62917,1773914399999
1773914400000,0.15436,0.15471,0.15221,0.15223,718515.628848,1773921599999
1773921600000,0.15203,0.15308,0.149,0.1515,1736518.950011,1773928799999
1773928800000,0.15168,0.15192,0.14796,0.14922,782430.956733,1773935999999
1773936000000,0.14891,0.15001,0.148,0.14992,1242797.741792,1773943199999
1773943200000,0.14983,0.1509,0.14818,0.14854,982403.097405,1773950399999
1773950400000,0.14842,0.14976,0.14798,0.14918,1139735.875577,1773957599999
1773957600000,0.14909,0.15019,0.14805,0.14932,999283.185373,1773964799999
1773964800000,0.14917,0.15188,0.14863,0.15184,444017.971475,1773971999999
1773972000000,0.15177,0.15252,0.15017,0.1514,590806.228759,1773979199999
1773979200000,0.1511,0.15436,0.15101,0.15356,824343.443587,1773986399999
1773986400000,0.15372,0.154,0.15076,0.15142,545075.759265,1773993599999
1773993600000,0.15174,0.1548,0.15174,0.15463,973908.885924,1774000799999
1774000800000,0.15468,0.15476,0.15263,0.15377,548335.034511,1774007999999
1774008000000,0.1539,0.15528,0.15315,0.15384,982492.597212,1774015199999
1774015200000,0.1537,0.15714,0.15266,0.15665,351191.326313,1774022399999
1774022400000,0.15682,0.15724,0.15352,0.15502,925572.201836,1774029599999
1774029600000,0.15514,0.15588,0.15183,0.15349,803101.867384,1774036799999
1774036800000,0.15358,0.15597,0.152,0.15498,1500379.894686,1774043999999
1774044000000,0.15514,0.1563,0.15376,0.15445,771028.397107,1774051199999
1774051200000,0.15442,0.15475,0.15367,0.1543,456812.801398,1774058399999
1774058400000,0.15414,0.15566,0.15384,0.15485,536225.652405,1774065599999
1774065600000,0.15484,0.15609,0.1543,0.15532,650448.087759,1774072799999
1774072800000,0.15494,0.15552,0.15443,0.15481,511694.764432,1774079999999
1774080000000,0.15506,0.15634,0.15503,0.1561,408542.415801,1774087199999
1774087200000,0.156,0.15627,0.15477,0.15521,680853.062758,1774094399999
1774094400000,0.15539,0.15563,0.15451,0.15479,163777.029305,1774101599999
1774101600000,0.15483,0.15752,0.15437,0.15747,484620.561001,1774108799999
1774108800000,0.15751,0.15794,0.15591,0.15633,823643.104812,1774115999999
1774116000000,0.15648,0.15668,0.15513,0.15557,624158.804122,1774123199999
1774123200000,0.15572,0.15819,0.15565,0.15737,1208415.822039,1774130399999
1774130400000,0.15715,0.15766,0.14947,0.15072,946719.930477,1774137599999
1774137600000,0.15046,0.15149,0.1477,0.1507,1010086.425212,1774144799999
1774144800000,0.15069,0.15423,0.15043,0.15174,1001897.528899,1774151999999
1774152000000,0.15168,0.15242,0.14996,0.15019,1098455.841117,1774159199999
1774159200000,0.14989,0.15052,0.14874,0.14885,1147452.522424,1774166399999
1774166400000,0.14871,0.15067,0.14774,0.15048,2211304.117177,1774173599999
1774173600000,0.15008,0.15069,0.14875,0.14972,1116329.249123,1774180799999
1774180800000,0.14967,0.15212,0.14918,0.15139,994518.482361,1774187999999
1774188000000,0.15141,0.15244,0.1508,0.15118,543912.633692,1774195199999
1774195200000,0.15105,0.15188,0.15049,0.15064,800548.222527,1774202399999
1774202400000,0.15068,0.1507,0.14785,0.14849,1007246.365709,1774209599999
1774209600000,0.14856,0.14921,0.14509,0.14626,1563379.362325,1774216799999
1774216800000,0.1465,0.15007,0.14538,0.14867,1046591.003477,1774223999999
1774224000000,0.14893,0.15154,0.14832,0.15079,903983.414284,1774231199999
1774231200000,0.15084,0.15289,0.15017,0.15203,938461.533699,1774238399999
1774238400000,0.152,0.15478,0.15183,0.15437,773128.674461,1774245599999
1774245600000,0.15442,0.15442,0.1501,0.15092,1420402.738423,1774252799999
1774252800000,0.15084,0.15169,0.14842,0.15019,1042787.5899,1774259999999
1774260000000,0.15028,0.15718,0.14902,0.15248,3500935.201112,1774267199999
1774267200000,0.15294,0.15631,0.15173,0.15619,1294856.132526,1774274399999
1774274400000,0.15645,0.16061,0.15585,0.15883,1572009.617805,1774281599999
1774281600000,0.15951,0.16286,0.15806,0.16137,1089229.174871,1774288799999
1774288800000,0.16236,0.16666,0.16186,0.16279,962110.035534,1774295999999
1774296000000,0.16286,0.16429,0.16163,0.16163,468144.42305,1774303199999
1774303200000,0.16133,0.16133,0.15824,0.16065,924152.157407,1774310399999
1774310400000,0.16086,0.16166,0.1593,0.16003,679007.222416,1774317599999
1774317600000,0.15973,0.16186,0.1593,0.16146,298591.485026,1774324799999
1774324800000,0.16149,0.16283,0.16075,0.16184,381760.274402,1774331999999
1774332000000,0.1618,0.16407,0.16078,0.16337,270076.661873,1774339199999
1774339200000,0.16335,0.16514,0.16241,0.16397,786255.280463,1774346399999
1774346400000,0.16395,0.16457,0.16128,0.16144,729746.071469,1774353599999
1774353600000,0.16122,0.16243,0.16048,0.16213,450579.077466,1774360799999
1774360800000,0.16243,0.16456,0.16018,0.16233,1150359.317959,1774367999999
1774368000000,0.16197,0.16327,0.16086,0.16173,1107968.004221,1774375199999
1774375200000,0.16203,0.16518,0.16187,0.16434,455592.836414,1774382399999
1774382400000,0.16423,0.16923,0.16423,0.16751,438826.197633,1774389599999
1774389600000,0.16791,0.16791,0.16488,0.16558,515944.931177,1774396799999
1774396800000,0.16499,0.16603,0.16454,0.16524,367382.281857,1774403999999
1774404000000,0.165,0.16569,0.16362,0.16511,522407.472354,1774411199999
1774411200000,0.16489,0.16841,0.16479,0.16779,924105.369705,1774418399999
1774418400000,0.168,0.17197,0.168,0.16992,473650.314526,1774425599999
1774425600000,0.17032,0.17144,0.16884,0.17012,747120.889275,1774432799999
1774432800000,0.17006,0.17042,0.16853,0.16958,901203.702636,1774439999999
1774440000000,0.17013,0.17417,0.16915,0.17254,759393.978653,1774447199999
1774447200000,0.17223,0.17276,0.16788,0.16865,1093688.551181,1774454399999
1774454400000,0.16844,0.17049,0.16806,0.16819,840417.764034,1774461599999
1774461600000,0.16812,0.16877,0.16635,0.16663,894832.067546,1774468799999
1774468800000,0.16634,0.16634,0.1648,0.1658,743333.520498,1774475999999
1774476000000,0.16592,0.16672,0.16384,0.16442,667062.466757,1774483199999
1774483200000,0.16473,0.16512,0.1631,0.16416,718177.748776,1774490399999
1774490400000,0.16401,0.16472,0.16309,0.1644,670228.010607,1774497599999
1774497600000,0.16454,0.16473,0.1627,0.16278,869750.14439,1774504799999
1774504800000,0.1632,0.16379,0.16271,0.16355,564126.255749,1774511999999
1774512000000,0.16304,0.16401,0.16127,0.16146,489869.696613,1774519199999
1774519200000,0.16166,0.16233,0.16091,0.16153,490886.40088,1774526399999
1774526400000,0.16136,0.16365,0.16061,0.16271,957224.289446,1774533599999
1774533600000,0.16327,0.16367,0.16191,0.16195,778676.025865,1774540799999
1774540800000,0.16238,0.16313,0.16015,0.1606,646373.575867,1774547999999
1774548000000,0.16054,0.16117,0.15959,0.16004,675645.887631,1774555199999
1774555200000,0.16018,0.16442,0.15989,0.16324,1354887.574982,1774562399999
1774562400000,0.16325,0.16352,0.16172,0.16205,593280.99816,1774569599999
1774569600000,0.16222,0.16381,0.16208,0.16345,409314.143079,1774576799999
1774576800000,0.16345,0.16385,0.16145,0.16153,447195.421838,1774583999999
1774584000000,0.16135,0.1614,0.15919,0.1594,823178.329654,1774591199999
1774591200000,0.15907,0.1603,0.15814,0.16026,1174376.493467,1774598399999
1774598400000,0.1604,0.1604,0.15409,0.15483,1688307.321387,1774605599999
1774605600000,0.15479,0.15633,0.15226,0.15344,1817443.326513,1774612799999
1774612800000,0.15348,0.15351,0.15187,0.15234,883348.300417,1774619999999
1774620000000,0.15231,0.15299,0.15002,0.15015,1372776.621909,1774627199999
1774627200000,0.15015,0.1513,0.14914,0.1505,1107037.05652,1774634399999
1774634400000,0.15042,0.1509,0.14801,0.14894,3488638.370895,1774641599999
1774641600000,0.14892,0.15593,0.147,0.14824,5327091.176282,1774648799999
1774648800000,0.14833,0.14865,0.14742,0.1483,917929.864166,1774655999999
1774656000000,0.1483,0.15122,0.1483,0.15018,1355559.23951,1774663199999
1774663200000,0.15025,0.1507,0.14857,0.14901,844036.448209,1774670399999
1774670400000,0.14863,0.14929,0.14796,0.14923,527048.462434,1774677599999
1774677600000,0.14926,0.15166,0.14873,0.15166,727978.879928,1774684799999
1774684800000,0.15149,0.15244,0.15109,0.15243,1183969.281468,1774691999999
1774692000000,0.15255,0.15361,0.15195,0.15297,716890.719103,1774699199999
1774699200000,0.15272,0.157,0.1524,0.1568,746541.05222,1774706399999
1774706400000,0.1569,0.15902,0.1561,0.15637,661370.601262,1774713599999
1774713600000,0.1564,0.15656,0.15481,0.15514,930515.123616,1774720799999
1774720800000,0.15507,0.15634,0.15493,0.15576,681330.780844,1774727999999
1774728000000,0.15586,0.15613,0.15422,0.15422,501237.250933,1774735199999
1774735200000,0.15436,0.15472,0.15224,0.15263,605962.321381,1774742399999
1774742400000,0.15268,0.15273,0.151,0.15195,891735.377934,1774749599999
1774749600000,0.15195,0.15282,0.15167,0.1525,599690.286194,1774756799999
1774756800000,0.15255,0.15285,0.15177,0.15185,558683.023727,1774763999999
1774764000000,0.15184,0.15265,0.15178,0.15219,516294.584957,1774771199999
1774771200000,0.15213,0.15257,0.15144,0.15156,667823.668326,1774778399999
1774778400000,0.15154,0.15285,0.15108,0.15154,1028301.347885,1774785599999
1774785600000,0.15158,0.15158,0.14857,0.1495,1199759.636674,1774792799999
1774792800000,0.14926,0.15061,0.14902,0.15012,628446.329681,1774799999999
1774800000000,0.15001,0.15045,0.14889,0.14943,946063.919179,1774807199999
1774807200000,0.14941,0.14989,0.14889,0.14916,865195.04724,1774814399999
1774814400000,0.14915,0.15143,0.14915,0.15077,780867.052677,1774821599999
1774821600000,0.15072,0.15072,0.1458,0.14917,1223039.975842,1774828799999
1774828800000,0.14922,0.15198,0.1492,0.15136,1140422.319389,1774835999999
1774836000000,0.15138,0.15342,0.15101,0.15342,668123.319793,1774843199999
1774843200000,0.15346,0.15611,0.15344,0.15463,628149.360202,1774850399999
1774850400000,0.15497,0.15674,0.15464,0.15642,852272.203305,1774857599999
1774857600000,0.15639,0.15675,0.15373,0.1541,891877.593781,1774864799999
1774864800000,0.15403,0.157,0.15391,0.15582,998895.756504,1774871999999
1774872000000,0.15567,0.15637,0.15508,0.15541,423122.872115,1774879199999
1774879200000,0.15561,0.15703,0.15465,0.15613,619991.2138,1774886399999
1774886400000,0.15604,0.15644,0.1539,0.15479,991924.391162,1774893599999
1774893600000,0.15481,0.15492,0.15308,0.15418,451594.793577,1774900799999
1774900800000,0.15387,0.15643,0.15343,0.15611,812215.303899,1774907999999
1774908000000,0.15608,0.15625,0.15365,0.15437,649957.881373,1774915199999
1774915200000,0.15433,0.15688,0.15364,0.15645,709804.658956,1774922399999
1774922400000,0.15653,0.1573,0.15532,0.15577,871793.688062,1774929599999
1774929600000,0.15573,0.15587,0.15401,0.15563,514179.704233,1774936799999
1774936800000,0.15567,0.15573,0.15407,0.15477,613622.838062,1774943999999
1774944000000,0.15475,0.15588,0.15169,0.15208,1216073.385494,1774951199999
1774951200000,0.15253,0.15377,0.15144,0.15359,1126021.21627,1774958399999
1774958400000,0.15367,0.15597,0.15287,0.15522,638881.313403,1774965599999
1774965600000,0.15562,0.1568,0.15254,0.15254,1035088.240279,1774972799999
1774972800000,0.15259,0.15664,0.15255,0.15488,1371208.920674,1774979999999
1774980000000,0.15509,0.1565,0.15477,0.15531,443258.400713,1774987199999
1774987200000,0.15549,0.15669,0.15487,0.1549,652439.161275,1774994399999
1774994400000,0.15499,0.15514,0.15332,0.15469,822625.078706,1775001599999
1775001600000,0.15433,0.15583,0.15408,0.15492,508993.897409,1775008799999
1775008800000,0.15499,0.1565,0.15358,0.15625,314213.193414,1775015999999
1775016000000,0.15658,0.15767,0.15551,0.15767,561749.662706,1775023199999
1775023200000,0.15769,0.15894,0.15763,0.15839,412908.553854,1775030399999
1775030400000,0.15879,0.15903,0.15691,0.15796,599412.497947,1775037599999
1775037600000,0.15781,0.15869,0.15754,0.15859,415307.686848,1775044799999
1775044800000,0.15858,0.16104,0.15807,0.15907,1184161.960671,1775051999999
1775052000000,0.15925,0.1605,0.15766,0.16047,800227.829911,1775059199999
1775059200000,0.16019,0.16183,0.1594,0.1601,1673627.361417,1775066399999
1775066400000,0.16006,0.16071,0.15829,0.15987,1047518.76415,1775073599999
1775073600000,0.15995,0.1601,0.15798,0.15895,692736.468125,1775080799999
1775080800000,0.15881,0.15894,0.15608,0.15616,485008.697596,1775087999999
1775088000000,0.15669,0.15771,0.15267,0.15349,1300597.043359,1775095199999
1775095200000,0.15356,0.15401,0.15136,0.15214,635382.906416,1775102399999
1775102400000,0.15211,0.15478,0.15152,0.15467,887660.440001,1775109599999
1775109600000,0.15459,0.15568,0.15408,0.1545,708866.159347,1775116799999
1775116800000,0.15469,0.15511,0.15272,0.15408,1014103.660169,1775123999999
1775124000000,0.15404,0.15415,0.15258,0.15267,679752.504278,1775131199999
1775131200000,0.15264,0.15285,0.1514,0.15268,1173465.093751,1775138399999
1775138400000,0.15233,0.15608,0.15215,0.15377,998102.444088,1775145599999
1775145600000,0.15324,0.15477,0.15264,0.15317,735712.436292,1775152799999
1775152800000,0.15321,0.15428,0.15269,0.15408,536672.368754,1775159999999
1775160000000,0.1543,0.15549,0.15361,0.1552,813715.329786,1775167199999
1775167200000,0.1551,0.15657,0.15473,0.15554,1022364.498706,1775174399999
1775174400000,0.15561,0.15639,0.15477,0.15486,746338.443944,1775181599999
1775181600000,0.15483,0.1576,0.15408,0.15755,998375.354763,1775188799999
1775188800000,0.1579,0.16015,0.1574,0.15927,337916.60457,1775195999999
1775196000000,0.15914,0.16057,0.15853,0.15859,552584.634172,1775203199999
1775203200000,0.15876,0.15971,0.15795,0.15971,518819.29511,1775210399999
1775210400000,0.15975,0.16003,0.15767,0.15823,520552.496327,1775217599999
1775217600000,0.15797,0.16039,0.15722,0.15775,656889.721278,1775224799999
1775224800000,0.15767,0.15777,0.15551,0.15719,851289.293663,1775231999999
1775232000000,0.15685,0.1582,0.15678,0.15782,691881.182357,1775239199999
1775239200000,0.15746,0.15896,0.15713,0.15828,778586.914717,1775246399999
1775246400000,0.15822,0.15922,0.15795,0.15876,292019.786041,1775253599999
1775253600000,0.15878,0.15878,0.15735,0.15774,368413.241388,1775260799999
1775260800000,0.15767,0.1579,0.15585,0.1561,369454.417054,1775267999999
1775268000000,0.15607,0.15607,0.15462,0.1552,708988.775582,1775275199999
1775275200000,0.15507,0.15644,0.15495,0.15561,334717.71565,1775282399999
1775282400000,0.15563,0.1569,0.15563,0.15683,762759.26799,1775289599999
1775289600000,0.1569,0.1569,0.15483,0.15509,737958.040011,1775296799999
1775296800000,0.1551,0.15578,0.15482,0.15553,542606.71789,1775303999999
1775304000000,0.15605,0.15638,0.155,0.155,345572.451268,1775311199999
1775311200000,0.15496,0.15756,0.15395,0.15601,885282.364583,1775318399999
1775318400000,0.15611,0.15842,0.15569,0.15823,651097.352198,1775325599999
1775325600000,0.15841,0.16017,0.15787,0.15863,727387.344068,1775332799999
1775332800000,0.1585,0.1585,0.1569,0.15753,295732.374461,1775339999999
1775340000000,0.15771,0.15837,0.15742,0.15799,452107.680066,1775347199999
1775347200000,0.15792,0.15792,0.15726,0.15735,607315.207368,1775354399999
1775354400000,0.15706,0.15706,0.15601,0.15679,512738.578701,1775361599999
1775361600000,0.15678,0.15708,0.15438,0.15474,590553.169594,1775368799999
1775368800000,0.15471,0.15521,0.15339,0.15387,695125.620218,1775375999999
1775376000000,0.15372,0.15448,0.15319,0.15436,384504.595216,1775383199999
1775383200000,0.15428,0.15484,0.15311,0.15355,486406.246177,1775390399999
1775390400000,0.15335,0.15349,0.15132,0.15267,651340.90361,1775397599999
1775397600000,0.153,0.1547,0.15228,0.15308,757819.838395,1775404799999
1775404800000,0.15315,0.15322,0.15214,0.15273,359995.272196,1775411999999
1775412000000,0.15249,0.15314,0.15193,0.15233,492142.051848,1775419199999
1775419200000,0.15249,0.15289,0.15161,0.15229,763676.297902,1775426399999
1775426400000,0.15242,0.1585,0.15242,0.1585,991900.946707,1775433599999
1775433600000,0.15969,0.16192,0.15918,0.16028,859123.19622,1775440799999
1775440800000,0.16044,0.16167,0.15964,0.16019,439197.410889,1775447999999
1775448000000,0.16103,0.16213,0.16055,0.16064,283682.582019,1775455199999
1775455200000,0.16057,0.16133,0.15948,0.16015,697048.521709,1775462399999
1775462400000,0.16013,0.16173,0.15998,0.16162,898706.652488,1775469599999
1775469600000,0.16177,0.16495,0.16177,0.16435,369804.646865,1775476799999
1775476800000,0.16438,0.16561,0.16282,0.16312,762343.596864,1775483999999
1775484000000,0.16308,0.16389,0.16109,0.16176,245673.101181,1775491199999
1775491200000,0.16189,0.16213,0.16097,0.16139,738659.217619,1775498399999
1775498400000,0.16124,0.16241,0.16021,0.16117,563559.282707,1775505599999
1775505600000,0.1609,0.16142,0.15962,0.15962,629811.754987,1775512799999
1775512800000,0.15959,0.15993,0.15394,0.15465,1283772.735931,1775519999999
1775520000000,0.1544,0.1559,0.15387,0.15495,593411.60995,1775527199999
1775527200000,0.15483,0.15609,0.15475,0.15607,788984.162728,1775534399999
1775534400000,0.15607,0.15689,0.1555,0.15581,920778.553624,1775541599999
1775541600000,0.1558,0.15607,0.15487,0.15549,721037.083104,1775548799999
1775548800000,0.15597,0.15709,0.15497,0.15693,830873.725664,1775555999999
1775556000000,0.15704,0.15729,0.15378,0.15398,1008615.566937,1775563199999
1775563200000,0.15392,0.15539,0.15281,0.15526,767672.753444,1775570399999
1775570400000,0.15517,0.15589,0.15419,0.15513,653777.224359,1775577599999
1775577600000,0.15491,0.15866,0.1548,0.15756,748043.677513,1775584799999
1775584800000,0.15766,0.16094,0.1569,0.16094,383294.150413,1775591999999
1775592000000,0.16103,0.16535,0.15975,0.1653,809154.621683,1775599199999
1775599200000,0.1655,0.17424,0.16544,0.17082,1297997.18824,1775606399999
1775606400000,0.17077,0.17096,0.1674,0.16834,715733.422838,1775613599999
1775613600000,0.16832,0.17016,0.16779,0.17016,565789.693619,1775620799999
1775620800000,0.17011,0.17224,0.16992,0.17138,949814.737507,1775627999999
1775628000000,0.17185,0.17234,0.1709,0.17148,800938.870627,1775635199999
1775635200000,0.17151,0.17158,0.17007,0.17103,878419.546974,1775642399999
1775642400000,0.17112,0.17252,0.1665,0.16928,902576.766622,1775649599999
1775649600000,0.16931,0.16931,0.16774,0.16838,608333.434999,1775656799999
1775656800000,0.16816,0.16821,0.16414,0.16595,1283507.314065,1775663999999
1775664000000,0.16593,0.16821,0.16542,0.16758,732609.659917,1775671199999
1775671200000,0.16756,0.16793,0.1651,0.16606,451827.440708,1775678399999
1775678400000,0.16617,0.16834,0.16548,0.16772,596249.574263,1775685599999
1775685600000,0.16774,0.16974,0.16613,0.1667,912595.684238,1775692799999
1775692800000,0.16697,0.16706,0.16518,0.16614,340911.083449,1775699999999
1775700000000,0.16654,0.16659,0.16412,0.16429,564409.578342,1775707199999
1775707200000,0.16407,0.16508,0.16332,0.16372,338857.651662,1775714399999
1775714400000,0.1637,0.16456,0.16234,0.16364,1658993.536713,1775721599999
1775721600000,0.1636,0.16472,0.16198,0.16431,1490433.086441,1775728799999
1775728800000,0.16419,0.16461,0.16302,0.16328,601205.046746,1775735999999
1775736000000,0.16328,0.16445,0.16309,0.16432,1193393.213846,1775743199999
1775743200000,0.16434,0.1692,0.1634,0.1683,880054.496837,1775750399999
1775750400000,0.16827,0.17076,0.16806,0.1706,1117813.306239,1775757599999
1775757600000,0.17037,0.17072,0.16885,0.1704,909889.877626,1775764799999
1775764800000,0.17059,0.17182,0.16978,0.17117,1009662.293087,1775771999999
1775772000000,0.17131,0.17656,0.16948,0.16975,1215672.96681,1775779199999
1775779200000,0.17008,0.17191,0.1691,0.16993,458106.377378,1775786399999
1775786400000,0.1699,0.17194,0.1699,0.1703,641114.498815,1775793599999
1775793600000,0.17057,0.17289,0.17043,0.17156,1150634.662088,1775800799999
1775800800000,0.17143,0.17159,0.16846,0.16863,1500350.62573,1775807999999
1775808000000,0.16865,0.16889,0.16707,0.16796,1083976.85391,1775815199999
1775815200000,0.1678,0.16803,0.16618,0.16681,590643.410441,1775822399999
1775822400000,0.16687,0.1683,0.16656,0.16782,643959.776232,1775829599999
1775829600000,0.16773,0.17067,0.16749,0.16922,1187272.416975,1775836799999
1775836800000,0.16948,0.16992,0.16789,0.16856,358475.820865,1775843999999
1775844000000,0.16875,0.17196,0.16875,0.17196,237444.331713,1775851199999
1775851200000,0.17174,0.17177,0.16953,0.17052,482166.980355,1775858399999
1775858400000,0.17042,0.17044,0.1689,0.16927,204180.267819,1775865599999
1775865600000,0.16902,0.16902,0.16636,0.16801,393517.273099,1775872799999
1775872800000,0.16755,0.16849,0.16667,0.16667,138709.1773,1775879999999
1775880000000,0.16665,0.16705,0.16549,0.16596,145783.735541,1775887199999
1775887200000,0.16514,0.16597,0.16471,0.1656,46650.438247,1775894399999
1775894400000,0.16619,0.16746,0.16601,0.16702,240800.659645,1775901599999
1775901600000,0.16718,0.16744,0.16579,0.16617,243078.527806,1775908799999
1775908800000,0.16587,0.16587,0.16407,0.16552,402766.479009,1775915999999
1775916000000,0.16577,0.16733,0.16535,0.16732,534794.570275,1775923199999
1775923200000,0.16722,0.17055,0.16701,0.16862,677457.94053,1775930399999
1775930400000,0.16836,0.17346,0.16773,0.17346,1047527.894552,1775937599999
1775937600000,0.17369,0.175,0.17099,0.17155,1668794.985798,1775944799999
1775944800000,0.17148,0.17213,0.1688,0.16974,846429.537637,1775951999999
1775952000000,0.16974,0.16989,0.16208,0.16257,912054.136549,1775959199999
1775959200000,0.16226,0.16335,0.1618,0.16284,575189.251018,1775966399999
1775966400000,0.16251,0.16373,0.1622,0.16362,676742.063163,1775973599999
1775973600000,0.16346,0.16359,0.16219,0.1625,414117.021464,1775980799999
1775980800000,0.16216,0.1628,0.16174,0.16179,245343.527116,1775987999999
1775988000000,0.16191,0.16283,0.16133,0.16197,1131434.715867,1775995199999
1775995200000,0.16197,0.16351,0.16105,0.16123,1182591.376447,1776002399999
1776002400000,0.16107,0.16186,0.16005,0.16046,957143.600263,1776009599999
1776009600000,0.16037,0.16401,0.16037,0.16344,808977.267088,1776016799999
1776016800000,0.16375,0.16385,0.16243,0.16305,294401.191045,1776023999999
1776024000000,0.16321,0.16442,0.16245,0.16397,402374.310399,1776031199999
1776031200000,0.16369,0.16369,0.1607,0.16092,958144.999055,1776038399999
1776038400000,0.16056,0.16281,0.16056,0.16267,683047.942876,1776045599999
1776045600000,0.1625,0.1625,0.16099,0.16181,535829.138632,1776052799999
1776052800000,0.16182,0.16216,0.16065,0.16108,222487.543782,1776059999999
1776060000000,0.16134,0.16234,0.16023,0.16023,388117.012559,1776067199999
1776067200000,0.16017,0.16168,0.15994,0.16129,397463.737094,1776074399999
1776074400000,0.16117,0.16144,0.16057,0.16101,324241.809783,1776081599999
1776081600000,0.16084,0.16291,0.16021,0.16247,571757.806487,1776088799999
1776088800000,0.16201,0.16214,0.1589,0.15963,624224.287621,1776095999999
1776096000000,0.15957,0.161,0.15883,0.15897,1246209.74828,1776103199999
1776103200000,0.15899,0.16327,0.15852,0.16327,1013128.750876,1776110399999
1776110400000,0.16317,0.16321,0.16032,0.16205,670380.075946,1776117599999
1776117600000,0.16232,0.17162,0.1622,0.17126,1370014.812507,1776124799999
1776124800000,0.17129,0.173,0.16782,0.16917,942531.441642,1776131999999
1776132000000,0.1689,0.17004,0.16852,0.16876,871182.609915,1776139199999
1776139200000,0.16883,0.17031,0.16516,0.16559,820454.232482,1776146399999
1776146400000,0.16601,0.16691,0.16449,0.16496,761790.274493,1776153599999
1776153600000,0.16496,0.16807,0.16462,0.16779,994197.746518,1776160799999
1776160800000,0.1677,0.16908,0.16688,0.16745,530165.169717,1776167999999
1776168000000,0.16711,0.1692,0.16598,0.1692,463828.510204,1776175199999
1776175200000,0.16946,0.17044,0.16425,0.16453,1091377.874997,1776182399999
1776182400000,0.16498,0.16644,0.16426,0.16528,958547.102349,1776189599999
1776189600000,0.16561,0.16567,0.16161,0.1637,934784.498199,1776196799999
1776196800000,0.1637,0.16386,0.16184,0.16357,276329.557485,1776203999999
1776204000000,0.1635,0.16419,0.1624,0.16408,545554.666402,1776211199999
1776211200000,0.16416,0.1665,0.16411,0.16551,345637.692401,1776218399999
1776218400000,0.16532,0.16601,0.16449,0.16506,581571.127939,1776225599999
1776225600000,0.16513,0.166,0.16357,0.16432,561007.755166,1776232799999
1776232800000,0.16416,0.16465,0.16161,0.16185,837081.509966,1776239999999
1776240000000,0.1619,0.1645,0.16155,0.16349,782531.796758,1776247199999
1776247200000,0.1635,0.16622,0.1629,0.16559,555515.723284,1776254399999
1776254400000,0.16533,0.1667,0.1652,0.16566,339783.241721,1776261599999
1776261600000,0.16563,0.16915,0.16533,0.16644,775879.417188,1776268799999
1776268800000,0.16625,0.16933,0.16624,0.16867,1112085.854566,1776275999999
1776276000000,0.16852,0.17179,0.16852,0.17023,824299.860223,1776283199999
1776283200000,0.17018,0.17129,0.16873,0.17035,914590.841726,1776290399999
1776290400000,0.17039,0.17158,0.16839,0.16923,670656.128309,1776297599999
1776297600000,0.1698,0.17154,0.16871,0.1712,487009.090487,1776304799999
1776304800000,0.17125,0.17664,0.17124,0.17619,1545306.71885,1776311999999
1776312000000,0.17617,0.18093,0.17507,0.17607,867049.773557,1776319199999
1776319200000,0.17617,0.18094,0.17568,0.17992,1060933.197987,1776326399999
1776326400000,0.17984,0.18102,0.17657,0.17674,888816.74639,1776333599999
1776333600000,0.17681,0.1778,0.17543,0.17754,432873.883404,1776340799999
1776340800000,0.17804,0.18441,0.17797,0.18004,2188698.276673,1776347999999
1776348000000,0.17992,0.18552,0.17647,0.18534,1249509.946135,1776355199999
1776355200000,0.18531,0.18648,0.17925,0.18293,1722183.70665,1776362399999
1776362400000,0.18335,0.19233,0.18206,0.19107,1368532.660199,1776369599999
1776369600000,0.1905,0.19212,0.18327,0.18495,1448629.535223,1776376799999
1776376800000,0.18535,0.18772,0.18518,0.18567,896500.116764,1776383999999
1776384000000,0.18571,0.18796,0.18255,0.18396,931097.760385,1776391199999
1776391200000,0.18408,0.1844,0.18136,0.18349,514983.910646,1776398399999
1776398400000,0.18303,0.18353,0.17912,0.17938,707251.760946,1776405599999
1776405600000,0.17934,0.18188,0.17934,0.18124,618661.364964,1776412799999
1776412800000,0.1811,0.18337,0.18069,0.18275,515225.5809,1776419999999
1776420000000,0.18266,0.18345,0.17906,0.18242,641253.777133,1776427199999
1776427200000,0.18145,0.18889,0.18145,0.18834,838419.263196,1776434399999
1776434400000,0.18834,0.19098,0.18561,0.18669,1333719.139182,1776441599999
1776441600000,0.18716,0.18941,0.18647,0.18749,739274.252131,1776448799999
1776448800000,0.18763,0.18819,0.18527,0.18705,530125.612708,1776455999999
1776456000000,0.18685,0.18691,0.1842,0.18501,644421.140219,1776463199999
1776463200000,0.18445,0.18544,0.18199,0.18265,793549.080786,1776470399999
1776470400000,0.18278,0.18365,0.18134,0.18285,292181.411177,1776477599999
1776477600000,0.18218,0.18407,0.1818,0.18265,595010.637431,1776484799999
1776484800000,0.18268,0.18383,0.18157,0.18328,845805.989012,1776491999999
1776492000000,0.18327,0.18373,0.18236,0.18296,782375.62143,1776499199999
1776499200000,0.18288,0.18337,0.17893,0.18021,928025.906017,1776506399999
1776506400000,0.17993,0.17993,0.17509,0.17621,1087402.730498,1776513599999
1776513600000,0.17613,0.17663,0.17455,0.17574,1010146.547325,1776520799999
1776520800000,0.17567,0.17735,0.17537,0.17607,539147.496917,1776527999999
1776528000000,0.17558,0.17623,0.17363,0.17363,1090613.682097,1776535199999
1776535200000,0.17383,0.17383,0.1715,0.17226,852234.353477,1776542399999
1776542400000,0.17239,0.17387,0.17192,0.17362,409146.683377,1776549599999
1776549600000,0.17371,0.17385,0.17251,0.17256,572263.018752,1776556799999
1776556800000,0.17239,0.17247,0.17083,0.17137,356499.841607,1776563999999
1776564000000,0.17131,0.17174,0.16887,0.17081,1007019.674004,1776571199999
1776571200000,0.17083,0.17285,0.17039,0.17146,813847.687428,1776578399999
1776578400000,0.17131,0.17277,0.16961,0.17059,1050939.205617,1776585599999
1776585600000,0.17056,0.17106,0.16991,0.17023,324811.567081,1776592799999
1776592800000,0.16984,0.17228,0.16949,0.17162,405925.045594,1776599999999
1776600000000,0.17154,0.17461,0.17148,0.17396,827078.150232,1776607199999
1776607200000,0.17401,0.17604,0.17025,0.17404,693861.601878,1776614399999
1776614400000,0.17348,0.17389,0.16866,0.16897,804530.670773,1776621599999
1776621600000,0.16902,0.17156,0.16836,0.17097,804625.818429,1776628799999
1776628800000,0.17094,0.17094,0.16915,0.16915,750352.480563,1776635999999
1776636000000,0.16926,0.16926,0.16473,0.16576,1245173.756528,1776643199999
1776643200000,0.16571,0.16863,0.16549,0.16809,850596.094412,1776650399999
1776650400000,0.16818,0.16933,0.16773,0.1692,172148.313773,1776657599999
1776657600000,0.16905,0.17066,0.16796,0.1683,608185.705064,1776664799999
1776664800000,0.16828,0.1709,0.16821,0.16949,969820.282231,1776671999999
1776672000000,0.16914,0.17065,0.16877,0.1698,270617.408146,1776679199999
1776679200000,0.17015,0.17077,0.16916,0.16944,426371.081819,1776686399999
1776686400000,0.16903,0.16968,0.16783,0.16925,241780.737904,1776693599999
1776693600000,0.16933,0.17008,0.16701,0.16858,906151.002442,1776700799999
1776700800000,0.16885,0.17031,0.16818,0.17031,404251.505557,1776707999999
1776708000000,0.17072,0.17226,0.17053,0.17125,755701.328869,1776715199999
1776715200000,0.17139,0.17269,0.17056,0.17172,541759.440033,1776722399999
1776722400000,0.17164,0.17204,0.16866,0.16931,553070.574309,1776729599999
1776729600000,0.16969,0.1709,0.16921,0.16946,671393.468809,1776736799999
1776736800000,0.16946,0.16963,0.16818,0.16902,348607.301465,1776743999999
1776744000000,0.16874,0.17064,0.16846,0.1704,632836.084401,1776751199999
1776751200000,0.17046,0.17118,0.16933,0.17023,350177.565794,1776758399999
1776758400000,0.16999,0.17148,0.16986,0.17129,203375.207916,1776765599999
1776765600000,0.17157,0.17178,0.1705,0.17054,525539.042164,1776772799999
1776772800000,0.17029,0.17045,0.16856,0.16887,669580.997783,1776779999999
1776780000000,0.16933,0.17081,0.1686,0.16938,451589.941038,1776787199999
1776787200000,0.17051,0.17052,0.16477,0.1662,899518.188983,1776794399999
1776794400000,0.1657,0.1664,0.16322,0.16405,1052164.675833,1776801599999
1776801600000,0.16394,0.166,0.16359,0.16564,1237960.069103,1776808799999
1776808800000,0.16559,0.16771,0.16489,0.16771,626279.000972,1776815999999
1776816000000,0.16798,0.16869,0.16694,0.16717,351245.514128,1776823199999
1776823200000,0.16719,0.1721,0.1671,0.17103,1321087.708048,1776830399999
1776830400000,0.17046,0.17416,0.17025,0.17293,986460.727325,1776837599999
1776837600000,0.17289,0.17293,0.17148,0.17202,972354.430677,1776844799999
1776844800000,0.172,0.17275,0.16975,0.1698,599267.696984,1776851999999
1776852000000,0.16984,0.17224,0.16916,0.1715,561498.86948,1776859199999
1776859200000,0.1718,0.17193,0.16929,0.17011,684865.501792,1776866399999
1776866400000,0.17011,0.17139,0.17011,0.17044,1075266.842288,1776873599999
1776873600000,0.17045,0.17106,0.16877,0.17064,517793.347981,1776880799999
1776880800000,0.1706,0.17127,0.16679,0.1683,780092.196925,1776887999999
1776888000000,0.1679,0.16806,0.16514,0.16722,643919.98984,1776895199999
1776895200000,0.16676,0.16707,0.162,0.162,889032.09176,1776902399999
1776902400000,0.16133,0.16226,0.15775,0.15827,1533775.263264,1776909599999
1776909600000,0.15827,0.15827,0.15364,0.1545,1139573.460219,1776916799999
1776916800000,0.15449,0.15619,0.15392,0.15562,795381.34754,1776923999999
1776924000000,0.15572,0.15716,0.15388,0.15444,628342.307035,1776931199999
1776931200000,0.15445,0.15477,0.1523,0.15396,892838.915955,1776938399999
1776938400000,0.15384,0.15517,0.15293,0.15448,248265.445855,1776945599999
1776945600000,0.15494,0.1552,0.15325,0.15399,712362.278563,1776952799999
1776952800000,0.154,0.15616,0.15345,0.1559,237854.582511,1776959999999
1776960000000,0.156,0.156,0.15083,0.15261,676238.183703,1776967199999
1776967200000,0.15304,0.15347,0.15178,0.15284,385560.960129,1776974399999
1776974400000,0.15284,0.15505,0.15284,0.15443,854871.713268,1776981599999
1776981600000,0.15443,0.15467,0.15284,0.15345,497598.224855,1776988799999
1776988800000,0.15344,0.15506,0.15337,0.15485,333255.625806,1776995999999
1776996000000,0.15488,0.15502,0.1531,0.15387,676397.713136,1777003199999
1777003200000,0.15386,0.15453,0.15304,0.15446,426690.848575,1777010399999
1777010400000,0.15446,0.15524,0.15408,0.1541,636545.719294,1777017599999
1777017600000,0.15447,0.155,0.15365,0.15414,132828.254246,1777024799999
1777024800000,0.15377,0.15558,0.1536,0.15511,838306.335036,1777031999999
1777032000000,0.15511,0.156,0.15454,0.15483,1070893.162578,1777039199999
1777039200000,0.15461,0.15543,0.15344,0.15516,1053409.496607,1777046399999
1777046400000,0.15507,0.15507,0.1534,0.15428,548309.287623,1777053599999
1777053600000,0.15413,0.1546,0.15325,0.15411,636794.804642,1777060799999
1777060800000,0.15403,0.15485,0.15328,0.15431,245396.91673,1777067999999
1777068000000,0.15408,0.15409,0.15198,0.1526,596610.565514,1777075199999
1777075200000,0.15274,0.15382,0.15231,0.15319,559153.630051,1777082399999
1777082400000,0.15322,0.15372,0.15267,0.15336,633066.705907,1777089599999
1777089600000,0.15323,0.15371,0.152,0.15292,435816.433852,1777096799999
1777096800000,0.153,0.15398,0.15256,0.15264,822549.196565,1777103999999
1777104000000,0.15251,0.15384,0.15251,0.15341,943175.474617,1777111199999
1777111200000,0.15358,0.15384,0.15193,0.15257,536327.085923,1777118399999
1777118400000,0.15241,0.15312,0.15218,0.15245,511348.304368,1777125599999
1777125600000,0.15262,0.1527,0.1513,0.15181,1287775.33079,1777132799999
1777132800000,0.15177,0.15228,0.15059,0.15095,986122.295829,1777139999999
1777140000000,0.15084,0.1518,0.15075,0.15125,597040.141929,1777147199999
1777147200000,0.15089,0.15224,0.15076,0.15186,284480.830588,1777154399999
1777154400000,0.15166,0.15253,0.15157,0.15233,603279.719142,1777161599999
1777161600000,0.15235,0.1525,0.15157,0.15175,496984.62942,1777168799999
1777168800000,0.15162,0.15278,0.15162,0.15258,112411.027732,1777175999999
1777176000000,0.15252,0.15354,0.15252,0.15275,78095.493243,1777183199999
1777183200000,0.15283,0.15348,0.15277,0.15343,529615.270411,1777190399999
1777190400000,0.15344,0.15387,0.15283,0.15358,483356.938014,1777197599999
1777197600000,0.15339,0.15464,0.15335,0.15403,524896.038551,1777204799999
1777204800000,0.15391,0.15405,0.15162,0.15177,969038.247764,1777211999999
1777212000000,0.15175,0.1528,0.15148,0.15263,641728.193021,1777219199999
1777219200000,0.15248,0.15248,0.15113,0.15236,372193.173021,1777226399999
1777226400000,0.1522,0.15309,0.15188,0.15253,547361.131744,1777233599999
1777233600000,0.15253,0.15309,0.151,0.1526,956857.772241,1777240799999
1777240800000,0.15282,0.15309,0.15164,0.15235,739483.98379,1777247999999
1777248000000,0.15265,0.15497,0.15242,0.15424,587975.290595,1777255199999
1777255200000,0.15445,0.15667,0.15329,0.15557,561099.83829,1777262399999
1777262400000,0.15545,0.15551,0.15102,0.15185,564266.054641,1777269599999
1777269600000,0.1512,0.15174,0.1497,0.15007,1120302.808334,1777276799999
1777276800000,0.15003,0.1513,0.1498,0.15054,903029.693477,1777283999999
1777284000000,0.15045,0.15082,0.14937,0.15071,877858.122215,1777291199999
1777291200000,0.15076,0.15076,0.14947,0.14972,966599.142002,1777298399999
1777298400000,0.14969,0.15185,0.14655,0.14902,1084444.37338,1777305599999
1777305600000,0.14902,0.15091,0.14859,0.15051,846632.595066,1777312799999
1777312800000,0.15016,0.15108,0.1484,0.14911,213414.47497,1777319999999
1777320000000,0.1495,0.15072,0.14923,0.14992,335285.982804,1777327199999
1777327200000,0.14986,0.15168,0.14986,0.15168,369657.524741,1777334399999
1777334400000,0.15147,0.15178,0.15077,0.15142,509456.324453,1777341599999
1777341600000,0.15152,0.15223,0.15092,0.15223,247301.327859,1777348799999
1777348800000,0.15229,0.15352,0.15229,0.15284,201791.983202,1777355999999
1777356000000,0.15277,0.15277,0.1505,0.15155,419522.836224,1777363199999
1777363200000,0.15163,0.15171,0.15054,0.15104,601173.072848,1777370399999
1777370400000,0.15133,0.1516,0.15037,0.15088,472720.923356,1777377599999
1777377600000,0.15093,0.15228,0.15029,0.15199,589370.431193,1777384799999
1777384800000,0.15184,0.15262,0.15066,0.15234,380732.803731,1777391999999
1777392000000,0.15258,0.15323,0.15141,0.15167,459246.587293,1777399199999
1777399200000,0.15164,0.15362,0.15152,0.1528,625622.217482,1777406399999
1777406400000,0.15312,0.15322,0.15228,0.15247,763378.516445,1777413599999
1777413600000,0.15252,0.15316,0.15213,0.15275,688287.879921,1777420799999
1777420800000,0.15276,0.15298,0.15223,0.15257,765858.035662,1777427999999
1777428000000,0.15258,0.15347,0.15179,0.15347,633061.19615,1777435199999
1777435200000,0.15361,0.15462,0.15342,0.1546,661640.05906,1777442399999
1777442400000,0.15453,0.15576,0.1537,0.15524,647338.686336,1777449599999
1777449600000,0.1554,0.15928,0.15514,0.15902,742738.780118,1777456799999
1777456800000,0.15957,0.16031,0.15727,0.15739,865558.073504,1777463999999
1777464000000,0.15785,0.15785,0.15285,0.15394,1146634.645277,1777471199999
1777471200000,0.15351,0.15431,0.14954,0.15004,1388604.734618,1777478399999
1777478400000,0.15015,0.15157,0.14938,0.15157,990973.303158,1777485599999
1777485600000,0.15161,0.15161,0.14673,0.15052,1307838.05247,1777492799999
1777492800000,0.1508,0.15358,0.15073,0.15303,701783.866254,1777499999999
1777500000000,0.15282,0.15346,0.15201,0.15254,616261.73396,1777507199999
1777507200000,0.15287,0.15555,0.15281,0.15519,224493.527838,1777514399999
1777514400000,0.15542,0.15909,0.15227,0.15864,1571850.19917,1777521599999
1777521600000,0.15758,0.15868,0.15457,0.15482,1165980.508216,1777528799999
1777528800000,0.15482,0.15631,0.15435,0.15552,674045.679416,1777535999999
1777536000000,0.15566,0.16012,0.15512,0.15744,1391128.233144,1777543199999
1777543200000,0.15748,0.15783,0.15337,0.15452,1217201.030499,1777550399999
1777550400000,0.15451,0.1569,0.15422,0.15566,1243270.715167,1777557599999
1777557600000,0.15542,0.16188,0.1549,0.16109,1642938.251973,1777564799999
1777564800000,0.16112,0.16231,0.15763,0.15796,1292585.432532,1777571999999
1777572000000,0.15806,0.15839,0.15657,0.15793,997604.875867,1777579199999
1777579200000,0.15785,0.15862,0.15689,0.15693,987449.590102,1777586399999
1777586400000,0.15712,0.1572,0.15556,0.15651,433222.029656,1777593599999
1777593600000,0.15673,0.1601,0.15635,0.15987,585069.663694,1777600799999
1777600800000,0.15942,0.16284,0.15875,0.15962,738263.820069,1777607999999
1777608000000,0.15998,0.16053,0.1587,0.15985,634605.699913,1777615199999
1777615200000,0.15999,0.1601,0.15739,0.158,615765.912595,1777622399999
1777622400000,0.15787,0.15842,0.15754,0.15769,405936.755046,1777629599999
1777629600000,0.15805,0.1596,0.15795,0.1596,458533.472855,1777636799999
1777636800000,0.15942,0.16165,0.15913,0.16128,408210.823418,1777643999999
1777644000000,0.16107,0.16643,0.16035,0.1645,1285597.342402,1777651199999
1777651200000,0.16495,0.1681,0.16495,0.16658,946097.147259,1777658399999
1777658400000,0.16653,0.16691,0.1638,0.16427,1123145.49343,1777665599999
1777665600000,0.16438,0.1649,0.1611,0.16185,889174.372562,1777672799999
1777672800000,0.16181,0.16233,0.16043,0.16089,528686.13893,1777679999999
1777680000000,0.16094,0.1612,0.1599,0.16015,450413.926758,1777687199999
1777687200000,0.16007,0.16023,0.15887,0.1601,403340.661368,1777694399999
1777694400000,0.16014,0.16014,0.1589,0.159,376930.707735,1777701599999
1777701600000,0.15923,0.15995,0.159,0.15919,318806.265894,1777708799999
1777708800000,0.15923,0.16018,0.15897,0.15993,516813.758191,1777715999999
1777716000000,0.15987,0.16074,0.15966,0.16004,489147.396172,1777723199999
1777723200000,0.15996,0.16311,0.15818,0.16168,1739600.028133,1777730399999
1777730400000,0.16192,0.16546,0.16192,0.16453,948529.740018,1777737599999
1777737600000,0.16451,0.16636,0.16064,0.16156,1436727.432486,1777744799999
1777744800000,0.16164,0.16271,0.16088,0.16186,411993.426559,1777751999999
1777752000000,0.16176,0.16351,0.16139,0.16249,454500.348798,1777759199999
1777759200000,0.1625,0.16297,0.16155,0.16165,207985.302493,1777766399999
1777766400000,0.16163,0.16174,0.1589,0.15925,774252.714635,1777773599999
1777773600000,0.15922,0.15995,0.15849,0.15943,469462.137568,1777780799999
1777780800000,0.15937,0.15978,0.1591,0.15929,361889.141302,1777787999999
1777788000000,0.1591,0.16027,0.15882,0.15976,495148.106376,1777795199999
1777795200000,0.15964,0.15987,0.15887,0.15923,338565.863467,1777802399999
1777802400000,0.1592,0.15923,0.15779,0.15854,365013.983402,1777809599999
1777809600000,0.15873,0.16051,0.15871,0.16028,270226.21807,1777816799999
1777816800000,0.16013,0.16092,0.15915,0.15943,175499.627874,1777823999999
1777824000000,0.15959,0.16057,0.15939,0.16009,108509.321701,1777831199999
1777831200000,0.16021,0.16128,0.16013,0.16098,73028.269087,1777838399999
1777838400000,0.16119,0.16131,0.15932,0.15996,174385.54251,1777845599999
1777845600000,0.15996,0.16213,0.15996,0.16025,335319.183666,1777852799999
1777852800000,0.16009,0.16338,0.1591,0.16338,258731.898371,1777859999999
1777860000000,0.16368,0.16539,0.16317,0.16481,343360.497842,1777867199999
1777867200000,0.16508,0.16557,0.16382,0.16481,239769.105416,1777874399999
1777874400000,0.16521,0.16521,0.16231,0.16358,1035912.854072,1777881599999
1777881600000,0.16354,0.16719,0.16285,0.16615,1053937.493819,1777888799999
1777888800000,0.16615,0.16615,0.16146,0.16418,443673.370253,1777895999999
1777896000000,0.16443,0.16501,0.16302,0.16363,473463.949832,1777903199999
1777903200000,0.16354,0.16542,0.16283,0.16415,707071.641592,1777910399999
1777910400000,0.16382,0.16545,0.16308,0.16526,64139.07182,1777917599999
1777917600000,0.16552,0.16572,0.1634,0.16372,439816.811444,1777924799999
1777924800000,0.16386,0.16462,0.16278,0.16413,466816.535107,1777931999999
1777932000000,0.16414,0.16474,0.1628,0.16328,362652.125001,1777939199999
1777939200000,0.1636,0.16525,0.16299,0.1652,197670.298364,1777946399999
1777946400000,0.16504,0.16528,0.1641,0.1647,141207.267188,1777953599999
1777953600000,0.16458,0.16587,0.16425,0.16532,290676.354588,1777960799999
1777960800000,0.16523,0.16744,0.16462,0.1662,205747.764175,1777967999999
1777968000000,0.16656,0.16851,0.16653,0.16712,1142309.111034,1777975199999
1777975200000,0.16721,0.16823,0.16597,0.16742,950615.412143,1777982399999
1777982400000,0.1675,0.16937,0.16725,0.1683,660913.842967,1777989599999
1777989600000,0.16799,0.1689,0.1663,0.16635,804414.402659,1777996799999
1777996800000,0.16629,0.16755,0.16542,0.16744,681958.595702,1778003999999
1778004000000,0.16745,0.16864,0.16743,0.16842,619689.424594,1778011199999
1778011200000,0.16847,0.17171,0.16839,0.1713,356933.091941,1778018399999
1778018400000,0.17163,0.17182,0.16997,0.17114,491562.167775,1778025599999
1778025600000,0.17124,0.17993,0.17055,0.17926,977120.776935,1778032799999
1778032800000,0.17967,0.18675,0.1793,0.18422,1477493.98564,1778039999999
1778040000000,0.18452,0.22203,0.18376,0.213,4482138.973061,1778047199999
1778047200000,0.21434,0.21449,0.1927,0.19619,2224783.33429,1778054399999
1778054400000,0.19571,0.19844,0.19206,0.19365,1125491.353581,1778061599999
1778061600000,0.19405,0.19409,0.1884,0.19113,1099799.654854,1778068799999
1778068800000,0.19108,0.19168,0.18611,0.18891,429597.164283,1778075999999
1778076000000,0.18817,0.18992,0.18424,0.18658,465815.2079,1778083199999
1778083200000,0.18699,0.18858,0.18601,0.18772,676946.531943,1778090399999
1778090400000,0.18754,0.19125,0.1875,0.19117,201135.316419,1778097599999
1778097600000,0.19091,0.19152,0.18853,0.19095,475047.983018,1778104799999
1778104800000,0.19034,0.19034,0.18661,0.18789,390443.188164,1778111999999
1778112000000,0.18742,0.18795,0.18139,0.18434,425299.416241,1778119199999
1778119200000,0.1835,0.18549,0.18032,0.18112,709156.731665,1778126399999
1778126400000,0.18099,0.1837,0.17944,0.18352,388012.268244,1778133599999
1778133600000,0.1837,0.18496,0.18197,0.18407,302007.77037,1778140799999
1778140800000,0.18438,0.18443,0.18226,0.18288,238694.63099,1778147999999
1778148000000,0.18309,0.18409,0.18159,0.18336,275592.080986,1778155199999
1778155200000,0.18358,0.18818,0.18358,0.1859,431753.39445,1778162399999
1778162400000,0.1852,0.18784,0.18323,0.18681,353085.536272,1778169599999
1778169600000,0.18674,0.18714,0.18426,0.18629,188221.906141,1778176799999
1778176800000,0.18617,0.18791,0.18445,0.18481,242955.337782,1778183999999
1778184000000,0.18514,0.1861,0.18285,0.18473,414930.274768,1778191199999
1778191200000,0.18453,0.18723,0.18362,0.18723,212856.288228,1778198399999
1778198400000,0.18726,0.18885,0.18655,0.18845,184464.253772,1778205599999
1778205600000,0.18768,0.18819,0.18385,0.1853,52620.809294,1778212799999
1778212800000,0.18598,0.18831,0.18594,0.18791,106945.121151,1778219999999
1778220000000,0.1869,0.18716,0.18358,0.1851,177372.786839,1778227199999
1778227200000,0.18501,0.18755,0.18436,0.18547,406220.007277,1778234399999
1778234400000,0.18546,0.18639,0.18492,0.18544,196159.737773,1778241599999
1778241600000,0.18518,0.18615,0.18413,0.18574,289002.799045,1778248799999
1778248800000,0.18594,0.19081,0.18594,0.18991,229757.93217,1778255999999
1778256000000,0.19025,0.19056,0.18819,0.18979,219928.539147,1778263199999
1778263200000,0.18999,0.19348,0.18934,0.19112,324729.360317,1778270399999
1778270400000,0.19103,0.1929,0.19023,0.19215,232424.248764,1778277599999
1778277600000,0.19197,0.19245,0.1909,0.19134,196267.675157,1778284799999
1778284800000,0.19149,0.19419,0.1907,0.19381,195625.343372,1778291999999
1778292000000,0.19381,0.20022,0.19359,0.19686,384115.178052,1778299199999
1778299200000,0.19658,0.19852,0.19202,0.19406,467021.620127,1778306399999
1778306400000,0.19426,0.19502,0.19141,0.19217,483493.149635,1778313599999
1778313600000,0.19191,0.19254,0.19077,0.19096,209899.622774,1778320799999
1778320800000,0.19084,0.19359,0.19056,0.19333,336936.376011,1778327999999
1778328000000,0.19319,0.1945,0.19147,0.19233,304117.369538,1778335199999
1778335200000,0.1924,0.1924,0.1882,0.18855,404993.176322,1778342399999
1778342400000,0.18822,0.19145,0.18797,0.19087,167649.305316,1778349599999
1778349600000,0.19118,0.19186,0.19087,0.19154,189162.351672,1778356799999
1778356800000,0.19142,0.19181,0.19102,0.19152,146192.797039,1778363999999
1778364000000,0.19159,0.19263,0.19031,0.19101,272131.705345,1778371199999
1778371200000,0.19106,0.19176,0.18847,0.18876,149129.536572,1778378399999
1778378400000,0.1884,0.19083,0.1884,0.19008,98351.772973,1778385599999
1778385600000,0.19041,0.19047,0.1888,0.18903,222428.517278,1778392799999
1778392800000,0.18903,0.19039,0.18835,0.18966,159638.521293,1778399999999
1778400000000,0.1898,0.19199,0.18973,0.1915,393549.746687,1778407199999
1778407200000,0.19156,0.19263,0.19041,0.19082,299882.021495,1778414399999
1778414400000,0.19116,0.19268,0.18975,0.19268,226344.031529,1778421599999
1778421600000,0.19212,0.19335,0.19109,0.19335,350178.784694,1778428799999
1778428800000,0.19361,0.19873,0.19321,0.19674,348365.288658,1778435999999
1778436000000,0.19719,0.20623,0.19719,0.20022,1343461.901023,1778443199999
1778443200000,0.20061,0.20099,0.19056,0.19362,1121219.710229,1778450399999
1778450400000,0.19326,0.19827,0.19326,0.19708,442370.889495,1778457599999
1778457600000,0.19724,0.19728,0.19284,0.19379,369689.382874,1778464799999
1778464800000,0.19409,0.19409,0.18614,0.18904,865811.709852,1778471999999
1778472000000,0.18922,0.1931,0.18786,0.19279,514859.096896,1778479199999
1778479200000,0.19274,0.19309,0.1906,0.19146,534083.758535,1778486399999
1778486400000,0.19162,0.19291,0.19106,0.19269,494104.762626,1778493599999
1778493600000,0.19302,0.19472,0.19261,0.19376,262296.72328,1778500799999
1778500800000,0.19392,0.19532,0.19204,0.19396,519731.580937,1778507999999
1778508000000,0.19486,0.19642,0.19239,0.19565,353999.840905,1778515199999
1778515200000,0.19556,0.19747,0.1937,0.19669,439926.456704,1778522399999
1778522400000,0.1965,0.19983,0.1965,0.19873,370082.672677,1778529599999
1778529600000,0.19872,0.19939,0.19652,0.1966,252444.796095,1778536799999
1778536800000,0.19639,0.19719,0.19493,0.19613,123146.832932,1778543999999
1778544000000,0.19572,0.19626,0.19131,0.19268,197103.933043,1778551199999
1778551200000,0.19278,0.19375,0.19173,0.19185,176673.958791,1778558399999
1778558400000,0.19193,0.19378,0.1916,0.1936,293731.191205,1778565599999
1778565600000,0.19336,0.19478,0.192,0.19389,286795.093874,1778572799999
1778572800000,0.19378,0.19426,0.19099,0.19308,385657.193094,1778579999999
1778580000000,0.19263,0.19263,0.18928,0.18964,362022.823551,1778587199999
1778587200000,0.18971,0.19022,0.1875,0.18763,430600.864483,1778594399999
1778594400000,0.18731,0.18858,0.18366,0.18592,815080.094419,1778601599999
1778601600000,0.18509,0.18704,0.18376,0.18664,282203.716755,1778608799999
1778608800000,0.18668,0.18844,0.18668,0.18833,243524.992116,1778615999999
1778616000000,0.18759,0.18895,0.18688,0.18869,685329.381138,1778623199999
1778623200000,0.18886,0.18988,0.18808,0.18858,442673.213835,1778630399999
1778630400000,0.18847,0.19196,0.188,0.19105,182203.752795,1778637599999
1778637600000,0.19067,0.19372,0.19066,0.193,149504.863335,1778644799999
1778644800000,0.19391,0.19585,0.19207,0.19268,657292.691686,1778651999999
1778652000000,0.19256,0.19449,0.19247,0.19381,409183.921627,1778659199999
1778659200000,0.19395,0.19827,0.19395,0.19762,425007.430995,1778666399999
1778666400000,0.19794,0.19794,0.19353,0.19397,470487.623813,1778673599999
1778673600000,0.19414,0.1947,0.18501,0.18672,616535.323188,1778680799999
1778680800000,0.18562,0.18765,0.18192,0.182,674093.356382,1778687999999
1778688000000,0.18301,0.18689,0.18276,0.18642,535813.27686,1778695199999
1778695200000,0.18699,0.1879,0.18466,0.18499,311384.453267,1778702399999
1778702400000,0.18513,0.18537,0.18324,0.18357,222091.883676,1778709599999
1778709600000,0.18358,0.18522,0.18306,0.18443,164708.427539,1778716799999
1778716800000,0.18459,0.18646,0.18445,0.18546,252011.150326,1778723999999
1778724000000,0.18548,0.18642,0.18174,0.18175,325670.966095,1778731199999
1778731200000,0.18195,0.18606,0.18136,0.18555,349706.960733,1778738399999
1778738400000,0.18567,0.18632,0.18423,0.1843,329580.277425,1778745599999
1778745600000,0.18411,0.18502,0.18321,0.18342,320804.999509,1778752799999
1778752800000,0.18333,0.18505,0.18265,0.18274,278641.364902,1778759999999
1778760000000,0.1824,0.18596,0.1824,0.18555,252000.807217,1778767199999
1778767200000,0.18602,0.19154,0.18481,0.19154,390182.346827,1778774399999
1778774400000,0.19166,0.19404,0.19063,0.19193,544842.660732,1778781599999
1778781600000,0.19074,0.19621,0.19074,0.19315,625379.66868,1778788799999
1778788800000,0.19341,0.19341,0.19008,0.19048,221624.515376,1778795999999
1778796000000,0.19034,0.19108,0.18845,0.18868,348967.964413,1778803199999
1778803200000,0.18904,0.19019,0.18806,0.18812,335558.753986,1778810399999
1778810400000,0.188,0.18942,0.18643,0.18789,412046.109667,1778817599999
1778817600000,0.18765,0.18765,0.18086,0.18153,450742.306257,1778824799999
1778824800000,0.18149,0.18476,0.18123,0.18323,637650.086249,1778831999999
1778832000000,0.18273,0.18322,0.18137,0.1822,493950.068657,1778839199999
1778839200000,0.18201,0.18341,0.18174,0.18209,257633.073627,1778846399999
1778846400000,0.18205,0.18207,0.17367,0.17383,838716.465741,1778853599999
1778853600000,0.17344,0.17572,0.17344,0.17548,684636.775143,1778860799999
1778860800000,0.17548,0.17754,0.17526,0.17752,748638.209679,1778867999999
1778868000000,0.17775,0.17854,0.17737,0.1774,363744.946319,1778875199999
1778875200000,0.17755,0.17755,0.1761,0.17665,242890.138589,1778882399999
1778882400000,0.17677,0.17683,0.17568,0.17605,154390.961751,1778889599999
1778889600000,0.17581,0.17723,0.17579,0.17705,251886.416978,1778896799999
1778896800000,0.1771,0.17719,0.17621,0.17644,227760.036034,1778903999999
1778904000000,0.17647,0.17647,0.17424,0.17465,343673.539257,1778911199999
1778911200000,0.17452,0.17452,0.16817,0.17093,828936.119086,1778918399999
1778918400000,0.17091,0.17178,0.16764,0.16864,430253.774492,1778925599999
1778925600000,0.16812,0.17014,0.16722,0.16985,358096.771976,1778932799999
1778932800000,0.16972,0.17016,0.16929,0.16988,302901.74529,1778939999999
1778940000000,0.16961,0.17126,0.16946,0.17118,283338.587445,1778947199999
1778947200000,0.17078,0.17153,0.17061,0.17095,176527.316123,1778954399999
1778954400000,0.17073,0.17117,0.17032,0.17067,313347.607704,1778961599999
1778961600000,0.1708,0.17116,0.17041,0.17091,86797.984855,1778968799999
1778968800000,0.17059,0.17068,0.16973,0.16987,152381.042991,1778975999999
1778976000000,0.17016,0.17016,0.16755,0.16783,276314.933715,1778983199999
1778983200000,0.16768,0.16939,0.16761,0.16939,314362.080493,1778990399999
1778990400000,0.16908,0.17096,0.16908,0.16985,209230.02085,1778997599999
1778997600000,0.16977,0.17085,0.16936,0.17067,159313.744006,1779004799999
1779004800000,0.17062,0.17166,0.17021,0.17166,265290.014976,1779011999999
1779012000000,0.1718,0.17267,0.17123,0.17164,148027.19938,1779019199999
1779019200000,0.17184,0.17249,0.17,0.17018,245955.014132,1779026399999
1779026400000,0.17017,0.17025,0.16931,0.17007,152423.399364,1779033599999
1779033600000,0.17011,0.17011,0.16805,0.16844,197449.996329,1779040799999
1779040800000,0.16874,0.16985,0.16787,0.16969,209584.365514,1779047999999
1779048000000,0.16973,0.17035,0.1691,0.17,102052.038034,1779055199999
1779055200000,0.16945,0.16945,0.15985,0.16567,436991.501604,1779062399999
1779062400000,0.16491,0.16564,0.16372,0.16372,51476.458848,1779069599999
1779069600000,0.16554,0.16643,0.16483,0.16483,275756.545763,1779076799999
1779076800000,0.1651,0.16619,0.1645,0.16459,488133.335583,1779083999999
1779084000000,0.16471,0.16507,0.16208,0.16269,552280.815358,1779091199999
1779091200000,0.16289,0.16332,0.16227,0.16238,296595.32944,1779098399999
1779098400000,0.16227,0.16428,0.16166,0.16386,330785.742363,1779105599999
1779105600000,0.16422,0.1651,0.16242,0.16364,611466.185591,1779112799999
1779112800000,0.16334,0.16378,0.16077,0.16226,513887.880189,1779119999999
1779120000000,0.1621,0.16351,0.16141,0.16332,543593.646615,1779127199999
1779127200000,0.16321,0.16457,0.16127,0.16457,606132.289973,1779134399999
1779134400000,0.1648,0.16574,0.16396,0.16573,165147.491329,1779141599999
1779141600000,0.16583,0.16641,0.16525,0.16586,177904.197982,1779148799999
1779148800000,0.16589,0.167,0.16493,0.16506,155836.407353,1779155999999
1779156000000,0.16499,0.16519,0.16394,0.16502,278573.931969,1779163199999
1779163200000,0.16461,0.16561,0.16365,0.16481,142629.169261,1779170399999
1779170400000,0.1648,0.16629,0.1648,0.1661,160175.146846,1779177599999
1779177600000,0.16618,0.16632,0.16415,0.16491,329180.194217,1779184799999
1779184800000,0.16479,0.16479,0.16309,0.16341,121288.440898,1779191999999
1779192000000,0.16352,0.16578,0.16351,0.16558,228701.538682,1779199199999
1779199200000,0.16473,0.16532,0.16241,0.16311,381680.303107,1779206399999
1779206400000,0.16316,0.16471,0.1629,0.16403,667094.285211,1779213599999
1779213600000,0.1641,0.16454,0.16329,0.1635,636688.90108,1779220799999
1779220800000,0.16362,0.16484,0.16355,0.16403,342823.336681,1779227999999
1779228000000,0.1637,0.16393,0.16214,0.16283,486736.862942,1779235199999
1779235200000,0.16287,0.1637,0.16239,0.16359,675305.430101,1779242399999
1779242400000,0.16377,0.16414,0.16285,0.164,453818.981055,1779249599999
1779249600000,0.164,0.16618,0.16352,0.16592,491141.367526,1779256799999
1779256800000,0.16607,0.16672,0.16546,0.16607,329184.958188,1779263999999
1779264000000,0.16611,0.16675,0.16597,0.16603,415786.475545,1779271199999
1779271200000,0.16634,0.16699,0.16607,0.16633,321709.64289,1779278399999
1779278400000,0.16646,0.16787,0.16481,0.16551,733030.830353,1779285599999
1779285600000,0.16606,0.16869,0.16561,0.16823,744642.194195,1779292799999
1779292800000,0.16856,0.16974,0.16736,0.16866,694403.809501,1779299999999
1779300000000,0.16874,0.16883,0.16733,0.16819,178663.480524,1779307199999
1779307200000,0.16779,0.16834,0.16728,0.16729,304223.027728,1779314399999
1779314400000,0.16706,0.16717,0.16602,0.16705,601013.913464,1779321599999
1779321600000,0.16713,0.16929,0.1671,0.16898,335995.131034,1779328799999
1779328800000,0.16897,0.17035,0.16868,0.16998,364086.214912,1779335999999
1779336000000,0.17001,0.17027,0.16839,0.16867,467320.918925,1779343199999
1779343200000,0.16863,0.16991,0.16822,0.1699,439257.415443,1779350399999
1779350400000,0.17011,0.17042,0.16839,0.16863,553251.31501,1779357599999
1779357600000,0.16853,0.16896,0.16646,0.16703,744960.593494,1779364799999
1779364800000,0.16696,0.1687,0.16662,0.1687,358346.541132,1779371999999
1779372000000,0.16879,0.1695,0.16733,0.16884,561108.963476,1779379199999
1779379200000,0.16891,0.17232,0.16764,0.17159,853999.97327,1779386399999
1779386400000,0.17122,0.17272,0.16994,0.17251,408242.702779,1779393599999
1779393600000,0.17255,0.17358,0.1723,0.17263,515304.800859,1779400799999
1779400800000,0.17267,0.17272,0.17135,0.17181,730793.936513,1779407999999
1779408000000,0.17215,0.17215,0.17013,0.17154,267916.203447,1779415199999
1779415200000,0.17175,0.17285,0.17175,0.17251,290858.773958,1779422399999
1779422400000,0.17271,0.174,0.17209,0.17308,682092.019217,1779429599999
1779429600000,0.17299,0.17353,0.17166,0.17278,592111.974283,1779436799999
1779436800000,0.17314,0.17413,0.17269,0.17293,490595.076803,1779443999999
1779444000000,0.17282,0.17407,0.17203,0.17401,495251.334219,1779451199999
1779451200000,0.17384,0.17591,0.17368,0.17507,525900.675651,1779458399999
1779458400000,0.17523,0.17528,0.17085,0.17253,739608.702458,1779465599999
1779465600000,0.17281,0.1732,0.17128,0.17196,627587.953058,1779472799999
1779472800000,0.1718,0.17181,0.16516,0.16696,1399718.989971,1779479999999
1779480000000,0.16681,0.16852,0.16673,0.1682,459154.844906,1779487199999
1779487200000,0.16806,0.16806,0.16286,0.16379,562820.949681,1779494399999
1779494400000,0.16386,0.16506,0.16312,0.16499,594674.088409,1779501599999
1779501600000,0.16516,0.16546,0.16472,0.16472,412546.20537,1779508799999
1779508800000,0.16453,0.16462,0.16283,0.16333,509121.955212,1779515999999
1779516000000,0.16331,0.1634,0.15452,0.15661,993475.603038,1779523199999
1779523200000,0.15657,0.15785,0.15583,0.15703,504629.796786,1779530399999
1779530400000,0.15696,0.15758,0.15664,0.15664,235455.846892,1779537599999
1779537600000,0.15676,0.15908,0.15598,0.15872,593380.210985,1779544799999
1779544800000,0.15867,0.16187,0.15814,0.16154,849961.697859,1779551999999
1779552000000,0.16201,0.16361,0.16118,0.16311,676924.789683,1779559199999
1779559200000,0.16299,0.16672,0.16299,0.16497,1073684.644142,1779566399999
1779566400000,0.16521,0.17128,0.16493,0.16781,1396145.047466,1779573599999
1779573600000,0.16813,0.16858,0.16558,0.16631,733314.502042,1779580799999
1779580800000,0.16631,0.16691,0.1659,0.16661,300849.594301,1779587999999
1779588000000,0.16697,0.16725,0.1653,0.1658,809841.21036,1779595199999
1779595200000,0.16588,0.16626,0.16415,0.16478,690029.219271,1779602399999
1779602400000,0.165,0.1663,0.16458,0.16519,814943.542946,1779609599999
1779609600000,0.16539,0.166,0.16485,0.1656,603007.485509,1779616799999
1779616800000,0.16553,0.16589,0.16464,0.16498,552300.262985,1779623999999
1779624000000,0.16487,0.16487,0.16191,0.16231,963018.288349,1779631199999
1779631200000,0.16236,0.16248,0.15967,0.16224,783207.756944,1779638399999
1779638400000,0.16212,0.16286,0.16158,0.16241,410038.01447,1779645599999
1779645600000,0.16221,0.16275,0.16109,0.1613,521603.750235,1779652799999
1779652800000,0.16132,0.16132,0.15731,0.15784,682004.889603,1779659999999
1779660000000,0.15824,0.16144,0.15782,0.16116,314166.407533,1779667199999
1779667200000,0.16095,0.16202,0.1599,0.1599,562168.750878,1779674399999
1779674400000,0.16,0.16112,0.15983,0.16033,495206.06351,1779681599999
1779681600000,0.16028,0.16313,0.15988,0.16281,355219.797761,1779688799999
1779688800000,0.16288,0.16328,0.16218,0.16279,396404.09475,1779695999999
1779696000000,0.16285,0.16402,0.16274,0.16352,515858.480937,1779703199999
1779703200000,0.16358,0.16528,0.16352,0.16425,393205.009154,1779710399999
1779710400000,0.16426,0.16596,0.16387,0.16596,454362.937135,1779717599999
1779717600000,0.1661,0.16986,0.1661,0.16986,382858.57409,1779724799999
1779724800000,0.16997,0.17108,0.16791,0.16814,543965.206455,1779731999999
1779732000000,0.16831,0.16886,0.16703,0.16821,360565.167095,1779739199999
1779739200000,0.16814,0.16864,0.16709,0.16788,457639.906991,1779746399999
1779746400000,0.16765,0.16771,0.16538,0.16608,481352.278838,1779753599999
1779753600000,0.16601,0.16601,0.16186,0.163,857720.403808,1779760799999
1779760800000,0.16265,0.16374,0.16247,0.16343,521778.052085,1779767999999
1779768000000,0.16357,0.1672,0.16329,0.1672,331487.548731,1779775199999
1779775200000,0.16729,0.16848,0.1653,0.16661,391946.628461,1779782399999
1779782400000,0.16672,0.16774,0.16618,0.16717,773809.737536,1779789599999
1779789600000,0.16746,0.17103,0.16693,0.16945,504173.873963,1779796799999
1779796800000,0.16983,0.17061,0.168,0.17005,544193.99077,1779803999999
1779804000000,0.17026,0.17186,0.16708,0.16853,443300.964753,1779811199999
1779811200000,0.16795,0.16818,0.16432,0.16651,1247261.44976,1779818399999
1779818400000,0.16658,0.16741,0.16504,0.1667,641647.769787,1779825599999
1779825600000,0.16688,0.16699,0.16517,0.16517,661209.832756,1779832799999
1779832800000,0.16537,0.16733,0.16505,0.16656,388229.845185,1779839999999
1779840000000,0.1665,0.16828,0.1664,0.16691,568632.788743,1779847199999
1779847200000,0.16688,0.16697,0.1646,0.16501,672817.167495,1779854399999
1779854400000,0.16486,0.16627,0.16229,0.16627,1366202.450352,1779861599999
1779861600000,0.16647,0.16767,0.16608,0.16655,561850.15262,1779868799999
1779868800000,0.167,0.16755,0.16504,0.16578,1201563.371984,1779875999999
1779876000000,0.16569,0.16629,0.16514,0.16521,669130.109132,1779883199999
1779883200000,0.16518,0.16816,0.16404,0.16537,511953.956568,1779890399999
1779890400000,0.16562,0.16797,0.16371,0.1669,632173.691483,1779897599999
1779897600000,0.16708,0.16756,0.16309,0.16324,493810.754965,1779904799999
1779904800000,0.16281,0.16565,0.16237,0.1651,514784.437792,1779911999999
1779912000000,0.16508,0.1657,0.15943,0.16066,476241.975175,1779919199999
1779919200000,0.16076,0.16257,0.15945,0.16058,530426.532947,1779926399999
1779926400000,0.16056,0.1612,0.15799,0.15959,362921.37388,1779933599999
1779933600000,0.15971,0.15979,0.15372,0.15394,916469.396838,1779940799999
1779940800000,0.15344,0.15369,0.15078,0.15225,679935.816972,1779947999999
1779948000000,0.15218,0.15461,0.15177,0.15393,909874.543722,1779955199999
1779955200000,0.15362,0.15394,0.15212,0.15271,416048.647793,1779962399999
1779962400000,0.15284,0.15336,0.15086,0.15148,564833.34205,1779969599999
1779969600000,0.15145,0.15243,0.15028,0.15045,717717.045081,1779976799999
1779976800000,0.15041,0.1513,0.14842,0.15094,786994.692767,1779983999999
1779984000000,0.15094,0.15578,0.1503,0.15566,423092.174136,1779991199999
1779991200000,0.1559,0.15901,0.1559,0.15805,788760.505855,1779998399999
1779998400000,0.15803,0.16045,0.1561,0.15882,770090.057666,1780005599999
1780005600000,0.15862,0.15909,0.15664,0.15795,550669.110076,1780012799999
1780012800000,0.15796,0.15927,0.15754,0.15826,466370.649114,1780019999999
1780020000000,0.15824,0.15896,0.1574,0.15771,456148.891206,1780027199999
1780027200000,0.15782,0.15943,0.15651,0.15807,454959.664011,1780034399999
1780034400000,0.15842,0.16072,0.1583,0.15971,490760.308549,1780041599999
1780041600000,0.15986,0.16207,0.15953,0.16143,675947.479729,1780048799999
1780048800000,0.16143,0.16299,0.1583,0.15871,524258.583625,1780055999999
1780056000000,0.15866,0.1588,0.15569,0.15665,609519.355055,1780063199999
1780063200000,0.15677,0.16327,0.15419,0.16227,1198061.990122,1780070399999
1780070400000,0.16237,0.1644,0.16123,0.16322,725347.921517,1780077599999
1780077600000,0.16328,0.1641,0.15923,0.16145,620852.161496,1780084799999
1780084800000,0.16147,0.16249,0.15947,0.15947,528898.04368,1780091999999
1780092000000,0.15953,0.16155,0.15953,0.16074,233662.350872,1780099199999
1780099200000,0.16061,0.16352,0.16032,0.16351,463122.891464,1780106399999
1780106400000,0.16356,0.16712,0.16356,0.16478,992648.709331,1780113599999
1780113600000,0.16505,0.16551,0.16075,0.16421,980580.575429,1780120799999
1780120800000,0.16397,0.16473,0.16246,0.164,506701.795429,1780127999999
1780128000000,0.16421,0.16432,0.16265,0.16375,306691.455852,1780135199999
1780135200000,0.16376,0.16453,0.16333,0.16391,387229.717657,1780142399999
1780142400000,0.16395,0.16547,0.16287,0.16425,497299.644071,1780149599999
1780149600000,0.16437,0.16553,0.16369,0.16378,272252.530737,1780156799999
1780156800000,0.16383,0.16498,0.16357,0.1645,241619.187286,1780163999999
1780164000000,0.16496,0.16545,0.16422,0.16471,279305.728558,1780171199999
1780171200000,0.16506,0.16535,0.16428,0.16428,93146.17044,1780178399999
1780178400000,0.1642,0.1642,0.16237,0.16284,268045.645722,1780185599999
1780185600000,0.16316,0.16349,0.16268,0.1634,105162.690619,1780192799999
1780192800000,0.1641,0.1647,0.16299,0.16439,246610.13604,1780199999999
1780200000000,0.16432,0.16541,0.16394,0.16406,346859.93759,1780207199999
1780207200000,0.16373,0.16435,0.16249,0.16291,150979.266892,1780214399999
1780214400000,0.16323,0.16396,0.16244,0.16283,270714.224585,1780221599999
1780221600000,0.16274,0.16354,0.16152,0.16307,476258.951626,1780228799999
1780228800000,0.16306,0.16384,0.16257,0.16297,252778.553573,1780235999999
1780236000000,0.16276,0.16276,0.15977,0.16079,89427.752446,1780243199999
1780243200000,0.1602,0.16071,0.15828,0.16055,39435.637354,1780250399999
1780250400000,0.16083,0.16115,0.15999,0.16078,47322.974721,1780257599999
1780257600000,0.16132,0.16421,0.16111,0.1637,57098.94438,1780264799999
1780264800000,0.16475,0.16519,0.163,0.16445,332121.01356,1780271999999
1780272000000,0.16428,0.16684,0.16414,0.16414,357001.838581,1780279199999
1780279200000,0.16319,0.16726,0.16319,0.16617,383436.442889,1780286399999
1780286400000,0.16656,0.16656,0.16255,0.16338,357380.831609,1780293599999
1780293600000,0.16182,0.16224,0.15904,0.15921,412791.72208,1780300799999
1780300800000,0.15903,0.16059,0.15902,0.16016,631750.599364,1780307999999
1780308000000,0.15974,0.16072,0.15936,0.15944,334788.858777,1780315199999
1780315200000,0.15947,0.16019,0.157,0.15814,564936.568028,1780322399999
1780322400000,0.158,0.15842,0.15651,0.15751,492907.254727,1780329599999
1780329600000,0.15777,0.16341,0.1565,0.16283,324325.998921,1780336799999
1780336800000,0.16279,0.16547,0.16189,0.16528,757761.262536,1780343999999
1780344000000,0.16554,0.16631,0.16307,0.16362,500719.614926,1780351199999
1780351200000,0.16309,0.1655,0.16192,0.16432,631637.594981,1780358399999
1780358400000,0.16473,0.16491,0.16101,0.16101,312826.118739,1780365599999
1780365600000,0.16074,0.16476,0.15921,0.16446,505809.522763,1780372799999
1780372800000,0.16459,0.16509,0.161,0.16126,555176.038562,1780379999999
1780380000000,0.1609,0.16155,0.15884,0.16078,400171.260029,1780387199999
1780387200000,0.16015,0.16093,0.15933,0.15955,420891.032423,1780394399999
1780394400000,0.15966,0.16213,0.15919,0.16114,521815.99647,1780401599999
1780401600000,0.16107,0.16272,0.16043,0.1607,917950.629255,1780408799999
1780408800000,0.16056,0.16095,0.15061,0.15299,1636429.350053,1780415999999
1780416000000,0.15287,0.15833,0.15244,0.1571,550429.219299,1780423199999
1780423200000,0.1571,0.15791,0.14899,0.15245,986048.427089,1780430399999
1780430400000,0.1525,0.15521,0.15081,0.15391,895996.646416,1780437599999
1780437600000,0.15314,0.15315,0.14693,0.15045,1219749.988379,1780444799999
1780444800000,0.15064,0.15275,0.14992,0.15275,766751.400799,1780451999999
1780452000000,0.15242,0.15357,0.14757,0.14859,872198.699647,1780459199999
1780459200000,0.14844,0.1571,0.14844,0.15693,868018.217381,1780466399999
1780466400000,0.15694,0.16272,0.15631,0.1614,885909.518583,1780473599999
1780473600000,0.16141,0.16167,0.1575,0.15858,745435.813736,1780480799999
1780480800000,0.15872,0.1647,0.15872,0.16199,641252.255608,1780487999999
1780488000000,0.16126,0.16552,0.16077,0.16301,578870.340088,1780495199999
1780495200000,0.16309,0.16388,0.16088,0.16151,535028.070704,1780502399999
1780502400000,0.16135,0.16297,0.15732,0.16073,845882.782572,1780509599999
1780509600000,0.16161,0.16347,0.15948,0.15948,668955.892058,1780516799999
1780516800000,0.1594,0.16589,0.15692,0.16589,1168966.318942,1780523999999
1780524000000,0.16554,0.16824,0.16215,0.16327,1166327.935519,1780531199999
1780531200000,0.16351,0.16477,0.14972,0.15068,1282255.637673,1780538399999
1780538400000,0.15068,0.15758,0.14328,0.15659,1567701.162036,1780545599999
1780545600000,0.15659,0.15786,0.14905,0.15119,1036656.452786,1780552799999
1780552800000,0.15095,0.15425,0.148,0.148,154622.151973,1780559999999
1780560000000,0.14845,0.14845,0.14244,0.14429,529219.025341,1780567199999
1780567200000,0.14446,0.14446,0.14071,0.14373,521543.186612,1780574399999
1780574400000,0.14344,0.14833,0.14165,0.14801,685476.622627,1780581599999
1780581600000,0.14823,0.15494,0.14679,0.15465,674952.05848,1780588799999
1780588800000,0.15452,0.15452,0.14883,0.14987,456573.046468,1780595999999
1780596000000,0.1489,0.1543,0.14747,0.15045,478646.124034,1780603199999
1780603200000,0.15122,0.15122,0.14199,0.14265,769252.274276,1780610399999
1780610400000,0.14223,0.14531,0.1415,0.14382,506255.490261,1780617599999
1780617600000,0.14372,0.14444,0.13875,0.14231,349443.711387,1780624799999
1780624800000,0.1423,0.1423,0.13604,0.13645,584727.765875,1780631999999
1780632000000,0.13608,0.1417,0.13557,0.13678,425232.686699,1780639199999
1780639200000,0.13669,0.13733,0.1289,0.13723,701292.629474,1780646399999
1780646400000,0.13762,0.13762,0.13302,0.13641,329784.525575,1780653599999
1780653600000,0.13672,0.13681,0.13351,0.13419,289899.794488,1780660799999
1780660800000,0.13264,0.13757,0.13083,0.13083,399480.713493,1780667999999
1780668000000,0.13123,0.13611,0.13046,0.13166,419613.737411,1780675199999
1780675200000,0.13009,0.1348,0.12855,0.13313,370045.789268,1780682399999
1780682400000,0.1342,0.13467,0.12621,0.1313,1950135.236055,1780689599999
1780689600000,0.13179,0.13589,0.12915,0.13485,280440.099715,1780696799999
1780696800000,0.13466,0.13488,0.13066,0.13294,102206.243916,1780703999999
1780704000000,0.13344,0.13468,0.13158,0.13191,160355.09461,1780711199999
1780711200000,0.13129,0.13196,0.12892,0.12892,87480.271186,1780718399999
1780718400000,0.12955,0.12955,0.12144,0.12736,234706.991296,1780725599999
1780725600000,0.12963,0.13287,0.12938,0.13197,576334.459808,1780732799999
1780732800000,0.1319,0.1334,0.1305,0.13063,536155.749317,1780739999999
1780740000000,0.13065,0.13125,0.12793,0.13125,209051.341695,1780747199999
1780747200000,0.13027,0.13353,0.1302,0.13289,191221.804552,1780754399999
1780754400000,0.13325,0.13418,0.13111,0.13187,165035.781771,1780761599999
1780761600000,0.13232,0.13232,0.12976,0.13001,149988.738368,1780768799999
1780768800000,0.13018,0.13151,0.12982,0.13051,73308.40621,1780775999999
1780776000000,0.13007,0.13128,0.12981,0.13102,57404.886548,1780783199999
1780783200000,0.13111,0.13111,0.13111,0.13111,72.698825,1780790399999
1780790400000,0.13244,0.13665,0.13244,0.13647,845691.087165,1780797599999
1780797600000,0.13628,0.13628,0.13472,0.13558,110323.252378,1780804799999
1780804800000,0.13542,0.13664,0.13499,0.13601,120796.601421,1780811999999
1780812000000,0.13534,0.13752,0.13534,0.13752,122638.350217,1780819199999
1780819200000,0.13698,0.14046,0.13645,0.1386,247867.776585,1780826399999
1780826400000,0.13789,0.13931,0.13749,0.13931,213782.188667,1780833599999
1780833600000,0.13986,0.13988,0.13552,0.13652,287561.766957,1780840799999
1780840800000,0.13719,0.13953,0.137,0.13778,81456.930463,1780847999999
1780848000000,0.13744,0.13928,0.13744,0.13789,67072.596738,1780855199999
1780855200000,0.13844,0.13889,0.13357,0.13382,332554.841869,1780862399999
1780862400000,0.13464,0.13591,0.13457,0.13511,102595.910119,1780869599999
1780869600000,0.13554,0.14394,0.13554,0.13785,255188.281179,1780876799999
1780876800000,0.13681,0.13882,0.13556,0.13646,75729.429935,1780883999999
1780884000000,0.13699,0.13749,0.13657,0.13749,33507.605052,1780891199999
1780891200000,0.13755,0.13755,0.13456,0.13456,74827.864899,1780898399999
1780898400000,0.13688,0.13788,0.1362,0.13755,181960.24653,1780905599999
1780905600000,0.13744,0.13891,0.13644,0.13891,126631.1993,1780912799999
1780912800000,0.13919,0.14142,0.13804,0.14094,314182.960678,1780919999999
1780920000000,0.14,0.14203,0.13873,0.14136,90200.636595,1780927199999
1780927200000,0.1408,0.14283,0.14059,0.14097,111836.112319,1780934399999
1780934400000,0.14097,0.14244,0.13949,0.14067,113952.790746,1780941599999
1780941600000,0.14132,0.14157,0.13966,0.13966,97237.977665,1780948799999
1780948800000,0.13941,0.14091,0.13878,0.1394,116069.195417,1780955999999
1780956000000,0.13877,0.13919,0.13725,0.13729,208409.458637,1780963199999
1780963200000,0.13756,0.13756,0.13368,0.13485,215994.190502,1780970399999
1780970400000,0.13462,0.13504,0.13345,0.13483,63166.230503,1780977599999
1780977600000,0.13529,0.13838,0.13475,0.13806,167698.317508,1780984799999
1780984800000,0.13776,0.13831,0.13702,0.13757,134144.68148,1780991999999
1780992000000,0.13699,0.13699,0.13491,0.13526,128543.819853,1780999199999
1780999200000,0.13542,0.13572,0.13464,0.13507,87191.883522,1781006399999
1781006400000,0.13574,0.13693,0.13565,0.13639,65507.513533,1781013599999
1781013600000,0.13668,0.13668,0.13257,0.13308,192525.754272,1781020799999
1781020800000,0.13254,0.13522,0.13143,0.1347,386225.950027,1781027999999
1781028000000,0.13453,0.13588,0.13391,0.1357,145351.433331,1781035199999
1781035200000,0.13582,0.13601,0.13405,0.13419,167693.24968,1781042399999
1781042400000,0.13425,0.13487,0.13378,0.1345,62628.771224,1781049599999
1781049600000,0.13447,0.13449,0.13263,0.13418,35975.731367,1781056799999
1781056800000,0.13302,0.13302,0.13142,0.13185,34165.972312,1781063999999
1781064000000,0.13183,0.13183,0.1307,0.13167,362975.909005,1781071199999
1781071200000,0.1314,0.13264,0.1314,0.13229,84218.201208,1781078399999
1781078400000,0.13152,0.13185,0.12987,0.13153,101654.144272,1781085599999
1781085600000,0.13112,0.1314,0.12855,0.13009,96405.543517,1781092799999
1781092800000,0.12936,0.13441,0.12936,0.1334,332032.56222,1781099999999
1781100000000,0.13317,0.13357,0.1313,0.13267,80319.1546,1781107199999
1781107200000,0.13275,0.13275,0.1298,0.13065,47268.731305,1781114399999
1781114400000,0.13067,0.13092,0.12794,0.12837,75995.834268,1781121599999
1781121600000,0.12818,0.12854,0.12563,0.12593,389424.222362,1781128799999
1781128800000,0.12565,0.12786,0.12534,0.12771,154438.407436,1781135999999
1781136000000,0.12821,0.13039,0.12813,0.12985,69407.697017,1781143199999
1781143200000,0.12992,0.13186,0.12884,0.13186,78078.117283,1781150399999
1781150400000,0.13152,0.13318,0.13152,0.13208,119257.070992,1781157599999
1781157600000,0.13171,0.1327,0.1316,0.13199,63108.57185,1781164799999
1781164800000,0.13223,0.1339,0.13215,0.13353,150160.146689,1781171999999
1781172000000,0.13349,0.13468,0.13306,0.13463,47440.280322,1781179199999
1781179200000,0.13435,0.13455,0.13214,0.13429,90348.730619,1781186399999
1781186400000,0.13411,0.13485,0.13317,0.13433,115629.502342,1781193599999
1781193600000,0.13479,0.13835,0.1332,0.13723,157838.275725,1781200799999
1781200800000,0.13774,0.13774,0.13586,0.13645,78031.520649,1781207999999
1781208000000,0.13593,0.137,0.13535,0.13667,49686.433639,1781215199999
1781215200000,0.1365,0.13675,0.13567,0.13588,75805.763342,1781222399999
1781222400000,0.1359,0.13645,0.13485,0.13485,23615.074766,1781229599999
1781229600000,0.13613,0.13613,0.13613,0.13613,1589.12324,1781236799999
1781236800000,0.13614,0.13673,0.13538,0.13544,95490.12016,1781243999999
1781244000000,0.13474,0.1348,0.1338,0.13382,24013.019397,1781251199999
1781251200000,0.13516,0.13787,0.13494,0.13697,81359.671329,1781258399999
1781258400000,0.13708,0.13756,0.13675,0.13756,45259.671839,1781265599999
1781265600000,0.13758,0.13816,0.13522,0.13558,119591.420693,1781272799999
1781272800000,0.13627,0.13978,0.13572,0.13572,120926.787111,1781279999999
1781280000000,0.13623,0.13847,0.13599,0.13676,69838.4481,1781287199999
1781287200000,0.13606,0.13759,0.13581,0.1369,73666.681795,1781294399999
1781294400000,0.13654,0.13686,0.13577,0.1358,57243.802241,1781301599999
1781301600000,0.13607,0.13643,0.13544,0.13615,30160.652354,1781308799999
1781308800000,0.13602,0.13804,0.13563,0.13778,80973.136135,1781315999999
1781316000000,0.13778,0.13778,0.13627,0.13695,51473.675693,1781323199999
1781323200000,0.13634,0.1372,0.13587,0.13587,39825.160584,1781330399999
1781330400000,0.13609,0.13934,0.13609,0.13934,153671.728538,1781337599999
1781337600000,0.13867,0.14003,0.13854,0.13958,107857.337022,1781344799999
1781344800000,0.13988,0.14121,0.13912,0.14121,117036.572485,1781351999999
1781352000000,0.1412,0.1412,0.13959,0.1397,145393.542613,1781359199999
1781359200000,0.13988,0.14103,0.13983,0.14053,67714.430281,1781366399999
1781366400000,0.13952,0.13975,0.13803,0.13975,101685.634904,1781373599999
1781373600000,0.13916,0.13974,0.13848,0.13938,50863.342832,1781380799999
1781380800000,0.13895,0.14027,0.13859,0.14,70355.475198,1781387999999
1781388000000,0.1398,0.1398,0.13893,0.13893,4978.11891,1781395199999
1781395200000,0.13858,0.13878,0.13799,0.13866,34205.68517,1781402399999
1781402400000,0.13853,0.13863,0.1382,0.1382,21729.012708,1781409599999
1781409600000,0.13812,0.13812,0.1372,0.13727,9284.694793,1781416799999
1781416800000,0.13799,0.13815,0.13706,0.13725,52302.702116,1781423999999
1781424000000,0.13687,0.13768,0.13687,0.13763,68160.069245,1781431199999
1781431200000,0.13778,0.13785,0.13762,0.13762,9141.969961,1781438399999
1781438400000,0.13627,0.13655,0.136,0.13655,22459.085841,1781445599999
1781445600000,0.13582,0.13582,0.13419,0.13531,35848.362675,1781452799999
1781452800000,0.13526,0.13597,0.13516,0.13516,58181.603992,1781459999999
1781460000000,0.13462,0.13581,0.13462,0.13543,21066.055367,1781467199999
1781467200000,0.13532,0.14157,0.13532,0.14143,172073.438436,1781474399999
1781474400000,0.14068,0.14198,0.1398,0.14186,139421.950029,1781481599999
1781481600000,0.1421,0.14223,0.14129,0.14207,3190.447962,1781488799999
1781488800000,0.14254,0.14262,0.14245,0.14253,4282.435816,1781495999999
1781496000000,0.14375,0.14394,0.1429,0.1436,45659.257997,1781503199999
1781503200000,0.1437,0.1444,0.1433,0.14382,217939.44939,1781510399999
1781510400000,0.14413,0.14449,0.14302,0.14358,134656.56675,1781517599999
1781517600000,0.14378,0.14644,0.14313,0.14588,62304.585427,1781524799999
1781524800000,0.14621,0.14977,0.14581,0.14898,290143.239326,1781531999999
1781532000000,0.14941,0.15098,0.14778,0.15075,280318.378277,1781539199999
1781539200000,0.15026,0.151,0.14806,0.1489,139100.315539,1781546399999
1781546400000,0.14884,0.14884,0.1452,0.14648,97022.934033,1781553599999
1781553600000,0.14671,0.14674,0.14486,0.14486,52744.490108,1781560799999
1781560800000,0.1454,0.1454,0.14357,0.14395,18926.879092,1781567999999
1781568000000,0.14467,0.1454,0.14464,0.14497,16032.411964,1781575199999
1781575200000,0.14424,0.14486,0.14208,0.14486,46389.64933,1781582399999
1781582400000,0.14506,0.14506,0.14359,0.14493,139111.226516,1781589599999
1781589600000,0.1451,0.14617,0.1451,0.14605,101100.500332,1781596799999
1781596800000,0.1459,0.14842,0.1459,0.14696,75062.506587,1781603999999
1781604000000,0.14689,0.14718,0.14619,0.14619,81533.428787,1781611199999
1781611200000,0.14681,0.14798,0.14516,0.14607,198094.324775,1781618399999
1781618400000,0.14608,0.14608,0.1419,0.14438,279421.793038,1781625599999
1781625600000,0.1442,0.14477,0.14349,0.14477,86486.29994,1781632799999
1781632800000,0.14533,0.14694,0.14396,0.1449,140144.915346,1781639999999
1781640000000,0.14451,0.14716,0.14451,0.14704,150127.793943,1781647199999
1781647200000,0.14708,0.14757,0.14655,0.14672,125978.732139,1781654399999
1781654400000,0.1473,0.14943,0.14694,0.14918,62130.392445,1781661599999
1781661600000,0.14943,0.15497,0.14926,0.15067,706888.61074,1781668799999
1781668800000,0.15063,0.1511,0.14961,0.14963,213436.83178,1781675999999
1781676000000,0.14971,0.14987,0.14623,0.14696,935005.521048,1781683199999
1781683200000,0.14674,0.14674,0.14455,0.14541,84466.064444,1781690399999
1781690400000,0.14477,0.14554,0.14353,0.14444,149596.46532,1781697599999
1781697600000,0.14401,0.14536,0.14315,0.14487,81817.976051,1781704799999
1781704800000,0.14451,0.14993,0.14402,0.14856,444568.16339,1781711999999
1781712000000,0.14875,0.14995,0.14756,0.14853,81012.949062,1781719199999
1781719200000,0.14882,0.1502,0.14395,0.14447,258196.278143,1781726399999
1781726400000,0.14436,0.14583,0.14402,0.1442,128832.967144,1781733599999
1781733600000,0.14345,0.14568,0.1427,0.14535,107618.5086,1781740799999
1781740800000,0.14538,0.1467,0.14538,0.1458,48255.446088,1781747999999
1781748000000,0.14623,0.14623,0.14383,0.14453,40139.90873,1781755199999
1781755200000,0.14394,0.14394,0.14121,0.14171,157773.074891,1781762399999
1781762400000,0.14283,0.14482,0.14229,0.14482,60005.118129,1781769599999
1781769600000,0.14536,0.14681,0.14535,0.14666,78420.844233,1781776799999
1781776800000,0.14626,0.14626,0.14588,0.14588,8341.028348,1781783999999
1781784000000,0.14548,0.14716,0.14396,0.14439,66303.155298,1781791199999
1781791200000,0.14485,0.14589,0.13869,0.13902,196808.667516,1781798399999
1781798400000,0.13907,0.14136,0.13907,0.13959,107411.902536,1781805599999
1781805600000,0.14013,0.14287,0.13986,0.14287,101267.948683,1781812799999
1781812800000,0.14349,0.14519,0.14337,0.14477,134130.473332,1781819999999
1781820000000,0.14484,0.14485,0.14408,0.14457,81052.339462,1781827199999
1781827200000,0.14518,0.14518,0.14377,0.1442,69765.580832,1781834399999
1781834400000,0.1446,0.1455,0.1414,0.14279,92385.033671,1781841599999
1781841600000,0.14208,0.14299,0.14085,0.14152,71269.654324,1781848799999
1781848800000,0.1424,0.14271,0.13875,0.14023,414861.054451,1781855999999
1781856000000,0.14065,0.14136,0.14006,0.14006,384067.731492,1781863199999
1781863200000,0.14005,0.14015,0.13947,0.14005,50537.656037,1781870399999
1781870400000,0.13949,0.14344,0.13903,0.14344,70499.349985,1781877599999
1781877600000,0.14293,0.14309,0.14197,0.1426,127097.607951,1781884799999
1781884800000,0.14294,0.14294,0.14062,0.1416,109517.014576,1781891999999
1781892000000,0.14146,0.14149,0.13977,0.13995,64328.51406,1781899199999
1781899200000,0.14017,0.14158,0.14011,0.14074,43770.785526,1781906399999
1781906400000,0.14038,0.14143,0.14038,0.14135,25086.692419,1781913599999
1781913600000,0.14149,0.14149,0.14091,0.14091,28225.285533,1781920799999
1781920800000,0.14072,0.14073,0.13962,0.14015,43622.709143,1781927999999
1781928000000,0.14091,0.14337,0.14091,0.14225,59561.202247,1781935199999
1781935200000,0.14305,0.14336,0.14245,0.14245,43699.714809,1781942399999
1781942400000,0.14155,0.14212,0.1412,0.14212,77486.176499,1781949599999
1781949600000,0.14238,0.14275,0.14139,0.14139,30272.027676,1781956799999
1781956800000,0.14178,0.14242,0.13999,0.14213,154225.608393,1781963999999
1781964000000,0.1409,0.14224,0.13862,0.14139,167211.664096,1781971199999
1781971200000,0.14146,0.14159,0.13903,0.13989,93497.54219,1781978399999
1781978400000,0.14034,0.14041,0.13986,0.14,28844.621976,1781985599999
1781985600000,0.1401,0.14031,0.13996,0.14031,41924.418247,1781992799999
1781992800000,0.14005,0.14213,0.14002,0.14213,43137.351305,1781999999999
1782000000000,0.14166,0.14194,0.14166,0.14194,29186.249749,1782007199999
1782007200000,0.1416,0.142,0.14103,0.14191,39049.389064,1782014399999
1782014400000,0.14189,0.14189,0.14062,0.14098,29095.284103,1782021599999
1782021600000,0.14062,0.14175,0.1406,0.14161,58330.513624,1782028799999
1782028800000,0.14143,0.14253,0.14057,0.14253,54746.15866,1782035999999
1782036000000,0.14265,0.14313,0.14105,0.14127,32689.878061,1782043199999
1782043200000,0.1413,0.14248,0.1413,0.14248,5231.961502,1782050399999
1782050400000,0.14256,0.14621,0.14193,0.14621,69660.619121,1782057599999
1782057600000,0.14681,0.14686,0.14392,0.14466,58807.052375,1782064799999
1782064800000,0.14372,0.14466,0.1436,0.14456,68017.344932,1782071999999
1782072000000,0.14432,0.14435,0.13989,0.14181,111583.655021,1782079199999
1782079200000,0.14124,0.14166,0.13964,0.13964,90288.220687,1782086399999
1782086400000,0.13998,0.14485,0.13998,0.14418,63635.989832,1782093599999
1782093600000,0.14401,0.14401,0.14161,0.14161,136228.185656,1782100799999
1782100800000,0.14187,0.14262,0.14155,0.14251,86466.980482,1782107999999
1782108000000,0.14282,0.14427,0.14238,0.14407,27794.040636,1782115199999
1782115200000,0.14433,0.14487,0.14348,0.14365,162579.126291,1782122399999
1782122400000,0.14371,0.14758,0.14371,0.14726,145572.960003,1782129599999
1782129600000,0.14701,0.15062,0.14701,0.15062,181407.147811,1782136799999
1782136800000,0.1507,0.1507,0.1469,0.14712,236537.752279,1782143999999
1782144000000,0.14709,0.14816,0.14654,0.1472,73167.512542,1782151199999
1782151200000,0.14744,0.14745,0.14376,0.14376,108601.182554,1782158399999
1782158400000,0.14411,0.14416,0.14321,0.14367,78984.94417,1782165599999
1782165600000,0.14432,0.14462,0.14143,0.14246,56137.435693,1782172799999
1782172800000,0.14229,0.14405,0.14187,0.14376,79134.794568,1782179999999
1782180000000,0.14382,0.14472,0.14373,0.14436,88871.591209,1782187199999
1782187200000,0.1445,0.1445,0.14278,0.14278,36715.935975,1782194399999
1782194400000,0.1426,0.1426,0.13831,0.13913,169948.345372,1782201599999
1782201600000,0.13879,0.13904,0.13481,0.13653,257613.420503,1782208799999
1782208800000,0.13645,0.13774,0.13503,0.13768,153854.991011,1782215999999
1782216000000,0.13794,0.13899,0.13669,0.13857,128248.218183,1782223199999
1782223200000,0.139,0.13962,0.13573,0.13573,152245.800346,1782230399999
1782230400000,0.13644,0.13726,0.13576,0.13648,66550.819985,1782237599999
1782237600000,0.13589,0.13724,0.13589,0.13709,64828.324082,1782244799999
1782244800000,0.13742,0.13886,0.13739,0.13861,260099.174583,1782251999999
1782252000000,0.13836,0.13913,0.13796,0.1382,36219.913577,1782259199999
1782259200000,0.13836,0.13836,0.13806,0.13812,17200.579837,1782266399999
1782266400000,0.13786,0.13786,0.13691,0.13691,14665.465734,1782273599999
1782273600000,0.13661,0.1377,0.13463,0.13748,74179.043317,1782280799999
1782280800000,0.13696,0.13696,0.13638,0.13638,38322.704423,1782287999999
1782288000000,0.1365,0.13802,0.13572,0.13706,49921.985423,1782295199999
1782295200000,0.13582,0.13758,0.13463,0.13708,59117.186204,1782302399999
1782302400000,0.13632,0.13667,0.13171,0.13225,80747.07239,1782309599999
1782309600000,0.13228,0.13326,0.12983,0.12996,135211.03671,1782316799999
1782316800000,0.13047,0.13049,0.12475,0.12485,430854.991549,1782323999999
1782324000000,0.12463,0.12787,0.12433,0.12696,147907.317144,1782331199999
1782331200000,0.12789,0.13085,0.12789,0.13085,82657.085216,1782338399999
1782338400000,0.13186,0.13245,0.13117,0.13185,102327.076455,1782345599999
1782345600000,0.13152,0.13154,0.13127,0.13138,40364.145657,1782352799999
1782352800000,0.13172,0.13182,0.13096,0.13096,26736.813983,1782359999999
1782360000000,0.13052,0.1355,0.13052,0.13374,126132.055502,1782367199999
1782367200000,0.13383,0.13422,0.13356,0.13365,116334.777527,1782374399999
1782374400000,0.13359,0.13362,0.1324,0.1324,81036.001802,1782381599999
1782381600000,0.13275,0.13287,0.13115,0.13115,19863.498318,1782388799999
1782388800000,0.13144,0.13283,0.12091,0.12091,641112.805815,1782395999999
1782396000000,0.12209,0.12834,0.12209,0.12466,457942.099241,1782403199999
1782403200000,0.12513,0.12653,0.12367,0.12533,68275.542517,1782410399999
1782410400000,0.12497,0.12541,0.12229,0.12324,145465.166661,1782417599999
1782417600000,0.12345,0.1262,0.12315,0.1262,119916.884816,1782424799999
1782424800000,0.12603,0.12712,0.12517,0.12634,148622.629282,1782431999999
1782432000000,0.12649,0.12686,0.12438,0.12438,40030.288808,1782439199999
1782439200000,0.12273,0.12553,0.1205,0.12549,240207.930792,1782446399999
1782446400000,0.12545,0.12618,0.12542,0.12613,67804.240209,1782453599999
1782453600000,0.12527,0.12951,0.12507,0.12895,147040.684766,1782460799999
1782460800000,0.12796,0.12796,0.12724,0.12748,41342.922592,1782467999999
1782468000000,0.12628,0.12642,0.125,0.1253,91449.312494,1782475199999
1782475200000,0.1257,0.12791,0.12503,0.12791,212996.11868,1782482399999
1782482400000,0.12846,0.13,0.1273,0.12961,168863.992694,1782489599999
1782489600000,0.13021,0.13442,0.12947,0.13404,170954.770034,1782496799999
1782496800000,0.13407,0.13765,0.13366,0.13449,471627.402919,1782503999999
1782504000000,0.13492,0.13697,0.1329,0.13417,202751.774369,1782511199999
1782511200000,0.13378,0.13752,0.1333,0.13565,79119.8731,1782518399999
1782518400000,0.13642,0.13914,0.13529,0.13817,216698.05084,1782525599999
1782525600000,0.13778,0.14524,0.13772,0.14282,397501.291168,1782532799999
1782532800000,0.14428,0.14648,0.14066,0.145,451634.397805,1782539999999
1782540000000,0.14514,0.14865,0.14309,0.14715,997293.873559,1782547199999
1782547200000,0.14788,0.15213,0.14522,0.15213,503281.975271,1782554399999
1782554400000,0.15235,0.15235,0.14387,0.1483,425193.740906,1782561599999
1782561600000,0.14827,0.1527,0.14816,0.14949,520595.054148,1782568799999
1782568800000,0.15005,0.15707,0.15005,0.15656,592155.593925,1782575999999
1782576000000,0.15641,0.16145,0.15243,0.15267,752429.038672,1782583199999
1782583200000,0.1522,0.15339,0.14845,0.14913,588015.113912,1782590399999
1782590400000,0.14916,0.14916,0.1464,0.14679,497241.660494,1782597599999
1782597600000,0.14672,0.1476,0.14518,0.14582,64021.631294,1782604799999
1782604800000,0.14568,0.14634,0.14444,0.14508,68003.843262,1782611999999
1782612000000,0.14569,0.14569,0.14465,0.14534,74027.409789,1782619199999
1782619200000,0.14585,0.14793,0.14522,0.14793,24104.937203,1782626399999
1782626400000,0.14796,0.15158,0.14586,0.14952,164646.491357,1782633599999
1782633600000,0.14975,0.15238,0.14922,0.15064,370105.755783,1782640799999
1782640800000,0.15071,0.15622,0.14916,0.1543,257703.489452,1782647999999
1782648000000,0.15373,0.15558,0.15139,0.1514,157082.850768,1782655199999
1782655200000,0.15138,0.1556,0.15138,0.15242,119711.356897,1782662399999
1782662400000,0.15301,0.15381,0.15035,0.15097,217897.094126,1782669599999
1782669600000,0.14978,0.1506,0.14743,0.14788,123117.245285,1782676799999
1782676800000,0.14772,0.15059,0.14754,0.14913,86873.709032,1782683999999
1782684000000,0.15068,0.15236,0.14853,0.15225,193457.613604,1782691199999
1782691200000,0.15284,0.15358,0.1499,0.15159,161825.046002,1782698399999
1782698400000,0.15181,0.15966,0.15181,0.15602,201676.219019,1782705599999
1782705600000,0.15665,0.15665,0.15215,0.15372,191060.946537,1782712799999
1782712800000,0.15453,0.16075,0.1544,0.15908,365558.065825,1782719999999
1782720000000,0.15876,0.16099,0.15775,0.16035,242189.049306,1782727199999
1782727200000,0.16072,0.1608,0.15649,0.15721,216989.24415,1782734399999
1782734400000,0.15797,0.1628,0.1563,0.15806,190261.278771,1782741599999
1782741600000,0.15829,0.15829,0.1541,0.15473,105422.348815,1782748799999
1782748800000,0.15503,0.16261,0.15468,0.16041,117450.402423,1782755999999
1782756000000,0.15985,0.16037,0.15805,0.15895,231094.1117,1782763199999
1782763200000,0.15887,0.15887,0.15646,0.15657,108231.02071,1782770399999
1782770400000,0.15654,0.15665,0.15346,0.15362,51743.588312,1782777599999
1782777600000,0.1538,0.1538,0.15064,0.15111,74407.52618,1782784799999
1782784800000,0.1502,0.1526,0.1502,0.15251,47468.72761,1782791999999
1782792000000,0.1522,0.1543,0.15195,0.1543,64619.002181,1782799199999
1782799200000,0.15423,0.15423,0.15268,0.1528,60500.303303,1782806399999
1782806400000,0.15251,0.15251,0.15093,0.15157,92332.649218,1782813599999
1782813600000,0.1513,0.1519,0.14959,0.14991,109481.256731,1782820799999
1782820800000,0.14975,0.14975,0.14682,0.14838,228091.711315,1782827999999
1782828000000,0.14851,0.14946,0.14706,0.14913,157408.567749,1782835199999
1782835200000,0.14853,0.14892,0.14592,0.14708,133800.879287,1782842399999
1782842400000,0.14694,0.14749,0.14634,0.14688,57947.675861,1782849599999
1782849600000,0.14674,0.14738,0.14636,0.14738,36140.840101,1782856799999
1782856800000,0.14702,0.14702,0.14507,0.1452,45577.926947,1782863999999
1782864000000,0.14529,0.14529,0.1402,0.14166,219859.297477,1782871199999
1782871200000,0.14318,0.14626,0.14251,0.14605,60850.245657,1782878399999
1782878400000,0.14705,0.1489,0.14559,0.14592,130740.370835,1782885599999
1782885600000,0.14535,0.14579,0.14268,0.14402,105420.911104,1782892799999
1782892800000,0.14333,0.14634,0.14333,0.14614,82793.309623,1782899999999
1782900000000,0.1465,0.14663,0.14564,0.14608,63906.981163,1782907199999
1782907200000,0.14558,0.15028,0.14506,0.1492,305394.266731,1782914399999
1782914400000,0.14938,0.15446,0.14915,0.15409,359820.265307,1782921599999
1782921600000,0.15381,0.15394,0.15074,0.15097,79496.18642,1782928799999
1782928800000,0.15079,0.15091,0.14748,0.1476,71355.424682,1782935999999
1782936000000,0.14735,0.15171,0.14706,0.15168,165885.657161,1782943199999
1782943200000,0.15159,0.15246,0.14732,0.14732,95018.511887,1782950399999
1782950400000,0.14665,0.14753,0.14632,0.14753,49388.977454,1782957599999
1782957600000,0.14835,0.15123,0.14835,0.1509,59367.751789,1782964799999
1782964800000,0.15072,0.15189,0.14964,0.14973,57287.771321,1782971999999
1782972000000,0.14875,0.14963,0.14802,0.14941,54319.559146,1782979199999
1782979200000,0.14936,0.15302,0.1493,0.15229,155455.8903,1782986399999
1782986400000,0.15194,0.1571,0.1515,0.15683,368643.019633,1782993599999
1782993600000,0.15701,0.15842,0.15367,0.15583,367511.537257,1783000799999
1783000800000,0.15552,0.15553,0.14955,0.15018,99953.845428,1783007999999
1783008000000,0.15019,0.15244,0.14907,0.15012,69578.460993,1783015199999
1783015200000,0.1506,0.15209,0.1498,0.15133,78151.146192,1783022399999
1783022400000,0.14999,0.15137,0.14952,0.15134,87138.629382,1783029599999
1783029600000,0.15124,0.15124,0.1502,0.15062,68904.931609,1783036799999
1783036800000,0.14968,0.15253,0.14968,0.15223,38453.237904,1783043999999
1783044000000,0.15176,0.15176,0.15033,0.15033,56891.719978,1783051199999
1783051200000,0.14986,0.15106,0.14985,0.15034,13623.110808,1783058399999
1783058400000,0.15093,0.15196,0.1509,0.1509,33588.463053,1783065599999
1783065600000,0.15047,0.15232,0.15018,0.152,137119.590084,1783072799999
1783072800000,0.15212,0.15556,0.15212,0.15555,62535.292557,1783079999999
1783080000000,0.15572,0.15629,0.15416,0.15484,400454.83523,1783087199999
1783087200000,0.15477,0.157,0.15238,0.15477,113139.772562,1783094399999
1783094400000,0.15591,0.1573,0.15488,0.15518,167873.323676,1783101599999
1783101600000,0.15501,0.15599,0.15406,0.15537,58628.41881,1783108799999
1783108800000,0.15498,0.16091,0.15498,0.16043,288723.371956,1783115999999
1783116000000,0.1606,0.1606,0.15745,0.15945,256895.504525,1783123199999
1783123200000,0.15871,0.15931,0.15585,0.15599,166676.815103,1783130399999
1783130400000,0.15683,0.16046,0.15683,0.15899,169454.792669,1783137599999
1783137600000,0.15882,0.15932,0.15655,0.15655,166826.7151,1783144799999
1783144800000,0.15559,0.15559,0.15468,0.15535,49424.690007,1783151999999
1783152000000,0.15521,0.15526,0.15197,0.15274,153600.083591,1783159199999
1783159200000,0.1525,0.15511,0.15238,0.15436,77114.099004,1783166399999
1783166400000,0.1548,0.15622,0.1548,0.15573,75939.321862,1783173599999
1783173600000,0.15619,0.15874,0.15535,0.15775,137093.35081,1783180799999
1783180800000,0.15765,0.15935,0.15762,0.15935,188284.376775,1783187999999
1783188000000,0.15915,0.15915,0.15674,0.15674,58243.969096,1783195199999
1783195200000,0.15662,0.15662,0.15519,0.15524,26995.467653,1783202399999
1783202400000,0.15496,0.15496,0.15303,0.15415,104052.635624,1783209599999
1783209600000,0.15267,0.15267,0.1521,0.15261,13993.747465,1783216799999
1783216800000,0.15295,0.15295,0.15066,0.15066,62785.682481,1783223999999
1783224000000,0.15115,0.15115,0.1501,0.15071,16009.269129,1783231199999
1783231200000,0.1509,0.15234,0.1509,0.15234,53686.593835,1783238399999
1783238400000,0.15207,0.15207,0.1496,0.14996,75169.391177,1783245599999
1783245600000,0.15064,0.15139,0.1506,0.15063,23059.175622,1783252799999
1783252800000,0.15042,0.15334,0.15042,0.15329,59026.320345,1783259999999
1783260000000,0.15333,0.15417,0.15219,0.15331,63048.242372,1783267199999
1783267200000,0.15274,0.15274,0.15158,0.15159,35620.528493,1783274399999
1783274400000,0.15243,0.153,0.15201,0.153,14442.749972,1783281599999
1783281600000,0.15275,0.15576,0.15204,0.15576,67379.749125,1783288799999
1783288800000,0.15562,0.15717,0.15514,0.15537,119563.583354,1783295999999
1783296000000,0.15589,0.15614,0.15459,0.15587,51642.63827,1783303199999
1783303200000,0.15509,0.15509,0.1544,0.15448,23281.407402,1783310399999
1783310400000,0.15567,0.15567,0.1525,0.1525,42269.614306,1783317599999
1783317600000,0.15261,0.15386,0.1522,0.15375,39482.087881,1783324799999
1783324800000,0.1534,0.15353,0.15161,0.15171,128647.16887,1783331999999
1783332000000,0.15149,0.15219,0.15146,0.15172,24232.221289,1783339199999
1783339200000,0.14939,0.14939,0.14671,0.14935,196994.754152,1783346399999
1783346400000,0.14896,0.15249,0.14879,0.15246,148581.958005,1783353599999
1783353600000,0.15227,0.15345,0.152,0.15211,167051.213857,1783360799999
1783360800000,0.15168,0.15168,0.14963,0.15038,139072.772557,1783367999999
1783368000000,0.14985,0.15344,0.14956,0.1525,78854.4758,1783375199999
1783375200000,0.15208,0.15226,0.14972,0.14972,8950.639804,1783382399999
1783382400000,0.14993,0.14993,0.14798,0.1487,10955.357499,1783389599999
1783389600000,0.14811,0.14811,0.1465,0.14669,11515.325143,1783396799999
1783396800000,0.146,0.14697,0.14516,0.14697,106417.600299,1783403999999
1783404000000,0.14741,0.1477,0.14611,0.14712,86399.247929,1783411199999
1783411200000,0.14694,0.14749,0.14679,0.14741,34478.804305,1783418399999
1783418400000,0.14766,0.14766,0.14608,0.14736,47098.976801,1783425599999
1783425600000,0.14807,0.14867,0.1464,0.14682,81327.903681,1783432799999
1783432800000,0.14686,0.1482,0.14509,0.14781,24928.387953,1783439999999
1783440000000,0.14894,0.14947,0.14832,0.14896,78242.663431,1783447199999
1783447200000,0.14889,0.14889,0.14579,0.14706,60427.542125,1783454399999
1783454400000,0.14706,0.14725,0.14667,0.14674,29919.271746,1783461599999
1783461600000,0.145,0.14562,0.14416,0.14524,28538.240302,1783468799999
1783468800000,0.1452,0.14569,0.14092,0.14109,49969.524189,1783475999999
1783476000000,0.14013,0.14093,0.13865,0.14093,22728.575431,1783483199999
1783483200000,0.13933,0.1398,0.13933,0.1398,25982.173733,1783490399999
1783490400000,0.13916,0.13941,0.13798,0.13913,26927.80965,1783497599999
1783497600000,0.139,0.139,0.1351,0.13624,138666.263692,1783504799999
1783504800000,0.13647,0.13838,0.13583,0.13838,14370.401427,1783511999999
1783512000000,0.13796,0.13815,0.13608,0.13791,35425.126988,1783519199999
1783519200000,0.13878,0.13878,0.1371,0.13737,18149.38401,1783526399999
1783526400000,0.138,0.13815,0.13725,0.13801,28201.957551,1783533599999
1783533600000,0.13744,0.13795,0.13736,0.13795,75936.014036,1783540799999
1783540800000,0.13745,0.13779,0.1365,0.13773,57382.598466,1783547999999
1783548000000,0.13752,0.13867,0.13751,0.13817,9126.092014,1783555199999
1783555200000,0.13825,0.13984,0.1378,0.13801,32515.904212,1783562399999
1783562400000,0.13904,0.13908,0.13698,0.13754,15775.129622,1783569599999
1783569600000,0.13795,0.13939,0.13795,0.13939,38986.734692,1783576799999
1783576800000,0.14038,0.14058,0.13965,0.13994,68011.618031,1783583999999
1783584000000,0.13999,0.13999,0.13909,0.13932,12700.600225,1783591199999
1783591200000,0.13937,0.13951,0.13845,0.13934,10745.50279,1783598399999
1783598400000,0.13924,0.13973,0.13853,0.13951,76814.922173,1783605599999
1783605600000,0.13995,0.13995,0.13909,0.1392,16016.804761,1783612799999
1783612800000,0.1383,0.13974,0.13795,0.13974,80879.742921,1783619999999
1783620000000,0.1397,0.13997,0.13925,0.13949,12946.570237,1783627199999
1783627200000,0.1393,0.13985,0.13896,0.13914,32203.817741,1783634399999
1783634400000,0.13906,0.13913,0.13856,0.13862,23191.080924,1783641599999
1783641600000,0.13758,0.14034,0.13706,0.13996,64703.993887,1783648799999
1783648800000,0.13944,0.14006,0.13887,0.14002,60396.671867,1783655999999
1783656000000,0.13962,0.14025,0.13962,0.14025,36390.813769,1783663199999
1783663200000,0.13966,0.13979,0.13901,0.13903,38388.056413,1783670399999
1783670400000,0.13889,0.13995,0.13887,0.13975,45725.475272,1783677599999
1783677600000,0.13965,0.14037,0.13927,0.13967,90750.425814,1783684799999
1783684800000,0.13934,0.1402,0.13898,0.13965,15127.204309,1783691999999
1783692000000,0.13886,0.13887,0.13205,0.1331,164219.326094,1783699199999
1783699200000,0.133,0.13554,0.13287,0.13382,155975.760728,1783706399999
1783706400000,0.13415,0.13496,0.13345,0.1349,51294.445729,1783713599999
1783713600000,0.13445,0.13572,0.13428,0.13554,82908.09501,1783720799999
1783720800000,0.13521,0.1353,0.13433,0.13465,71956.897146,1783727999999
1783728000000,0.13449,0.13449,0.13399,0.13415,44529.215444,1783735199999
1783735200000,0.13474,0.13519,0.13474,0.13504,38282.061536,1783742399999
1783742400000,0.13494,0.13534,0.13343,0.13343,50350.851487,1783749599999
1783749600000,0.13383,0.13416,0.13326,0.13345,35845.4744,1783756799999
1783756800000,0.13291,0.13392,0.13276,0.13334,156603.626781,1783763999999
1783764000000,0.13358,0.13373,0.13336,0.13373,46693.80311,1783771199999
1783771200000,0.13429,0.13505,0.13421,0.13501,96217.607067,1783778399999
1783778400000,0.1352,0.13548,0.13409,0.13417,96567.595574,1783785599999
1783785600000,0.13382,0.13448,0.13348,0.13441,26614.274081,1783792799999
1783792800000,0.13472,0.13478,0.13443,0.13447,35688.339282,1783799999999
1783800000000,0.13478,0.13534,0.13475,0.13477,40830.000336,1783807199999
1783807200000,0.13446,0.13453,0.13146,0.13161,81688.551728,1783814399999
1783814400000,0.1301,0.13195,0.12972,0.13186,126051.79782,1783821599999
1783821600000,0.13193,0.13345,0.13189,0.13323,55674.012277,1783828799999
1783828800000,0.13256,0.13286,0.13194,0.13247,52597.956455,1783835999999
1783836000000,0.13225,0.13225,0.13131,0.13149,57235.027888,1783843199999
1783843200000,0.13205,0.13205,0.13136,0.132,79740.553094,1783850399999
1783850400000,0.13189,0.13209,0.13119,0.13193,40227.196871,1783857599999
1783857600000,0.13192,0.13205,0.13151,0.13151,35831.51656,1783864799999
1783864800000,0.13126,0.13213,0.13126,0.13213,2164.627377,1783871999999
1783872000000,0.13168,0.13169,0.13136,0.13163,38413.960717,1783879199999
1783879200000,0.13126,0.13268,0.13106,0.13268,25428.013121,1783886399999
1783886400000,0.13277,0.1329,0.13143,0.13165,31399.367839,1783893599999
1783893600000,0.13085,0.13085,0.12976,0.13012,61924.910611,1783900799999
1783900800000,0.13245,0.1332,0.13089,0.13091,127394.437001,1783907999999
1783908000000,0.13106,0.13106,0.12913,0.13012,40418.332882,1783915199999
1783915200000,0.13025,0.13246,0.13012,0.13129,95484.235781,1783922399999
1783922400000,0.13125,0.13219,0.13125,0.13172,16734.836753,1783929599999
1783929600000,0.1313,0.1313,0.13099,0.13115,9770.394373,1783936799999
1783936800000,0.13091,0.13242,0.13087,0.13153,72915.383204,1783943999999
1783944000000,0.13155,0.13186,0.13124,0.13158,42592.940865,1783951199999
1783951200000,0.13241,0.1327,0.13086,0.13131,140174.130767,1783958399999
1783958400000,0.1312,0.13125,0.1306,0.13104,38259.698141,1783965599999
1783965600000,0.13096,0.13232,0.13091,0.13149,47937.364032,1783972799999
1783972800000,0.13151,0.13151,0.12921,0.13042,30455.486538,1783979999999
1783980000000,0.13077,0.13218,0.13077,0.13214,47042.29266,1783987199999
1783987200000,0.13226,0.13514,0.13225,0.1343,123335.348678,1783994399999
1783994400000,0.13388,0.13577,0.13371,0.13523,67731.469134,1784001599999
1784001600000,0.13644,0.13667,0.13548,0.13564,65539.689598,1784008799999
1784008800000,0.13543,0.13545,0.13405,0.13405,39957.353552,1784015999999
1784016000000,0.13369,0.13392,0.13328,0.13333,46917.65581,1784023199999
1784023200000,0.13332,0.13348,0.13252,0.13252,62045.21839,1784030399999
1784030400000,0.13242,0.13447,0.13242,0.13423,148078.941392,1784037599999
1784037600000,0.13309,0.13433,0.13307,0.13363,148728.746058,1784044799999
1784044800000,0.13375,0.13472,0.13375,0.13392,90940.289047,1784051999999
1784052000000,0.1343,0.13459,0.13406,0.13422,44593.089492,1784059199999
1784059200000,0.13434,0.1345,0.1338,0.13402,78015.326575,1784066399999
1784066400000,0.1338,0.13467,0.13337,0.13423,50099.717647,1784073599999
1784073600000,0.13497,0.13678,0.13457,0.13617,112526.64902,1784080799999
1784080800000,0.13613,0.13613,0.13443,0.13564,107467.914925,1784087999999
1784088000000,0.13575,0.13575,0.13417,0.13483,31135.958651,1784095199999
1784095200000,0.13503,0.13577,0.13382,0.13412,28794.316746,1784102399999
1784102400000,0.13383,0.13539,0.13383,0.13488,45415.189753,1784109599999
1784109600000,0.13489,0.13489,0.13358,0.13392,167227.342011,1784116799999
1784116800000,0.13402,0.13756,0.13367,0.13687,223129.608213,1784123999999
1784124000000,0.13703,0.13739,0.13394,0.13431,189784.846206,1784131199999
1784131200000,0.13397,0.13435,0.13225,0.13413,185694.132037,1784138399999
1784138400000,0.13411,0.13456,0.13322,0.1335,74220.927308,1784145599999
1784145600000,0.13362,0.13431,0.13362,0.13408,43194.815683,1784152799999
1784152800000,0.13345,0.13434,0.13299,0.13299,60484.763237,1784159999999
1784160000000,0.13297,0.13297,0.13135,0.13277,47543.5831,1784167199999
1784167200000,0.13278,0.13435,0.13278,0.13303,143792.308854,1784174399999
1784174400000,0.13294,0.13323,0.13269,0.13281,108631.583261,1784181599999
1784181600000,0.13268,0.13271,0.13066,0.13066,100653.505189,1784188799999
1784188800000,0.13089,0.1316,0.13008,0.1316,21061.119785,1784195999999
1784196000000,0.13245,0.13318,0.13188,0.13191,100886.706571,1784203199999
1784203200000,0.1321,0.13456,0.1316,0.13418,110450.66839,1784210399999
1784210400000,0.13453,0.13626,0.13372,0.13484,170042.582314,1784217599999
1784217600000,0.135,0.135,0.13303,0.13303,62984.259671,1784224799999
1784224800000,0.13332,0.13419,0.13317,0.13367,61128.977794,1784231999999
1784232000000,0.13507,0.13509,0.13404,0.13407,123553.454322,1784239199999
1784239200000,0.13443,0.13443,0.13141,0.13202,125551.636442,1784246399999
1784246400000,0.13223,0.13335,0.1319,0.13239,55665.062937,1784253599999
1784253600000,0.13229,0.13321,0.13122,0.13262,48252.296501,1784260799999
1784260800000,0.13247,0.13402,0.13202,0.13202,147229.949166,1784267999999
1784268000000,0.13256,0.13366,0.13239,0.13306,154539.616353,1784275199999
1784275200000,0.13286,0.13414,0.13224,0.134,118570.260062,1784282399999
1784282400000,0.13409,0.13472,0.13333,0.13337,103272.811261,1784289599999
1784289600000,0.1338,0.13387,0.132,0.13317,45685.600532,1784296799999
1784296800000,0.13435,0.13482,0.13322,0.13447,106840.025016,1784303999999
1784304000000,0.13461,0.13655,0.13461,0.13564,167503.044254,1784311199999
1784311200000,0.13539,0.13643,0.13497,0.1353,59428.167265,1784318399999
1784318400000,0.13544,0.13585,0.13497,0.1351,130993.894298,1784325599999
1784325600000,0.13499,0.13616,0.13499,0.13572,28961.264649,1784332799999
1784332800000,0.13551,0.13745,0.13551,0.136,104369.539318,1784339999999
1784340000000,0.13594,0.13714,0.13584,0.13686,34667.266931,1784347199999
1784347200000,0.13611,0.13626,0.13399,0.13406,46764.90543,1784354399999
1784354400000,0.13426,0.13437,0.13376,0.13399,32104.54795,1784361599999
1784361600000,0.13412,0.13438,0.1337,0.1337,63936.343401,1784368799999
1784368800000,0.13335,0.13345,0.13324,0.13345,21694.46419,1784375999999
1784376000000,0.13366,0.13366,0.13279,0.13311,54881.488356,1784383199999
1784383200000,0.13327,0.13446,0.13327,0.13405,122661.672668,1784390399999
1784390400000,0.13464,0.13564,0.13453,0.13549,86155.870622,1784397599999
1784397600000,0.1345,0.13468,0.1345,0.13468,2264.522278,1784404799999
1784404800000,0.13467,0.13485,0.13437,0.13478,73232.547328,1784411999999
1784412000000,0.13448,0.1349,0.13448,0.1349,19200.183525,1784419199999
1784419200000,0.13459,0.13459,0.13386,0.13392,57320.271672,1784426399999
1784426400000,0.13379,0.13451,0.13351,0.13351,63932.975052,1784433599999
1784433600000,0.13366,0.13415,0.13366,0.134,67432.521045,1784440799999
1784440800000,0.13381,0.13384,0.13348,0.13371,66319.958081,1784447999999
1784448000000,0.1337,0.13408,0.13363,0.13363,36962.550056,1784455199999
1784455200000,0.13369,0.13452,0.13369,0.13395,78949.773293,1784462399999
1784462400000,0.13363,0.13462,0.13354,0.13375,84517.205804,1784469599999
1784469600000,0.13358,0.13401,0.13358,0.13391,29460.024406,1784476799999
1784476800000,0.13407,0.13413,0.1321,0.13279,85980.084184,1784483999999
1784484000000,0.13262,0.13301,0.13142,0.13301,108300.053508,1784491199999
1784491200000,0.13341,0.13396,0.13293,0.13293,94981.484134,1784498399999
1784498400000,0.13373,0.13521,0.13373,0.13521,68588.154962,1784505599999
1784505600000,0.13592,0.136,0.13452,0.13452,104139.029545,1784512799999
1784512800000,0.13376,0.13436,0.13355,0.13367,42415.901375,1784519999999
1784520000000,0.13346,0.13346,0.13143,0.13154,41468.619886,1784527199999
1784527200000,0.13124,0.1324,0.13066,0.13229,39153.489972,1784534399999
1784534400000,0.13219,0.13221,0.131,0.13167,51579.849595,1784541599999
1784541600000,0.131,0.13196,0.1302,0.13196,146319.164163,1784548799999
1784548800000,0.13181,0.13278,0.1312,0.13207,128253.084265,1784555999999
1784556000000,0.13186,0.13493,0.13177,0.13478,67191.399636,1784563199999
1784563200000,0.13508,0.13673,0.13449,0.13526,238950.281521,1784570399999
1784570400000,0.13526,0.13529,0.13442,0.1346,97524.376397,1784577599999
1784577600000,0.13455,0.13504,0.134,0.13504,73312.597565,1784584799999
1784584800000,0.13411,0.13411,0.13334,0.13379,53409.226748,1784591999999
1784592000000,0.13344,0.13344,0.13223,0.13223,36238.348187,1784599199999
1784599200000,0.13252,0.13434,0.13242,0.13434,74635.066873,1784606399999
1784606400000,0.13446,0.13487,0.1331,0.13379,63363.148802,1784613599999
1784613600000,0.13379,0.13437,0.13334,0.13397,94625.15444,1784620799999
1784620800000,0.13411,0.1347,0.13384,0.1347,41353.689773,1784627999999
1784628000000,0.13594,0.13656,0.13507,0.13542,86482.28475,1784635199999
1784635200000,0.13568,0.13568,0.13446,0.13472,48323.558865,1784642399999
1784642400000,0.13467,0.135,0.13423,0.135,50359.583479,1784649599999
1784649600000,0.13532,0.13532,0.13308,0.13354,55691.356421,1784656799999
1784656800000,0.13334,0.13414,0.13334,0.134,90357.495141,1784663999999
1784664000000,0.13397,0.13398,0.13281,0.13281,44587.478591,1784671199999
1784671200000,0.13294,0.13335,0.13262,0.13335,36800.347395,1784678399999
1784678400000,0.13335,0.13474,0.13335,0.13456,28157.389139,1784685599999
1784685600000,0.13469,0.13503,0.13383,0.1346,60422.913773,1784692799999
1784692800000,0.13437,0.13466,0.1337,0.13386,70476.024719,1784699999999
1784700000000,0.1334,0.13343,0.13257,0.13257,90534.477856,1784707199999
1784707200000,0.13239,0.1331,0.13232,0.13263,44456.380325,1784714399999
1784714400000,0.1332,0.13323,0.13295,0.13323,18011.025507,1784721599999
1784721600000,0.13238,0.13253,0.13175,0.13236,21528.658033,1784728799999
1784728800000,0.1333,0.13495,0.1332,0.13455,124882.724302,1784735999999
1784736000000,0.13459,0.13622,0.13375,0.13576,144455.670077,1784743199999
1784743200000,0.13584,0.13614,0.13514,0.13544,80474.841278,1784750399999
1784750400000,0.13581,0.13643,0.13478,0.13484,99454.391887,1784757599999
1784757600000,0.13479,0.13556,0.13306,0.13358,85757.495581,1784764799999
1784764800000,0.13392,0.13426,0.13337,0.13337,70475.862248,1784771999999
1784772000000,0.13315,0.13315,0.13231,0.13258,19105.818474,1784779199999
1784779200000,0.13272,0.13307,0.13272,0.13307,12981.274652,1784786399999
1784786400000,0.13312,0.13334,0.1325,0.13283,18759.638257,1784793599999
1784793600000,0.13271,0.13422,0.13249,0.13394,31553.154808,1784800799999
1784800800000,0.13372,0.13384,0.1332,0.13332,57822.555748,1784807999999
1784808000000,0.13316,0.13361,0.13181,0.1325,80454.282599,1784815199999
1784815200000,0.13219,0.13226,0.12978,0.13032,132798.283654,1784822399999
1784822400000,0.12992,0.13061,0.12783,0.12831,47229.050095,1784829599999
1784829600000,0.12833,0.12833,0.12593,0.12684,163362.766398,1784836799999
1784836800000,0.12689,0.12861,0.12689,0.12759,44061.052845,1784843999999
1784844000000,0.12716,0.1272,0.12629,0.12641,22091.698156,1784851199999
1784851200000,0.12607,0.12613,0.12474,0.12604,58692.615549,1784858399999
1784858400000,0.12612,0.12725,0.12575,0.12685,50637.153779,1784865599999
1784865600000,0.12689,0.12718,0.12675,0.12678,47107.04404,1784872799999
1784872800000,0.12712,0.12859,0.12712,0.12778,35783.497676,1784879999999
1784880000000,0.12832,0.12832,0.12673,0.12674,95070.630161,1784887199999
1784887200000,0.12642,0.1265,0.12579,0.12641,86952.841972,1784894399999
1784894400000,0.12659,0.12667,0.12382,0.1244,193925.395403,1784901599999
1784901600000,0.12477,0.12574,0.12414,0.12558,119827.472582,1784908799999
1784908800000,0.1257,0.12678,0.12506,0.12678,59544.834644,1784915999999
1784916000000,0.12657,0.12776,0.12621,0.12621,46798.315016,1784923199999
1784923200000,0.12601,0.12601,0.1246,0.1246,22433.052232,1784930399999
1784930400000,0.12538,0.12649,0.12538,0.12649,17502.499715,1784937599999
1784937600000,0.12664,0.12846,0.12663,0.12803,123036.151473,1784944799999
1784944800000,0.12775,0.12863,0.1275,0.12838,87934.581306,1784951999999
1784952000000,0.12846,0.12963,0.12796,0.12832,101588.207247,1784959199999
1784959200000,0.12847,0.12902,0.12745,0.12767,134252.578977,1784966399999
1784966400000,0.12769,0.12859,0.12736,0.12846,82547.025976,1784973599999
1784973600000,0.12837,0.13026,0.1283,0.12993,124376.772117,1784980799999
1784980800000,0.12996,0.13164,0.1296,0.13055,176827.967722,1784987999999
1784988000000,0.13072,0.13127,0.12997,0.13127,97898.03238,1784995199999
1784995200000,0.13117,0.13445,0.13117,0.13441,415332.685443,1785002399999
1785002400000,0.13446,0.13808,0.13446,0.13808,418194.727553,1785009599999
1785009600000,0.13807,0.13994,0.13669,0.13931,537339.331038,1785016799999
1785016800000,0.13895,0.13964,0.13571,0.13621,133284.75667,1785023999999
1785024000000,0.1362,0.13681,0.13499,0.13612,54065.84054,1785031199999
1785031200000,0.13588,0.13918,0.1356,0.13876,128305.33638,1785038399999
1785038400000,0.13874,0.14084,0.13824,0.14076,149702.326993,1785045599999
1785045600000,0.14058,0.1418,0.13993,0.14059,230212.603039,1785052799999
1785052800000,0.14028,0.14128,0.13762,0.13765,255429.859503,1785059999999
1785060000000,0.1376,0.1383,0.13751,0.13789,63314.762522,1785067199999
1785067200000,0.13818,0.13839,0.13671,0.13683,58829.901608,1785074399999
1785074400000,0.13671,0.13718,0.13576,0.13601,68992.248891,1785081599999
1785081600000,0.13609,0.13696,0.13567,0.13567,24640.21665,1785088799999
1785088800000,0.13542,0.13561,0.135,0.13536,52413.55268,1785095999999
1785096000000,0.13542,0.13542,0.13406,0.13421,63167.303354,1785103199999
1785103200000,0.13409,0.13543,0.13409,0.13467,78823.221434,1785110399999
1785110400000,0.13457,0.13592,0.13421,0.135,50787.169031,1785117599999
1785117600000,0.13534,0.13619,0.1351,0.13619,63350.635163,1785124799999
1785124800000,0.13629,0.13667,0.13541,0.1356,51092.35852,1785131999999
1785132000000,0.13673,0.13704,0.13546,0.13547,89031.640737,1785139199999
1785139200000,0.13544,0.13544,0.13395,0.13438,36708.031112,1785146399999
1785146400000,0.134,0.13565,0.13351,0.13526,112737.539811,1785153599999
1785153600000,0.13566,0.13612,0.13468,0.13553,113074.82408,1785160799999
1785160800000,0.13519,0.13549,0.13137,0.13329,178047.037785,1785167999999
1785168000000,0.13266,0.13328,0.13185,0.13313,96284.491005,1785175199999
1785175200000,0.13251,0.13251,0.13178,0.13209,31616.344911,1785182399999
1785182400000,0.13238,0.13249,0.13161,0.13161,71197.462064,1785189599999
1785189600000,0.13189,0.13189,0.12839,0.12974,49492.47263,1785196799999
1785196800000,0.12991,0.13127,0.12991,0.13064,38559.528652,1785203999999
1785204000000,0.13144,0.13144,0.13,0.13,53321.067325,1785211199999
1785211200000,0.12988,0.13057,0.1298,0.13057,41465.160187,1785218399999
1785218400000,0.13102,0.13145,0.13053,0.13053,38457.266518,1785225599999
1785225600000,0.13066,0.13066,0.12983,0.13057,41059.344813,1785232799999
1785232800000,0.13085,0.13155,0.13012,0.13025,83534.448653,1785239999999
1785240000000,0.12994,0.1306,0.12878,0.1288,75794.132817,1785247199999
1785247200000,0.12871,0.13173,0.12844,0.13173,38774.635314,1785254399999
1785254400000,0.13149,0.13149,0.12918,0.12918,43450.581394,1785261599999
1785261600000,0.12983,0.13043,0.12949,0.13027,35155.648621,1785268799999
1785268800000,0.13084,0.13084,0.13053,0.13084,2899.50143,1785275999999
1785276000000,0.13042,0.13042,0.12885,0.12908,19782.669269,1785283199999
1785283200000,0.12987,0.13041,0.12804,0.12804,64271.325069,1785290399999
1785290400000,0.12763,0.12831,0.12669,0.12672,125471.606846,1785297599999
1785297600000,0.12636,0.12831,0.12564,0.12811,183175.874806,1785304799999
1785304800000,0.12798,0.12833,0.12755,0.1283,22311.673911,1785311999999
1785312000000,0.12856,0.12863,0.12772,0.12812,23311.167736,1785319199999
1785319200000,0.12843,0.12843,0.1276,0.12839,51815.499123,1785326399999
1785326400000,0.12829,0.12862,0.1278,0.12817,53938.033526,1785333599999
1785333600000,0.12843,0.12843,0.12706,0.12706,50588.298598,1785340799999
1785340800000,0.12712,0.12712,0.12623,0.12681,28667.180388,1785347999999
1785348000000,0.12829,0.12901,0.12455,0.12478,70373.632802,1785355199999
1785355200000,0.12433,0.1251,0.12364,0.1243,96790.273277,1785362399999
1785362400000,0.12525,0.12563,0.12509,0.12563,33714.666297,1785369599999
1785369600000,0.12611,0.12724,0.12533,0.12724,93051.362625,1785376799999
1785376800000,0.12732,0.12793,0.12626,0.12626,34476.868071,1785383999999
1785384000000,0.12592,0.12592,0.12479,0.12524,68114.220527,1785391199999
1785391200000,0.12523,0.12587,0.12511,0.12514,29735.077857,1785398399999
1785398400000,0.12458,0.12478,0.12434,0.12476,36752.733003,1785405599999
1785405600000,0.12495,0.12518,0.12436,0.12518,57432.221805,1785412799999
1785412800000,0.12504,0.12535,0.12388,0.12497,88890.059846,1785419999999
1785420000000,0.12532,0.12596,0.12426,0.12427,29034.750593,1785427199999
1785427200000,0.12399,0.12501,0.12396,0.12501,47329.308527,1785434399999
1785434400000,0.12498,0.12554,0.1249,0.12554,18014.237605,1785441599999
1785441600000,0.12577,0.12623,0.12481,0.12558,37492.651848,1785448799999
1785448800000,0.12564,0.12607,0.12528,0.12528,31980.729644,1785455999999
1785456000000,0.12651,0.12651,0.1251,0.1254,71404.958952,1785463199999
1785463200000,0.12492,0.12492,0.1235,0.12471,62248.617081,1785470399999
1785470400000,0.12436,0.12436,0.12346,0.12382,41036.332322,1785477599999
1785477600000,0.12361,0.12408,0.12293,0.12384,56097.874155,1785484799999
1785484800000,0.12419,0.12455,0.12346,0.12401,84860.159744,1785491999999
1785492000000,0.12411,0.12436,0.12401,0.12401,59874.421374,1785499199999
1785499200000,0.124,0.1248,0.12362,0.12364,51061.396539,1785506399999
1785506400000,0.12306,0.12509,0.12197,0.12486,185323.979651,1785513599999
1785513600000,0.12507,0.12616,0.12429,0.12604,181185.357977,1785520799999
1785520800000,0.12607,0.12636,0.124,0.124,12488.521969,1785527999999
1785528000000,0.12424,0.12444,0.1236,0.1236,83541.095563,1785535199999
1785535200000,0.12371,0.12445,0.12355,0.12444,59997.235682,1785542399999
1785542400000,0.1247,0.12705,0.12458,0.12621,141262.221881,1785549599999
1785549600000,0.12608,0.1264,0.1257,0.12611,129481.612659,1785556799999
1785556800000,0.12647,0.12649,0.12565,0.12565,27742.617067,1785563999999
1785564000000,0.12542,0.12551,0.1246,0.12482,63977.346089,1785571199999
1785571200000,0.1244,0.1244,0.12309,0.12309,123415.926918,1785578399999
1785578400000,0.12301,0.12328,0.12236,0.1227,80153.560174,1785585599999
1785585600000,0.12286,0.12325,0.12279,0.12279,134537.557431,1785592799999
1785592800000,0.12248,0.12262,0.12224,0.12262,25531.279913,1785599999999
1785600000000,0.12261,0.12261,0.11968,0.11968,130301.786241,1785607199999
1785607200000,0.12011,0.12043,0.11859,0.11955,109546.897875,1785614399999
1785614400000,0.11932,0.11951,0.11855,0.11951,195348.943659,1785621599999
1785621600000,0.11951,0.11951,0.11759,0.11769,143159.644807,1785628799999
1785628800000,0.11757,0.11954,0.11757,0.11936,109863.734575,1785635999999
1785636000000,0.11969,0.1206,0.11942,0.12022,107585.864466,1785643199999
1785643200000,0.12035,0.12115,0.11997,0.12088,75337.436358,1785650399999
1785650400000,0.12095,0.12176,0.1206,0.12137,58523.68929,1785657599999
1785657600000,0.1216,0.1222,0.12093,0.122,100896.755838,1785664799999
1785664800000,0.12243,0.12243,0.12107,0.12107,78071.891816,1785671999999
1785672000000,0.12098,0.1217,0.12098,0.12147,129324.622195,1785679199999
1785679200000,0.1215,0.12187,0.12077,0.12095,45358.459866,1785686399999
1785686400000,0.12097,0.12161,0.12031,0.12161,60998.208406,1785693599999
1785693600000,0.12162,0.12266,0.12162,0.12198,48535.595871,1785700799999
1785700800000,0.12206,0.12363,0.12192,0.12327,80576.471513,1785707999999
1785708000000,0.12317,0.12336,0.12052,0.12053,102649.140357,1785715199999
1785715200000,0.12063,0.12063,0.11958,0.11983,62420.571739,1785722399999
1785722400000,0.11974,0.11976,0.11904,0.11951,41592.157477,1785729599999
1785729600000,0.11985,0.12,0.11952,0.11964,24068.434457,1785736799999
1785736800000,0.11984,0.11984,0.11881,0.11944,33985.053735,1785743999999
1785744000000,0.11922,0.11937,0.11862,0.11903,73544.183179,1785751199999
1785751200000,0.11934,0.11934,0.11884,0.11918,35734.637093,1785758399999
1785758400000,0.11922,0.11982,0.11883,0.11981,71320.325991,1785765599999
1785765600000,0.1205,0.1207,0.11993,0.11993,74331.362677,1785772799999
1785772800000,0.12009,0.12173,0.11954,0.1217,108888.121775,1785779999999
1785780000000,0.12164,0.12255,0.1216,0.12194,76103.021687,1785787199999
1785787200000,0.1227,0.12421,0.1227,0.12292,76102.104778,1785794399999
1785794400000,0.1228,0.1228,0.12124,0.12178,53630.153221,1785801599999
1785801600000,0.12221,0.12257,0.1214,0.12257,35406.989766,1785808799999
1785808800000,0.12284,0.12302,0.12212,0.12284,42371.802923,1785815999999
1785816000000,0.12285,0.12318,0.12266,0.12317,27954.661095,1785823199999
1785823200000,0.1233,0.12365,0.1222,0.12286,25413.120563,1785830399999
1785830400000,0.12254,0.12273,0.12215,0.12215,27552.509467,1785837599999
1785837600000,0.12197,0.12218,0.12143,0.12209,26723.452743,1785844799999
1785844800000,0.1218,0.12184,0.12113,0.12146,40761.677811,1785851999999
1785852000000,0.12123,0.12229,0.12031,0.12209,47850.27102,1785859199999
1785859200000,0.12176,0.12214,0.12044,0.12176,142698.215756,1785866399999
1785866400000,0.12195,0.12339,0.12195,0.12261,80082.769666,1785873599999
1785873600000,0.12262,0.12278,0.12205,0.12214,24158.950863,1785880799999
1785880800000,0.1221,0.1229,0.12139,0.1214,34548.575806,1785887999999
1785888000000,0.12129,0.12213,0.12121,0.12213,10255.648427,1785895199999
1785895200000,0.12234,0.12251,0.12208,0.12238,14041.439441,1785902399999
1785902400000,0.12209,0.12269,0.12209,0.12254,105512.642981,1785909599999
1785909600000,0.12251,0.12292,0.12198,0.12198,13155.487612,1785916799999
1785916800000,0.12235,0.12235,0.12154,0.12154,49540.150954,1785923999999
1785924000000,0.12115,0.12148,0.12115,0.12124,24905.770086,1785931199999
1785931200000,0.12079,0.12255,0.12079,0.12206,46242.117142,1785938399999
1785938400000,0.12241,0.12241,0.12111,0.12111,36971.886388,1785945599999
1785945600000,0.12103,0.12179,0.12096,0.12169,90151.283511,1785952799999
1785952800000,0.12166,0.12175,0.12135,0.12135,63865.957489,1785959999999
1785960000000,0.12121,0.12178,0.12104,0.12104,50971.351656,1785967199999
1785967200000,0.12157,0.12194,0.12138,0.12184,32716.311683,1785974399999
1785974400000,0.1217,0.12286,0.12151,0.12151,28594.835428,1785981599999
1785981600000,0.12142,0.12164,0.12112,0.12146,14496.818546,1785988799999
1785988800000,0.12114,0.1225,0.12108,0.12207,44886.829391,1785995999999
1785996000000,0.12195,0.12206,0.12165,0.12206,31606.164405,1786003199999
1786003200000,0.12193,0.12193,0.11993,0.12017,92938.912864,1786010399999
1786010400000,0.11977,0.12068,0.11955,0.12056,65690.107975,1786017599999
1786017600000,0.12035,0.12138,0.12013,0.12123,82550.341228,1786024799999
1786024800000,0.12116,0.12175,0.12077,0.12175,41712.976105,1786031999999
1786032000000,0.12147,0.12285,0.12147,0.12247,58377.92913,1786039199999
1786039200000,0.12242,0.12253,0.1209,0.12133,42126.366674,1786046399999
1786046400000,0.12125,0.12236,0.12098,0.12224,54515.760629,1786053599999
1786053600000,0.12201,0.12214,0.12123,0.12123,11092.350672,1786060799999
1786068000000,0.1215,0.12169,0.1215,0.12163,86065.468011,1786075199999
1786075200000,0.12063,0.12096,0.12051,0.12051,22990.496433,1786082399999
1786082400000,0.12104,0.12104,0.12021,0.12021,39338.53481,1786089599999
1786089600000,0.12036,0.12084,0.12031,0.12049,44086.575098,1786096799999
1786096800000,0.1203,0.12085,0.11993,0.12058,59332.52269,1786103999999
1786104000000,0.12099,0.12145,0.11943,0.12028,63030.497074,1786111199999
1786111200000,0.12023,0.12023,0.11849,0.11934,60829.067784,1786118399999
1786118400000,0.11976,0.11981,0.11832,0.1185,88162.04195,1786125599999
1786125600000,0.119,0.11914,0.11821,0.11914,68529.205823,1786132799999
1786132800000,0.11889,0.11889,0.11836,0.11836,56961.113607,1786139999999
1786140000000,0.11827,0.11931,0.11827,0.11931,60940.39921,1786147199999
1786147200000,0.11885,0.1201,0.11885,0.1201,100619.255953,1786154399999
1786154400000,0.12032,0.121,0.11973,0.12072,75504.424072,1786161599999
1786161600000,0.12137,0.12369,0.12134,0.12284,76675.08274,1786168799999
1786168800000,0.12285,0.12374,0.12249,0.12275,59662.53826,1786175999999
1786176000000,0.12297,0.12397,0.12261,0.12302,137522.533685,1786183199999
1786183200000,0.12319,0.1233,0.12279,0.12326,29591.310837,1786190399999
1786190400000,0.12328,0.12337,0.12258,0.12286,38108.538222,1786197599999
1786197600000,0.12322,0.12414,0.12316,0.12402,51756.869477,1786204799999
1786204800000,0.12413,0.12481,0.12365,0.12365,87881.148605,1786211999999
1786212000000,0.12351,0.12358,0.12295,0.12316,107007.03917,1786219199999
1786219200000,0.12315,0.12388,0.12315,0.12343,69803.307188,1786226399999
1786226400000,0.1234,0.1234,0.12286,0.12286,5129.322058,1786233599999
1786233600000,0.12306,0.12368,0.12244,0.12319,81497.447528,1786240799999
1786240800000,0.12325,0.12453,0.1231,0.12414,61356.039149,1786247999999
1786248000000,0.12409,0.12409,0.12326,0.12326,24057.134864,1786255199999
1786255200000,0.12348,0.12368,0.1232,0.12335,16774.372065,1786262399999
1786262400000,0.12362,0.12365,0.12324,0.12324,34458.527237,1786269599999
1786269600000,0.12353,0.12353,0.12233,0.12237,299878.710819,1786276799999
1786276800000,0.12232,0.12366,0.12222,0.12309,47832.04565,1786283999999
1786284000000,0.12344,0.12441,0.12322,0.12423,85120.220994,1786291199999
1786291200000,0.12452,0.12633,0.12452,0.12546,107564.622761,1786298399999
1786298400000,0.12556,0.12705,0.12504,0.127,57323.115488,1786305599999
1786305600000,0.12735,0.12735,0.12597,0.12664,45352.018894,1786312799999
1786312800000,0.12736,0.12737,0.12265,0.12289,57298.189876,1786319999999
1786320000000,0.12397,0.12433,0.12388,0.1243,7625.841534,1786327199999
1786327200000,0.12393,0.12393,0.12372,0.12372,5265.698045,1786334399999
1786334400000,0.12346,0.12419,0.12286,0.12419,27523.929695,1786341599999
1786341600000,0.12431,0.12439,0.12411,0.12439,7812.735628,1786348799999
1786348800000,0.12399,0.12482,0.12357,0.12403,101308.467411,1786355999999
1786356000000,0.12372,0.12476,0.12359,0.12476,22939.846334,1786363199999
1786363200000,0.12477,0.12485,0.12417,0.12417,25646.953871,1786370399999
1786370400000,0.12463,0.12479,0.12302,0.12365,23575.491199,1786377599999
1786377600000,0.12363,0.12464,0.12345,0.12429,36475.843422,1786384799999
1786384800000,0.12437,0.12493,0.12431,0.12478,14815.560131,1786391999999
1786392000000,0.12374,0.12374,0.12293,0.12312,2019.1391,1786399199999
1786399200000,0.12286,0.12325,0.121,0.12158,101566.87331,1786406399999
1786406400000,0.12164,0.12269,0.12164,0.12263,20780.819795,1786413599999
1786413600000,0.12321,0.12321,0.12258,0.12258,3149.606336,1786420799999
1786420800000,0.12234,0.1226,0.12192,0.1226,52554.787792,1786427999999
1786428000000,0.12296,0.12306,0.12176,0.12176,13354.604037,1786435199999
1786435200000,0.12157,0.12261,0.12151,0.12258,30042.804224,1786442399999
1786442400000,0.12221,0.1229,0.1221,0.12284,17274.147975,1786449599999
1786449600000,0.12303,0.12303,0.12051,0.12051,11281.805884,1786456799999
1786456800000,0.12078,0.12114,0.11895,0.11924,33225.119491,1786463999999
1786464000000,0.11969,0.12089,0.11955,0.12089,34065.45809,1786471199999
1786471200000,0.12113,0.12118,0.12048,0.12115,11908.147391,1786478399999
1786478400000,0.12226,0.12244,0.12174,0.12174,6281.614613,1786485599999
1786485600000,0.122,0.122,0.12146,0.12165,22261.665531,1786492799999
1786492800000,0.12146,0.12182,0.12135,0.12182,13724.892808,1786499999999
1786500000000,0.1219,0.12191,0.12164,0.12174,19057.656466,1786507199999
1786507200000,0.12157,0.1217,0.12087,0.12127,83913.022308,1786514399999
1786514400000,0.12092,0.12092,0.11966,0.12014,33686.91628,1786521599999
1786521600000,0.12022,0.121,0.12002,0.121,14520.559935,1786528799999
1786528800000,0.1211,0.12125,0.12023,0.12114,25471.557486,1786535999999
1786536000000,0.12116,0.12193,0.12079,0.12169,80359.587133,1786543199999
1786543200000,0.12123,0.12123,0.11955,0.12048,21786.819213,1786550399999
1786550400000,0.12065,0.12159,0.12065,0.12156,13154.351362,1786557599999
1786557600000,0.12138,0.12149,0.12083,0.12125,20044.47128,1786564799999
1786564800000,0.12164,0.12194,0.11584,0.11664,314746.809456,1786571999999
1786572000000,0.11656,0.11813,0.11567,0.11787,48101.924665,1786579199999
1786579200000,0.11768,0.11808,0.11699,0.11734,29002.894665,1786586399999
1786586400000,0.11715,0.11883,0.11715,0.11883,3618.822615,1786593599999
1786593600000,0.11949,0.12069,0.11949,0.12069,65421.519487,1786600799999
1786600800000,0.12034,0.12087,0.12003,0.12003,86042.258844,1786607999999
1786608000000,0.12004,0.12007,0.11958,0.12007,17708.31231,1786615199999
1786615200000,0.12046,0.12047,0.12025,0.1203,32167.420653,1786622399999
1786622400000,0.12024,0.12057,0.11994,0.12017,45928.900902,1786629599999
1786629600000,0.12018,0.1209,0.1196,0.11966,54479.377442,1786636799999
1786636800000,0.1193,0.1193,0.11809,0.11885,21353.598637,1786643999999
1786644000000,0.11858,0.11861,0.11829,0.11861,7090.868807,1786651199999
1786651200000,0.11848,0.11879,0.11815,0.11879,8864.575669,1786658399999
1786658400000,0.1186,0.11891,0.1186,0.11869,7849.853266,1786665599999
1786665600000,0.11853,0.11897,0.11845,0.11884,17013.418942,1786672799999
1786672800000,0.1186,0.11868,0.11825,0.11841,7027.308975,1786679999999
1786680000000,0.11886,0.11886,0.11826,0.11826,1040.669372,1786687199999
1786687200000,0.11828,0.11828,0.11664,0.11717,56718.264083,1786694399999
1786694400000,0.11706,0.11769,0.11652,0.11652,20400.135844,1786701599999
1786701600000,0.11626,0.11671,0.11617,0.11623,10452.69306,1786708799999
1786708800000,0.11619,0.11724,0.11597,0.11718,9166.266005,1786715999999
1786716000000,0.11715,0.11805,0.11676,0.118,77595.907426,1786723199999
1786723200000,0.11824,0.11886,0.11765,0.11875,45190.804204,1786730399999
1786730400000,0.11796,0.11796,0.11762,0.11762,846.485443,1786737599999
1786737600000,0.11803,0.11826,0.11802,0.11805,19798.06562,1786744799999
1786744800000,0.11914,0.11966,0.11912,0.11962,4186.008343,1786751999999
1786752000000,0.11978,0.12013,0.11945,0.11945,22663.672053,1786759199999
1786759200000,0.11992,0.11992,0.11992,0.11992,1166.666666,1786766399999
1786766400000,0.11983,0.11983,0.11936,0.11936,750.376682,1786773599999
1786773600000,0.11928,0.12195,0.11915,0.11965,73584.583738,1786780799999
1786780800000,0.11974,0.11984,0.11947,0.11953,41371.306817,1786787999999
1786788000000,0.11957,0.11964,0.11911,0.11911,23417.478792,1786795199999
1786795200000,0.11877,0.11878,0.11813,0.11813,21422.136917,1786802399999
1786802400000,0.11861,0.11886,0.11856,0.11883,17316.443775,1786809599999
1786809600000,0.11879,0.11879,0.11839,0.11872,13936.057456,1786816799999
1786816800000,0.11871,0.11873,0.11859,0.11861,2997.045995,1786823999999
1786824000000,0.11841,0.11841,0.1182,0.11841,27375.638906,1786831199999
1786831200000,0.11825,0.11841,0.11728,0.11734,32025.462289,1786838399999
1786838400000,0.1174,0.11781,0.11723,0.11725,13836.53202,1786845599999
1786845600000,0.11727,0.11774,0.11722,0.11774,5513.439216,1786852799999
1786852800000,0.11772,0.11789,0.11761,0.11761,6362.698693,1786859999999
1786860000000,0.11779,0.1181,0.11762,0.1181,11414.995526,1786867199999
1786867200000,0.11854,0.11862,0.1182,0.11826,29193.605131,1786874399999
1786874400000,0.11806,0.11866,0.11806,0.11841,4625.870426,1786881599999
1786881600000,0.11828,0.11894,0.11828,0.11881,14153.386191,1786888799999
1786888800000,0.11898,0.11942,0.11898,0.11937,12097.041389,1786895999999
