openTime,open,high,low,close,volume,closeTime
1764835200000,0.0043887,0.0043887,0.0043887,0.0043887,151.401,1764849599999
1764849600000,0.0043241,0.0043631,0.00426,0.0042731,745352.323,1764863999999
1764864000000,0.0042601,0.0042604,0.0041551,0.0041551,621986.552,1764878399999
1764878400000,0.0042389,0.004239,0.0041758,0.0042243,660469.696,1764892799999
1764907200000,0.00426,0.00426,0.004155,0.0042389,782815.934,1764921599999
1764921600000,0.0041652,0.004197,0.0041445,0.0041445,522187.893,1764935999999
1764936000000,0.0041351,0.0044507,0.0041351,0.0044506,1583724.572,1764950399999
1764950400000,0.004389,0.0055,0.004389,0.0049699,5.4344020254E7,1764964799999
1764964800000,0.0050105,0.0056989,0.0046969,0.0053195,3.650656176799999E7,1764979199999
1764979200000,0.0052419,0.0053653,0.0048,0.0048353,1.2641988146E7,1764993599999
1764993600000,0.0048567,0.0050491,0.0046981,0.0049816,6358968.349,1765007999999
1765008000000,0.0048058,0.0049756,0.0044989,0.0045001,5100891.446,1765022399999
1765022400000,0.0045451,0.0046449,0.0044446,0.0046449,3724425.464,1765036799999
1765036800000,0.0045053,0.004542,0.0043601,0.004412,7361823.947,1765051199999
1765051200000,0.004405,0.0046898,0.0043518,0.0044,5997434.156,1765065599999
1765065600000,0.0044779,0.0044779,0.004368,0.0044236,722895.82,1765079999999
1765080000000,0.0044339,0.0053,0.0044339,0.0048236,9319285.266,1765094399999
1765094400000,0.004912,0.0055999,0.004912,0.0054482,1.3878710477E7,1765108799999
1765108800000,0.0054482,0.005482,0.0048903,0.0051921,9658646.476,1765123199999
1765123200000,0.00522,0.0067226,0.0050306,0.006,2.5286084538E7,1765137599999
1765137600000,0.0059076,0.0060999,0.0052055,0.0052991,3.4641222611E7,1765151999999
1765152000000,0.0054739,0.0066,0.0051674,0.00602,1.3842085306E7,1765166399999
1765166400000,0.0060999,0.0066,0.00555,0.006271,1.2768256267E7,1765180799999
1765180800000,0.0061193,0.0065999,0.0057629,0.0060001,1.9132544293E7,1765195199999
1765195200000,0.00603,0.00675,0.00581,0.0062957,3.2872629384E7,1765209599999
1765209600000,0.0062413,0.0063267,0.005433,0.0056004,1.8811807094E7,1765223999999
1765224000000,0.0055552,0.0056499,0.0053608,0.0054529,1.0128186889E7,1765238399999
1765238400000,0.00542,0.0055918,0.0053156,0.0055918,2121748.284,1765252799999
1765252800000,0.0055788,0.0056,0.0053156,0.0054187,5152864.948,1765267199999
1765267200000,0.005395,0.0056,0.0053,0.005416,6293516.058,1765281599999
1765281600000,0.0054391,0.0056,0.0052139,0.0054183,1.0225852859E7,1765295999999
1765296000000,0.0054183,0.005693,0.0053557,0.0054963,9345888.559,1765310399999
1765310400000,0.0054449,0.0055782,0.005343,0.0053912,1760961.076,1765324799999
1765324800000,0.0053846,0.0053846,0.0053846,0.0053846,14141.129,1765339199999
1765339200000,0.0054101,0.0054134,0.005336,0.00535,669177.363,1765353599999
1765353600000,0.00535,0.00535,0.0051395,0.0051396,2631207.848,1765367999999
1765368000000,0.00514,0.0053179,0.0050001,0.0051577,5621948.864,1765382399999
1765382400000,0.0051684,0.0052,0.005,0.005074,2342673.676,1765396799999
1765396800000,0.0050122,0.005097,0.0048001,0.004956,2637591.011,1765411199999
1765411200000,0.0049969,0.005174,0.0048949,0.0048949,2116883.656,1765425599999
1765425600000,0.0049061,0.0049816,0.0048363,0.0048363,444316.749,1765439999999
1765440000000,0.0048691,0.0048924,0.0047771,0.0048924,1822064.673,1765454399999
1765454400000,0.0048925,0.0049481,0.004802,0.004802,1255434.523,1765468799999
1765468800000,0.0048029,0.0048513,0.004755,0.00481,1391166.011,1765483199999
1765483200000,0.00485,0.0049595,0.00485,0.0049462,732391.344,1765497599999
1765497600000,0.0048961,0.004903,0.0048742,0.004903,343259.268,1765511999999
1765512000000,0.0048741,0.0048848,0.004874,0.004874,175412.671,1765526399999
1765526400000,0.004849,0.0050171,0.0048291,0.00492,757213.69,1765540799999
1765540800000,0.004899,0.0049584,0.0047425,0.0047963,2374674.144,1765555199999
1765555200000,0.004778,0.0048499,0.004755,0.00478,300842.994,1765569599999
1765569600000,0.0047918,0.0047919,0.0046195,0.0047332,952411.714,1765583999999
1765584000000,0.0047309,0.004778,0.004696,0.00473,128459.795,1765598399999
1765598400000,0.0047018,0.004802,0.0047018,0.00478,573735.418,1765612799999
1765612800000,0.0047279,0.0047819,0.0047071,0.0047819,436754.96,1765627199999
1765627200000,0.004735,0.0047984,0.004684,0.004728,897187.402,1765641599999
1765641600000,0.004707,0.0047628,0.0046136,0.0046469,615719.804,1765655999999
1765656000000,0.00468,0.00468,0.0046028,0.0046397,358316.388,1765670399999
1765670400000,0.004639,0.004639,0.004639,0.004639,1073.507,1765684799999
1765684800000,0.00464,0.0047854,0.00464,0.004684,938620.744,1765699199999
1765699200000,0.00466,0.0046652,0.0045107,0.0045107,927515.305,1765713599999
1765713600000,0.0045195,0.004614,0.004513,0.004614,417754.091,1765727999999
1765728000000,0.0045461,0.0045461,0.004523,0.0045231,958721.227,1765742399999
1765742400000,0.004523,0.0045832,0.0045107,0.0045107,108717.93,1765756799999
1765756800000,0.0045578,0.004637,0.0045578,0.0045732,446162.382,1765771199999
1765771200000,0.0045682,0.004683,0.0045682,0.004683,449843.124,1765785599999
1765785600000,0.004629,0.0050574,0.004629,0.0049001,7062555.818,1765799999999
1765800000000,0.0049162,0.005025,0.0045231,0.0045231,1.3069928314E7,1765814399999
1765814400000,0.0046103,0.004614,0.004311,0.00443,2044096.015,1765828799999
1765828800000,0.0044136,0.0045209,0.0043167,0.004499,1476138.728,1765843199999
1765843200000,0.0044302,0.0044435,0.0044136,0.0044435,119665.215,1765857599999
1765857600000,0.0044777,0.0044777,0.00436,0.0043706,1728714.45,1765871999999
1765872000000,0.004369,0.004521,0.0043668,0.0044321,1270818.853,1765886399999
1765886400000,0.0044321,0.0048589,0.004389,0.0045718,4113197.302,1765900799999
1765900800000,0.0045201,0.004602,0.0044851,0.0045541,1340046.888,1765915199999
1765915200000,0.0045899,0.004665,0.004477,0.0045425,847722.461,1765929599999
1765929600000,0.004566,0.00465,0.0045214,0.0046499,943530.56,1765943999999
1765944000000,0.0046499,0.0046499,0.0044999,0.0045013,382947.45,1765958399999
1765958400000,0.004505,0.0045889,0.00445,0.004467,1413171.695,1765972799999
1765972800000,0.0044683,0.004589,0.004454,0.004454,1016965.351,1765987199999
1765987200000,0.00447,0.00447,0.0042921,0.0042921,816201.342,1766001599999
1766001600000,0.0042921,0.004411,0.0042673,0.0042673,803563.479,1766015999999
1766016000000,0.00423,0.0043448,0.00423,0.004301,138400.827,1766030399999
1766030400000,0.0043229,0.0045633,0.0042905,0.0045175,2266870.558,1766044799999
1766044800000,0.0043672,0.0045175,0.0042715,0.0044048,1820374.746,1766059199999
1766059200000,0.004367,0.0044329,0.004346,0.0044022,551366.98,1766073599999
1766073600000,0.0044328,0.004433,0.0042398,0.0042398,901152.135,1766087999999
1766088000000,0.0042699,0.0043147,0.0042105,0.0042185,624780.96,1766102399999
1766102400000,0.0042804,0.004389,0.0042804,0.0043671,610376.076,1766116799999
1766116800000,0.004411,0.0045001,0.0043461,0.0045001,264059.986,1766131199999
1766131200000,0.0044471,0.0044471,0.004367,0.0044075,105149.714,1766145599999
1766145600000,0.0043816,0.0044685,0.004367,0.00445,119683.582,1766159999999
1766160000000,0.00445,0.0045175,0.0043672,0.0045055,1333014.002,1766174399999
1766174400000,0.0045522,0.0046,0.0044987,0.0045,1013327.148,1766188799999
1766188800000,0.0044951,0.0044951,0.0044951,0.0044951,8653.0,1766203199999
1766203200000,0.0045003,0.0046549,0.0044552,0.0044552,444695.926,1766217599999
1766217600000,0.0045003,0.0045341,0.0045003,0.0045341,138047.492,1766231999999
1766232000000,0.004515,0.0046,0.004477,0.0045409,600142.227,1766246399999
1766246400000,0.0045505,0.0045505,0.004477,0.0044947,103850.242,1766260799999
1766260800000,0.004477,0.004477,0.004455,0.004455,138824.538,1766275199999
1766275200000,0.0044679,0.00463,0.0044679,0.0044772,319008.714,1766289599999
1766289600000,0.0044774,0.0045149,0.004477,0.0045149,66254.826,1766303999999
1766318400000,0.004522,0.00475,0.0044526,0.0044526,4538156.324,1766332799999
1766332800000,0.004433,0.00445,0.0043891,0.0043973,398304.275,1766347199999
1766347200000,0.0044703,0.0046494,0.0044111,0.0045575,1239392.796,1766361599999
1766361600000,0.004575,0.005,0.004477,0.0047183,2303512.561,1766375999999
1766376000000,0.0046426,0.0046986,0.0045915,0.004613,623485.926,1766390399999
1766390400000,0.0045982,0.0047475,0.0045851,0.0046424,1413932.844,1766404799999
1766404800000,0.0046999,0.0046999,0.0045053,0.0045168,1411039.314,1766419199999
1766419200000,0.0045894,0.0045894,0.004512,0.0045142,188951.593,1766433599999
1766433600000,0.00451,0.0047,0.0044571,0.0045542,2039324.88,1766447999999
1766448000000,0.0045681,0.0045685,0.0045278,0.0045278,438170.32,1766462399999
1766462400000,0.00457,0.0046499,0.004499,0.004499,167858.143,1766476799999
1766476800000,0.0044846,0.0044971,0.00446,0.0044971,117065.635,1766491199999
1766491200000,0.0045063,0.0046198,0.0044599,0.004477,619396.87,1766505599999
1766505600000,0.00448,0.0045276,0.004433,0.004433,621083.758,1766519999999
1766520000000,0.004433,0.004433,0.004433,0.004433,5506.53,1766534399999
1766534400000,0.0044568,0.0044568,0.004433,0.004433,74962.963,1766548799999
1766548800000,0.0044638,0.004481,0.0044538,0.0044538,55810.868,1766563199999
1766563200000,0.0044331,0.0044435,0.0043101,0.0044435,1601031.089,1766577599999
1766577600000,0.00445,0.004522,0.004411,0.004411,1074740.978,1766591999999
1766592000000,0.0043891,0.0043891,0.0043418,0.004367,362816.556,1766606399999
1766606400000,0.004389,0.004389,0.0043032,0.0043889,237909.258,1766620799999
1766635200000,0.0043592,0.0043592,0.0043592,0.0043592,3450.175,1766649599999
1766649600000,0.0043843,0.0044548,0.0043843,0.0044548,699263.185,1766663999999
1766664000000,0.00445,0.00504,0.0044012,0.0049258,4170639.215,1766678399999
1766678400000,0.0049365,0.0052999,0.004624,0.0047232,2.156757489399999E7,1766692799999
1766692800000,0.0047669,0.0047818,0.0046407,0.0046419,2622309.432,1766707199999
1766707200000,0.0047533,0.0047817,0.0046254,0.0046909,536910.091,1766721599999
1766721600000,0.0047041,0.0047681,0.004691,0.0047433,251806.201,1766735999999
1766736000000,0.0046634,0.0047817,0.0046,0.0046466,1879915.165,1766750399999
1766750400000,0.0046452,0.0046795,0.004544,0.004544,547664.064,1766764799999
1766764800000,0.0045838,0.0046048,0.0044801,0.004531,1654383.403,1766779199999
1766779200000,0.0045418,0.004569,0.004499,0.0045123,550797.182,1766793599999
1766793600000,0.0045073,0.0045543,0.004499,0.0044991,1142844.375,1766807999999
1766808000000,0.004499,0.0045658,0.004477,0.0045658,632345.867,1766822399999
1766822400000,0.0045615,0.0045658,0.0045,0.0045,2012820.503,1766836799999
1766836800000,0.004556,0.004636,0.0045046,0.004544,758818.875,1766851199999
1766851200000,0.0045674,0.0046272,0.0045,0.004587,5070430.943,1766865599999
1766865600000,0.0044991,0.00454,0.0044787,0.0044787,1143286.412,1766879999999
1766880000000,0.0044787,0.0044787,0.004455,0.004455,336910.549,1766894399999
1766894400000,0.0045143,0.0045143,0.004433,0.004433,246160.229,1766908799999
1766908800000,0.0044557,0.004499,0.0044251,0.004499,838133.446,1766923199999
1766923200000,0.004499,0.004499,0.00448,0.0044801,171655.11,1766937599999
1766937600000,0.00448,0.0047699,0.0044401,0.0044401,4556909.172,1766951999999
1766952000000,0.0044733,0.004544,0.00444,0.00444,848623.919,1766966399999
1766966400000,0.00444,0.004455,0.0044,0.004455,721041.241,1766980799999
1766980800000,0.0044766,0.0044766,0.0044289,0.0044406,462067.909,1766995199999
1766995200000,0.0044769,0.004522,0.0044,0.0044,846522.014,1767009599999
1767009600000,0.0044103,0.0044232,0.0042658,0.0043564,1781834.476,1767023999999
1767024000000,0.0043462,0.0043462,0.0041232,0.0042999,3702985.344,1767038399999
1767038400000,0.0042949,0.0043229,0.004217,0.004217,1103893.905,1767052799999
1767052800000,0.0042298,0.004301,0.0041802,0.0041802,403917.782,1767067199999
1767067200000,0.0042168,0.004259,0.004155,0.0041727,1006682.592,1767081599999
1767081600000,0.0042176,0.00428,0.0041,0.0042628,1240094.795,1767095999999
1767096000000,0.0042226,0.0042226,0.0041756,0.0042092,859554.075,1767110399999
1767110400000,0.0041801,0.0042086,0.0041514,0.0041613,84721.108,1767124799999
1767124800000,0.0041917,0.0042388,0.0041901,0.0041901,122142.154,1767139199999
1767139200000,0.0042311,0.0042311,0.0041993,0.0041993,128480.295,1767153599999
1767153600000,0.004188,0.0042542,0.0041001,0.0041001,342465.888,1767167999999
1767168000000,0.0041246,0.0042067,0.0041196,0.0041744,383195.905,1767182399999
1767182400000,0.004152,0.004524,0.0041194,0.0041199,7127391.993,1767196799999
1767196800000,0.0041223,0.0041634,0.0040717,0.0040717,2623746.956,1767211199999
1767211200000,0.0041035,0.004105,0.0041035,0.004105,376150.872,1767225599999
1767254400000,0.0040674,0.0041323,0.00404,0.0040701,89364.858,1767268799999
1767268800000,0.0040792,0.0041806,0.0039202,0.0041547,1131029.577,1767283199999
1767283200000,0.0041842,0.0042975,0.0041302,0.004218,2194067.482,1767297599999
1767297600000,0.0042844,0.004388,0.0041896,0.0042788,1548932.912,1767311999999
1767312000000,0.0041856,0.0042485,0.0041211,0.0042485,127273.634,1767326399999
1767326400000,0.0041962,0.0042646,0.0041962,0.0042646,79427.655,1767340799999
1767340800000,0.0042738,0.0043975,0.0040793,0.00432,3489266.841,1767355199999
1767355200000,0.004328,0.0044199,0.0041444,0.004259,4585402.228,1767369599999
1767369600000,0.0043324,0.0044392,0.0043074,0.0043318,282210.11,1767383999999
1767384000000,0.0042866,0.0044467,0.0042466,0.0043702,296029.77,1767398399999
1767398400000,0.0043998,0.0044021,0.0043215,0.0044,282907.712,1767412799999
1767412800000,0.0044,0.00442,0.0043555,0.0044169,420703.528,1767427199999
1767427200000,0.0044072,0.0045,0.0044072,0.0045,789329.851,1767441599999
1767441600000,0.0044994,0.0046339,0.0043555,0.0046339,697696.527,1767455999999
1767456000000,0.0044986,0.004634,0.0044928,0.0046255,5115818.876,1767470399999
1767470400000,0.0046583,0.0046583,0.00447,0.0045743,2406843.696,1767484799999
1767484800000,0.0045381,0.0046424,0.0045203,0.0045907,802874.948,1767499199999
1767499200000,0.0045673,0.0045696,0.0045,0.0045,463818.991,1767513599999
1767513600000,0.0045552,0.0047023,0.0045069,0.00458,774316.397,1767527999999
1767528000000,0.00458,0.0046517,0.00458,0.00458,906152.303,1767542399999
1767542400000,0.0045987,0.0047001,0.0045801,0.0046976,1226997.055,1767556799999
1767556800000,0.0046429,0.0046888,0.0045962,0.0045965,330759.755,1767571199999
1767571200000,0.004615,0.0053999,0.0045966,0.0051799,5536653.981,1767585599999
1767585600000,0.0050365,0.0050365,0.0047552,0.0048413,2330431.777,1767599999999
1767600000000,0.0047664,0.0050999,0.004665,0.00486,3859976.312,1767614399999
1767614400000,0.00486,0.0049198,0.0047467,0.00479,2280445.012,1767628799999
1767628800000,0.0047884,0.0048999,0.0046877,0.00479,2004193.943,1767643199999
1767643200000,0.0048803,0.0054596,0.0048256,0.0051705,8055516.095,1767657599999
1767657600000,0.005108,0.00526,0.0048679,0.0050638,2870115.585,1767671999999
1767672000000,0.005059,0.005398,0.0049458,0.0052609,2932280.473,1767686399999
1767686400000,0.0053063,0.006636,0.0051822,0.006098,5.072912963500001E7,1767700799999
1767700800000,0.006098,0.006342,0.0055342,0.0056144,1.652963497E7,1767715199999
1767715200000,0.0056278,0.0057905,0.0052858,0.0055935,1.7454068682E7,1767729599999
1767729600000,0.0055899,0.00565,0.0054045,0.0055181,5572072.998,1767743999999
1767744000000,0.0054221,0.0054222,0.00515,0.0052809,2262313.079,1767758399999
1767758400000,0.0053211,0.0054463,0.0051911,0.0053607,1278686.766,1767772799999
1767772800000,0.0053606,0.00538,0.0049255,0.0052215,8282851.47,1767787199999
1767787200000,0.005261,0.005297,0.0049,0.0049934,6748692.274,1767801599999
1767801600000,0.0049934,0.005202,0.0049934,0.0050455,6535777.368,1767815999999
1767816000000,0.00506,0.0050836,0.0050113,0.0050498,627568.89,1767830399999
1767830400000,0.0050201,0.005026,0.0049244,0.0049244,481716.285,1767844799999
1767844800000,0.0050126,0.0050661,0.0048861,0.0049336,2255046.331,1767859199999
1767859200000,0.0048918,0.0049548,0.0047634,0.0047974,616757.45,1767873599999
1767873600000,0.0047577,0.0048601,0.0047337,0.0048291,826549.535,1767887999999
1767888000000,0.0048291,0.005181,0.0048183,0.0049261,3688219.36,1767902399999
1767902400000,0.0048683,0.005056,0.0048683,0.005056,305425.289,1767916799999
1767916800000,0.0048959,0.0049421,0.0048959,0.0049216,186980.32,1767931199999
1767931200000,0.0049746,0.0051212,0.004956,0.004956,108034.477,1767945599999
1767945600000,0.0049171,0.00506,0.0048174,0.0049855,407476.242,1767959999999
1767960000000,0.0049855,0.0054658,0.0049001,0.0049983,1.603172727999999E7,1767974399999
1767974400000,0.0050285,0.0050677,0.0049,0.0049419,2168610.927,1767988799999
1767988800000,0.0049117,0.0050135,0.0049,0.005,990096.338,1768003199999
1768003200000,0.0050135,0.0051168,0.0049122,0.0049122,5029923.856,1768017599999
1768017600000,0.0049214,0.0050131,0.004805,0.0049117,739741.029,1768031999999
1768032000000,0.0049014,0.004935,0.004805,0.0049,1175211.928,1768046399999
1768046400000,0.0049,0.0049,0.00486,0.0049,308705.984,1768060799999
1768060800000,0.0048915,0.0049,0.00487,0.0049,3837280.29,1768075199999
1768075200000,0.00487,0.0048999,0.00487,0.00487,100006.136,1768089599999
1768089600000,0.0048722,0.0048722,0.0048722,0.0048722,19075.899,1768103999999
1768104000000,0.0048999,0.0048999,0.00487,0.00487,2862.195,1768118399999
1768118400000,0.0048989,0.0049497,0.004876,0.0048943,508409.277,1768132799999
1768132800000,0.004871,0.0048901,0.004871,0.00489,435375.499,1768147199999
1768147200000,0.0049299,0.0051,0.00489,0.00489,5843735.526,1768161599999
1768161600000,0.00489,0.0050796,0.00489,0.0049353,501943.012,1768175999999
1768190400000,0.0050082,0.0052,0.0049001,0.0049001,1951715.441,1768204799999
1768204800000,0.00497,0.00497,0.0049001,0.0049001,927781.767,1768219199999
1768219200000,0.0049196,0.0049784,0.0049013,0.0049784,240583.74,1768233599999
1768233600000,0.004943,0.00498,0.004911,0.0049315,942128.554,1768247999999
1768248000000,0.004911,0.00497,0.0049004,0.00497,1111118.256,1768262399999
1768262400000,0.0049765,0.0049765,0.0049,0.0049,1006773.484,1768276799999
1768276800000,0.0049421,0.00497,0.004893,0.00497,770608.553,1768291199999
1768291200000,0.0049799,0.0049799,0.0049001,0.0049433,456691.135,1768305599999
1768305600000,0.0049506,0.0050913,0.0049506,0.0050913,1411404.497,1768319999999
1768320000000,0.0050079,0.005217,0.0050079,0.0050767,4026998.498,1768334399999
1768334400000,0.005099,0.0052545,0.0049198,0.0051494,2384423.102,1768348799999
1768363200000,0.005107,0.0052,0.0050776,0.0050776,377895.809,1768377599999
1768377600000,0.0051731,0.0051982,0.0051,0.0051,194210.324,1768391999999
1768392000000,0.0050784,0.0051317,0.0050646,0.0051228,303881.87,1768406399999
1768406400000,0.0050944,0.0051751,0.0050944,0.0050968,244624.631,1768420799999
1768420800000,0.0051047,0.005108,0.0050366,0.0050366,904874.715,1768435199999
1768435200000,0.0050061,0.0050061,0.0049996,0.005,26035.639,1768449599999
1768449600000,0.0049486,0.0050137,0.0049301,0.0050113,261567.331,1768463999999
1768464000000,0.0049821,0.0049863,0.0049816,0.0049816,41832.554,1768478399999
1768478400000,0.0049782,0.0049807,0.004978,0.004978,220436.283,1768492799999
1768492800000,0.0049607,0.0050272,0.0049301,0.0049992,488550.933,1768507199999
1768507200000,0.004929,0.0050109,0.0049289,0.0049808,391235.13,1768521599999
1768536000000,0.0049766,0.004977,0.004945,0.004945,137796.475,1768550399999
1768550400000,0.0049878,0.0049878,0.004945,0.004945,128847.293,1768564799999
1768564800000,0.0049701,0.0050558,0.0048901,0.0049241,562344.438,1768579199999
1768579200000,0.0048904,0.0049001,0.0048903,0.0049001,50829.54,1768593599999
1768593600000,0.0049001,0.0049724,0.0049,0.0049724,306610.838,1768607999999
1768608000000,0.0049225,0.0049753,0.0049084,0.004912,377535.425,1768622399999
1768622400000,0.0050484,0.0051136,0.0049,0.0049437,482335.137,1768636799999
1768636800000,0.005018,0.005143,0.0049252,0.0049688,561543.805,1768651199999
1768651200000,0.005035,0.0050969,0.0050012,0.0050336,51747.044,1768665599999
1768665600000,0.00514,0.00518,0.0050242,0.0051129,699034.814,1768679999999
1768680000000,0.005145,0.0051486,0.0049627,0.0049627,141506.596,1768694399999
1768708800000,0.0049459,0.0049526,0.00489,0.0049501,468635.535,1768723199999
1768723200000,0.0049501,0.0049773,0.00489,0.0049189,129928.794,1768737599999
1768737600000,0.004931,0.005,0.004931,0.005,87787.06,1768751999999
1768752000000,0.0049668,0.0049668,0.0049514,0.0049514,602339.664,1768766399999
1768766400000,0.0049524,0.004995,0.00492,0.0049342,445890.184,1768780799999
1768780800000,0.004965,0.005025,0.0047859,0.0047859,6047198.177,1768795199999
1768795200000,0.0047607,0.0048419,0.0046166,0.0046573,924877.24,1768809599999
1768809600000,0.0047177,0.004719,0.0045708,0.0045708,4910890.238,1768823999999
1768824000000,0.0045708,0.004695,0.0045478,0.0046198,560156.218,1768838399999
1768838400000,0.004599,0.0046198,0.00455,0.004555,1474313.324,1768852799999
1768852800000,0.0045999,0.004711,0.004555,0.0047109,2211867.92,1768867199999
1768881600000,0.0046465,0.0046465,0.00453,0.00453,770183.448,1768895999999
1768896000000,0.00453,0.00453,0.0043666,0.0043666,659008.843,1768910399999
1768910400000,0.0043667,0.0048125,0.0043004,0.004406,2348688.927,1768924799999
1768924800000,0.0044061,0.0044314,0.0042601,0.0044009,1196896.148,1768939199999
1768939200000,0.0043886,0.0044327,0.0043666,0.0043878,1685918.823,1768953599999
1768953600000,0.0044328,0.004495,0.0044328,0.004495,78310.918,1768967999999
1768968000000,0.0044186,0.0044667,0.0044186,0.0044667,6528.837,1768982399999
1768982400000,0.0044562,0.0045717,0.0044185,0.0044186,131450.196,1768996799999
1768996800000,0.0044186,0.0045444,0.0043148,0.0045099,542265.744,1769011199999
1769011200000,0.0044556,0.0045305,0.0044041,0.00453,760092.964,1769025599999
1769025600000,0.0045581,0.0046047,0.0044405,0.0044999,2448306.827,1769039999999
1769054400000,0.0044428,0.0056662,0.0043915,0.0050732,3.1167625522E7,1769068799999
1769068800000,0.005081,0.0051526,0.004672,0.0048724,1.6760068539E7,1769083199999
1769083200000,0.0048723,0.00506,0.0047287,0.0047288,3778389.698,1769097599999
1769097600000,0.0047287,0.0047711,0.0046555,0.004714,1787334.787,1769111999999
1769112000000,0.0046556,0.0047535,0.0046041,0.0046387,1326596.064,1769126399999
1769126400000,0.0046317,0.00471,0.0046317,0.00471,90433.809,1769140799999
1769140800000,0.004665,0.0047738,0.0046042,0.0046322,336062.265,1769155199999
1769155200000,0.004645,0.0046564,0.0045876,0.00463,989009.145,1769169599999
1769169600000,0.0045919,0.0049625,0.0045877,0.0047175,2173418.175,1769183999999
1769184000000,0.0047598,0.0050224,0.004705,0.0047964,6744245.171,1769198399999
1769198400000,0.0047965,0.0048197,0.004705,0.004705,2999014.518,1769212799999
1769212800000,0.0047051,0.004797,0.0046285,0.0047174,693024.874,1769227199999
1769227200000,0.0046519,0.004723,0.0046285,0.0047052,402314.84,1769241599999
1769241600000,0.0047,0.0048109,0.0046285,0.0046285,395257.52,1769255999999
1769256000000,0.0047196,0.0047363,0.004612,0.004612,244017.914,1769270399999
1769270400000,0.0046,0.0047834,0.0045976,0.0045976,537508.166,1769284799999
1769284800000,0.0046353,0.0046856,0.004592,0.004592,1284598.579,1769299199999
1769299200000,0.00458,0.00458,0.00458,0.00458,10945.415,1769313599999
1769313600000,0.0045801,0.0045801,0.0045,0.004575,1049934.16,1769327999999
1769328000000,0.0045724,0.0046684,0.0045674,0.0045728,420848.655,1769342399999
1769342400000,0.00461,0.0050219,0.0045225,0.00459,5292121.576,1769356799999
1769356800000,0.0045436,0.0046849,0.0045,0.0045,4530362.845,1769371199999
1769371200000,0.0045,0.0045523,0.0044102,0.0044631,621972.898,1769385599999
1769385600000,0.0045041,0.0045041,0.004504,0.004504,56440.241,1769399999999
1769400000000,0.004547,0.004547,0.0044102,0.0044102,73359.677,1769414399999
1769414400000,0.0045144,0.0045907,0.0045058,0.0045599,293339.451,1769428799999
1769428800000,0.0045059,0.00458,0.0045,0.0045,2472599.957,1769443199999
1769443200000,0.0045437,0.0045568,0.0045,0.00452,418012.697,1769457599999
1769457600000,0.0045543,0.0045802,0.0045495,0.0045802,237758.687,1769471999999
1769472000000,0.0045499,0.0045877,0.0045437,0.0045807,990208.404,1769486399999
1769486400000,0.0046,0.0046,0.004583,0.004583,395864.331,1769500799999
1769500800000,0.0045606,0.0046981,0.00456,0.00456,641244.115,1769515199999
1769515200000,0.0045601,0.0052311,0.0045201,0.0049009,1.6469788505E7,1769529599999
1769529600000,0.0047352,0.0049184,0.0045502,0.0046458,1.1947953757E7,1769543999999
1769544000000,0.0047071,0.00483,0.0046001,0.0047264,3051011.641,1769558399999
1769558400000,0.0047052,0.0047052,0.00465,0.00465,390694.475,1769572799999
1769572800000,0.0046307,0.0048221,0.0046307,0.0047493,2337696.506,1769587199999
1769587200000,0.0047734,0.0048601,0.004733,0.0047432,1121222.604,1769601599999
1769601600000,0.0047831,0.0048373,0.0046259,0.004823,3131154.769,1769615999999
1769616000000,0.0048178,0.0048178,0.0047627,0.0047744,212012.611,1769630399999
1769630400000,0.0048075,0.0048485,0.0047534,0.0047754,708242.143,1769644799999
1769644800000,0.0048078,0.0048078,0.0046264,0.0046264,2126844.942,1769659199999
1769659200000,0.0046143,0.004667,0.0046,0.0046134,497749.384,1769673599999
1769673600000,0.0046629,0.0046824,0.00462,0.00462,510249.308,1769687999999
1769688000000,0.0046384,0.0046391,0.0045,0.0045,3079543.647,1769702399999
1769702400000,0.0045,0.0045551,0.004406,0.004459,2503772.526,1769716799999
1769716800000,0.0044249,0.0044671,0.0044249,0.0044671,42772.398,1769731199999
1769731200000,0.0044495,0.0044495,0.00434,0.0043415,931639.151,1769745599999
1769745600000,0.0043613,0.0044,0.0043,0.0043258,1376457.294,1769759999999
1769760000000,0.0043483,0.00436,0.0042602,0.0042602,265749.735,1769774399999
1769774400000,0.00441,0.0044957,0.0043341,0.0043342,496860.012,1769788799999
1769788800000,0.0044278,0.0044278,0.004334,0.004334,53854.299,1769803199999
1769803200000,0.0044306,0.0044377,0.0043241,0.0043823,374136.074,1769817599999
1769817600000,0.0043393,0.00443,0.0043071,0.00443,205850.356,1769831999999
1769832000000,0.004322,0.0043221,0.004322,0.0043221,36371.591,1769846399999
1769846400000,0.0042981,0.0042982,0.0042932,0.0042956,559631.079,1769860799999
1769860800000,0.0042961,0.0043171,0.0042506,0.0042506,1837791.441,1769875199999
1769875200000,0.0042506,0.0042506,0.00393,0.0041605,3834129.179,1769889599999
1769889600000,0.0040408,0.004166,0.0040408,0.0041284,558552.18,1769903999999
1769904000000,0.0041658,0.0041868,0.0041195,0.0041195,117036.54,1769918399999
1769918400000,0.0042075,0.0042075,0.0042075,0.0042075,26386.144,1769932799999
1769932800000,0.0040848,0.0041452,0.004032,0.0040501,423809.236,1769947199999
1769947200000,0.0040546,0.0041452,0.004,0.004,961361.311,1769961599999
1769961600000,0.0040049,0.004086,0.0039098,0.0040308,1039992.169,1769975999999
1769976000000,0.00399,0.00399,0.0039644,0.0039707,513711.861,1769990399999
1769990400000,0.0040634,0.0040735,0.0039644,0.0039644,289683.736,1770004799999
1770004800000,0.0039,0.0039356,0.0038728,0.0039032,779952.099,1770019199999
1770019200000,0.0039436,0.0041703,0.0039436,0.0040249,2156239.441,1770033599999
1770033600000,0.0040084,0.004232,0.0040084,0.004232,111016.646,1770047999999
1770048000000,0.004232,0.00425,0.0041797,0.0041797,1379805.606,1770062399999
1770062400000,0.0041615,0.0041617,0.0041615,0.0041615,254094.114,1770076799999
1770076800000,0.0041269,0.0041269,0.0041201,0.0041201,26676.512,1770091199999
1770091200000,0.0041201,0.0042039,0.0041123,0.0041123,473471.613,1770105599999
1770105600000,0.0041002,0.004141,0.0041001,0.0041001,200896.027,1770119999999
1770120000000,0.0041,0.0041398,0.0040842,0.0041398,548574.753,1770134399999
1770134400000,0.0041433,0.0041433,0.00385,0.0040433,1562584.919,1770148799999
1770148800000,0.0040427,0.0041299,0.00401,0.00401,676924.33,1770163199999
1770163200000,0.0040274,0.0040274,0.0040042,0.0040042,31999.403,1770177599999
1770177600000,0.004098,0.0041247,0.0040371,0.0040371,40415.083,1770191999999
1770192000000,0.0041021,0.00422,0.004035,0.00405,1991965.615,1770206399999
1770206400000,0.0040501,0.0040501,0.00395,0.00395,853125.373,1770220799999
1770220800000,0.00395,0.0040004,0.003925,0.0040004,563376.718,1770235199999
1770235200000,0.0039251,0.0039251,0.0038,0.0038534,932490.512,1770249599999
1770249600000,0.0039258,0.0039259,0.0039258,0.0039259,392590.906,1770263999999
1770264000000,0.0038266,0.0038299,0.0037477,0.0038296,376679.587,1770278399999
1770278400000,0.00383,0.0039046,0.00375,0.00375,1003745.061,1770292799999
1770292800000,0.0037362,0.0038093,0.0036086,0.0036339,764762.514,1770307199999
1770307200000,0.0035972,0.0037709,0.0033941,0.0034482,2809136.828,1770321599999
1770321600000,0.0034302,0.0035368,0.0032928,0.0032928,2535491.257,1770335999999
1770336000000,0.00333,0.0035303,0.0032526,0.003395,4309770.929,1770350399999
1770350400000,0.0033301,0.0035099,0.00333,0.003359,926289.131,1770364799999
1770364800000,0.0033471,0.0035696,0.0033457,0.0035696,2506515.076,1770379199999
1770379200000,0.003532,0.0041,0.00345,0.003687,2176150.979,1770393599999
1770393600000,0.0036785,0.00402,0.0036785,0.0037,4005332.259,1770407999999
1770408000000,0.003825,0.0038909,0.003713,0.00377,798129.045,1770422399999
1770422400000,0.00375,0.0038229,0.0037375,0.0038229,281638.061,1770436799999
1770436800000,0.003805,0.003823,0.0036789,0.0037206,3518039.731,1770451199999
1770451200000,0.0037087,0.0037709,0.0036063,0.0036387,536563.326,1770465599999
1770465600000,0.0036446,0.0037897,0.0036017,0.0036785,690909.592,1770479999999
1770480000000,0.0036676,0.0039178,0.0036676,0.0038,2649267.753,1770494399999
1770494400000,0.00379,0.00382,0.0037593,0.0037702,1360153.609,1770508799999
1770508800000,0.0037457,0.0037457,0.0037,0.0037281,287886.862,1770523199999
1770523200000,0.0037651,0.0037651,0.00373,0.00373,15271.522,1770537599999
1770537600000,0.003744,0.0038415,0.00373,0.0038415,1550290.418,1770551999999
1770552000000,0.00385,0.00385,0.003751,0.003751,529465.298,1770566399999
1770566400000,0.0037512,0.00385,0.0037001,0.0037001,1873382.942,1770580799999
1770580800000,0.0037184,0.0037495,0.0037,0.0037,384285.582,1770595199999
1770595200000,0.0037001,0.0037001,0.0036998,0.0036998,294316.223,1770609599999
1770609600000,0.0037011,0.0037083,0.0036973,0.0036973,174590.731,1770623999999
1770624000000,0.0036789,0.0036789,0.0035595,0.0035595,3432115.807,1770638399999
1770638400000,0.0036414,0.0040746,0.0035418,0.0037841,8977527.975,1770652799999
1770652800000,0.00379,0.003876,0.0036973,0.0036973,2522763.481,1770667199999
1770667200000,0.0038536,0.0038761,0.00375,0.00375,1446689.44,1770681599999
1770681600000,0.0037375,0.0037375,0.0036776,0.0036776,229205.735,1770695999999
1770696000000,0.003698,0.0038134,0.0036227,0.0036973,1404609.259,1770710399999
1770710400000,0.0037209,0.0037209,0.0035812,0.0036642,590249.837,1770724799999
1770724800000,0.0036589,0.0037133,0.0036063,0.0036063,267249.436,1770739199999
1770739200000,0.0036923,0.0036989,0.00357,0.00357,204023.597,1770753599999
1770753600000,0.0036248,0.0036591,0.00357,0.00357,1693199.724,1770767999999
1770768000000,0.0036811,0.0036815,0.0036811,0.0036815,33580.473,1770782399999
1770782400000,0.0036284,0.0037149,0.0035633,0.0036062,963929.828,1770796799999
1770796800000,0.0036062,0.0036256,0.0035593,0.0035864,958105.871,1770811199999
1770811200000,0.0036058,0.0036767,0.0036051,0.0036314,476480.95,1770825599999
1770825600000,0.0036286,0.0037149,0.0035308,0.0035308,249447.321,1770839999999
1770840000000,0.0035677,0.00361,0.0035677,0.00361,2163768.551,1770854399999
1770868800000,0.00365,0.00365,0.00365,0.00365,374865.753,1770883199999
1770883200000,0.0036326,0.0036594,0.0035103,0.0036594,1647880.188,1770897599999
1770897600000,0.0036554,0.00367,0.0036432,0.00367,1172281.598,1770911999999
1770912000000,0.0036189,0.0036189,0.0036096,0.0036096,396334.258,1770926399999
1770926400000,0.0036215,0.0036522,0.0035764,0.0035764,134216.039,1770940799999
1770940800000,0.0036153,0.0036162,0.0035616,0.0035616,6271.931,1770955199999
1770955200000,0.0035592,0.0035592,0.0035523,0.0035547,115129.481,1770969599999
1770969600000,0.0035814,0.0035814,0.0035814,0.0035814,13924.722,1770983999999
1770984000000,0.0035759,0.0036963,0.0035523,0.0036963,138299.197,1770998399999
1770998400000,0.0036963,0.0037149,0.0036462,0.0037149,1269540.091,1771012799999
1771027200000,0.0036886,0.0036886,0.0036886,0.0036886,2711.055,1771041599999
1771041600000,0.0037333,0.0037335,0.0037333,0.0037335,13356.1,1771055999999
1771056000000,0.0036862,0.0037521,0.0035961,0.0036606,193476.837,1771070399999
1771070400000,0.0037664,0.0037683,0.0036856,0.0036856,48153.569,1771084799999
1771084800000,0.00375,0.0037604,0.0036856,0.0037,193777.554,1771099199999
1771099200000,0.0037603,0.0038428,0.0037603,0.0038428,2892804.28,1771113599999
1771113600000,0.0038488,0.0041199,0.0037901,0.0038201,6599587.977,1771127999999
1771128000000,0.0038411,0.0039491,0.0038205,0.0038901,70801.511,1771142399999
1771142400000,0.0039195,0.0040199,0.0038125,0.0038125,6334959.505,1771156799999
1771156800000,0.0038589,0.003974,0.0038505,0.0038505,1385648.682,1771171199999
1771171200000,0.00382,0.0038348,0.0037857,0.0037857,575395.863,1771185599999
1771185600000,0.0037528,0.0037903,0.0037528,0.0037903,19676.689,1771199999999
1771200000000,0.003816,0.003816,0.003816,0.003816,13102.726,1771214399999
1771214400000,0.0037525,0.0037525,0.0037158,0.0037158,27425.947,1771228799999
1771228800000,0.003816,0.00395,0.003815,0.0038255,716726.291,1771243199999
1771243200000,0.0038256,0.0038799,0.0038,0.0038,293478.004,1771257599999
1771257600000,0.0037716,0.0038,0.003745,0.00376,1083894.482,1771271999999
1771272000000,0.0037583,0.0038087,0.003668,0.0037158,1573000.128,1771286399999
1771300800000,0.00384,0.00384,0.00384,0.00384,627604.166,1771315199999
1771315200000,0.003875,0.003884,0.0038749,0.003884,578019.08,1771329599999
1771329600000,0.0037901,0.00388,0.0037698,0.00388,723804.668,1771343999999
1771344000000,0.003739,0.003744,0.003739,0.003744,102497.028,1771358399999
1771358400000,0.003795,0.003795,0.0037394,0.0037394,1414550.726,1771372799999
1771372800000,0.003739,0.003739,0.0037196,0.0037196,156130.77,1771387199999
1771387200000,0.0037158,0.0037158,0.0037158,0.0037158,14539.727,1771401599999
1771401600000,0.0037158,0.00374,0.0037101,0.0037101,152381.062,1771415999999
1771416000000,0.00371,0.0037254,0.0036973,0.0037254,214638.376,1771430399999
1771430400000,0.0037401,0.0037423,0.003732,0.003732,226322.824,1771444799999
1771444800000,0.003699,0.0037209,0.00362,0.00362,495996.921,1771459199999
1771459200000,0.0036444,0.0036499,0.0036374,0.0036489,102363.438,1771473599999
1771473600000,0.0036307,0.0036459,0.0036307,0.0036459,15144.85,1771487999999
1771488000000,0.0036258,0.0036258,0.0035832,0.0035885,915463.703,1771502399999
1771502400000,0.0035833,0.0036005,0.0035832,0.0035832,52441.378,1771516799999
1771516800000,0.0035832,0.0036279,0.0035832,0.0036279,238548.301,1771531199999
1771531200000,0.0036124,0.0036589,0.0036067,0.0036067,108745.823,1771545599999
1771545600000,0.0036379,0.0036379,0.0036111,0.0036112,241351.175,1771559999999
1771560000000,0.0036097,0.0038087,0.0036097,0.0036853,981468.482,1771574399999
1771574400000,0.0036607,0.0036998,0.00363,0.00363,70945.071,1771588799999
1771588800000,0.0036243,0.0036243,0.0035392,0.0035392,141132.393,1771603199999
1771632000000,0.0036211,0.0036211,0.0036211,0.0036211,6923.311,1771646399999
1771646400000,0.0035174,0.0035174,0.0035174,0.0035174,60228.563,1771660799999
1771660800000,0.0035971,0.0036497,0.0035341,0.0036497,1626746.922,1771675199999
1771675200000,0.0036287,0.00388,0.0036266,0.0036424,4981163.524,1771689599999
1771689600000,0.0036243,0.0036491,0.0036075,0.0036333,112241.221,1771703999999
1771704000000,0.0036411,0.0037148,0.0036083,0.0036083,270859.425,1771718399999
1771718400000,0.0036311,0.0036311,0.0035897,0.0036051,483583.886,1771732799999
1771747200000,0.0036082,0.0036082,0.0035812,0.0035812,142730.83,1771761599999
1771761600000,0.0036125,0.003622,0.0035636,0.0035636,927735.12,1771775999999
1771804800000,0.0035637,0.0035637,0.0034132,0.0034132,3936097.647,1771819199999
1771819200000,0.003449,0.003449,0.0034215,0.0034417,150866.238,1771833599999
1771833600000,0.0035073,0.0035073,0.0034626,0.003465,72134.367,1771847999999
1771848000000,0.003511,0.003511,0.0034,0.0034,78072.417,1771862399999
1771862400000,0.0034522,0.0034522,0.0033611,0.0034323,65361.351,1771876799999
1771876800000,0.0034664,0.0034868,0.0034254,0.0034254,164159.021,1771891199999
1771905600000,0.0034136,0.0034136,0.0034136,0.0034136,2929.458,1771919999999
1771920000000,0.0033694,0.0033962,0.0033425,0.0033909,2709746.588,1771934399999
1771934400000,0.0033526,0.003752,0.0033526,0.0036433,4197506.067,1771948799999
1771948800000,0.0037477,0.0038,0.0033797,0.0033918,8886353.325,1771963199999
1771963200000,0.0034533,0.0034533,0.0033605,0.0033781,683969.681,1771977599999
1771977600000,0.0033604,0.0033889,0.0033333,0.0033888,425403.728,1771991999999
1771992000000,0.0034517,0.0034517,0.0034242,0.0034242,180593.64,1772006399999
1772006400000,0.0034182,0.0035209,0.0034182,0.0034507,463873.382,1772020799999
1772020800000,0.0034259,0.0035242,0.0034259,0.0035242,497488.349,1772035199999
1772035200000,0.0035793,0.0036824,0.0035793,0.003623,2027482.583,1772049599999
1772049600000,0.0036131,0.0037,0.0035618,0.0035764,1674075.519,1772063999999
1772064000000,0.003595,0.0036056,0.0035905,0.003601,401637.396,1772078399999
1772078400000,0.0036005,0.0036201,0.0035863,0.0036201,967249.415,1772092799999
1772092800000,0.0035522,0.0036201,0.00355,0.00355,1454835.89,1772107199999
1772107200000,0.0035844,0.0035895,0.0034572,0.0034572,2455543.8,1772121599999
1772121600000,0.0034644,0.00362,0.0034254,0.0035199,1922777.965,1772135999999
1772136000000,0.003471,0.003471,0.003471,0.003471,2832.466,1772150399999
1772150400000,0.0034914,0.00362,0.0034914,0.0035,194078.402,1772164799999
1772164800000,0.0035298,0.0035299,0.0035298,0.0035299,37718.657,1772179199999
1772179200000,0.0035145,0.0035497,0.0034851,0.00351,601434.328,1772193599999
1772193600000,0.003455,0.003455,0.0033662,0.0033928,632197.558,1772207999999
1772208000000,0.003421,0.003421,0.003355,0.0034006,89528.787,1772222399999
1772222400000,0.0033987,0.0034644,0.0033987,0.0034644,241256.964,1772236799999
1772236800000,0.0034644,0.0034644,0.0034644,0.0034644,10000.0,1772251199999
1772251200000,0.0034019,0.0034019,0.0033463,0.0033596,102387.679,1772265599999
1772265600000,0.0033413,0.0033455,0.0033,0.0033455,2141527.27,1772279999999
1772280000000,0.0033401,0.0036345,0.00334,0.003472,3170641.097,1772294399999
1772294400000,0.0035101,0.0035999,0.0033297,0.0035038,4481118.565,1772308799999
1772308800000,0.0035241,0.0036,0.0034138,0.0035534,1653459.939,1772323199999
1772323200000,0.0035119,0.0036,0.0035104,0.0035812,725487.136,1772337599999
1772337600000,0.0035335,0.0035538,0.0035333,0.0035538,106924.358,1772351999999
1772352000000,0.0035807,0.003599,0.0035324,0.003599,107846.889,1772366399999
1772366400000,0.0035201,0.0035609,0.00352,0.0035203,550291.139,1772380799999
1772380800000,0.0035366,0.0035366,0.003463,0.0034951,1295152.884,1772395199999
1772395200000,0.0034879,0.0034912,0.0034309,0.003475,254388.49,1772409599999
1772409600000,0.0034949,0.003495,0.0034949,0.003495,253160.671,1772423999999
1772424000000,0.00354,0.00354,0.0035341,0.0035341,107472.276,1772438399999
1772438400000,0.0035,0.0035401,0.003469,0.0035401,339047.755,1772452799999
1772452800000,0.0035402,0.0036909,0.0035075,0.0036908,1092710.75,1772467199999
1772467200000,0.0036492,0.0036973,0.0035987,0.0036306,817430.971,1772481599999
1772481600000,0.0036203,0.0036203,0.0036203,0.0036203,7384.237,1772495999999
1772510400000,0.0035417,0.0035417,0.003492,0.003492,802088.183,1772524799999
1772524800000,0.0035847,0.0035847,0.003492,0.0035223,506058.664,1772539199999
1772539200000,0.0035037,0.0035298,0.0035037,0.0035298,48547.855,1772553599999
1772553600000,0.00353,0.0035767,0.00353,0.0035767,393994.742,1772567999999
1772568000000,0.0035573,0.0035573,0.0035573,0.0035573,28066.23,1772582399999
1772582400000,0.0035424,0.0035424,0.0035424,0.0035424,1405.826,1772596799999
1772596800000,0.0035117,0.0035117,0.0035116,0.0035116,28066.23,1772611199999
1772611200000,0.0035129,0.0036446,0.0034818,0.0036012,3229419.39,1772625599999
1772625600000,0.0036275,0.0036285,0.0036275,0.0036285,2985092.102,1772639999999
1772640000000,0.0036285,0.00371,0.003607,0.00371,2364959.902,1772654399999
1772654400000,0.003692,0.0037,0.00363,0.00363,286643.336,1772668799999
1772668800000,0.0036,0.0036321,0.0035093,0.0035401,1479267.558,1772683199999
1772683200000,0.0035912,0.0036054,0.0035665,0.0036053,110304.01,1772697599999
1772697600000,0.0035775,0.0036415,0.003575,0.0036415,145489.087,1772711999999
1772712000000,0.0036387,0.003972,0.0035885,0.003627,3482446.111,1772726399999
1772726400000,0.0036064,0.0036414,0.0035651,0.0036306,520127.308,1772740799999
1772740800000,0.0036389,0.0036389,0.0035754,0.0035754,97468.79,1772755199999
1772769600000,0.0036001,0.0036001,0.0035793,0.0035841,52809.034,1772783999999
1772784000000,0.0036265,0.0036265,0.003565,0.003565,251790.393,1772798399999
1772798400000,0.00357,0.00357,0.00347,0.00347,3446776.94,1772812799999
1772812800000,0.0034702,0.0034702,0.0034244,0.0034332,1881742.645,1772827199999
1772827200000,0.003439,0.0035697,0.0034001,0.0035297,1406647.901,1772841599999
1772841600000,0.0034841,0.0034841,0.003448,0.0034662,726379.241,1772855999999
1772856000000,0.0034419,0.0034419,0.0034402,0.0034402,143523.201,1772870399999
1772870400000,0.0034695,0.0034695,0.00346,0.00346,194890.035,1772884799999
1772884800000,0.0034645,0.0035697,0.0034558,0.0035697,197130.995,1772899199999
1772899200000,0.0035113,0.0035113,0.0034636,0.0034636,177257.182,1772913599999
1772928000000,0.0034483,0.0034483,0.0034483,0.0034483,0.347,1772942399999
1772942400000,0.003448,0.003448,0.003448,0.003448,26102.0,1772956799999
1772956800000,0.003432,0.0034779,0.003432,0.0034779,2866.709,1772971199999
1772985600000,0.0034308,0.0034308,0.00338,0.0034226,234132.464,1772999999999
1773000000000,0.0034213,0.0034579,0.0034213,0.0034579,361164.383,1773014399999
1773014400000,0.0034644,0.0034817,0.0034644,0.0034817,51300.0,1773028799999
1773028800000,0.0034679,0.0034679,0.0034679,0.0034679,14455.435,1773043199999
1773043200000,0.0034772,0.0035,0.0034772,0.0035,113088.044,1773057599999
1773057600000,0.0035119,0.0035519,0.0035119,0.0035519,161239.339,1773071999999
1773072000000,0.0035652,0.0036549,0.0034189,0.0036549,3371240.323,1773086399999
1773115200000,0.0035514,0.00362,0.0035514,0.00362,398324.711,1773129599999
1773129600000,0.0035389,0.0036054,0.0034653,0.0034653,692582.631,1773143999999
1773144000000,0.0035517,0.0035519,0.0035517,0.0035518,72371.961,1773158399999
1773158400000,0.0035517,0.0035517,0.0035517,0.0035517,126692.867,1773172799999
1773172800000,0.0034976,0.0034976,0.0034701,0.0034701,127989.554,1773187199999
1773187200000,0.00347,0.00347,0.00347,0.00347,20172.911,1773201599999
1773201600000,0.0034633,0.0034744,0.0034633,0.0034744,36626.313,1773215999999
1773216000000,0.0034481,0.0034641,0.0034309,0.00344,75624.916,1773230399999
1773230400000,0.003534,0.003534,0.0034857,0.0034857,227843.886,1773244799999
1773244800000,0.0034729,0.0034966,0.0034729,0.0034966,39618.949,1773259199999
1773259200000,0.0034789,0.0034991,0.0033968,0.0034605,551109.537,1773273599999
1773273600000,0.0034799,0.0034799,0.00346,0.00346,31718.44,1773287999999
1773288000000,0.00346,0.00348,0.00346,0.00346,313584.139,1773302399999
1773302400000,0.0034948,0.0036342,0.003484,0.003519,1709678.982,1773316799999
1773316800000,0.003519,0.003556,0.0035159,0.0035159,362509.747,1773331199999
1773331200000,0.0035229,0.003535,0.0034138,0.0034671,2546694.357,1773345599999
1773345600000,0.0034961,0.0035519,0.0034457,0.0035519,402731.336,1773359999999
1773360000000,0.0034947,0.0035519,0.0034655,0.0035519,525988.817,1773374399999
1773374400000,0.0034655,0.003566,0.0034655,0.003566,30464.346,1773388799999
1773388800000,0.0035083,0.0035697,0.0035016,0.0035016,577605.951,1773403199999
1773403200000,0.0035899,0.0036177,0.003523,0.003592,1831592.65,1773417599999
1773417600000,0.0035551,0.0035604,0.0035378,0.0035379,986025.202,1773431999999
1773432000000,0.0035003,0.0035219,0.0035,0.0035216,480664.664,1773446399999
1773446400000,0.0035003,0.003516,0.003362,0.0033964,3018855.803,1773460799999
1773460800000,0.0034001,0.0034379,0.0034001,0.0034379,283136.057,1773475199999
1773475200000,0.0034379,0.0034381,0.0034101,0.0034264,926274.489,1773489599999
1773489600000,0.0034472,0.0034472,0.0034472,0.0034472,25842.0,1773503999999
1773504000000,0.0034643,0.0034644,0.0034643,0.0034644,70947.703,1773518399999
1773518400000,0.00345,0.00345,0.00345,0.00345,14492.754,1773532799999
1773532800000,0.0034525,0.0034817,0.0034525,0.0034817,2521.387,1773547199999
1773547200000,0.003445,0.003445,0.003445,0.003445,98354.931,1773561599999
1773561600000,0.0034817,0.0035328,0.0034524,0.0034524,395084.257,1773575999999
1773576000000,0.0035327,0.0037176,0.0035035,0.003545,3916952.351,1773590399999
1773590400000,0.0035321,0.0035519,0.00341,0.0035034,2181197.741,1773604799999
1773604800000,0.0035128,0.0035128,0.0035128,0.0035128,2983.568,1773619199999
1773619200000,0.0035365,0.0036262,0.0035329,0.003533,159252.398,1773633599999
1773633600000,0.0035734,0.003665,0.00353,0.0035533,248176.739,1773647999999
1773648000000,0.0035988,0.0036098,0.0035517,0.0035517,79338.106,1773662399999
1773662400000,0.0035685,0.0036132,0.0035303,0.0035356,412673.934,1773676799999
1773676800000,0.0035212,0.0035693,0.0035,0.0035285,1110272.734,1773691199999
1773691200000,0.0035422,0.0035751,0.0035245,0.0035245,991341.014,1773705599999
1773705600000,0.0035261,0.0035764,0.00351,0.0035174,920684.989,1773719999999
1773720000000,0.0035279,0.003653,0.0035147,0.0035148,1603368.975,1773734399999
1773734400000,0.0035282,0.0035282,0.0035,0.0035099,673185.239,1773748799999
1773748800000,0.0035,0.0035008,0.0034827,0.0035008,564463.091,1773763199999
1773763200000,0.0034903,0.0034991,0.0033937,0.0034991,1920292.337,1773777599999
1773777600000,0.0034427,0.0035459,0.0034427,0.0035459,302546.793,1773791999999
1773792000000,0.0034911,0.0034911,0.003491,0.003491,25301.708,1773806399999
1773806400000,0.0035,0.0035163,0.0035,0.0035163,44391.877,1773820799999
1773820800000,0.0035002,0.0035002,0.0035,0.0035,19708.582,1773835199999
1773835200000,0.0034765,0.0034765,0.0034765,0.0034765,7179.635,1773849599999
1773849600000,0.0034482,0.003465,0.0034481,0.003465,64105.126,1773863999999
1773864000000,0.0034649,0.0035038,0.0034308,0.0035038,250172.576,1773878399999
1773878400000,0.0034591,0.0034591,0.0034213,0.0034213,14611.616,1773892799999
1773892800000,0.0034213,0.0034887,0.0034076,0.0034887,382432.319,1773907199999
1773921600000,0.0034581,0.0034581,0.0033168,0.0034008,504112.984,1773935999999
1773936000000,0.0033993,0.0034129,0.0033993,0.0034129,174340.239,1773950399999
1773950400000,0.0034024,0.0034024,0.0034024,0.0034024,0.01,1773964799999
1773979200000,0.0034,0.0034,0.0034,0.0034,3955.808,1773993599999
1773993600000,0.0033839,0.003459,0.0033839,0.0034409,383463.941,1774007999999
1774022400000,0.0034,0.0034123,0.0034,0.0034,49734.266,1774036799999
1774036800000,0.0034002,0.0034442,0.0034,0.0034442,112874.452,1774051199999
1774065600000,0.0034295,0.003451,0.0034018,0.003433,144482.492,1774079999999
1774080000000,0.0034183,0.0034184,0.0034,0.0034,583240.98,1774094399999
1774094400000,0.0034001,0.0034225,0.0034001,0.0034225,267612.071,1774108799999
1774123200000,0.0034012,0.0034012,0.0034,0.0034,1082790.211,1774137599999
1774137600000,0.003382,0.003382,0.0033463,0.0033463,145297.378,1774151999999
1774166400000,0.0033681,0.0033681,0.0033464,0.0033464,3560.041,1774180799999
1774180800000,0.0033464,0.0033467,0.0033463,0.0033463,42132.173,1774195199999
1774195200000,0.0033463,0.0033959,0.0033094,0.0033094,330839.654,1774209599999
1774209600000,0.0033094,0.0033094,0.0032801,0.0032801,1002183.732,1774223999999
1774224000000,0.003317,0.003317,0.0032829,0.0032829,271401.868,1774238399999
1774238400000,0.0033336,0.0033336,0.0033009,0.0033009,15052.093,1774252799999
1774252800000,0.0033444,0.0033789,0.0033441,0.0033648,279149.355,1774267199999
1774267200000,0.0033648,0.0033925,0.0033648,0.0033648,544432.709,1774281599999
1774281600000,0.0033649,0.0033649,0.00335,0.00335,425092.574,1774295999999
1774296000000,0.0033233,0.0033659,0.0033232,0.0033291,90966.009,1774310399999
1774310400000,0.0033248,0.0033248,0.0033248,0.0033248,5465.346,1774324799999
1774324800000,0.0033202,0.0033622,0.0032394,0.0033622,1200399.846,1774339199999
1774339200000,0.0033733,0.0033785,0.0032828,0.0033785,173026.704,1774353599999
1774353600000,0.0033652,0.0033653,0.003285,0.0033152,171256.445,1774367999999
1774368000000,0.0033153,0.0033477,0.0033153,0.0033477,402923.598,1774382399999
1774382400000,0.0033005,0.00337,0.0033005,0.0033026,42272.534,1774396799999
1774411200000,0.0033209,0.0033238,0.0033209,0.0033238,36093.263,1774425599999
1774425600000,0.0033601,0.0033935,0.0033584,0.0033754,557648.52,1774439999999
1774440000000,0.0033701,0.0033959,0.0033701,0.0033959,1999928.618,1774454399999
1774454400000,0.0033958,0.0034128,0.0033765,0.00339,691111.001,1774468799999
1774468800000,0.0033898,0.0033898,0.00336,0.00336,78069.921,1774483199999
1774497600000,0.00337,0.00337,0.00336,0.00336,1310969.934,1774511999999
1774512000000,0.0033245,0.0033245,0.0033143,0.0033143,77831.902,1774526399999
1774526400000,0.0033558,0.0033558,0.0033162,0.0033162,53080.409,1774540799999
1774540800000,0.0033131,0.0033131,0.0033131,0.0033131,27165.0,1774555199999
1774555200000,0.0033507,0.0033508,0.003311,0.0033309,347502.932,1774569599999
1774569600000,0.0033111,0.0033111,0.0033111,0.0033111,14921.81,1774583999999
1774584000000,0.0033641,0.0033641,0.0033641,0.0033641,54956.749,1774598399999
1774598400000,0.0033165,0.0033165,0.00325,0.00325,372967.835,1774612799999
1774612800000,0.00325,0.0032833,0.0032,0.0032669,236276.825,1774627199999
1774627200000,0.0032295,0.0032618,0.0031466,0.0031466,723503.187,1774641599999
1774641600000,0.00323,0.00323,0.00323,0.00323,132706.306,1774655999999
1774656000000,0.0032532,0.0032657,0.0032532,0.0032657,129650.721,1774670399999
1774670400000,0.0032781,0.0032781,0.0032781,0.0032781,1519.172,1774684799999
1774684800000,0.0032589,0.0032589,0.0032588,0.0032588,106223.832,1774699199999
1774699200000,0.0032793,0.0032938,0.0031755,0.0032738,2977420.374,1774713599999
1774713600000,0.0032704,0.0032704,0.0032704,0.0032704,0.016,1774727999999
1774728000000,0.0032605,0.0032605,0.0032605,0.0032605,31907.039,1774742399999
1774742400000,0.0032672,0.0032672,0.0032672,0.0032672,14410.47,1774756799999
1774785600000,0.0032331,0.0032492,0.003233,0.003233,445207.006,1774799999999
1774800000000,0.0032331,0.0032331,0.0032331,0.0032331,1861.991,1774814399999
1774814400000,0.0032887,0.0033123,0.003225,0.003225,1118472.221,1774828799999
1774828800000,0.0032154,0.0032154,0.0031438,0.0031477,228004.287,1774843199999
1774843200000,0.0031412,0.0031776,0.0031065,0.0031776,966662.178,1774857599999
1774857600000,0.0031986,0.0032468,0.0031986,0.0032468,150146.471,1774871999999
1774872000000,0.0032469,0.0034709,0.003234,0.003234,1253711.484,1774886399999
1774886400000,0.0033,0.0033,0.00314,0.00314,2891318.574,1774900799999
1774900800000,0.00314,0.0031622,0.003135,0.0031619,1915834.36,1774915199999
1774915200000,0.0031382,0.0031596,0.0031382,0.0031484,274926.16,1774929599999
1774929600000,0.0031483,0.0031527,0.0031483,0.0031527,650417.815,1774943999999
1774944000000,0.0032105,0.003373,0.0032105,0.0033716,729105.606,1774958399999
1774958400000,0.0032518,0.0032518,0.0031835,0.0031835,390279.513,1774972799999
1774972800000,0.0031773,0.0032406,0.0031363,0.0032406,917719.047,1774987199999
1774987200000,0.0031667,0.0031721,0.0031331,0.0031698,645261.519,1775001599999
1775001600000,0.0031721,0.0031721,0.0031619,0.0031619,21291.4,1775015999999
1775016000000,0.0031678,0.0031678,0.0031678,0.0031678,15000.0,1775030399999
1775030400000,0.0031669,0.003327,0.0031669,0.0033106,1666738.438,1775044799999
1775044800000,0.0032958,0.0032958,0.0031835,0.0031994,266676.693,1775059199999
1775059200000,0.0031994,0.0032,0.0031835,0.0032,78545.839,1775073599999
1775073600000,0.0031679,0.0031679,0.0031519,0.0031519,146535.567,1775087999999
1775102400000,0.00319,0.00319,0.0031542,0.0031542,11591.529,1775116799999
1775116800000,0.0031519,0.0031652,0.0030733,0.0031166,1355186.925,1775131199999
1775145600000,0.0031116,0.0032631,0.0031116,0.0031363,670661.009,1775159999999
1775160000000,0.0031637,0.0031637,0.0031637,0.0031637,15763.188,1775174399999
1775188800000,0.0031363,0.0031363,0.0031307,0.0031308,51066.85,1775203199999
1775203200000,0.003121,0.0031737,0.00305,0.0031162,1329466.575,1775217599999
1775217600000,0.0031668,0.0031669,0.0031233,0.0031668,110843.576,1775231999999
1775232000000,0.0031668,0.0031668,0.0031286,0.0031668,53650.154,1775246399999
1775246400000,0.0031177,0.0031177,0.0030286,0.0030286,758500.569,1775260799999
1775289600000,0.0031191,0.0031191,0.0031191,0.0031191,1830.0,1775303999999
1775304000000,0.003101,0.003101,0.0030347,0.0030347,19614.849,1775318399999
1775318400000,0.003062,0.003168,0.0029718,0.0031648,1613805.447,1775332799999
1775332800000,0.0031638,0.0031638,0.0031638,0.0031638,4682.0,1775347199999
1775347200000,0.0031132,0.0031132,0.0031132,0.0031132,3864.192,1775361599999
1775361600000,0.0031132,0.0031132,0.0031132,0.0031132,3221.766,1775375999999
1775390400000,0.0031005,0.003136,0.0031005,0.003136,48255.135,1775404799999
1775404800000,0.0031002,0.0031002,0.0031002,0.0031002,40745.759,1775419199999
1775419200000,0.0031416,0.0031424,0.0030742,0.0030742,636248.172,1775433599999
1775476800000,0.0031328,0.0037802,0.0031327,0.0031374,2.6968339648E7,1775491199999
1775491200000,0.0031375,0.0032111,0.0028774,0.0030732,5968943.823,1775505599999
1775505600000,0.0030732,0.0031454,0.003,0.003003,1275104.821,1775519999999
1775520000000,0.003,0.003,0.003,0.003,4222.356,1775534399999
1775534400000,0.0030172,0.0030172,0.0029083,0.0029083,3673387.795,1775548799999
1775548800000,0.0029387,0.0030735,0.0028904,0.0029985,2310223.721,1775563199999
1775563200000,0.0030889,0.0032539,0.00303,0.0030809,1897785.81,1775577599999
1775577600000,0.0030809,0.003116,0.0030286,0.003116,887013.046,1775591999999
1775592000000,0.003095,0.0032384,0.0030044,0.0031323,1542815.47,1775606399999
1775620800000,0.0031305,0.0031751,0.0031085,0.0031178,1387647.571,1775635199999
1775635200000,0.0031101,0.0031306,0.00311,0.0031306,36118.425,1775649599999
1775649600000,0.0031277,0.0031768,0.0030644,0.0030644,46811.158,1775663999999
1775707200000,0.0030745,0.0030745,0.0030745,0.0030745,32444.299,1775721599999
1775721600000,0.0030589,0.0030589,0.0030589,0.0030589,0.139,1775735999999
1775736000000,0.0030904,0.0030905,0.0030591,0.0030604,231574.491,1775750399999
1775750400000,0.0030589,0.0030649,0.00299,0.0030649,425750.134,1775764799999
1775764800000,0.0030577,0.0030577,0.0030577,0.0030577,32622.559,1775779199999
1775779200000,0.00304,0.00304,0.00304,0.00304,28703.948,1775793599999
1775808000000,0.0030523,0.0030523,0.0030523,0.0030523,243487.52,1775822399999
1775822400000,0.0030522,0.0030522,0.00299,0.0030039,683289.837,1775836799999
1775836800000,0.0030285,0.0030285,0.0030097,0.0030098,171601.962,1775851199999
1775851200000,0.0029907,0.0030158,0.0029906,0.0030158,181157.071,1775865599999
1775865600000,0.0029901,0.003009,0.002981,0.003009,622321.167,1775879999999
1775880000000,0.0030299,0.0030299,0.0030126,0.0030126,21038.907,1775894399999
1775894400000,0.0030126,0.0030126,0.0030126,0.0030126,0.031,1775908799999
1775908800000,0.0030126,0.0030148,0.0030126,0.0030148,279080.459,1775923199999
1775923200000,0.0030504,0.0030582,0.0030126,0.0030341,79481.648,1775937599999
1775937600000,0.0030581,0.00312,0.0030426,0.003093,675503.182,1775951999999
1775952000000,0.003052,0.0030925,0.0030137,0.0030865,424238.537,1775966399999
1775966400000,0.0030383,0.003055,0.0030136,0.003055,95032.04,1775980799999
1775980800000,0.00303,0.0030338,0.0029838,0.0030338,444496.928,1775995199999
1775995200000,0.0030725,0.0030735,0.0029987,0.003065,493375.287,1776009599999
1776009600000,0.0030081,0.0030889,0.0029836,0.0030889,276812.761,1776023999999
1776038400000,0.0030138,0.0030138,0.0030138,0.0030138,27141.526,1776052799999
1776067200000,0.0030137,0.0030137,0.0030137,0.0030137,28941.169,1776081599999
1776081600000,0.0030305,0.00312,0.0030286,0.0030526,3612994.158,1776095999999
1776096000000,0.003048,0.0030488,0.0030222,0.0030222,457915.245,1776110399999
1776110400000,0.0030211,0.0030211,0.0030211,0.0030211,105419.346,1776124799999
1776124800000,0.0030606,0.0030606,0.0030606,0.0030606,14663.791,1776139199999
1776139200000,0.0030212,0.0030212,0.0030212,0.0030212,16392.879,1776153599999
1776153600000,0.0030526,0.0031353,0.0030437,0.0030437,875464.863,1776167999999
1776182400000,0.0030289,0.0030443,0.0030288,0.0030443,341522.629,1776196799999
1776196800000,0.0030288,0.0030288,0.0030288,0.0030288,28136.572,1776211199999
1776225600000,0.0030288,0.0030288,0.0030288,0.0030288,287781.554,1776239999999
1776268800000,0.0030323,0.0031197,0.0030286,0.0030798,216996.361,1776283199999
1776283200000,0.0030797,0.0030989,0.003055,0.003089,171576.298,1776297599999
1776297600000,0.003055,0.003055,0.003055,0.003055,32422.259,1776311999999
1776312000000,0.003055,0.003055,0.003055,0.003055,37813.394,1776326399999
1776326400000,0.003091,0.0031155,0.003091,0.003093,168088.586,1776340799999
1776340800000,0.0031111,0.0031759,0.0030878,0.0030878,911394.311,1776355199999
1776355200000,0.0030878,0.0031319,0.0030797,0.0031073,102682.514,1776369599999
1776369600000,0.0031475,0.0031475,0.0031076,0.0031076,549722.976,1776383999999
1776384000000,0.0031142,0.0031196,0.0031142,0.0031196,13498.527,1776398399999
1776398400000,0.0031111,0.003166,0.003071,0.0031659,152343.182,1776412799999
1776412800000,0.0031659,0.0032403,0.0031403,0.00324,6258618.498,1776427199999
1776427200000,0.00324,0.0033001,0.00324,0.00324,3147653.012,1776441599999
1776441600000,0.0032401,0.00325,0.0031361,0.0031428,1.1261694488E7,1776455999999
1776456000000,0.0032016,0.003203,0.0031955,0.0031955,238922.32,1776470399999
1776470400000,0.0031867,0.0031867,0.003156,0.003156,318851.991,1776484799999
1776484800000,0.003145,0.0032306,0.0031449,0.0032306,139799.731,1776499199999
1776499200000,0.003242,0.00328,0.0030858,0.003181,2389487.845,1776513599999
1776513600000,0.0031174,0.0033076,0.0030833,0.0033076,1608103.313,1776527999999
1776528000000,0.0032357,0.0032599,0.0031375,0.0031455,945558.843,1776542399999
1776542400000,0.0031452,0.0031593,0.0031,0.0031593,1365396.822,1776556799999
1776571200000,0.0030897,0.0031338,0.0030896,0.0031338,17853.243,1776585599999
1776585600000,0.0031338,0.0031338,0.0030868,0.0030868,33958.203,1776599999999
1776600000000,0.0031141,0.0031511,0.003055,0.003088,603735.411,1776614399999
1776614400000,0.0030743,0.0030743,0.0030743,0.0030743,7500.895,1776628799999
1776628800000,0.0030742,0.0030995,0.0030591,0.0030591,119463.62,1776643199999
1776643200000,0.0030589,0.0030589,0.0030589,0.0030589,13406.0,1776657599999
1776657600000,0.0030589,0.0030589,0.003055,0.0030553,23418.524,1776671999999
1776672000000,0.0030935,0.0030935,0.003071,0.003071,1613.064,1776686399999
1776686400000,0.003071,0.003071,0.003071,0.003071,0.093,1776700799999
1776700800000,0.0030704,0.0030704,0.0030704,0.0030704,65170.0,1776715199999
1776715200000,0.0031043,0.0031354,0.003074,0.0030741,53205.501,1776729599999
1776744000000,0.0030717,0.0030717,0.0030716,0.0030716,10963.5,1776758399999
1776758400000,0.0031028,0.0031198,0.003,0.0031198,640248.996,1776772799999
1776772800000,0.0030448,0.0030448,0.0030437,0.0030437,52447.18,1776787199999
1776787200000,0.0030438,0.0031198,0.0030437,0.003044,134637.515,1776801599999
1776816000000,0.0030962,0.0031354,0.0030962,0.0031354,50016.581,1776830399999
1776830400000,0.003105,0.003105,0.0030286,0.0030286,244695.648,1776844799999
1776859200000,0.0030536,0.0031354,0.00302,0.0031354,881802.518,1776873599999
1776873600000,0.0030825,0.0031478,0.003059,0.003059,49827.118,1776887999999
1776888000000,0.0030589,0.0031461,0.0030589,0.0030619,182907.64,1776902399999
1776902400000,0.0030594,0.0030594,0.0030589,0.0030589,34062.663,1776916799999
1776931200000,0.0030912,0.003143,0.0030912,0.003143,35394.445,1776945599999
1776945600000,0.003059,0.0031511,0.003019,0.003104,944776.96,1776959999999
1776960000000,0.0030695,0.0031354,0.0030286,0.0030286,253789.783,1776974399999
1776974400000,0.0030286,0.00303,0.003,0.00303,509264.587,1776988799999
1776988800000,0.0030403,0.0030704,0.0030403,0.0030704,17953.42,1777003199999
1777003200000,0.0030701,0.0031354,0.0030002,0.0031354,311267.585,1777017599999
1777017600000,0.0030437,0.0030437,0.0030286,0.0030286,36140.48,1777031999999
1777046400000,0.0030286,0.0030286,0.0030286,0.0030286,35359.105,1777060799999
1777075200000,0.0030935,0.0031043,0.0030935,0.0031043,47643.041,1777089599999
1777089600000,0.0030299,0.0030299,0.0030137,0.0030137,234349.616,1777103999999
1777104000000,0.0030463,0.0031198,0.003,0.0030149,360585.565,1777118399999
1777118400000,0.0030001,0.0031099,0.0030001,0.0030316,182385.979,1777132799999
1777132800000,0.0031096,0.0031198,0.0030137,0.0030149,1099814.538,1777147199999
1777147200000,0.003014,0.003014,0.003014,0.003014,4000.0,1777161599999
1777219200000,0.0030151,0.0030282,0.003014,0.0030161,87344.966,1777233599999
1777233600000,0.0030611,0.0031041,0.003061,0.003104,169492.3,1777247999999
1777262400000,0.0030847,0.0030847,0.0030611,0.0030611,5863.561,1777276799999
1777276800000,0.003061,0.003061,0.00298,0.00298,883464.894,1777291199999
1777291200000,0.00306,0.0030868,0.0030288,0.0030868,48404.299,1777305599999
1777305600000,0.0030074,0.0030074,0.0029501,0.0029501,205391.897,1777319999999
1777348800000,0.0030093,0.0030799,0.0030093,0.0030799,436313.679,1777363199999
1777363200000,0.0029985,0.0029985,0.0029985,0.0029985,36685.0,1777377599999
1777377600000,0.0029836,0.0029836,0.002954,0.002954,143753.2,1777391999999
1777392000000,0.0029623,0.003012,0.00295,0.003012,960565.919,1777406399999
1777435200000,0.0030119,0.003012,0.0030119,0.003012,13144.0,1777449599999
1777449600000,0.0029607,0.0030279,0.0029603,0.0029603,58260.357,1777463999999
1777464000000,0.0029605,0.002961,0.0029605,0.0029609,79198.476,1777478399999
1777478400000,0.0029561,0.0029561,0.0029501,0.002955,112482.88,1777492799999
1777507200000,0.0030164,0.0030277,0.0030164,0.0030277,47665.202,1777521599999
1777521600000,0.002955,0.002955,0.002955,0.002955,2858.757,1777535999999
1777536000000,0.002955,0.0029551,0.002955,0.0029551,90065.242,1777550399999
1777550400000,0.002955,0.002986,0.002955,0.002955,45256.641,1777564799999
1777564800000,0.0029552,0.0030046,0.0029551,0.0030046,127686.431,1777579199999
1777579200000,0.0029897,0.0029978,0.0029897,0.0029978,57586.192,1777593599999
1777593600000,0.0030005,0.0030005,0.0030005,0.0030005,16620.563,1777607999999
1777608000000,0.002955,0.0029986,0.002955,0.0029551,198832.622,1777622399999
1777622400000,0.002955,0.0030275,0.002955,0.0030275,39976.738,1777636799999
1777636800000,0.002955,0.0030277,0.002955,0.0030277,42269.276,1777651199999
1777665600000,0.0029846,0.0030193,0.0029552,0.0029581,10578.45,1777679999999
1777694400000,0.0029756,0.0029877,0.002955,0.002955,104736.684,1777708799999
1777708800000,0.0029696,0.0029878,0.002955,0.00296,207081.06,1777723199999
1777723200000,0.00297,0.0030428,0.002955,0.002967,180056.441,1777737599999
1777737600000,0.00297,0.0030429,0.002955,0.002955,101270.001,1777751999999
1777752000000,0.0030287,0.0030429,0.002955,0.002955,66933.448,1777766399999
1777795200000,0.0030096,0.003043,0.002955,0.0030429,204392.919,1777809599999
1777809600000,0.003034,0.003043,0.003034,0.003043,36175.436,1777823999999
1777824000000,0.0030181,0.0030582,0.0029551,0.0030148,217182.753,1777838399999
1777838400000,0.0030147,0.0030159,0.003006,0.003006,163700.612,1777852799999
1777852800000,0.0029557,0.0029557,0.002955,0.002955,73795.322,1777867199999
1777867200000,0.002955,0.002955,0.002955,0.002955,53005.538,1777881599999
1777881600000,0.002955,0.0030121,0.002954,0.002954,139114.262,1777895999999
1777896000000,0.002963,0.0031,0.0028914,0.00302,2934704.217,1777910399999
1777910400000,0.00302,0.003112,0.002954,0.0029685,1013291.644,1777924799999
1777924800000,0.0029577,0.0029577,0.0029577,0.0029577,3387.768,1777939199999
1777939200000,0.0030274,0.0030277,0.0030274,0.0030277,348216.311,1777953599999
1777953600000,0.0030047,0.0030889,0.0029985,0.0029985,230785.362,1777967999999
1777968000000,0.0029985,0.00301,0.002997,0.003,209054.666,1777982399999
1777982400000,0.0030077,0.0031,0.0030001,0.0030294,1561178.606,1777996799999
1777996800000,0.0030314,0.0031679,0.0029393,0.0030613,1288501.191,1778011199999
1778011200000,0.003032,0.0030568,0.0029688,0.0030568,371022.68,1778025599999
1778025600000,0.0030568,0.0030568,0.0030568,0.0030568,15353.43,1778039999999
1778040000000,0.0030568,0.0030901,0.0030231,0.00309,346641.7,1778054399999
1778054400000,0.003094,0.0031495,0.003094,0.0031495,1333202.943,1778068799999
1778068800000,0.00316,0.0032129,0.0030377,0.0030412,2094677.054,1778083199999
1778083200000,0.0030798,0.0031199,0.0029688,0.0031199,2226831.679,1778097599999
1778097600000,0.0030972,0.0031206,0.0030972,0.0031206,9381.214,1778111999999
1778112000000,0.00308,0.0031229,0.00308,0.0031229,6803.05,1778126399999
1778126400000,0.003123,0.003123,0.0031229,0.0031229,30568.552,1778140799999
1778140800000,0.0031494,0.0031497,0.0031494,0.0031497,157670.301,1778155199999
1778155200000,0.0030778,0.0032562,0.0030257,0.0030789,3912669.055,1778169599999
1778169600000,0.0031129,0.0031856,0.0031051,0.0031123,726075.982,1778183999999
1778184000000,0.0031493,0.0031774,0.0031493,0.0031774,54598.769,1778198399999
1778212800000,0.0031218,0.0031355,0.0030137,0.0031188,1506162.643,1778227199999
1778227200000,0.00307,0.0032,0.00307,0.0032,529791.795,1778241599999
1778241600000,0.0031688,0.0031688,0.0030916,0.003123,45563.992,1778255999999
1778256000000,0.003123,0.0031999,0.003123,0.0031778,170145.795,1778270399999
1778270400000,0.0031999,0.00323,0.0031354,0.00323,635116.181,1778284799999
1778284800000,0.0032382,0.00326,0.0031591,0.0031591,188401.3,1778299199999
1778299200000,0.0032126,0.0032126,0.0031327,0.0031327,167458.084,1778313599999
1778313600000,0.0031615,0.0031615,0.0031504,0.0031504,33932.426,1778327999999
1778328000000,0.0031475,0.0031475,0.0031327,0.0031327,11919.432,1778342399999
1778342400000,0.0032249,0.0033409,0.0031914,0.003198,206297.599,1778356799999
1778356800000,0.003218,0.0033863,0.003152,0.0031678,1535993.124,1778371199999
1778371200000,0.0032836,0.00339,0.0032328,0.003375,942918.875,1778385599999
1778385600000,0.0032994,0.003375,0.0032945,0.0032945,908009.83,1778399999999
1778400000000,0.0032946,0.003375,0.0032113,0.0032113,854184.363,1778414399999
1778414400000,0.0032318,0.0032944,0.0031994,0.0032944,341450.111,1778428799999
1778428800000,0.0032944,0.003375,0.0031682,0.003237,940792.423,1778443199999
1778443200000,0.0032641,0.0033782,0.0032641,0.0032823,529513.684,1778457599999
1778457600000,0.00333,0.00333,0.00333,0.00333,20447.7,1778471999999
1778472000000,0.0033299,0.00333,0.0032477,0.0032477,821733.398,1778486399999
1778486400000,0.0032972,0.0032972,0.0032972,0.0032972,25612.121,1778500799999
1778500800000,0.0032947,0.00333,0.0032947,0.0033025,1940303.53,1778515199999
1778515200000,0.0033025,0.0034,0.0033025,0.0033665,570229.86,1778529599999
1778529600000,0.0033378,0.0033806,0.0032979,0.003298,351506.088,1778543999999
1778544000000,0.0032979,0.0033805,0.0032979,0.0033805,68658.158,1778558399999
1778558400000,0.003298,0.0034303,0.0032979,0.003298,570138.048,1778572799999
1778572800000,0.003298,0.0033499,0.003298,0.003319,125965.3,1778587199999
1778587200000,0.003319,0.0033462,0.0032979,0.0032979,337110.549,1778601599999
1778601600000,0.0033001,0.0033001,0.0032979,0.0032979,217021.966,1778615999999
1778616000000,0.003298,0.0033523,0.003298,0.0033523,772508.213,1778630399999
1778630400000,0.00336,0.0034189,0.00336,0.0034189,114533.739,1778644799999
1778644800000,0.0033416,0.0033572,0.003298,0.003298,84210.506,1778659199999
1778659200000,0.0032979,0.0034899,0.0032979,0.00339,1640751.59,1778673599999
1778673600000,0.00339,0.00349,0.003298,0.0034365,2029552.982,1778687999999
1778688000000,0.00335,0.0033749,0.00331,0.00333,810542.208,1778702399999
1778702400000,0.003375,0.004753,0.003375,0.004576,4.4886635455E7,1778716799999
1778716800000,0.004576,0.0049999,0.0040479,0.0040638,3.310385314600001E7,1778731199999
1778731200000,0.0040009,0.0043,0.003822,0.0041629,4.3119625785E7,1778745599999
1778745600000,0.0041626,0.004275,0.0036,0.0036129,3.905474276E7,1778759999999
1778760000000,0.0036093,0.0037451,0.0035313,0.0035865,1.1883273967E7,1778774399999
1778774400000,0.0035403,0.0036249,0.0033381,0.0035106,6318763.714,1778788799999
1778788800000,0.003528,0.0035304,0.0033868,0.003499,4437651.385,1778803199999
1778803200000,0.0035114,0.0036035,0.003448,0.0035434,2336720.281,1778817599999
1778817600000,0.0035871,0.0036699,0.0034427,0.003481,3582980.834,1778831999999
1778832000000,0.0035109,0.0035191,0.0033679,0.0033679,2589765.034,1778846399999
1778846400000,0.003429,0.003499,0.0033717,0.0034175,2610455.531,1778860799999
1778860800000,0.0034242,0.0034641,0.00335,0.0033862,713790.441,1778875199999
1778875200000,0.0034089,0.0034643,0.0033994,0.0034285,213748.038,1778889599999
1778889600000,0.0034104,0.0034104,0.003363,0.003363,284061.01,1778903999999
1778904000000,0.0033815,0.0034049,0.0033012,0.0034049,656340.56,1778918399999
1778918400000,0.0033556,0.0034049,0.0032799,0.00328,2404400.769,1778932799999
1778932800000,0.0033126,0.0033251,0.0032998,0.0033242,1980379.984,1778947199999
1778947200000,0.0033422,0.0033959,0.0032693,0.0032993,211079.701,1778961599999
1778990400000,0.0032851,0.0032851,0.00328,0.00328,244484.51,1779004799999
1779004800000,0.003275,0.0033622,0.0032574,0.0033622,2949972.949,1779019199999
1779019200000,0.0032941,0.0032963,0.003264,0.0032662,129007.199,1779033599999
1779033600000,0.0032777,0.0032783,0.0032574,0.0032783,135140.456,1779047999999
1779048000000,0.0032783,0.0033253,0.0032,0.0032,1447548.112,1779062399999
1779062400000,0.0032,0.0032,0.0032,0.0032,36677.994,1779076799999
1779076800000,0.003238,0.003238,0.0031999,0.0031999,18438.041,1779091199999
1779091200000,0.0031987,0.0031987,0.0031987,0.0031987,7166.102,1779105599999
1779105600000,0.0032,0.0032001,0.00317,0.00317,122234.961,1779119999999
1779120000000,0.00317,0.0031944,0.0031069,0.0031944,211618.64,1779134399999
1779148800000,0.0031995,0.0032001,0.0031986,0.0032001,2157230.659,1779163199999
1779163200000,0.0031208,0.0032001,0.0031206,0.0032001,2288141.625,1779177599999
1779177600000,0.0032001,0.0036351,0.0031431,0.0032342,8286834.081,1779191999999
1779192000000,0.0032467,0.0032631,0.0031417,0.0031417,1546855.846,1779206399999
1779206400000,0.0031524,0.0031975,0.0030588,0.00312,4772319.181,1779220799999
1779220800000,0.0031141,0.0031821,0.0030952,0.0031489,1009740.31,1779235199999
1779235200000,0.0031489,0.0031489,0.0031489,0.0031489,120985.686,1779249599999
1779249600000,0.0031489,0.0031997,0.0030574,0.0031997,396168.682,1779263999999
1779264000000,0.0031997,0.0032146,0.0031094,0.0031986,167193.565,1779278399999
1779278400000,0.0031986,0.0032306,0.00318,0.0032306,134851.529,1779292799999
1779292800000,0.0031862,0.0031862,0.0031207,0.0031627,149220.208,1779307199999
1779307200000,0.0031726,0.0032307,0.0031726,0.0032307,59648.616,1779321599999
1779321600000,0.0031878,0.0032304,0.0031206,0.0032304,117947.313,1779335999999
1779364800000,0.0032307,0.0032307,0.0031519,0.0031519,38593.691,1779379199999
1779379200000,0.0032462,0.0032462,0.0032462,0.0032462,3234.551,1779393599999
1779393600000,0.0031821,0.0032012,0.0031,0.0032012,2033067.748,1779407999999
1779408000000,0.0032012,0.0032469,0.0031953,0.0032469,321896.327,1779422399999
1779422400000,0.0032469,0.00392,0.0032469,0.0038001,1.1996014933E7,1779436799999
1779436800000,0.003819,0.0047199,0.0036,0.0039984,6.542325006800002E7,1779451199999
1779451200000,0.0039984,0.005473,0.0038761,0.0049242,4.580217525999999E7,1779465599999
1779465600000,0.0049139,0.00525,0.004,0.0040405,3.9056992399E7,1779479999999
1779480000000,0.0040902,0.0044999,0.004,0.0041557,9406790.103,1779494399999
1779494400000,0.0040963,0.0041844,0.0036,0.0038032,6098777.079,1779508799999
1779508800000,0.0037698,0.0038718,0.00355,0.0036,9055972.99,1779523199999
1779523200000,0.0036,0.0037527,0.0035051,0.0036431,5739260.743,1779537599999
1779537600000,0.0036153,0.0040586,0.0035051,0.0038944,6819116.378,1779551999999
1779552000000,0.0038793,0.0039478,0.003654,0.0037,2394756.901,1779566399999
1779566400000,0.0037358,0.003932,0.0036703,0.0037049,6101648.016,1779580799999
1779580800000,0.0037049,0.0037447,0.0035663,0.0036136,1503826.219,1779595199999
1779595200000,0.0035663,0.0036053,0.003505,0.0035384,1665986.377,1779609599999
1779609600000,0.0035694,0.003752,0.003505,0.0037519,1570540.46,1779623999999
1779624000000,0.0036064,0.0037426,0.003535,0.003584,2141614.305,1779638399999
1779638400000,0.00358,0.00368,0.0035165,0.0035262,2603623.703,1779652799999
1779652800000,0.00359,0.0035903,0.003505,0.0035356,970589.103,1779667199999
1779667200000,0.0035416,0.0035574,0.003505,0.003505,313428.212,1779681599999
1779681600000,0.003505,0.0035738,0.003505,0.0035737,3475526.144,1779695999999
1779696000000,0.0035698,0.0036597,0.0035527,0.0035527,1621176.572,1779710399999
1779710400000,0.003535,0.0035836,0.003505,0.0035392,1553820.02,1779724799999
1779724800000,0.0035051,0.0036052,0.003505,0.0036048,898820.13,1779739199999
1779739200000,0.0036048,0.0036402,0.003535,0.003535,3656585.661,1779753599999
1779753600000,0.0035592,0.0035606,0.003505,0.003505,237416.514,1779767999999
1779768000000,0.0035277,0.0036233,0.003505,0.003505,972043.469,1779782399999
1779782400000,0.0035668,0.00366,0.003522,0.0035277,557544.384,1779796799999
1779796800000,0.0036234,0.0039932,0.0035677,0.0036324,1.250097356E7,1779811199999
1779811200000,0.0036324,0.0036965,0.0035772,0.0036004,2917993.961,1779825599999
1779825600000,0.0036004,0.0036598,0.00355,0.0036598,933970.006,1779839999999
1779840000000,0.0035973,0.0037545,0.0035621,0.0036756,290419.953,1779854399999
1779854400000,0.0036263,0.0036965,0.0035449,0.0036415,688313.312,1779868799999
1779868800000,0.0036415,0.0036965,0.0036221,0.0036965,366887.754,1779883199999
1779883200000,0.0037151,0.0043624,0.0036301,0.0037158,2.1125314882E7,1779897599999
1779897600000,0.0037135,0.00386,0.0036306,0.00378,4932879.113,1779911999999
1779912000000,0.00378,0.0039423,0.0036789,0.0036999,1239992.192,1779926399999
1779926400000,0.00368,0.0037355,0.00365,0.00365,869260.948,1779940799999
1779940800000,0.0036543,0.0037334,0.00361,0.003699,1746451.304,1779955199999
1779955200000,0.0037335,0.0038776,0.0036374,0.0037253,3832926.098,1779969599999
1779969600000,0.0036996,0.0037335,0.00363,0.0036302,1601356.664,1779983999999
1779984000000,0.00363,0.0037335,0.00363,0.0036775,1732087.624,1779998399999
1779998400000,0.0036638,0.003697,0.0036301,0.0036716,845105.114,1780012799999
1780012800000,0.00364,0.00364,0.00364,0.00364,9447.3,1780027199999
1780027200000,0.0036966,0.003795,0.003626,0.0036262,4750542.292,1780041599999
1780041600000,0.003626,0.0037013,0.003626,0.0036316,1186136.4,1780055999999
1780056000000,0.0036318,0.003764,0.0035651,0.0036391,1509197.262,1780070399999
1780070400000,0.003652,0.003669,0.00352,0.00352,4063761.693,1780084799999
1780084800000,0.0036174,0.0036248,0.00357,0.0036031,1242614.891,1780099199999
1780099200000,0.0036031,0.0036965,0.0036031,0.0036174,783979.984,1780113599999
1780113600000,0.0036601,0.0036964,0.0035952,0.0036376,603877.083,1780127999999
1780128000000,0.0036348,0.0036597,0.0036305,0.0036597,172975.268,1780142399999
1780142400000,0.0035984,0.0036141,0.0035408,0.0035693,1080025.715,1780156799999
1780156800000,0.0036089,0.0036646,0.0035375,0.0036646,759541.451,1780171199999
1780171200000,0.0035887,0.0035887,0.003505,0.0035573,2411682.672,1780185599999
1780185600000,0.00356,0.0036054,0.00356,0.00358,1264219.929,1780199999999
1780200000000,0.00358,0.00364,0.003567,0.003567,1814402.623,1780214399999
1780214400000,0.0035759,0.0036416,0.0035429,0.0036089,522759.745,1780228799999
1780228800000,0.0035729,0.0036504,0.003505,0.003505,2259438.047,1780243199999
1780243200000,0.0035694,0.0035746,0.003505,0.003505,436380.004,1780257599999
1780257600000,0.00355,0.00355,0.0035058,0.0035058,41467.759,1780271999999
1780272000000,0.003505,0.0035448,0.003505,0.003505,237153.313,1780286399999
1780286400000,0.003505,0.0035128,0.0033579,0.0034152,7987057.643,1780300799999
1780300800000,0.0034181,0.0034424,0.0034,0.003428,471865.412,1780315199999
1780315200000,0.0034044,0.0034127,0.00335,0.0034023,2277765.663,1780329599999
1780329600000,0.003353,0.0034645,0.00334,0.003433,2004575.183,1780343999999
1780344000000,0.0034183,0.0034472,0.0034165,0.0034472,281543.276,1780358399999
1780358400000,0.0034218,0.0034218,0.0033954,0.0034021,182808.226,1780372799999
1780372800000,0.0033954,0.0033968,0.00336,0.0033968,424118.93,1780387199999
1780387200000,0.0033901,0.0033902,0.0033302,0.0033881,1725571.421,1780401599999
1780401600000,0.0033604,0.003413,0.0033006,0.0033006,496449.323,1780415999999
1780416000000,0.0033007,0.0033322,0.0033006,0.0033008,187381.854,1780430399999
1780430400000,0.0033008,0.003413,0.003216,0.0032803,2805253.36,1780444799999
1780444800000,0.0032452,0.0032452,0.0032001,0.0032001,80200.37,1780459199999
1780459200000,0.0032374,0.0033623,0.0032,0.0032902,917754.758,1780473599999
1780473600000,0.0033166,0.0033166,0.0032,0.0033124,1182470.265,1780487999999
1780488000000,0.0032984,0.0033289,0.003274,0.0033289,307608.676,1780502399999
1780502400000,0.0032713,0.0032713,0.0032481,0.0032481,1813815.001,1780516799999
1780516800000,0.0032481,0.0032481,0.003172,0.0032291,4082983.157,1780531199999
1780531200000,0.0032147,0.0032469,0.0031294,0.0032199,571088.179,1780545599999
1780545600000,0.0032277,0.0032692,0.0031837,0.0032266,668197.033,1780559999999
1780560000000,0.0032266,0.0032266,0.003103,0.0031506,529647.054,1780574399999
1780574400000,0.0031653,0.0032308,0.0031238,0.0032308,199527.89,1780588799999
1780588800000,0.0031853,0.0031853,0.0031363,0.0031363,28111.9,1780603199999
1780603200000,0.0031466,0.0031466,0.0031,0.0031,68697.836,1780617599999
1780617600000,0.0031,0.0031987,0.0031,0.0031679,250733.719,1780631999999
1780632000000,0.0031407,0.0031987,0.003,0.0030357,2604899.016,1780646399999
1780646400000,0.0030414,0.0031272,0.0030414,0.0030661,243811.179,1780660799999
1780660800000,0.00305,0.0030656,0.0030071,0.0030365,904766.346,1780675199999
1780675200000,0.0030071,0.0030184,0.0029942,0.003004,715994.66,1780689599999
1780689600000,0.0029933,0.0031354,0.0029832,0.0030287,932111.623,1780703999999
1780704000000,0.003056,0.0030671,0.0030137,0.0030137,194351.033,1780718399999
1780718400000,0.0030137,0.0030137,0.0029122,0.0029122,1339499.698,1780732799999
1780732800000,0.0029668,0.0030135,0.0029632,0.0029722,626475.838,1780747199999
1780747200000,0.0029722,0.0032741,0.0028834,0.0029986,2721011.809,1780761599999
1780761600000,0.0030468,0.0030736,0.0029689,0.0030736,378137.636,1780775999999
1780776000000,0.0030468,0.0030468,0.0030468,0.0030468,102775.973,1780790399999
1780790400000,0.003027,0.0030887,0.0030208,0.0030887,189832.537,1780804799999
1780804800000,0.0030593,0.0031124,0.0030593,0.0031124,327648.308,1780819199999
1780819200000,0.0031199,0.00315,0.0030745,0.0031,321761.069,1780833599999
1780833600000,0.0030866,0.0032911,0.0030866,0.0031942,1434973.815,1780847999999
1780848000000,0.0031576,0.0032999,0.003124,0.003124,955830.659,1780862399999
1780862400000,0.0031243,0.0032109,0.0031059,0.0031961,913084.042,1780876799999
1780876800000,0.003192,0.003192,0.0031112,0.0031112,88802.171,1780891199999
1780891200000,0.0030847,0.0030847,0.0030566,0.0030566,654362.05,1780905599999
1780905600000,0.0030993,0.0031223,0.0030759,0.0031077,152438.455,1780919999999
1780920000000,0.0030965,0.003205,0.0030936,0.003205,637516.098,1780934399999
1780934400000,0.0031676,0.0032514,0.0031676,0.0032514,218448.709,1780948799999
1780948800000,0.0032334,0.0033,0.0031532,0.0031532,350004.98,1780963199999
1780963200000,0.0031415,0.0031431,0.0030759,0.0030845,244971.438,1780977599999
1780977600000,0.0030845,0.0031566,0.0030493,0.0031566,418593.269,1780991999999
1780992000000,0.0031118,0.0031485,0.0030438,0.0030935,102115.598,1781006399999
1781006400000,0.0031113,0.0031113,0.0030339,0.0030684,150365.084,1781020799999
1781020800000,0.0030578,0.0031772,0.0030578,0.0030935,1167109.494,1781035199999
1781035200000,0.0030935,0.0030935,0.003,0.003,229186.022,1781049599999
1781049600000,0.0030423,0.0030541,0.0029986,0.0029986,56142.5,1781063999999
1781064000000,0.0029986,0.003,0.0029986,0.003,17870.815,1781078399999
1781078400000,0.003,0.0033431,0.00293,0.0030343,2095450.665,1781092799999
1781092800000,0.0030343,0.0031044,0.0029345,0.0031044,1528259.123,1781107199999
1781107200000,0.0030447,0.003055,0.0029689,0.0029903,143234.794,1781121599999
1781121600000,0.0029904,0.0030337,0.0029763,0.00301,197708.61,1781135999999
1781136000000,0.0030101,0.0030583,0.00301,0.0030583,221639.77,1781150399999
1781150400000,0.0030403,0.0031044,0.0030403,0.0031044,45042.687,1781164799999
1781164800000,0.00304,0.0030766,0.00304,0.0030501,290860.761,1781179199999
1781179200000,0.0030759,0.0030759,0.00305,0.003069,983081.656,1781193599999
1781193600000,0.0030759,0.0031044,0.0030015,0.0030015,112891.78,1781207999999
1781208000000,0.0030767,0.0031001,0.0030001,0.0031001,1600272.95,1781222399999
1781222400000,0.0030509,0.0030509,0.0030461,0.0030461,9179.973,1781236799999
1781236800000,0.0030773,0.0031301,0.0030773,0.0031018,431644.372,1781251199999
1781251200000,0.0030879,0.0030879,0.0030879,0.0030879,174082.247,1781265599999
1781265600000,0.0030879,0.003101,0.0030302,0.0030302,612008.199,1781279999999
1781280000000,0.003065,0.003065,0.0030015,0.003051,91431.695,1781294399999
1781294400000,0.00304,0.0034798,0.0030148,0.0032504,1.1403530878E7,1781308799999
1781308800000,0.0032014,0.0032014,0.0030601,0.0031354,1837201.0,1781323199999
1781323200000,0.0031122,0.0031122,0.00305,0.0030975,2249226.291,1781337599999
1781337600000,0.0031355,0.0032195,0.0031355,0.0032195,59651.806,1781351999999
1781352000000,0.0031831,0.0031832,0.0031001,0.0031001,379031.264,1781366399999
1781366400000,0.0031,0.0031,0.0030752,0.0030944,74541.363,1781380799999
1781380800000,0.0030941,0.00313,0.003075,0.0031029,660913.494,1781395199999
1781395200000,0.00313,0.00313,0.0031005,0.0031097,38168.098,1781409599999
1781409600000,0.0030762,0.0030902,0.003075,0.0030902,253080.269,1781423999999
1781424000000,0.0030751,0.00308,0.00306,0.0030672,1327624.871,1781438399999
1781438400000,0.00306,0.00306,0.003059,0.003059,595923.932,1781452799999
1781452800000,0.0030602,0.0030793,0.003059,0.0030793,148244.268,1781467199999
1781467200000,0.0031028,0.0032428,0.003058,0.0030898,2156470.324,1781481599999
1781481600000,0.0031369,0.0031415,0.0031369,0.0031371,46790.064,1781495999999
1781496000000,0.0031314,0.003216,0.0030976,0.0030977,881077.596,1781510399999
1781510400000,0.0031262,0.0031531,0.0030897,0.0031391,514846.141,1781524799999
1781524800000,0.0031391,0.0032983,0.0031066,0.0031907,2937575.206,1781539199999
1781539200000,0.0031994,0.003321,0.0031992,0.003285,1322294.609,1781553599999
1781553600000,0.0032232,0.0032232,0.0031206,0.0031206,676719.583,1781567999999
1781568000000,0.003109,0.0031117,0.0030897,0.0031117,191571.252,1781582399999
1781582400000,0.0031289,0.0031289,0.0031176,0.0031183,10863.051,1781596799999
1781596800000,0.003085,0.003121,0.003059,0.003121,292644.367,1781611199999
1781611200000,0.0031216,0.0031669,0.003094,0.0031669,467565.756,1781625599999
1781625600000,0.0031174,0.0031287,0.003059,0.0030846,263748.548,1781639999999
1781654400000,0.003098,0.003098,0.0030921,0.0030921,54920.85,1781668799999
1781668800000,0.0030747,0.0031049,0.0030001,0.003083,590707.298,1781683199999
1781683200000,0.0031044,0.003105,0.0030901,0.003105,186345.262,1781697599999
1781697600000,0.0031199,0.0031199,0.0030962,0.0030962,125254.816,1781711999999
1781712000000,0.0031099,0.0031445,0.0030591,0.0030981,925585.69,1781726399999
1781740800000,0.0030855,0.0030855,0.003059,0.003059,177406.203,1781755199999
1781755200000,0.003063,0.003063,0.0030623,0.0030623,3202.747,1781769599999
1781769600000,0.0030925,0.0030974,0.0030925,0.0030974,59487.429,1781783999999
1781784000000,0.0030477,0.0030477,0.0030287,0.0030287,72441.176,1781798399999
1781798400000,0.00301,0.003034,0.003,0.003034,487389.532,1781812799999
1781812800000,0.003,0.0030001,0.00297,0.00297,1512120.272,1781827199999
1781827200000,0.00297,0.0029748,0.002945,0.0029451,91066.562,1781841599999
1781841600000,0.0029823,0.0029887,0.0029551,0.0029551,122781.01,1781855999999
1781870400000,0.0029501,0.0029901,0.00295,0.0029901,194600.046,1781884799999
1781884800000,0.0030125,0.0030658,0.0029896,0.0030658,413261.928,1781899199999
1781899200000,0.0030229,0.003085,0.003,0.0030042,252744.837,1781913599999
1781913600000,0.00301,0.0030127,0.0030001,0.0030001,146296.595,1781927999999
1781928000000,0.0030275,0.0030636,0.003,0.0030267,319217.326,1781942399999
1781942400000,0.0030312,0.0030453,0.0029986,0.0030154,350401.225,1781956799999
1781971200000,0.0029989,0.0030722,0.0029986,0.0030722,38144.348,1781985599999
1781985600000,0.0030436,0.0030599,0.0030415,0.0030599,19464.877,1781999999999
1782043200000,0.0030675,0.0030675,0.0030088,0.0030088,5968.44,1782057599999
1782057600000,0.0030318,0.0030484,0.0029605,0.0030247,482946.654,1782071999999
1782072000000,0.0030018,0.0030018,0.0029601,0.0029601,41357.628,1782086399999
1782086400000,0.0029604,0.002994,0.00295,0.0029821,1473788.893,1782100799999
1782100800000,0.00295,0.0029501,0.00295,0.0029501,16179.286,1782115199999
1782115200000,0.002978,0.003003,0.002978,0.00299,236197.776,1782129599999
1782129600000,0.00299,0.0029901,0.00299,0.00299,146864.197,1782143999999
1782144000000,0.00299,0.00299,0.002978,0.002978,672898.139,1782158399999
1782158400000,0.0029827,0.0029827,0.00296,0.0029647,473176.73,1782172799999
1782172800000,0.00295,0.002963,0.00295,0.00295,78977.773,1782187199999
1782187200000,0.0029501,0.0029501,0.00292,0.00292,1718023.272,1782201599999
1782201600000,0.0029001,0.0029258,0.0028874,0.0028874,670972.6,1782215999999
1782216000000,0.0028918,0.002892,0.00285,0.00285,41870.212,1782230399999
1782230400000,0.00285,0.0029096,0.00285,0.0029096,6904.398,1782244799999
1782244800000,0.0029096,0.0029096,0.0029096,0.0029096,26496.425,1782259199999
1782259200000,0.00286,0.00286,0.0027991,0.0027991,746322.219,1782273599999
1782273600000,0.0027893,0.0028664,0.0027893,0.0028664,723297.478,1782287999999
1782288000000,0.0028352,0.0029815,0.0028352,0.0029815,995493.84,1782302399999
1782302400000,0.0029949,0.003007,0.0028245,0.0028245,1411471.159,1782316799999
1782316800000,0.002822,0.0028297,0.00274,0.0027651,1649004.143,1782331199999
1782331200000,0.002795,0.0028521,0.0027878,0.0028521,1219757.608,1782345599999
1782360000000,0.0028556,0.00288,0.0028537,0.00288,66035.925,1782374399999
1782374400000,0.00288,0.0028837,0.00285,0.0028837,145616.932,1782388799999
1782388800000,0.0028599,0.0029,0.0027777,0.0027827,670034.076,1782403199999
1782403200000,0.0027827,0.0027827,0.0027827,0.0027827,3610.159,1782417599999
1782432000000,0.0027827,0.0027827,0.0027058,0.0027456,332207.381,1782446399999
1782446400000,0.0027424,0.0027424,0.0027001,0.0027001,32049.432,1782460799999
1782460800000,0.0027,0.002708,0.0027,0.0027,55641.251,1782475199999
1782475200000,0.0027,0.0027543,0.0027,0.0027543,56459.653,1782489599999
1782489600000,0.0027678,0.0028098,0.0027574,0.0027574,277541.604,1782503999999
1782504000000,0.0027574,0.0027681,0.0027,0.0027681,390844.618,1782518399999
1782518400000,0.0027818,0.0027818,0.0027818,0.0027818,35004.0,1782532799999
1782561600000,0.0027793,0.0028,0.0027725,0.0028,214312.966,1782575999999
1782576000000,0.0028,0.0028026,0.00278,0.00278,975157.608,1782590399999
1782590400000,0.0027547,0.0027547,0.0027481,0.0027512,53607.284,1782604799999
1782619200000,0.00273,0.0027302,0.00273,0.00273,370887.496,1782633599999
1782633600000,0.0027432,0.00275,0.0027303,0.002745,1005479.933,1782647999999
1782648000000,0.002745,0.002745,0.0027449,0.002745,446238.122,1782662399999
1782662400000,0.002745,0.002745,0.0026806,0.0026807,1950365.252,1782676799999
1782676800000,0.0027292,0.0027472,0.0027011,0.0027361,98978.477,1782691199999
1782691200000,0.0027361,0.0027502,0.0027361,0.00274,12716.625,1782705599999
1782705600000,0.0027007,0.002747,0.0027001,0.0027182,119971.461,1782719999999
1782720000000,0.0027,0.0027192,0.0026806,0.0027191,274614.499,1782734399999
1782734400000,0.0027191,0.0027192,0.0026806,0.0026984,677698.951,1782748799999
1782748800000,0.0026984,0.0027542,0.0026984,0.0027542,547667.57,1782763199999
1782763200000,0.0027201,0.0027251,0.0027,0.0027,407835.373,1782777599999
1782777600000,0.0027014,0.0027014,0.0027,0.0027,59742.457,1782791999999
1782792000000,0.0027,0.0027361,0.0027,0.0027361,255625.674,1782806399999
1782806400000,0.0027454,0.0027584,0.0026832,0.0027584,365663.681,1782820799999
1782820800000,0.0027681,0.0031148,0.0026871,0.0027274,4943658.234,1782835199999
1782835200000,0.0027296,0.0027443,0.0026806,0.0026807,3121755.888,1782849599999
1782849600000,0.0026807,0.0027514,0.0026806,0.0027514,118102.102,1782863999999
1782864000000,0.0027104,0.0027109,0.0027104,0.0027109,44972.12,1782878399999
1782878400000,0.0027109,0.0027543,0.0026871,0.0026871,2664265.475,1782892799999
1782892800000,0.0026872,0.0027331,0.0026811,0.0027045,145127.722,1782907199999
1782907200000,0.0027044,0.0028036,0.0027044,0.0028036,445269.628,1782921599999
1782921600000,0.002751,0.0027931,0.0027071,0.0027071,433105.843,1782935999999
1782936000000,0.0027127,0.00275,0.0027127,0.00273,250646.59,1782950399999
1782950400000,0.0027044,0.0027329,0.0027006,0.002729,387292.589,1782964799999
1782964800000,0.0026954,0.00271,0.0026851,0.00271,269529.316,1782979199999
1782979200000,0.00271,0.0027681,0.0026828,0.0027681,399946.434,1782993599999
1782993600000,0.0027681,0.0028199,0.0027526,0.0027526,613397.445,1783007999999
1783008000000,0.0027653,0.002815,0.0027652,0.002815,49502.532,1783022399999
1783036800000,0.0027918,0.0027918,0.0027778,0.0027778,428247.674,1783051199999
1783051200000,0.0027778,0.0028,0.0027778,0.0028,93275.847,1783065599999
1783065600000,0.0028101,0.00282,0.0027813,0.0027876,1064700.442,1783079999999
1783080000000,0.0028153,0.002845,0.0027808,0.0027808,88328.194,1783094399999
1783094400000,0.0027809,0.0028682,0.0027808,0.0028494,618099.296,1783108799999
1783108800000,0.002828,0.0028392,0.002828,0.0028375,129363.777,1783123199999
1783137600000,0.0028787,0.0029384,0.0027613,0.0028581,1659025.055,1783151999999
1783152000000,0.0028637,0.0029303,0.002858,0.0028664,1533675.213,1783166399999
1783166400000,0.0028614,0.002936,0.002858,0.002936,846203.548,1783180799999
1783180800000,0.0028804,0.0029195,0.0028591,0.0029195,40765.695,1783195199999
1783195200000,0.0028803,0.0029175,0.002858,0.0028701,936278.472,1783209599999
1783209600000,0.0028597,0.0028615,0.0028597,0.0028614,13840.43,1783223999999
1783224000000,0.0028582,0.0028582,0.0028104,0.0028104,304935.849,1783238399999
1783238400000,0.0028499,0.00285,0.0028499,0.00285,70961.718,1783252799999
1783252800000,0.0028495,0.0028495,0.0028089,0.0028139,311752.229,1783267199999
1783267200000,0.002833,0.0028532,0.002833,0.0028532,16576.833,1783281599999
1783281600000,0.0028755,0.0028755,0.0027687,0.0028663,214234.624,1783295999999
1783296000000,0.002811,0.0028586,0.0028,0.0028164,1074931.947,1783310399999
1783310400000,0.0027968,0.0027968,0.0027968,0.0027968,3068.29,1783324799999
1783324800000,0.0028033,0.0028239,0.0027967,0.0028199,1125965.415,1783339199999
1783339200000,0.0028199,0.0028199,0.0027549,0.0028085,811598.491,1783353599999
1783353600000,0.0027876,0.0027876,0.0027876,0.0027876,13838.054,1783367999999
1783368000000,0.0027876,0.0027876,0.0027766,0.0027766,34282.019,1783382399999
1783382400000,0.002774,0.002774,0.0027501,0.0027501,46032.515,1783396799999
1783396800000,0.0027504,0.0027546,0.0027504,0.0027545,8084.018,1783411199999
1783411200000,0.0027545,0.00279,0.0027545,0.00279,183082.917,1783425599999
1783425600000,0.002769,0.0027755,0.0027546,0.0027754,60864.825,1783439999999
1783440000000,0.002807,0.0028663,0.0027816,0.002804,1479735.474,1783454399999
1783454400000,0.0028157,0.0028399,0.0028108,0.0028108,188010.546,1783468799999
1783468800000,0.0027908,0.0027908,0.0027687,0.0027687,102007.084,1783483199999
1783483200000,0.002755,0.002755,0.0027522,0.0027522,157749.968,1783497599999
1783497600000,0.0027532,0.0027532,0.002725,0.002725,1149246.41,1783511999999
1783512000000,0.002725,0.002725,0.0026869,0.0026869,179038.653,1783526399999
1783526400000,0.0027152,0.0027406,0.0027152,0.0027406,86765.609,1783540799999
1783540800000,0.002702,0.0027211,0.002702,0.0027211,3866.736,1783555199999
1783569600000,0.0026977,0.0026977,0.0026977,0.0026977,3717.982,1783583999999
1783584000000,0.0027032,0.0027365,0.0026806,0.0027365,86530.844,1783598399999
1783598400000,0.0027155,0.0027635,0.0027155,0.0027635,97638.762,1783612799999
1783612800000,0.0026981,0.0026981,0.0026957,0.0026957,65665.226,1783627199999
1783627200000,0.0027367,0.00276,0.0027367,0.0027371,295719.396,1783641599999
1783641600000,0.00273,0.00273,0.00273,0.00273,2967.032,1783655999999
1783670400000,0.0027348,0.0027348,0.0027348,0.0027348,3258.007,1783684799999
1783684800000,0.002724,0.0027501,0.002724,0.00275,1447854.978,1783699199999
1783699200000,0.0027681,0.0027785,0.0027311,0.0027463,218282.365,1783713599999
1783713600000,0.0027061,0.0027061,0.0027061,0.0027061,3333.284,1783727999999
1783728000000,0.0027175,0.0027235,0.0027175,0.0027235,256021.384,1783742399999
1783756800000,0.0027034,0.0027323,0.0027006,0.0027016,331403.156,1783771199999
1783771200000,0.0027059,0.002762,0.0027006,0.0027573,248195.349,1783785599999
1783785600000,0.0027668,0.0027819,0.0027668,0.002777,540712.667,1783799999999
1783800000000,0.0027764,0.0027958,0.0027764,0.0027798,45534.201,1783814399999
1783814400000,0.0027319,0.0027319,0.00273,0.00273,45983.348,1783828799999
1783828800000,0.0027245,0.0027394,0.0027209,0.0027394,240724.822,1783843199999
1783843200000,0.0027206,0.00275,0.002715,0.0027463,193586.707,1783857599999
1783886400000,0.0027596,0.0027596,0.0027596,0.0027596,2042.749,1783900799999
1783900800000,0.0027324,0.0027324,0.0027323,0.0027323,8084.0,1783915199999
1783915200000,0.0027324,0.0027324,0.0027323,0.0027323,324017.867,1783929599999
1783929600000,0.0027323,0.0027692,0.0027023,0.002742,4856398.69,1783943999999
1783972800000,0.0027117,0.0027255,0.0026901,0.0027255,21552.516,1783987199999
1784001600000,0.0026995,0.0026995,0.0026806,0.0026806,435769.126,1784015999999
1784016000000,0.0027106,0.0027112,0.0027106,0.0027112,85559.067,1784030399999
1784030400000,0.0027127,0.0027818,0.0027126,0.0027616,461229.293,1784044799999
1784044800000,0.0027583,0.0027681,0.0026806,0.0027504,1776074.649,1784059199999
1784059200000,0.0027228,0.0027228,0.0027206,0.0027206,14619.021,1784073599999
1784073600000,0.0027074,0.0027074,0.0027074,0.0027074,21692.998,1784087999999
1784102400000,0.0027424,0.0027424,0.0027021,0.0027021,7657.524,1784116799999
1784116800000,0.0027021,0.0027681,0.0026901,0.002739,643217.22,1784131199999
1784131200000,0.0027177,0.0027602,0.0027032,0.0027602,40124.369,1784145599999
1784145600000,0.0027007,0.0027181,0.0026806,0.0027181,840369.351,1784159999999
1784174400000,0.0027064,0.0027269,0.0027064,0.0027269,94446.498,1784188799999
1784188800000,0.0026959,0.0026959,0.0026959,0.0026959,222560.184,1784203199999
1784232000000,0.0026774,0.0026808,0.0026504,0.0026808,234381.529,1784246399999
1784246400000,0.0026511,0.0026517,0.00265,0.00265,365231.412,1784260799999
1784260800000,0.0026501,0.0026501,0.00265,0.00265,332507.153,1784275199999
1784275200000,0.0026896,0.0026897,0.0026896,0.0026897,226257.276,1784289599999
1784289600000,0.0026603,0.0026603,0.0026501,0.0026501,90129.892,1784303999999
1784347200000,0.0026555,0.0026964,0.002651,0.0026964,82375.378,1784361599999
1784361600000,0.0026521,0.0026521,0.00265,0.00265,202059.354,1784375999999
1784376000000,0.0026501,0.0026501,0.00265,0.00265,296083.164,1784390399999
1784419200000,0.0026501,0.0026501,0.0026501,0.0026501,38102.897,1784433599999
1784462400000,0.0026501,0.0026501,0.0026501,0.0026501,54744.732,1784476799999
1784476800000,0.0026936,0.0026971,0.0026492,0.0026492,460241.614,1784491199999
1784505600000,0.0026476,0.0026479,0.0026476,0.0026479,8084.0,1784519999999
1784534400000,0.002634,0.0026543,0.002634,0.0026423,302470.534,1784548799999
1784548800000,0.0026403,0.002673,0.0025826,0.0026524,595473.984,1784563199999
1784563200000,0.0026701,0.0026701,0.0026682,0.0026682,546615.562,1784577599999
1784577600000,0.0026742,0.0026742,0.0026735,0.0026736,60881.156,1784591999999
1784592000000,0.0026472,0.0026472,0.0026471,0.0026471,15110.447,1784606399999
1784606400000,0.0026864,0.0027144,0.0026787,0.0027144,130485.633,1784620799999
1784620800000,0.0026835,0.0026835,0.0026835,0.0026835,1870.692,1784635199999
1784635200000,0.0026768,0.002685,0.0026615,0.002685,32542.943,1784649599999
1784664000000,0.0027162,0.002717,0.0027162,0.002717,5000.0,1784678399999
1784692800000,0.002654,0.002654,0.002654,0.002654,2253.202,1784707199999
1784707200000,0.0026531,0.002665,0.0026472,0.0026472,335769.922,1784721599999
1784721600000,0.0026343,0.0026799,0.002634,0.0026799,76935.272,1784735999999
1784736000000,0.00268,0.00268,0.0026562,0.0026562,62270.315,1784750399999
1784750400000,0.0026726,0.002727,0.0026539,0.002727,355771.306,1784764799999
1784764800000,0.0027009,0.0027009,0.0027009,0.0027009,1858.64,1784779199999
1784779200000,0.0027243,0.0027249,0.0026812,0.0026812,92720.438,1784793599999
1784793600000,0.0026619,0.00268,0.0026619,0.0026798,25170.037,1784807999999
1784808000000,0.0026792,0.00268,0.0026229,0.00268,1257413.696,1784822399999
1784836800000,0.0026477,0.0026577,0.0026477,0.0026577,79588.483,1784851199999
1784851200000,0.0026578,0.002658,0.0026339,0.0026339,570834.664,1784865599999
1784865600000,0.002658,0.002658,0.0026209,0.002658,491990.598,1784879999999
1784894400000,0.0026316,0.002639,0.0026182,0.0026182,256609.714,1784908799999
1784908800000,0.0026181,0.0026246,0.0026181,0.0026191,27107.035,1784923199999
1784923200000,0.002613,0.0026266,0.0026,0.0026266,217516.142,1784937599999
1784952000000,0.0026365,0.0026365,0.0026365,0.0026365,3781.528,1784966399999
1784966400000,0.0026113,0.0026558,0.0026062,0.0026144,76765.389,1784980799999
1784995200000,0.0026597,0.0026629,0.0026597,0.0026629,39109.304,1785009599999
1785009600000,0.002673,0.002673,0.002673,0.002673,5000.0,1785023999999
1785038400000,0.0026258,0.0026564,0.0025801,0.0026348,983981.344,1785052799999
1785052800000,0.0026483,0.0026506,0.00256,0.0026506,132387.885,1785067199999
1785067200000,0.0026364,0.00285,0.00256,0.0026361,3578953.569,1785081599999
1785081600000,0.0026347,0.0026484,0.0026347,0.0026484,46327.656,1785095999999
1785096000000,0.0026287,0.0026729,0.002597,0.0026729,576941.186,1785110399999
1785139200000,0.0026715,0.0026729,0.0025948,0.0025948,450293.255,1785153599999
1785153600000,0.002603,0.0026457,0.00254,0.002587,619640.389,1785167999999
1785168000000,0.0025897,0.0026287,0.002574,0.0026099,778605.52,1785182399999
1785182400000,0.0026099,0.0026464,0.0026099,0.0026187,4406255.21,1785196799999
1785196800000,0.0026187,0.0026187,0.0025833,0.0025833,87785.826,1785211199999
1785211200000,0.002593,0.0026212,0.0025924,0.0025994,179161.128,1785225599999
1785240000000,0.0025705,0.0026043,0.0025166,0.0025166,331992.05,1785254399999
1785254400000,0.0025258,0.002549,0.0025,0.002549,259136.003,1785268799999
1785268800000,0.0025314,0.0025813,0.0025183,0.0025294,506236.911,1785283199999
1785283200000,0.0025183,0.0025933,0.0025183,0.0025492,379490.711,1785297599999
1785297600000,0.0025694,0.0026333,0.0025694,0.0026333,445948.72,1785311999999
1785312000000,0.0025994,0.0026026,0.0025891,0.0025924,42858.605,1785326399999
1785326400000,0.002588,0.002588,0.0025436,0.0025436,732337.938,1785340799999
1785340800000,0.0025436,0.0025436,0.0025,0.0025,417256.774,1785355199999
1785355200000,0.0025078,0.0025459,0.0025005,0.0025053,214897.355,1785369599999
1785369600000,0.0025024,0.0025232,0.0025,0.0025232,130052.854,1785383999999
1785384000000,0.0025,0.0025087,0.0024853,0.0025087,57966.575,1785398399999
1785398400000,0.0025376,0.0025376,0.0025376,0.0025376,1962.484,1785412799999
1785412800000,0.00255,0.00255,0.00255,0.00255,136941.951,1785427199999
1785427200000,0.0025555,0.002812,0.00248,0.002516,1.2744070801E7,1785441599999
1785441600000,0.0025035,0.0025035,0.0025,0.0025,913556.989,1785455999999
1785456000000,0.0025429,0.002543,0.0025,0.0025,396930.763,1785470399999
1785470400000,0.0025111,0.0025222,0.0025,0.0025,515378.935,1785484799999
1785484800000,0.0025,0.0025195,0.0025,0.0025195,190712.715,1785499199999
1785499200000,0.0025007,0.002615,0.00249,0.0025541,1283225.492,1785513599999
1785513600000,0.0025437,0.0025679,0.0025003,0.0025678,553177.277,1785527999999
1785528000000,0.0025364,0.0025457,0.0025002,0.0025002,198224.212,1785542399999
1785556800000,0.0025,0.0025301,0.0024942,0.0025301,48054.457,1785571199999
1785571200000,0.0024972,0.0025557,0.0024934,0.0025557,866349.421,1785585599999
1785585600000,0.0025025,0.0025275,0.0024931,0.0025197,161500.963,1785599999999
1785600000000,0.0025277,0.0025281,0.0024977,0.0025281,74816.784,1785614399999
1785614400000,0.0025281,0.0025285,0.0025281,0.0025285,13321.53,1785628799999
1785628800000,0.0025052,0.0025448,0.0024952,0.0025448,925920.288,1785643199999
1785643200000,0.0025557,0.0026071,0.0025548,0.0025792,566298.045,1785657599999
1785657600000,0.0025454,0.0025454,0.0025203,0.0025397,128527.029,1785671999999
1785672000000,0.0025271,0.0025321,0.002518,0.0025272,272122.565,1785686399999
1785686400000,0.0025277,0.0025305,0.0025,0.0025301,775376.999,1785700799999
1785700800000,0.0025287,0.0025287,0.0025287,0.0025287,11863.646,1785715199999
1785744000000,0.0025201,0.0025365,0.0024934,0.0024934,2230686.638,1785758399999
1785758400000,0.0025177,0.0025262,0.0025,0.0025262,263007.624,1785772799999
1785772800000,0.0025185,0.0025557,0.0025185,0.0025557,107521.359,1785787199999
1785787200000,0.0025165,0.0025526,0.0025001,0.0025526,49108.488,1785801599999
1785801600000,0.0025348,0.0025348,0.0025348,0.0025348,444347.785,1785815999999
1785816000000,0.0025348,0.0025348,0.0025348,0.0025348,145989.129,1785830399999
1785830400000,0.00252,0.00252,0.00252,0.00252,27849.451,1785844799999
1785844800000,0.0025243,0.0026072,0.0025242,0.0026072,919703.716,1785859199999
1785859200000,0.0025448,0.0025448,0.0025241,0.0025319,1036016.156,1785873599999
1785873600000,0.0025294,0.0025593,0.0025241,0.0025593,194819.183,1785887999999
1785902400000,0.0025755,0.0025755,0.0025755,0.0025755,130973.392,1785916799999
1785916800000,0.0025749,0.0025749,0.00252,0.0025561,49129.947,1785931199999
1785931200000,0.0025349,0.0026072,0.0025342,0.0025539,1576746.517,1785945599999
1785945600000,0.0025327,0.0025556,0.0025327,0.0025556,531972.657,1785959999999
1785960000000,0.0025556,0.0025811,0.0025438,0.0025438,740793.464,1785974399999
1785988800000,0.0025547,0.0025547,0.002531,0.0025341,29647.284,1786003199999
1786017600000,0.002531,0.0025734,0.0025307,0.0025734,78218.482,1786031999999
1786032000000,0.0025386,0.0025628,0.0025357,0.0025628,166865.311,1786046399999
1786046400000,0.0025626,0.0025626,0.0025308,0.0025308,16505.057,1786060799999
1786075200000,0.0025685,0.0025685,0.0025318,0.0025318,3877.782,1786089599999
1786089600000,0.0025267,0.0025267,0.0025267,0.0025267,1986.782,1786103999999
1786104000000,0.002534,0.002534,0.002534,0.002534,1981.058,1786118399999
1786118400000,0.0025296,0.0027639,0.0025183,0.0026363,4953649.849,1786132799999
1786132800000,0.0026094,0.003041,0.0026,0.0026399,1.7679186776E7,1786147199999
1786147200000,0.0026399,0.0026731,0.0025436,0.0026202,1051109.738,1786161599999
1786161600000,0.0026202,0.0026428,0.00253,0.0025693,1542226.091,1786175999999
1786176000000,0.0025514,0.0026202,0.0025514,0.0026201,1511505.098,1786190399999
1786190400000,0.0026202,0.0026202,0.0025602,0.0026,263983.393,1786204799999
1786204800000,0.00262,0.0026594,0.0025603,0.0026356,583055.242,1786219199999
1786219200000,0.0026127,0.0028196,0.0026037,0.0026037,457412.482,1786233599999
1786233600000,0.0026057,0.0026294,0.0026057,0.002627,112732.071,1786247999999
1786248000000,0.0026024,0.0026273,0.00258,0.0025987,821823.968,1786262399999
1786262400000,0.002586,0.0026016,0.0025602,0.0026016,226074.789,1786276799999
1786276800000,0.0025698,0.0025716,0.0025436,0.0025436,536237.832,1786291199999
1786291200000,0.0025506,0.0025506,0.0025309,0.002536,272981.537,1786305599999
1786320000000,0.0025721,0.0025722,0.0025721,0.0025722,40497.484,1786334399999
1786334400000,0.0025315,0.0025315,0.00253,0.00253,98296.651,1786348799999
1786348800000,0.0025629,0.0025629,0.00253,0.0025313,86191.965,1786363199999
1786363200000,0.0025312,0.0025312,0.0025312,0.0025312,14258.06,1786377599999
1786377600000,0.0025301,0.0025301,0.0025301,0.0025301,0.646,1786391999999
1786392000000,0.0025302,0.0026202,0.00252,0.0025622,2345042.243,1786406399999
1786406400000,0.0025382,0.0025382,0.0025259,0.0025259,182114.686,1786420799999
1786420800000,0.0025183,0.0025183,0.002515,0.002515,509214.344,1786435199999
1786435200000,0.0025151,0.0025457,0.0025001,0.0025383,1187702.519,1786449599999
1786464000000,0.0025322,0.0025594,0.0025321,0.0025321,384065.325,1786478399999
1786478400000,0.0025289,0.0025289,0.0025257,0.0025257,610551.096,1786492799999
1786492800000,0.0025445,0.0025445,0.0025445,0.0025445,1957.162,1786507199999
1786507200000,0.0025133,0.0025133,0.0025012,0.0025118,589280.791,1786521599999
